,voltmean,rotatemean,pressuremean,vibrationmean,voltsd,rotatesd,pressuresd,vibrationsd
2,1.8616687661781555,10.795524437600534,2.392741611495765,-0.4906312745099797,1.1227323563694043,-11.710654287300905,0.03980847659179432,-0.9534059419962757
3,-2.1800887441283407,-3.882070103042224,-0.3398553985990276,0.3035134894607694,-3.1192881159109493,12.998275256677594,1.0360227397776054,-0.07390484299004374
4,-0.36535730696502355,-1.5685045153391002,-3.1683285783471007,0.24725848073772738,2.5588528882089,-0.1577612235873005,-0.7245533043662711,0.5425137105731208
5,0.7208739491337894,1.0051791288685195,0.8492718664545578,-0.8216949756633198,-1.5496199696414816,-0.7614306565515676,-0.7574981165510817,-0.6343748519785333
6,-0.8455567287620909,1.6306780299622687,0.9128924569716901,0.7628545091481485,1.6426452185775702,-8.651069756210653,0.8721198583033694,0.04813615977175978
7,-0.9792229387693396,-10.030596910894758,-2.1120226277278107,-0.397106536647847,-1.7360480771762212,4.2303641668035326,0.9955995684614987,-0.11784015204254317
8,-0.15257995492305554,2.1171582198961687,1.9256348810664576,0.09679874395870058,-1.6032982673126988,14.994845155347647,-1.0290676304314665,-0.2558768112190579
9,3.4210459282827514,4.928157317247667,-0.19813256334558105,-0.9441429982686316,1.7996656026606583,-8.99024122120968,-0.4554617802884966,-0.1848074863154201
10,-1.723519423980946,-0.32216135149189995,-0.4726643460072637,0.9899686167548225,-2.3075640281542267,-1.0945236490504726,1.209432222464649,0.7934561084917844
11,1.6429519224003286,-4.884964227743069,-1.4357419623565022,-0.7584585250542872,3.2150895287921983,1.7822292339791943,-2.434552209543053,-0.02349781734666756
12,2.216027694416539,-3.0518091390220548,2.4924095162056403,-0.16819537571739573,0.1328982938812775,0.3801167059615693,1.4681763203466822,-0.6150945831188768
13,-2.379210058352214,11.474568426381325,-0.18877738994194715,0.4211639691247697,-0.9420800918806176,-1.6184786941768081,0.3308846059143544,1.3603961201544825
14,0.8190417006370865,-9.294859010887876,0.34873930700133826,-0.21821575994891163,-1.267074571302219,-0.8045449254364669,0.2576414650256691,-0.7078653253827136
15,0.7273901873618627,6.7384239432323625,0.20760016669441939,-0.11542683805156173,0.8499543322523202,0.5839044447712283,-0.8151088012428538,0.23447785461207804
16,-3.35427697008123,-2.9168423442296216,-0.8568353676557905,0.16346985389109392,3.0904301853989313,-10.529688209143721,0.5744105219874651,-0.10500020334309035
17,1.7268644681309127,2.319881834127159,0.9802890103689919,-0.19738994702434098,-1.3052714815199877,9.658505872395786,-0.42214767197534364,-0.3488257471950167
18,1.0460934769251082,-0.5569989240691484,-1.0894690651650478,0.33975802699769275,-1.22495468068613,0.12004457539444502,-1.6006647572566681,-0.09574514397992129
19,-2.0552313963558504,1.6580958837098478,-1.2720412832298535,0.3426430642048359,-0.14667225906553583,-4.036888455039431,3.598350084918934,0.5819246647939149
20,-0.8626307730158658,8.186679941432885,1.0070802042666003,0.3124941887183965,-0.3438942353290422,2.885476226510036,-0.43079750665430794,-0.2432608363959492
21,1.3200241616589778,-18.121606759176927,-0.027849745139477022,-0.5736245435859146,0.2857254701373897,-0.9615365017585233,-0.3069720856006448,-0.899975572346265
22,-0.3375952980000534,9.090459462244212,-1.6467686417514642,-0.56726889350292,1.6195091996180118,1.8524897102733853,-0.2386388097783989,0.8005424324688386
23,0.2633856199846605,-4.670841484560071,1.7587218946516998,1.2339147608329029,-1.3541276385410157,3.331391048567248,-0.9078145273269076,-0.385468667732221
24,2.4767851964745944,2.5238503181506076,1.534293340393873,-0.37741252188627783,-1.4211634339406558,2.46395128090057,1.4743762797877995,0.08016191203365519
25,-2.578562065719609,-8.255434490757352,-1.2354907089639084,0.4687758267258815,-0.5091356446210256,-4.744617462496606,-1.0632946601518167,0.30523854357756086
26,0.9638399551293446,17.46906584405906,0.6255816670188068,-0.9054118069233326,2.4168449820610842,11.347276103328447,0.5709209875926771,-0.040482142938455645
27,-0.9350330099714483,-2.043156290479317,0.6055519473801922,0.46628360908226085,1.4770769306031504,-11.037008975959424,-1.6383603709065628,-0.43824236975156206
28,-0.03717678511191025,-10.057923150773263,-1.7488937787420866,-0.01045366825046301,-1.8285716711144868,-1.6237186517949738,0.569218716981819,0.5050271094502632
29,3.87422186443402,1.3124152501878257,0.6430832063278729,-0.06824267622816649,1.5470019768762455,6.302584522477112,-0.1185570393248554,-0.07618943004456424
30,-3.4848138941279103,-1.9010544509273473,0.7127558939416332,0.8090429017258671,-1.405055490658155,-2.387221214100876,-1.0025374906620765,-0.530700116492071
31,1.3544806252859871,0.8185349591471436,0.36393819585296683,-0.7064934755034855,-0.5783457752213899,-2.068089197793043,1.3106373260999735,0.40955820037176505
32,-1.436449545539375,9.20246733977774,-2.038566211282074,0.17899649350250968,0.01842334917269639,-3.091052953840652,-0.12646784505045972,0.1676198221664551
33,-0.3080492065533349,1.2875249344945132,-0.40189693000846205,-0.5717346199511582,0.8335931714068288,-0.7570866232402196,1.0367302993892675,0.07654150983039365
34,0.9730998558951853,-15.916739911968989,-0.6138144833529253,0.21056291550421946,0.5834076746502461,-7.9882864702947955,-0.9550759843971655,0.0771569943983752
35,0.5939466564752252,6.963112416569629,1.958987905053874,0.07412248757275108,-3.011403330872273,10.669924670852666,0.21090928642646922,-0.31929303337937975
36,-2.3987710322568887,2.3181888921665177,-0.26227704902125026,-0.1772599322365167,4.149345870634164,0.278523885421059,-0.5810535451254424,0.2157896621987363
37,1.2769496328276944,8.938851376100956,0.4281881350554073,-0.49758049045244235,-2.6586181001062066,-6.001612997588772,-0.02925208830559356,0.3676578419852512
38,-0.5996482380448924,-3.828299824125679,-0.7930925153614652,0.5102034797619837,-1.269975057896925,0.8345279445019713,0.6650793099431453,-0.588737764132826
39,-2.1456864134516422,5.021439474752867,-0.25232534728341705,-0.05093822752864696,2.1734028558736114,3.1175314119000177,-0.4643075088234383,0.10136186210585496
40,2.3520653276993926,-14.622388040537487,-0.47903517526236783,-0.23027580657332436,-0.626942605679293,4.614799547477212,-0.5728867380025644,-0.17865763532116086
41,2.055547738464668,2.289327807741074,-0.5604695880712001,0.04170674738230673,0.15606506755079508,7.138551715969683,1.1854156520459274,0.9813958159811644
42,-2.796724991293246,-8.623277522293847,1.9459496354182022,0.0095217143773354,-2.031936988953314,0.4932444890568348,-0.6268133075106519,-0.9626396908922596
43,1.0688310911005487,7.496227243312944,-0.39591234963603483,-0.3933427773516911,2.015302876268237,-8.87812711554107,0.32006771490578867,0.3489760619219604
44,1.142667450650066,-4.3367436539603545,0.20872309880058992,-0.3789004029864813,-2.4013661537220177,-0.6422503676403721,0.0950326410482667,-0.3894989670081239
45,-4.265461918453781,-2.157032693070107,-1.1314408639370583,0.9562169196408519,-0.6633820610212666,-0.9647947535995272,-0.2287732527118127,0.08631622193813016
46,2.7110513042916295,-2.5586486781121494,1.7480396043141866,-0.2431925051069328,3.4515123532299317,12.835508631067114,0.7642258664101007,0.07370912469252477
47,1.6448928154045177,4.883643038126991,-0.305871179795858,0.5873518337173138,-1.3752882018305606,-15.165094625897652,-0.7988633517596826,0.42278441934745636
48,-0.8450968316057867,0.9687926808793463,0.4067125912127949,0.1122779628382986,0.8887644918122799,2.636027645183006,1.500746397548637,-0.2103490362696938
49,-1.205153741391939,3.4928769463397202,1.4665082342564943,-1.6251595232441503,-1.0080290064283304,-7.0573391319599565,-2.2003059084782706,0.2909321373563776
50,2.708224448132455,4.431690347794358,-1.60158320412188,1.0738072217171393,3.0124346844453154,6.522287645558563,1.0232498626509923,-0.3677813186961627
51,-1.3763356034383492,-10.953223891761638,0.05408117937804491,1.4008652795609393,-0.284260950425816,-3.7799797779141926,-0.22958399072299507,0.5084432534967362
52,0.6700656249750807,6.983463266391482,-1.6074152174213623,-1.0085409444316937,-1.805475295394782,3.3650464024742703,1.9426152265999441,-0.8648639651891461
53,0.8564151769602972,-2.9907278737087495,0.5814759512452099,0.051758261861863275,1.6506239871548676,1.538372930259655,-1.2640265878098624,0.17383905425340807
54,-1.850201532039506,6.406495161902569,-0.11221531086793846,-0.17434335036192294,0.6275193980038019,-10.712496651405829,-0.4157607004253041,0.291330953257928
55,0.1215619446016376,-7.179915324850015,0.3421717748331474,-0.7191106780679632,-2.297895920967008,0.9986636061778,-0.10837736084995697,-0.3092424259082067
56,-0.23926028620277862,9.069706991230078,-1.0683144247487206,-0.24953107741978187,0.35397481504724126,9.50889272515073,-0.7646559079753974,1.193963631887307
57,-0.3804090702634255,2.5389159479425985,0.1270378990059271,2.1213951501275616,0.40647548800133393,6.797495782023589,0.8673595067392927,-1.6687758363155645
58,-2.689174865528969,7.999763925449429,1.3060673132179517,-0.84745829097848,-1.3338049026309395,4.809232997584083,-0.34229793986995816,0.6353489318037377
59,2.5000667410359085,-0.8676521786385933,-2.1811669098110684,-0.1417598042151198,-0.2971886968658559,-3.534073746042843,0.1831994447652754,0.38037296512065577
60,2.274157561200809,-5.471037796705275,3.139502800128099,-0.6193169947029418,1.4233922885188193,-9.108381424561188,-1.2476692223296144,-0.14928448292521868
61,-3.1014520503957215,1.193817026778902,-0.06403953309985866,0.012883900387357983,-1.623554073877152,-4.052244589291092,0.5436226814929324,0.011624442080184316
62,2.1343864778334023,6.807155039981751,-1.2062999638869059,0.652988435558548,-2.087890838616632,-0.013299655987111692,0.21011838268062633,-0.28420017360864325
63,0.04069111236415779,-1.8809065377313345,-0.32776255247082986,0.17585499736004095,4.3247211700468,-1.8839998153649233,0.6480845122994925,-0.0553716673908351
64,2.5576883043074474,-10.783211975646395,0.9571937253156193,-0.11059871483492856,1.3339806588585823,4.599295297436669,-0.2993658077848149,-0.6177929513776297
65,-5.071345299748799,3.195066709485502,0.16460273579032503,0.13934136171501876,-1.3209463960839223,2.2296286581928157,-0.679890595994797,0.2610838658812247
66,2.933694721505873,-9.039435119909172,-1.5424007465906442,-1.28952672460386,-1.257279022575645,-3.2903601621973024,2.8932261837793067,0.7319676826585937
67,-1.3990608585349378,1.8761022931926163,1.0090027360847955,-1.2758247672724394,-0.3688954885057303,-6.691722552228576,-1.7189152714649616,-0.565831129498851
68,-0.632373126180795,-1.5812300999702416,-1.832785998934554,2.5480449318971523,0.3853356281190017,10.95444233236205,0.40800722279501045,0.2997362049011363
69,3.2680219731675777,8.147015087451564,-0.027704018339889558,-0.24250874519361787,0.49111186846570654,-4.639252072739652,-0.5073775967716827,-0.07777886730821493
70,-2.4496834917299566,-5.590468451679669,1.9616496772852798,-0.962752000638254,2.0376964137050546,4.8072381266957365,0.08515321129046427,0.06139868678591487
71,-0.04272799870304311,6.007305700697373,0.6767785104920421,0.2935797430254894,-2.5948717735546296,4.213742406649949,0.16179553550213832,-0.22449320148028207
72,-2.8600541687019927,-3.3895571755792844,-1.3467891243302859,0.03952254789655285,-1.3544308748363214,-7.9222507528946835,-0.22183878671751422,-0.2296890805732188
73,6.603551984078706,-19.40351920822792,-0.7160639628750971,-0.6708029408018561,0.7486667336988209,15.321664753168498,-0.4614977649630596,-0.02218685967127154
74,-2.8074820156040516,1.641963108332959,0.6385588631322037,1.6476358649127718,0.6112958495672309,1.528296265869443,-1.3469494514810556,0.4445197297861201
75,0.24267932576589146,7.906458015077078,1.6063182770852649,0.3222272464684295,0.5952673701789148,-14.247868138922222,2.394955387594454,-0.05227581635155065
76,-2.993676798599836,7.139652831573017,0.06304122265783008,-0.9052367356230846,0.4351021797748036,4.763430240960901,-1.6718747995183207,-0.22850137422457095
77,0.8661457615124846,-3.6124008290831853,0.17992858870114503,-0.46229202168656514,-1.2383193804647323,-4.489046732249889,0.15680310393244845,-0.1309651396423943
78,3.0545974589597336,-4.446876431188002,-2.3349613415774257,1.0430074803628102,-2.3859394185981575,-4.855677804830549,1.5202626373944277,1.0662307061625258
79,-1.240879010632284,-9.898574309022536,-0.819724396718243,-0.7782150951405669,3.300450533062415,-8.578247869600787,-1.3776944289863025,0.016162745623261365
80,-2.42176500668927,15.19082394865444,1.5879443603274552,0.0587354489694647,0.6159705944978029,15.148176503282897,1.0124535536732466,-0.9296272874830578
81,0.2674230908408788,4.764912048101678,0.17012319349503002,0.48134168204568084,-1.9289392196248016,-3.13190181879353,0.9837698849645271,0.221617407510438
82,-0.8549021586676417,5.581625808098067,0.8235179938631632,-0.7485510822940853,1.82743397042859,-5.748308200008331,-1.4522720813484398,0.1898128029210504
83,3.09230419783205,-7.767932365800505,-0.9040351988484474,0.21782828807187826,-0.2504549385242303,6.4969023249927815,-1.1844369042186802,-0.599465357147313
84,2.3765076107056586,-0.43346657038313197,0.4404415341821135,-0.011582167708176883,-0.535653777812616,-6.390189254104442,1.1625043917355846,0.6012998249059018
85,-3.6054511998090675,-7.777638734555467,-0.675652682563765,0.6798179915298732,0.5916133400023362,6.408931541918449,0.1085612739718691,-0.07194923888988125
86,1.3982896268101115,1.7894320758263689,0.7859412694020449,-1.4089285545238184,0.0984671673109414,2.009083101472605,-0.7292354163519956,-0.9469277350414043
87,-2.203099363393136,3.611436649519362,0.6831230034110405,0.6201931034451107,-1.5231345026804046,-1.3845025410352108,1.166561047535593,0.5113203363600722
88,4.893553197931936,8.454630964334854,-0.6049535249275522,0.10092133438133999,0.09548228392784175,-2.104137455589651,-1.3955883230815527,0.6741269347089709
89,-2.8832151918161344,8.207109461335506,-0.3236011647735211,0.48713329353276436,1.4401793503186227,12.470953538741306,-1.20932564768525,-0.06719554020282947
90,0.9745571149190084,-4.520446015248922,-0.6454746710708434,-0.35493192726815437,-2.863136766691671,-8.15537329808354,2.434417840994235,0.1963838364737267
91,-4.737373066921094,-0.36488750561045435,0.22255927994547164,0.05363484280857023,2.567064510896971,-1.7245357410938595,-0.5557572064748939,-0.424867724328708
92,1.1097965488781654,-3.8095268635195225,0.27457542436987126,-0.03204427966110046,-0.9127648600684282,-0.14029579009051218,0.928635078252432,-0.09966089297778069
93,0.857616001240757,13.704454942692848,0.08973218484773327,-0.5309737019509342,1.9005362328883653,-1.1917625239258314,-0.22179760034812812,0.12397487869056434
94,-0.9474752204702384,-2.124786011051299,-1.8445218815570286,1.2674441114045152,-2.305654336914886,-8.99667258198982,0.7615406879814186,0.062315198129809346
95,0.5229973582334821,2.5131343693634562,1.8396034786206172,-0.35610972860878576,2.0805062619402825,-6.099041501503102,-0.42663038083509797,0.47287486753405883
96,0.20438734060434172,-20.628192489257913,-0.6647533397255216,0.587503476265077,-2.901838204478178,20.392120294304952,-0.7650904191333279,-0.9129829111964227
97,0.008718806287504322,-4.172232566988612,0.5145231844031031,-0.8476255922747598,0.04192325997419388,-6.917472423910731,0.5192698397220354,0.5402995643535409
98,0.4445404511105835,8.374741059145379,-0.19453017087488433,-0.3006533157173763,2.0628764874041305,3.8897305647423224,-0.93119755439354,-0.4198982387452217
99,0.49918222969085946,-3.0552914110139113,-0.2041852572627647,-0.2850810920979967,-0.08647898516801078,2.41128199400422,0.9349624956480138,0.45406870127110643
100,1.3287575274986523,5.090127064416265,-0.07260278227198569,0.7431721989443218,-0.053728091508734366,-6.712267435795695,-1.1180892356737697,-0.2596916171840773
101,-2.0981725762204633,-12.559028004027425,1.3208188608668365,0.6482064943755788,-0.678320258041051,1.9113751704118656,0.6742662188764097,-0.08953047164381456
102,-0.28073438697319375,5.737248771325369,-0.5212364620398375,-1.5860105288021273,-0.059401054566279754,0.9493319994848477,-0.1934250215455915,0.3728024640536711
103,3.4462747893706194,-5.9860549863070105,-1.33301676308362,0.5458263113217967,-0.31857775500408714,2.612866704583716,-0.4795775881779125,-1.207367720336089
104,-2.729275246683727,12.732749385285672,1.3520344548563799,-0.7049022424576918,0.7200952109479068,-2.6754349394955454,0.7942896848824379,1.0186915842951887
105,4.01322950895937,-3.9566484490285347,-0.923720205106136,0.305529356512487,2.9676544961266416,2.3558823573818017,-0.8723804114921059,0.13284798737950965
106,-3.5148355502352047,-0.27304049082522397,-0.03775354287542143,0.6335506579299803,-3.032655261094888,-3.583595351630038,0.8148617842633428,-0.39826214268026394
107,1.5033886041896949,10.346005308300732,0.8198968771296649,0.026220425932059754,-0.6877855707058522,4.298065279431611,-0.5127670769078385,0.5555243908905103
108,-2.631942632233745,-5.6644006502331194,1.092591540616425,0.6237221832730455,1.4856221895591926,-0.5852106909401726,1.7529834457925357,0.9896670936765428
109,4.197836064191904,7.172750290278202,-2.6584428478616786,-1.8547620943466612,-2.1173811249089276,2.0600483944510515,-2.0041740535715533,-1.5106725790258375
110,-1.1893120249669096,-9.320107590856367,1.9513477762900209,1.9159856336798384,1.0469562083822197,-6.133556071766527,-0.045276280199070484,0.33067623821773307
111,-2.465607018629811,-0.9618307297870956,-1.5661401201447234,-0.9625503038571139,0.6188510533232563,-2.9398962607900643,0.13170378902689706,-0.1563251385446014
112,3.0739353806324345,6.899525105911664,0.4042464487475428,0.23833089252551076,0.7196975515804453,7.318977509048764,0.14846992023501926,0.0641095124325437
113,-4.198036141840646,1.3218842597271419,1.7392586774945755,-0.5303454635379126,-2.6276239170004274,-10.77922785763326,0.9402356872358251,-0.5205943172418515
114,2.34755621391173,-12.03694818419359,-0.6498445171843343,0.015018429506710618,1.18061494246475,10.906442424944998,-0.9849076769124991,0.7656183426138945
115,0.12895063953916974,-4.408230160714538,-0.3428833005459353,0.26763217741380885,0.4362404077268387,-5.4758582266303435,0.2138695238048296,-0.11918036577452185
116,-1.1345206172221367,0.42275237932648224,-2.5994804019080533,-0.7646999051667365,0.7134601950676291,3.8788268687144978,-1.0851215856833871,-1.8603400087924538
117,-1.443785496510685,-2.8710430684803896,0.8470195571859591,1.184889967739906,-1.3532818758668128,-9.895391554997936,1.8254776414203224,1.9312046963192664
118,3.0419128903581054,6.546049477495558,2.1214348063483612,-0.4823666610429882,0.39692025387499186,8.90102090805646,-0.4749694807095217,-0.11197393737248706
119,0.17068731848584662,8.331210131207627,-0.26516928789372685,0.6585959752091313,1.8560295662864057,0.8012944831604045,-0.33808571191093684,-0.036419625665794264
120,-4.972437252874698,-11.18184145997202,-1.187831796236594,0.010753580138484153,-2.2286817077506296,-10.889193579234203,0.8908103895213877,0.1698686731632728
121,3.7918268957688497,3.9009677298966494,-0.9621454641649194,-0.1423708162158519,1.300573492562604,8.172003450940778,-1.0364589324745523,-0.4130199260737637
122,0.35553507540487317,1.4188033904501367,1.777944798865562,1.1106531564479099,-0.7875010245599974,-2.2852999011232242,0.3735200068237621,-0.13155837146972882
123,-2.5295029185264752,6.341553790940054,-0.23685726167725818,-0.6194675401671645,0.33330960585013614,5.725835917347311,-0.1934798595221885,-0.6127082704008409
124,2.1820414277910345,0.43689750636661984,2.180367433134492,-0.6562573669502711,-1.0623596474999104,-2.4634130205987503,2.4118911718744567,0.8710066140097883
125,-0.4148812958207202,-1.492651892235699,-0.3112805471048148,-0.02367917707377387,1.320510883363612,-0.6602379240012155,-2.6980096624476015,-0.41539730841061573
126,-1.6685492629708278,0.7079038386406751,-0.13106267099728086,-0.038836597754844604,-0.486424265709271,1.1127579334973632,1.1977402329600224,-0.22020251619347597
127,2.1229986613946323,-3.43610950416803,-0.3402049435610621,0.06831462706860236,-1.5527786287456333,-6.010467788919371,-0.5272487028661725,0.8657346345456114
128,2.5813049279940117,3.2262548207005466,-0.4110937604257998,0.4492032332304632,2.3147732691176532,10.786903525745494,-1.0777246826496096,-0.6713685614794369
129,-3.1275943328354856,0.9388434200815254,1.3544951557412759,-1.461860330716668,-1.719450557105482,-3.566820608747072,0.8691661102159163,2.036017577315679
130,-0.13857864151475496,1.484677110342659,-1.9120001267431945,0.2050796643038737,1.029392262029253,-6.954382182101746,0.24630237434401892,-1.6648444344855196
131,2.1872700685432847,-5.9791163207127624,-0.9948260337461079,0.06214520701835369,0.214011035329559,7.401216513254859,0.471678059639574,-0.009811363149994534
132,0.8142364156020392,-7.101967889852119,-0.6034392044196295,0.41646519225328404,0.20092489630480692,-1.0304152018847574,-2.0324269531205275,0.00416301213238679
133,0.9993945003320164,4.529885272692354,1.5241814293632245,0.13401250265052056,0.4705102640603869,2.576909712817411,1.1318958629835585,-0.020780521704690358
134,-3.9935247276692962,3.577725615116549,-1.7612537246546793,-0.1854326926717178,-1.240289438857646,-6.486272641412285,-0.7042312667195691,0.20137463737039418
135,-2.226124665228838,-3.2126255197528053,0.9950730959029386,-0.0379392426147831,2.7499988190079687,1.032355113739989,0.626950550156737,-0.4466334034320134
136,2.3644189631704933,-7.25572598128133,0.2264615785534545,-0.5404908372617712,-2.2827528490750453,5.868857733559992,0.16129613791123631,-0.18459429075989497
137,-1.310668168193871,1.4884315200074525,-0.738492390775761,2.4362800252249173,-0.023244988211818196,-6.071640011720596,-0.9574340326097666,-0.20363312969372904
138,2.11478340223735,0.6047077939344376,1.6578604988423962,-1.6281276258407331,-0.8269005290190599,3.1540618966387797,1.043339208751405,0.3987494041138562
139,-2.7172750202825284,-2.9935153016982667,-0.4541276665514715,0.01871754714702689,1.3585462075140917,-4.146828317291671,-0.10029679421687288,0.2632227187698639
140,-0.20014110936577367,11.563552882340105,0.29589210490490814,-0.7171763845317471,-0.9874501948680958,2.859923456942333,0.44810582155857226,0.5371370122996164
141,0.6153994436005519,-9.606151584659358,-0.6343019343308214,0.13100796517650082,-1.0043068008204266,3.9883164171881447,0.3389253991558272,0.17728822882395745
142,2.9981601015041974,3.13821005255852,0.5699216558691944,0.6608588049238691,1.4826260915745664,-5.879952440295135,0.17749416938479534,-0.6164357878681557
143,1.7483551174389902,3.5411340694541877,0.8061923267202786,0.00755642362280895,-1.3276091647278818,2.704157433087481,-0.7073001954875036,-0.016257544051606843
144,-4.528874537331404,0.9660346222422618,0.022403292184066004,0.43884487412540096,-0.3572165702618868,-7.703363444970911,-0.1831152095210804,0.34741441237109605
145,4.375016930271613,2.9617985964900413,-0.684923689136042,-1.3675130940822982,1.949630800405215,9.92203457122396,-1.1224426405174501,-0.8615544974181875
146,-3.159828099118215,0.9464368109686347,-1.6064116612005392,1.5180855159850708,-0.3383135301394784,-3.332618408123821,1.9584064484502317,1.044362194877822
147,1.9251864029238845,-0.5846300681641878,2.2928574368161634,-0.4152527518883886,-1.6512563407347898,4.166568062322163,-1.3936906518459171,-0.5696491752957114
148,-0.4477335942161744,-3.0276619354306717,-2.0322143513216844,-0.48893113218241524,0.720726294759622,-4.527659250837267,1.319866819276971,0.45790543108200943
149,-0.9173195116167392,5.23123961607115,1.9705869349043041,0.4675521540404688,-0.5361214452536807,-7.348883588979163,-0.8229574684531347,-0.4983022087020137
150,-2.3562515908670605,-10.157905435989846,-1.5589800191396819,-0.450436855755342,2.1062595349829856,9.50427573544971,-0.2750667567213192,-0.17127563647984267
151,1.5725582744344138,5.046417396093659,-0.7536207841233136,0.4743570030153137,0.662773013923454,-0.7286989931232597,0.22843363020808738,0.5647797819047717
152,1.4486019085765065,5.735198824322424,-0.021884560299099576,-0.46511552227284625,-0.23259176324284248,3.6102842062215146,0.08818159431029748,-0.516601384846318
153,-0.2701498511264617,-15.72942217710181,0.7136472161002416,-0.05497335367394385,0.11926661381357206,0.48181545692283834,0.18255049552791114,0.2567828840443802
154,-0.08413341297796251,4.391361569790661,2.056164899943056,-0.309689212713117,-1.5342997135008858,-0.006578476274228251,-0.44971195789711693,-0.2872038473299332
155,-0.45841352499519417,12.112404221733016,-2.423838980798749,0.30370259066718575,0.7322599098184988,0.5764080842077064,0.7043883721244715,0.15240165258080918
156,-0.7726239814180929,-8.45337807065465,2.8621436454809412,0.32189873843762484,-0.5862842918280613,-5.851085571958485,-0.621979430417424,-0.3755823606474218
157,0.7466764692740071,0.018373948625765024,-1.7447747280404542,0.5267602021472584,1.351680862856547,2.244444035280516,0.30309554941007555,0.4338404650273846
158,1.5164586645379643,5.973022706570077,-0.4549164797706453,-1.1482719807233295,-1.6220760714703069,-2.9450579270841644,0.4731204795384052,0.02111578834318717
159,-2.0919874556077787,-4.96951662952614,1.5483067393288934,0.6594081368484197,-0.7012747850379206,1.8860499600469254,-0.3075233329199687,0.011637604103095
160,-1.0372781503898523,-3.8050403196485263,-0.6305011169354344,-0.4727250799354934,0.6585484418132523,-3.2005137337960434,-0.3703183295151238,-0.2972588067261972
161,-1.8061291968903959,10.88979862370877,-0.1983363505247837,0.4574967543751072,-1.7043133724819999,-1.7012496232463832,-0.11128959559727924,0.35674318154811235
162,3.2987146321747787,-4.842640350383817,-3.051948764773158,-0.5480840276248529,2.659345116092876,-1.5629262443923295,1.471917273141793,-0.3236839632424928
163,0.9247404555627838,-11.55520265681588,2.4028611076339956,0.4586990067713046,-0.10662628562419307,3.9292226349417163,-1.565936951937541,0.48275291823789246
164,-0.23837732267483602,17.09892398214953,0.1395175675339999,1.2755314509797913,-1.4550420013566505,8.416403302808234,0.2844821161456874,0.5276586589256764
165,-1.336131884493625,-10.996526004098257,-1.6474648622854744,-1.5805037922591225,-1.3748440476043822,-5.057750451607049,-0.012928362369626356,-1.1757463007927118
166,-0.5388205415465848,-3.1688056230003667,0.7964207988995469,0.5235396731298252,2.771442634226924,2.3389221409282825,0.09635453368788127,0.29254585438549263
167,2.685821103466367,3.0993834538417104,0.7408403447253136,-0.5985639297415801,-0.02708439010203101,-3.474099973110448,-0.16845557792977495,-0.3096746464809055
168,-1.4614200135824547,2.3810767464588594,-0.1183417615774971,0.7847774100200482,-0.2398881959525916,0.15904800804329255,0.09386797307437256,0.4768231054373979
169,2.901028954835283,-4.478930347985852,-0.8158267618642441,0.0294317073184871,1.924322959361163,-0.49918914245979096,0.24110312323509575,-0.3597586058709661
170,-1.8567965031653273,6.4413781623512705,1.846676057145885,-0.242195402832742,-2.3632440472053275,2.8192395223474804,-0.6922799160176982,0.4391808454977433
171,-1.5276091732231976,-1.3515333450695266,0.20811254223758624,-0.00761544536429426,0.3185999724099986,-6.374504761943172,1.1557303330568818,-0.44285158855715245
172,0.5295954464142767,-8.382553265749891,-2.326935498432846,-1.049467548893496,1.4009465699350727,-5.195700148761631,-0.7796562391860338,-0.9143871353432664
173,0.4901122644272391,11.819788287766869,2.3286592951988467,1.465397667611441,-1.329993360096168,6.67999956312994,0.30867523571309263,1.4502567760041911
174,1.3942403668743566,3.558326766853895,1.2026138191309883,-0.7306646398951102,-1.017945610041302,1.2648681205206387,-0.5901872737758005,-0.041974359482520374
175,-2.8072171359820004,-7.834666495454826,-3.4059924461573416,-0.020573913189487314,0.29481588788052804,3.9592316469508617,-0.25631830296049074,-0.2651516126337725
176,1.650156933029308,-5.515424857033338,3.110964965831556,0.004495601897488655,0.12019496741500824,-2.169951279336381,1.5072090698128644,0.02097552227904842
177,-3.6769027782725914,16.991197050045514,-0.4097578896981702,-0.009005034767177733,-0.7149239282946205,3.454288087187571,-1.390306267325684,0.22354476235698684
178,3.3995436999865944,-11.571197734488237,0.1578267240306701,0.18083108332911024,1.8732168111753804,-7.806725379054434,0.11589740160455086,-0.4995827939563413
179,-0.27531250234432036,1.4765454078591347,-1.261134902074886,0.040372310038556236,-1.8760312062984834,3.0086391058277258,-0.13105290980311501,0.8728127912761598
180,0.40673556527593746,-0.6283834661216474,0.03482009787911977,0.1896532448060242,-0.6739990678456671,2.4593911932859243,-0.34222363604434936,-0.09043658292974177
181,-1.8249975351357648,-9.827937256616792,0.4469237129458463,-1.2164173639624778,1.2879020843161069,6.193526255554346,1.7938055415513006,-0.43747222387838836
182,1.6392439754026498,-8.149515907417026,-2.5932058023938254,1.4475626258564915,1.9583883283204297,0.8112926917976182,-0.02887678361739976,-0.09395931607924624
183,0.9138892942534937,7.450187997052353,0.812584798291283,0.36777688814719767,-0.6747140787268613,-5.106559354336902,0.06033050467096146,0.8425479068570905
184,-1.867877966717856,8.551625884015095,0.5602363214929369,-1.3443346288021658,0.9687396395949506,-3.2981202125143767,-0.9716348611718768,-0.7083570037117086
185,3.0007012566045717,-15.740438014007566,1.046673457364946,0.2756436800815365,-1.9163607930589155,-10.243641720917402,0.4533393735976574,-0.007486279418443154
186,-3.345922073321532,7.438795508884823,-0.1211914138057466,-0.034817834050237195,-0.6027754482556276,6.178162865157681,0.6214277072884542,0.5238359141634827
187,0.7985096742989981,3.919751540502716,-0.6032446643807816,0.389533639602611,0.8038686688757029,-2.4923951770964266,-0.7873160644531527,-0.9781783441110754
188,0.6956348809089263,-0.5906877452922004,1.6241428945902072,-0.4745206363038008,1.208313121959117,0.1650322472788659,0.07938700209576588,0.03618401464024501
189,0.659917949598082,11.80393072629846,-3.7864649833716015,0.9106303752684042,-0.1565238104688902,7.774961433193155,-0.5596638415896269,0.09412979782217512
190,-3.569213290379878,3.792166490281602,3.7833252095817187,-0.8272500679548784,-0.26774358745616667,-4.738986262037237,-0.12328650047899714,0.24105886303218416
191,0.5177526061900437,-4.991879176253008,-1.0161803302843282,-1.45134631621913,-1.6518557646907386,-3.325934097839202,-0.25946770511783335,-0.5868038529775292
192,3.9714441667263998,-1.4630308891654522,-0.8143049612602056,2.133717017454053,0.6677653340743213,7.136553987218669,0.29675743881968586,0.8573940698943376
193,-1.2798595364147616,-3.3568762510985266,-0.37294499643694223,0.04299499475012425,1.1596616485991955,-2.212945255768993,0.11108206028453971,-0.18472037796969687
194,-1.535081568134558,0.044704222659333936,0.5698066729733569,-0.220929988728507,-0.903679901260503,2.7518166830273785,-0.7761910861238128,-0.4173926258939762
195,1.594605686053768,-0.6542541981768295,-0.6520657542549486,0.02178950986156991,0.6643281681541957,-2.478503596054054,1.741503323024972,1.2007186579363491
196,-1.52262734602661,5.7431047499429155,-0.49030589225554877,-0.34094839030965574,-1.566082100913551,0.6671659513609782,-1.7421221441690058,-0.8566571754415477
197,0.774430211474396,-2.600802383288851,1.2538142169240274,-0.028982541515141236,0.07476566159908415,-0.4983669605654413,0.92885181934302,0.6987252341466235
198,1.3734398009400763,3.3845005722133124,0.08801108621642584,-0.398448668849376,-0.8892816379872741,3.2281840807458195,-0.0676749687775402,-0.5520730625571444
199,-1.0892116297223993,8.167746386994509,2.461924157270488,1.569018442263662,1.7370503360245433,7.691405555564728,0.5737382807949061,-0.3272663322089846
200,-1.4818271203583038,-7.9404184640259245,-2.848777571712418,-1.1315650093146274,0.5080221388446073,-8.622375301847384,-0.42991787962219874,0.051238848339899334
201,-0.6194771159890706,9.274931245164112,-0.10848029270098891,0.13599491145183862,-1.9531049126104865,-3.0831699760025586,-0.14656556466326265,0.15682336788132645
202,3.7272421469697576,-4.465631945174266,-0.2932472219788309,-0.6520408933091204,2.684887482584614,-6.649381678181953,0.059452675740031324,-0.05848657020810055
203,-4.0653380545649895,-5.317948589327557,0.2782234380772195,0.5356662583834009,-1.354326797448694,5.187362004034036,-0.5573690895807175,-0.29854005487062363
204,2.399214832198055,-2.0184498426776827,2.1026058259303824,0.5481534975565552,0.28265937163198984,2.96022926680601,1.7815990497399774,0.5358033220221134
205,-0.04146031982472209,9.489770038395307,-1.5520686937326218,-0.35154749795452034,-0.48277567912356645,1.4353571024687497,-1.3893695924572746,-0.767251544354906
206,0.7229615663086975,-7.528458977701689,-1.0509568884371703,0.007628114697581623,0.3713482489194089,-3.0991413243997314,0.6422566182430014,0.6731237560487768
207,-1.125050401061742,-13.862108878443564,-0.39223779633806544,-0.17159615038426068,1.9014238244444908,4.887663096913336,-1.3257221602721607,-0.06891688326984546
208,0.49491824673967244,10.545250730161058,1.409938540038695,0.5672851074779928,-2.7215431593228487,-1.9246007405727283,1.4386076830076053,0.3301155589441338
209,-1.0141497529153014,1.6414743595476011,-0.697689788406862,-0.398218989847976,0.7001747652594954,3.2285947024719093,-0.08541197509996401,0.6430167088758614
210,-0.5451918182312738,-6.100555528024529,-0.07456503137935044,0.8056385637813079,-1.1175465868970562,-1.7948248108709564,0.8699896629109585,-1.4161875969061333
211,4.171623823945481,6.742597871485657,0.24459484592671288,-1.7951068811929929,1.871835550851495,-4.309287369038621,-1.176224875198642,0.5784878829749429
212,-3.4169219636718537,-0.810209791506793,-1.0268576278184156,1.4346849826462815,-0.4211772865198675,1.1139201273199717,-1.3333207856889988,0.5418943668711442
213,1.6556539104387866,-16.3132280105134,1.0442732382400806,0.5288910611489399,0.3628256120713349,2.639014515841069,2.365239166180965,0.19614412568470385
214,-3.306119623827982,6.631675355902416,0.6109138471689874,0.298700180458205,-0.47085826483808546,-1.2645083948130704,-1.1237156958726544,-0.999950077439113
215,-0.10305533301112746,13.12148977456917,-0.8373280587608178,-0.5441401514187305,-0.8063561924626921,-3.4211039519031132,-0.21591069083536318,0.2737087834265859
216,3.013963189089367,-1.6646162903925301,0.5497544489422239,-0.10233618030841285,0.08407884914799446,3.3236601753942807,-0.20814462204745432,0.22593203332838652
217,-0.5172161601028336,-17.9787468667418,0.4876169639342578,-0.15652737295430796,0.7869770263105202,-2.7477787838389673,0.1603518952905798,-1.039996127942982
218,-0.8929613250796251,15.00377180982872,0.6523259745556373,0.3944420333212193,0.5260986177089233,1.0399421401823403,-0.6268388822193156,0.5433166998728547
219,-0.9171275048106793,0.6397590202627157,0.6577639984861037,0.6089910490385648,-0.3533975696034055,7.8052697312546115,0.7443389377706797,-1.2932405287818254
220,0.24753781657005902,-5.769388341027025,-2.708749914764198,-0.9158811852233697,1.0183951826312487,-5.380304864489425,0.06330196052531711,0.6394783470233509
221,0.5932377756451785,13.377360559662009,3.770284351512828,-0.876579024168052,-1.964697436220927,-3.2101264628417994,-0.9214977323993008,0.3383357636782893
222,4.786736867741553,-6.188897418917804,-2.2251854302671745,0.625839428068133,2.6897706703524342,3.652120476796199,1.5214322421303859,-0.28481222893173896
223,-1.0997607050547629,-9.468679479043544,0.17143273447933893,-0.5498468515989998,-3.3043588497735747,-0.9648505280093786,-0.13876153728585017,0.5437807952784048
224,-1.59995804127189,6.1108736466601385,-1.3310980925333666,-0.493087564023476,1.7779787590271532,-1.120404418817877,-0.45779983752289155,-0.04692358773878702
225,-1.0787907263822376,6.726792786866042,1.0758978222076934,0.48392279490575163,-0.7686752298038115,-2.6633603314782874,-0.25366623401081156,0.18402341526950394
226,-2.204665578366189,-1.9402851387288251,-1.791358483482398,0.06641894770694279,0.8890164429815606,1.7951864621442084,0.28545580686481387,0.4072882599091212
227,2.662428639275504,-5.797698909610233,0.4619066449759117,0.10360357365500761,-2.027101251679632,-7.222040402179758,2.9764424270523815,0.09117145995747045
228,-0.06207650215273475,4.603369857910536,2.2988600512384636,-0.41416091472184036,-0.8934079322195458,3.67921344349071,-3.171736000681687,-0.8106925273059318
229,-2.666385690841963,-1.8617356461471672,-3.2416175906064524,-0.8298610997315663,3.093616477749027,9.817692184234716,-0.07750521034302338,1.0939831906318505
230,-0.26601064140857034,1.325850675988761,2.5043831094085647,-0.1801427917562961,-3.2383452780773094,-8.3152274014666,0.8636650466731393,-0.17696202999961663
231,0.9819270030025677,2.956163573192555,-2.1090761889985856,0.08890598718740961,3.4084255823722778,-2.1320522403159856,-0.6074425548175526,-0.0314928614768597
232,0.16895452409906397,-12.37306889571903,1.3025176998154109,0.14186472727410404,-2.700601263101772,11.23914224653204,0.4491689017412863,-0.17209017648225977
233,2.112725836713196,9.144473028593495,0.21769512631847476,0.25016086119936176,2.059973503012822,-8.04624195872892,0.2220616380003797,-0.6212861794030919
234,0.9938858925165164,-3.85429619363083,0.6370125890506984,-0.4092335758694503,-0.8976535724064139,4.667025586385876,-0.3980376405279422,-0.517928653265102
235,-2.648564153280063,4.189136203052669,0.06956339771632258,0.08641227927876827,-0.1297306272236014,-2.785584599851454,-2.774041634640856,-0.6236870854547654
236,1.407961862664365,-0.7675333235418975,-1.7662502522433385,-0.11162890766445344,0.6361270953547784,1.0908948672722687,2.450851350259274,0.4539254962968222
237,0.7900474986689687,-10.653588080068175,1.0206530371311686,1.1906827745184216,-0.8385405918163684,-2.9978809452071005,-0.23404248473874922,0.8584524997468734
238,-2.546647105264384,9.557681636124357,-0.9906640284327466,-0.27933509988838523,3.1908857657054686,-0.5652980913603614,-1.0152771043061328,-0.12723157651550032
239,2.262288561754332,-2.796492191886159,0.9331545672531973,0.14370920606010884,-3.708280911912574,3.5261779623317793,1.7036516169021034,0.18121963279101028
240,-3.056227374236528,4.0960754151206515,1.3063897169846257,0.34611923279864243,2.002306646550803,-5.412731789257499,1.6692668745400745,1.3714650633063705
241,-0.024409537293905714,4.2920238751395345,-1.3676568671925367,-0.334660655821736,-1.1492609452590976,12.444519750659921,-2.316445544903168,-1.346131098501179
242,1.5697943904674787,-7.090578576554208,-1.3183245685902136,-0.00440939033632759,-0.27348836388294195,-11.11457173596542,1.0231335217399913,-0.025904142279594033
243,-0.6033639902880168,-5.099999181868327,2.2556456964512392,-0.7203950776720376,1.8130676180172962,5.306650932879826,-0.007016543864924785,0.2714657720456044
244,1.7576138748479764,3.4926431407681093,0.8841049796750156,1.0407208408365065,0.2407583666510824,2.1568880003855,0.015489463641799261,0.15065991401730727
245,-2.4635920852416575,11.114067757716441,-1.7315439094601288,-0.3145805243129729,-2.130989741739606,-7.620543933719951,-0.8465389211726748,-0.3541229467739244
246,0.8843420578386656,-18.51379340849661,-0.2712409752012377,0.06092031234547335,-1.1034116955110136,10.608366133426493,-0.15502493167847042,-0.19887647293910415
247,1.1205076137618448,3.0692147296707617,2.0855205687850713,-0.12184694490515113,2.286538282507891,-1.8598720686988486,-0.401176500815156,0.39766780694248016
248,0.7503087385989602,2.3934976585071013,-2.5365806357049223,0.11182040154238848,-0.5765958244688836,-7.1367405186408135,-1.2294809131524147,-1.1407350454217449
249,-0.2146819142737968,-2.4537865590632464,0.05818930686741908,0.5227725293522454,0.051359830196746614,-6.452711827374259,2.542213797404994,1.4269276943835854
250,-0.10770680553193301,4.089175699877842,0.8785209773956808,0.17262676185400494,-0.2904459117410756,8.739533028728431,-1.6615786196212277,-0.2384178975427096
251,-0.5244035611190156,0.9611036024252826,-2.5336821446949784,0.06019891227121832,-0.4241343025539628,0.18582795054211942,0.41604143203267085,-0.5931280439920146
252,-3.1558531873911306,0.432580662201417,1.8691801997615727,-0.49222473920811183,0.4143107276868534,-4.593603431420583,0.14680943761744203,0.01059126077973449
253,2.692018162234689,-3.99574628651078,0.6270442851559608,0.0834331137335198,0.7950263645761044,0.94990703065438,0.5490263927532002,0.5525617106888907
254,2.210683969920609,15.80112033126818,0.8505085987291352,0.357604946381052,-0.9032509458107647,2.1464874563595373,0.408955308524682,-0.33448596233142514
255,-4.546150551984937,-2.824343089987167,-1.5379492616495867,0.31473371767671665,0.6982794000224395,-7.000507065385349,-0.41485092388075095,-0.30486591232395366
256,2.7091258374606184,-6.195631564525456,0.09754485274247315,-0.5200795840485384,-0.7422192542848602,18.143889759999304,-0.3749907772019867,0.060222044218972925
257,-0.8955457158718332,-6.39135209835041,0.5272683157076727,-0.2162599720596603,1.344431558499057,-10.113421713272189,0.4145641727326712,-0.04825152583643444
258,-0.33139014323410265,7.965832340759505,1.43953151127468,-0.6158238839327694,-0.7975381998980797,0.9665505482768992,-0.30226022289413734,0.16518597271688673
259,2.6325892399365785,-0.35999921608436125,-1.4013380187010824,0.975947224624484,0.8276164589203372,-1.0611888358679522,0.4811245180261352,0.09412045834271154
260,-0.11295258922578455,0.3699855427581724,-0.912627432061015,-0.3415937064371377,-1.492380211267724,-1.6899541643576512,-0.39568396048637133,0.15094837961126206
261,0.043310236675210945,-1.7893339821421819,0.8474413097858928,-0.4302557181322513,0.5691555076310184,5.364310210480468,0.5905734767764521,0.004433644593091479
262,-4.533099468430038,-7.087350981705697,-1.1400387499607234,0.5636391725280703,3.285194483735653,-5.508504113444957,-0.7453406072968765,0.6983399922986191
263,2.8658787976947053,2.384669611013692,1.6233414293003392,-0.7849120298833654,-2.435091709041931,3.040917202690288,0.2696272290267583,-0.8193212269068466
264,-0.9863242432786308,3.8079872865384345,-0.9523317382282102,0.04154662909011364,-0.5558915478933315,-12.070816132446772,0.8241267747053165,0.5230842785130925
265,1.9718548279629147,1.8028741698889235,0.992810455775583,-0.14345540939301316,-0.966790577731361,8.922180722342198,-1.5025829860307152,0.39289417140368066
266,-0.5684284687084187,-6.145338343051719,-0.7687152741627159,0.7043439617344589,0.7911055999053307,0.6116530764801738,0.7796303095889403,-0.876993990688347
267,-2.6932487086487242,6.266083616725666,0.33776229222176823,0.2707657109658257,-0.7138057345756579,-1.9969514827915091,-0.48714512352704453,0.21936902956930293
268,2.0366422149414802,-4.925766625478161,-0.88379060862394,0.5153543027623826,1.022389992058086,4.229294363470622,-0.3950975141424191,0.2583086485896411
269,-2.21981470467486,3.381272428721843,-0.13933801289245196,0.8915124313670475,-0.465673608312942,-6.396957738287419,1.4185604302133612,-0.05040446855977798
270,5.884751636368179,-3.786575998610317,0.5353964305967338,-0.7530550722959433,-0.3457883569103135,8.835176563632288,-0.8498442000682775,-0.2624197632897376
271,-2.4308211276375005,-1.8544875169440616,-0.17410634451439932,-0.034880928252107424,-1.278322914523324,6.101448835071977,-0.4499766104649279,-0.1017911693528255
272,-0.2569648117594454,5.373898803670841,-0.6464455865565668,0.2887900047807648,1.721328168842696,-7.784126932423092,1.384745941764045,-0.8870279032189714
273,-0.34655454330717816,-3.750179879856205,1.3661828763890327,0.057547736149921036,1.7428141042796987,-0.5041801491342355,-1.0718217979037288,-0.9298563611614048
274,-0.910031961521895,-0.2809212485678927,-1.560925178550761,0.5271478379722723,-0.989374221458279,-1.042023829679259,0.3088980979201992,1.7334667638949366
275,-1.4007566010492951,-1.2210243568452483,1.7084301425601467,-1.6358887861856886,0.8769192088107491,0.13490891538102545,0.08177455562648639,-0.051214635188185476
276,4.0332982529779144,1.9860216715210868,-1.8254212948540243,-0.3576692278465998,-1.0518040915780027,-3.1387931139291965,0.7958161116697351,0.1546328026580186
277,-0.27610974589839543,5.349527482658061,1.4450428466783194,-0.49951933076037847,-1.5599977130665366,8.384260438343723,-1.9807972787395283,-0.16704138085212872
278,-2.6770941451956674,0.23663600196778134,-0.5015965331782724,-0.11610952614809378,-0.3168583768261879,-6.873280657809893,2.1379009364906327,0.9312556289588736
279,1.2769695627230817,0.08800694518430419,0.06849382698464979,0.8137492418068106,1.9284249534376077,-7.870181429463436,-1.0925959439014985,-1.4561910244685041
280,-0.308388647305577,-10.042008993285208,1.7438804788009605,0.1693694385025566,-0.6213037435857789,10.896277167597994,-1.1167761779086174,0.5507938794789906
281,-2.0282510467560826,11.065267482639342,-1.2777818793374678,-0.722801149933737,0.4539006455854544,-1.0882199708635127,1.651969739254266,0.20009449594955342
282,2.933524367686573,1.8804204426505748,0.1823299293403977,-0.5637147404283809,0.843860249446756,-0.9869414530009664,-0.7408401148456107,-0.8720534510610349
283,1.687046638347482,-2.970079896543325,-0.03353791816881824,1.6607685523965117,-3.900530383610878,-2.0011167859699697,0.29798246181487364,1.4565110589136347
284,-5.103647821000351,-7.9841148481922914,1.1820885756154382,-0.6698841857256284,3.132201309584504,9.12581877268817,-1.2337360630428975,-0.3996108184615377
285,2.0390366680954912,-6.368469432547329,-0.7566461916622558,-0.709063813821281,-0.5007108912512059,-11.993134169614393,1.252300976207291,0.3699667981180115
286,1.4186333320394056,11.61043407741812,1.8607423969501298,0.19957496862779323,1.1216441100745609,3.866448571890821,-0.2840483681695156,-1.2218992198912284
287,-1.2689805760902573,7.714029220629243,-2.0662840501435653,-0.18631974854660882,-1.6419950899949196,4.061138924886762,2.1997468002665954,0.8020503061661088
288,-0.38972819095749855,-6.115974333005681,-0.6911797926744754,-0.039032732467497055,0.7446328092434378,-6.619129611533651,-0.3232840922243687,-0.5098982635136746
289,2.9051434078069462,-5.412458238319175,-0.28046712171151,0.658713782730544,-2.0688298457240553,1.9580803854916624,-1.49430697794015,0.31777083851759436
290,-4.023963012926146,0.4516015779473719,1.3279408351729813,-1.390355421637146,1.8645038967885519,2.496571764078965,-0.6575235751824877,0.3462755933831243
291,2.6367024034915687,2.541595091059719,-1.8324521927011403,-0.30995235593654513,0.2700067052978401,-0.6580320209677524,0.9855446806595634,-1.7978074952527257
292,-0.5574853376925262,7.037515707621139,0.9269133554465014,0.5483894118489161,-2.083366566969975,-8.4667600013304,-0.21968488297603095,0.6612178019139678
293,0.9628803071970538,-3.5923325008637903,0.4755126330428965,1.5456240471994818,4.220705781097314,4.231248085390007,-0.37728370107965503,0.46527764631990465
294,-4.278335644444098,-2.188845515301182,-2.406889084849155,-0.6585589761677113,-2.2948063001150256,5.037758253547345,-0.4631672304430978,0.28677537973700895
295,1.4234806187279787,-5.938528181033689,1.6247593179792261,0.9685042590630601,1.6316484355075254,-1.633989048454211,-0.445584777018043,0.5551551140106792
296,2.528412338230879,8.534268998470225,0.1440561611802167,-0.9483817079139527,-0.8848806526433908,-1.8939401915428142,0.4377338791653642,-0.6628129189565297
297,-2.4584747833112885,-0.9957761271218715,0.48174720339514465,0.6796655139609058,-0.5496932047966148,1.3529737492680667,0.8910673917710632,0.522588933893104
298,1.907502169051071,-1.9612016101833092,-1.3994712713765125,0.25845278336870336,-2.102057904677185,-3.23423986312935,-0.21695164016506574,-0.8098852786667141
299,-1.1178000314303347,-0.8970084120232968,1.6347837121209778,-0.6898290741626099,1.657364349619744,10.978473779114495,-0.5162309994554661,0.5071684299488739
300,1.1590373347392813,-7.207129706426883,-0.10809303995357311,0.4183507064873524,0.15561962322643907,-0.8333031580805113,0.24353042312780282,-0.28778229062180305
301,-1.474270949071098,3.5891491051493745,-0.8026486990171833,-0.42806926274374746,-1.909427443771266,-3.4960822261393503,0.20272547338193547,0.1254607818302329
302,1.8036876796049626,0.0027872634033201393,0.9979404374029315,0.2488477012098258,3.728361806905861,-3.2386849188728064,0.09418447821553677,0.05920240294403545
303,-0.3882350642468282,3.7340889124837418,-0.9988655472390775,-0.3602859819856121,-2.366670544232454,-0.4755917625181354,-0.5621946380659075,0.04857408392174989
304,-2.314823145010166,-6.413133020847113,0.6697221029117202,0.3981746568727189,-0.7210318884983717,3.7128733072980893,-0.71638003638384,0.03531649516844659
305,1.129241162233427,2.398700403182829,0.34125203414532734,-1.0311036588236107,0.42123813654906606,0.24002941182076398,1.1475300357558833,-0.30192563456082144
306,1.9666380369269802,4.933228425159541,-0.021425906034266973,1.387222010254618,2.3626151646149847,-2.0557329690405055,-0.3359790950928625,0.4384072824957066
307,-1.340566527134115,-5.0172383068214685,1.2184504091854649,-0.13521827955710108,-1.3818897170223838,5.604420211173384,2.538288535995237,-0.4534426155744944
308,-1.7786063907816754,8.711537877362844,-1.626115234620741,-0.5227635265347814,0.6093290213346343,-7.515197362193014,-2.0630933001481253,-0.01039867934251415
309,0.9150020506765486,1.187695520703528,-0.13840232534458607,0.46590451937994715,-1.5158017455247794,4.079152676984954,0.1205986444554128,0.3026665637688506
310,-0.09431661836967464,-1.0361083528657673,0.639008677761808,-0.09013598374385623,-1.8149518591373184,-1.0707550136406851,-0.010092194440222357,-0.18018392402582162
311,2.169316722861197,2.731287173972987,0.35039504532844035,-0.7183072474745344,1.4155535014306064,3.259277403263333,-0.2070406320756355,-0.4662547132245658
312,-0.44946204246090815,3.232275064197154,-1.007289094623843,-0.11083762252351903,1.1342972032171534,-1.2237983716073728,0.4731260574370939,0.6662225092886054
313,0.6832764255976826,-7.916723738124347,-1.430446347894744,0.9278011131466997,0.4956297005918948,-6.816579079018894,-0.29597739456031036,-0.30583266100541806
314,-3.122353733517201,-2.484272965721857,1.5416526901081227,-1.2339985988242788,-2.034481911353234,3.8072660933055005,0.3727434571350976,0.35112235398074
315,3.2440362748586438,0.5179559399463756,-0.6930410939245206,0.7668858125066365,2.3868820875893135,-1.8147231784860551,-1.8242379440627925,0.1390734111007026
316,-1.7356045746020925,6.237087340009737,-0.7072495844529243,-0.03126853625303738,0.9160758556550377,3.871737719660075,1.6744803785845992,0.10369885384595623
317,0.9114799889000267,-6.279309914037071,1.4372535222337177,-0.3405748901779475,-1.3149698734903144,-1.6182922033906166,-0.8166668526823706,-0.6676401172997357
318,-1.1716769529051305,8.208940718602832,-1.2374217395092302,0.3767814598239312,-0.052598422295371705,4.320497720710968,0.2997692892416115,0.399325674525568
319,-0.457268205531534,-15.788771993048556,0.4852447819063599,0.8187246773043881,-0.5565540201419488,-5.969336765748025,-0.6424851297814573,0.5811286133900229
320,-0.1680769614631572,0.9931072031180861,-1.2764279382516435,-1.1060686804996323,1.0313161232198844,-2.9596005135140473,1.922793101734941,-0.3118117004844523
321,2.7890076578432854,2.7689247091657876,2.374018690334097,0.16097759117117505,0.6997183582966073,6.003576472039406,-1.3113667680014895,-0.7705001684848121
322,0.0801222296477988,0.32063821935543046,0.702132147465278,1.1039299466587877,-1.3544599505589865,-1.9858027260860496,0.06973287168587383,0.207399278622443
323,-3.503718430975482,0.9489754137663908,-1.3945294615526933,-0.47252027432697474,-1.1593804659565592,-8.284651227112498,0.23762208415793218,-0.08696054647199336
324,3.2751992769759397,-0.31394454694270735,1.2503434187623412,0.09404028117871377,-0.4328556356127873,5.426336223496456,-0.5526811800501452,-0.17332549942935227
325,-2.149942691915669,3.168879256713865,-1.1050514895684103,-0.8312963965750555,2.8432088833426263,-1.3789816140444557,1.3704198788016093,0.5492455814965869
326,2.764386703603293,-12.867753394931015,1.2873890172018179,-0.1932064019594506,-0.9541742093147718,-4.401430852403749,-0.8400220350774461,0.023825917446113287
327,0.4995202801293601,9.690204128158257,-1.6498423248125675,-0.1133065574721428,0.1266619227491219,9.109492598412501,-0.03479186585349403,-0.9108151597483731
328,-0.6500373239376529,1.4423696022604418,2.5846636214290015,1.0594011615009435,-2.1240419883089654,2.5290517718394483,-2.4735323574286365,0.6277003001895975
329,-3.2170653984303783,3.2979607727408506,-1.231218210212134,-0.33309784952147936,1.0603389799202372,-4.756961418251109,2.2029584512288753,0.08612016117786059
330,2.6991600732698373,-1.1300170324340115,-3.1610668542303557,-0.6067170667381916,1.074977607312153,2.818820614626567,0.9334783997473242,-0.16509486134360163
331,-1.6657232132031083,3.6084656605298733,2.0520138972034516,-0.155235225576007,0.8764972012685721,4.542701988774198,-1.570030242495891,0.1794203054765604
332,-0.9968910273368294,0.2626761560578075,0.030063891698546286,0.25433848124426817,-1.7964096243250012,-0.7271095549130209,0.8442918687510996,0.5532181825343132
333,2.2324106437870057,-10.783366258225612,0.055444036905996086,0.7184400329603378,-0.6008321218424033,-5.143808547086941,-1.0696107958237757,-0.5685861613522527
334,-1.068940285692264,-0.044368024770676584,-2.876714557221149,0.6077353191683343,-0.5836481323927583,0.5491249164812189,1.366076151728203,-0.0641984818429524
335,-3.8719382614257256,5.687514234072637,4.146840889738513,-0.6830459304843899,3.3319494845127604,0.020723492327086035,0.6219871023309569,0.4606738112636073
336,1.5718843646925507,-0.9669900693435238,-1.3047897827602952,0.1424290807997437,-1.1042107066715179,-3.83914498812387,-0.6687088870518547,-0.7082390727178911
337,1.9371624417637463,0.45175332372696175,1.2811703227802695,-0.46373826162044196,-1.1479506751455588,2.4665748589166583,1.02178624784184,0.3620338313411251
338,-2.728321117393108,3.3650926068260674,-1.8449347239794207,-0.01081671591043687,1.3239104608200805,1.7879348425621089,-0.4140083046138745,0.07199357286285846
339,1.5434131099398485,-6.084406572728938,1.2945341104780397,0.0380468265412901,-1.4574409638241441,-7.685303349317209,-0.20585343678468426,0.017997131750589368
340,3.9242123273015466,-4.422312256937005,-1.1754498214563114,0.7774651146081908,1.8037342302331147,-2.754058110360276,-0.3728176746447325,-0.016102137954765006
341,-2.9737871089215844,12.36028403547789,1.0114773860376403,-0.5512352249812267,-1.5983451378081028,9.931267090474336,-0.44033981584323456,0.010564234010669082
342,0.3502319439294297,0.023428397973987103,0.22266957858563785,-0.3873968909131733,0.3927160852314202,-1.9284408566293152,-0.5033769793278093,0.048331999718823404
343,2.039521712109945,-0.2490977780915955,-1.7929668844125217,0.25236167968596135,-1.2809798140935094,18.225029792001976,0.23888003446890949,-0.36841481527888753
344,3.552837061645107,-3.501043852719647,1.9291243496486459,0.47920825389943644,4.033092875727657,-13.92677260599173,0.7548781373704632,0.23671674128843367
345,-3.7800393226165454,2.6687350821272275,-2.646507974574675,0.05317255160266399,-0.7516677010092003,-2.632168687830344,-1.7114982868494835,0.23978830583388433
346,1.6299919365075652,-5.528426722992435,4.002670623030639,0.009083092015089278,-4.199653521442297,-0.6846213136030244,0.032751226670193034,-0.09513615531579145
347,1.2413818622609085,13.168630052921458,-3.463990080401402,0.40022354134519134,0.06206892395530872,11.094180993534643,0.6124579191545241,-0.7237939399815021
348,-4.4095398561042884,-11.673312342016175,1.9171186687209598,-1.098109636976453,1.5558074769397727,-11.502754651422094,0.4345140589045826,0.6301974530258931
349,3.2510721713095734,-5.797162896580971,-1.2648488552478483,1.1916121913246656,-0.09843621265951619,4.0949054844560635,0.831610009016833,0.4622966445758969
350,-1.3214441668392283,5.600824270431644,1.1322248555296852,-1.1150320587660474,-0.6748829790867177,-4.517845493917918,-0.9291122560198328,-0.2466219452401548
351,-0.000675351429094917,0.5112056153396907,-0.10296689840009776,0.3438786881492888,-0.6066518437257056,-9.284431933425395,0.14117606805006488,-0.41703755791207886
352,-4.746497136657439,0.2743823932368059,-0.3697313486628673,-0.2538201040124193,1.1070887599024033,8.298867613085129,0.9368263570232074,0.18729308270436196
353,1.961566212868206,2.5594006152799125,-0.0618172007012987,-0.16044203863901174,-2.0553532105059737,6.388565840126496,-1.2637401607570151,-0.12382941076820586
354,1.3132036861473182,-0.022494757642334662,-0.6806668522839345,0.16907321025583855,2.4170505041201746,-4.425611350825832,0.9542077918481766,-0.23438277550555853
355,0.4406853047515824,-13.59092601680237,1.4420851303163857,-0.25377718836976726,3.1686359433084466,-11.720981970972431,-0.5985950301052156,0.5800719158219199
356,-0.08732790169892723,8.20341896344189,-0.252308139389001,0.4724379314918892,-2.549543482769497,15.40970533619629,0.6559343805974418,-0.9447823730497582
357,-2.7798662484560452,6.022191778783736,-0.7784037039759397,-1.0810020951490316,-1.1163974015823594,-1.2998962904203353,-0.9685281233529555,-0.10917897109073893
358,2.108997360523773,-0.47543585927951426,2.265486955926889,0.8467864535935874,1.3343230154593595,0.6067249250326583,0.5340973015199388,0.31304425171285377
359,-0.2360228458931033,-5.576084510715646,-2.3943247709666764,-0.5387649565425505,0.5775242992437768,-4.617180718701896,-0.415604481807609,0.5807570024024233
360,1.501877004286598,0.03796553799179492,-0.45559990398110983,0.30997613601675766,1.4394933202631872,1.6298206344153243,-1.0117017302031082,0.3841937537543534
361,-2.6111940908853057,-6.3718742279571075,0.47070062858620076,-0.563877749983952,-0.8765791509025789,-5.126684470924324,2.6804997214533888,0.4085441089028019
362,-1.1643627149393012,8.571454940304989,1.0644420595868667,0.6411849154776874,-0.8743280472164603,4.40192488547725,-1.9441844948022124,-0.5452136080883725
363,-1.0827305461681362,-2.719066102921431,-0.2854929911049595,-0.331655510697189,-0.9268054542789272,2.58668142559587,1.1323568260992118,-0.3334149856338131
364,-1.1108776263489801,-0.07548111043513472,-1.503735320036128,0.8320396258504132,2.499852013957806,-4.170014901777307,0.2287953374368037,0.30010426812383706
365,2.8293227343539513,-0.988218425438788,1.8202103778701542,-0.691079039876854,-1.6195847317431245,-2.684641238673784,-0.744362605658166,-0.3175732255448045
366,1.6636348366978666,1.8089398310847855,-1.1892736734367872,0.2933228609723244,-0.060777209158125345,-1.5874673766426,-0.10266424099365778,0.06145945853787982
367,-1.9120116849214526,-1.1001506751698003,0.7195391424318842,-0.21606804820067538,-0.18452138058151135,4.896721377133385,0.12674894808184156,0.0739258908131255
368,-0.8114582648938438,5.322372034536329,0.7206331440461469,-0.06836697826297922,-3.0089745482769032,7.688356057123599,-0.06901892089931039,-0.37509859607761964
369,1.1732227075553396,3.0049584006917485,0.41502210021843666,1.1723204936004166,2.410310432360692,-4.357376816004166,-0.06245339617830581,0.14130525533053628
370,2.5726426706901577,-6.7538572389198634,-0.7670486859616261,-0.11520177277232335,0.4605645744898794,-1.6089114285863744,0.7729180533119635,0.17927922850424594
371,-1.23644226642989,2.8539424641597293,-1.2571822128009273,-0.9417126114721057,-1.8052299169605242,2.4848987872498682,-0.585868092441256,0.28159444683473644
372,4.25258731669814,6.016990289653791,2.8378469526220016,-0.6111048708002471,0.9724431965460063,-2.404220336293392,-1.48260870189314,-0.42716483797593074
373,-3.7580699466743965,-1.046089548141481,-1.3591092830151439,1.1177740242529453,-0.20847059829790204,1.2069234913618985,1.260377854559259,0.08815516326487227
374,-1.510523493651334,-5.0207209543974045,-1.486027744253903,-0.45392856450619945,-1.028820740737661,-1.7589405331580679,0.09150649007062484,0.625553636517509
375,2.246497487007929,-2.453820235680041,1.0307722035552302,0.5535801618394629,0.7210564054817752,2.398298367225614,0.45976954362981814,-0.7960258500255337
376,0.1818967772913993,-8.549629724231409,-1.1577031306949124,-0.457877265995279,0.39137464650805853,3.9949722573427664,-0.1452336474844067,0.0526709558200249
377,0.6240635726965138,4.305607579897526,-0.9737411034170123,0.37440702286210836,-0.9078102133922386,-5.176851240568205,0.0196546078164328,-0.13523058911435548
378,-2.8010931591400094,-1.0862787862443497,1.0207713478413183,-1.109042521557157,1.1748070572572313,-1.8838887076805833,-0.6498421646941868,0.3043616462686547
379,0.3807967400866801,8.811806098485818,0.036114334219405464,1.295584327907548,1.0592043210839481,0.6450258689866359,0.5000484095363955,-0.5134499762018265
380,-1.352284039202715,-7.459625680830413,-0.3966103699242751,-0.4292036009787097,-1.6398086715083,5.646722734496059,-0.09807407755529418,-0.017709642800678438
381,1.6307250653201777,1.6569632944769523,0.9160619995476083,0.5490370966177949,4.740799745806896,-7.986935471985966,-0.4193431979564419,0.8941314320151541
382,-0.526164008880329,1.4366881940118787,-1.3003105153614314,-0.7401340208174858,-4.318476677099786,3.714284899018203,1.291722938298129,-1.251958140953028
383,-1.668719945866087,1.9203913727361623,1.6500249878003785,0.6428585354196699,1.2017419681963766,4.2052943684534085,-1.160065747009254,0.8932012140326355
384,2.4471116304630414,11.264165361651123,0.6323123521431029,-0.0023373222735685317,-0.07304317112246395,-4.080194831824286,1.0921453321708086,-0.1659813225504303
385,-1.1732140339520356,-7.9785745544984366,-0.4841088883025151,-0.8718776776372792,-0.7987057745823662,-1.5907023064572954,-1.1183988773342985,0.083102325365771
386,1.3552102200578986,7.05942823115555,-0.2197711600181691,0.31014197223083073,0.5892577421950271,7.162619613306262,0.3496966541532949,-0.7925711773137207
387,0.9045652023720834,-11.38963247480956,0.5843942289374127,0.7888984320456203,0.4862371937734764,-5.353954603259929,-0.291051597421621,1.4212394271929432
388,-1.3546064566569669,10.833332283119773,-1.8811579835303434,-0.4511930357986955,-0.021102055812109555,-2.9609434479225314,-0.05022183590176432,-0.5508423794503177
389,0.4937471648142946,-14.537565867069645,0.8218095517658099,-0.4288801560017035,-3.0144144594322544,10.134611113274254,0.03497984051851688,-0.18576684104762275
390,-0.8820887335633074,3.5905990517857163,1.6800111179965853,1.0201513211457112,2.758981280634348,-8.685190949914208,-0.40520839944399256,0.20767342392630717
391,2.7790412238231283,0.619119004477966,-1.6886397233203496,-0.7178210199088255,-2.060706645935717,-3.5110360837639263,0.5725601226014394,-0.03737060467140019
392,-2.4697319043608275,6.729316418643293,-0.27591377366134395,-0.038688866678064926,0.6912852207748479,4.602430616337017,-0.9722112490552863,-0.2149569758701917
393,1.5952799591314317,-1.198539485157255,0.4059888559385598,-0.4323925260420438,2.6743978953824374,1.653688425684237,0.8608176683520021,0.14737383550721983
394,-2.2826762483136065,-8.114345074466769,1.1630916923402594,0.5611400304655803,-1.878014021234268,-7.289541603398952,0.5980613767969194,-0.11907749877228735
395,1.7974348196972585,3.9520575292075364,-1.812856605688765,-0.8201602974237261,-0.03641159451886544,5.127780153708606,-0.17976742420203085,-0.31497593425284265
396,-0.4266150864900453,-9.400415020339608,1.347652206634237,1.2667732775831908,2.563787925358806,-1.8715118725335813,-0.06908493320159792,0.872140713730853
397,-0.6321194812121007,11.765587352714249,0.1278805338413065,-1.0032792997988267,-2.2175709288619103,-4.01581254350473,0.8392169918846841,-0.6696634325731505
398,2.414630882907886,-2.048004400914124,-0.02536325505475645,-0.25260869609549275,-0.1864536450007055,5.743954678179719,-0.19352891021230523,-0.0991027794168855
399,-1.2052835995109206,3.948939058056226,-0.5343007385139487,-0.21379091985122045,0.37723979445452294,-1.67322436223359,-0.9385729732385624,0.3946974278576221
400,-0.2989951275564522,-16.835456516502973,0.43044788672673917,1.2290139246857805,-0.3449441369127335,-1.6893825986589945,0.13121409778274007,0.1299480688247816
401,1.6967289423945147,10.780567720022418,1.1652126659651714,-0.6228349114179892,2.104161093835616,6.853154659543705,0.8724477839520226,0.09189252748924481
402,0.10467379765987062,0.7637245144269968,-1.4520090570095192,0.5995562631528344,-2.5592220157256893,-4.469520256008543,-1.026244344890797,-0.2060618094841189
403,-0.21791639831849352,8.473522306613802,1.0351691466572106,-0.09826807337019972,0.928276226024888,2.2622611972356736,-0.5833277678465638,0.1153747607033182
404,3.2198471496731145,-5.568824437408637,-0.5906180620910675,-1.0084875813595389,-1.126374635836214,-2.915026591621725,0.30958591923283585,-0.8549883091839989
405,-2.4605515310978205,-1.7183725876582798,-0.5645972645099562,0.5841677942313694,0.007701592569173243,-2.0548720659010797,0.30872167051935584,0.6723124877153985
406,-0.20913765255053818,7.834645897482972,0.7348480263282795,0.3407876053172316,1.7385782667390757,6.650040511273019,-0.8650716128396354,-0.10709939754217856
407,-0.3499306717788784,-7.599686061587704,0.2406172134455744,0.0021427109839535774,-0.6908816354384228,0.3683416350375026,0.6557170719078185,-0.1715501725542432
408,-1.4154629560906073,7.481696704539161,-0.5534758152626296,-1.2494431099878085,-1.1652113698104394,-6.925237328099016,0.5202492979252984,0.6925357486042412
409,0.47999265374537003,-5.8050560727630796,-1.3167269087505957,1.6180749431705692,-1.371757501819772,-1.8239375217300662,-1.503491439107293,-0.6078346770653638
410,-0.2968992738193492,-3.017815431000031,0.14249861601088298,-0.8098440568491512,1.5691549962742144,7.434646631533894,1.8718544979433362,0.2435846046895085
411,-3.842768892341752,-3.5815685260434407,-0.11558296153262404,0.26022278005032007,3.1946806431992556,-4.01598250893322,0.5262361070227648,-0.5629402169104467
412,0.23323170446857944,3.9007379478786106,0.2572142421087307,0.24388970664595888,-4.201514720129445,6.191279845867321,-0.98158069302516,0.6768627541118803
413,4.892820210891529,5.865015661882239,-0.5868251837439971,-0.3610063686572218,0.39486376075457486,-4.52374399125835,0.5928014687108325,0.030660641914590503
414,-2.768066301179715,-17.43791925776111,2.2116159618320665,0.24405582700737227,-0.06022484174769005,4.104448528505017,0.6148283156572232,-0.286897203943663
415,-0.9657636151497684,6.816814842801762,-1.6588090243391207,0.004611267576379419,-0.2763000834642124,-5.709634866450287,-0.5980021416545647,0.3245728980218221
416,3.143697062519209,4.723274247727659,0.730986084142117,0.29994168837136925,1.1341591275222669,0.8870558068896983,-0.8743977549088893,-1.0817408596482547
417,-5.165810190235277,-7.160093737643479,-0.4854807137656252,-0.7636833581601508,2.1407660005767415,1.5778938083543679,0.7531673485868531,0.5984611174462611
418,0.23114454770433213,9.297431867263754,1.187905520924346,-0.17189593646966728,0.16926361650708088,2.9657060313867945,-0.14185627576622473,0.6232587453533838
419,0.9310260649307622,-0.7134020970325423,0.302117269490239,0.7346454048777815,0.15847005389976232,0.3642914393321206,-0.8433712665216415,0.28036536835812775
420,0.09920214241023473,2.760349772872644,-0.038616193656878295,-0.5872063745135421,-1.2274844015856345,-5.617235351736539,0.16488659113694482,-0.2201370626880399
421,-1.3215608004192916,-1.680493873669036,0.17590057538416204,0.6590720511473265,-3.2888021653395967,4.097777054563053,-0.9989879362031857,-0.36609629826182655
422,1.5308825863008053,0.23801409862585388,-2.0085008827878568,-0.33101864580869744,0.45427864540832985,-2.2443552067034886,1.270071527639269,0.10146062663938782
423,1.0421961374662487,0.2281539283628149,1.9245541819503842,-0.43472808737930535,2.4010420803506243,-1.4862735071060698,-0.8732658203357033,-0.11609586527770599
424,-0.9856696463774597,-5.1538563766498555,-2.5266652437231443,-0.05822981099287006,-2.004568360089518,2.263287752555641,2.026450307231924,0.28600955527873584
425,3.884108620350503,6.666138611687131,3.2149319652104396,0.4912684372745346,1.3407735118121185,-0.2290508946307881,-1.943019141679219,-0.22534972507397466
426,-0.835213484754604,-3.9978383537008426,-2.418487300211808,0.7085475666000534,0.166930031068107,-2.9700789204692626,0.039788113987375695,-0.343546180738282
427,-0.12502915740438425,4.902081804139073,1.199111354459859,-1.6000335291394734,-0.11235195227740036,5.655706908037438,0.9348572983642001,-0.19996549027138766
428,1.390338500381148,-6.160509472774777,-0.05359226664508299,1.633687004589845,-0.4221948217190512,-4.26121502970058,-0.5872394065571864,0.46885863908308245
429,-2.997254533855255,-0.47154607554347194,0.0961381135064272,-0.9212335043569269,1.2741937682529052,-3.168428097769791,0.8012051780003677,-0.34685081802230666
430,-1.3888666762665025,7.405414814061714,-1.2587312526984107,-0.4716156952446795,0.005025374520958081,-2.4950101744344053,-1.2902397322094288,0.24400923714415867
431,2.213524327690834,-4.534097579602474,-1.593972060227287,1.4242834585328623,-1.4741733267333146,7.902701167978485,2.6458139494860244,0.029556713591077255
432,-0.19440780513278355,-6.505202865122044,3.0828401714966844,0.12990341636581348,0.48654947494352996,3.28472086050202,-2.5338187360046227,-0.208544180617511
433,-3.0962489530745927,4.5939042152634215,-1.8823560933190748,-0.27569015599098634,-0.14755507415125635,-9.129551989248384,0.922245764230615,0.17457670885518706
434,2.254766219155698,0.20738360516162402,0.5736014501642899,-0.9776162498184462,1.0517151481259432,2.582287104927026,0.17496101123713892,0.06931384238689642
435,1.023316092835529,-8.970456894972301,0.5112074074372117,0.3846471238160092,-0.4028121046934068,-4.679768228899533,-0.6642434183157562,0.4800038112261742
436,-2.536739500658115,6.138435644342451,-0.7113968559768722,-1.4538320050993079,-1.568447001180994,4.777886842603721,0.6639985972544817,0.017064853667794644
437,2.661346718540244,3.1779460978222573,-0.05626186694574642,1.2465850676965076,0.9105468398161598,2.2965797415205245,-0.4356508523019862,-0.3403576178845462
438,0.33357355792983867,-6.2787954482543,0.06822996722466712,0.7300559757664971,1.9214365271249907,-0.6696623141744169,0.0313349327185648,0.07325545337837092
439,-3.1314808000591086,6.60960304073933,1.9175066375537142,-0.5599377039960913,-1.7305175800745225,-2.7876971909423958,-0.9614349973385927,0.034414795297414535
440,2.55230770450666,-0.677761888627856,-0.8042623513224925,-0.44792739295386497,0.08154855360355207,1.962958479262408,1.0487576307733804,0.08016691777909113
441,1.0357832802453686,5.772523142737555,-0.15847918689370033,-0.8553645500725651,1.637040741514184,11.537814474903584,-0.009237988430959021,-0.19826153006164482
442,-2.207518077303007,-6.655558636592161,-0.24373706188562494,1.4105847825642144,-2.1638233145511503,-11.278934766517633,0.4238345231973266,-0.1329974838298016
443,3.691792300868059,-0.16503344545679965,-1.2494963605641658,0.07492452444793685,-0.1948037690991029,9.313019163649237,-0.6007994015649558,-0.43266140058630587
444,0.03847234737105509,3.6054897748039707,1.3956368739504939,0.19235594374735854,2.291953699061512,-5.697273469169303,0.012964776696202662,0.190555923724129
445,-2.589734902949914,2.731245927884345,0.03408247485278082,-0.36023683574076415,-1.4938413252094875,8.06010692894197,-0.5015700588457213,0.29181638905416474
446,1.812413082035249,-1.5766272714624279,0.5952919763466156,-0.257205468486994,-1.377714772525323,-11.73293110823765,1.152787448274065,-0.41368961668396587
447,1.6015128577084567,-4.47141789943521,-1.3451028738568453,-0.4840397834815917,0.9489281624557737,11.885971780177584,-0.8635034064044476,-0.1671487840544179
448,-4.682373737392055,1.3900980395330862,-0.12219264271112706,0.006541844383747275,0.47943414575677146,-10.383562945963412,1.7223186264049257,0.021820942146687727
449,1.9874874921178218,-3.078662122076537,0.7358396685853279,0.99620171692208,-1.5654484557987107,0.4184707464854398,-1.3218814068088962,0.08136574396089635
450,1.3352820261953866,1.8855556102915898,0.720309039088221,-1.1301761801425059,-0.7989558325182848,-0.9431277688938025,-0.28657947120433924,0.32571054501461916
451,-3.256877684882454,1.9618075222956577,0.7833025501888358,0.9412961451265573,3.171829367249382,-5.603666937836024,0.711894542482483,0.34819350572837227
452,-1.6022360093395775,2.978027273858004,-1.137564976771415,0.49825881757408297,-1.323162777930305,6.448711685434134,-0.6494131933966045,-0.2852833712170222
453,1.9413338865075787,-11.168350749121032,-1.011080137139956,-0.41389722526443506,1.82099170790978,-9.212051802313752,1.6617164734490277,-0.14190808996790238
454,0.3423395173491315,0.11575555880079946,0.5381489113477613,0.6621876804426279,-1.118820926819076,12.486324628929609,-1.5506809826986565,0.7069080405765362
455,-0.9879434625533747,4.797401695126325,1.3411794523919838,-0.712463282143041,-1.4010849972896384,-15.280063277896303,-0.0972694960543059,-0.3439114455808294
456,1.873857043263456,1.0652470363638713,-2.2440401873941056,0.40863063648870224,0.9936268550202492,10.93520168440405,0.5438666707877307,-0.22404004110714393
457,-1.0501117335981291,-0.688561889913899,-0.7833080691063969,0.231944889681877,-0.5064622381724977,-7.823903153732843,0.11304951107757688,-0.03009189994395456
458,1.3523213265654022,3.437179866499662,1.5750522168708017,0.06897903929451843,0.7849171801774713,14.494244164241302,-0.7737481432815887,-0.4998405774978423
459,-2.3250594971864302,-5.18360975697999,0.3528579124025413,-0.864731053603677,-0.5630874628010183,-7.084122142645448,0.8569555222886844,0.4991578893318067
460,1.7562817794337207,-0.6406521430581051,-0.47734829676188895,-0.25324631765303707,0.4190363530102754,-4.566326286143195,0.025162099636158786,-0.12054616824055309
461,-1.9617468178928164,8.340452946354901,-0.5755765485506714,0.9431814532150042,0.8059279851280294,6.699918519849298,-1.4835301453252345,0.5230185506191427
462,0.1940662501655197,-1.6103978348593841,0.38271721837021744,-1.2465773694962223,-1.4114822884902942,0.491287825897615,0.43877759567615193,-0.625870782465249
463,1.1460496343920568,-1.8216385053315776,-0.3115066858216693,0.7429501646275511,0.3520392904760925,-1.0880185216191833,0.07226331476315373,0.05325980979699274
464,2.169478805105882,7.899406246743695,3.652738826718675,-0.15913089504182665,3.9701766415684876,-2.963335471246644,0.11903513843878777,-0.32711328206803136
465,-1.6792935793400545,-12.474842216717434,-0.9728327294336481,-0.2913226957460111,-3.3419723402680663,3.398277975884959,-0.735206146711926,0.6512667761954898
466,-2.317075501964041,3.0464918462651553,-2.6686060360602255,-0.5017122537615606,-0.6713831126308811,-7.009526876853812,1.1876936111069814,0.4779835062178006
467,2.6420411710678025,4.848587722117713,-0.07952917886220234,0.8952755238219865,0.8753176783869456,4.969587368066186,-1.2616557784179658,-0.8607870772522808
468,0.8705429775725406,-9.19469602686138,0.48216987165699265,-0.47384748511988306,0.8771379401226493,0.9904156162573088,0.31864870707042403,0.5274799713738254
469,1.4312868528965623,-2.894624667627454,0.8124224409952774,-1.2384901434754028,-2.953346087368759,-3.361199351919467,0.1318549735129526,-0.41629080831028675
470,-4.454537745666158,2.1482855790088706,1.1171628077569835,1.5640575968588948,2.9170660752262485,5.7452911054669045,1.6516230264734206,0.2839543623230707
471,0.3237849425373156,5.188767561703173,-0.1864081253528127,0.08172640174247192,-0.5760287997716009,-2.439433815340095,-0.23963099490038609,-0.12323171866636518
472,-0.5333652935102577,-6.868895666734488,-2.8235926649817884,0.040779193915767564,-3.692217949283064,-2.808106456194295,-1.6664225849466767,0.026007393750591135
473,1.8654074329464834,3.9946697692740827,1.5659859888717733,-0.46355738605821273,3.7467626755666483,0.27301153951574264,1.8435271920585325,-0.14171854987847388
474,3.798457270683855,-1.3293053616744714,-0.8173221084181677,1.0839111507056032,2.04193687546662,-0.9354304132723641,-0.20463696527742847,0.0861263686878404
475,-1.5871326129183103,5.899123948362785,-0.3757893448687497,-0.38430269060126676,-3.460836098115456,3.4512671817027254,-0.7511699073322742,0.3774946743459071
476,-0.3046709948725379,1.4420017006992225,1.500137295169381,-0.26129889473899937,2.65642293237433,0.477662028316999,-0.09287051550241365,-0.4881911642305914
477,-1.7185862196255357,1.1271271597441341,-0.27515568602329665,0.27725916536090267,-1.9498092918819943,4.224748105348098,0.10118677681117383,-0.2664140065475271
478,1.9807857802815079,3.385175843897059,-1.209385408203289,-0.4797085266416161,-1.9306956104902468,-13.468848699505251,-1.058144953978836,0.2943562972100784
479,0.4278097152975704,-3.6313904865457403,-2.546377301909672,0.4571866471664734,0.24132180592345875,10.497854454814025,1.843224094591319,0.5031852198765248
480,-2.5091297687317535,8.77549581376536,4.171431804866856,0.07977710863666942,1.1835754622346926,6.11180162852029,-0.37795030976590915,-0.21684835033652394
481,1.7345319470513232,-10.436782703257222,-1.1229401481575536,-0.3194855664757057,-0.07932927241855126,-7.037634773128325,0.053963100988983825,-0.3046522871298776
482,-5.492858555460458,3.62706272769816,1.1301631387343747,-0.9133032504942591,1.3516334131356338,-2.58722651562573,-0.8451202330342902,0.45555986440770546
483,2.9339536373139765,-6.916313649531901,0.768755919464212,0.6292110775661186,0.2813840485089578,2.138355428066859,0.7855357897699662,-0.268595378138059
484,-1.5988583682558613,1.304348337352792,-1.881794793694823,0.3471424981280151,-4.636992799334342,-0.49494026731972696,-0.7217055756530488,-0.06244007983241495
485,2.996549859693971,-5.887464238474024,1.6508354499289908,0.50133231800271,4.006039956182141,0.8935461407472616,0.7718330810005156,0.07983944634417028
486,-0.7923087001713611,12.78778838283796,-1.529285620514088,-1.2273363363424536,-0.7499788466237174,-1.1170052074301609,-0.6406444037891834,0.40490498927881724
487,-0.84061911869901,-10.136917555706646,2.282618283151706,0.1899272532273244,0.11590934205992731,1.844220094494439,-2.309117302017702,-1.009096779230366
488,2.7125016572617255,-11.148088652123704,-3.5863329762653535,-0.053825494058941104,0.5147611864120538,-4.592257341969301,4.131456915819227,0.9810928166543853
489,-2.3138237283318404,9.7459293432766,1.3292114825254657,0.6898959724359202,-1.6375186316186685,4.377908403182566,-3.4685552706756795,-0.40553642330399864
490,2.159104811516329,-4.541182050331145,0.820254226810178,0.09142717380492371,-1.146406333831985,6.3354844020219545,1.8348634561517336,-0.054647664384300576
491,-3.747597409267172,3.0520948958938448,-1.2912114840719937,-0.5465599612663183,3.0057118136657426,-7.542479016780376,-0.19299102820520453,-0.05669831291324012
492,2.734141907824437,0.4239007138701254,2.371352902953973,-0.037965566573220144,-0.4619918608536384,-0.3307811954720137,1.3652779289610582,0.4420523552155453
493,-1.5624619977466523,-2.36859349544153,-3.109305091153061,0.568820902105692,-0.7720418024685589,9.980392985663357,-0.5165830971349639,0.03607384296568128
494,2.265363388851654,-5.584765889061259,2.0530541253499734,0.1981396626197096,0.45972294423382287,-15.608984278617093,-0.41545875645139496,-0.7641053534969631
495,-0.06495162096260287,3.086562468244381,0.2007419826074539,-0.6763663656009982,1.5623038069565638,3.058372120367892,-0.011865312215466162,0.49172166695165753
496,-2.594922540298086,8.240414081160054,0.4604492620344445,0.05963324206884835,-1.9842049024344472,2.2273828405866567,-1.9442460530154175,-0.6680264157341744
497,0.8459684262275005,2.2721858551391847,-1.2464707385584433,0.6547126912177035,-0.13268429172010876,7.854140707286007,1.5786768515943308,0.8367691571763798
498,1.089645699676936,5.799625961043148,0.48065802693821524,-0.5038616408902499,0.1997543385575984,-9.486615660710115,-0.017255747457246784,-0.5560764314637803
499,3.6602714995940175,-16.40238736561065,-0.3830534378725474,-0.3686177075647876,-0.24921655807862564,5.755390230415472,-0.22651893413364022,0.19961461465624097
500,-3.147205700344159,3.2719890318464877,-2.095131732815034,0.21267475976451067,0.8657358658767489,-4.487023779444435,0.3686341130926234,-0.25487627002360114
501,1.3684073760071271,2.952611984153066,2.4162018389710056,-0.4071033501316563,0.9394229278123358,-1.2031495951879805,-0.6108614402884331,-0.6202015718865836
502,-2.6401481970401903,2.3967221202627798,-0.7653978723325991,1.3809485487419764,-0.879282731814806,1.0709853599137062,0.3275290624691065,2.213982281996964
503,-0.4606480577261607,3.673571914150955,-0.6672261707924179,-1.3870192591761636,-1.6529553317049661,1.95609421757662,0.04081773082393525,-0.7959450675000723
504,3.401453535383297,-0.9468143036201582,1.4634454853123628,1.035812103053118,1.9623074798546245,-1.1080271995366715,0.4475334567455711,-0.373564018834581
505,-3.744939285691686,3.261756214028935,-0.6111738756514455,-1.2783682664424063,1.0646089238201224,-5.2351238487924405,-0.0472647724812294,-0.3533178423157297
506,1.958012244320912,-3.461843723332663,0.35808140927653653,0.5160424131630847,1.1521366907478505,6.601422966407206,0.5903032705780911,0.5290505566879773
507,-2.3863602125314003,18.286112276633276,0.363360843174803,0.5203126579790691,-3.507054308056178,3.020020360668184,-0.42178513612314816,-0.14336072233627029
508,0.21523178936084264,-12.53042910744523,-0.6239151975663191,-0.09025776785087913,1.596338516232958,-4.487575331277583,-0.006102999060527026,0.15660578790114865
509,-2.5568288752769206,8.065907191055999,1.3640603545108263,-0.12037510125972517,-0.7999627043921969,-8.81670022228456,0.9636183843257768,-0.3196522464401994
510,4.878108801613905,-1.318438757221088,-0.6912366612204011,-0.9531218487067434,0.5035306492479599,14.878234604082841,-1.1581948519540575,-1.1127280634633339
511,-0.300481754703128,5.039576130478565,-0.4403963100384374,1.327818240636475,0.2882088924887505,-7.1716848962798,-0.23693086498717442,1.2743773660608246
512,-3.873425526399757,-12.82552764226449,-0.791205063610775,-0.24164352396184086,-1.286886823802675,-2.1544956818955896,0.41306417116230243,0.6236481330732557
513,2.999861661221871,-4.078405399743872,1.4416643500966586,0.13124055312707128,0.244259894210753,5.142020998008512,-0.41541851513504113,-0.7624514375768063
514,-1.3238921664392649,0.2133618153458201,-0.3314494896367677,0.5067768426540695,-2.644194347253263,-3.206001838793185,0.29083411778636403,-0.31392849928282995
515,1.1808743681270926,-5.018066279519701,0.2602169209245915,-1.295868600162514,3.7299376928502888,0.46840717353958894,0.12253855461760033,0.24920721447922567
516,1.054689267595876,6.657809205628496,0.13119238976989323,0.98348341294394,-1.6255643955289045,-1.3738537542641112,-0.9735654708651662,0.0304404739351396
517,0.6788950174403965,5.010946390066238,-0.5479098268322957,-0.437856975542104,-0.3331416729702763,6.634386777066126,-0.37589761324233706,0.2574634030954446
518,-1.9711101580074626,-3.6163872971603723,-1.2142056165544517,0.23383237500939913,2.565360329540498,-8.420825793671696,1.6036491441039367,0.03970927044749217
519,-0.890614306256083,-8.9262200583035,1.3740323334159399,-0.34468591275668103,-1.875545168866413,1.1704429819778994,-0.8429488586147418,-0.8554019567367446
520,0.5605854622313018,6.732619244843079,0.16505573803318896,-1.2744562669728126,0.484876516053518,4.61131481099266,-0.2781118878087785,0.23186925671093217
521,0.637917489700726,4.035442559480771,-1.026578390841422,1.0210696902468044,0.22862891085346249,-1.6995001826305938,0.994795662163396,0.3139329717104289
522,0.9848217181694281,0.3346773677981787,-0.6195057477253698,-0.311076905073719,0.009754355052137953,2.810681768807136,-0.3372503736805239,-0.10158115016278835
523,-1.699102885528191,1.8055526660185137,-0.1253061720352946,1.3783048976734378,-0.7493373848536269,-4.141989717974845,-0.4273035759522159,0.12109513782903392
524,-0.01639660707854773,-5.7806693653208185,1.5715095496085496,-0.96424164904397,0.8403389123568399,-3.395957445223999,-0.42462121056227886,-0.036670242242689
525,2.341836190025788,-10.687769602464641,-1.7958748605920931,0.0819800619946136,0.7809274944723654,4.503282197850368,0.10737666604190199,-0.21930017541966418
526,-1.3700296447651112,5.844167522623138,1.6022763606206496,1.2025509638863525,-1.9013454847861038,-2.205079829574771,0.3123755342589245,1.6144564171524793
527,1.8541461210313912,2.357755548924331,0.7301189001926645,-0.8951201112650651,0.7550453869346772,2.1278425031788117,0.7750875138366693,-1.0744583806052797
528,0.20845711864248528,6.151382596396729,-0.8253448173645381,0.8940370288858546,0.2789934768743816,-3.540404816214263,0.19172455244594033,-0.942831220651394
529,0.37541573732536904,-5.604876205681762,-0.48941282838517,-0.6862173620833474,-0.9765572042990094,1.373583771807823,-0.4341636320245712,0.6067542235043817
530,-4.100858271273665,-8.798708107836148,0.9902935472224641,0.07220326994810478,0.8519614902731547,1.7531677915687993,0.4838388314816129,0.42483579067918953
531,2.126850845554088,10.626530010466013,-1.4921974355540755,-1.0147259683104508,-0.8829156705646373,11.298728072583017,-0.40076533296007355,-0.050885656021865344
532,-0.7924628413972243,5.432870282878753,0.7838785461962914,0.601209026952219,1.34555909079398,-9.827734197109145,0.4406521005277124,-0.6259184589684903
533,-0.9469951809872441,-2.8320560107323445,0.6980702778081849,-0.2762585703378022,1.268086950709904,-3.6286885780419595,-1.1881945551895736,0.5666071235577697
534,0.5333085293612498,-6.712076770658825,-0.18534616838134355,-1.065785780010863,-3.2349320544293967,3.217078231409758,0.49024683420528703,-1.3292604848891987
535,-0.4426329007513914,-1.669842357521702,-0.40178528654985257,1.1214501589924453,1.3017982624152697,5.0530093322841765,0.055828145184808164,0.7066677753512005
536,2.4664021321097778,3.8944554586956315,-0.9097884704307546,-0.2583056950947622,0.15926109961080748,-5.618912136351646,0.3448735294371996,0.6177629451852216
537,-2.7888793597482504,1.782398345685749,1.2626702059436496,0.31487452549406214,-0.34461302232228697,3.8284174664208024,-0.6704877567623342,-0.2703833943342975
538,3.3478311680459285,-2.3853115189064624,0.0822836595112193,0.38172864722623245,0.12635964322290683,-4.621973155136054,0.08242348821249834,-0.1554089994152461
539,-1.7716915494096952,-2.556676819047766,0.666618914221516,0.38374365314007264,0.10897755626263006,-3.617524993214211,-0.3923579993754629,0.029760375796526795
540,-0.25810210332198835,-3.6964348007368244,-2.0725646581807524,-0.6105986740634819,-0.4142915256097499,4.242373075696705,1.8310757560441964,0.40828345584045334
541,1.1091354716075443,4.03963688050402,0.740697218773235,-0.3329238686625544,-2.662946163594519,3.987639134489612,-1.3974803676275176,-0.27363630896612534
542,0.6670603079018917,5.168213789303593,-0.5547748206950445,0.5688259073186615,3.559617920949238,2.637315275074428,0.501995309957401,-0.02451581290919247
543,0.9278715620698392,-1.655393711354293,1.3301896525034778,0.595465490159583,0.19741245940319985,-8.981595584096347,0.1633301949761492,0.1982859249259148
544,-3.9590559206100124,-1.0026661143168099,0.7594475479401837,-0.18513485320338674,-1.981221031222713,4.767548811098266,-1.3022915515810816,-0.5139881225613099
545,2.720763041033848,-4.205059880431634,-0.5566025644017571,-1.2533854433775105,1.0432572531531203,-6.932582321408383,0.5403864955021227,0.6146851457362441
546,-1.3252231208385865,6.740818257427122,-1.0629507122171589,-0.11266142476989671,1.0324566970894438,3.816301159138092,-1.0130538411361858,-0.20069836456385293
547,0.6831195433148025,-5.428902862816983,-0.22720983810691564,0.19574067194358946,-1.2775212300010388,-3.075846473743894,1.7274902519795674,0.06525756422920193
548,0.6681953746890201,3.5867859929500128,0.8368904512350497,0.5518761356874506,-1.3907799432175878,2.628933846373819,-2.287713582147779,-0.32949887047827797
549,-1.4839281922492944,2.3350899111935632,-0.09675548551491886,0.3968800448038081,2.052561066257706,3.7287801659138466,1.8190476119930796,-0.16310888944487534
550,-3.2441364237190555,-3.4413051035259627,0.34346157150308443,-0.6844519923149903,1.864032797718071,-8.003703894817185,-0.7066544845431659,0.2465219070051492
551,0.18861605954805327,0.3581543644985459,-0.7200182680967657,0.27508936554747265,-4.105633704970488,11.68997723680097,-0.014395140301984632,0.3852943149831809
552,3.686782839945579,-2.5525815864524475,-0.5300183731110764,-1.0803382758576134,3.9836871182964977,-9.84718643043118,0.773388264256516,-0.10397696017637204
553,-1.019989437336136,4.473041215383432,1.0046563675174838,1.011017109144099,-1.6779967878326136,8.26886960371258,0.1590148474341655,0.37492542610767376
554,-1.951730821978714,-3.7522210279275328,0.024305908746839577,-0.1299287479821345,-0.3310851121634606,-3.3170747698740186,0.908422255621363,-0.6380829335972056
555,3.6888202435104063,0.5660437344978959,0.09272978554106714,0.12448451336857147,1.0990901554285557,0.46110267531579296,-1.8649341989407038,-0.010449041735135722
556,-1.9189386102368928,6.3480044498553525,1.323480232124794,0.07609369125653842,-0.39329542982135557,1.4538930726488317,1.2384565412609607,0.14620253610027056
557,-0.5990013272856345,-4.573321927608163,-2.204448709989535,-0.3273860206239334,-0.836807823543241,-7.195246213508668,-0.04210536854083635,0.07514595923184952
558,3.174918996449435,3.399137335782541,0.4273793518753024,-0.07093026038345585,0.17420240473244775,7.3041431094778275,-0.33263412407273485,0.07676194926495761
559,-1.2258511797780045,-4.648810464027292,-0.8936792584968174,-0.794775856588636,0.10449957089940831,-2.4234847707386464,-0.4104207034866576,-0.8491075667306207
560,-2.1272236590012312,2.355869002843292,1.3814071419805174,1.2844049993320752,-1.5735126554320562,0.4905918390144208,-0.09082106259867295,0.5264658606575399
561,3.24840114313173,3.671437437002851,-2.0488773782433896,0.013773955224486656,2.5860309336342695,0.6813799922648016,1.134316575331873,-0.15441897789120018
562,1.3354452217863866,-0.47376110405190275,1.2034164191422008,1.2896090423918665,-1.7698572514193227,-2.657514577164484,-1.8893774757045172,2.112198845389382
563,-2.4522949950967643,-0.08632966039300527,0.45966999774685746,-1.889170636650519,2.0341011983485444,5.955882592210806,1.1550723083947627,-0.9515719254621842
564,0.11417219702750003,-12.66791773190323,-0.9885472829068931,0.217836019607887,-2.076798559265015,-1.9827911576586743,-0.2163289079850621,-0.934907806166235
565,-0.4615583985248577,5.694818243671591,2.9231847536341604,0.897574646920539,0.629929858987623,-1.856861591741108,1.6340383186478586,0.4257130021402329
566,1.578674539104611,-4.3367002740315,-1.6450605783263086,-0.18622705313583765,0.002094076157160174,-2.357588452289747,-1.7259426293144173,-0.2628409841003734
567,-0.5512643856121144,16.848847035648646,-0.5590782896170055,-0.2859524532521931,0.3461979882438566,-1.1668551554141189,1.156700384000498,-0.16742217800208348
568,-0.5341475317553943,-13.89299247973696,1.1005478310945733,-0.2195275787745814,-1.1035263043563628,4.67992059424094,-0.474313531125631,0.20732374125497266
569,-2.6814294712051208,-6.090697435973254,-0.9490440143382273,-0.22891823827020374,0.5665438541829602,-6.325309237029337,0.34230076953121014,-0.017218169022140017
570,2.420959444558548,3.9735612948166477,-0.5612281142863935,-0.29592940543730606,1.7158640110450492,4.990686780128662,-0.4312448624510008,-1.1167397920779818
571,-0.8712277559275776,2.156632504347556,1.096670055240324,0.47665407756799283,-2.561390697864148,-7.974147555245864,0.466610303627629,0.5423907510617427
572,1.2797747362353675,10.05963925268452,-1.5985702752905695,0.021565685840684523,2.2169721468336228,4.577903515772931,-1.1759858942206822,0.4095801462390076
573,-0.05307772733411298,-2.405435357514648,0.14018961570850763,-0.4796275413168516,-0.3771853230357003,5.931824036777478,-0.9638036155379659,-0.3743948807897679
574,-0.312726686536422,-4.959420823972607,-0.11534881232317673,0.1375028953601074,-0.11109329657330491,-3.7280911628514204,1.5279786871339365,-0.012376728454112751
575,-0.43044263245897696,-1.9115722083819833,1.128278295467993,0.5079538065824778,-1.0721904205941968,0.5678854300291434,-0.7999099838220314,0.4340908156392427
576,-1.8995834039835984,9.417914122777518,-1.338397340840075,-0.3087397988315388,2.8926875490064266,-1.9429792785450886,-0.006291381984180333,-0.1717796983833546
577,0.7784142256205939,-0.3608161503864835,1.5389026178044531,0.640598618102878,-2.336121347245058,1.8958867141582942,-0.2499098729001119,-0.08746060896200447
578,-0.16052642003330675,-0.308159136016684,0.8064869568671753,-1.2683558718186418,0.1115766412175212,-1.689482725033443,1.3323575998246273,-0.2578175244141092
579,0.7673089115525329,-4.70744157274936,-1.0273897740881353,1.8109729419556615,-0.7047845694363986,-0.035541036766026934,-0.09045698997815954,0.43120591972335554
580,-0.37226515276591954,4.076877725567272,2.4887658595530837,-1.6369228687170079,-0.45287543191868096,2.851606938412985,0.29974305221564457,0.21788544461380166
581,0.855215151664396,-4.7608492803164495,-3.1231607618661457,0.4114181222744051,-0.17958022299557008,-4.789242667373742,-0.6993236951259245,0.3653238074341223
582,-0.06121286567469042,2.438369966790731,2.5324493562001464,0.42240355246487127,-0.02114524698752973,-0.06885906996900104,-0.05544586569742016,-0.41261527022281497
583,-0.8237425398438631,-9.212009424439714,-0.9252618326054574,0.2635480790548783,0.8626112716543002,-0.17582904919526499,0.1025856619349419,0.1470417070369221
584,3.2690223515490686,0.9222896830049763,-1.5498570221302543,0.37315553353000297,-1.8397283716220585,6.0779743690682935,-0.030435518157778674,-0.3085257115740543
585,-0.6953700104559744,4.500254484843936,1.955644077323342,-1.280682238171849,1.5089159580172993,-1.9690241254892555,-0.2474400822472962,0.11483281309936899
586,-2.5086262748800436,-1.4383579134704974,-1.5957940526075447,0.5854122176508838,-1.2082362609771273,-0.6333769133690481,0.8740226449025315,-0.12541225746755735
587,0.5395941663428232,2.3667152821412856,-0.2848847189389119,-0.6551405873200977,2.491208026730048,-0.5193665325279966,-1.479823341432473,0.301237075353602
588,1.020396665244789,-6.969053061637567,-1.3630954178114223,1.2424616455628836,-0.9217595365220017,-3.3951451301452167,0.1523405876333772,0.8125291471313707
589,0.5457941913619493,9.676870850057696,1.0643444912438014,-0.4567872634378958,0.5910331613240167,4.303365534507577,1.1993971672015693,-1.4257489498410276
590,-2.561113968465463,-4.07128122688556,-0.11147554666709425,-0.43438869580802475,0.2413494462347039,2.05936946679293,-0.5009099034148665,0.4177029523643192
591,3.66799090868966,1.9660489515852646,0.4370704386394806,-0.830644090770214,1.3340708176571798,-0.6866357585044085,-0.06309575545298252,0.14023372703572257
592,-2.3536661633810354,-2.354451945740209,2.33466850284519,0.09315521443465968,-1.4952145851533931,-2.5102564946237536,0.4758828895324516,0.27319568527921856
593,-0.694924198729467,0.9224273967369072,-1.371209029339866,1.6067673027173441,-0.3747543017858632,-0.6784057156461429,-0.7364499306676553,-0.33063114769155
594,2.3603792568642348,1.8901699350349759,-0.49888446645668694,-0.11098554265944216,0.15229082635250535,-1.5499919523493162,-0.3948825284455566,0.2105615742405922
595,-1.8096725461236645,-4.498190606257481,-0.18443761128065717,-0.3609778803789965,-0.5344128486081345,1.9363461288390411,1.109772682507442,-0.6859907445846138
596,-0.6372049891606366,3.6731883504307916,0.20862719290084897,-0.7364161658231865,0.21664394413221366,2.9363424266434777,-0.3395243617310868,-0.569906733958141
597,1.7516693694944934,-7.924743008424741,1.0424265497627658,0.6331990566538224,1.4332994412141087,-6.693935190381573,-0.6867470624118557,0.865317961960141
598,-1.8027610687009599,2.8009566083079562,-1.3755651972841463,-0.3015575117107048,-1.2939891088402486,11.404970854182906,0.13442394976964422,0.17394804456171364
599,-0.7659874708622283,11.255323319607328,-0.609690413977205,0.6842437910121006,-0.9257076191319076,-2.753838248854599,1.29052246573076,0.25214744028703695
600,2.224546745823062,-1.330838396132492,-0.9958528397868918,0.4978316221631758,0.472413087401403,-1.8105716131221001,-0.8666894388048156,-1.0140992656868937
601,-0.5937832717002038,-2.3281404383131985,0.9298029641861376,-1.254286777969007,0.5509482326039059,4.5874759736805615,-0.06627339369980412,1.088509464510972
602,0.3128638762387368,-4.8844716239217405,-0.6174519345953229,-0.09778776877995199,-0.09774584140438591,-6.306109978008905,1.100199367206086,-0.16429200126713095
603,-2.178950948073094,-2.0060024796126754,1.3249200345397583,0.0250777112375431,1.7212584956657206,2.6915257368742616,-1.5617860640998664,0.41632863043629253
604,0.8576437804569537,3.4347262022187124,-0.3698818241420412,0.7601617357896302,-0.7135270559592897,-1.58384838229739,0.7590136653296948,-0.48414428183545777
605,-0.49864422769041994,6.3482532252149895,0.41827597794751625,-0.4782532262306063,-2.5777051979269903,-0.37923368020420867,-0.18370682333288535,0.34792282041356515
606,2.607272137166518,-0.47151712879315255,1.3178905395222387,0.179727180682697,0.9709038370600531,-3.6353523054754433,1.2520844770228692,-0.582233004847061
607,-2.104351029641947,-3.7208463657414654,-1.5334662300968631,-0.23158869400828763,0.3585351962141594,3.179080882659534,-1.9140851642350878,0.21573460084133345
608,-0.4926216277693243,1.4308986516118125,0.8959336818100638,-0.7253295610268964,0.40303881311536927,0.13786168519396114,0.3912701871522213,-0.19405207747036002
609,0.6289052186344861,-10.492635353380138,-0.674528155080111,1.0938730849166305,0.41346194330040476,-2.436759619190852,-0.5449539984381513,-0.15661941652578282
610,0.44608511381019866,8.73682812666101,0.1709800078667172,-0.05358769357409443,-0.13869689935478746,1.2301089926261355,-0.21452213846933077,-0.07105520650639008
611,1.5256151351889855,0.5073141944122881,1.1227085851708551,-0.8090986258181161,-1.6635392132315445,0.04847213417745877,1.8973431064975763,0.2880572598213016
612,-0.14918108606110536,0.8744510668229282,-0.0024089323626270698,-0.4432139237518413,0.288370774273087,-2.0028353190576595,-1.0460923908481838,-0.03105219440942175
613,-0.2249725801509328,-2.7202149933837063,-0.5730291323330334,0.7990747687985902,1.0625006702645265,1.545665673336977,0.5816167124341778,-0.6017192853764364
614,-1.8579538093622432,6.888256079570908,-0.842804760800675,0.4396161959910998,1.6686799266214667,-0.46435924804504225,-1.3439553093117205,0.8769222275233357
615,1.6637249704553767,-6.323082585632733,2.676034807184408,0.39334705103382106,-2.158710806339622,1.8884572197257654,1.7040156502889072,-0.7916359723027302
616,2.6460441927234797,-8.649340394878323,-2.618465592246963,-0.020257553992372834,1.3036222173008145,2.5563738698934984,-0.6989825665787439,0.8669448727782818
617,-1.077674778289321,14.21989786262975,1.7654856521018587,-1.0583281422292146,-1.996286859949933,-5.405017241997157,0.5595369264445527,-0.5589205002283375
618,-2.737735439025329,-10.514378875382988,-0.35931465921562733,-0.02362322105440029,1.1506079676502807,6.281343542138252,0.0837998807319682,0.05525685606072983
619,4.270831298827005,13.718815372146537,-1.603947720944845,0.5986959304191615,1.7215243717264777,-2.930313074286971,-0.5864471805428781,-0.20094361837909602
620,-4.327315846803572,-11.069227983437713,-0.5257773748024448,1.1139923942712286,-0.32223546954509175,-0.9212114992962412,0.4300351517170764,0.2443917609802737
621,-0.36955237888585657,4.661587813573021,-0.053997252614436775,-1.315416284648002,-1.1975287314966874,1.4279140328110742,-0.17880388651344425,0.2413349289164266
622,1.5984664178447758,-10.549962141854223,1.6509261623683358,-0.533155174493892,-1.233736860816606,-4.994839980486006,-0.1333394867031341,0.10433044799913826
623,0.40547473862531547,2.868120378109438,-0.2958187528411287,-0.5098131329535533,0.5181233140725503,5.064275776473423,-0.0932364751755248,-0.10006448651714273
624,-5.708283393841697,5.892336825273844,0.20346761162163318,0.8129702603843683,1.7004573702246581,-6.318051194571041,0.21385848108587524,-0.3758584897926953
625,3.5863560977277587,-9.781939374279375,-1.7829360415308457,0.7685945591598511,0.1755198158210156,6.242892698194339,-0.7999515333825737,0.4808085588921509
626,-0.1913413270565627,15.173195696197865,1.0939603180290902,-0.6003582872719946,-2.360945382270451,-2.445389352367222,-0.7792168332974878,-0.08453487749682331
627,0.45144554738112674,-13.36819195971799,2.0506021190497847,0.667132145695227,-0.5402916265492941,-5.371843318368391,1.9784206992430118,-0.45085179612664295
628,0.3114784891599527,6.499355301691082,-1.288181362693905,-1.0811247325272717,0.3617562763520521,7.622843472959062,-1.0089877482110285,-0.09677123953234101
629,-0.9273991725110875,-3.9451245157927133,0.364857109697283,0.051782051247251104,0.9718374113694228,1.7885855663403447,0.4732134463501776,0.6753045923242862
630,1.4575654828488496,4.936502183682023,-1.886557087862954,0.9693766773959638,-0.7783072625686724,-2.7234731076862886,-0.3352074147304105,-0.6956942450717678
631,-0.18097706247081646,-6.3019485748829425,0.08581874971861225,-0.7039629133487537,0.8243551119264758,-6.455311391773385,-0.5255626367427659,0.33171498330321647
632,2.5270336784496124,7.168449096987331,0.43424264819769576,0.7638956825867993,0.7547034636197054,7.619035203327591,0.6659594837947758,0.11977479560310655
633,-0.5804646569589806,4.783609482211148,0.15734902022909125,-0.5546002320363357,-0.9552110929024096,3.082788090896379,0.010457467849342095,0.14232432831953812
634,-0.7944217930194668,-7.8606481134379464,0.8211481943017986,0.42723405548412785,0.9554890086798888,-3.5869969549953495,-0.44218683407019377,-0.28636438254685626
635,-3.745307487672136,1.4877647505362006,-1.7817903537915782,-0.7692500143089518,0.47947222293838543,-1.3548477488326043,-0.8317531319047848,0.3953091693668682
636,4.534681317051906,-1.014424610733272,1.3311883916527165,-0.10778230646944564,-0.3123536212367899,-0.06354698725115782,1.1758548573506484,-0.3518752932032294
637,-0.41716584097102327,2.0790336709426356,1.0944589487133811,0.7546319309780216,0.16606445143418114,-2.692244585517514,-0.31044288515286045,0.5169305251148089
638,-1.96010576968564,6.6181807169434705,-0.523663828184425,-0.413901684911977,-0.6587357176458362,9.605382096900023,0.648205533166184,-0.5209603451483007
639,-0.6665830074454391,-10.324211004989763,-1.2942742364392643,0.4983640599336354,-0.24490098907366686,1.0492042626942109,0.7144010224943314,0.03166390778746475
640,1.192164060767226,-2.035266491752111,0.11983049498687137,-1.5219164823207407,-1.5940246962692655,-6.48342922536817,-0.2538738541436878,-0.19386468874283214
641,-0.14979099296692766,-1.4632194820979407,-0.09990156805281458,0.8841742653846296,0.4450706553555719,3.647844350599179,-0.24144181187520886,-0.1140617205519927
642,1.3383786549393335,9.471914060258655,0.6539374742644242,-0.2535985220061292,2.100274060978979,-5.2909760488748105,-0.03872093371114005,0.16899531903493248
643,0.9848929633470789,-1.989879157235464,-0.8513192432400558,1.116482294621946,-3.302810260825167,3.5484727786182972,-0.10187372693390806,0.24851388922589024
644,-3.040184335867309,1.9767329143168695,1.5935364177892382,-0.5209665047382828,2.084022892786626,-2.5720834137247905,0.051409701261214025,-0.035115856770731035
645,0.8343617326945036,-5.931848992695336,-3.24700555001084,0.052670925642772204,-1.3570768454070823,-0.3688872611341054,-0.7808095775723576,-0.8887986856907983
646,1.3389373641580846,-10.320196928187272,1.5610245841732961,-0.12093752385724343,1.2645949394594673,-2.176531959982171,0.14186383794872448,1.068229914054835
647,-0.2694518382799629,13.418891763212628,-0.37490791052432826,-0.2742212390350929,-0.2832761614468122,1.298824605415163,-0.2952923808804595,-0.33459100387580243
648,-2.2903435484551835,1.697060231080627,2.105848333341811,1.271967280561654,1.9464703690453309,1.2412280666578042,-0.10617503115729399,0.6209857157500593
649,2.167933607462743,5.165800215266813,-0.10437323018477684,-1.6055188515270018,0.6847809584467974,-8.519447684696395,0.7318689548189603,-0.10064421971343895
650,-2.0200151004592897,-9.534673240769337,-1.0798071887151508,1.472143823212825,-4.243748885422725,7.765934138940743,-0.7568960535850682,0.9425591112965446
651,-0.7547145234521793,4.447256679405939,0.9731497765918533,-0.6720838887048117,2.270410718079102,2.2420137081157208,0.3719460747815946,-0.46892451655056977
652,3.7106586709488454,-8.535849672629752,-1.268474540648299,0.1350581187974882,0.45027426607303056,-3.007913979990313,-0.1826638173519557,-0.9698255631080741
653,0.4401872884849922,13.00915192376334,1.9480368352784296,0.014736210350477563,-0.43892569622734356,3.577589000651656,1.346109954549699,-2.5853966008959617e-05
654,-2.6979639195799052,-5.87955099257789,-1.5501799741790592,0.14550160428552772,0.511384196375186,-3.4467092102848014,-1.0580196224963512,0.6408053245696506
655,0.14732001466339284,4.983747697998297,3.103874481893854,1.055301874332784,-0.659014246816394,-3.4129104220257958,0.9175237463293691,-0.7679629960108469
656,2.3931219535418222,-3.348664959119901,-2.5624147398669663,-1.765292909380939,-1.6775397496698705,2.855627527731599,-0.6983343224163834,0.006498635835789912
657,-3.735805127978068,-3.336871315037115,-0.5209598409092706,0.6784207854178774,-0.30588037848611727,-0.1669841353954027,-0.09448887119345528,0.28445812247669533
658,2.1978686456503453,3.291071479214736,1.3472497549950049,-1.3855398213395134,2.473079682041609,2.8908176709329823,0.36918046922386694,-0.827356851879002
659,0.5458761274983601,-2.3513047255073616,-1.0906363291148153,0.7556093087251412,0.12702025972170006,-5.489171603303845,-0.4011933752343726,0.1951683098647763
660,-1.1473689354789656,1.6308640228743911,0.12205188594592187,0.22742280243046764,0.09442224993819792,3.1089167762471632,-0.29771297966656185,1.1895876373907264
661,-0.8106830793710742,-12.156715438083495,-0.11417129193058884,-0.778389132457292,-0.6371260539339758,-2.0051900388225548,0.31211584901489964,-0.17310892045657944
662,1.223746922016062,17.382582437102542,0.02851191925414298,0.02202733663066425,0.5421197427938864,5.390705059127242,0.22042224012014522,-0.7886131530292468
663,-0.6719917623950664,-1.3492098239055963,-1.5460539207577568,0.2261952708000763,-0.09783004263753625,2.6903171781702753,0.4503970541386817,0.6903465933304842
664,-0.6644035833901683,-7.76585141459617,0.9271260153453653,-0.3101297070811597,-0.19730874526647568,0.7480275917331127,-0.5317130560697763,-0.1115072086097948
665,0.5223456331508771,5.437783386223032,1.8612417515621047,1.0885827039075764,0.0650624175538379,3.272284272117865,-0.047158080386580536,-0.8055151254687818
666,1.1398809897611102,-1.5088921086641562,-3.321730345861738,-0.38510473732801387,-1.0230331609033687,-6.7410961592655525,0.08036137061305659,0.6542668201350228
667,-0.07650117901144426,-1.2236933961651744,1.876285534836171,0.33085941248035766,0.5997115342493036,-2.0416628560670276,0.5011949055333798,-0.1941298223856247
668,-0.7521259952143282,7.808273881262608,0.4081412671798006,-0.18617390190640037,-1.9744878216120831,1.1690519419490712,-0.389388065079169,-0.6116935197068569
669,0.2794265253959054,-4.879797117373585,-1.4412193904195618,-0.09811741401221497,1.347875035520337,-1.470947025491867,-0.918791843421884,0.9020292580980334
670,-2.879890356251991,-2.9685999360298183,2.1783039753906763,0.4443987123060751,2.3940636462086253,-2.4369055540475486,0.6712998361011628,-0.3533595568172183
671,4.656091615955972,-3.6865796992067885,0.4751206334103557,-0.7357853263349696,-1.3866575996020405,-1.4795396798207747,0.39399849522081176,-0.6283581858925835
672,0.2758019969327279,11.029790414061381,0.00867914970329764,0.5730781192096259,0.6270100936458416,1.173331172010279,0.10440977953950714,0.49380726509928863
673,-1.5983706643929168,-18.50711148288218,-1.3356156038305897,-0.26331361335783043,-0.9085816372465931,1.0919599566850025,0.21694559439742278,0.2560558375076729
674,-2.020586812429258,8.748111720640509,1.1149343457217356,-0.14594726460774865,0.4510274433423618,-1.3035388879336622,-1.5333863119891156,-0.032909707562637
675,-0.6815735699101708,-0.10318854966607205,-2.644351976216342,-0.7182552152272805,-0.936589728446048,3.195920895338368,1.4666308137247288,-0.17574694205013142
676,-0.4418895983760649,2.286715374401922,1.7161538827181033,1.0075161225662157,1.578450205926977,0.1788951111572672,-0.4382016614530304,0.3261029769028321
677,2.0747336420949694,3.8618275366831085,-0.1000580923108032,0.3027504637818623,-1.016330324169406,-2.700077876557799,-0.16949521529248024,-0.8011987936526994
678,3.712532007445418,-4.175162422554024,-1.1567696869119146,-0.1975117471648531,-0.3618143525361397,-0.16377970571647182,0.2801015254110766,0.6830297864962467
679,-5.099555405785509,1.6572928280260726,-1.0125169192903343,-0.6367844986466764,-0.6149827441874187,3.009456521568751,-1.7950175603364311,-0.02373190145867543
680,0.6452942894085254,-5.561036198685258,0.46578625673214447,0.5245405642681078,-0.6164940836204291,-4.312415325528889,0.8407480489493846,0.06349775012559844
681,-0.1932999780809439,9.216889128408411,1.7967747652059387,-1.207221438161909,0.3094974257602665,7.672785204214982,0.9316223597318931,0.274796346057391
682,1.9828653264042657,-2.300372509555473,-0.2744159691334147,1.5296025963723494,1.28260796356461,-2.6283568233672554,0.13478602920223715,-0.3135715650813502
683,2.350923663969837,-3.268893662092637,0.32432683383254357,-0.10736101035742251,0.07561740390040939,-0.22751216373885796,-0.6612792586638232,-0.10955642457699
684,-3.120255952888755,2.1589393596528907,-0.7966594351291434,-0.6426424944808389,-0.7763731266817615,-0.22778084832234669,0.8439353943938546,0.22589387847016118
685,0.09847873916567096,-3.344134180781225,1.8088002911871683,-0.22031210759714526,0.09430284786545329,-1.9027179229061915,-0.3910605290749931,0.5113908323621441
686,1.0140809787372689,3.8276161469714225,-0.5801049071903321,0.23286697408754264,-1.9058218704582526,4.15383196266248,0.1328012286404956,-0.8749909244339533
687,0.2741825618519158,1.0335494872191475,-0.4474936512561669,0.8349825035612994,2.9115015168334875,-2.4785326214742724,-0.25681003634868027,0.6544054404456281
688,-1.8045378954597595,-1.0761893284786765,0.8470642808906774,-0.2653547500851019,0.06595414680811018,0.5933439528475759,0.05975466459368839,-0.39628728510575595
689,2.694025850246476,3.295686662950345,-1.6850096593098272,0.4960602995202379,-0.5804788730840968,-11.755363317286978,-0.9733348817062328,-0.4659735431272525
690,-2.2550652427149203,-5.611081311981536,0.21895190881896553,-0.5856070783329486,1.3614348197301531,8.969746873051996,2.59630047199788,0.6613122471460011
691,-1.7408800257858275,-0.04466930014103809,2.9836168303488364,0.3093792344979249,-1.6113360105446812,3.0794056211816923,-1.351241553365595,0.17891847383384984
692,4.107534881788808,-9.322026707000589,-2.0618621098237355,-0.5930279612411553,-1.0498598800871033,-0.6695192299884738,-1.1187032296671813,0.26869865662183834
693,-2.9402248563702926,11.55011830189926,-1.42669553961656,0.6151544393875312,2.518167961598719,-0.37665228145780816,1.2422472856463855,-0.7265243978952709
694,-0.19192616946580188,5.990872962180845,0.32253945461555134,-0.49028702599861873,-1.713284902724105,4.273829514948979,-0.5537295197508403,0.3035706581296749
695,-0.2990454494018877,-7.916904201941179,-0.6042297310464733,0.2370475983776572,0.1829890883926133,0.8557188297639016,1.2203877465395774,-0.4262522808582885
696,0.03868109802795061,-0.0169299774700562,1.0598910179083134,-0.5195706616264246,0.36119918432300047,-4.434721110601338,-1.471292503335114,0.4128064509046423
697,0.9563740881463616,-3.099124090482121,0.3377142942834581,0.32474941343554775,0.6561682559909165,-1.0326827389855353,1.2973793870470551,0.029065127708268967
698,0.6839766428910536,-4.459403574535543,-1.0432014463098085,-0.5562940699524788,-1.9627338734103752,5.155150149010268,-2.172657616391879,-0.05316645935215014
699,-2.073132502616801,12.228054694309321,-1.1149450017948936,-0.17507215665696663,2.756514451421511,-4.648358366790802,-0.22053460182690365,-0.44629204553599067
700,2.506429457858303,-0.5554599145407337,2.0347016892003893,1.0966062755986385,0.592621852853398,-2.024269507384666,1.326200179247559,-0.2193606171276663
701,2.300242400649722,-2.060815930890442,1.455274117374998,-0.025748595796819984,-0.2832677141802442,1.7574073334761948,0.29476752565109265,0.25882793467080223
702,-4.64095477899383,-12.378471789857429,-1.5160083678715779,-0.07375051751044026,-1.7683741243010491,-5.27317899237044,-0.33554875106296045,0.24387897488085386
703,2.4260363429856113,1.647809958960238,1.2599655201521784,-0.7252579553167848,-0.24976060166455127,1.1418444945857757,-1.6881974622681728,0.7951849137781943
704,1.8169629406117167,12.36063850632462,-2.3232727543273057,0.8974844684920171,-0.004513775751608051,5.588756126014708,2.779617811758172,-0.9664148192885431
705,-1.9020027251614522,-3.101834681959133,-0.4669683599838379,-0.36491528234276416,0.004017059748171903,-1.024829794594936,-2.0009121559408154,0.02554487719317855
706,1.5714952527283685,4.236542490711656,1.4405229662552301,0.29404930284397324,0.4599536921826548,-6.659147723620194,2.491125172896206,-0.13740013964264008
707,1.128461294608229,-4.6986323322656744,-1.185494579534975,-0.009174677401311726,-2.4330716291252763,1.0397937296729935,-0.744232798487614,0.2013102490530807
708,-3.9575087285447523,4.236175241054923,0.40811635811644464,-0.22191281125472528,1.9702881420926825,10.129933020901888,-1.0351364850479214,0.006982159911617103
709,-1.834735895701101,-0.8754415368471768,-1.092065089041924,-0.2862241602700024,-1.126668012458655,-2.461596875695193,0.4014466885562733,-0.3145081881199321
710,3.344903099829338,-4.121690611531733,1.7621868893908612,-0.3895195471039159,1.5115517191443555,5.179483108273544,-0.10762194075214637,0.6149511331285673
711,-0.9881098520144747,-1.1253064575519716,-0.024645478635719087,0.8658820052691638,0.10864013320545673,-5.987136792652947,0.2542073768061961,-1.1250794027587085
712,-4.050573817059927,-6.48018382904462,-0.26923959840048894,-0.47811167562682044,3.9331711423109184,-3.347963270559738,-0.6508954443188237,1.2055229528170095
713,2.560140066521086,16.55055593645386,0.42242064601296647,0.354848600198892,-4.2632446702915185,7.998216376896167,0.35047935222110915,-0.386669220359511
714,-0.9040985149211735,-12.135611127196626,1.230208644603934,-0.5108538518329127,-0.9459083780185154,-3.1825930648476657,-0.8553385508567057,0.1347859223914738
715,-0.252839718842921,-0.6845568433018343,1.0336365557925404,-0.21192607887603288,-0.07168140642888332,-1.7428616263409609,1.8861789357461447,0.2617635986955631
716,1.1462132307629531,-3.133381399144355,-3.684649599436483,-0.22465279797395965,-0.0271402000354648,-4.752300918991942,0.04674243816581125,-0.20376370895008966
717,1.489487905870817,3.0846607500309915,2.2885272184385457,0.742814524263828,1.2865374874234057,0.3879112570475556,-1.9618780370990674,0.0169368194121553
718,-0.08988168390172291,4.069139819637428,-2.179338738227088,-0.10811909641083162,-0.6005803653597006,-5.397926237440366,1.7003026747281709,-0.3899384669362611
719,-1.3004418875163708,3.856087048199356,0.11515780433454381,-0.51516755233461,0.5448118075070347,7.732965086337622,-0.7243790792767921,-0.12885536145843668
720,3.021245294745853,-3.921135871671197,2.7720906850770746,0.14192450201635864,-2.925348463959736,0.08539286076776165,0.3392233171079404,0.07685001932099533
721,-2.046340759658193,-7.974205538843137,0.3460000204292868,0.17313532450813796,1.5233222193919946,-12.603982577404302,0.8989110339621558,0.07882889500957635
722,0.5466660804144965,13.27619241165911,-2.584618323775132,0.7338581380502518,1.7143592671412229,11.714079592007543,-1.1093365801273407,1.3932447744723393
723,-0.07734121888560708,0.35253552842800673,-0.2200979327831334,-0.6400605754861104,1.317447426042932,4.061680660695231,-1.0290459225249968,-0.9691485806239588
724,2.0610286361947203,0.2714005088650424,2.585386301843002,0.4001244012778429,-1.237481895173886,1.7241730024041857,0.0704493364947627,-0.045031941217967386
725,-1.5304368491128173,-6.0374986842809335,-2.0637179381343174,0.14617616723660376,-0.5211098029782235,-5.851906535860124,1.7298588027849764,0.10253639807476223
726,-0.9956332461862019,8.287226001221484,2.147414811277912,-0.8401809272091967,-0.5253429096074509,4.803282540236161,-2.0929927957325614,0.08996607698561743
727,2.121974437114858,-8.312034711834826,-0.9679618286552056,0.4271282688403062,-0.18693687246889823,-4.799428167173033,0.7241508342430887,-0.24053869285974283
728,0.23322070897845038,3.315900215314855,-1.6754418463616787,0.15378057845935444,-0.40008344020433206,1.6422419813486613,0.36882705293584017,0.6031504645889179
729,-2.052055100209145,1.0792607681694335,-0.9947739397545803,-0.7301316080981834,1.1246996959183466,-0.5016739603063556,-0.8535212502352678,-0.4706191104975419
730,-0.7058455492991413,-4.45298405207069,2.325428364761777,0.047490260308286736,-0.1559192359397077,-0.4324741771484142,0.9040675880527349,-0.9934260393441106
731,0.2571342684879028,-5.093334180126419,-1.3232001541904168,1.174524725382085,-0.9735125549219568,3.1139159810255848,0.26834555563821105,0.677748409552545
732,-0.6575308263912802,-0.5510548013727998,-1.0053719694281256,-0.6722430602843588,-0.27421141032315255,-6.499777134984647,0.4500782790645239,-0.129452223894158
733,0.4996258919503589,1.8157379479807787,1.9538959040199018,-0.702336735321829,0.49620363535943923,5.577728695581563,-2.01385359217071,0.049993643041331026
734,0.7988908339008276,-3.322675924478915,-0.8785208170272938,1.553501807875314,0.49642089173168635,-5.197930163140455,1.593766669342516,0.04241495315262078
735,-0.5516866215509424,2.5503277034196117,1.0387732254694981,-0.4372830750265706,0.23986211061161455,7.627622437115001,-0.5856196559752531,0.2150819589217816
736,-1.1377279394205289,7.693135781544072,-1.4450043036422215,-0.5761605199704078,2.2910812156545557,5.370863027114069,2.156717359780485,-0.6498509340782581
737,0.5514495981523737,-7.366067153756262,1.2318175345593971,1.0738101375399651,-1.7175723035233954,-5.601982902480465,-1.873344560908655,0.6771470793747261
738,3.286531954991375,6.299758444911731,-1.7035958052404965,-0.6987629330983012,1.5611290548132803,-0.5588286376686113,0.2528337301618766,-0.22303569285961888
739,-0.23115061419846938,2.0255458681286314,2.436651763402537,-0.6195242659807576,-2.1345498136172356,-2.9963401902697058,-0.10932383807563717,0.00983215091255385
740,-2.716559070940235,2.797434140177984,0.2742209864376264,0.9140950497962095,0.32349920929902787,4.05352005700356,-0.4961584075043177,0.8309096247834349
741,0.5705404858803433,-2.129805075071033,-2.0939850766523023,-0.3060062996990993,0.32931782094516393,-4.910187303673332,0.36123394752594784,-0.9973621906404686
742,-0.06892342970630239,-4.090426412213731,1.421880986180895,-0.23734340711288127,-0.24755568715318965,-0.9337180736588309,1.1837960140332289,0.19939368292813509
743,-0.12466870206813496,11.519230983426212,-1.8452392381504836,-0.14160000090959812,-0.5450225798648543,-1.7069899362134748,-0.5051368106804741,0.5315209006271902
744,2.149483834558538,-12.389342676759895,1.8691947942270275,0.5339753056626364,-1.1128615461103646,-2.9444710606564684,-1.3922406650872858,-0.8372742541382836
745,-1.8771404970515846,0.5482537182601277,-0.8166525872014887,-0.989723929897508,1.624053386859071,3.900983869579278,0.9002988309621571,0.20224486399242547
746,-1.0352845100573802,-6.948301001884374,2.248788691889942,0.3896254020730865,-1.681507600266567,4.38584988625378,-0.4783062860889782,0.38053406387737
747,0.0008431455117374753,12.115992048186456,-1.002058781267536,0.14041605629871867,0.2767357091895768,-1.753715405277859,1.3709698729045812,0.0652543505592913
748,0.1390226954693219,-9.433848494383085,1.236631754906142,-0.03677554464387356,2.064429109342555,-2.102203165491993,0.15387275594993,-1.0940453621913155
749,0.18429360114808446,0.3613455971972712,-2.922223928588025,0.3580219872349488,-1.0618377969833954,2.032106735226243,-0.5046524532257539,0.9303786945001136
750,2.1450965189188196,1.4624523245876162,1.7486348171116077,-0.07563291356565571,1.8140965178679025,1.19472874967218,-1.0601646752610385,0.2534854259691386
751,-1.8665375711582044,-0.09725716473411694,0.42633081119105043,-0.11730215102723207,1.0391501849262443,18.678715242180054,-0.7684757464016698,-0.9264217674414437
752,-0.5675237946853429,5.959762282745373,-0.9693975562400254,0.49829365802212067,-3.4884058078998113,-19.62718519328353,0.3742568738190961,1.2181296864792532
753,3.1281101069513966,-11.00427388554715,0.1732368962882873,-0.764579459720629,1.0094342499208082,3.387346196055674,0.32974431970464124,0.22238805476711265
754,-2.5225061357701293,17.6857319149139,-1.3790393269757857,0.2832138835797764,-0.22206634702437,-3.910639778693877,0.6209728567365254,-0.8544288625199261
755,0.3866801533429509,-17.10319139259127,0.028297992275057027,0.49376454105345857,0.4371321076631105,-0.5513156149459917,-0.38999068057592723,0.13945166795584552
756,2.6061602941953197,5.315984839014334,0.1516099085974787,-0.7501868789998838,-0.2701719654646091,0.18901494345087144,-0.35738704092900875,-0.04554872879607785
757,-2.146781291318092,2.654534814923352,1.8659590848060645,0.014698341190694464,0.08530169987013281,2.1313635789228584,-0.3441301241052148,-0.14694811093781013
758,-4.288929701945818,5.163765196549889,-1.4216537490385974,0.09557340799059233,1.696997202258201,-1.8326924439664651,0.860006504378628,0.11963835245283683
759,4.467022087781061,-6.728499917237684,-0.2195281386047867,0.310197724316879,-2.8911697842486266,-18.94646192646956,0.11297767724017405,0.0867634215190698
760,1.8196545436471752,-5.415145256196126,-0.27172269655353887,-0.8178128529966671,3.1917691045794,15.898691510567325,0.6313751670264445,-0.6500826321300943
761,-0.17870101141704708,22.259369072608138,0.5356641135064564,0.5707341183545793,-1.1281419068921394,7.343619792883885,0.40492919071931155,0.12345394148373234
762,-0.6753185737441925,-18.53651345855866,-0.2548200571063859,0.44932187813840585,0.5999970561865382,-6.363051499595855,-1.135655774229594,0.24578773606559512
763,1.892763779236617,3.0472022796832903,0.3772364177494154,-0.8986711117253066,-1.46149183457279,1.7569422471686593,-0.4961997126484743,-0.22178715094061285
764,-1.2331502049625271,-3.9780859801861084,-2.7741259839401664,0.38237643281617295,0.8187527808557462,2.5573437685121263,1.0888815402442162,0.476753326380706
765,1.2868645716501703,1.6437867519551332,4.577612488692921,-0.33457425100076676,-1.3875656791493185,-3.7217363466934117,0.40824378699081443,0.10327377088939826
766,2.537864382863262,-1.576557645026469,-4.218241446336236,0.2767031965558857,-5.000832907381724,1.6463234861631477,-0.7106474209608926,-0.48603056676122147
767,-3.5394150883437305,-0.6203799636907092,2.2269399880340472,-0.1387213134197509,2.554196254804113,3.989370555948341,-0.004795796449242218,0.241338157800997
768,-4.199125239548323,1.4727249888741198,0.23132479334037725,0.888366906864178,3.679691461875322,-2.225496232148501,-0.4905116456356655,0.3236785786914256
769,-0.145497740056868,-0.9288693314402963,-1.9628070903752644,-0.18066419431256975,0.02505396104528934,-15.664739039313794,1.7603363920883002,-0.558124037890571
770,2.83460020293154,0.8573059596641883,3.3584030993796574,-0.6025632651640862,-3.3358173104808753,18.135311394982566,-0.9759285343304676,0.30481486317586093
771,-1.099069533788139,6.148256527418198,-1.6319584099792905,0.5872823691254894,2.612154689931783,-5.290111370580256,-0.45689696035451277,0.007336522080868768
772,-1.5049072970798534,2.2995988506011713,2.0365619061749243,0.15443977170826173,-1.2452844739819167,1.868777245697963,-0.4616952295937633,-0.2693640953934828
773,-0.6002366076857015,-1.845793540202294,-4.608936788887476,-0.26917394266554595,0.5481227946337217,-1.2275372436620557,-0.7523794849356538,-0.21560063397551055
774,0.20979251596821769,-2.7343865023376566,4.6490455249520295,-0.5626765731905792,1.8097637116404783,2.4622558902291303,0.871787440342656,0.1932230465564615
775,1.708911473521539,4.418233258497764,-2.3369188459202235,0.4158171313903196,-1.2126869853441224,-3.6304732127185915,0.014279497340336178,0.009004470020991029
776,1.1972633435579496,-4.654849623986252,1.003539216430184,-0.45808821179210213,-0.5548621427678331,1.825280154850219,0.4745411234273309,-0.06785021300622507
777,-0.8827783501966167,5.084698921571544,1.9130166918672273,1.4299268683418305,2.2806480341276956,5.62202176957458,-3.355673951734545,0.8713497489971704
778,-2.074991790792666,-10.684592724778554,-4.769821388569596,-0.8914750805198963,-1.3613821790918763,-8.960193124886786,3.869026159883189,-0.8210755336722011
779,0.16403508636170727,3.1966888175765007,2.0921564107248827,0.4833734192839785,-0.8228456627149345,5.388634555427004,-0.8779076986695404,0.17030560458976662
780,-0.39638917594984946,4.337758847769919,-1.7320595403687236,-0.07234219629175698,1.3452283264522737,-3.8043496251141207,0.2854542669426898,0.5719816526711101
781,1.0405710149496485,-6.357982125263277,2.814195911055961,-0.2206117375587624,-0.4587120067410826,1.9753205787147436,0.12640140809455502,-0.10935541795899706
782,0.11802955943670668,7.01364317757168,0.060775239985588314,0.22399198619596916,-1.501750140873476,0.03744483562650913,0.8080265456260669,-0.8165592902537959
783,-1.246681886577477,-3.998484922172736,-0.5196514393533107,-0.5992408865831109,0.4630136271576024,-3.684943310223197,-0.9522969121913043,0.6982906225820162
784,-0.6975333179137806,4.008333149117163,0.01974194777709215,0.18760213978879392,0.07275979980063418,-0.996015655551588,-0.2819314293009434,-0.3237459450242257
785,1.4368959960551138,-12.53957278828699,1.0269022266738403,-0.7713289663719678,-2.007985293617633,-3.8459544164521375,1.4382707261456442,0.06731811106487395
786,-0.44389373032962,15.326513370526527,0.055976398472921574,0.45981023624241857,2.265742226478082,5.942712394635755,-2.5083097992301155,0.04361628732783274
787,2.544274425072274,-7.480080783226754,-1.7393748958132278,-0.24131438725408572,1.1687281543196892,-2.3497997286342382,1.3816542114828376,-0.16488119827383407
788,-1.1594804278898039,3.5190178558248135,1.5910913956400776,-0.7460849313434466,-0.9442287033887027,3.741876134096895,-0.523436480750421,-0.2084600020817753
789,1.7017951541856746,0.32051406854208153,-0.31222080964008114,0.9380784309672947,3.209097665646702,3.267554487536735,0.9168509755664225,-0.0639357598527992
790,-1.274182968601309,1.9810593269633614,-2.1412772406239924,0.2006010293990883,-4.132785369421464,-1.8275810670677792,-1.3702313154429273,0.3705893924670143
791,-1.273455080560666,0.6868863357320834,1.8978545160310176,0.15386617505578926,0.5397991650008347,-2.399634816878539,0.1748506592800041,-0.49155596019685177
792,2.856541449372031,-0.37821600881443374,-0.48132174869346045,0.08756969235115264,1.0870965384410098,1.1674219080193922,0.5047509498746088,0.8754704040208221
793,0.47036128407901856,-5.479657387609848,-2.73117789672267,-0.5397080056922832,-0.5671015230302476,2.502811465613462,-0.23309162170432884,-0.7654008246160364
794,0.5660407975382213,-6.625289256114911,2.0998627658267566,0.5801267130070258,-0.5569900031976687,9.158034028710809,1.2166934555088886,0.41521020401370734
795,-3.2795316233163874,9.995850981606054,0.9127274347662819,-0.5722720070323888,-0.8817452239530699,-8.045819370036668,-0.5333554705265708,0.2203256925443089
796,-0.07571162477012194,-0.39599882827775446,-0.9624588025616276,0.5075696673528043,1.6096478406451222,-2.409111535648087,-0.895822858371389,0.26902527125908016
797,-1.5498932350218695,-0.6953991548922431,-1.5169001701667923,-0.16516308939252866,-3.4157536018267027,0.3108890514123033,-0.47171515424550137,-0.8457725530879063
798,1.495090728051764,-5.021831683107678,1.9931886153870977,-0.012515942504812472,3.167042880796373,-2.626284086292152,1.2005096873678784,0.2894642332578554
799,1.4350007343589652,3.3469719738086496,-1.044630629864855,-0.09351039789994076,-0.21030785122006534,2.56945730232421,0.43781339059794533,0.21953828086978078
800,0.24557872451623552,-4.876488581129536,1.043438147323414,-0.5522869755254121,0.158141827777591,-0.7395291220740248,-0.49009106152885096,-0.24156402459596826
801,-4.325444177768645,7.053646179362886,0.858517820147128,0.9287539032856102,0.4573192650588833,1.364069563987151,-0.23131562654576676,-0.15036297960902623
802,1.8005457015810578,-2.251384694939077,-1.7115719657379316,-0.29773005909119377,-1.600857498881119,1.2228415760055995,0.34493637370704633,0.3133799561972497
803,2.3715328381654786,-0.3115906473110499,0.30590920381072806,0.016718077526618913,2.1283263978255036,-5.268236393938032,-0.2315922832352726,-0.3398129287320497
804,-0.8962866270452992,-3.6350470064997467,-0.19103135813809047,0.1440916432021524,-0.8272193380485078,3.3184975653955178,-0.2940892700522184,-0.520067717729304
805,0.839139818566565,-1.0822354323187255,1.5888058466220656,0.014970569620963659,-0.5238897672434764,-0.5270705496849786,0.08214835410977805,1.0883452993415732
806,0.32260817902351846,1.963366862151247,-1.4958278138378773,-0.5928956766047833,0.05579753838282464,1.7744729683813958,0.2231140172323851,-0.2062593355790443
807,-0.5081718258064711,-3.2827342093823404,0.9808063828619424,0.22246820834423175,0.37044472890158353,-4.121937930105517,0.5042915279926294,-0.4720334201267882
808,-1.0037434158718952,2.2829308318644053,-0.825679502401087,0.03148745062262748,-1.739506171001075,4.08584542445049,0.42646112512450074,-0.045146414653431055
809,4.79415814313117,2.2587238502524087,-0.3937237510595111,-0.24041781095144188,1.9921510884061657,-5.042815433034583,-1.6447522502845047,0.7447493381052102
810,-2.7202210062274332,11.893394379089841,0.8082540418816961,-0.5016652032033093,0.6031197716637795,-3.352490180837087,-0.02026921574179319,-0.22380087021945405
811,-2.932844836806595,-7.157330395985468,-1.0751701265298976,0.8539018528624567,-1.8137813899143396,11.170711414876301,0.020501455763888288,-0.19866173617185456
812,4.189357327995623,-1.0424247972091507,3.27872758366307,0.15495311642661846,-0.3980923585763758,-6.80779027534075,1.27865823789449,0.3577877687926039
813,-1.3349191096953632,0.21251240061252474,-2.4087999720251503,-0.4417856409413474,1.105015453058181,0.7827058222006258,-0.8344264876653131,-0.4975401145631979
814,-1.1166534195175757,-4.049478031066883,0.058860731940313826,0.6092380887981292,1.2491305975638252,-0.5012907326032661,-0.06705518498765883,0.26574985709744237
815,-0.07104041456784671,6.485682327742211,1.5008125092320341,-0.10011042264510195,-0.2841325338661296,0.8839738697647164,0.349380427227306,0.060815061115535585
816,-0.8246313110500125,-1.0291548436757694,-1.6609183395074751,-0.35808268550106703,-0.2858766626036804,-0.19364957811070127,-0.908540726076664,-0.03205740972543225
817,-1.9530554485284597,0.8270397821250413,0.6044069212303924,1.128839219709171,-1.4830201363842228,-0.30812058604151815,1.3794278392672723,1.094289984561705
818,1.4072629083709387,-10.423981381883266,-0.6936667710853612,-0.36154191055769047,-0.394225990608275,3.636184866321159,-0.13157778341282267,-1.6711395947613275
819,3.7199712523067205,5.963316557925111,0.010831025135743744,-0.7808435806253087,2.8500233428335395,-6.001730258201917,-0.1282666457008368,0.44386996037216697
820,-2.343874746039859,-1.71224557329856,-1.6953153630115736,-0.026267348519731115,-1.753515614476406,4.835866042711885,-0.4144284702098293,-0.24029154050017
821,0.8843431216194517,6.406908435144146,1.7255106669227729,-0.20944875723380108,0.9071449878021074,-2.996375985210477,0.2844903734012245,0.45873902928799204
822,0.055431712011852596,-1.7178279884413428,1.4538097989890701,0.2906523702321735,-1.1561010968068643,0.5903604300377694,0.40942871766707434,-0.1651594464362578
823,-1.2660085031355095,-0.009576207461805097,-2.3379252036356633,-0.8516080626886549,-0.587114516239108,4.350630816824804,-1.949874684131423,0.5116791830756799
824,-0.2961949595667761,5.629443062629377,1.561992702623641,1.4532891773757441,3.1088828011136354,-2.2416394032537355,1.452692684552197,-0.4605811657943315
825,2.037884714914327,-9.662524898546451,-1.083763251385676,-1.0179637384339557,0.07679020354240151,1.6475620512145426,-0.12694699220857153,-1.36924909535814
826,0.45998136409789936,5.647039361896475,1.8715517179534515,0.9267330824883899,-2.1162381654234377,-4.110348666810253,-0.48422514727097354,1.5936255988800196
827,-5.364053545279376,-9.304427281304697,0.8428454442380371,-0.38633784545816496,-0.05886985141196632,1.8179301406794934,0.3305143337901786,0.08538330753959933
828,2.673513932731993,4.870526795024034,-1.9320287936269693,0.3104432755270281,0.49022510821743737,0.13870312614357516,-0.18315463977379132,0.03211536285253569
829,-0.06360167449153664,1.4123565363337889,0.7929603933563669,0.7077980946498883,-0.703916006885505,0.9802090346414545,0.36989332394145436,-0.6820994484656255
830,-0.046685436958114224,1.5337424171699467,-1.663136002921192,-1.216392488145246,0.23935632644910498,-1.0656708285349907,1.3393642219043338,0.3597160381241382
831,1.310009655397522,-11.743084850633352,0.8177781229662031,0.9322523686343089,-0.15111528414798236,-0.5179937398156511,-0.44277645106119934,-0.9984910466300017
832,1.658803983085619,9.104375192919917,-0.3403303612440567,-0.9370743008502487,-0.8820490037745135,4.310949300118061,-0.5705694559447121,1.0350326850573115
833,-3.171668618877362,9.993712888944629,0.40018042310038027,-0.05455588503995301,-1.2147287657523957,0.9495780638089713,-0.4571025099794159,0.157032477289488
834,-0.23643142230179137,-4.895843818994706,0.7411893428843257,-0.17113559389481026,1.7695287131862614,-5.1473910885608944,1.667914400903518,-0.048603035164979325
835,1.2400790138280513,-3.5157893381876306,-1.7246346862614956,0.5278234485251119,0.8891374454890624,4.397845396598164,-1.604653577328941,-0.6369972406563233
836,0.7344548243198403,2.296237077459068,2.403462454758042,-0.5804780029208629,-0.522678618586129,-4.704345185891391,0.24095800734926698,0.23711707925706538
837,-0.3194334815005675,-10.390893019026919,-0.9997338234338997,-0.09449628238566987,0.039963093679807216,1.118268743897751,-0.017059612203755847,0.8355265286473594
838,-0.7457994231496912,3.3574698247441574,-1.2115426735088306,1.2440290516860983,-0.5923937038213865,0.8838036783364984,-0.8371798385404894,-0.6056753772651531
839,0.21408090428261062,6.936847194999984,-0.30644175854536115,-1.319737070930664,1.3171021282970106,-0.4765529785485185,0.7118006177226182,0.32325368744375016
840,-1.5232618620496226,-4.023553397082878,0.13339754042901575,0.5654766891239902,-2.0776461637710373,-5.587010695707484,-0.6179574305699944,-0.6486826469604647
841,2.276841623302033,-16.414878395452774,2.259356170579494,-0.19897114828341955,0.916341897423754,3.9215994979484137,0.6470381798972262,-0.10523490991538953
842,-0.5894068390568918,5.448355888487356,-3.531419464378004,1.2905794975180456,1.302890130063778,-0.2939480457796151,-0.1285496684632932,0.6682516859748793
843,2.45632387998873,2.4883970613844326,3.0434698876967445,-0.9838265960801138,-0.6728193698485008,0.03547928901856068,0.3879089223264245,-0.07163621554714172
844,-1.191761893120173,6.1182564720787695,-1.1465905313682612,-0.14406945542808103,0.21166115274407815,0.06025772218885095,-0.17046696214224433,-0.5201918528476206
845,-2.538901726103859,3.6672878944272043,-1.8774214068954223,0.3644021003225433,2.0146337963649987,1.3920688088238222,-0.16104463573885397,-0.39302149956114274
846,0.3549055615053476,0.7923967342852052,0.36543208733169763,-0.7176999266151753,-1.737172120859503,1.697421422973079,2.042607391391156,0.7558649288637334
847,0.669873791396725,-0.8671239735770087,2.6212776904158375,1.7188753538060695,-0.9128018803550937,-5.941662078748095,-0.30078267356398136,-0.5011411784584254
848,2.492392423408347,0.6797554299067201,-0.4636127750448509,-0.24246689418121292,1.9954274987929015,4.143597427884892,-1.3541199978251157,0.6455531629131919
849,-3.070978965464519,-3.0932522231964867,-1.9618967066931958,-1.5245869476108496,-0.4543674180092214,-0.28814087801758603,-0.7754217335292495,0.24346931464080335
850,1.8762256924316034,4.645779109942282,3.430697856985219,-0.13738174550080373,-1.8003796180876321,-1.503279844253811,0.30918385648374347,-0.7977920249094828
851,-4.191481184629993,-2.9367008286180294,-3.2245633603161252,0.21982417175075142,1.103321148903639,2.0018255652055146,0.04972294844353087,0.21379517097066625
852,0.31262754418639815,-1.141919472326947,0.3016112754198872,0.8211812279522022,-0.8678199917340379,-2.9684100785887537,-0.5908503408145283,0.10126731353748486
853,2.855476753126453,7.591416591866903,1.9090839261053674,-0.7314830674008093,-1.7024625306597336,6.35595049076575,0.6711753332587502,-0.11509456942926821
854,1.1816624401132572,-7.306209319648815,2.03850288753263,0.3488781068690727,1.7129785862000144,-8.09475327851019,-1.7482927180598846,-0.2022231004891326
855,-0.4412408217766881,-5.611518801283296,-3.620993587914228,-0.04017668415787767,0.26774945516545934,8.984513308545871,0.858361251982112,0.4164102550530844
856,-1.8039913944922148,-6.912529940429124,0.5092600924753157,-0.8775384232083496,-1.6477839217749644,-7.931162528782693,0.5086438605743542,-0.7695246057266649
857,2.2255814765133266,21.389799030564006,0.8853980189689423,1.3964391680250756,1.241362280758251,1.7040529826730761,1.1594821729252125,0.09564871469981728
858,-2.41930941173149,-8.816943619544816,-0.8820989699581219,-1.025978962949118,0.9841957509766903,-0.6115609137173763,-0.27015285337656536,1.1564867612624328
859,3.4128675909520325,14.841767840383682,1.0815043902826886,0.6711015399035318,-1.7775594792389722,-1.7745101903382334,-0.7382876242479881,-0.13231809919966153
860,0.12497896479374049,-17.467303130086634,0.6995572425346808,0.24680095280641723,1.5848148890103317,11.010850779694799,1.3932166240094475,0.311813436601863
861,0.02619172619603205,4.251824065830647,-2.270107969283771,-0.6697459621997695,0.21463242236750446,-10.134396380234186,-0.659086441131512,-0.3994052727727535
862,-2.2575684366132407,-4.20754925432135,1.7880172608809062,0.03118723295887804,0.6928842316541992,1.4825022320477856,0.7165217848669148,-0.4364116970767711
863,1.4899304091919419,12.694264083512394,-0.6427070713686334,0.09127607333086019,-0.40637566973312644,1.2238846117147943,-1.1566203157464887,0.176845914716397
864,-0.7367592902823503,-5.506769851259435,1.2987517110986602,-0.3678365856259589,-1.1451041090677467,-4.607453710061684,0.13820270318097805,0.1091820972571318
865,-1.2307882989507277,-6.584965768015309,-2.4102137780399744,0.6084664761358027,-0.27821197576795953,4.683723572988377,-0.38449329650774544,0.48477606386389027
866,1.1255038404350444,-2.4411531681758447,0.32502024862668577,0.5441994440682336,-0.9057414160647514,6.221094102414767,-0.20556635650511268,-0.9365341915947782
867,-0.7325526044164405,-1.2810061317024406,-0.42133165069594725,-0.35316072927460596,2.0121798844769394,-6.4787876243804945,0.545698849459356,-0.11383591174743302
868,0.6810653880099551,5.402543787774221,-0.8789021805799138,-0.8849634489843083,-1.1020480589429145,-7.877136270622792,-0.589582345626491,-0.33508885207825223
869,-3.6368949180358356,-2.7214795984712623,1.8843596438700843,1.2596969755437541,1.5823425293261728,6.871322371107468,0.8221449911365859,0.5666110795544288
870,2.447540152898455,9.071123313861506,-2.9649405454938744,-0.628964524796821,-1.8541032502991524,3.437449634980169,-1.352379009731047,0.10982576036348757
871,-1.565739740171523,-7.02552454635736,2.1003377327977972,-0.7812075630365598,0.2574997592332622,-7.558881008323148,-0.34645276710637596,-0.25809808486434793
872,1.355227235783076,-2.0947304065322214,0.02247219651721366,1.414069158179629,0.04478828158017478,10.080748839628669,0.5971268992235466,-0.04374520552785288
873,1.1610694073500554,8.842498513407122,2.6348166306162426,-0.8070228340534413,1.6660166396114686,3.377813201396087,2.6773385926399573,-0.49701444620539004
874,-1.4462698182242661,3.5080320803782,-2.1304751252551597,-0.005884417959741484,-0.552580194418594,-12.682356695803534,-1.9236768091891623,0.6595892406688333
875,0.2597647515740107,-11.151157237376822,0.7305125184313255,0.6200432622643248,-0.6974357259833575,6.072981160916584,0.5782072246878762,0.7775434774208589
876,-1.4389092659400262,3.004835388507786,-0.35114360913620146,-0.13570496521535347,-0.26349424871370886,0.21821777353299154,0.15858586148947396,-0.5881789708143903
877,3.0907673935778917,-2.2542563161690623,0.651196933313372,-0.5255680050332927,-0.14938264225379783,-2.9456501800190082,-0.6078897875575233,-0.23910904931002008
878,-0.12093024038057365,-8.109879240251132,-0.08503707962559304,0.06639653709468263,0.5597101568205005,2.6190432015941383,-0.7429379655883928,0.4078654710188143
879,-2.4170273628587324,10.787946656310567,-0.414312080555689,0.4567732331887058,0.9751116753550377,0.04179268760135102,0.534216692988494,-0.4204758862314857
880,0.23546890017755118,4.148838238565986,-1.301253101941242,-0.4875632061602744,1.4033106703062916,-2.9401337909997096,-0.05313993149748164,0.32925090441660565
881,0.01804234710166952,-13.004115883380564,0.09811135476095956,-0.0641445956452813,-3.387362727452187,-4.470207798990643,-0.7065353473523963,0.38735730396087
882,3.4650679910593,0.1764683551511439,1.1009859867055667,0.04696702577644629,3.0102639893917473,8.373846585048824,0.6346158480745014,-0.6253734628880006
883,-1.347428244375294,7.087456750472882,-0.5316593106803964,0.35311570973886575,-2.0102745198945,-3.6627239791940482,0.4555070297567827,0.14418760727923718
884,0.6544957786945531,0.3425203856681378,1.4501039799368982,-0.3861801126756035,-0.577753516555978,-1.3011556694808917,-1.3266374377249992,0.44836127365359335
885,-1.9871017862087115,-0.7885268129175529,-1.6842981678648812,0.28122677043118216,0.8336789088299899,5.312155297198686,-0.07901212971956362,-0.4223213351649058
886,1.431955707639986,2.872571997447608,0.37417689863562487,-0.31705510547473637,2.3203196536871644,-1.728270424463247,1.9312351289808483,0.14636144493983583
887,0.9723696035259195,-4.311247930783338,2.063674578685365,0.07277223379068687,-3.152386229812473,-4.4159756793709946,0.4413341328901783,-0.06548179560734368
888,-0.8103511348236339,1.4976875307735327,-0.9583507647001852,0.3835271548810937,-0.7800111346483725,-0.2067986738536618,-0.9200632545494276,-0.13743775505010714
889,-0.41593748022910404,4.527901216971543,-0.8916680899271654,0.5471158857264129,1.475966521972726,2.190709286507449,-0.06067120420869898,-0.08546026655907557
890,-2.426738340606903,0.4161880818318764,-1.6078218089721759,-0.5112195395666745,-1.1687508129824487,-4.939632343082685,1.9152863513754994,0.48873331348878235
891,-0.5573553802617539,-3.7575214072208496,0.2087486139675434,-0.7232254654934707,2.6540307574683055,6.184164510337034,-2.1007201785181095,-0.8584696313002684
892,2.265140320864816,2.475008895191081,0.23783550943991827,-0.13510184697654637,-1.6232543990135682,1.2823978868197798,-0.04805472101952901,0.09690654611910965
893,1.205323150897783,3.6819360722999477,0.30261549872008686,1.1333862689843954,-0.12609802880176701,2.89949298362459,0.6712479578036135,1.0118867535576879
894,-2.952624952846463,-4.034214556422739,0.585321312785041,0.48864146446224765,-2.214402914234869,-5.4098620053052,-1.0568830778584957,-0.17964710890948776
895,2.511073362631322,-4.266889413916374,-0.6177712108480051,-0.7418265686473262,2.5841554325143896,0.27746766697865866,-0.7568256998725147,-0.6974596727989741
896,-2.312974012262032,0.2966663054915557,-0.14036930488980204,-0.6817054941230296,-1.165286774033964,2.974962193727727,1.1456335931249004,0.38248925890453744
897,1.8945108637252304,2.6556205087886724,0.9272895792037588,0.06306748866790457,1.945685404836329,-0.17169796611820232,-0.03468388814654766,-0.52056994789847
898,-0.19362947517277007,-0.019810372399831522,0.38379473388964414,-0.04206118691929106,-0.7662984911868698,-1.8425217792786768,-1.101246985134944,-0.08013093266783233
899,2.6992772929679347,-0.0831315619454358,0.5196523708483056,0.6958694697780743,0.31213877451470573,-1.7191028685549838,0.6624149815724945,0.596017769433125
900,-4.844619036694439,-2.0557714367735684,0.045151144068512394,0.1987547222774353,0.4532529674703003,0.02959609192203061,0.5626346750683169,-0.35898126481710957
901,2.3160113993857294,0.4147616034788939,-0.4167019462169179,-1.3976812417502984,-0.8855953758737396,3.0357603178600883,-0.08766581871896761,-0.1302953462526073
902,4.108201710085069,5.014712779140723,-1.2341554743054672,0.6290223906267585,3.356967108544092,-3.581775734587609,0.4829412718807138,-0.27185067448726574
903,-4.1584364713530135,-4.721175341337641,-0.06681592962563343,0.4616118268236633,-3.4030786626826277,3.7364097826403793,-0.908067631033699,0.7087627841262609
904,1.019743884036302,-1.7100974014472285,1.3982675337168047,0.5002311883592014,-0.17017447833841004,-0.6537522688506243,0.23762412044784753,-0.05577170165894696
905,-0.3907350840529773,4.305670794460639,-2.43406141698172,-0.5463706680108658,-0.9148594800229937,1.373248744610052,-0.5319244818881508,-0.011539808256958661
906,-0.4072198419366657,3.8443170277324157,1.0993524306522602,-0.10249211541884051,0.8125333402635384,-0.5969755860006671,2.2023682725770044,0.11940508587575449
907,-1.158902974453099,-4.123673295009667,1.6689297373447687,-0.944880586536037,-0.10132460001646848,1.0990416028120364,-0.8586917032510435,0.26692310207344905
908,0.6880958742732446,-2.3568997919743992,-1.470032189486517,1.353355689474668,-0.11750181105038493,-2.122861279026722,-1.112949580248479,-0.12572507696778557
909,-0.6807327729102042,-8.523326456195832,1.3755301587807338,-0.03682736578395662,0.6183983672952493,-0.8038787083943433,-0.1455329339089957,-0.5489191480255915
910,-1.7177916421190105,0.3297649453728013,0.3483064787268546,-0.13180028998849025,-4.214044352857462,2.222124176173402,0.11058307906060882,0.04527748760101158
911,1.7360964770767282,5.260218110291078,-1.5538280327191245,-0.5462926997854396,4.702384208143693,-2.624733581442115,0.586449035251551,0.6846906427114892
912,0.719761147865853,8.762553584914997,0.18515822778520885,-0.4640789426195937,-1.1254373159552191,-0.9884207607679727,-0.5405922754868637,0.06492234519958284
913,0.3546745684486723,-6.426554068208077,0.6950924802054885,1.0660770796203494,0.35801893949151875,-1.20652749047769,1.2383651806956948,-0.4917941924641367
914,-1.918898454317116,-4.746519112577062,1.4016303673179635,0.30219781551622305,0.3156937816552414,9.45401407559612,-3.322206040428603,0.07622756170927936
915,0.914525789593597,-1.831952191303344,-1.9842501081240869,-0.30828902411605696,-0.9329674437227222,-7.898582817152295,2.5032946810461416,-0.5290382722233256
916,3.201624516758301,8.134764491169562,0.1323692459514092,-0.8462208398893338,1.0483041682461494,2.845384802055804,1.3707720596253123,0.2539578970756011
917,0.22868326813650697,8.129118562577617,-0.5778077898014828,0.8553145662743376,1.2843392946444219,-1.0999346294273593,-1.0621678417289209,0.5313830821043766
918,-2.6792198178275157,-2.0844246334849004,0.16255142145237755,-1.1085938501624426,-1.104290633027384,-2.4694472242184347,0.7406429774483669,-0.23200748556483664
919,0.5449264634380597,-3.234647766988587,0.5605894449898585,1.1682633281573587,-1.9376187195728054,3.1988624712487805,-0.8426859258239165,-0.271300008377783
920,-0.10692710156934027,-3.879109168272123,-1.5301869480610009,-0.23287650121142178,2.4768800099704773,-0.817944858925415,0.33185218193635535,-0.4719561769378151
921,-1.5782035400665393,-5.263005237300888,1.4016710829073276,-0.7169401711430439,-0.37728333817089243,-0.46593634458461963,-1.7073458975428224,0.8461579227707849
922,1.2711018682147426,0.6109629650935062,0.5328872216794025,0.33244495518700745,-0.965221284025132,-4.239272915033581,1.8838855877079315,-0.5150623247837416
923,0.5493270952551086,15.29703115603661,-1.4787927750422085,0.49205214081737125,-0.57823293424239,4.609627852466339,-0.8442318324617997,0.13277682926962164
924,-1.7665011372072854,-11.691175157606096,0.3286384068417334,-0.3112530517219554,0.09209994173558833,-0.6363784658252953,-0.4400255467205181,0.5443964162553945
925,-1.1872346373000084,-4.682333145695964,-0.22436215005275528,0.006900532374864099,-1.3631513665024322,-3.8442821005688685,0.5302374893821025,-0.8732155701000357
926,1.968960797404094,4.62235044968196,0.7502225463621812,0.693851475373009,3.111204993865565,6.075371904905133,-0.6695849283295914,0.44491207485506745
927,-0.41574071645780464,3.0615892094488686,-0.2759291768538503,-1.2596667987880394,-1.0148914181543187,-1.0822059414584686,0.5391758681892433,-0.16947313486233373
928,3.5749703978648313,-4.736498417548489,0.36127025405866675,0.4562390070503781,1.259488384523669,-0.37972575005342435,0.7052281151538704,0.5709353079736408
929,-2.1357998368400217,12.054570087091292,-0.7711987992525025,0.8189984557571108,-1.1119177667023337,3.866979983110852,-0.24007725894649035,-0.4748759131080815
930,0.26958012636217177,-12.906148682669595,-0.3142025522329135,-1.0521840543183458,-0.22439441215549394,-2.146951824080766,-1.110816846085811,0.33563775491517944
931,-1.45037980584587,-4.302982207720731,-0.003269875696119584,0.3590177166705715,0.976531289129241,-2.799517337002868,1.3093731907085893,-0.15082133244350793
932,-0.14167906418026632,9.544472028985695,0.5743860680516661,0.4276779701574256,-0.17306745510566124,0.2201641288078946,-1.2297751893027682,-0.10813050928218004
933,-2.6418781140066017,-3.8003054628223936,-0.05248847035142035,-0.23226754746563927,1.8328717957913252,2.0625346221045007,1.20139864754411,0.16030814387379078
934,0.11091519983730791,5.015674754669078,1.1357584169724646,-0.7030383742105357,-3.1005021157845327,0.6273801295923249,0.497741328028261,-0.3587526850749123
935,1.5229267761686174,-7.637511825387662,-0.2397686761566291,0.6154929013550614,1.2557881231422066,-0.5989560326881218,0.06139736660285244,0.1969118936596752
936,-2.3576904824334406,3.3421877261004056,-1.2688234732885775,1.4384319081514434,-3.9946600803405836,1.5157736614268984,-1.328278870780407,0.5419500424361292
937,2.1314534979142934,-6.145305080789512,0.49221654336056986,-1.4920850183842091,1.6034290295555333,-9.967451968424434,0.5340396916314809,-0.48303417282516836
938,3.065794119171727,16.2796832266273,-0.49371106173681767,0.17487717110415701,3.042768658090292,4.672255797620984,0.3416815663224373,0.06395266623157614
939,-0.8112635880400489,-5.800759190691906,1.4339789127593576,0.051175497594918795,-1.3348314588665229,3.802766018588798,0.5090275865357778,-0.20846340148736253
940,-1.119847640510244,-3.0891130739960886,0.7685827598661348,-0.22655598511931174,1.130905110227122,-1.5604313661916223,-0.06509385496776332,-0.23866863018239837
941,2.6194550968472186,4.436325914969132,-0.21377426411540057,0.005327588799794114,-1.987963916892177,-0.24903866988854162,-1.020250287791491,0.4486710640095275
942,0.38510180873322497,-10.188479795389583,-1.4103033042965762,-0.3068637745762075,0.6120008743713097,-1.2730700827430326,-0.6556853600489845,0.22506903032947978
943,0.08400197749705285,6.774789397467259,-0.22728685085812117,0.6334926688696214,-0.37998985520715145,-1.5975704513371625,0.1756761720590223,-0.32855897139939927
944,-1.99405941247079,1.263502801110178,0.4012715880008102,-1.4310272036877763,0.08187014289846672,-3.2554326572945556,0.6274817292720023,-0.5579377359078403
945,-0.7597580247504823,-1.0743304017860282,1.5998107477395678,0.2776384940382357,0.5960673699014958,6.69671117869008,-0.12105093406561274,0.6327323341028688
946,0.2554869705991507,0.905595512747766,-1.1015308086893754,0.8723870937952398,-0.8674840991999684,-1.841653533885328,-1.2915768016250944,-0.1370772542049954
947,1.9991114997036448,1.2485418556698278,-0.5813316979519385,-0.27978391560647253,1.9335043152428764,-1.5421957684031327,-0.23518522141972653,0.38119475042509077
948,-0.018091027280974004,-6.868031511155664,-1.410098964748073,0.0758414278878945,-2.917498016488384,5.6627342263753135,1.2610311002067665,-0.30994268117582013
949,-0.9310089134322652,2.6195539737120157,-0.04624550285512896,0.017059329090685083,1.1371253170757605,-3.909523129932822,1.6299445807936053,-0.11125243121105122
950,-0.14743963467464027,6.987826211502238,0.9696591977787534,0.5292408866186094,0.9240236795107677,-0.8731190407894474,-1.539466356090914,-0.13328626901302698
951,-2.6979142666444034,-4.570995195647413,1.3410047930437372,0.3566513548651784,1.528884855287913,0.09250601936384584,0.5807031521574739,0.5005578524319061
952,3.9140293932593124,-2.6353093828389547,1.7795881042850397,-1.3200798994774985,-1.6385626513519966,3.2991714882110017,-0.1763182393059335,-0.0956749484977788
953,-1.8324961365057106,1.8141857396809087,-2.1981454789473815,1.3307260305537696,-0.5977575242890563,1.437322347704253,0.014084816895746144,-0.1639226602031174
954,-1.1494012571290853,0.26734254006061065,0.6883971372920996,-1.3013269001615058,0.2674319469902233,1.9756317173788531,0.47647691687311244,0.20411106260019984
955,-0.038056625981596426,-4.131456009340013,-0.8761502147944498,1.3000091435991408,-0.6963766148884218,-0.24656046024261968,-0.7788089395492328,-0.0993865687519424
956,3.237644270684683,5.314193149508981,-0.45750163099218355,-0.8359197959866194,3.0832153092030072,-2.738802906013653,-0.12115498980067407,0.35104142367458735
957,-2.587635576468955,-0.4974346365605129,0.9988657643727521,-1.0160169812723794,-1.4543692703407363,-1.4789517636456395,-1.5225994941580208,-0.017027848922339217
958,-0.8545862959700798,-6.777952721098984,-0.5297624320835155,0.9128816487678009,-0.6790624452930096,-0.8482814934746727,1.6869491184027083,-0.4983291349090333
959,1.915749117043248,14.163431568048509,0.7563196907952374,-0.8146739852851397,-1.5532946892336348,8.74206670493168,0.31744065112050457,-0.331551962147973
960,-2.3922089009104184,-3.191916535487451,-1.7927844223603842,1.5678482127951057,2.6364598148310296,-3.7350017649556406,-0.810266354631862,0.35202379026478336
961,3.2070791700061534,-5.238137412106539,-0.05993751658981239,-0.8238621602798446,-0.535332580140162,-5.8514847522811735,0.3908805391355372,-0.12903306910888812
962,-0.13940334742011373,-1.0403274942906364,-0.24510084719184988,0.33038082093913346,-0.3930417370091348,2.0822641191881317,-0.5296766260522858,0.06863108183012034
963,-0.5994430801263206,8.384208950972265,1.1097825635876575,-0.9884576496170752,0.4357225503495723,-4.290857206352605,0.7264828808676072,-0.43107046719959907
964,-4.2804839421415295,-3.2537768379135628,0.5224382209894429,0.6575472699649936,-2.5772050260281514,-1.248780625944896,-0.42407177517543015,-0.08459696872827438
965,2.262115355878649,-9.65274051878481,0.6026657588241449,0.7769351244625611,1.8976014469669327,10.255180761654216,0.3159540423375331,0.19171284154649149
966,1.6986392456724388,11.019552674684519,-0.9972599124453438,-1.255734476948497,2.0389793867830335,-7.393816111089123,0.20678460311300206,1.120289242945367
967,1.1270797307433895,-18.31384546702577,-0.9844820706925645,0.5736891790057683,-1.6036888111244352,-0.012560374184772627,-1.115022209682742,-0.2900219307657479
968,-1.9558062749240435,12.652714669972056,-0.5073808103770006,-0.3222940393812266,-1.1295854543455182,-1.5199321318060655,2.0245694978367244,-0.5952837167084137
969,-1.6483829906095764,3.0246462188840724,0.6447709213675097,0.1504639589031953,1.963449136811228,3.5154630343690343,-1.2055464979934527,0.3352350910217572
970,1.6822054551436167,-2.7296857822906304,1.4495775720056798,0.22390191538936932,-1.0127262789929663,-2.6505727348272927,0.260359095752305,-0.31925623310649254
971,-0.5849034581946171,-2.3697247512790227,-1.004503457533687,0.722966017689977,-1.0430001124121802,0.1469268376528703,1.7607012340845598,0.6907470584761919
972,-1.411109246657361,1.0920896190964413,1.3987294098956937,-0.798087777605339,2.457438954639322,12.101219351398605,-1.4930721440721841,-0.3696942277955193
973,3.0128723202777223,4.457390423980257,-0.9135110761494332,0.8963796324621853,0.17200796107461258,-9.386210186417529,-0.19291428893928142,0.3489811279950734
974,0.8142219716852708,-0.24742704955588124,0.9490877471544081,0.10991764753891431,-1.7354406288775301,2.5537237352947955,0.23839241509419118,-1.0710589515511275
975,-3.4678305242099157,0.42165643081494864,-0.6427209586851035,-0.7314756318168776,-0.032931943402346064,-4.446721931988357,-0.019035738854006112,0.03518260461076217
976,2.1458351073205506,-5.799810740248915,-0.15075408066029183,0.4455333921873148,-0.36930848523549287,0.5118097644064576,-0.29087876068640917,1.4290003455906755
977,1.5855509697943262,-1.66998387519277,0.625921700224211,-0.8750396354899763,-1.280762760126926,2.120533811391134,-0.5719971923090341,-1.0686983343725425
978,-2.4252735453824243,7.509789735304594,-1.4686669284539136,0.899894368315536,1.4469086718541355,-1.481708823780565,0.737875994986279,0.13284162301892088
979,-0.6540782685427473,0.08657979778314484,0.7844419003480851,-0.9166564484233888,-0.26482402676937156,10.374205391240551,-1.8229697008289456,-0.08785521757227688
980,2.6270955641172975,3.1442095178442173,-0.08390828946252782,0.39485858090732506,-0.5344567537007165,-12.494704268291244,2.130329306512518,-0.092963797251433
981,0.6185162301948708,-6.661462939430123,-0.9012449744303694,-0.27973787060663113,1.548687324936548,-0.7016816818884237,-0.37564793532176566,0.14018099407036821
982,-4.0723550254814995,-10.396105194814766,-0.9312790373554236,0.18994478322016306,-2.5857789481228366,6.516644927702714,-0.4241842362873971,0.15338823020981973
983,4.410152638194717,16.305765892258307,0.5743451670031874,0.37410353128383633,1.6724450911033486,-4.87026861688765,-0.26781075562309553,-0.06258416167026581
984,-1.8827789377549493,-11.877196196540808,0.7332959971289057,-1.2561918475406486,-0.008557501184260019,5.6438851331238595,0.1527322717150934,-0.16174575721594042
985,-2.5326326975434768,3.923894006609146,0.6593880857658547,0.9079572044980893,1.2248650878768483,-3.557757028171416,2.1401206809608038,0.05080337400818369
986,3.6189207893615674,-2.5440142784207183,0.1956868868381747,-0.40916178274815707,-0.1994665983217061,3.2635593727567738,-0.49553855348725584,0.04207778892082903
987,-0.9359307895485074,2.1612483156438316,0.34379971220054983,0.26731216222329124,-0.34375206268044245,-12.116756752956995,-1.1293985621785936,0.21934352008782465
988,0.5341225787545909,-6.840758586583604,-2.2250053854802445,0.2926629840799393,-1.2277042133051168,2.719142226922955,-0.9023471808208985,0.01707429533763527
989,-2.4840525581568897,15.07633708378387,0.7475853736671922,-0.590137487500968,-2.346764617664304,9.014702523286388,0.45998667994817843,0.11078515074989159
990,1.6469079565743243,6.718079900665714,1.0777975381753322,0.5347507308923838,4.587420889866731,-3.6557482875073006,1.228489291624303,-0.23644576491725555
991,-0.11237568498688688,-10.482049083827292,-0.3577988820701279,-0.7814548720395891,0.17616240821494955,2.9230200172751992,-1.32676838722546,-0.015337868066196414
992,-1.7438669732653125,6.346224543070093,0.9609574965355989,0.7938622289625457,0.873040147583044,-7.206722455171118,-0.029646642219384844,-0.5107765205415191
993,4.5576687300996355,-3.9439388237161097,-2.455385539458362,0.26832664741272794,-3.1678492724742977,4.39077667829028,-0.1601431497833783,0.6201823325797253
994,-6.075382801685663,-3.9623230068636985,1.806493515688615,-0.05423627580778145,1.3760259832068868,-3.8341217750313206,-0.8411614062907713,-0.1634831817335023
995,2.9916586608561886,-8.81118265625662,-1.399177550348682,-0.002206105236588485,-1.239770257527585,9.510351149534628,0.7966809539839179,-0.13617175715725693
996,1.3560986097872956,7.886311866619053,0.7711611878281985,1.2349169621097005,1.6017744851308855,-6.106145723172162,0.822341077769579,1.8590484780477405
997,-0.9579071053653081,-3.595931764450995,0.4461761034752243,-0.28324071611700674,-1.2316459879092108,0.7914955027126922,0.5689086377832755,-1.3321007146608306
998,-2.811003943645119,-3.581914673222002,-0.17473512649760892,-0.49302943228772733,1.3597907622817758,-2.847709714869886,-1.9787178172205238,-0.2847740513446819
999,2.102382706447031,-3.0217158580907153,-0.15898402191420757,0.8842943371578897,-2.641539201678299,3.069286852177889,1.3413049453619017,-0.4138066954748778
1000,1.4260480648617602,8.723416567416734,0.7259103720262914,0.5450490122884233,-0.2912523856526157,-1.8245964923598592,0.05192235970691783,-0.32758107614391996
1001,-2.2631424741887827,-1.8608102039049754,1.2540971389288842,-1.0143272713352758,3.537019368340399,0.35173855318043223,-1.1978830031649634,-0.08840809736833855
1002,1.6606586553094473,10.815878945595045,-1.7124978399464084,0.14810199918353817,-2.9278239160836215,5.90479947572009,1.7238514725704768,0.6984964882584093
1003,2.5168435472751867,0.9886891629867591,-0.7760253001365811,-0.19338574415815657,2.986122645431898,-6.376597833709056,0.7922915014409719,-0.5045190479583948
1004,-3.3277065239344665,-0.13730092013088324,2.4391106903457853,-0.6170810243687228,-2.955219546555618,1.6863713458222946,-0.9750794487679855,0.8831066200626623
1005,-1.0763963037780115,-9.228072428032931,0.40977803348570774,-0.710660190658011,1.8759683518308528,2.449021156251675,-0.6026893176805288,-0.2945900454547843
1006,4.595663111791168,2.4049858162708233,-1.9640863837210958,0.5890729516571085,-3.356590471730165,-1.3832985631034376,-0.09155595118986426,-0.22436016374098156
1007,-1.1524458757781133,5.588351135475591,0.31222472563543135,-0.4270602510687098,4.90304699734568,-7.907890555959462,-0.12470255101364813,0.13553041479639116
1008,-2.2481478235636985,-6.871732467850222,-0.5240292921221936,-0.7145445831356199,-0.12660974323463492,10.269465059045956,0.3459560153983059,0.5558029053621354
1009,1.204728159316005,3.931654565960116,-1.104669869975666,1.1444007750753329,-4.086007764561032,2.398849277646171,0.33270693135461826,0.20717343826435997
1010,2.1443855399451195,-7.038037314410076,0.5613589543617934,-0.6416705804598806,1.6642011234348217,-6.318636995582729,0.2744005492471242,-1.2752405464947216
1011,-5.933456080842262,-1.846650045734691,1.4563905655616338,-0.42666848763566634,-0.363115595399357,2.4266629796573227,-2.22844636793012,1.173994350800868
1012,1.6650620806654786,-2.818048867635582,-1.9054263474244522,-1.5929302991516323,2.240346062591211,-2.4066887470468004,1.2819752030124842,0.3061326507853792
1013,2.3466871327395324,8.133278716103518,0.020947550083192823,1.5340519201381397,-2.226057430618514,-1.7180828682366212,-0.8301311628256549,-0.42652736796654533
1014,-0.8541155364683561,-9.229995815300072,1.8784236106376966,0.17044616363093468,1.5896330199749897,9.28723240898995,1.8207445314633404,-0.6207191471803037
1015,-3.367241836757728,6.241644618321288,-0.7073036518735449,-0.9826367475764428,-2.815927982539222,-5.2441416969387475,-0.5444862887305106,0.7474199444602831
1016,5.898561571331214,-2.3744757620221435,0.1935961622539395,-0.12474889760600405,-0.4055138505153746,-2.526348662418492,-0.10015082990203794,0.18494046906469563
1017,-3.958463007388417,4.726891823488927,1.3737636994284799,0.6722665613692129,2.8028352885163894,-6.60521500563636,0.07474090337273331,-1.6554289413582426
1018,-0.6678725372835288,-0.3214044098423301,-1.9069957484298357,-0.4856799617730445,-1.0166547136621062,6.818191720578945,-1.040994558019868,0.30929182485516904
1019,1.3796947313499572,5.156152994548449,1.1647663995709365,0.9585389196050045,1.658177753518789,0.5483125826437458,0.5387481246679879,0.6743470880445424
1020,1.6439211448406752,1.5638603477997322,-2.0727455644776853,0.6079327698448296,-2.9414897692769717,9.331266597905945,2.1578392803365833,-0.16795727708608688
1021,-3.038715814315708,-5.990905900105588,1.0558646545444361,0.13640988604952753,2.9730528413403405,-9.09224285778906,-0.13531790449623138,-0.1268347414457045
1022,2.091127399160996,11.820714818551608,-0.5902839695807671,-0.9293274595768537,-1.9339426463691485,-8.331304122397363,-1.9669089184094517,-0.0987208075035797
1023,0.4359261004826749,-11.560704996901393,-0.9328030609395199,1.0325088907612496,0.6234220795723946,6.047662156523586,0.6232420897385857,0.3896698099231095
1024,-3.668753899382523,4.392742929249721,0.1208272537471089,0.5494220978162048,-0.9987158657603707,-0.5889390810905368,-0.2362615325127404,-0.8875739301094372
1025,5.846883052482639,-2.9775026316746107,0.51466572409187,-1.8364009399536556,3.0156470712813253,1.1987566127765916,-0.9189569497713457,0.39702618833201253
1026,-2.6119380165426094,-2.2756431882128254,0.2647549688886386,1.175589186610516,-2.6192517919987957,-0.45511987800220055,0.25649054436071417,0.36961470511451733
1027,-0.17043838321529847,-5.66744641083892,0.040682895198330016,-0.7706533701020035,0.8202621584833949,4.099805012991055,0.4006180572779563,-1.2971000343261272
1028,0.9395932668087141,4.1183845397818,2.0518796681298426,0.32466471055095525,1.7366786528825902,-5.051754274611888,-1.2986669760585077,0.9946643984778634
1029,4.006258484420897,9.46376148377783,-1.8860614725433749,-1.1998214190578906,-2.54805474388767,5.565433097536513,-0.5045330676926802,0.44106638536572795
1030,-5.210901721441587,-16.347836737694024,1.149231612276992,1.2248098218067156,1.7372257974903178,-0.16019091775019234,2.2919017715354855,-0.11972006089884513
1031,0.37091235009071966,8.135574383524897,1.851728333586692,-0.06949135854493704,0.22485113463956274,-2.919200016255793,0.25699478156351674,-0.497654898153268
1032,-0.303598717173287,5.684935886100959,-2.9192409345185126,0.16143454111120548,-0.6069514053055833,3.680380393219721,1.058588316441794,1.540776590767269
1033,-2.733525979018765,-5.197132024807388,0.991509696879163,0.16542283065601993,-1.2209972673586797,-2.2798725454605204,-1.0314765742821876,-1.2971808259878452
1034,2.229582359849502,-6.117361542654066,0.19766473907522197,-0.36651356074112584,0.7005042115837234,0.30952612548004055,-0.22367416495260528,0.32102133836948976
1035,2.230212810676477,7.486393058797944,1.9951443429484357,0.3242420226752927,-1.242816420781196,-0.6773063630909562,1.0306510118232382,0.06857033950811253
1036,-3.817881235287814,-5.328770536495995,-4.289066823792226,0.7785677078613844,0.09410668848238402,-4.555672013301894,-0.23064966486740168,0.29741853447002686
1037,-0.23027609678251793,-2.6718283734115857,0.780953069981237,0.10258102518960044,-0.4306979797173387,0.7506698522626252,-1.1791626879146175,-0.988927849750314
1038,2.2573998077451733,12.838842356818873,-0.7155383115861014,-1.3461663585921144,0.941453438576497,1.789204419902326,0.024920151804609603,0.7753977304219095
1039,-0.7255731200936566,-11.094524100227034,-0.3556234297769407,0.659189574086831,-1.494323346197893,5.874954580115016,-0.5368190606937748,0.03534200497811746
1040,1.6215452815823141,3.7615741360172024,2.9631867373383756,-0.3529858190530888,0.8130248251781662,-9.602092504126098,-0.8281610451059596,-1.3070310139424262
1041,-0.8827842405249271,0.8976638316871686,-2.9647196472148636,0.8460571593312096,3.123930520503084,3.5480637729034186,1.0043629341132974,1.2539578144240062
1042,-1.2652575271821718,3.046023297874001,2.756745393029391,-0.5281098941965894,-0.434974395829709,2.565211488344893,0.2846482811082396,-0.48903913331439064
1043,2.992670517115414,1.0274412363855276,-3.1775723055006324,-0.6677024971655854,0.19027660361435927,2.535414859914546,-3.0557479589214545,0.6112004435230753
1044,-0.11388700675414043,1.4231618051317696,3.1049447355050006,0.0971920939907136,-1.431653364367408,-6.115684780512304,2.334101169088184,-0.4529338649471244
1045,-1.2695034633280216,-7.322237573892892,-0.44721836552639616,0.003665566476378501,-0.064550053172864,-0.01974452301850249,0.4732904809996725,0.7240084411720629
1046,-1.4275288867854385,0.20376632861984945,-0.2967587251045103,1.0151383962572922,-0.9543024365742845,5.766193544858993,1.1945989928663998,0.29303119822108226
1047,1.8751692042557409,14.123798924660889,0.6110389986880875,-0.7354213924491617,1.4714857639472019,-6.7184406385723605,-0.890667594308244,-0.7323525701158609
1048,0.7204286276973164,-8.70172636243825,0.19069624968493315,-0.18731322566195274,0.048259267785249804,13.049856518867372,0.7093486299687353,-0.026581976621129932
1049,1.0666959974504664,-3.089794860314157,0.14733479069109023,-0.01849903412608711,-1.7835036751996114,-9.443259491405534,-0.9950504668860223,0.3335100691147366
1050,-1.7073179850751785,0.011609515103032209,-1.9050547179160162,0.2982507815201956,0.1429559806487113,-1.1728401943501439,-0.2606898132960058,-0.4764800309740851
1051,-2.437385292971584,3.1132904675893656,0.34796651394908906,1.0267316736220309,0.2192202884488399,-1.7649889174172841,0.5325588031474098,0.21532598496287925
1052,-0.7785552890452436,-2.0425303776685837,0.08510951327571092,-1.4087251780738583,2.225742765932619,10.880825501826173,0.10529371215740468,0.05721802678215582
1053,-0.21650017339544547,4.964336182307989,0.4051766807501309,0.9829926106916602,-0.8907489152198416,-2.85800885818648,-0.2519223744429908,-0.665751994149673
1054,4.100076032346124,-3.936862523458899,-0.6925534154937054,-0.3541332357580984,-0.5650671378527328,-5.896092269510426,-0.4458195717920397,0.4846573001194052
1055,-2.9650802096850555,-11.249534973607524,0.2210108474380661,0.17042657732702082,-0.39268083916389074,3.9968534316211546,1.5132167230481262,-0.20179192755078557
1056,2.5664037161326974,1.6263835812425214,-1.0865170775807371,-0.3540992549607793,3.0419922528190817,-8.721012666715247,-0.8385208911814015,0.014127798692357807
1057,-0.5552434069666674,3.8402780030749,0.8528349079382593,-0.08615130620927403,-1.6753151080608966,7.8410676713189105,-0.6163911325285643,-0.5083555826514976
1058,0.051919793177120255,3.238194672399061,-0.35084086644066304,0.1379534356034,-0.015589774778415944,-0.3610351546914714,0.8257995446824555,0.7715355832325699
1059,-1.850964626122959,-6.702441325885218,0.039560754432102385,-0.45168061463560605,-1.5662503413186677,-2.9146657413531685,-0.003336855931133087,-0.4758801678188824
1060,3.506024920041,7.866944482026327,-0.19476756634003323,0.7274988176053867,-0.2886093047330931,-5.469979083194268,0.4822799356913965,-0.10444184403879042
1061,0.7038685664505238,-6.722395511540981,0.8508477505349958,-0.5402907608677623,0.09386329204249577,-0.21887280266270892,-0.8406208224011724,0.549618992917317
1062,-3.6314955203153545,4.9157263505483115,-0.5497295343852926,0.5126876107545684,1.5898870768341666,9.901274603104476,1.1425531653772758,-1.081516634806623
1063,0.7368371997026486,0.6192583076388019,1.1807518690319512,-0.7578549417900788,-0.5279548689077984,-1.1547951861149883,-1.2535996718819185,1.0553507237158666
1064,-2.6239948431377798,-0.19133771117816423,-0.5951976654901188,0.7166938820849253,-2.998651221890995,-4.055137404136524,-1.1165309664583116,-0.2364244580538868
1065,0.27652634550986477,5.15501946209622,-0.737422608126721,-0.988262068677372,0.838945640788257,0.9061697953700971,1.766159046844832,0.32721250131818636
1066,3.73391857258153,0.6118737515286625,-0.5560167292972977,0.6299368069535305,0.838638680271707,-0.7376526565575361,0.061020834229816856,-0.36615070737026656
1067,-2.2837521607099234,1.6104193151012396,1.7022195801210245,-0.016198458356953438,1.4037734611404158,3.5911349339307037,-0.8727721346534612,-0.013823443109031608
1068,1.2981017448952912,-7.99575879541419,1.8036079081399663,-0.07668529069661645,-0.2879788670326171,-1.9514762812190583,0.3212095424862387,0.03604671316090613
1069,-0.9965598042671218,1.9155202830073677,-1.2713830133371715,-0.5883601335210287,-0.48807676211581885,-1.7788754447788975,1.0970166174561928,0.3506613710486972
1070,-0.42496260882435877,-2.5516142344603736,0.24589889064023396,0.1708216093740944,-0.5896931061654325,0.0929573846871179,-1.5095829264278589,-0.8713465168271743
1071,3.487015382146893,-0.32674926753429645,-0.6564771353732368,0.7450540293103742,1.6849890834448704,1.0214453432676152,0.8206134812103887,0.5346840563094406
1072,-0.5048011585457459,6.428853358863819,-0.681879705023789,-0.03786888700193458,-1.0864861210546497,0.4810323847956681,0.10985013563632506,0.1764945446772006
1073,-1.143232469515027,-3.4594601088614922,1.057815737124642,-0.2870346237111221,0.6892004782766588,-0.31858360270869923,-0.24315261713197955,0.12528776486728255
1074,-2.0506419766484782,-3.5271628590845125,1.459448831466517,0.49467669899469513,2.035019747822048,3.324558720347767,-1.7374141981714182,0.18365282717729503
1075,1.3423199887133705,5.037432478566586,-1.5946335527728905,-0.7289774978161176,-1.7155180040836235,-5.342717074753907,1.378312407975553,0.24156706497530012
1076,0.4917704567974681,-4.235894365769866,-3.022519091587867,0.7524128955455041,-0.9042437191178543,2.6013654978456984,1.350680017353886,-0.40160577316560975
1077,1.8238878414693431,8.56531075680482,2.0891206779985367,0.5373604615391301,1.6092516945936879,0.4233146670945871,-2.107037466546565,-0.3193464234438288
1078,0.5522433281803671,-6.48002900537773,1.551371180204029,-0.5430744829905905,-1.3931152692329007,-3.981896774991597,0.4047727575462261,0.22993222295308868
1079,-4.615631993938138,4.9516104710549484,-2.5348161917275576,-0.15870575106765727,-0.6888232002483328,-2.504245356873291,-0.6824970514926676,-0.2618841595534942
1080,0.1297737499139089,-4.1186054673207195,1.1338841155441202,-0.8772815741417261,0.6946741182591367,6.790132632632449,1.5219639696307343,0.35567868950045245
1081,-1.6119215022695528,-8.21855216263316,0.39403382346311844,0.7294832922522403,1.4069840440031136,2.591218223986651,-1.4952845102346597,-0.2156088011255708
1082,3.9794368778980242,4.91083619434022,-0.32147276492300136,-0.3762070774410802,-4.2058128759520805,-7.595198436347843,1.1506839143124932,0.2918152550896913
1083,2.571827298986676,-4.067822989124522,-0.14122201030362191,0.31130365126021076,1.7660930003776478,1.282926918821488,-0.04625163628525719,-0.8535837811456695
1084,-5.559297789643807,6.771805658177868,3.0035687378081803,-0.4867866436424535,1.8429026781437194,1.3962176599169211,-0.5790321899174824,0.8344060289930049
1085,-0.31348582609169284,-5.224736913441632,-3.346666997968825,-0.31893838199282953,-3.4836776650957155,-3.3373753642517734,1.9141246947367705,-0.48843042842819084
1086,3.2694261354627656,10.100241216011398,-0.2685051917982122,0.36380338067358053,3.8054868504884265,5.425638717673664,-1.4742961030438,0.002929126240411861
1087,-1.4906235112300124,-9.689071764557923,0.8050288410960889,0.3716139720825069,0.4432671252610554,1.0730775987534251,0.8193560896214525,0.4827071066281121
1088,1.5165976572683064,1.7078542477896121,-0.4232306378517592,0.30703798174554464,-0.41624860973567657,-4.874377943103692,-0.3122217058754213,-0.21736581929950916
1089,1.236493207632833,7.446258334755953,-0.08426449974240313,-0.05151014317711855,-2.941902758757486,4.462407828327397,-0.21599652339472364,0.4341507488354175
1090,0.24274390756730213,-4.177735342309177,0.24698015679469165,-0.19676425226743532,3.0346962158994657,4.34313180330162,-0.3052590439511462,-1.018583806399933
1091,1.262198454603947,6.625209196530022,-0.38011225320563824,-0.3092363273667047,2.840561490941994,0.5889230383263744,0.3491990717890374,0.6482413411778962
1092,-0.5358845527754283,-16.914747716050158,-1.0300393458336288,0.3158901570996022,-5.046072065932936,0.8426043177454119,-0.504894822616528,-0.5057106575628527
1093,0.4232852881332576,8.780553421256116,3.28089025675429,0.5019560445071178,1.681742107258966,-6.4464963715394035,0.20474491540549167,0.36510627497889736
1094,-4.231092468596131,-5.123249884134225,-1.0691362982773,-0.8092466773025251,-0.9712499524156222,-1.096950317452837,0.27179996677918616,0.04177782519277162
1095,3.856636875592585,16.397583538165122,0.5294029505063378,0.4377217151845443,-2.3962697944706477,1.0942770441646203,1.3073926735054844,-0.27563667484393406
1096,-0.2658619265865241,-8.878425681920305,-0.053592580019682146,-0.07706021505887861,0.9290291974038354,3.6379977655839113,-2.2507249919047965,0.4051061586668361
1097,1.376720805398861,-5.848342737012899,0.6250748268704456,0.13263922131119443,-1.8818951614281634,-5.22899437745501,2.2628970792211405,-0.6857515996547301
1098,-2.7809015402164334,2.297644750660538,-0.9773044068559216,0.6171712215493841,4.487074196799636,-1.2363535048724472,-0.799153335372436,1.2929776917397913
1099,-4.0859113396190025,-3.8844480897437847,0.07775451524680932,-0.17870754587308113,-1.9272627975114016,-4.039422096777081,-1.1486653086054623,-0.811280470133851
1100,4.663609337024809,17.160636464796767,0.7009092596268403,-0.11938017455060645,1.2613320880817778,4.001141466953811,-0.85049402256349,0.041400438431106856
1101,-1.8046798696163364,-10.120605948625439,-2.349934813063726,-0.5760860539602533,-1.500485676561171,5.523521570384453,1.303831881540301,0.11769097298222686
1102,0.06506243766406783,7.846592575920511,1.8874404836498684,0.22000863363417267,1.7991699021006653,-1.466450795800732,0.37137405152479275,-0.16759343062330068
1103,-1.0465784079429739,-8.425494152236467,-0.8904605431449966,-0.4216689187934861,0.8441220589941807,7.558465558279622,-2.0184633439807165,0.22557720598658904
1104,-1.0213407380355761,1.8246886104002442,0.9400975231144457,0.9643438206621155,-0.5368803212846238,-4.2494175705464485,0.8496650715024483,-0.38489120432443613
1105,0.22546267211754412,-6.68005846848456,-1.001777995330528,-0.5401746708168886,0.5990475757569502,1.7243801947020856,-0.5396525793063232,-0.11495149332108312
1106,-0.15442349824584767,11.54521554858809,-0.15855141178600718,-1.3848151006308598,-2.39297729946866,-7.680058234204772,1.1903103815644203,1.0207146202102138
1107,-1.598536274522047,-11.66114627089894,0.22252756491036507,1.3133402901425768,3.8604118222285386,2.7316869106685857,0.8314563700621784,-0.9662857803944629
1108,-0.31671018415886465,3.3425803640786285,0.1706667384565037,-0.17200882843979315,-3.354728639189741,-1.8340893595008367,-0.21597684057650834,0.4244233419965848
1109,-0.4766839854976581,9.131416332317883,-0.9108568904818952,0.0689678383983221,1.5479709867196831,0.9935169351292075,0.27085585112230426,-0.24481222946039516
1110,1.4829438587034929,-18.246743146274582,-0.6200409008395411,0.03653965311690399,-1.688554051743079,-1.2823953104132784,-0.41334484090848633,0.2768391124818832
1111,2.8465918854632264,0.06354641010727846,0.5053653505708695,0.2365478005186148,-0.2980455270005393,-6.222127880621613,0.7793755509527749,-0.3264764696145894
1112,-0.9391703167254377,2.138313053395052,0.03717673615314254,-0.7997247479825234,0.6523273600348745,-2.35628906737125,-0.5777550074872462,-0.04569814762102009
1113,-1.5099013301478976,13.042734706799365,-1.0031601094603246,0.2590794947258743,-1.474382117629938,3.6579660285847737,-0.29623790086668045,0.4148938083531979
1114,-0.5504381238611984,-10.498903842352775,1.8470475417811798,0.315135509761582,2.5180502010167523,2.0530442335981434,-0.7795508776967282,-0.7719259199657817
1115,4.628012290913574,16.038122829799306,0.8638224504579739,-0.12544832894732139,-2.3008877125550544,8.429433420581248,0.7552665517850059,0.6463783054799679
1116,-2.5968389258494256,-11.518033732628624,-0.9352430319825658,0.29305962652679796,2.3403233172927074,-4.416446468121194,-0.608345700275164,0.16233171545685243
1117,2.0044043101242437,-9.613648405428023,0.9872721805828064,-0.2696304247915222,-2.5243536408681333,-9.49441671353948,0.14896488139093123,-0.15817575802699224
1118,-1.3052112201892783,7.296281780042193,0.2399140446675858,0.3351769623540548,2.015881747547432,13.133998192182325,0.398271716115163,-0.17603482240429003
1119,-2.2962911839047138,6.522091685486885,0.6450920824764381,-1.1956775873515184,0.36687659614675283,-3.3487034105713107,-0.29576055793927125,0.19165105336567745
1120,3.2564688909030792,-4.917770134968464,-0.5802763560249247,1.0839890157589593,-0.23973221289068292,2.4362045726821933,0.4569256296285946,0.7331808788220613
1121,-1.6947787984645117,6.309183275804003,-0.6671026431790352,0.21689001717367518,0.6684534633239725,-2.2094957622232485,-1.2602730008159782,-0.9735880653161795
1122,1.300732556581977,-2.7727313646263383,-2.095211460665638,-0.22258916854453048,-3.708807939723018,-0.7781877383216838,2.018628182271053,-0.20725072162423963
1123,-1.9168385635147729,-11.108687746720136,-0.23143541408629176,0.1720664873958313,2.235797605370321,-5.746801853924623,-0.4189703923222723,0.3582016841498019
1124,2.68781093488883,9.192004392193155,2.0426968015003695,-0.3421060884820193,0.2961146830699537,1.6785077463520182,0.3264618784289812,-0.3387149454052132
1125,1.2730002719543165,5.441326509836927,-0.11514221147206172,-0.367694109181528,2.577288625512617,9.377029371855556,-0.697909592533831,0.5829822673210572
1126,1.2330622731313667,-0.03412143168998227,-0.94874239064238,-0.08929878935496305,-1.9368704034102002,-11.233813274792652,-0.6196401692081945,-0.30922245556696115
1127,-0.8215156448073344,1.8587456970802805,-1.1539671991220644,0.9441134875474404,-1.621435644208752,7.632774317890977,-0.8157580683684476,0.8412279054068019
1128,-1.6715188323250345,1.581487338971101,1.3307574605320696,-0.8578313866195302,2.4554940362198643,1.1176234602800932,-0.23456295259545,-1.5416374832997688
1129,3.2076141377599754,-11.695679695113085,0.2777419921229267,0.36434535367705934,-2.567984196103545,-3.3759507857626616,1.6075442440498051,0.6739306416244002
1130,-2.089782960441596,-3.011676267891687,2.0771417802891534,0.2140408961061695,0.8764852916502903,1.7648392959793853,0.312043338477503,-0.043987940391763125
1131,1.819050427126058,11.583656345505801,0.303519361435292,0.33071468711143837,-1.07345387075158,-2.204643661482862,-1.3075517280971987,1.287551195379863
1132,-1.2233337971826188,1.2981148003991052,-2.839479127802761,-0.6927077954211427,-1.0497476700149946,2.8008765916916047,1.4482088817406673,-1.2066549725278648
1133,-3.385079021217905,-12.119026755818595,2.441352806231734,0.7542008910052758,1.9207519456003581,-5.039108266818232,0.34577910031466175,-0.07624640404094052
1134,0.4972928994884285,12.590563308537071,-2.720548512288431,-0.15446354207914936,0.43414263660981867,5.86448480296832,-0.3871188498959093,0.10936199369943456
1135,2.404183277299211,-12.847542224671201,0.8262542588395263,-0.8380074656812795,0.16904858161584357,-2.546293037492461,-0.4935474799847146,-0.71320443589401
1136,-2.644378034616693,8.66388175153503,-0.7230694292821909,-0.03587461800138669,-0.3890089275813171,-4.747590926649849,0.3953786394448322,1.145847309192396
1137,-1.4116498465140808,0.35022812066063125,2.420861087654501,0.8120795667763545,0.22245167335769622,4.585773611304695,-1.0532497836837749,-0.22238531249246218
1138,2.983170069113129,2.7664548082883016,-1.9608882448776797,-0.6480364162350298,-0.49069333537059556,-4.815475854819319,-0.21571382386321503,0.012134270780853385
1139,-2.652174265231423,-12.435638450088277,1.3356014283798316,-0.6010822772684747,0.6498976872380169,10.487501242764445,1.5243566757131042,-1.3198133827567249
1140,-0.8114881790083359,-1.7965095594168474,-0.24639802500075803,1.005369063839595,0.5509760920922151,-5.505556704406956,-2.39382991088344,1.6089730097157258
1141,0.6669996242721936,8.841482529499388,-2.1578518349488007,-0.27551857930419743,1.1779656397973675,-1.2962721891137363,0.2889974964222901,-0.637742854761572
1142,-0.5973802119854668,-7.913856897731023,2.6221353868928077,-0.0103904327925477,-0.9824009707120229,-1.5957701809260882,1.4222591095789738,-0.02966419298150136
1143,-2.176315054087979,2.5758204580254187,-0.19909709407818355,0.47902847649516644,-1.5301521077258418,1.4600881554182479,-0.013914223846574814,0.04067059699783204
1144,1.8997576858286038,-1.243159459502806,0.033110492444166084,0.6265968505370267,0.29067251996413646,-2.968830363035039,-0.9489472817496747,-0.2677660860121396
1145,1.6154177921714847,2.680439234282801,-0.8763669772372111,-1.699577282780126,0.9050568094164166,-1.0292774099565634,0.9950617509448012,0.4032207771348366
1146,-3.065860502495184,3.099729001419007,-0.4353897904322537,0.3930956042532685,-1.1668776181646034,6.11557676179104,0.547336779296165,0.10344672203190886
1147,2.452960261543268,3.586574716642872,-2.404935736582587,1.1190873951515599,1.092612218176951,-6.583611922798582,0.11634092075299485,0.33191506293633566
1148,0.12739338795114463,-4.7366916473739025,1.4294341529889323,-1.1403814342028156,-1.340918136617443,1.0257399489454642,-0.6079416639449615,-1.148350376757417
1149,1.357304095675886,-1.2154867278375718,0.4895253066635803,1.1060195746307642,0.4036565808372945,7.095603190313682,0.27974207418490415,1.5979166627625156
1150,-2.123094933154846,4.652978600036647,-0.06589097984601722,-0.2967777538077243,3.2179151952051797,-5.567191370090946,-1.2972672432101593,-0.6076617834412774
1151,1.618307482914787,-4.342797592646093,-0.22111712513545,-0.606647365810943,-2.6760085213541043,7.038420888500291,0.23496814050398918,0.23749322624815683
1152,1.3512624728184335,4.653892111468849,1.476139324033511,0.2058001868260888,-0.027948522616082272,-6.355800286872409,1.592348655502768,-0.23448143298134472
1153,-2.0148723761705867,1.4635225573649677,-0.5297876923026337,0.11706733711803707,-0.28359335218799053,5.791266100113312,-1.187285566622732,-0.3461560212987038
1154,1.9583853053091786,-6.2773819006562235,1.4849466552531823,0.4548572396367021,-0.39669546963726,-2.1420366925456094,0.5364752233994423,-0.18717886302894193
1155,0.1902848779533315,-1.7529202261558794,1.911038128308732,-1.4637540753365883,1.7610792324179645,-2.5093758763581917,0.2963771874740626,-0.08293904003414454
1156,-3.357366620878878,1.4999854961758956,-2.924866175953568,0.5824257154704213,0.6895680575414094,1.7845811849278022,-0.65609486086238,0.735019182575992
1157,1.7888717605990792,12.111730199101885,0.3616901810015065,-0.30264911845707587,-1.991298964903379,1.4651930961934099,-0.6103800672294089,-0.6018763571544907
1158,1.2692187301814783,-12.41638637077699,0.5372146904442303,0.40582616889064127,-2.461815164407364,-0.9555108171170872,-0.18718021390303186,0.10211044133422931
1159,-0.34288555412894084,6.654373662873013,-1.6871538890961801,0.2338908580808834,3.876028075363802,-0.9699446409974612,1.5893114604486858,-0.1846831705216605
1160,-2.3838598133642677,-6.541091971974652,0.5873134157084223,-0.4907487323270985,1.3383789528535086,1.6825288701463776,-1.5611100966445086,0.6054750786802696
1161,1.886694977663609,-0.6743551930225067,-0.39053292087071156,0.6854017470091165,-3.107333723353598,-3.5758714185114684,0.9217457660484598,0.06307374365557816
1162,-1.2575177004451916,-5.306893904249023,-0.786653481726745,-0.11776740656368645,0.10780237155459105,4.749951999426742,0.047999667316711125,-0.45743642365826
1163,-0.4847437831988941,14.578023823084152,-0.41224949306676706,0.15206977448675474,-1.759613602101762,-2.173753024510006,-2.019208005384261,0.6158396363392713
1164,3.6171406818271237,-1.351354246960625,2.505602691773447,0.0009415749624182013,0.7582640325510077,-0.7582061175689887,1.6096193790504927,-0.8715778696009782
1165,-2.9131359809897788,-7.979751021627692,-2.5346611506276133,-0.05607735157545335,0.7409019913154875,-3.590729617416038,1.6479044810190508,-0.0030477292326871464
1166,1.7024129081333967,9.706132843471948,1.0738951627388644,-0.565861064781906,0.9083284552335069,6.289006186986839,-1.0365685965608407,0.7953383262650764
1167,-1.0600897224638857,-6.088864024208647,2.7370401698675266,0.5638686454979336,-1.8664023555485052,-7.336986361487021,-0.6461060922610695,-0.6223123893771305
1168,1.2515816279656349,2.6833531945289906,-2.690344549561985,-0.8836963553492225,-2.8662153529197667,2.7614733836775045,0.04124199141788942,-0.02867975285554092
1169,0.3497209087113049,0.1525556212325796,-0.23061607503323955,0.5879512447066304,6.661713059030264,0.9403003768603639,0.06787414640152534,0.38034141047356407
1170,-1.150049424241388,5.8212506510611775,1.4991395017410412,0.45158768267808114,-2.1210511121183266,-10.289461120127179,-0.18842397554204737,-0.04414233141206836
1171,-3.653840936921739,-10.657664065675476,0.3047305114030934,0.7308451027015721,2.0928826463567027,14.071169092662991,1.4276303200904223,0.35246614674704535
1172,4.725063735276024,-6.477275830819735,-2.1943929009331953,0.19370362163334676,-1.5870841927239674,8.998091142045432,-0.7164030719848906,0.25305555061089624
1173,-2.3954521492605068,8.157354113670522,2.9708733355496832,-0.29406211310860897,0.6078108766381352,-10.617131722326164,-1.481509066677944,-0.35796287801507987
1174,0.6786586147495086,-0.3502755906268362,-2.047854062036194,0.8350947572541614,-1.525329868204043,-3.852643819085678,0.8010747734600248,-0.45444563154778006
1175,-0.0064238241359930726,2.8587086194410745,-0.5471985732819036,-0.2497240910827898,1.0918507451487045,0.8347226350252015,0.07844994937521932,-0.028537958232007554
1176,0.5844939121214736,-0.7477015243335927,0.7769266729713138,0.927551106995125,0.1033778395631213,2.3956430800168036,0.2876662149267286,-1.5205247010460008
1177,-2.214392368957874,-2.5834612006095767,2.155672341248433,-1.3499624956024832,-2.3199858220323044,-1.044898277475646,1.0925613142098225,-0.45575910048116874
1178,1.6681987040906847,3.07742395552026,-2.3437014823023787,-0.22352733918059187,1.2714764815043882,-0.8601057963782992,-0.13656552222274776,1.489332563803572
1179,3.4940774816696205,-1.208775369885359,-0.43464101559149526,-0.8997459975854909,-1.7869099034597582,-0.15413545007207574,-1.561912797309521,0.45634479703571973
1180,-4.899499566160472,5.194268097506381,1.0494293558714531,-0.20928167771815254,1.0602779633989563,-14.415457927700029,0.6560250845491176,0.1761562820534608
1181,3.7105376674824697,-3.9258770884285354,-0.7370199939339273,0.14312244378068328,1.3741806128419825,21.188143011911464,-0.5264048961142223,0.15432503388041363
1182,-2.009802244052281,-5.094888563506629,1.4801027734809793,-0.45178342261651494,0.3056188768245871,-4.108111614380004,0.3385339584310838,-0.38766179557668856
1183,-0.40146405248270867,6.298811453544715,-0.9664356366077129,0.13499210817131768,-1.60704397243995,-1.274924103236387,-0.07690606988377446,1.0930111051062856
1184,-0.9221328216404743,-13.489169402023151,-0.20319747698734147,-0.41767676102488593,0.9342902167882237,3.766599801728532,0.31647855812301984,-0.7687508273057841
1185,0.046298927271578805,8.711582341587416,-1.852024040571962,0.690631481832213,1.3384930139079643,-4.287559435443811,-1.3091815972974263,0.25705195371722755
1186,3.626127683456673,-3.7979415435435158,2.052725636272285,-0.9834519011981655,0.4443131886941778,1.719010899103779,0.06750128988220094,0.07390796355288831
1187,-2.126096328932846,5.89563902443814,-1.4639800092119941,-0.3943686452161046,-1.802390402631282,-2.3182632188905146,2.865841746875917,0.7206548114762104
1188,0.2972899487784275,2.577875948908627,0.8606530561188634,-0.13541239057325782,1.0308706044992917,0.5963174000038762,-1.8012642087587318,-0.4539348587467442
1189,-1.4852220235095501,-12.134390887414497,-1.2012472851772316,1.092369400832105,-1.6447495091443542,-5.8844771020601385,0.999944871594316,-0.8222075690145347
1190,1.6212871667749766,11.608494807933141,0.23544661673952305,-0.07539977422008803,0.567959858875529,9.979211163194563,-1.6524972216260156,-0.1477137646565918
1191,1.7202441095400332,-10.966780079058083,1.377509408947077,-0.44072851971648674,0.2847700780533007,-1.098491331605473,0.7248065252138165,-0.5307298229309074
1192,-1.5076041278185812,12.334649253750968,-0.7201982406755434,0.5937874420373248,-1.5403496865057669,-4.167098680186633,0.845193917822435,0.22551993277366744
1193,3.0459809809437104,-7.301267970637184,0.7811051337793202,-1.277923207388909,0.027035052338435506,0.8925610028445732,-0.8914730582421928,0.2791661520777762
1194,-5.215516299463587,7.490802782078276,0.012928010186541883,1.6990611664647304,0.2579329943877866,2.3651192742532103,0.12453634218806187,-0.10388344453271348
1195,3.3930007745167643,-9.856457833334105,-0.7238781464801605,-0.22887695650841522,2.9069443155436474,1.071400480564698,-1.7575984728757685,0.3862703060919159
1196,-2.1748883108404016,3.7294245806921253,-0.02442194246468432,0.9637586708823065,-1.6573364460206825,-1.0480907849784273,1.5494250189416334,-0.21217240934213066
1197,-0.295972457209416,14.547276512231122,2.516161105776092,-0.8094176744529946,-0.15839833917912216,6.071500582358276,0.014413432240978352,-0.1921439044672395
1198,-1.645175099897557,-20.0237788629982,-2.0701259538948023,-0.6874429900769599,0.6861163132989763,-8.543368231007875,0.2921114241793603,0.3346726599331715
1199,0.574210984836327,10.010042505119316,-0.09563421947041206,0.7142210103493838,-0.47175556496596727,-2.12959500444682,0.027978482409350747,0.060686100640030105
1200,3.777649481681493,3.697373010492413,0.29361674178960584,-0.24608829137122967,0.5205523294886465,5.399468181426087,-1.0573098373175966,0.07449950707589803
1201,-0.7615315855597089,-1.6113723907566282,-0.40634494437070146,1.185990943573124,-0.1212144141839051,-1.4083814102187517,1.3400717823196082,-0.43436998694278284
1202,-0.3354606226143062,-8.07972632699034,-0.6278975086247556,-0.8644662404728862,0.023152186780027506,-0.1342831194961036,-0.5108967073934636,0.9863295856878178
1203,-1.5087829515240117,8.980873801851658,1.6007882308992976,0.30590016666554476,-0.6059254909947001,-0.36057282808970115,0.2675796595701616,-1.232783917587196
1204,1.5973578554753374,-5.884982656509635,2.4718497003396322,-0.13431283565701335,-1.4700687442756788,-1.9274905000646427,1.104979743926565,0.7022113965312968
1205,0.8135933381931295,-8.735531898911916,-2.424009138038244,-0.7727173278922379,0.04058439352735377,-5.471133716132314,-1.2702017452626428,-0.05804440803569122
1206,2.6586081773593833,12.676240264272053,-0.046324007118045074,1.1408162819364023,0.26942527846508746,5.413316785161051,-0.4840979268641714,-0.09732322265565063
1207,-2.738182160313187,-1.4694975698591293,0.18817034081007478,-0.3812213142874086,-0.627086834320048,5.323864210157417,0.23255127780109142,0.025505528753322793
1208,-4.546202809391815,-6.444156170370547,-0.3373672694083183,0.05531532469210987,4.279635887493795,-6.95206411549114,1.9121352820068473,0.16227620867200443
1209,-0.06925254495934041,-0.25417431454116013,1.1034305134373312,-0.8978539872774363,-2.655983288266091,0.9154630247972904,-2.251576921849132,0.6738941935630551
1210,2.748145748174352,9.866390582686904,-1.6399331392221796,0.6788676101642679,-0.7412763604882571,-1.0944973136299012,0.05230700136544364,-0.6208619353474543
1211,0.10056514120691418,-11.875484826445529,0.49670462450735897,-0.008571450031823247,-0.1984223462567929,-0.8934346478019961,-0.08216682889670146,-0.22976905228875477
1212,-0.5452542260601092,7.681734576077133,-3.4759109769721874,-0.7425867182016432,1.9666651172964311,4.127093132323253,1.226911618601525,0.06988529690348688
1213,-0.06315263870487797,-0.23354866925944862,1.5689262951311065,0.7911487986655956,1.0927924831061606,2.395804423020799,-0.18702360556847353,-0.3084075040860128
1214,-1.6557871209583084,-7.215180044418048,1.281762922837956,-0.6128248398184297,-3.3572474519170683,-0.23483964395666135,-0.1782407285593237,0.41253866318601506
1215,-0.30155816252809586,6.478234870647896,-0.06882057605515968,0.0032719557533766874,1.708671886317271,-8.307031709692161,-0.6460638426280827,-0.22979436410836307
1216,3.931969518657098,-3.38648661779348,0.3892143337178027,0.08741808347561886,-0.8564766333012486,4.767994004007953,-1.3221436075276625,-0.4170048655992362
1217,0.2057861911230816,3.322904275408405,-1.9703105329599282,0.7106568457169615,0.1942131147636843,2.51454939096633,1.732106178487852,-0.289966585622488
1218,-1.82603551979048,-3.8964276822145507,1.7045166669823004,-0.45280248656374056,0.8598225669762858,0.0727879037737651,-0.23555796805042917,-0.35059270471195036
1219,-0.76109323513964,8.760929359616966,0.2763038866919203,0.5856774342693356,-1.1833475357659413,0.15901742284129483,0.7643555001668076,2.0506957398243113
1220,-0.1549732093630496,-4.742177432796723,-0.03354090832213785,0.292938175172452,0.16003105974153264,-2.3557303580238695,-1.3357101363981911,-0.6281620645708483
1221,1.1415202963875402,-3.5787410211524957,0.8560830327995035,-0.11574158562490311,-1.9967922813620653,0.4475085513192312,-0.1300865653003953,0.3421458458821638
1222,-1.064271306182718,8.277810875576677,-0.8531717832205459,-0.6453784596403764,2.5152993473642855,-5.016763268683029,0.7724808876035301,-0.9389869353696803
1223,1.6243609166991178,-4.4340447765528666,-0.5190798953411218,0.10061199860938785,-0.7077709962414236,6.2385227456981625,0.10409218653871832,0.634929580630982
1224,0.7637306200962826,-0.8645005349803228,0.607242967944174,-0.5544497194018732,0.24133126709308783,0.22569333362014277,-0.9000403485351374,0.005531032420037718
1225,-3.1277840911735666,0.4769039975802798,0.8077894638925471,0.8168243974350773,0.3878822222579501,1.7404848479107287,-0.29099302524022885,-0.4242784703396394
1226,1.7732760156715983,-4.523722795928222,-0.6761443573739285,-0.322125810946595,-0.9375887084846859,-4.4666358998066755,1.4177869669166077,0.3857848166102835
1227,-0.17757640651123552,0.6316515924806367,-0.09155322497575469,-0.9488313577904606,2.039589202034339,-0.5979215222678178,-0.2554359801163075,-0.39748361204458416
1228,2.3537115843197967,-0.4462802458925239,1.2929238083856376,0.6149609084385332,-1.2951914675211018,2.7004304516380486,-0.9612780413537818,-0.42124606437358647
1229,-2.641791667019305,10.47170026977659,-0.5858420836947005,-0.26693790154664043,1.1908940040913087,3.4126246424560094,1.536543572428867,-0.42043819856912723
1230,3.8488662859918463,-3.2957977667084037,0.018418027829468997,0.7376321583371919,0.19509859933626572,-3.8045059421847327,-0.9025678626020728,1.4434018331922305
1231,-2.6305354103649847,0.5924171278089716,-0.5033351122238656,-0.4836378943603066,-2.063671686736914,-0.20015273605282857,0.03881940585966426,-0.20618268709771126
1232,-3.559509080994985,-6.991870741662638,-0.7296644616881593,1.4363620482955426,1.3720906926006187,3.732952800404476,0.9712625129361143,-0.17141070127625824
1233,2.0606221229794244,1.0701464447712965,0.23351065304694885,-1.1327796671525263,0.05303780450174145,-2.381387609421239,-0.680203502346501,0.314408780597935
1234,-1.5801147361989933,7.20405491281997,1.4689931268518563,-0.09881257028501977,0.7911853980233374,-2.785735960309971,-0.0768729612853507,-0.33414306007500194
1235,4.4960230644746275,-2.3795651390872194,-2.221050443749945,1.2629609924485479,-0.2497662023827072,1.4588489972137708,0.385720860550375,-0.45495503319133146
1236,-4.983225134565743,-5.426815988194392,0.6020130175311493,-0.9631929040436518,-0.13359087239348888,3.4504334107601835,-0.4649215782347733,0.5584728991998187
1237,2.8827021674668174,-3.839424740979439,-0.5874673443147742,0.04742610397266844,-1.6016858217747476,-6.561926960323731,-0.40307213460295443,0.009891838781343587
1238,-3.324837122928102,3.1303053410964026,-0.2476863962485254,0.05455483469292943,-2.1799055282269553,3.8032048982917175,1.523082562041397,-0.6497588644490353
1239,2.15932779456449,-9.35345034413723,-0.10123148323940256,0.3636589173267524,3.16622943182705,1.766829117038327,-0.28822421016749367,-0.4074444128573953
1240,1.78589492725078,9.729810082291635,0.5663200589816313,-1.0788695314036332,-0.2971439339442714,-4.003527365251308,-0.5807790620549778,1.0843854763949317
1241,-0.2015671274045303,8.099990179861834,1.2535885727210427,0.19567141958049206,-0.2995258767944229,-0.10464631996899243,0.217548351210322,-0.6534579350871041
1242,0.7583557926012077,-5.734903784726782,-0.7215069968739414,0.23411919855112728,-0.8126052652315412,1.517434358701827,-0.4085931869388233,-0.2715663288979937
1243,-4.163574467713886,-0.8777475951425231,0.36626367367294677,0.06138512400517726,-3.3558883654713654,4.777903701732683,-0.7363006471923796,1.3366321844205027
1244,5.930685532629781,10.44844768081208,0.06809369634467544,-0.018694829416006087,4.9296087860415945,-1.5480068719670825,0.9910192416624266,-0.8332746905259927
1245,-1.9842201485479052,-7.653707127094208,-1.1854017078754708,-0.9653967318666403,0.563220405549087,-4.3389127659854125,0.168529749852123,0.25681077739410085
1246,-1.6901376615458048,-2.8846792974473487,0.1486682706524789,1.048643979278971,1.6527613632551557,0.6985974434213773,-1.187501240348368,0.24702458985126263
1247,2.667619351257656,8.3536075991737,1.4905174045942289,-0.3183185703039584,-2.978784743152401,-4.403789226971568,0.32870850120269424,-0.18579234288677782
1248,-1.1114135449426783,-1.99846950827407,0.3038659020134702,0.7568087419107172,0.6708739458265462,1.2031057120530875,0.7186432498864335,-0.16460614290170295
1249,-0.5184569121232698,-12.221037324718736,-3.259280454982246,-0.367962792441638,0.0538722848368387,4.524756793534948,0.5860003865052938,0.9592660473518864
1250,-1.8724153489170874,10.09489257517464,1.5264298725564203,-0.8244965366250412,1.1147389426875005,0.5997956974611682,-1.096064036194674,-0.5000232011739101
1251,4.262765082388569,-0.21440624925196516,0.9645367729031875,-0.025032766161039888,1.3537650260759317,-8.64901442953645,0.47193209267942215,-1.0461823474905856
1252,-2.1172505601794285,-3.6312549408233394,-0.5144161136809515,-0.07657894106151275,-2.9294267535936243,1.77727919743581,-0.182033324880031,0.8706109955392165
1253,1.388263140122092,4.498572270844932,0.33510138288804114,1.767308294910265,0.5388024047007605,8.730745689635171,0.029687268641621856,-0.12148450923732756
1254,1.4532502322980179,-2.2435859857130254,0.38703895905673846,-0.9947535612990492,-2.562477097922134,-2.5261716452646823,-0.34690099921569306,-0.2008504470016419
1255,-2.435854614735831,0.263706950460346,-0.45168586184816206,0.6079868830106392,1.9969249025187636,-1.1974380602329617,0.1572554110908566,0.1485935358519912
1256,1.4716445908613878,-1.1799834439530628,-0.4410860804913881,-1.7153133941548546,-0.31865716952889755,1.0551399520821647,-0.41895440298601017,-0.18446411353261194
1257,1.0489356766818503,9.682445314047186,1.8336788409569067,1.8646099617437102,-1.0703183617342802,-2.062268232348707,-0.6223369306672417,-0.1556430589303588
1258,0.47033110157295255,-9.282910735020323,-2.3169767015804723,-0.0005105980652331255,-4.371870374823406,1.490444635313665,0.8833060198811937,0.6904224734986526
1259,-2.758307283931714,-3.9756953881568506,0.41834443489030093,-0.809243884440555,5.230401165065944,5.701949980652344,0.9230745140800689,-0.24483638889741766
1260,-0.28294858196386485,-1.1183588486865688,-0.11205764684908104,0.11932422799103648,0.3734415022068962,-5.886536036887371,-0.561279704911053,-0.3889784894206514
1261,-0.5476401795618528,6.328006485342939,0.7771126515653037,-0.29556481629736453,0.773882957364135,2.0193218474809242,-0.1699709069565225,0.09449988270010579
1262,0.6501824552823905,-0.9562854742080162,-0.009263657953226812,-0.14788293529109353,-0.37678200670583095,-3.8850775873805077,0.4960366530846416,0.07731422065334925
1263,0.449983826499448,-5.805354631377156,-0.6590613323360515,0.8266658157929925,-0.4745522776984785,4.019771341288255,0.7815993405387625,0.248540417797261
1264,-2.0064727792608323,10.008690059205321,0.14880835260784409,-0.20780841300025088,0.6056714397785292,-1.2885896892917756,-1.322471912899596,-0.44370824812194876
1265,0.30807595254205467,-5.865290413676348,-0.4393494978262851,-0.95187674758904,0.3534280295085903,2.6416619463280284,1.0537895453505488,-0.32570883211662505
1266,0.42351507635700614,-6.245668282445422,1.966319407934563,0.7401147573599971,-1.277098304298045,-2.8673872983301365,-0.4708225638259478,-0.22965404104333142
1267,-1.6790438105227565,8.72701762489595,0.14507541010395641,0.031311284077879975,-0.490053714554298,0.524606605896679,-0.2998046391228595,0.5770332934874984
1268,-1.3848649987772035,-5.6032175940768525,-0.028108392517737002,0.5488380247294771,3.3929086379353155,1.3454221195045832,0.6123839198922401,0.026352968590806825
1269,1.4159064076942514,-0.8583200324669633,-2.291321305157325,-0.13915522894424015,-2.251408417674421,-3.9638288370776067,-0.30161289512740197,0.3795414877706147
1270,-2.1783969791527227,3.5705190925729084,1.0236018398210405,-0.3011630048124019,0.5338263146854381,2.894866971300864,-0.6238722568414126,-0.5345795923390941
1271,0.9258821073898105,8.196934065293021,-2.345944043521115,-0.7741562409865637,-0.26571833436938697,-1.145198370647961,1.5256645656456342,-0.17680856664525457
1272,-0.11526886203822073,-8.41253990241836,1.9775925989480214,0.8941766893528111,1.3649703795758423,4.062381934870899,-0.7441634245342641,0.4353275750641479
1273,-2.1893261204652106,-3.049531905802894,1.3168245563921772,-0.02669439187923217,-1.527115929433318,-8.809480132646776,-1.2228290054201878,0.19983098839992763
1274,3.6669762073134393,13.526302885764835,-2.3310489418014555,0.3504249922590432,-0.9750072376542906,7.616133974060418,0.23652028813226345,-0.12423721141683242
1275,-2.788561099845282,-11.715386854336543,-1.1291332579087339,-0.1833974649843242,0.40293880721058173,-6.913088937718399,-0.15081684224321812,-0.06621001199302423
1276,4.362437939427025,5.369363250409947,1.3645039618942434,-0.9654813677290264,0.8740851585133615,3.003691139076736,-0.8466895515308934,0.7734681906943472
1277,-2.5947362945885573,-1.3499109405007061,0.7672695999074648,-0.3286930718247447,0.0784893872158996,-1.32359673006453,1.039446465597365,-0.8199804476891801
1278,3.2133733418235977,-4.420749935305935,1.2793116196811667,0.5420714167606135,0.09601302038134563,4.8982196457021985,1.4760403532695445,0.636611709826
1279,-1.561019575818733,3.9156909002914517,0.9546261212596221,-0.19881831421882623,-1.9990659953758723,-0.019386664575826273,-2.20424823484179,-0.4143082760522532
1280,0.3050130357008811,4.44926505736953,-1.3874199709843253,1.2490797683663217,0.572957047354997,-4.699953150034297,-0.0030929858582524616,0.30642745983889963
1281,2.0702512488105356,-4.755044559645796,-1.7724341826835683,-1.6436321818649091,-0.11060088392478562,3.4522413077640834,1.626583434594517,0.1411300351035223
1282,-3.960654479073554,-3.783315854170496,0.6587755983066614,0.23648049238675384,0.5097399669157614,-3.4659846986725498,0.6972659163645663,-0.8820228863353705
1283,3.0985342590339258,-2.809842425887325,1.4261688933813446,0.030365850176004017,-0.6073850140407533,10.783273254023818,-1.659767864584948,0.06803818695217778
1284,-3.131866756470572,8.1053146665555,-0.38334579154617643,1.260203464947324,1.389642446327798,-9.272233025405313,0.48413984836238555,0.01026160765985118
1285,3.281189506884033,-5.332163414214676,0.7843296294370958,0.1737413505047556,-1.9647136104871787,4.103343976998225,-0.13534178377971529,0.5027428071957845
1286,-2.8250218435586874,9.507105893963057,-4.543443065606951,-0.5540757198917845,0.7444085407293883,0.17924279909472318,1.4017214562379738,-0.4547889911697043
1287,2.692904526596692,-6.998066040869162,3.566078923764252,-0.1499099631329699,1.9923968189858954,-6.89973889318577,-2.0096026026132474,0.14800312235060264
1288,0.6048962200781318,-10.167359379395066,-0.2470225567726061,-0.9977298339887994,-1.028079639624723,3.7406478873429805,1.1491680205264174,-0.6068975060738984
1289,-1.992324934323392,7.622414200544256,0.5668981069887025,1.784578208184186,0.22825221332207413,-0.9328291483262987,-1.0879095883451075,0.47219750023890583
1290,0.3595696556822361,2.675912346022301,-1.2219207043439155,-0.5279974020365685,-0.46185703788280463,-0.5301144160968079,0.18945058512858104,0.4744595064594854
1291,1.4670004603543703,6.983533860392754,-0.055875630684283806,-0.16429565216127884,0.42912630049608325,-6.443953619939961,0.7709534949680226,-0.288393302903839
1292,2.6969255417676266,-3.7330416468110457,0.9298925338313069,0.16265990714708778,-0.44387206435692583,12.429156911862066,0.15605806538552258,0.0619524102573461
1293,-2.607882502807314,-6.036838876785623,1.906733884679042,-0.3147231369210175,0.14771378818326042,-3.8777608628638376,2.0098696640557527,0.04204033615263114
1294,0.03342983453035231,5.717505713266405,2.648799249711601,-0.019269796602372935,-1.210628465483886,-6.446610833433162,-2.4646762530202633,-0.2841474377408142
1295,-2.36322372617704,-3.2930160991354,-2.1906140189763192,0.365042427602738,1.0235728639093846,7.227108164197709,1.0746316378331464,0.5747895748333578
1296,-0.016065761915683652,5.744938821641256,1.3369344610585188,-0.08943993912546233,-0.5331888856571005,-5.560778990441619,1.0259255959827946,-0.2983521559184483
1297,3.5655275183423214,-0.6000313394207524,-0.10645931296944866,0.7134797722961679,3.0504873510853106,3.4823494737915155,-1.500978792961309,0.6085048484863629
1298,-2.4821024098382907,-1.3125617758011572,0.6594650074012947,-1.3297879942074786,-2.765195427465269,1.1442214775853827,-3.574011001398956,-0.6600979321775897
1299,-0.4767953615597378,1.7617421282783994,-0.7885143459447619,0.29862244455157594,-0.13231840324201194,0.0986395195445482,-1.1808617596470938,0.23473414739520404
1300,-1.0629710330644286,-2.851224727767999,-2.2702452662577457,-0.38333708409628287,-0.5783675693329116,-6.434547706817646,2.9728219737701664,-0.3390827117810673
1301,-0.7596593641359561,-2.498820561957416,-0.9028557124441221,0.5251195271869591,0.4468006898009449,4.8593126538264855,1.398594284840284,0.12538149094266338
1302,1.9511950481048643,3.664574543183676,-1.1593231751085824,-0.6335899395474556,1.313580418044534,2.6669692357495407,-0.5286342046208006,0.3087175691035453
1303,-1.3123904467658463,-8.240939025595424,1.6509108415693845,0.4868105033011574,-0.4347461101408321,-1.769701566913099,-0.09385586209168473,-0.7004329426220721
1304,1.7329368702035879,3.12292033889878,-1.7987408440308883,-0.03516058323548776,0.42647232350720543,2.385194446542542,1.0247952865737187,0.392998803545515
1305,-0.8006649548040627,-0.49227890679617303,1.8447337248262272,-1.5295758725033366,-4.3009244134707405,-1.2264605521523677,0.3124037883584183,-1.108189937121618
1306,2.6858396133397093,4.473163188960086,-1.430919913106166,1.511288935807471,3.946027580002724,0.38167629977596107,0.31554956494667863,0.7164209972332642
1307,-3.3459035378886597,-9.351030580208942,0.30988245630682343,1.1521380362453684,0.8246836292338724,-1.800852894856483,-1.2149542456182765,0.8787307077050235
1308,-1.0785743204713754,2.990862385910418,-1.7283641702876906,-1.804010580564075,-1.0322145751243124,-0.41727454298597877,1.4080644034045537,-0.2449154394635089
1309,1.9194807439191095,7.102924948912687,-0.5270804887796743,0.3678690668685647,-0.05802316929617923,1.1275945369713938,-0.6839782162050465,-0.7217648160558845
1310,0.2939985568766019,-7.8948658304390165,0.8623518337500542,1.8110892118103123,-0.3752270183659068,0.4503987488401151,0.21147576418970715,0.8940701637632884
1311,1.2443579716624527,4.070816384040597,-2.787783381984397,-1.3244192182493748,1.314504017492764,-2.1439580733295927,1.159661877715866,-0.2153886057441392
1312,-0.9650541743362169,10.062069904503346,1.0900945408744462,1.1556731364455857,0.14958182153805488,4.43223935469512,-2.969299708195889,0.2914772289375609
1313,-0.9650833240883117,0.0780536564697627,-2.7599561166579747,-0.8504979928858418,-0.9469071121196517,0.2599463969937119,-1.6458354584452408,-1.0102880326632686
1314,0.19480463440700646,-17.850423677149024,3.0437305111489934,-0.40465867178350123,0.12266719445862151,-5.704471562932376,-0.21208820674185347,0.49287792571595457
1315,1.5655510358244271,15.170358663653815,1.1097928122041623,-0.46365625942519983,-1.0713593952727294,2.8313141462992775,0.32235267623565456,-0.7129361400927579
1316,1.0254541604442409,-5.320631555154193,-0.43833668395990344,1.6819862949087607,0.9129626318981092,-1.6436895070816036,3.4081994425007824,-0.020307806827181807
1317,-0.812709341488727,3.4979288563345676,0.36351045134472315,-1.209852294559795,-0.5712648109589598,-2.6177577564712564,-0.39326979254501104,0.7577396459260903
1318,-3.8926098075177435,-7.58518699787021,0.6707229759314686,-0.04148624210784391,2.3341275715435525,-2.574065611502135,-0.7062346979354501,-0.3044178849600643
1319,3.3521764808002104,10.153919490554756,2.173114089623212,0.19484909623049163,-2.0984817756555962,11.149742648417941,-0.728282855909816,-0.4050970412166732
1320,-2.18296541521417,-6.895534595302081,-2.784274580254447,-1.3935509133869672,-1.2313318505304807,-6.901096147418933,1.0604281236131694,0.07513670183106136
1321,1.4873534140357378,-9.784584185843926,3.2681144250094434,1.2151627951908353,1.9803846717197633,-2.4243104338530728,0.45217410166332606,0.565262565981905
1322,0.417286614312502,12.05638270269418,-1.4494932497812556,0.20026028647141914,-1.558327675584552,7.522537030575485,-0.780633153321661,-0.0558134295232291
1323,0.06276246533479934,-1.4680910936288,-0.29627149471394887,-0.1671127115074782,1.6025145369394842,-4.87935457587546,-0.28920654438953086,0.870406067726345
1324,-2.2226192618793164,9.003408281568397,0.8323121132632707,-0.9494983685825957,-0.8114233512665532,7.041980272191175,-0.565373412154754,-0.49196865036907056
1325,2.189695758337052,-7.4729563216883435,1.2985772717803457,0.5306229155177462,1.6549948499310236,-8.025045947357356,0.2985585622469724,-0.27241859646686617
1326,0.5275172779921604,-4.055986066416949,-1.6809452821906916,-0.3318533062717677,-2.7280884953484374,7.600316653704176,0.24166260783131044,-0.4239265697072536
1327,-1.975528909436008,5.074405618314529,-0.9493784160692513,0.40369626371356304,0.6098628209763532,-10.689777797127903,0.24756193600148357,0.4039105778705139
1328,2.281803231742259,-12.985134433189103,2.051721896464329,0.5353909766055978,1.6285502932365112,5.90502392476737,-0.6060251001500294,0.2866191445359565
1329,-3.903102547861579,15.503782834049673,-0.8641625471515937,-0.2460599246571249,-1.9708768209816832,-2.446835422635367,0.2970088689872412,-0.22259896198267892
1330,1.9685817077638603,-2.9471821811306995,-1.3618725192610555,0.09804443441685606,1.6496807041419803,0.053478483285388734,0.7845283841198842,-0.1775982556708069
1331,1.5698230047627533,-3.0264065846397443,-1.1031781027391219,-0.2729564143562939,-0.44575183155692244,1.1359049282448055,0.021877144608243526,-0.3467538198442046
1332,1.8891484634872597,-9.92704700820542,1.8828218797820568,0.751978733164357,-0.18709855010173548,-5.091529914886777,0.48500321060966023,0.563053542098829
1333,-5.22620301536702,10.809482051624173,-2.1772734510276877,0.3871420195700921,-0.5735463631867894,5.91234660974564,-1.1656808954527555,0.16656518183982882
1334,5.845490439862147,2.9011075055952915,1.7583955157651587,-1.576567744182114,1.155974244389558,-6.503031437145651,-0.06228822817730517,-0.001474607339035039
1335,-3.2464335758728,-9.149465036036247,0.07275628703592929,0.9497752600239906,-0.4004758410832068,5.252739994608156,1.9373082420405314,0.23469301488323158
1336,0.13433074151976143,12.080123782802843,0.2388512950144701,-0.7598752809173419,-1.1929264161637754,0.6404379294322098,-1.8791407771890256,-0.7813468918269599
1337,4.420560808124975,-11.111558185611727,-2.142566162782799,0.7174277506401694,1.1273390689104819,6.292824953855991,-0.9253115738618511,0.197510809333723
1338,-5.474584878192701,-3.3567841969016854,1.8616601539642517,0.24900382651451025,0.2526220321898407,0.7870110399562904,1.5503795135393528,0.2828783018729313
1339,-0.42036994887769197,13.498974970098857,0.9401698904060964,-0.04830877562078939,1.2747450106246792,-0.5648454950640343,-0.4033169197845048,-0.25231001471325776
1340,-0.536687504598973,-4.415150146048688,0.054565835329697165,-0.6423381937724244,-1.8527632226669368,-1.6672386012636622,-0.6637502844394234,-0.1146559577026709
1341,2.0260156945870733,-10.264410183821155,1.2062396847462367,-0.03813758668255929,-0.8567266382690129,-1.6255046457078635,1.1090511009471573,-0.07613121993069161
1342,-0.4762945393890732,9.900010374066653,-0.5969626645800901,1.3474843809705632,1.6339545545270866,-3.2298116168773987,0.7800072892896157,-0.3585442604761946
1343,-1.0119855187037388,-7.261744857167116,-1.0151045475832206,-1.325794146809507,-0.6522079206871965,3.5009112955971204,-2.626958681813308,0.2468961248503927
1344,1.0713910581583548,3.6986456570044197,1.0268417199526851,0.26957733332427836,-0.35560096289739107,-5.580328055423756,2.3443220349734837,0.1915544088158443
1345,-2.9742453252966072,5.51164731275162,0.503779942494404,-0.05566788191087113,-1.9521515612763967,-0.5655470306964432,-1.058173455879004,0.5824122669133409
1346,3.3225263859457073,8.623896298821649,0.6708824747583293,0.2935748314696909,1.0689511090981991,-1.2109926165997393,0.23905883394647454,0.6557324355747811
1347,0.4091214086174375,-20.84825866524949,-2.5837156162478436,-0.1385424073993775,-0.4766037687196434,-1.9003190422753278,-0.20805414349072926,-0.5840694441092138
1348,-0.8439919877416173,9.213549182588906,0.24175817335894578,-0.23261460169034365,4.056770157564152,8.104547949620034,1.8647598925180908,-0.18389047460724672
1349,2.3331534606633397,6.394616825984599,-0.703941244908961,-0.7347402007566544,-0.8903531928579547,-4.95877129413347,-1.7020014341596852,-0.18247774743339296
1350,-2.727136768043522,0.034443878498166214,0.5892822174765513,0.7679256953151778,-2.7073120887767157,8.172988638755562,1.2348204969828132,-0.2163493761830395
1351,5.4305749570334,-2.3091029794304063,0.5067805329062338,0.45810899767243995,4.046863076457406,-9.681977070077217,-1.5191047196494232,-0.19212716828008247
1352,-6.159775374363676,-13.067065990869025,-1.3180648328529543,0.2184401754798273,-0.8643710824667714,13.10101960087637,-0.2831892237788125,0.2792393712524177
1353,0.7903495261109867,11.07008192787174,0.4090825172304591,-0.7628273455846539,-1.0825044140225124,-7.718130292988313,1.0223987827817993,-0.20668008900774737
1354,0.6847826515449071,-8.092782239205178,0.17890986464962566,-0.7557311660431267,-0.3592457438398071,-0.8152832976617148,-1.3774750188388865,-0.8095445805154835
1355,-1.2284239157173147,10.39101726988872,0.18776408439420322,0.26897171903839023,-0.6807319496111788,-0.5264322816701963,1.205685191962628,0.17193324201122628
1356,0.5568699409663509,-5.854532939743592,1.0497307512459173,1.4843567981948311,-0.47250333732112537,-5.790215053307001,-1.4915507056042259,0.454739086022113
1357,-1.6043918345127395,1.84084625177411,-0.9282024446186057,-0.45036318434780753,0.8372401032315224,9.9703617443489,1.1137816222833123,0.1984273667399754
1358,1.4307487195241038,-5.038695355748928,-1.6742950401816898,-0.45762136691910626,1.3315161641384705,-9.208125127520425,-1.1067165266241474,0.16393971009129027
1359,-2.1324593816764548,8.239077183270012,1.0955048258161355,-0.22737888116223104,-5.173928906903193,4.6982291067977755,1.3784069998461916,0.20965052297699893
1360,5.1422430796036736,5.29156732711823,0.7299608797461303,-0.36468017872743275,2.8651289137782534,-10.056991858725574,0.19495368838480154,-0.29631225765379243
1361,-1.718395502677538,-25.898100725911718,-1.888038140358475,0.9463010929696267,0.21238050541003162,27.62193973832089,-0.3600772020712153,0.12590278133875277
1362,-0.6134336866225567,8.077452410781632,1.393622974305515,-0.2684662494866714,0.5617936316870349,-13.447107282042595,-0.2468440864290944,-0.15673283447656816
1363,-0.5874092680844285,3.7406727799410078,1.2112391826298108,-0.21631481446512169,-0.06289008726469092,-4.219606954439556,0.2523856769713273,0.5964572461100861
1364,-0.3376686452342881,-11.472894040134008,-2.3264552112353982,-0.3458921371219503,0.8208837130416917,16.800705033489812,-0.5151366166729598,-0.8686756209278976
1365,1.9375686505218823,7.158614324481107,1.4913018725673908,0.27726537303609433,-2.3665832300926954,-20.429117995479935,0.7923692598344569,0.5647612904145873
1366,-3.0182100810817474,-2.049114770524625,-0.39021623164303776,-0.33322182871248174,-0.3491933975425425,-0.6237597908617403,-0.12658473985714025,0.3992194333551602
1367,1.6426732748804511,3.8949009679245137,0.2868425303237103,0.29791302921115204,2.0662377226125646,0.18746280218665134,-0.34562251104048514,-0.7993896319529057
1368,0.3543646535403866,-5.929163049198564,0.44917984775395325,0.5167950055992208,-0.27358128892379163,-1.6960040476772278,1.0086256726572245,0.08485035401470054
1369,1.2226642117830693,20.374485053843728,1.3989025680225637,-0.7630812194330474,0.6148551066997463,13.432240055723298,-1.3342252854374212,-0.053024491200447166
1370,-2.9548927307850192,-7.893480959554438,-4.3422765077628895,0.5860565501908894,-0.09173375068292877,-4.832646150344161,1.682171284382834,0.26346930188518414
1371,3.907280688939153,-0.07854781091867835,3.5201358315498794,0.29730333260192765,0.41772530627313387,-1.4045935961888318,-0.6418661558678629,-0.20505473746361869
1372,0.2237534086790447,8.418642174218633,-0.6581521245656035,-0.02835374776035593,-2.662561716218912,-9.799505036118163,-1.0691499920263023,1.3629955141092136
1373,-2.7884990855797867,-10.488871997534147,-0.36448960050717005,0.19719989085538714,3.5195023375090138,11.138249541521972,0.3957415691142092,-1.2501669523211305
1374,3.466314783754626,12.219359869707432,0.27376237165275086,-0.18359468704729665,-1.832144011370632,6.6102210398877475,-0.24851787608251996,-0.3363561046490471
1375,-4.977944987241386,-12.640679601497425,-0.03078434159733945,0.266563671091248,2.0077424866522353,-9.642062896891964,0.26644551670352534,0.3845381381795461
1376,1.3061998915108006,8.16450772667423,-0.8789941899148488,-0.498068506159008,-2.01505792907715,0.750800651379592,-1.0910991030085437,0.20575726063795585
1377,-1.956228788337853,-4.078531801628969,0.21697314306891258,0.29564208885634,0.9312034901540915,-3.261024269781032,1.2421804186984549,-0.3908201246711567
1378,4.950058052362891,8.712500781710446,2.2424065269030535,-1.167707486638335,-1.3965549069188832,3.782769103640284,-1.6432677008738068,0.7218693708742201
1379,-1.7623338073065327,-3.377555680721457,-2.9561085510131306,0.2916592851439006,2.1705436550330894,4.240942224249956,0.3824594262466823,-0.68263080017186
1380,-1.4588191404369013,7.594650437844166,1.2263134440672303,-0.40015393832612745,-0.6024206873544511,-1.0624408586869052,1.960980349734867,0.3439509920503516
1381,0.7952449022241979,-4.735119215296777,1.0744142925812383,0.33991322573919547,-1.5711918746448674,-7.1218980712275695,0.34845853845316643,0.4972137713235174
1382,-2.892521011849368,-5.427065355377238,1.4754730218734409,1.4887572163836111,0.577933709654463,3.509528191027627,0.5510371476499154,-0.003854375142687161
1383,4.423991200385785,3.601126226750978,-1.9870329043065595,-1.5008468885379713,-0.3876681334596377,-2.021275368093079,-1.3129659532568922,-0.8202581041469603
1384,-0.990628430373107,1.8688328303999242,-0.42302749907609893,1.0024467086686712,1.4801001478231406,-1.2421033756524338,-0.05163677095873531,0.23310421224271582
1385,2.526139636540904,-2.237060800055815,-0.44912624093203135,-0.6059801421943192,-1.6707227361362555,1.5500134461906754,1.343203603179754,-0.19203494378604624
1386,-2.5442799893581025,-7.520359872217057,-0.19796696606590558,0.5620737374334155,0.79155814102878,0.907270043186422,-1.4818378137262496,-0.14839763036694897
1387,-3.2300153141672183,4.793716922407668,0.8543733048436906,0.6352629849514884,-1.577800437655437,1.528322117042471,0.08622354681783939,0.515437930554218
1388,2.282010659946991,-10.198705030378903,-0.47295054625369914,-0.5548209358479923,1.0484522435565324,3.703265976851064,-0.2694175851481866,-0.9712399546540826
1389,1.6167715733751606,13.344208295642602,-1.4206743690443773,-0.3623953641871225,-0.07225854184240177,-2.728138533477491,0.4258341589430188,-0.3237515516956959
1390,-0.6021758983757195,-5.953279912109224,-0.6010617148034498,-0.9797357888773774,-0.8749439658214513,-0.5584390431672972,-1.9242843669121683,0.2608686177535864
1391,1.7508240060292337,4.452809706583253,1.8509131785761923,0.9353264619888506,1.2562029032442137,-3.793157797180349,1.1686184712300527,0.7618863092072736
1392,-3.9669217446415246,-5.992679328402232,-0.8712168588939306,-0.8268068391531571,-0.5771344517570274,2.574052464139818,-0.002759428514833573,-0.3565663350182682
1393,1.2992872538577558,-0.14385149536474273,2.0504712532297162,0.4355634680221172,3.030060879885367,-1.37588510214632,-0.9779137972063943,0.4336064915346274
1394,-0.5548859889704545,5.058893945698458,0.5540522678375055,-0.10987677631231207,-2.870846204293345,3.225441592283957,1.7901866022541686,0.1962500252969006
1395,3.065960460607357,-3.6639226538835032,-1.917262387232114,-0.3758719487146962,0.7943813047502761,-0.3709357558891426,-0.9072097289940562,-1.2661250186390234
1396,-1.8165313117523283,7.373875842849031,0.47314037425614686,1.0981759959095712,-0.06940250737376452,-5.428165483407021,0.2764336775180052,0.4920908656725267
1397,-0.7777853874808329,-13.183107720717885,0.18529906475581015,-0.88378927009569,0.19341499668261974,3.993833373086879,-1.1043161086945936,1.4941407336981127
1398,-0.03590777360284392,5.295617705368841,0.34265730281762785,0.5119220098764785,2.330192342320901,1.5320110054254528,0.9104095583230807,-0.707772693525464
1399,0.47540696802744264,0.7488207457352019,0.4133929504197198,0.43479898841250275,-3.059183111151283,1.8554857791165063,1.0392139402660145,-0.22388218469695698
1400,0.9459978860586773,-1.6567430686774287,-0.27881526065050366,-0.055825581020876314,0.06346649611484168,-2.7294526590495636,-0.9250793465251119,0.0036892640289662992
1401,-2.6731750626613575,2.8797291789662722,-0.814086128973841,0.2467193499432554,-1.3737680755247546,-1.623224898081837,-0.17084667647753715,-0.1137276272246801
1402,1.3663128356286904,4.560144445508229,-1.274254721849644,-0.38783552630764717,2.2542661002042568,9.782356189538405,0.17238349757097549,-0.2737373763889872
1403,-0.9329409030111719,-10.455393150903774,1.7337277825266142,0.005620261689529116,-0.7426466812174777,-6.543726622828402,0.8516681569639601,0.33007547851257435
1404,2.939858142473554,2.247882265245437,0.14230281184607918,-0.6925622490231831,-0.14729947376846475,-1.0907792838844301,0.3751197248805971,0.10287226771022695
1405,-1.5471455401215337,4.266795163016013,-1.557503952792544,0.8945960971594502,0.9247755347842848,2.0508782937331844,-0.25412882486145616,-1.167394843821965
1406,3.49591352253114,-5.975741918172901,2.0125843722028804,0.10926105035152034,-3.4420985753264812,0.3640344585604751,-0.26525204032445515,0.9869461852048724
1407,-6.4475330965023545,4.537267184792142,-1.5793333180577918,-0.8244620043297246,5.181861521774017,-0.5145299778012884,-0.44301430672310893,0.029590389555065322
1408,2.180859441073693,9.696537229802232,0.7293799214442487,-0.10439028168049447,-0.7333950499006026,3.150555734166076,0.6902233027150455,0.580518161561062
1409,0.3659622393913935,-9.299717795239587,-1.7331457946456084,0.031802097215646086,-1.3322833919922896,-7.698958142018327,-0.22757996371391087,-0.6625481111605547
1410,-2.2869363022935545,-11.671668344568275,2.651342532156079,0.5273060745513831,1.1764115599408598,-3.666715283390623,-0.46732279855261183,0.3682671157800792
1411,1.9205807536229713,9.63781394406783,-1.143915276371672,-0.26185476625363435,-1.758227091206244,3.777504940085322,-0.39829440560474083,-0.17153825090796282
1412,-0.3818138667475921,6.293780954445765,0.8025396142353145,0.15370669044125407,0.1258807386458578,2.9834916106782075,-0.3162661002344169,-0.33811300125725907
1413,2.2808751858816265,1.057469319549682,1.7968955524969061,-0.08428382286297875,0.3625318927871284,-4.674897758931479,0.5952770490796695,0.5252886523684941
1414,-2.933723806197719,-6.069465800564103,-2.484521454532839,-0.7755593349804144,-1.2062387448481076,-0.9242581884835488,-0.4522252243363347,-0.716970531362807
1415,3.476831501233818,-3.1065488064968463,-0.8114157301642138,1.1386346789751656,-0.6575920792572667,2.275610047767948,0.20148401150015616,0.59905419642757
1416,-0.2861529041242079,-2.705154749115991,1.3077407063449016,0.08063165900924218,0.7739419884333802,-1.1954863075459201,-0.6852221606852353,-0.4142235432571324
1417,-2.0784701463387023,5.316241303114907,-0.4837292848979331,-0.30512015068442366,2.106518482979972,8.222062313990925,2.3816365948042773,0.7217161380185546
1418,4.178979410283205,6.900045921635751,-0.3719336648007783,0.8708136576145833,-3.1488986518684516,-4.336273367848413,-1.4755814469243873,-0.3226841285416686
1419,-1.8123831454506671,-4.388070079402951,-0.3864035291923784,-1.0655122942168944,1.6200748923764454,-2.259583395755243,0.37773969963540743,-0.23672859877135632
1420,-0.8863266296621646,-12.841333298749134,0.7041509153692687,-0.7075462295198207,-0.0917564502161472,2.4165229891274507,0.02194909773750986,0.8844908039489221
1421,-2.528602314061061,3.2826266047458716,-0.11187490465428596,1.2602617968328218,-0.17197081000110614,-0.7992804156931399,-0.34224129815003046,-1.1127977846896258
1422,-0.021959505629126852,3.485430205776993,0.4949354322586572,-0.1964214447805901,2.26393047442094,4.200775961092852,0.7517382579802394,0.13772357783389477
1423,0.27217503458226133,7.452052296299712,0.10812199807638478,0.09754740624139657,-1.7383872045523407,-5.218377601500322,-0.12048871655414573,0.3780062639231909
1424,0.917045203568307,-2.509330101478781,-0.5518712316881107,-0.20539923768904345,-0.34858774233573087,-2.831643338243076,-0.6735193588853914,-0.140239002900854
1425,0.08164784783960499,-3.125138041660364,-0.09569251057197903,-0.13180119009435742,1.7221526690639415,1.5076591369092682,-0.7292078280690415,-0.36991704036903084
1426,0.5676628828626349,-7.126109198239533,0.5557287227626517,-0.9749760329484474,-1.6522312590148562,2.3314698580979965,1.5568665297345134,-0.13338484329891998
1427,0.18386161089472353,9.144582244065532,0.582914475945671,0.38303973722715057,0.6993231819427113,0.8280211803524367,-0.9306901810475203,0.8466074158749137
1428,0.1590171574009105,-0.003107119931826219,-1.62892364377835,1.3177538492362686,0.4742294999495318,6.629581772562652,-0.10357881761259335,-1.3437186011117301
1429,-1.3655066351114442,1.4466426840806434,-1.0120207965317576,-0.7257274776028382,0.2059377278276937,-2.0034426509903867,-0.02137080410008707,1.482569814788298
1430,1.491457877951916,3.4176009659213378,-0.8875443535889929,0.7420992236693422,-1.3199847472373811,-8.207331727027558,-0.06692039544071271,0.1907981462875341
1431,-0.5575210385656533,-12.213776748179214,2.4322492638732314,-0.8188233989624081,0.7381729071746896,5.45456728008746,-0.21354128735509903,-0.870538273855356
1432,0.19814370425055472,-0.2000224003530775,0.723524307269173,-0.24756948308261428,0.2844086943195556,-3.414640132957807,1.8845394176639587,0.08788405361163232
1433,0.8117782408142773,-0.07950041745840508,2.0500491272200208,0.23186960567942805,-3.0820805058260916,2.018212316116575,-0.8333752053398786,0.10140968190337674
1434,-1.901512064986889,8.712049517071648,-3.93905788878763,0.3674926168742658,2.1317901894566624,-2.13237465041167,-0.13859351041617174,0.24580314720020624
1435,0.694144723578404,-6.644030268185304,2.463353325420101,0.5314896482499449,1.7852178807952583,7.094154047128683,0.9333435138371922,-0.8447424250149149
1436,-1.3203688244890373,2.49960352516689,-0.1486693118349507,0.3308511597428918,-0.5702327211091003,-12.655407261454066,-1.0534443869841397,0.8879817651597781
1437,2.550045589125972,5.502012936733308,-0.46987805565474616,-1.5734337723895493,-1.227251580794423,2.790731438598364,-0.25040470275849636,-0.37391377218972366
1438,0.494583489762249,-1.3216491231301006,1.439284133522392,-0.276164819528141,-0.043093569807037824,4.773487314340514,-0.7547030276567934,-0.5757415855305759
1439,-2.1833639928566697,-4.6050465188722,-2.7565279199204724,0.1708772049545857,0.10320640135300962,1.0909942552421157,1.2713153889569941,0.6424301028274071
1440,-0.42006580353219647,5.865241576745973,0.4937988416889709,0.38623953558353463,-0.5932305185130993,-2.206348708336371,-0.35961739334007525,1.110775940450507
1441,0.7531361696988199,2.7565722034759688,-0.6910822101252734,0.02408102318018024,0.4243673001186572,-0.1493506925454824,-0.8074712630899104,-0.8678764891572639
1442,-0.7121677535965603,2.2335190653141694,2.7831411010433555,0.06601691145793609,1.184486411995369,2.7409778230191364,0.5436513832930387,-0.6539106348260173
1443,0.0708804216592398,2.149884499632094,-3.217325305082497,-0.37615177326902227,-2.3269024762722204,-5.7657200056028515,-0.3890118657254593,0.38440568747893344
1444,0.9966376477738379,-2.1452616111234875,1.6064769965970669,-0.7615184106336201,-1.2764549566313885,1.8934963801983002,0.873707581716598,-0.8267756584831911
1445,1.0843023492668067,-15.941334326378865,-0.025197357376242735,1.8522408462401572,3.470665011940536,3.004311904030999,-0.2397608348402116,0.7589238556355893
1446,-3.393494813028525,6.06741969618912,-1.2344692558023382,-0.9259756256292349,-1.485035605492934,0.6728619910529829,-0.17117397652829247,0.3423733347912794
1447,2.7533632233182743,7.862352038663289,2.224004938084974,0.69923983663071,0.3573207110394758,-7.678265580406148,-0.6291601017391297,-0.0888122312580304
1448,-2.4423399612632863,-3.672842917514174,-2.291390519572303,-0.31322593614151373,0.9781948226856585,6.050121890559517,0.008398965155278049,-1.1701871600743106
1449,2.3312723983391095,2.035428272719116,1.221097856595506,0.49896772400720124,-0.001266755429579547,0.6450036403446688,1.6830047464956408,0.4292944039492257
1450,-0.37994299598639714,0.04161770548557797,-2.3363596880970903,0.05466476353619498,-1.4111277700364404,0.9980529482544043,-1.332863315962019,0.7465833632832277
1451,-0.1090811260361022,-11.380163050396561,2.3586117626762615,-0.9476384959821615,1.1275568850844966,-5.49369832832955,0.08608786310560923,0.4349968938504931
1452,0.9736842983161011,14.03209004572517,0.1441676333726889,0.4995979185854367,1.0638047802406305,5.2665613141037895,0.8453103432279097,-0.5706432077489234
1453,-3.983791077965833,1.8962898842630125,-0.9899432162569468,-0.2556321216002573,-2.6775786642839527,-6.3609945106809604,0.06605929356353535,-0.13660537500272696
1454,3.256985185421769,-8.222538982270066,1.439734435235735,0.16533620065205668,1.9292499839878996,2.749253848596929,-0.5388334315526926,-0.15963568852010468
1455,0.24755696529209104,3.3377154564703346,-0.023460567191193604,-0.31590689149745543,-0.5507377572206789,1.5708231546401947,0.21992383767009116,0.29366213804518715
1456,1.528520230415154,-6.7785777798694085,0.7790287356272501,0.2868292548362703,0.33028925801926867,2.123615551250431,1.0914479653138844,-0.6142490114093588
1457,-0.2947959230845072,1.2353261915099552,-1.2037218542438524,-0.4827170521520472,-0.5981855266057643,-4.5659775139677805,-1.9131686086078261,0.7583679495678943
1458,0.17815727527596437,-2.2970759894888033,1.2561087882514954,-0.16054551055596278,0.8218513010105379,0.16419613031018798,0.5487612449274,-0.3709487677047676
1459,-1.4446588537255423,6.125195822821468,-2.6688518322820443,1.264192855861701,-1.4732668796204855,3.2477207247101347,0.6573604151724535,-0.43368867232821806
1460,-3.2045743637301314,-9.192127741101842,-0.3200306088164382,-0.6356036990453191,0.41336557040808763,-5.036675669091956,-1.5620282588000034,1.0231402747391352
1461,4.71612168812419,8.464486078668017,3.167593559592518,-0.8370515045310896,-0.2992139338962989,11.004806811026405,0.1304432532281936,-0.2887825301523179
1462,-1.8012536023160237,-0.9221289187900084,-0.5050275658976773,0.7963188985054472,0.0010779222387924392,-9.161499267904041,1.0738021720338526,-0.1719578968134794
1463,-0.8732771204669518,-12.848804974918835,-0.3789147170448217,0.1091223923711695,2.079925922802895,11.26006561062065,0.95428128452998,-0.22453300938833376
1464,0.5568569283337865,15.50185533354437,-1.458037625571862,-0.031970072365773206,-2.2902098242536972,-10.108666968270363,-2.188057421770898,0.8132553366437891
1465,-3.1936449021417843,-5.844028499961269,1.2941249444365042,-0.32251578561140803,2.22768631774772,2.895463179688477,1.5121274553950865,-0.6949757063357813
1466,2.359272026573734,-0.6080509678574231,-0.5437346074768783,-0.351538684039177,-1.219315222215295,0.7148196134486184,-0.5215863058795858,0.5362013361960773
1467,1.310701676958331,1.805386704660691,2.6884150014893464,0.15671279454360132,0.5693079470528755,-2.65464540647735,-0.6454867441106362,0.028142725004277835
1468,1.7299842372323155,-0.9995920502230433,-2.832719141016696,0.6533713560584147,-0.6707989787994997,2.851784466064494,0.5286216574996594,-0.7697558957473563
1469,-1.2225164716849406,-0.5654810598925906,0.7193989209082332,0.2241511721217222,1.158194341649482,-9.500396108286203,2.482840332205999,0.21577642182072143
1470,-1.2752161094202847,3.270683279925777,-1.0620507300908741,-0.16758601435476095,-1.0804315864899134,7.422718030727125,-1.9903192421042064,0.10690067134156056
1471,-0.07572575659685299,8.640878388679653,-1.4320605401177602,-0.7421236352251057,-0.2833202070823724,-9.956620141932234,-0.8626524520621466,-0.1294221571784604
1472,0.8677031924435994,-9.71063213010035,2.088303681156731,0.7107914650564666,0.22804119034526238,9.157331623949247,0.14930504355068663,-0.0954071776919827
1473,2.112558952284502,4.5172759592391,-0.7025160383010416,-0.12130999534265641,-1.8587580859581632,-4.04269932985148,-0.10644778625543871,0.22417759333307874
1474,-1.987264639095713,-4.90616065287918,0.777004916739628,0.12090635218908119,0.6823024378988496,2.5700730634666797,-0.21732131915888786,-0.3426040204120042
1475,-1.219332862439444,3.67209996819372,-0.8427628252326258,0.7104890885359723,1.2291361547253103,-0.9174311716261982,2.1732479925318504,-0.1510550649743747
1476,0.3288602928813873,-1.3835133235995158,1.056202472387298,-1.3920738734322597,-0.08540042168144701,-1.8037348726995006,-1.7048749987868277,0.505581182796047
1477,0.21282479051524206,-0.9815991388798011,-1.9273051858993853,0.42497287051909893,-1.4035417431239932,4.136326598012371,-2.433105752713903,0.2806638690193033
1478,1.5473728360755388,0.7935803954668472,0.49544172795052077,-0.08791525336448558,1.107561162756193,-0.6898704916405229,2.8352343737463332,-0.3052756889499495
1479,0.5400840041914989,1.1088548966271219,1.4595257290888526,0.3212191436614873,-1.081761854664137,0.2700109977591332,-0.3572553114732937,0.48682141330776485
1480,-1.7146668759177999,0.04645244745580612,-0.5189895038062105,-1.2847684236536026,1.2714280913769027,4.62845681558537,0.00889798755493132,-0.22078202520593226
1481,0.9616904310878454,-4.6035458682223975,-0.7427679819046347,1.6251095453012852,2.2260384448691184,-0.3516762533133502,-0.11946948948719616,-0.07180157189541259
1482,-3.718401216724345,7.318828409552623,0.7112258716768451,-0.6173525882322153,-0.01853845371555707,-7.7959279937399515,-0.15241388526233202,-0.02507962103200878
1483,3.110140120833478,-9.686203204099627,-0.5289883596251173,-0.696276879040596,-1.8738677986090533,15.640561925182197,-3.130748189602243,-0.21499802301333748
1484,-0.38133055361436163,7.40070894300419,2.406383642793415,0.8845258105121587,-0.3623653247886871,-12.130645040943271,5.643409954738255,0.1197099010606344
1485,-1.0447699405112587,-3.860585412627074,-1.1405300191690912,-0.36271789449072855,1.8852388353834293,0.942581704020121,-1.5352022550389295,-0.22610943889263702
1486,1.8547805185966695,0.7539746145583308,-1.3102210758435717,-0.44442946596294064,-1.2056226857276364,0.12932145846391307,0.8389367649546404,0.1687133460019794
1487,-0.01924992987065366,0.7850785665274884,0.7668229747570905,0.08177659864103504,0.8536049303258313,-0.7289760997754655,-1.30836332347093,-0.5171952489740326
1488,-3.3727715786154135,-1.6806927009138803,-0.04746397172833383,1.352428086382922,-0.00898078771562183,-3.612142518698505,-0.16673148611818078,0.2345653749220329
1489,0.7888231474171619,4.309835274836075,1.0658177296513855,-1.4735072291294529,-2.6287834779668486,0.5175978391567426,-0.26132409408070956,0.2091884716592336
1490,4.376044017896049,-1.1796305475276654,-0.26194792586962024,1.151227339659357,0.5668663316345821,10.391996364199706,0.3868293822672406,0.3567853153721332
1491,-3.335593581591013,0.7344777725626841,0.37214310749426716,-1.0638326641713718,2.202374092656914,-16.778070014153656,0.45331185596289103,-0.4294851464222038
1492,1.9566253170073082,-10.264346036913082,-3.7837437357259205,0.18089105716602205,-1.0133234584059672,20.247668333462684,-0.6764793739604649,0.2620504325943527
1493,-0.7145047998985774,3.4779629113556325,2.3895267299532748,0.6313812554625997,-1.9897056200493122,-6.669844108880795,-0.021578308485269204,0.07573985332752375
1494,-2.317463942545487,7.482184121890953,1.0810595590340313,0.10210013820829289,1.2700422036532473,-0.6447239890914958,-2.231489258410173,-0.27040373202411505
1495,2.255715550893939,1.8458369212603998,-0.02963480372281424,-0.13641998861695726,0.5707619943085316,-1.1910958080761134,2.506485960430618,-0.0577081873205767
1496,0.8938969825644847,-5.724970746555471,-2.0895431943785923,-0.6802731229753007,-1.3995698095555813,0.4818504732239788,0.7788640235208142,0.08719987903484405
1497,-0.17726427345670004,-0.9002636459442783,1.4137798274589244,0.47900805658596113,2.905562552525975,-1.8872276123708147,-0.33563335107158565,-0.2562920773547477
1498,-2.785059374539429,0.03521207551619909,0.25480478764569625,0.2072456116061332,-0.3268072434925262,-4.875998362512576,-0.29063865520025445,-0.2426188381288772
1499,1.85653251664354,4.489139731023158,-1.9844330475806515,0.6352064096847982,-2.9200978481129685,6.850741718100693,-0.9128052002034526,0.6965081619355264
1500,-1.6996231903305556,-0.3431296340110066,2.376998199374455,-0.047598057344259814,2.445541943038414,-8.094423211737222,-0.28449000329746177,-0.3583132314775441
1501,1.7103057305643574,4.405413226254154,-2.4700466473141063,-0.913941927578918,-0.4866974998462066,2.8984152089628026,1.3727936773296339,0.2760143394802945
1502,1.0508594816175219,-7.466719810491497,2.037565699234264,-0.6472175054064309,-0.7619585373372892,-0.25656187413902387,-0.05519583928004046,1.0799208789393484
1503,-2.7632095200286244,-4.8086371583815435,-1.4246871459971118,1.6998014631459384,-0.8046307156395187,0.8578644421673047,-1.2246816842587354,-0.5500217907200624
1504,1.1297302649186065,4.526212109496839,1.8688004690256435,-0.5090684217761208,2.762023152627073,2.7296571181472373,0.45887392213449196,-0.5810604451947388
1505,0.7958602680516549,0.5882030769054154,-1.6010000970994156,-0.2934190686426845,-3.2792770741675312,-0.0957699991173655,0.4929087054791452,0.49069815023494456
1506,0.43420452101597107,-5.827101054964373,-1.4086079848417228,-0.3780546576291002,-0.1742172105290738,0.04012288183940882,-1.1817535161508967,-0.5453321995329912
1507,-0.25651602268362694,0.8636734733798903,2.4982144253724954,-0.7937166348602815,2.592783609224046,-0.40022014909322223,1.1513081236718463,0.32335810287739797
1508,-0.6699373062391771,8.86520613877201,-1.093145720897752,0.8233738194165028,-0.1558911464876136,-2.059204300220749,-0.11499155622993307,-0.34882440323822017
1509,-1.4503077902539303,-7.483106136356469,0.9065878243346503,0.5445579780534899,-0.33362658810211343,0.7032391933626982,0.44908260149686186,0.3415112522610242
1510,1.8071254927166365,-2.455760952230321,-0.009105441575641748,0.25582477420989846,-0.4478451724125705,-0.6163108550549481,-1.199589713352868,-0.7654036945108738
1511,-1.9998902839091954,3.18951704248218,0.2687807685584147,-1.0865815866562514,0.2393174738811723,4.117127818738382,1.1118732017607549,0.20340665904696653
1512,2.0932108961216898,14.595583842133863,0.875477286066598,1.3163938078235162,-1.8124876072313398,8.186013775655667,0.2771499650395306,0.6718969206134995
1513,-2.0167754020634163,-15.487238556147531,-0.7676995417629655,-0.5168104468734214,1.3504710343443218,-8.266052396985728,-1.1742906893657565,-0.907444436328432
1514,2.643219399752411,9.145117303135407,-0.5862106473833961,-0.3695954949936535,0.9939759996643254,-0.8762965727207614,0.46183152573609654,0.7320641937844687
1515,-2.7948012762867336,-4.646970943214342,-1.0504698892867168,1.5255533223338915,-2.125243904576587,-4.701395055027071,1.7852770000944727,-0.419060109797063
1516,2.8581457712231497,-1.4480556606858386,1.189094026203236,-1.476720337210729,0.7115293866120886,4.3034422290670875,-1.5450349802263332,0.30487743196635986
1517,-0.9390740570131868,-2.3987183432124084,0.5483613848773246,0.29062334414516755,0.5093948913847761,-1.335410189901431,-1.2422056444555754,-0.3183213126365141
1518,1.2304462388342756,7.025112560188347,-1.0655598608619954,0.22330084186453547,1.7361117684700158,2.0967596010132254,1.382831931350303,-0.3580319506547269
1519,0.42035449596846775,5.356112025671109,-0.23621179341289178,-0.5945157870813986,-2.3951868859003547,-1.0458547460969925,-0.4799494557018722,0.5421802531885582
1520,-1.235792152843885,-18.68048105498673,-0.2672580033101468,-0.237989415449249,0.12321297915075924,-8.955614183927494,-0.18512081624511545,-0.22297633602450784
1521,-0.5162476185977596,20.18016418925623,-0.6202621005208329,0.21510133401601905,0.5896526960982307,7.045813413585655,0.1359703832719763,0.4315473730956274
1522,1.1057646621722483,-11.57065416399837,2.2950153972496565,-0.01722959288296977,0.46170667429016277,-2.3350541507925016,1.9472790054552078,-0.09782548232509214
1523,-1.3967366606501628,7.0414174755770205,-0.43215987015554447,-0.29288650572670605,-0.57671099767302,8.35239774222373,-2.9895820977963634,-0.5350118811133875
1524,-0.5381177426866373,-3.9516228821159416,0.19173557641120453,-0.05007500520616048,-0.6798759513391808,-6.773001743391944,1.2854037142765264,0.6190099621698355
1525,0.688913373601082,4.463967656732052,-0.7320310794581673,-0.020087030069959155,0.47307429438596316,1.0665423577179922,0.6636597661172452,-0.11663182904958624
1526,-2.659212689557563,-11.955850513289533,-0.3171695879281913,-0.09738041928221008,0.38061341249687075,3.7020332626084027,-0.8711125014222141,0.5531714307794777
1527,0.2450887640937367,3.7149048290349924,1.1785505735116857,0.29324883257375234,1.3934548333348094,-1.416053846470028,0.3356091907253038,-0.756638113326292
1528,1.2365853464607142,-2.0472990188321774,0.12217491853645868,-0.019147182382823758,-0.5004564604686035,1.1482392593542698,0.006353528261707098,-0.029237307420022063
1529,0.045642157984019605,-0.1237055384073642,1.0263489335946758,0.3549882316533086,-0.3143496012635332,-5.020968627970937,-0.42274073436155923,0.14687179841396603
1530,-2.4333888965078643,6.38083872644313,-1.6690901371188005,0.4633811833700534,-2.9381254883503516,5.835203010574588,-1.359014322839018,-0.03958318574255415
1531,3.76166780469714,-4.332863610808204,-0.33678590417818555,-0.3938856872108545,2.8031255543401503,-7.770457005070725,2.8065079082714277,-0.06024610662632934
1532,-1.5785247802033098,3.8191064792963516,-0.018299668245788325,-0.017783093328738175,-1.5558588217170293,7.45039786686057,-1.0683026502789783,-0.002703418951771397
1533,2.7997849004884756,-5.413455315905878,0.5537961706152288,-0.12217602303970665,3.612838881455966,-5.086475298993392,-0.7881063034273144,0.37380854051447
1534,-1.6432958740848278,10.341628865145879,-0.38683768326686163,2.004768169111408,-2.798467225606533,-1.7276112732160342,0.784234545535405,1.025981509691377
1535,0.40891399218986635,-9.370571498962533,-0.5170487776239554,-0.7306796252672498,0.41638283426732237,-0.9906199524170205,0.22158121858815072,-0.6034833067490597
1536,1.64742287477452,2.023316550513016,0.04898556154120115,-0.01994137177985067,0.7475428067925343,4.697269040185553,0.5369778617081078,-0.008133038245100366
1537,-0.7966706465142295,-0.7350285140290111,-1.2815221659088394,-0.35228128740311604,-0.22979782400009086,2.7207401308063837,-0.6021430058374655,-0.7460069720684013
1538,0.48769877245987914,-5.473416807692217,1.8201524637194382,0.4489208988473692,-0.4736605622722223,0.04876190141342818,0.6983976556798392,0.4397681865726879
1539,1.9279265437550919,4.6939953187335846,0.23488863578695884,-0.9024830220915163,2.7394144976287134,-3.4344470481764517,-0.7094199036771869,-0.5129373920286513
1540,-2.994731595741598,-0.9885082889206274,-1.7414712134148687,0.9575232543314556,-2.387952740026325,1.1832067589132507,0.056048106186544544,-0.6448738277624226
1541,-1.3146398297416226,4.645590754476984,1.3601328521549476,0.38082194740253783,-1.4928170886106802,-0.22319166823760384,-0.10622328547621862,-0.26602701994446853
1542,0.9529278755541952,-4.397993383265316,-0.5806511510690342,-2.3394297080112167,0.3684576012587186,-1.0564582708152273,-0.26000888912947495,1.2227785540114908
1543,2.7924643831681237,2.54381441743908,0.3947574123380946,0.34207117103460405,-0.326705144354543,2.504041529120954,-0.08618505744642668,0.02297381316778324
1544,-3.072711578269974,6.33468930808192,-1.0755884544088303,0.1372534596669368,1.1879552750103723,-3.3361729116418672,-1.292783611385902,-0.4607057236865959
1545,0.11594500741253455,-2.183179273309804,2.5518943844018764,-0.14792859849560358,0.33971645291290287,0.18927001853970893,1.313531980979377,0.47700872769349445
1546,0.41933885728110454,-1.4031055011675448,-1.8081638452398465,-0.42807975241149165,-0.04193691127108323,-6.440921942377173,-1.4472660681977914,-0.16011550153308907
1547,-2.487892343248575,3.4861964121064943,0.6466813355725662,0.8654107582727519,-3.2401994891185204,9.80555990794722,-0.427962329143047,-0.016374479472464287
1548,3.054389068415503,-5.138651642290256,1.966162181226295,-0.09453000643618026,1.7099506036374787,-7.103798619662893,3.9327092598521247,0.7800142991743115
1549,-0.8084803936363301,-6.601050712589142,-1.203631209326062,-0.6511004395971725,1.9682211222255326,10.268217675308186,-1.4444464433691282,-1.1157837766187964
1550,-1.4167035674897193,2.2826218324114507,-0.5421910815004765,-0.34502461384283123,1.421131044017356,-0.02671193731953636,-0.7292436350168519,1.026638407811454
1551,0.5134654227230442,6.004656264818038,0.019738452210020796,0.054284153369785315,-2.3100237889486994,0.9991941292717428,0.46244203734952727,0.31102594578145304
1552,1.9595171050143563,-4.0453526543572025,0.1966918795858419,-0.19994914267479658,1.593170796226092,-3.0276293833521706,0.5297443001837578,-0.9900310117667974
1553,-0.17938856686845384,-7.615486583875395,-1.3860395276398094,0.4571487128964904,-0.9877306807353374,2.011996313920406,-0.0838017944723628,0.4926227933654621
1554,-2.0609835828144583,6.81750063341849,0.3683390473876358,-0.1480872291262898,0.5919271847423424,-2.885109304610836,-0.5480041806136704,-0.6301495434705027
1555,0.06383668193566905,-12.588789091751266,-0.8558042733300226,-0.28419383788605757,-1.1221211142250986,-1.6583538796521111,0.46768570420930544,0.2038025997382169
1556,0.9976385782993589,15.869882232448788,1.848343323162922,0.3409445362740158,0.42945312763567856,1.1364623808743346,-1.242532971428444,-0.7850818774576398
1557,1.2931373339957588,7.617530844507598,0.2888747649201946,0.23820146496949945,-0.8311916254183132,0.7718962523126365,0.8803302701165201,0.1315111912025957
1558,0.3649313658573021,-5.8229701136480685,-0.055462264404511075,0.7411156707083322,-0.7695134838509681,-0.3704658606621294,0.1930172756914601,0.5193696098594494
1559,-1.998806409401226,-4.416089994559059,0.3161106880075977,-0.11431168274044978,2.6145670854186243,-8.027886632189762,0.10435513084319226,-0.5563383840696989
1560,-1.1148292167593468,3.3416761097627727,-0.32049131776416573,-0.5228189623132522,-3.4341802205280523,5.1898716389012876,-1.4055936179966508,0.8900498752682919
1561,0.9763583782172987,4.507910387679033,0.3640724625579992,1.0441911836976416,-0.06605859359552824,-2.894539816851818,0.07260902515053402,-0.6572128966752757
1562,0.4563517543592468,-0.42624426679952876,-0.9969549747650888,-0.8455098851703013,0.47588630467394033,3.727592739231902,0.8013619049757281,0.3812565938581596
1563,0.8429300118217782,9.163810859756609,0.8914264439433452,0.2153399326491794,1.6993100908304424,-8.685537319061211,-0.6154615530030654,0.053642438703245254
1564,-1.5777984499438276,-21.18212524843267,-1.8719008283763117,-0.491370067577499,-0.6510353244327955,10.978267053731336,0.2736298496121936,-0.5868805903226164
1565,-1.0736279006551683,3.7546555698594375,-0.396787324293598,0.33497633361908896,0.6561870182663387,-5.185383268168124,0.13207338850041417,0.8593890351199169
1566,1.6621257760058654,2.1943769221841194,2.973524108277701,-0.4182138186651656,0.7747802419494079,-3.1015579069848656,0.2936033398347231,-0.3941634135554626
1567,0.7477241662782603,1.5444096884215242,-2.2506821702206565,0.3264217086211332,-2.9791077393252614,10.851584478456822,-0.7916428710369363,-0.36393879992752076
1568,-1.0148833619295203,-2.028864180304595,1.342612732114631,0.7229154217015363,1.951483394859105,-4.220371409900743,1.0714383383119515,0.4539072650697831
1569,1.6606460699593981,5.156374369213381,-1.4858357159019278,-1.2388311902016014,1.1402085139094922,0.5980567862151673,-0.1753151487288509,0.7620921457534786
1570,-0.2890550281050537,-8.741758027153821,1.5524159080337512,1.2372487398202878,1.2635074774249713,5.475839545947537,-0.6927524478780995,-0.6092773441010939
1571,-2.985664911831833,4.930803692479913,-0.04674488455600567,-0.48880830710330514,-1.2558154331996576,-6.773679721280622,-0.5592910183091009,0.006890545406922577
1572,2.9375173162970327,2.824609960044995,-2.6443418064545057,0.012944121905569261,-0.11843691681065849,-1.7485365130098813,3.0409990009917074,-0.15333663893211824
1573,2.4479807293198235,-9.521135606632185,1.0889860797975786,-0.3791404106853662,0.22130671355388642,10.965770784631886,-1.744375320122166,-0.5502540493695962
1574,-1.937471848410297,10.59780272592593,-1.5962703895084758,0.915249870842537,-2.460483545624946,-9.292605176729388,-0.38806198320625285,0.5136350141986661
1575,-2.417530181536563,-3.92619604269629,1.331575512901452,-0.45164296183224195,1.9574733463059992,-3.068367808840975,-0.22081932391325587,-0.0297766884774191
1576,2.1595461637829487,-3.9751967282660416,0.304523673543045,-1.0104628692315387,-0.2637164202042186,2.242198425315472,-0.3312570416532772,0.2996218237018038
1577,-4.747535998714,9.002871982065528,2.0452469252897174,1.019063485145459,0.7226733317689629,4.339563920717957,2.2927905509386726,-0.856391558390289
1578,2.8763276592023317,-3.445829188752782,-1.1640436284776001,-0.41022653152047894,-1.1064005731248194,-11.56954520469887,-1.3814517890199198,1.2291030898160544
1579,3.7687916265803096,-4.41126648365713,-0.39520404527362984,1.2508686910096714,-0.7323068207861851,7.960599972762111,-0.2101381885965754,-0.12672341490654127
1580,-1.4734430331504882,1.1816140847094516,2.622217294194357,-0.8111737049468744,0.4955717456270854,4.99633522993723,-1.1165563714835347,-0.4913261135831011
1581,-3.783914509716112,13.551049795802896,-2.0410526745161377,-0.1120700527428724,-1.2692772630819853,-13.949518265748644,1.3706210488430184,0.23268271945716457
1582,-0.16059433952253244,-7.133890807629541,-0.5565602599981929,0.3096164888674835,1.5466509226453304,15.440960372253578,-0.3544243104106872,0.12285696365456467
1583,2.37287664468829,-10.05552115110504,-0.3828685298273342,-0.4980972999556883,-0.8243320009096244,-4.017994163924115,0.7044402987986018,-0.2797733941912588
1584,-0.18182314784561981,8.082885702682745,0.4799612182895743,1.1305787081381027,0.22354365694126344,-2.5026308100340486,0.6559420971950338,-0.5546172411375379
1585,2.9743460076008432,-17.43123761877115,-0.8153963121584695,-0.9225035156295718,-0.9973754239203387,3.0054337723213607,-2.274140102712991,0.2549579007155707
1586,-2.7673586448155447,11.776286385006472,-0.5834658972147935,0.27988715527347097,0.0024020346215536392,-1.0486457047837732,2.34721772738512,-0.36871334684989954
1587,0.011700705954552859,-1.992535654655569,1.9643584405925623,-0.8338155977466428,1.1035322753871384,1.008243032861337,-0.9440182356158253,0.03541863631765274
1588,-3.765860262812396,-1.3294772081023893,-0.07197857568387178,0.5675972505871343,-0.07985337909810397,0.26343416582926693,0.0005886018412795124,0.5752947455189457
1589,2.515742759099993,4.714084647294953,1.7395439189922257,-0.3204478898904384,0.9007796391239857,-3.1593664111644912,0.36170961890452524,-0.11095660465002055
1590,2.2494403771331406,-5.102362428103902,-0.15166167897351102,0.197748676041698,0.25236266175000743,-7.285229514218159,-1.1030457957090878,-0.3280884182046764
1591,-0.16433513930792287,3.9034169990098917,-0.8141192820964562,0.5039831458261901,-0.5302500306234403,8.658717284282538,-0.26430524879851447,0.4050990795221461
1592,-1.301158175407835,-1.4551157850815457,-1.520755909327704,-1.0475869516375909,0.31268134382733415,-3.955307274710549,-0.5533362522420386,0.42403504155352323
1593,-1.4379037808733415,8.838963468009013,-0.09993721613452067,0.6652103178969426,-0.020723343354726254,4.562695363230489,1.4419117974445328,-0.08605248346219607
1594,1.646662112594612,-5.327891815174098,1.5134612241070045,-0.4290305574773541,-2.098868260312111,3.3700499759153715,-1.3435643687850245,-0.35750772790664964
1595,-0.17270825903730724,5.978431982570498,-0.10087310250405324,0.8209274122580794,0.9079059890406782,-5.338553487394563,2.126869304625435,0.127976567281193
1596,0.6763218382818934,1.2663094308300629,-2.743957526476123,-0.790713104417506,0.5624997170153065,-7.945363319222324,0.07223970487751252,0.9304463420369649
1597,-0.07006940340545498,-8.171754346369937,0.1310800813941313,-0.09724548296784263,-0.22609138630214431,6.114396682967715,-0.06687901046036693,-0.5476242820470665
1598,-0.9003275242151005,3.6688078761835072,-0.32636069339017126,0.26523381793489875,0.39402327629789724,2.880250385708358,-1.0165693519546277,-0.5442084553972597
1599,0.8287978003587,-3.7280037891254665,1.7525368892890327,0.04398210560628257,0.7596535949753527,-1.820980665336215,0.08331220334567035,-0.1120345262000777
1600,-1.7880400199300652,7.520521109421281,0.6345618129477657,0.8254988435386181,-1.4302548152703647,1.4608003176323905,0.18579153549130645,0.21051859910431858
1601,1.0801594158452303,-0.19562795693934731,0.7934121262180014,-1.0923866822614912,2.4324657642095087,-4.264718176600823,0.25760884625246305,0.5170181510997427
1602,0.2526897274402131,-1.619743804447694,-0.7012719830728855,0.3410491455210476,-1.2991329914904224,-5.42568814081627,-0.021672388271587906,-0.6081773925000373
1603,-0.7063237443465198,-7.305576871567439,-1.3721165459538867,-0.726462850684257,-0.7602643754398404,6.438834732073218,-1.7673803710708942,-0.1297722688370797
1604,2.7546509528746697,2.7720274321827105,0.7679395520518426,0.20672539582509586,0.9800459906371053,7.124574967393443,0.8807454274882822,-0.34088928591974454
1605,-2.6039024983120953,-4.577271560634756,-0.17323939484768403,1.160046482287754,-0.8184539264454767,-1.4221885415216704,-1.715315926136764,-0.05619586319879932
1606,1.8379250376573566,2.177233618407911,0.056071236153144355,-1.0104523702981538,0.9866126411214609,4.253086194514232,2.9329149776740167,0.4207792296563797
1607,-1.4341648014319617,4.897059448043194,0.7917854055172739,0.9044493117471788,0.498701838740649,-8.620816262351198,-0.14319900860427737,0.76702602934464
1608,1.2432350562103807,-11.103654376850955,-0.26055754963446986,-0.41153421223899045,-1.259569102272911,5.4554197032411835,-0.9749740964332361,-0.7771035599931349
1609,1.9991345518783703,5.265250942273326,-2.2204215338859967,0.26940280315215404,-1.5053432826129765,-3.242801196301855,-0.22523060199692146,-0.8826935407018635
1610,-0.5168980034917467,5.168108499174423,1.7381529186326077,-0.20409696364551166,1.6965179566412676,4.235446313411288,-0.491596641625085,1.0314546376745817
1611,-2.960041945591314,-8.808849059417412,0.17471102443376196,-0.1155278190020681,-0.3834999977442788,-3.1501995908384544,1.775620555836003,-0.0047940374969206445
1612,-0.7737457543499602,10.262100215549594,0.5751319290954768,0.6229099634683379,0.6917041523977314,-3.514562780091474,-0.9054035260849744,-0.8421250641742541
1613,3.9558823220286,-1.1494505593898339,-0.7228145601195592,-0.8028266400648647,1.62732852020482,0.01025492583509191,1.2839670391831888,1.0373665660830387
1614,-1.6072643763975805,-4.224369143458432,0.5443751363320501,0.2887281520960343,-2.1672773812496615,-1.8464882630186708,-1.4385980453281615,-0.11575416536523209
1615,-0.15694465106656708,4.29326394121631,0.118514995361366,-0.7211507382489657,-1.4676429583005444,6.712542890157934,0.06783080563240951,-0.28860731167816844
1616,-1.2392080717887382,0.24275217015662065,-0.8685726309881971,0.05022570849956054,1.759380727732358,-6.75644618982605,0.16540152065620006,0.6327685794799587
1617,2.0131890640851395,-6.731216477342173,0.8426369712243655,0.2909971227547956,0.9929673331145992,-0.8185097828921784,-0.44956993027736836,-0.5936725723396332
1618,-4.077403890532025,-4.910628524177753,-0.23869044265541106,0.18494066952097654,-1.0784112436630355,-0.44507692433712265,0.1784871920340052,0.08833496204019031
1619,4.5938522644231625,13.640660318678101,-0.5673392111568774,0.511828172316946,0.03269982875506372,4.046702802012653,-0.7547848938299406,0.28638244441094063
1620,-2.0521374825670193,-6.002279020413425,1.8833489556753733,-0.7788735973963128,-0.5471586858458402,-0.17846512794027092,1.3200281675640237,0.1229423563515013
1621,-1.034424741946367,-2.1668560568920725,-1.3672910269099958,0.7525374260366817,-2.03882453752567,0.6578160364660022,-1.486607202370303,0.008982724290275357
1622,-0.8472620010520018,3.9029011848313644,0.5349619424549417,-0.9483229396665394,1.5862175596449184,-0.654648147186478,0.032822290249307606,0.02588504250919943
1623,1.2010691524564265,-3.7845259350704623,-1.4611464259467084,0.646308710619401,0.6226885195977392,-4.155458092048711,0.8593586605127728,-0.6700501157426295
1624,2.451400707861893,3.7157145013357535,0.3201219866779894,-0.4281517362827145,-0.44330172432555415,7.871896000544616,0.6397071115706616,-0.2250056950878525
1625,-4.00950332182947,1.0547154642162582,1.4379091299570064,0.529775954818966,-2.1251590194268815,1.004929975253141,0.0715281153120868,1.02175281622781
1626,1.9702363847753759,5.191530745151795,-1.2718219577599825,-0.14885014765581417,4.226090665900726,-6.763365813040785,0.121411721664896,0.3446250557856896
1627,-0.9540210353963516,-1.5634331768356446,0.03443511609663119,-0.5290253949557879,-1.9753885353192029,6.4997571089220045,1.5423860650359575,-0.8536503879329667
1628,2.588738184938336,-5.4100191543236065,-1.4313998255813658,1.2018204867863105,0.024617823875461298,1.6693163876394976,-2.5362451776496577,0.09477662429259759
1629,-1.0637814996550787,3.66188768340578,2.358496966411707,-1.1263051861160136,2.071347652088935,-3.3660208115596433,0.6779780267297646,0.09191336713437881
1630,1.2929072239143693,9.716466749052984,0.1579092017520196,0.7143542875596722,-1.3232364171476778,7.2909167489558655,0.3194920934174217,-0.4995822788332003
1631,-1.7911262657605107,-9.613467533227038,-0.48399960049401614,-0.4563525467560794,0.5798051052434907,-11.332853812745043,-0.6143024052750814,0.4060588588792138
1632,-0.2782534508462504,-3.2887237275744496,0.5387086937433594,-0.018542125922131447,-0.650525736064921,-0.22885189472492584,0.45065261978555604,0.06835951320557498
1633,1.273121613649721,-2.7086439927877564,0.4565131483452092,-0.566957660155218,1.01814440909477,6.750418428924242,0.6014845232508765,-0.10858711806109422
1634,1.2751507933623998,3.688898033355258,-0.29078363382660655,0.9844439305138692,-1.5322539622376325,2.3197126727946085,-0.9747298498437598,-0.3906039667051342
1635,-0.30091436883870415,-7.689237442270439,-0.1579772977313354,-0.35328548565952644,0.4029673697239158,-6.388371083849684,-1.8720731976586986,0.25143506929605586
1636,-0.8154160060291247,5.643487406071017,-0.6980914368712945,-0.8589453653625867,0.8551463298848301,-1.601376156201269,1.6513453714993318,-0.07996418719317067
1637,-2.8033068637321605,0.5136060681512049,0.03558603199422805,0.3676334031724835,-1.010154602295577,1.6874123359663002,0.5407256385133579,0.25753506859164776
1638,-0.1628191818159621,-11.098825756764313,0.5271488038529952,0.8578850219395306,1.2074637125746541,-13.326666368056785,-0.2989904025946277,0.10992711459229465
1639,1.6073448025791492,11.567109513555181,-1.737838678004735,-0.07774876573768807,-2.1985260029741447,13.369887302403363,0.29755828701581244,0.023178231318631504
1640,-2.02925360415054,4.587963076740209,-0.05768100915044272,-0.08180744791113881,1.9293777467712125,1.2074980193509717,-0.3223930129747359,-0.020039418754221217
1641,2.154413444298825,-2.351882225781651,0.4195275615355456,0.37324655875168844,-1.7613269837780585,-6.554861242302337,-0.5787889329263987,0.2969723464594507
1642,0.18255473904565633,-1.0831240442003036,-0.7700728267973176,-0.2843235457303024,-0.41790095677172445,1.1020980702332537,0.36006231790004684,-0.19657020693455518
1643,-2.69204330711608,5.131249822258326,0.4886491211338182,-0.1343256963530166,0.9559113981177454,7.040237682283177,1.2611162974642198,-0.24368217623518618
1644,1.1890269335493144,-9.438867802690083,2.892818189674287,0.1705036572121088,-1.8134108287790394,-2.807740031380959,-0.15942257980409558,-0.1655083598003726
1645,3.810002136818582,0.3727820410888967,-2.2208916545965565,0.45848332586504625,3.4715290698926644,-1.1890751675790696,-1.5554461917907556,-0.5111977491498383
1646,-0.7700464342354394,4.663690801593475,0.3386302592139572,-1.107509648748625,-2.556737801490895,3.5637639305046065,0.3346391112639395,0.9333469311087956
1647,-0.9265544818260594,1.3782622780345832,1.311367506461579,0.10079779400783906,1.0356716459758637,-1.6701596512593042,-0.15447820610609497,-0.31125111321135357
1648,0.9230011284239765,-12.266675395145626,-0.9816808134549291,0.471465526240209,-0.7781314105811159,1.1204032202336265,-0.11180385378813007,-0.2335864527374465
1649,-3.4128951511508205,12.867532305288591,-1.8092474446357159,0.2577996447707207,1.393537361680103,0.22506401033100332,0.2515002176026222,-0.3728180530149503
1650,1.2761273681008163,-0.6132838597646924,1.9165806077342324,-0.6597802469319163,0.04929607121092161,-3.9386434213279387,-0.250072864214685,0.4363678309918928
1651,2.328453643535738,-8.870451862409311,-0.3190813566880166,0.37487713567164604,-1.035549559156948,1.1201226493615408,-0.9238031518389374,0.09455936322238401
1652,-0.13000947880291847,13.159957553665777,-2.279536723069171,-0.36851604928162374,2.5111907172676684,-1.2555353422068194,1.6903134003470335,0.45048822787781884
1653,-0.535950923920268,-0.09415637811451916,1.657845849165767,-0.15602574964297844,-2.0889958420507018,1.735819360536567,-0.12544669367308714,-0.20916104075977682
1654,-1.8536049027413526,-11.729734822104888,0.3302538149526839,0.24341836725741928,0.043690530133039474,0.9416135514573085,1.3276821049537002,-0.3053365066095841
1655,1.7458374324258443,2.9692514552838816,-0.10467885142837474,0.16398124340099685,0.2897682435813227,-2.6944654098034917,-0.5380714138195213,0.13753447300533583
1656,-0.811508608278416,9.03490518728961,1.5349440609696074,0.2863477013615139,0.7580659227485089,-1.351955013584785,-0.1490185404134241,0.39643277132398413
1657,1.6219929614019861,-5.279933549312602,-1.2882272868549052,-0.9563083955183629,-0.8841552632730902,2.1456807796918866,-0.18117235340672444,-0.5388848202483194
1658,-1.293356706759397,-3.9394854733202465,0.9567806008054589,0.283235092561803,-0.9638048978569245,3.5818234176879002,-0.09065811584324379,-0.163513277054947
1659,-1.4899527747017487,13.799843894759249,-2.083879876279468,0.45755480852676556,0.7363429761056288,-3.404078432602482,0.2517899539224473,1.141806932885923
1660,0.06736344724313881,-19.608622432497327,1.9723140391514988,0.32433984464913124,-1.204332309096209,5.139255413097452,-0.8486985725079599,-0.6661188591743397
1661,-0.4734891700442745,9.384795264157106,-1.0468253449243718,0.05169408424902855,0.3288473720025973,-4.889627025250789,0.76382894751573,-0.0216240602598452
1662,5.041732791275024,3.3493107143974044,-0.17156810915501808,-0.2930473899444763,2.7060292479722428,-4.449210975994546,-1.2123905499698697,-0.21358876828480966
1663,-2.1865707451800347,-7.244412525354051,0.6868367297028328,0.25032467827517735,-0.14447418532196643,9.018907349774416,0.11691858706801739,0.40561921369057696
1664,-2.2934561393128092,-0.44171834535751486,-2.5216652455608966,-0.9396702674398654,-1.5777386650370673,-4.690574833082145,1.1668270243093968,-0.48644737402171945
1665,-0.028437581282901192,-2.7936784752769768,2.076448525224791,0.3504767881793285,-0.6081339150718499,-1.3423598225424982,0.039380941039430795,0.2463372870006557
1666,0.6094948873164299,4.957447211380384,-0.9121685797563401,-0.7535298595919144,0.8427702958380294,8.688399489261052,-1.3488828332639287,0.4129078919853155
1667,-0.005030288712191577,-13.188912582174055,1.9667152362073494,1.1018534393777841,-0.05370901916335846,-11.538891613813377,0.7240865090184734,-0.8266726164144398
1668,-0.26794854816728275,24.514571641369173,-0.9778772005393961,-0.4751740661391608,1.0364719531634172,5.9779570426532445,-0.6515270566347908,0.025475256851622774
1669,1.2673752210212967,-20.415923927360893,1.1913676291745787,-0.16234713560196923,-0.8354979851256221,-2.1664029446113062,0.4734402585689157,-0.032694270030958705
1670,-1.7130150021446298,3.3736352186314207,-1.3704925905123844,0.25261728028807795,-1.463488536456346,1.0788124931836691,0.2092003716425168,0.41636309147633277
1671,-2.1288640597798576,-0.529671440587947,0.16388362166020443,-0.5686486719105801,-1.1559795529749497,1.3059525824200904,-0.1957117112640674,-0.8097437614175029
1672,4.458851279774137,3.7532698961730375,1.4246217919086632,0.7806285583458745,1.3219682840072995,0.14540618776823777,-0.36336185655945386,0.982855808205743
1673,-2.254651129345831,9.023314484907416,-2.4143285313204217,0.4204152517551307,2.495608735702298,4.412027492814062,1.1912049805005775,0.10159407105651796
1674,2.322475714004895,-17.68722337724853,0.40052267031002486,-0.3277218420680157,-0.2787054946056884,-14.463845535512654,-0.5818179316033145,-0.5585960695357679
1675,1.7156062998820403,14.620398442750911,0.26830232357696104,-0.9105050297558392,1.0219351235250134,9.518136890945406,-0.1526823992571913,-0.19532613976383484
1676,-2.5461105593509217,-11.861659082331869,0.17928935387608647,0.8746100424952274,-3.6677203445757964,-9.821810230760867,0.7098023484808476,1.0457503653050546
1677,0.8337716770483894,13.377783873736746,-1.0718871179492453,-0.2588653725221164,1.8200169857775599,11.322200520161296,-0.9198340493683315,-0.5780843369398774
1678,-1.259567749026104,-2.0450922091220605,0.7212289937995564,0.18343779530179916,-0.5863853170413726,-1.7135531349814528,-0.4025607792979109,-0.1278055433762395
1679,1.930199567296853,9.62276494663763,-0.3757838371938078,-0.14810371937832656,-0.2964948357597237,-0.21540139908888278,0.45184115460575747,0.16244800114003866
1680,-1.5240500591354476,-7.371166006753981,0.9262412834197988,0.7360620469268682,0.273311417972085,-1.9745117462609159,-0.45755002277753576,0.6142662477690095
1681,-0.5940780359389919,-14.885625000507105,2.126483286690984,-0.8756621544082606,-0.6363650352259604,-2.4839882562776125,-0.6290477661335334,-0.6793363573430664
1682,-0.42599360221154825,16.887479805436612,-1.3569008864620002,1.1253144750536492,1.3076459122390993,-1.1613123646093086,1.2873422877836642,-0.09807017780651872
1683,-0.03995831009083872,-1.5367649620083057,0.2958761006835573,-0.7995157780004476,-3.0461241346388412,7.167828899350539,0.5322530530463041,0.4549529770387615
1684,2.4801438615338043,-0.6139304906462257,-0.1950443333273455,0.6149722609349482,2.6520408328933804,-2.8019545644968105,-0.05790360574904163,-0.6154910259466693
1685,-3.713818391003457,-7.642975051063502,-0.10826973421542618,-0.4637366325005772,1.186884984461578,1.8205909721224103,1.1433307128965442,0.5714592105043126
1686,-0.20904219041227634,-1.0776894656102058,-1.526011745863883,0.10694251305255875,-1.1097210680905825,-0.17231372270260437,-1.5682635917807968,-0.3427451485359594
1687,1.4668382583615482,3.3992196281078577,-0.2603272480537129,0.18155442611509187,-0.475351944134248,-0.6139624988285846,0.45124251952216277,0.27987107756016716
1688,1.3501588847404093,1.8286574144444785,0.548332507986828,-0.6028106748463173,1.3326260927631246,-1.3941753640878503,-0.4011952144998485,-0.5485273745428607
1689,0.41747250050178764,-6.972737778214423,-0.3353876110614067,0.503466786680768,-1.4314605061491292,7.9389475480202165,-0.26342253032268026,-0.09567146877628474
1690,-1.7780342674669782,6.368673041433738,1.1927201553666293,-0.7158752020248187,-0.6748216036721519,-3.0605937836278017,0.10841437668081078,0.43781535682684947
1691,0.5078348233147096,1.0351115286057393,-1.683481762145334,0.48704361798726126,0.9800401911176788,-3.9407584364620476,-0.21805209367219014,-0.6600986853188093
1692,-0.5636549838790188,-10.707913144496388,-0.41809150381905624,-0.974910670010928,-0.49226457636855336,4.249182160806811,-1.2946470819668665,0.7648645428664906
1693,1.285617414804051,14.050724660822425,0.2277114364443804,0.9318163997926021,-1.834562953346106,-4.065688843983587,-0.9033564764061719,-0.60294279002379
1694,0.6279911294822966,-8.3710196681767,1.6214537356706984,-0.271783563156049,3.091360160789879,2.8342881457182827,3.5345715934782245,0.47398330504394215
1695,-0.1943962413446343,1.1195763977448792,0.939163019334444,0.01238252246383098,-0.3034348260573889,-6.503656578401426,-1.3138463689955913,-0.6991912749858824
1696,0.3154439293430187,-0.6719398578930509,-1.590559431362891,0.12756864177282523,-0.3411394479786303,8.354239276800918,-0.2023522553425119,0.5340177086928901
1697,0.9740676628161111,8.089171553513324,1.0603545403350552,0.0510460436649538,-1.6773603770719134,-9.94314119402106,1.5084248157585183,0.2351267625020328
1698,-1.0806411419150663,-3.326697281570887,-1.4982430929581056,0.30655311233083893,2.230214769434017,5.1387484267888155,-1.2904550227463139,0.3897877938215064
1699,-0.066813334631604,-14.095285180540088,2.2745005943990293,0.16931169386170808,0.043666107273423904,-4.3648124812981095,0.31342045324339907,-0.2665949991732184
1700,-1.3436495786551461,16.359899464379225,-1.459152064473784,0.30532956750944606,-0.2604929289497466,0.8260602851542345,0.5970821844934449,-0.39347842652607223
1701,2.4708800522441265,-15.308963022417629,0.6719949314550888,-1.2792603618792384,1.043998930856926,2.810993904510319,-0.8155867533611101,0.4778992915686482
1702,-1.6256510339187003,19.604868213357975,0.6301548373429711,0.9346666062446829,-2.5844707080543188,0.9140570921924649,-0.14125024975585276,-0.09100169743728781
1703,-2.582618725234653,-7.374896763837455,-1.7439904948597018,-0.3822755599725767,2.956436615749528,3.225003453794102,0.5983536075312461,-0.2057005790835147
1704,0.7157110966473397,-0.719341082306471,0.8999819510605818,-0.5479353078930629,-1.5156100911716166,-7.515248208612029,0.0519263661339604,0.04052938524415595
1705,0.1308053031462464,2.380854614489351,-0.9926648804909917,0.20661106685511044,-0.030254724944605016,7.016514394557952,-1.4989141206455958,-0.05064055582556293
1706,0.7741607042642329,-4.306289137198121,1.159453916849202,0.3253945662426432,-0.20963364676381246,-2.793195233785738,0.997577087588235,-0.25848345627746916
1707,-2.5563883757449446,10.689323977640413,-2.4320041371389465,-0.32561677673248823,1.8467034379796345,0.7981817851271913,0.23339214313742218,0.08469078176641265
1708,2.8149848368532275,-1.9578185868791707,1.3382698137713476,-0.43801934757977534,-0.880597284022139,2.206370109253747,-0.00572773346160993,-0.023591073210085245
1709,0.09986191186223436,-2.839559009375705,0.977678321463614,0.9267318178977959,-1.3302838339081653,-5.452306398908746,-0.3318032505071944,-0.0523688698870286
1710,-1.060327915880947,-5.748156377588032,-1.3482072023666092,-0.35715568736382153,-0.1465764490196797,4.956865026268439,-0.852142532301011,0.20546531023865677
1711,3.955416096770307,-2.4149928736744073,0.8927625821826553,0.048957493433555044,0.19983008903260568,-0.44061919248384385,0.9192757439436345,0.1103058892565012
1712,-3.239351135137639,2.9074898227153767,-0.38485504240236423,-0.0740112471734875,0.7696013847422414,-2.632118267912311,-0.5627781738650883,-0.06281373876574259
1713,-0.7524787450312829,1.325537342650989,0.16543237357009843,-0.13610766312067568,-0.15720498227489443,-1.298296548313047,2.7212319881682525,0.17807270327242497
1714,1.1029357674098605,3.7212072015552167,0.08677306382230654,-0.10532314937213272,-0.8441381397431016,-0.14292938881951756,-1.8295438852703159,-0.003582191167702309
1715,0.9089263602502058,-8.70117144122105,-0.4284991949787553,1.1435534798542122,-1.6900915364509022,3.6101793118575003,0.3671396678488872,0.6866703358943109
1716,-1.563609118389138,1.3430272730757338,0.9262394822708444,-0.7855373963001,0.7233685668998806,-5.72264939042023,0.5045095558060009,-0.9159247475250067
1717,-2.7391623523209887,0.03877448880734846,-0.08606904193533182,0.5940048765002075,1.532325249575468,8.617817710274899,0.12230219020219835,0.3538431046773809
1718,3.3726525515787955,4.2705419249747365,-0.4129450860624502,-0.9078036295913208,0.8209013910450746,-5.165083690999161,-1.2027122000272836,-0.5837054679264195
1719,-3.2671870616243837,5.87512697053819,0.13778545937984177,0.06543300169223443,-1.8494182172255478,0.7926138057843559,0.3133057237011876,0.3440385575171456
1720,2.831726389573504,-0.1746637176427157,0.629882065607859,0.4661735418812043,-0.8690656726627033,-0.5677250089143229,0.34325483923153755,-0.17878452012187562
1721,2.247807457015483,-5.54526454616331,-0.33863037564869103,-0.16103484400707657,2.7169362698751307,2.314670729416477,-1.2409364239621148,0.16500134108913844
1722,-4.093550038798469,-0.7288974557386609,-0.4984875880009838,-0.07097983088597459,-0.023864330181597282,1.1282091371083922,0.40600949298249667,-0.49489233667235144
1723,-1.0041662138958145,0.6325202190120081,1.6699297715138073,-1.1822574918212894,1.3882125939153038,-4.641619526736051,-0.6541793951125054,0.08657567798595878
1724,4.263221791478003,1.9339932628378165,0.9492542361531093,1.3506144580659196,-1.6199028873523265,1.5236400752056127,0.3029407563157065,0.7336689645365437
1725,-2.1974263575732778,1.597736796661252,-3.9107840560735667,-0.4346213193129458,-2.0050590062074374,-7.279169286942796,0.2010759762524419,-0.3787351712171816
1726,1.6744785801010948,-3.1557012110942537,1.4891156590918229,-0.011918511117606556,1.1065566674866378,4.251444410391343,0.6853158098970251,0.15461269387914278
1727,1.0267418405971114,-4.127026925899543,1.4040202238347064,0.8507133088890271,1.292195860216074,0.971731029471357,-0.24710341316323614,0.8619676293161369
1728,0.30527115397171656,-0.030776522823543928,-1.5381140355190155,-0.5449295925976543,0.07173430661958768,2.184394978555062,-0.376671395853613,-1.0197026014297137
1729,-3.124587792446249,-2.3948637208922037,-0.40381507037650977,0.557205062027677,-1.868428226116869,-1.0933853835509595,-0.2748569688816431,-0.032679844933784175
1730,3.864377406352787,3.7048062913836475,0.29866057041877525,0.41016189336443887,-0.1827884450913011,-5.443399702979413,0.5001780554265629,0.6817451495820608
1731,2.4182271442809338,3.1002937357496876,0.42142244974853327,-0.24962868548109185,-1.9636031397511573,6.510171705853693,-0.060493745579975666,-0.9098650318238066
1732,-4.795959370132721,-6.7056007651339655,-1.7260964976438657,-0.92198437736063,3.554379798082927,6.311980703301707,-1.3450170804946167,0.2551882153495173
1733,1.773977931200477,1.1602879361241776,3.389392004072704,0.732867152896354,-1.3105082629354126,-2.7979929212902164,0.995280596771897,-0.18310038900852188
1734,-1.3300653962004958,4.6183247389896565,-2.275380380276701,-0.2672926171684793,1.6087817232385557,-4.033849641107935,0.6920077002009988,0.10641542954889793
1735,0.7358997700436873,-2.4349636821260106,-0.01398266205630705,-0.4838520815985561,-0.47437644462388384,-1.4242005573463814,-0.014182021201515127,-0.5101049919991629
1736,-2.8951558504496973,7.468865588738083,0.2825931655833216,0.2599116923867655,-0.10702731450684944,6.529044683260459,0.5500684255071819,0.5925154742314387
1737,4.262510012605588,-1.2042662929701464,2.1036415891816347,-0.33242958797094246,1.3028583720209426,-7.399912185436754,0.24078676421988554,0.018074805976521446
1738,-1.9843343400671642,-9.189849641690728,-1.9693066021276024,-0.7640119694453418,-1.6728681805578418,3.0287470833018375,-0.12405556344396818,-0.4375337158313606
1739,-4.575844494213584,0.7704221860552138,0.03626101603560983,1.1982791986140597,1.354130823584697,-1.9821176854718559,-0.21723603594276142,0.3483468582315803
1740,2.9210364814229024,0.6516603266958896,-0.08267659010820694,0.42258980596308504,-1.6915771517121847,-2.9957340385539197,-0.6791875599347375,-0.30468001705986003
1741,1.3036993014744382,9.283213170834244,-0.05149655351682725,-0.9500338579910306,-0.25154333097781034,-1.4089970159477474,-0.17115251591531333,0.1626266336600808
1742,0.368599825147669,-9.044624926713027,0.04566402426014804,0.2754873535146345,1.8820662471809833,8.525181477720047,0.37016474145463185,0.3159196917819296
1743,-3.7854524712588784,-1.682710835866942,-0.1316271316679689,0.3299368196880792,-0.8861209503790555,-1.3528915064228144,-0.7354305453338039,-0.40817399282238265
1744,4.422088350045641,-8.933436587069366,0.6785834605221197,0.5997694530507687,0.05583628858928691,-6.83048093828868,-0.002933776846976599,1.151618177617323
1745,-3.2045423602155267,17.700513437553923,-0.3226634877671586,-0.8223426318966887,-2.616394107070473,7.36162957871818,0.6725609538859061,-0.5719936506461556
1746,0.23874414293663904,-8.605540549976297,-0.5070871870420461,0.19555373392917375,1.5948139238075818,-0.35983945202276857,-0.4317906126128648,-0.538209595761856
1747,4.855985011677774,6.219275733933671,0.8189721678301112,-1.0456427762557254,-0.08359796834911393,3.18196485490121,0.14949154552009958,1.0926483995639442
1748,-1.293747164426236,-3.629731001037385,0.3903757133607826,0.821322512479945,0.8127329342522653,-1.1215576082559053,0.41300139773435873,-0.31630869219524005
1749,-2.667003057416082,-1.4083851249491772,-0.8206577406414368,0.0023943743080394597,0.7838074075037404,-0.7958823775236752,0.960879175807813,-0.14073268371989212
1750,0.11851312367124933,8.11833886424796,1.4271865732638105,0.5145990880879836,-2.1176427626922134,0.0869638616567272,-1.738079819477269,-0.31849460844034727
1751,3.0381274875432496,-2.152320712221126,-1.9980560381787598,-0.8686092165108263,0.5303467745066044,-2.870033633305802,0.906580757672911,0.14138987654697655
1752,-2.2560126967655094,6.129604369818708,0.6120525167797979,0.12064733689530982,-0.17615113109764557,-3.013365938415184,0.006527706175894821,-0.7489677936709302
1753,0.496627364603313,-10.24124362312756,-0.954245136395869,0.5916783850355358,1.314197349505804,3.187155672609677,-1.13873552498114,0.38517846146762924
1754,-1.63515805279971,1.4436236452031608,0.5968617066652797,-0.6112609408657832,0.4910776511231667,1.9533464868710553,1.658538605965946,0.8903229838055982
1755,1.117167722806272,-0.6011259241433322,-1.184934402265668,0.7825421882420898,-1.1028151179241874,-2.4299060757270112,-0.11818482867433211,-1.4846531836792671
1756,-2.0102887567069274,10.93349149587209,1.1296929905918915,-0.45336103546857487,0.03487045064368033,7.771786945371588,-0.8646049213994278,0.32960132959164934
1757,0.9569174151709774,-5.838849001139806,0.9438810936599822,-0.3674054141059244,0.06679922132371807,-6.791380742452006,-0.4051876529398051,-0.018227758314580456
1758,0.47339772666521185,-10.374504426810063,-2.305220634403298,-0.5109405298653584,0.5786512236262471,-2.444115324961764,0.7750763704047507,0.7921804209965391
1759,-1.7871749880497134,4.3297721144700745,0.0809652613170897,0.8170021716624589,-1.0120450284558746,3.008450229474434,1.2357426275529644,0.29815180328105306
1760,0.2735459329108778,-9.171410099700836,1.0446451691932594,-0.9060766806396217,0.1403479348407437,2.137847453702129,-2.2222105146911506,-0.644358523543346
1761,0.721186819801062,9.562743904696845,1.2230764098166418,0.7856577583791235,-0.19463376038217817,-2.864778820939719,1.363174365124511,0.03359900132438831
1762,1.821362082403283,7.599856511175744,0.9388616784909516,0.3522628492051538,0.01100926321185014,-3.3964762738769565,-0.9387578844501725,-0.2665556487033163
1763,-2.6699914989953015,-5.7308288323080205,1.1332526832706549,-0.1128523738889271,0.6105585397081175,5.6521537400034205,0.10646386578875955,0.5951627922091216
1764,0.8417770177115926,-5.465214880928954,-2.2373893848759394,-0.7162789907350842,-0.11292512491811912,-14.981202396410112,0.23253702062879356,-0.5114805331345131
1765,1.5792910557318862,6.987145370754888,-2.6687640925290026,0.5623240487942311,0.29244916613056837,8.983245070328067,0.11677744743947116,0.3690922401399792
1766,-0.3695705594888068,-2.5547602199916923,3.9391436725778846,0.5203150003228814,-2.5512719450237356,3.4654475903129764,-0.7045706416789468,-0.7111788185519101
1767,1.9279499696806113,0.07906298080564511,1.757963896692715,-0.5696741444404552,8.29103493322609,-2.118092575664548,-0.5484458859220229,-0.12383018517388944
1768,-1.2764548696917473,11.530653408779017,-2.5835945581742834,0.16957226184604934,-5.250266044785082,-2.769470130645722,1.249300902821009,0.5568933419555799
1769,-0.3301639508666767,-11.184333944159789,-1.8975119582903375,-0.022228822415186755,-1.1958735138815335,8.427031212396159,0.19186574235453868,0.1281477091690224
1770,1.835343287612801,3.4125994471195895,0.5315088934766834,-0.4360662623917477,0.9581186175629384,-2.392478143534227,-0.1863742721301147,-0.47743772253866457
1771,-0.1951580048734627,-4.279731002275923,0.12134533334391051,0.39577162549696254,0.14953901961321847,-8.183953400485308,0.26005827890801214,0.7117008544042269
1772,-1.059451004421021,-7.294579294087669,-0.7358225738129676,-0.23218309764471456,-1.0687625306908224,16.97564381421099,-0.2575482922420598,0.3808395109203584
1773,0.38200526834262405,-1.1013204321210424,2.842832937080047,0.8392905023699697,-0.19218867280881113,-8.742158067498835,-0.32947159974564144,-0.6119733236005303
1774,0.5323114667558855,14.564994251051928,-1.587619575710292,-0.5822968571212357,1.9733114465617412,1.9131726457207208,0.3139904918313796,0.3758050804488464
1775,-0.333705564263056,-3.6228651653601105,-1.6949218460747772,0.623809712077545,-6.543099068517774,6.848435789462883,-0.9158258052124353,-0.5206472951604528
1776,-1.6328366950768327,3.4008174720217994,0.8187404231276219,0.5427396923431118,4.615759840511274,-3.412938404702629,0.5400400187531247,0.32430508496935584
1777,-0.006643757128415473,-5.549019323210587,-0.34608898116776743,-0.9772400409682618,0.5353651865008722,-9.568718479672363,1.1071356470953084,-0.11482318420418824
1778,-2.3153909673534656,-8.904778062204457,2.1910008782502217,0.40138724762506683,1.594740714596945,3.7092359193742652,-0.8067151870516192,-0.2771405013823527
1779,2.9821323585580046,12.33179548315809,-2.7192609670943,-1.1360174162476184,-2.4087320714804292,-0.42420898617147884,0.23598751989431044,-0.16106847074597308
1780,2.6846449212584673,4.949099552076461,2.5443170243096205,1.52889112928343,2.2072854128487265,-5.113265820004457,0.05685489905862262,-0.5839308279485298
1781,-1.6480381228536487,-2.614079085493927,-0.9605424250554648,-0.8046524787336082,-1.3437967450406045,2.6374443904600753,-1.2771879906454071,0.9816496131427117
1782,-2.8796987667384712,-3.820334635113568,-0.9672225355792676,-0.34115522718010993,-0.7969246389204834,1.6438677364480796,0.9164883412936575,-0.4208325237523187
1783,-0.6200849194152624,-5.042892066308184,1.9717769027793963,-0.5197962064617556,0.5967632523620203,-7.417306804072723,-0.6027177807125259,0.8823281064810864
1784,0.35716460180194076,-1.3226598328922137,-1.0886079643146758,0.2427149762653542,1.2132794223101868,8.02870720813057,0.692804084511982,-0.8747651119872382
1785,2.678319733624818,0.21556644009723414,1.7644331678513225,0.27602987463103545,-0.4016938977725282,2.2691502188906583,-0.8858027612980326,0.36114741791589644
1786,0.3246765661232871,7.770510333445031,-2.3112771310417486,0.5809656576845086,-2.165989760081146,-4.876797317173633,0.37701869990976355,0.11157596975969053
1787,-3.520538313223966,-10.574698420045308,-0.0032160535544250024,-0.4828952412443428,1.7315099526576994,5.632022342633526,-0.22248599610458797,-0.29614010181610695
1788,0.07384784192083771,6.945627337544693,-0.002650557328294667,-0.6501441787629716,-2.1605233914487822,-4.4456694612099525,-0.0783579890623507,0.10092184497792367
1789,0.30304431353161476,4.984311676629375,0.037135439080614674,-0.39405584003170446,2.265004640278516,6.984946967132281,0.6402605976395259,0.15706602943940595
1790,2.113982406406194,-11.42638781917816,0.7545922405371499,1.9635733784528497,-0.5038838772092618,-7.176353363206658,-0.05456749461265353,0.15283043295669163
1791,-1.0775292951219342,13.343506221924372,0.027443131850390046,-0.9625219350694962,0.9590289193510309,2.6572340047193848,0.7602230409798407,-0.36960353879000873
1792,1.8238875937062176,-12.626631346919964,0.2837831256720307,-0.23930479809494898,-1.8924692158963747,-6.688125906548507,0.6916283729418389,0.21072870135830257
1793,-1.794574961582498,12.018551124905741,-0.43732095682099725,0.10293781583943229,-0.10614740470058948,7.008531370968434,-1.569854147618205,-0.3078020636169665
1794,1.2224070592347687,-7.634646832912779,0.1067423872704154,-0.006040665117772903,1.5161847909928277,-0.5901271160028898,0.4185329000876461,-0.07597354890654096
1795,-0.5670731934856974,3.458030533978672,1.3355062439101175,0.28973590384319436,-1.2006763517792702,2.8496518625996075,-0.051749620787322925,0.4478588925435103
1796,-1.0153903161387063,1.7466319949958802,-1.1583812186227505,0.44390973878297046,0.4826729397993166,-3.5509031469281354,-0.02630490488545334,-0.018252152711105474
1797,0.1005995757308824,-8.355580272155521,-0.054063995276308674,0.05365413132933128,-1.0304048042278868,-6.87657654777172,-0.12704076988352497,-0.5402279423351812
1798,-0.21353788537874152,3.5411852200384715,0.6841878869130369,-0.4264045970137005,1.5517495429414225,9.243976136046683,0.16971819983268155,0.7882321141691486
1799,2.2440040196893563,-2.957594384731749,-1.0050872715766985,0.15281561175653735,-1.4466031788382505,-3.4465433304380397,0.8153523966788274,-0.7737367002118685
1800,-1.2623238837493886,5.330354593969844,-0.5558777771954908,-0.21465984424744988,1.6008550209108883,-1.3574245443466424,-1.1303750881768835,0.7020202262638815
1801,1.3060723122802074,-3.86817802148056,-0.9256324519341774,-0.1649940959549525,1.5540213950256074,-0.49763273211436854,0.7760431886088188,-0.42174738117416766
1802,-1.798046797808496,6.200789860866337,0.782660455619137,-0.48525720696625285,-2.40144574422931,7.859346104433129,-0.47705589579777197,0.8479591154423218
1803,-2.4499970982726325,3.445948260202101,1.574767435925807,0.7238582688797663,4.228055867109962,-9.864512303461623,-0.5656034049042962,-0.8388083542044837
1804,0.8950262940319362,-6.73463447741068,-1.206522773736225,-0.49065729372306777,-1.921380059908655,4.991732597763857,0.7638565527192771,-0.06036697110565026
1805,1.8113727875895336,-0.9417114539436398,1.4674001517325763,0.17659597473049615,-1.6239131188277565,-0.8196394148745938,-0.047065911232973434,0.14550550723263456
1806,1.1189179550743233,4.132847089900906,-2.692738675469357,-1.068331772569259,0.21650847272553264,-3.437343599743258,-0.037920524863395144,-0.6138446553827928
1807,-0.6970233695240893,-1.0668339229748653,1.0754833346409214,1.1089781575854403,0.6031671590839451,4.696577072162086,-1.376681754781357,1.2861740520352054
1808,1.4438591088197654,2.457766087971436,2.1869400214109618,-0.18821764237647187,-0.5306751904783447,4.781803357617655,0.8536398174735531,-1.1599418305984743
1809,-3.039241063567033,-3.3781546620174367,-0.3839279435801757,0.03388287757767472,-1.4184475654571962,-4.774213090332346,0.060032503421206584,0.8247250234945955
1810,0.5750136954122524,-5.4873460622723655,-0.40468711114102973,-0.21070154341889946,0.8010705928555204,-3.6241440094692905,-0.1358222139193508,-0.24699404692616334
1811,5.614944354515615,2.2076796542780244,-1.0715901314200238,-0.05943312991174565,-0.8723537230780458,1.3258958714561402,0.09584438518069938,-0.18427089014205222
1812,-1.00165916130112,3.8420743775502046,1.3943616978251185,0.5169683059988444,-1.3117807937641928,4.7649296622350334,0.015271861867409697,0.20227597688144794
1813,-3.4997009543089916,1.9796595671238038,-1.4600291021576055,-0.09877212505967492,2.0558793607413097,1.8022287671751513,0.8524971769477947,-0.14262945839079677
1814,-0.04173573628389704,-3.2084936730227582,0.1337624681139573,0.30735791188839556,0.7621243985633637,-4.531751917137186,-0.7889566569278141,0.00024965748512695285
1815,-1.0181193345347879,-3.0202089961290426,-0.36118986012851906,0.19813608560464502,-1.4105341536771583,0.4001088876120349,0.10043639579090069,-0.1170170229164178
1816,0.403927746702891,-3.2766657227907103,-0.5248110774420667,0.2294544988680869,0.998317873131354,-6.384876555948146,-0.20336144238134857,0.5279769591352172
1817,1.9890197323725545,-1.984779767622456,-0.543571780622699,-0.3945462619899871,-0.05717328584996295,8.630062272095948,0.31123993170127306,-0.6827787458766013
1818,0.7257173549353411,10.891824368942025,1.199601565918357,0.9939474152789103,1.0662840692516546,-1.1896854921773894,-0.08544506241041105,-0.014495869299997466
1819,-3.254492707055789,-4.63408876581218,-0.005708707279069358,-0.5180050605373197,-0.2538915499896408,-1.0346886235171695,0.11887939903536804,0.32657790028118505
1820,0.8264219433905566,5.199803385413134,-0.23771810796755233,-0.5541170586423618,-0.4691717784289491,7.120271822056729,-0.5391972908058502,0.153082964362234
1821,0.6256534539562892,-8.875197718873949,-0.6845886388586848,-0.13093504159078861,-0.4868654092075797,-10.22178984123078,-0.7707308715203034,-0.03683661599050847
1822,-1.067343700536469,7.41332613516721,3.2077949995460955,-0.04663750683535284,-0.8411908997236495,2.7422703350110638,1.456858200560502,0.6479440827146723
1823,0.6767708911198724,-1.662040256602893,-1.6581224757128012,0.11769061288617877,2.7548104165606304,-0.8184055809723176,0.28043505313762207,-0.6371445104532691
1824,0.3444986673397068,2.719411265990061,0.13277231852605098,-0.19388603645607105,-1.3893185401468582,2.0780575600821436,-0.6525499752092134,-0.08867258905728548
1825,-4.343199098899788,8.400092066938328,-0.36969955340214256,0.20704959330785755,1.0481398739320458,-3.229273897746687,0.4032538275701718,0.16700855622267774
1826,2.965197913566243,-5.991370413641675,-0.47063685571946223,-0.2596826766428393,-2.9767862624601094,1.464075924982403,0.24355968398181194,-0.5767841133119855
1827,0.40884974605918956,-3.9334398431108752,0.2046333658987578,0.23989936566914594,0.3002432674647544,-2.1634531636445473,-0.44370180867408937,0.2524009181850584
1828,-0.5597652231600136,-12.993954020614694,0.4027089421197587,-0.9162513592638462,0.44911851543056613,-4.498481746059994,0.33703872737754725,0.543239182068401
1829,0.787609319863293,9.442216909741376,0.23278574657493323,0.6626043229130403,0.8772805881069203,6.274228606710373,-0.037217204654197644,-0.41062374757412456
1830,-0.12768631986881473,-8.775803932144072,-0.29969478610281897,0.8401481971726881,-0.3698143923904187,6.411327502008561,-0.053149898601372314,-0.6364494839848973
1831,1.2593822907876415,7.385097983203082,-1.2549124216223504,-1.2012147755105076,-0.6392249130811205,-2.8016838563101416,0.7654745709504596,0.9498377980309067
1832,-1.6287283332941627,-0.7202329009026585,0.24126873814280714,0.1020001044386305,0.17161629053327232,-5.148601748591965,-1.2139509613048354,-0.5289146715669535
1833,2.63202674912975,-3.8029752411340496,3.187299548339894,1.2757350142705661,-1.0442083993590519,-3.065100695373239,0.31176887939341036,0.5738394382615466
1834,-3.456751220526968,7.349116404975007,-2.4736285267209297,-1.0497479834561503,2.671570361936965,1.1773265432052966,-0.2261780914319207,-0.4106334356276484
1835,1.7358151109916378,-6.906925425593499,-0.125695017205814,0.2402145917225127,-1.2700555003666825,3.2940668935608457,-0.23871403588713314,0.06439425547701116
1836,0.22017515600575166,11.306699830803552,0.07836773691411736,0.7298616463006979,0.6413259883623148,5.4391695071068895,-0.054023780962674905,-0.30442380727495433
1837,-0.21318102734892364,-0.49132304967849905,-0.1894193364221337,-0.14722226099624436,0.3772198327488443,-3.068283020017404,0.9172642117981926,-0.03949289713871096
1838,0.7027810522188247,0.4747700164450066,-0.05624906315945566,-0.4523632081008486,0.14041229465368588,-6.596304275312541,-0.7440630575882299,0.3905316134889105
1839,-1.837186929106565,2.752512735024368,1.312568492254556,0.10820648759818852,-1.7693735738773189,7.807578803340441,-1.278740625127953,-0.557026183469481
1840,1.2664122762203363,-7.502204642053073,-0.7897954040651456,0.038528457641774594,2.4933610067535046,-1.9894113473727302,3.960178901745955,0.533234419474276
1841,-1.111814449985303,5.27693697867835,-1.9252731695107883,-1.6148545118945279,-0.33961893715351366,0.19547948437109142,-2.8949765886129173,-0.14542453451695625
1842,3.124173083493588,-7.271201040647895,2.7398239358827823,1.2672668921983572,-1.2087776575752507,-2.541372244144121,0.8549245990640912,-0.020124251894560352
1843,0.25209585494167186,10.353744345573148,-2.360471239634066,-0.2590248116620657,1.850814654204754,2.1733611029739137,0.6584330961588076,-0.08615401203745687
1844,-3.0908661565990485,-11.7585622719929,0.9949170655395818,-0.3196320092025715,-1.7682327385272067,-4.701310090013642,-0.6746079710564477,0.18777874119929372
1845,1.1428599170574785,1.7550579137311502,2.806874209644903,0.7171753101982361,-0.651829120546978,8.952996972159838,0.8340655189797701,0.3387513908907094
1846,-1.1870991858663444,0.46498236716774954,-2.037893775749481,-1.094628577849896,0.13015159521197717,-3.2579798327127776,-1.4610111876399543,-0.4645278822379053
1847,-0.25525934799412653,-5.330160229129888,0.8963399582355578,1.3683630598449525,2.3374072847761838,-6.161269040812272,0.446835530614889,-0.12265287065992858
1848,0.4913777603714209,9.602247803685657,0.28631665577319154,-0.24153097355834774,-2.9961211492469726,6.027101797180748,-1.3790717866948974,0.17116129650128764
1849,1.8541973434591341,-6.125066397592775,-0.7571269172299537,1.0988715010272543,0.03549318444832039,-0.23094858143530672,0.5426824891583397,0.72150021426999
1850,-1.5969272803279182,-1.335188490822759,-0.316048576638039,-1.478481786858218,1.083970227215513,-1.567686543062507,0.27850415993441224,-0.4274657688128083
1851,-3.5926645524500316,0.18388228982882993,2.4933259643316603,0.5645163803861166,-1.551661422388941,-3.7911886391624705,-1.7396244288408287,-0.13827420744120467
1852,4.100089037378666,5.881021061540878,-3.5050095977169917,0.15701118389171853,3.1935788003749455,4.690132087440915,2.3517290467853496,-0.5401769464732187
1853,-1.3718263415603076,2.2251721888891893,-1.9479316375777245,-0.40254935563841343,-0.6196947314246657,-7.64685211689288,-0.8272648930391302,0.7799274598125878
1854,1.2034530918394069,-2.7023276280631308,2.1885410623709873,0.3820274453208867,0.9009581729037759,8.061110621736276,0.7033707317533597,-0.6382432407625984
1855,1.0632152212435528,0.9163983299890219,-0.005695922315638313,-0.6555382232429778,-2.624967065349619,-3.6754284744955115,0.5253722109852568,0.41869766849621204
1856,-2.4025444550799477,4.877131262150272,0.6899914359861441,0.5024931359101146,1.2610376002240855,5.1570909492130355,-0.975402187585761,0.4331542551768379
1857,0.7780454648721502,-4.577705042782441,0.3970785678035753,-0.8701156562799355,0.6296436973759789,-7.838968947463513,0.26804176432543336,-0.9258250238615187
1858,0.8055204087894765,0.10824549228391334,-0.9693557249058244,0.9930770430562035,-0.5694298272732734,5.401407416164091,-0.039520058397119584,0.4228768982874689
1859,-0.7837496780392712,2.9860794364583967,0.8483745435061394,-1.1296947166149636,1.09907758209404,-0.793841467709143,1.2632023750339556,0.6637976804925021
1860,0.7550371696697198,-7.077850456233364,1.3646742815891315,0.7286229234795059,-2.294399652612249,3.703893079305992,-2.251169569880105,-0.6065482494246854
1861,1.5181236534962466,6.670016229082307,-0.9205607825391127,-0.12478582563635143,0.542875511989557,3.3522887532668335,2.016916610717658,-0.14264040233954933
1862,-3.470990711737983,-2.0558406193213727,-1.9865167552586769,0.724080758793896,-0.7966955423836879,-3.445831378221179,0.7670115195132858,0.14351341607034218
1863,1.2855621910773607,4.3453672103444205,-1.0749281790053118,-0.8984148912178398,0.5732875022086752,-0.7102439979384982,-0.35839298007323706,0.08440090190775962
1864,2.1401653780293657,-7.261262609925325,0.17433102919511612,-0.36142485974512795,0.7521091526688046,-2.3761521272814434,-1.6669421799729154,-0.578515311907414
1865,-1.2075885209221155,-0.029965475466838143,2.769824315662035,0.18953199258314868,-1.7149548739943423,0.19792620904399882,0.8555305426817359,0.6182639223037807
1866,-3.3897811673602973,4.722079336123727,-1.4948977333974227,-0.48111108588297924,0.33250592682394675,-1.0602747081766708,-0.6430322124669559,0.44428071024127824
1867,4.445586036693953,-6.189423918736111,-2.835541551273593,1.3390792639312536,-0.8696781501467168,5.813652412694857,-0.593253239268055,-1.1027268412084217
1868,-2.2552492414459095,0.008841826677837616,4.214738519013892,-0.6102066787019567,1.5386719910542084,-4.987784086527348,1.6184664031819445,0.4897558815479295
1869,-2.2860768438736443,1.0138338703567342,-1.0246457749162659,0.6852995715079473,0.2401319679431353,-1.3747782054574316,-2.3796825667204065,-0.014017585443861336
1870,3.609568451604588,2.1012867814793594,2.6997340844701654,-1.0780680244136747,-0.13404504014909513,-3.050238545882685,1.246041652266813,-0.0598549627782079
1871,-0.3152580236866811,2.2694192732164993,-1.0660431397072045,1.3069985650197395,0.2362740178010867,5.07078770915593,-0.8830539031409401,0.20004401595125287
1872,0.32624322599264133,-6.0453931893064805,-1.5689677021650255,-0.5946428464167255,-0.3262248509191199,-0.6986678445778551,1.2933585069692057,-0.05269778812246173
1873,0.21869673843502824,6.953246775099615,-0.1591859895998482,0.6647587379770528,1.64777683905581,-0.07196071514547242,-0.5707055088763227,-0.047764719278896806
1874,-0.6845988980538493,-9.715286693264773,0.4672033976890049,-0.4316284132558934,-1.0281506430262333,0.6195272441492108,0.4131591903212737,-0.668788848232845
1875,-0.8914456122874981,1.9521839449665208,1.6733275734533493,0.3173937957535884,-0.8988580529201524,-4.491462207339694,-1.6555318952204825,0.9300943348901693
1876,2.278474607558053,11.4638843163915,-3.301996642321228,-0.0734495590701627,1.1823069161666826,-0.6403796153951475,1.3467278722706126,-0.40136970485651613
1877,0.1457868977093426,-14.88991500729901,2.2975435980978745,-1.7545889235043859,-1.8333248408062701,2.186170870047782,0.616385813476942,0.4928015437284028
1878,-1.2435377815588708,13.986488702607232,-3.0288425590571535,0.5020620513302916,0.5110573739163762,7.561321437796018,-1.352180398592198,-0.030242777296900947
1879,-2.1193996002782853,-15.427707657110375,2.0903759338255696,0.0551818541848732,1.6607315608170818,-8.809556956068683,0.8049371267306338,-0.6034541866245533
1880,3.2729001307191083,0.8240968772032033,-0.14584320727338707,0.097351114298597,1.2033847657989671,4.376298348292991,0.7119574618336397,0.19464066512369005
1881,-0.2683816698265673,-2.1260017901149126,-0.08874124213461698,0.3845295588666815,-0.9537360458689399,7.355652218321907,-0.47918174670703806,-0.2768558873256888
1882,-0.7265271788481016,8.71947691373623,2.7883825315545465,0.6943252330689944,-2.004709608539116,-8.180527164699306,1.8540173341845865,-0.05254794969931087
1883,-1.2953346984996301,3.7722383743954992,-1.4466016504123758,-0.5817998951614101,1.4526732961175366,0.45003745743319,-1.4646953535347667,0.44623571041805565
1884,0.6860526527028412,-6.919218015478577,-1.3644940601303688,0.06936762085785375,1.0779329448924155,0.5091039787949327,-0.3854061901649466,-0.20619388518927018
1885,0.930762479407349,3.5050705022189277,0.8248740916397708,0.4517942149252292,-1.9261294226711598,1.5807385479957858,0.08449087493310437,-0.3428433773018007
1886,-0.8139152644727403,-6.074807498293126,-0.4849085760515237,0.2262457577562671,0.5548517259619565,-0.547021871976952,0.050211394061220105,-0.40912150119802204
1887,1.6765262362684723,1.9575442707541697,2.644215607830205,-0.44845482900095135,-1.9520048429707266,-2.3180890365550297,0.10139358643919572,0.9227354884833967
1888,-4.123933973662304,13.535104545644288,-1.9063671631480048,0.6069623990819366,-0.10473699636482436,4.24017621358891,-0.8997300197758893,-0.5848529154243938
1889,-0.49220211991777774,-8.984015814736267,-1.5456700207999035,-0.9002854092014516,0.13468523143601807,-10.190793924312473,0.9534052129231068,0.5296448917314533
1890,2.0373580758620733,7.1569214844233215,-1.677666758436274,0.1752223639161059,2.6439336693921707,8.939111405786427,-1.0014051154094208,0.4576012799441864
1891,3.8532683755897494,-4.771316590439653,0.4198363911506533,-0.7039484532748475,-1.5158354919715258,-0.02738848667379301,1.3532171718519965,-0.9653463324919094
1892,-4.636099348659229,-0.05321012597147501,2.4189737820009896,-0.13016322094306076,-1.900497685145698,-2.3516286884986073,-1.4600826534752454,2.150444221172348
1893,-0.2695296844500774,-4.168236820516995,-0.3948739199260558,0.5261141188277776,2.852281771989862,3.8259319519785677,0.27803695782111326,-1.4009264401056898
1894,0.3694464993918416,0.20876524091210058,1.730943026220146,-0.1775463309147085,0.6929062626452289,-11.936062551560973,0.4176911670046497,-0.11525741389542432
1895,1.6218350842665643,3.1762774429376464,-4.33420360961793,-0.3996751649082242,-0.1274714820705718,9.949897391556533,-1.252759252535565,0.12366322753800052
1896,-1.6398891436119243,-8.820439721944126,3.2192211025512165,0.07614188389161569,-1.215516532802349,-4.055526109226356,0.9716475092324348,-0.35905915727682913
1897,2.977756085460328,12.965170735210563,1.8762778090381147,0.7384685745550712,1.0766203475599987,0.9700756515270896,1.8668224419070754,0.2773115199498397
1898,0.09441950200613292,-5.867954212887469,-1.8178651212003842,0.24228559894270774,-1.5791212261508463,0.8510849843794333,-2.0694136395004126,-0.07400839040430007
1899,-2.902760175525856,-0.8706360366948616,0.7943872032287658,-0.05379699603889776,-0.1950681545709152,0.15020620528901674,-1.320225069431812,0.4150220071770354
1900,-0.9603074580824398,2.2957158921329324,-2.0333220441675763,-0.14638224469542394,2.152524479019837,-0.6568313444162044,2.7124759206018627,-1.5140268922891629
1901,3.3105765759257224,-0.67651265452713,0.9218493269189025,0.4530465948789697,-1.3134894918140603,-4.8676724144703485,0.4917277230491539,1.3940730470203242
1902,-0.9703477568462517,0.1887666377806454,-0.29220562426672814,-0.3930029341087149,-1.1118028286393553,7.150818565917284,-1.2931942816605488,-0.4618605894483432
1903,-1.448578326025455,3.696596502193813,1.2723990749042997,-0.12029598396688357,0.04537084276994108,-2.983003089002615,-0.8230662698989857,-0.06319277141127078
1904,2.425825273997816,4.607585843405332,-0.7108972206597315,-0.08873425644708988,1.1518348520499355,2.6056642033820054,0.7654265750174201,0.3649857531142562
1905,-2.251270659206739,-10.746783961744313,-1.8772452437863194,0.04069331140760113,-1.3025403565971931,-1.3695633031333543,-1.2299089810725974,-0.10963270386641621
1906,0.5956774159779172,-2.7812484839741956,-0.75969080994048,-0.31051034842556646,2.529426269548855,-0.45829333354548396,4.785908087780898,-0.30441568720268286
1907,-1.9096759923562843,-4.79661429589504,1.472922743592349,0.30687719630006427,-0.9952769186074946,3.9392751691331824,-3.4606909663970207,-0.3128334313470882
1908,6.723326533035134,10.326052726184912,1.9239868734746466,1.236973060615668,1.1026078939017658,-0.7426967062970391,-0.6308582823952555,0.8209412400557676
1909,-3.6397282053551976,2.6606056219408742,-1.894787312893726,-1.8442920077332658,-2.0352194581308325,-2.7449760940522836,-0.621296314236476,-0.5499482286747979
1910,-1.3401578177467002,-1.9696397306572635,-0.16376397407778143,1.0411344786561259,1.3209860133935045,-2.4071565350123265,0.8584529967098984,0.34314881482287163
1911,0.9037893264822969,-0.7530151059812624,2.047501325080688,-0.699677052193941,-0.7124083790232802,0.5588782660239247,1.674177883367621,0.3041985363444919
1912,-1.2683968481188117,-2.468516087233411,-1.16077917508467,1.088862842012226,0.4450544130415661,0.7426911277832673,-1.084590411679395,-0.7876080266164092
