,datetime,machineID,voltmean,rotatemean,pressuremean,vibrationmean,voltsd,rotatesd,pressuresd,vibrationsd,error1count,error2count,error3count,error4count,error5count,model,age,failure,time_diff
0,2015-01-02T05:00:00Z,40.0,167.24016299032326,453.2072542360932,97.9796538201338,39.311705161789504,11.644655818558741,46.61015415896733,11.119086393410251,6.611758358134358,0.0,0.0,0.0,0.0,0.0,model2,4.0,False,3.0
1,2015-01-02T08:00:00Z,40.0,169.5315802431532,467.0047287300641,101.12809009916452,39.372368886856435,11.421906119961307,37.69067621756286,13.159943358308125,6.483073114201704,0.0,0.0,0.0,0.0,0.0,model2,4.0,False,6.0
2,2015-01-02T11:00:00Z,40.0,171.84012368495289,462.180730526029,104.07995399073955,39.204931711002274,9.952941021087248,43.30045855190021,14.990097400520511,6.0252399524348474,0.0,0.0,0.0,0.0,0.0,model2,4.0,False,9.0
3,2015-01-02T14:00:00Z,40.0,169.81848749112262,458.3153184023327,106.79719367108842,40.258788693856616,9.853257426976802,49.01301307994557,13.8914370227813,5.660468856729286,0.0,0.0,0.0,0.0,0.0,model2,4.0,False,12.0
4,2015-01-02T17:00:00Z,40.0,169.8802762342065,455.86661658477374,110.2688511249394,41.0325717725393,10.83755778301346,49.88740784243315,15.025958900488718,5.498434551879469,0.0,0.0,0.0,0.0,0.0,model2,4.0,False,15.0
5,2015-01-02T20:00:00Z,40.0,169.03390579854087,447.1307596838314,113.02694625633127,40.92129188988626,11.58591466187942,50.02822017092475,14.139629813234315,5.756555701901656,0.0,0.0,0.0,0.0,0.0,model2,4.0,False,18.0
6,2015-01-02T23:00:00Z,40.0,168.02194690645825,441.9780491134396,115.26861654953156,41.018350022924224,11.668179907056768,47.502638730660884,12.899428109340205,5.252118606473852,0.0,0.0,0.0,0.0,0.0,model2,4.0,False,21.0
7,2015-01-03T02:00:00Z,40.0,167.20870681882585,439.893086436408,118.54512197382437,41.443034229860494,11.542011616781313,46.654610529668034,12.835447823125104,4.149359199826687,0.0,0.0,0.0,0.0,0.0,model2,4.0,False,24.0
8,2015-01-03T05:00:00Z,40.0,167.8276304645201,438.9924461302,122.14649300206536,40.70843846462936,11.947843786794579,48.46019268489439,8.813602649657359,4.263807198136864,0.0,0.0,0.0,0.0,0.0,model2,4.0,False,27.0
9,2015-01-03T08:00:00Z,40.0,166.90481298667143,436.76054814116134,122.26209395497156,41.62031911179122,11.99449295076135,45.975303322914286,8.242828629825082,4.414221770028703,0.0,0.0,0.0,1.0,0.0,model2,4.0,True,30.0
10,2015-01-03T11:00:00Z,40.0,165.8955206444329,451.3747643537191,123.13154708561792,42.0422475888521,11.094617059928828,48.22844231878506,9.0664097848617,5.066066374774393,0.0,0.0,0.0,1.0,0.0,model2,4.0,True,33.0
11,2015-01-03T14:00:00Z,40.0,167.67152820585014,457.807569989696,123.86535667427583,42.24923317909659,10.841833945330825,44.34214764505732,8.27510413121763,5.254328419020127,0.0,0.0,0.0,1.0,0.0,model2,4.0,True,36.0
12,2015-01-03T17:00:00Z,40.0,168.98159857450037,459.3029806589066,123.6970936308915,41.75219363306359,16.281701728343858,46.97811334785247,8.175751079828105,5.750110796139031,0.0,0.0,0.0,1.0,0.0,model2,4.0,True,39.0
13,2015-01-03T20:00:00Z,40.0,170.67279027885004,459.5249777133885,124.37691591467329,42.12647677808853,16.423434407466303,42.5428232266744,9.63597083452374,5.746211535649253,0.0,0.0,0.0,1.0,0.0,model2,4.0,True,42.0
14,2015-01-03T23:00:00Z,40.0,169.4506372282165,462.19698942476714,124.43788938594801,42.16659819370498,16.977548329894052,41.39367713974722,9.507363280810605,6.285465360851053,0.0,0.0,0.0,1.0,0.0,model2,4.0,True,45.0
15,2015-01-04T02:00:00Z,40.0,168.0151700727177,466.99895099784175,124.40464674890335,42.303435194282436,17.880319686042604,45.24452778833845,9.443421506695149,6.4616327386860695,0.0,0.0,0.0,1.0,0.0,model2,4.0,True,48.0
16,2015-01-04T05:00:00Z,40.0,166.21610367202192,476.0236676305172,125.60469087980962,42.189722955230415,19.045088040933265,45.91904257552337,9.572824235458956,6.120680031798298,0.0,0.0,0.0,1.0,0.0,model2,4.0,True,51.0
17,2015-01-04T08:00:00Z,40.0,165.47570354958617,475.4446001505832,124.26900797885156,41.51571803724008,18.824822232019795,47.649848326423204,11.932529353662655,5.996537048211553,0.0,0.0,0.0,0.0,0.0,model2,4.0,False,54.0
18,2015-01-04T11:00:00Z,40.0,165.65550587346883,472.0729946431691,122.1190944977024,40.988601583238506,19.81092120811429,49.24255078355955,12.083864678367298,5.481086050543525,0.0,0.0,0.0,0.0,0.0,model2,4.0,False,57.0
19,2015-01-04T14:00:00Z,40.0,165.4109526857693,464.7842949998399,119.29199540460267,40.524374683560346,19.763704643703594,52.01247320916999,14.73111635310486,5.2114204674036735,0.0,0.0,0.0,0.0,0.0,model2,4.0,False,60.0
20,2015-01-04T17:00:00Z,40.0,164.71867388086775,467.3899568358549,115.85912272084968,41.07607521568157,14.400994307166009,47.850680514814556,16.022051385750814,4.555096157541064,0.0,0.0,0.0,0.0,0.0,model2,4.0,False,63.0
21,2015-01-04T20:00:00Z,40.0,165.0428992294598,476.67599641972,113.69189730448612,40.547248711221755,15.62650465358357,51.395645301386935,14.91837652843304,4.244010117809195,0.0,0.0,0.0,0.0,0.0,model2,4.0,False,66.0
22,2015-01-04T23:00:00Z,40.0,167.44662072817454,473.8585706774992,110.75929687379728,39.900285686383036,16.305474975137038,51.67614175879208,15.913408952807279,3.6343609148242146,0.0,0.0,0.0,0.0,0.0,model2,4.0,False,69.0
23,2015-01-05T02:00:00Z,40.0,170.94983128428876,470.3487474558763,107.24735449415304,40.00531065535258,16.839716662026508,49.04670845051181,14.24578939808008,3.549450262204301,0.0,0.0,0.0,0.0,0.0,model2,4.0,False,72.0
24,2015-01-05T05:00:00Z,40.0,172.52340095051892,456.69704339203076,102.43357560057173,39.84355898297605,14.79428916588225,49.93328559214062,10.858268374465618,3.552065773185172,0.0,0.0,0.0,0.0,0.0,model2,4.0,False,75.0
25,2015-01-05T08:00:00Z,40.0,173.9122105995985,448.9421585366719,102.14987210774169,40.21546441161129,14.641379853448196,52.24337596391194,9.568882495569607,3.7699759320125454,0.0,0.0,0.0,0.0,0.0,model2,4.0,False,78.0
26,2015-01-05T11:00:00Z,40.0,174.77338057558342,444.62182104675003,99.37399840436701,40.151176889955465,12.989319664996328,50.54652725795218,9.111819069065179,3.781851038529703,0.0,0.0,0.0,0.0,0.0,model2,4.0,False,81.0
27,2015-01-05T14:00:00Z,40.0,172.42391407520458,448.42440249316843,99.34979011686522,40.328965582863496,14.964941433234026,48.41767870101922,9.788560120207238,4.023801342699706,0.0,0.0,0.0,0.0,0.0,model2,4.0,False,84.0
28,2015-01-05T17:00:00Z,40.0,173.07099165829842,445.2127734894792,99.15100853051928,40.309819210311225,15.017776095072955,48.51451364126003,9.271489072980886,4.3960018761911135,0.0,0.0,0.0,0.0,0.0,model2,4.0,False,87.0
29,2015-01-05T20:00:00Z,40.0,172.0756443164328,439.70773792286514,97.6352736039322,40.565379033001044,13.223636205155225,42.24459730985733,8.716077180257969,4.496771012593946,0.0,0.0,0.0,0.0,0.0,model2,4.0,False,90.0
30,2015-01-05T23:00:00Z,40.0,171.86672904310055,443.596637624894,97.39721905047537,41.17569222466536,14.753622337539284,48.75255296345132,8.529196640379286,4.08150837591061,0.0,0.0,0.0,0.0,0.0,model2,4.0,False,93.0
31,2015-01-06T02:00:00Z,40.0,168.8923749283154,440.6042687864357,97.3318724955152,41.11055914861154,14.68590169570449,48.648832052047155,8.238130499834456,3.823353734837113,0.0,0.0,0.0,0.0,0.0,model2,4.0,False,96.0
32,2015-01-06T05:00:00Z,40.0,168.8045076654129,451.1323170386074,97.54727815826313,41.180443889608256,14.929158314030412,50.4997478965967,8.455217716770765,4.056390020283701,0.0,0.0,0.0,0.0,0.0,model2,4.0,False,99.0
33,2015-01-06T08:00:00Z,40.0,166.42609907733018,458.73132634362366,97.87502111787278,40.33523443346978,15.167957772658978,47.17992345278561,8.709605217206748,4.142986974803584,0.0,0.0,0.0,0.0,0.0,model2,4.0,False,102.0
34,2015-01-06T11:00:00Z,40.0,166.53299300057986,463.1105387023776,98.56784937009058,40.4469050293848,16.44747205954098,44.621993239596655,9.80264770879912,4.950427221535623,0.0,0.0,0.0,0.0,0.0,model2,4.0,False,105.0
35,2015-01-06T14:00:00Z,40.0,169.34826318719453,465.4174520848244,97.34693628394287,40.349546781911506,15.884394559941313,47.789263115549296,9.72516074456991,4.728799673059954,0.0,0.0,0.0,0.0,0.0,model2,4.0,False,108.0
36,2015-01-06T17:00:00Z,40.0,169.70555362475866,460.00969297161,97.71523923640464,40.45340960410933,16.003392586448975,53.98541004108694,9.35039614906836,4.445900628155941,0.0,0.0,0.0,0.0,0.0,model2,4.0,False,111.0
37,2015-01-06T20:00:00Z,40.0,170.16263966239617,453.2106344153018,99.54948986663716,40.05829750447985,15.985095778907805,55.03401109411725,10.063894673148823,4.617370909723376,0.0,0.0,0.0,0.0,0.0,model2,4.0,False,114.0
38,2015-01-06T23:00:00Z,40.0,171.8693311011716,448.1953441445169,99.34961971112637,39.535033668758224,14.891673888374688,53.81800478801674,10.61488845504534,4.927843892562676,0.0,0.0,0.0,0.0,0.0,model2,4.0,False,117.0
39,2015-01-07T02:00:00Z,40.0,173.3321954205584,451.03841552681337,99.02527199895962,39.27620569097575,12.778929891332078,56.71442792994786,10.578823598962233,4.9022522639740505,0.0,0.0,0.0,0.0,0.0,model2,4.0,False,120.0
40,2015-01-07T05:00:00Z,40.0,170.21610263290884,445.2419615755557,99.7066883078372,39.096679997652785,16.65928247694454,54.25411399476364,10.1667996544949,5.0809553860031205,0.0,0.0,0.0,0.0,0.0,model2,4.0,False,123.0
41,2015-01-07T08:00:00Z,40.0,172.252951691307,440.1577987168482,97.68760518620087,39.2762459431157,16.24131718317384,53.645315041591104,10.564714166173061,5.331556170050302,0.0,0.0,0.0,0.0,0.0,model2,4.0,False,126.0
42,2015-01-07T11:00:00Z,40.0,169.97868498657274,438.4632008720535,98.812174719245,39.65289410290593,15.852628947430036,65.52099873690426,9.312989864721224,4.8546165948320565,0.0,0.0,0.0,0.0,0.0,model2,4.0,False,129.0
43,2015-01-07T14:00:00Z,40.0,168.91483467686845,433.890107977933,101.82209436426508,39.43479344415722,15.303181733501408,61.790806422674436,8.925694724848743,4.9788209297779655,0.0,0.0,0.0,0.0,0.0,model2,4.0,False,132.0
44,2015-01-07T17:00:00Z,40.0,169.2883449307145,440.9616827994111,101.15926686043123,39.41134034955802,16.197327448378417,58.73514281402665,9.164435750018052,4.973418217245622,0.0,0.0,0.0,0.0,0.0,model2,4.0,False,135.0
45,2015-01-07T20:00:00Z,40.0,169.11416735509042,444.3432878307412,99.15207835282615,39.60885719937428,16.377260275153898,59.378610524242326,9.366296086845123,4.967333386242314,0.0,0.0,0.0,0.0,0.0,model2,4.0,False,138.0
46,2015-01-07T23:00:00Z,40.0,165.58277185293872,445.6297895627882,100.73107506454173,40.14241990517033,15.09192210030306,58.937942068519405,8.676493911867755,5.287888763617156,0.0,0.0,0.0,0.0,0.0,model2,4.0,False,141.0
47,2015-01-08T02:00:00Z,40.0,164.67648752307596,447.2058106721548,102.46506720790754,40.10896864385396,16.081405680837868,56.56361122103589,9.963619933899446,5.528660405755566,0.0,0.0,0.0,0.0,0.0,model2,4.0,False,144.0
48,2015-01-08T05:00:00Z,40.0,166.130005575168,441.4807792862878,102.84739639704438,41.27601071046433,14.245586039430854,57.241138493831855,10.039856571830336,5.496727677878053,0.0,0.0,0.0,0.0,0.0,model2,4.0,False,147.0
49,2015-01-08T08:00:00Z,40.0,167.9230624500625,443.04051611507066,104.12884097101878,40.96569556442638,15.813445462963802,56.03144226455842,8.278889625898795,5.518610979510133,0.0,0.0,0.0,0.0,0.0,model2,4.0,False,150.0
50,2015-01-08T11:00:00Z,40.0,171.50823666409462,439.13473673248393,103.37130852005976,40.59294881492939,18.45385314249837,43.72562391832177,8.879663871332996,5.606456784722562,0.0,0.0,0.0,0.0,0.0,model2,4.0,False,153.0
51,2015-01-08T14:00:00Z,40.0,171.43655507301892,442.2845738602357,102.73271387235474,40.48567548866989,19.64358435746775,50.35905762773637,8.951787604589192,5.7889264274392,0.0,0.0,0.0,0.0,0.0,model2,4.0,False,156.0
52,2015-01-08T17:00:00Z,40.0,170.27285338126762,445.9109541211748,103.67729554326205,40.090605689943104,18.885625935780073,51.0022095354632,8.783497756090318,5.6873680030546225,0.0,0.0,0.0,0.0,0.0,model2,4.0,False,159.0
53,2015-01-08T20:00:00Z,40.0,171.29895315613769,448.18445061334165,105.01169903230007,40.281949004366744,19.01636828776441,49.88017607299922,7.382257388092762,5.661950368037878,0.0,0.0,0.0,0.0,0.0,model2,4.0,False,162.0
54,2015-01-08T23:00:00Z,40.0,172.70943747679178,444.06928651632506,105.8656254422232,39.79132588081588,18.22712128432975,50.0428876960355,7.9044052873016035,5.2279081146335,0.0,0.0,0.0,0.0,0.0,model2,4.0,False,165.0
55,2015-01-09T02:00:00Z,40.0,172.68151873003208,444.2811672405623,103.71752970852002,39.74064945110448,17.5835967557141,49.5364969863405,9.44643998987184,5.207950949609738,0.0,0.0,0.0,0.0,0.0,model2,4.0,False,168.0
56,2015-01-09T05:00:00Z,40.0,174.8546828653799,457.9371788201422,103.89045607214487,39.069749641587336,15.810228232152545,52.22537455709323,9.711495681564902,4.853011770123519,0.0,0.0,0.0,0.0,0.0,model2,4.0,False,171.0
57,2015-01-09T08:00:00Z,40.0,173.38362382889167,461.0237434347849,103.47061461795117,40.337604689354244,14.441180791489058,58.816308254967325,9.777435569790057,4.9443289562968795,0.0,0.0,0.0,0.0,0.0,model2,4.0,False,174.0
58,2015-01-09T11:00:00Z,40.0,171.2354584949307,457.6145268604455,103.45864669789115,40.2745558695036,11.62745339527686,64.01175549555683,9.522008131009207,4.8239928000525545,0.0,0.0,0.0,0.0,0.0,model2,4.0,False,177.0
59,2015-01-09T14:00:00Z,40.0,171.0458681056866,456.7898942001563,102.92195466855878,40.18936370867571,9.315021648299828,60.74576877428763,9.303550508903664,4.547615097511546,0.0,0.0,0.0,0.0,0.0,model2,4.0,False,180.0
60,2015-01-09T17:00:00Z,40.0,171.12648113128932,453.39743510031633,102.33685729348684,40.703798813950144,10.94549783449128,62.687500240546505,10.533418129334198,4.758045330329327,0.0,0.0,0.0,0.0,0.0,model2,4.0,False,183.0
61,2015-01-09T20:00:00Z,40.0,168.05536159209862,460.0470154360048,100.4527190396748,40.935004519579984,12.497297516118325,64.83601496845435,11.202123276551475,4.771616695893117,0.0,0.0,0.0,0.0,0.0,model2,4.0,False,186.0
62,2015-01-09T23:00:00Z,40.0,165.09429535973825,468.3173914701305,98.6015623457936,41.00401253059321,14.500927289346258,61.34691226309341,10.372082563269528,5.023166496560807,0.0,0.0,0.0,0.0,0.0,model2,4.0,False,189.0
63,2015-01-10T02:00:00Z,40.0,165.88059855218134,479.16527341638283,98.68160581736574,41.1686380224188,15.147704619156851,68.86717595197004,9.01017777517319,5.048044635197921,0.0,0.0,0.0,0.0,0.0,model2,4.0,False,192.0
64,2015-01-10T05:00:00Z,40.0,165.24122030683696,476.86791170155266,97.61605227916769,40.88768829372295,15.317586275426136,68.17597937817385,8.422920339895414,4.897705898497602,0.0,0.0,0.0,0.0,0.0,model2,4.0,False,195.0
65,2015-01-10T08:00:00Z,40.0,162.66983045957105,468.73643899995903,97.05448642970731,40.32233091899509,16.342040713038653,67.45126684530054,9.042619702828256,4.604396749332471,0.0,0.0,0.0,0.0,0.0,model2,4.0,False,198.0
66,2015-01-10T11:00:00Z,40.0,163.3120794482013,478.6025715016311,97.32404496392981,40.4549849887035,16.638230018163892,60.50405113664125,8.947079543404652,5.036046248752757,0.0,0.0,0.0,0.0,0.0,model2,4.0,False,201.0
67,2015-01-10T14:00:00Z,40.0,164.44689668081278,479.2145392527934,96.17463180507046,41.23368117913695,17.906527722215163,59.11446060272464,10.317914735821267,5.058964086830526,0.0,0.0,0.0,0.0,0.0,model2,4.0,False,204.0
68,2015-01-10T17:00:00Z,40.0,164.81168252258453,476.96807173193184,96.3890076945306,41.008294286529335,16.9703391829913,59.99624173092419,9.340339391309833,5.007556138554836,0.0,0.0,0.0,0.0,0.0,model2,4.0,False,207.0
69,2015-01-10T20:00:00Z,40.0,167.00385172056653,472.9592782778283,97.05446493141784,40.09101495453898,16.25626995451837,57.55698586419822,11.1997000250843,5.339179955108457,0.0,0.0,0.0,0.0,0.0,model2,4.0,False,210.0
70,2015-01-10T23:00:00Z,40.0,168.95134702046997,472.0778089181906,96.82212354906116,40.70874759474197,14.688884491377811,56.796225635516436,11.010975159428202,5.201964464414413,0.0,0.0,0.0,0.0,0.0,model2,4.0,False,213.0
71,2015-01-11T02:00:00Z,40.0,167.1254623096669,460.51580488453277,97.04727226390354,40.93057088898149,14.965302429799554,46.83969136875912,10.73780918234408,4.915502052604841,0.0,0.0,0.0,0.0,0.0,model2,4.0,False,216.0
72,2015-01-11T05:00:00Z,40.0,167.04625252386217,458.0203139979863,96.6302839429438,41.29411403772493,14.682647471669656,43.31760776964038,11.019992618948887,4.827268161085152,0.0,0.0,0.0,0.0,0.0,model2,4.0,False,219.0
73,2015-01-11T08:00:00Z,40.0,169.8958525432484,465.59333926033673,96.91594040410568,41.33879415847441,13.595355829811304,38.7046647699386,10.608523295373653,4.950716970656567,0.0,0.0,0.0,0.0,0.0,model2,4.0,False,222.0
74,2015-01-11T11:00:00Z,40.0,169.70470597076255,460.72573674689653,95.75142760733736,41.99246599225247,13.086592333644422,29.95317824083375,10.621855154993838,4.634893456666483,0.0,0.0,0.0,0.0,0.0,model2,4.0,False,225.0
75,2015-01-11T14:00:00Z,40.0,169.76129078843655,463.3695967394237,97.40002301335574,41.17567544946103,12.243858355186452,37.74373718335491,10.052225363711846,4.744902830511307,0.0,0.0,0.0,0.0,0.0,model2,4.0,False,228.0
76,2015-01-11T17:00:00Z,40.0,169.10300726501342,471.7925890859408,97.60231048721998,41.2188312489774,12.562965596384222,43.70412489242029,9.938806354280997,5.136547739268674,0.0,0.0,0.0,0.0,0.0,model2,4.0,False,231.0
77,2015-01-11T20:00:00Z,40.0,169.5131788272719,472.3779338482865,97.38086807608835,42.35822898732384,12.473514308255586,44.66183051483048,7.4442181492153825,4.273625879096355,0.0,0.0,0.0,0.0,0.0,model2,4.0,False,234.0
78,2015-01-11T23:00:00Z,40.0,169.57698166182038,468.6171998804458,98.2117658666188,41.724849507753774,12.723405222072365,46.65329945023007,7.900735925802421,4.527510691129678,0.0,0.0,0.0,0.0,0.0,model2,4.0,False,237.0
79,2015-01-12T02:00:00Z,40.0,171.15197028779863,465.4797279127677,98.1941961853377,41.48822351574592,12.277644162310159,47.567084059166476,8.266379960165175,4.822722048335168,0.0,0.0,0.0,0.0,0.0,model2,4.0,False,240.0
80,2015-01-12T05:00:00Z,40.0,170.4739181138694,461.2303241475218,99.48095989434708,41.74096184671317,12.761555506445772,49.37765531832392,7.908446540828604,4.7859236721586065,0.0,0.0,0.0,0.0,0.0,model2,4.0,False,243.0
81,2015-01-12T08:00:00Z,40.0,171.318476544256,462.77002189758207,99.53114441900028,41.876118649528344,13.46241749620924,51.95934791374177,8.442560501818727,5.026207526773064,0.0,0.0,0.0,0.0,0.0,model2,4.0,False,246.0
82,2015-01-12T11:00:00Z,40.0,171.6875035904807,459.25103161294135,99.33866556137968,40.40530294639221,12.961307222976153,54.081605395371724,8.956963011115699,5.467670585769357,0.0,0.0,0.0,0.0,0.0,model2,4.0,False,249.0
83,2015-01-12T14:00:00Z,40.0,168.8916863732513,452.35143877010836,98.35413746024577,40.922931584631435,14.120396564180059,51.0071396455085,8.294341901130675,5.388462040119367,0.0,0.0,0.0,0.0,0.0,model2,4.0,False,252.0
84,2015-01-12T17:00:00Z,40.0,169.02212358446576,447.38881535123136,97.67287043443295,40.15508695432441,15.58911568462984,39.57716663179692,8.198799445549287,5.076211007308952,0.0,0.0,0.0,0.0,0.0,model2,4.0,False,255.0
85,2015-01-12T20:00:00Z,40.0,168.8868741829996,444.42355942894517,97.92585983745464,39.99571859617054,16.012984713536667,36.976934640050175,8.218454652931241,5.013450543456349,0.0,0.0,0.0,0.0,0.0,model2,4.0,False,258.0
86,2015-01-12T23:00:00Z,40.0,169.10890583994694,443.96417193364766,97.17050843234313,40.42242872473464,15.260435898526499,36.74043228450374,7.691924689343613,4.8057467594901615,0.0,0.0,0.0,0.0,0.0,model2,4.0,False,261.0
87,2015-01-13T02:00:00Z,40.0,170.71080893757838,446.7634155137485,97.05461962191723,40.654777777927436,15.369823315765812,36.6134413389239,7.8481206956648215,4.626870313868486,0.0,0.0,0.0,0.0,0.0,model2,4.0,False,264.0
88,2015-01-13T05:00:00Z,40.0,173.14134818503723,445.1694546906147,96.17341908730316,40.02070088992146,15.41008546709443,41.88884782245117,7.4742588955716025,4.799933317143314,0.0,0.0,0.0,0.0,0.0,model2,4.0,False,267.0
89,2015-01-13T08:00:00Z,40.0,171.21900980637918,444.97610686112023,96.22372499431084,39.70816812974454,14.17721719300258,37.418576159382255,7.244283293190906,4.377505722249082,0.0,0.0,0.0,0.0,0.0,model2,4.0,False,270.0
90,2015-01-13T11:00:00Z,40.0,170.8395893322626,442.48271840979487,98.44380333559677,40.68129320323345,14.01500906186322,39.64648370247119,7.308051780993482,3.5403598868870323,0.0,0.0,0.0,0.0,0.0,model2,4.0,False,273.0
91,2015-01-13T14:00:00Z,40.0,173.2774356569281,446.10358914543167,98.63611413048113,41.010136779482025,12.619440979625848,39.828956879213855,6.739599587571241,4.6103614283255165,0.0,0.0,0.0,0.0,0.0,model2,4.0,False,276.0
92,2015-01-13T17:00:00Z,40.0,171.84699795198924,447.1060759648123,99.64214818986557,41.21125490597181,11.907630837871547,43.19063572962657,6.872687850731026,4.567683627630851,0.0,0.0,0.0,0.0,0.0,model2,4.0,False,279.0
93,2015-01-13T20:00:00Z,40.0,172.4989782707613,444.31076504735984,100.99214154503449,41.31873818472867,11.700011613579733,43.73558479197185,7.547608060460164,4.523427516715554,0.0,0.0,0.0,0.0,0.0,model2,4.0,False,282.0
94,2015-01-13T23:00:00Z,40.0,173.73157895805213,445.0714382570373,99.92220317565085,41.012572562369044,12.196460033516592,48.90155805061776,9.883771089224359,4.580415351687916,0.0,0.0,0.0,0.0,0.0,model2,4.0,False,285.0
95,2015-01-14T02:00:00Z,40.0,172.8731032565834,443.24552626129923,99.38222872492432,40.21248702590096,11.069093051703408,49.05423541546007,10.788140366143336,4.742507060341136,0.0,0.0,0.0,0.0,0.0,model2,4.0,False,288.0
96,2015-01-14T05:00:00Z,40.0,170.96483738736032,447.046085861308,99.06559783851452,40.36243115395859,10.513160392682344,48.71088303471478,10.816833931320208,4.568896456543573,0.0,0.0,0.0,0.0,0.0,model2,4.0,False,291.0
97,2015-01-14T08:00:00Z,40.0,172.00810478358338,444.90469444931284,99.39250773453863,40.80269551754776,10.718355460844752,49.25388360338985,10.557939638926694,4.605665519980089,0.0,0.0,0.0,0.0,0.0,model2,4.0,False,294.0
98,2015-01-14T11:00:00Z,40.0,172.6126292970367,452.8614808853614,98.29587754853421,41.11386524149419,10.88789986679257,49.32788466473194,11.0134081978246,4.908267924647593,0.0,0.0,0.0,0.0,0.0,model2,4.0,False,297.0
99,2015-01-14T14:00:00Z,40.0,173.7648740347435,456.718661099954,97.3319269643724,40.62836095713243,11.399092554948616,53.55182642100644,11.199349117165317,4.096743788391819,0.0,0.0,0.0,0.0,0.0,model2,4.0,False,300.0
100,2015-01-14T17:00:00Z,40.0,175.49581440859902,455.90718968284745,96.84453365474786,40.4034884347998,9.766184812627944,53.4636507601121,11.6785055098878,4.271989656895976,0.0,0.0,0.0,0.0,0.0,model2,4.0,False,303.0
101,2015-01-14T20:00:00Z,40.0,174.73035583635033,460.1219716716459,96.83919869969364,39.21025191422646,11.696452086252894,57.85069311244948,11.7323891547276,4.828671102128427,0.0,0.0,0.0,0.0,0.0,model2,4.0,False,306.0
102,2015-01-14T23:00:00Z,40.0,173.97867328762538,460.951196053922,98.75627830399985,39.34045939911674,11.125833014453088,57.62163532367346,10.641154735110065,4.773181059693965,0.0,0.0,0.0,0.0,0.0,model2,4.0,False,309.0
103,2015-01-15T02:00:00Z,40.0,172.70967662110547,456.3014678980948,100.93806332550396,40.3121530219754,12.422371853814669,60.09138481259154,10.771642976236546,4.846523502329855,0.0,0.0,0.0,0.0,0.0,model2,4.0,False,312.0
104,2015-01-15T05:00:00Z,40.0,172.03272174156058,457.1010615122303,102.49992268630986,40.29111463850617,12.496118676211738,55.942029157689326,10.6227531073251,5.063796660764846,0.0,0.0,0.0,0.0,0.0,model2,4.0,False,315.0
105,2015-01-15T08:00:00Z,40.0,171.64695680963547,457.3749648516353,101.33694467761835,40.219287059067724,14.128057141876088,54.854441431273784,11.252231753627573,5.13320683186446,0.0,0.0,0.0,0.0,0.0,model2,4.0,False,318.0
106,2015-01-15T11:00:00Z,40.0,172.3262866028456,461.4512304175488,101.8183352621247,39.6562558152488,15.655307673470032,55.59344586754527,10.591842841828905,4.725866622412711,0.0,0.0,0.0,0.0,0.0,model2,4.0,False,321.0
107,2015-01-15T14:00:00Z,40.0,171.0955577307466,461.11871239327536,102.8785374518688,39.41455431368975,15.274257604888096,55.3499607420276,10.140391357982628,4.536957409379512,0.0,0.0,0.0,0.0,0.0,model2,4.0,False,324.0
108,2015-01-15T17:00:00Z,40.0,170.68705505964647,457.37220062906397,102.98064125618242,40.461968576515105,15.33469719468856,55.44033931691371,9.454644164983717,4.616425018423572,0.0,0.0,0.0,0.0,0.0,model2,4.0,False,327.0
109,2015-01-15T20:00:00Z,40.0,169.873505311663,450.5080157408107,102.36099989195414,40.691504284945076,14.608770071047498,51.67349846096084,8.981265605122967,4.412550343177385,0.0,0.0,0.0,0.0,0.0,model2,4.0,False,330.0
110,2015-01-15T23:00:00Z,40.0,171.39453358786096,449.7437488808711,101.84476420964195,40.246140838699844,16.08075270895106,51.72869796668575,9.217597615002457,4.799447852040066,0.0,0.0,0.0,0.0,0.0,model2,4.0,False,333.0
111,2015-01-16T02:00:00Z,40.0,172.86419303585586,455.59864355505937,100.17301677108158,39.47703817508332,15.155265036547506,48.21243690857697,8.033304940230531,4.819954685110512,0.0,0.0,0.0,0.0,0.0,model2,4.0,False,336.0
112,2015-01-16T05:00:00Z,40.0,174.68811652441713,449.7075100231691,99.06357801424885,39.22458613402181,14.708411929019876,53.29832157056479,7.786091173456963,4.593483259261212,0.0,0.0,0.0,0.0,0.0,model2,4.0,False,339.0
113,2015-01-16T08:00:00Z,40.0,174.8983181943331,443.77236399888125,99.7447004064434,38.876482463738064,14.15117564199416,58.56116697202359,7.5652483542597855,4.339479584583364,0.0,0.0,0.0,0.0,0.0,model2,4.0,False,342.0
114,2015-01-16T11:00:00Z,40.0,173.4126545464751,430.78105616571264,99.14925567355156,38.41071153872555,12.667456873294688,57.521802979498965,9.390144901532466,4.5432832881904135,0.0,0.0,0.0,0.0,0.0,model2,4.0,False,345.0
115,2015-01-16T14:00:00Z,40.0,172.15823450073253,429.6785052779938,96.72437650562286,38.4320779410133,13.206019482702684,52.740434224746046,10.872572636691453,4.565556255236288,0.0,0.0,0.0,0.0,0.0,model2,4.0,False,348.0
116,2015-01-16T17:00:00Z,40.0,173.91236824153313,428.3845668875662,96.25710909501491,38.05996003645832,14.073018912697187,55.484336967040136,10.466446110425194,4.1924427216187015,0.0,0.0,0.0,0.0,0.0,model2,4.0,False,351.0
117,2015-01-16T20:00:00Z,40.0,173.3537832656631,443.21408565209845,94.91911347872696,38.631098000950104,13.793979038834296,63.955990230127156,10.480758929072948,3.7889591799942117,0.0,0.0,0.0,0.0,0.0,model2,4.0,False,354.0
118,2015-01-16T23:00:00Z,40.0,171.978602010196,445.21295023688094,94.64279037353012,39.62059582285298,12.542926744606069,60.078940197108075,9.98558245022515,4.338519808253155,0.0,0.0,0.0,0.0,0.0,model2,4.0,False,357.0
119,2015-01-17T02:00:00Z,40.0,171.87536030289,436.9224886185315,94.84243595414931,39.9442072396764,13.318174206849516,66.58148985695144,9.839967712990036,4.08578611563429,0.0,0.0,0.0,0.0,0.0,model2,4.0,False,360.0
120,2015-01-17T05:00:00Z,40.0,170.43038740225867,439.7121364708349,95.0627795714113,40.04019066386357,13.410481750893624,62.63891386646248,10.311856968750806,4.120356647473328,0.0,0.0,0.0,0.0,0.0,model2,4.0,False,363.0
121,2015-01-17T08:00:00Z,40.0,171.13845946644247,443.9884738554093,96.23927351973109,40.639777347526454,12.688574069665465,60.477116688936526,10.919388994398599,4.45828653671751,0.0,0.0,0.0,0.0,0.0,model2,4.0,False,366.0
122,2015-01-17T11:00:00Z,40.0,170.77726765399387,448.56811902090936,95.88630203306656,41.307689241693566,13.038124794019534,56.53054137122258,9.566248597586213,4.10516826438983,0.0,0.0,0.0,0.0,0.0,model2,4.0,False,369.0
123,2015-01-17T14:00:00Z,40.0,170.15923934418996,444.4961501163618,99.7458166065304,41.652996733651904,13.452968250532248,55.348859680202466,10.05007138266914,3.914755458961489,0.0,0.0,0.0,0.0,0.0,model2,4.0,False,372.0
124,2015-01-17T17:00:00Z,40.0,167.4881475750883,444.60828186852683,99.79587087773736,41.15093326379907,11.813612080612913,56.88606523291919,10.117272684618877,3.9916594614305962,0.0,0.0,0.0,0.0,0.0,model2,4.0,False,375.0
125,2015-01-17T20:00:00Z,40.0,168.3361325826665,435.5386376427552,100.97071892177892,41.141529404559705,11.918166509378473,47.79335071243658,9.180977394169426,4.148316870524317,0.0,0.0,0.0,0.0,0.0,model2,4.0,False,378.0
126,2015-01-17T23:00:00Z,40.0,166.68222765197373,441.33804628865227,101.2804993571554,40.834974745586926,13.078569005645935,52.74802111234376,9.108132507548152,3.5136173594667786,0.0,0.0,0.0,0.0,0.0,model2,4.0,False,381.0
127,2015-01-18T02:00:00Z,40.0,167.84702081991162,444.4818947512935,101.87349584207122,40.815125704367254,13.620488383677118,47.271947361719675,9.122881197399456,4.229295453898777,0.0,0.0,0.0,0.0,0.0,model2,4.0,False,384.0
128,2015-01-18T05:00:00Z,40.0,167.85398798810283,447.74493018139503,100.58165891797192,40.83662206222599,14.445833114637036,50.79185181219573,10.013735372182627,4.323078087012357,0.0,0.0,0.0,0.0,0.0,model2,4.0,False,387.0
129,2015-01-18T08:00:00Z,40.0,165.09936531329203,447.1427376376059,97.68779735315769,39.7209713567621,14.24541373616844,47.62258061982929,11.49498863866982,4.407080428111766,0.0,0.0,0.0,0.0,0.0,model2,4.0,False,390.0
130,2015-01-18T11:00:00Z,40.0,165.36073584586532,445.4350062967714,98.1733011735018,39.67617195825881,13.957861861077236,50.742564971711424,11.918936755977676,4.5603054685067965,0.0,0.0,0.0,0.0,0.0,model2,4.0,False,393.0
131,2015-01-18T14:00:00Z,40.0,163.64610941532283,445.5088390439901,96.15167919430773,39.46288634575879,15.165135853936743,50.43056379630373,10.139980232903689,4.485619398082142,0.0,0.0,0.0,0.0,0.0,model2,4.0,False,396.0
132,2015-01-18T17:00:00Z,40.0,166.31425485466687,447.49768940473314,94.1463464263172,38.93600710743039,16.478148273674464,45.14164505783367,11.395492888930779,4.939311823133268,0.0,0.0,0.0,0.0,0.0,model2,4.0,False,399.0
133,2015-01-18T20:00:00Z,40.0,167.64216395353884,450.6912769297838,93.54937077838751,39.0216805283601,16.561530349455907,47.468364167786504,11.960470223847107,4.8642473078718185,0.0,0.0,0.0,0.0,0.0,model2,4.0,False,402.0
134,2015-01-18T23:00:00Z,40.0,168.37992081704598,446.2349199092182,92.55437745687333,38.841241252948905,16.89485531724559,46.67933858304904,12.072431965448265,4.823640921198663,0.0,0.0,0.0,0.0,0.0,model2,4.0,False,405.0
135,2015-01-19T02:00:00Z,40.0,166.22307372348862,452.2813212999674,92.71629152953429,38.108297916460884,15.667465688320627,42.54122456300278,12.183290607050493,4.5370986987541135,0.0,0.0,0.0,0.0,0.0,model2,4.0,False,408.0
136,2015-01-19T05:00:00Z,40.0,166.9413836900821,450.67740598017883,94.43729361812937,38.24471997746497,14.815676606506116,43.69651885063126,12.110296699881037,4.475908530591303,0.0,0.0,0.0,0.0,0.0,model2,4.0,False,411.0
137,2015-01-19T08:00:00Z,40.0,166.41783757294917,460.03741840241537,95.66683564219632,38.80916198524788,15.179855970112856,48.63415063133856,11.105300587621533,4.268646145244326,0.0,0.0,0.0,0.0,0.0,model2,4.0,False,414.0
138,2015-01-19T11:00:00Z,40.0,168.33052202243005,468.63594904968863,96.12051866348064,38.49573196184361,16.812055505361336,42.37840458347896,10.453615330242366,4.118796915698797,0.0,0.0,0.0,0.0,0.0,model2,4.0,False,417.0
139,2015-01-19T14:00:00Z,40.0,169.32007905613153,466.86775606927534,97.08167679316419,38.80907802399104,16.742486193954598,43.89796514269632,10.510078443170462,4.471235319210404,0.0,0.0,0.0,0.0,0.0,model2,4.0,False,420.0
140,2015-01-19T17:00:00Z,40.0,170.0086500470561,465.0626145128663,99.0965266003492,39.786524281588186,18.33102260675032,45.4111487193046,8.499837635310985,3.9512718745366735,0.0,0.0,0.0,0.0,0.0,model2,4.0,False,423.0
141,2015-01-19T20:00:00Z,40.0,169.71668839069247,463.6283827294217,97.38048301392999,39.72439014313396,19.183642961438146,49.08286026891119,9.469304821648755,3.984393932510184,0.0,0.0,0.0,0.0,0.0,model2,4.0,False,426.0
142,2015-01-19T23:00:00Z,40.0,170.49927899107848,464.3459795045483,96.62834714827358,39.6507894027785,18.054877765403702,47.29945240035516,9.80900897758944,4.0713545015367565,0.0,0.0,0.0,0.0,0.0,model2,4.0,False,429.0
143,2015-01-20T02:00:00Z,40.0,171.15739358654042,461.0033771990625,96.15945113439899,40.25076996898447,17.906089677182187,49.271600180823725,9.795430607059963,3.4771328568073088,0.0,0.0,0.0,0.0,0.0,model2,4.0,False,432.0
144,2015-01-20T05:00:00Z,40.0,171.65958286809558,455.72549828387673,95.24556248910808,40.859705325996366,18.50475096184791,47.51045367742551,9.838405790657562,4.371678503832096,0.0,0.0,0.0,0.0,0.0,model2,4.0,False,435.0
145,2015-01-20T08:00:00Z,40.0,172.76919725810387,448.2583736351982,95.44309274069029,40.68979623559885,18.42087128908001,41.482803404651726,10.158259401421342,4.36322062089781,0.0,0.0,0.0,0.0,0.0,model2,4.0,False,438.0
146,2015-01-20T11:00:00Z,40.0,170.10995213412312,448.18786329729016,94.76007077861799,41.039371503828,17.735064688331512,41.152042146007325,9.64700028660162,4.589552516957607,0.0,0.0,0.0,0.0,0.0,model2,4.0,False,441.0
147,2015-01-20T14:00:00Z,40.0,169.7841421409864,443.414807635181,95.30833625511421,40.292956449218394,16.696510193743894,49.16114964187874,10.148528096276696,5.127300475075817,0.0,0.0,0.0,0.0,0.0,model2,4.0,False,444.0
148,2015-01-20T17:00:00Z,40.0,166.7986711453925,446.7626553172319,95.28748996293363,40.44486823463354,14.16540479150099,47.61925167154642,10.269872236431173,5.454681050304767,0.0,0.0,0.0,0.0,0.0,model2,4.0,False,447.0
149,2015-01-20T20:00:00Z,40.0,165.26793819746163,446.5007117925537,96.02825835810025,40.72060978178735,12.203413258009537,48.52232107707242,9.524688174448283,5.391856920173159,0.0,0.0,0.0,0.0,0.0,model2,4.0,False,450.0
150,2015-01-20T23:00:00Z,40.0,163.31270672850397,442.14213321190834,97.86689116224524,40.64279867321908,13.538663350471873,49.3584971974996,9.82626916269174,5.3807465876498215,0.0,0.0,0.0,0.0,0.0,model2,4.0,False,453.0
151,2015-01-21T02:00:00Z,40.0,162.97005357377355,442.6118342941577,97.62786415758744,40.73601050523949,13.39375883858676,48.92150437297153,10.128082689918788,5.4111176486695065,0.0,0.0,0.0,0.0,0.0,model2,4.0,False,456.0
152,2015-01-21T05:00:00Z,40.0,161.67534954753066,443.7902598902031,99.03571612384027,40.20932682715779,12.920515431849628,50.087272888169316,10.813409561318046,4.7134459181747905,0.0,0.0,0.0,0.0,0.0,model2,4.0,False,459.0
153,2015-01-21T08:00:00Z,40.0,162.65569623574874,443.16444804337766,98.85781170445904,40.02816247563243,12.05484868824426,52.82824012098489,10.853391794132378,4.932069258918026,0.0,0.0,0.0,0.0,0.0,model2,4.0,False,462.0
154,2015-01-21T11:00:00Z,40.0,162.9829981840675,438.3881095334957,100.62789504445269,39.773046694344785,12.126960023379693,50.44716323010686,11.719629048989622,4.361904871269127,0.0,0.0,0.0,0.0,0.0,model2,4.0,False,465.0
155,2015-01-21T14:00:00Z,40.0,162.24197713977,445.6312931901904,100.6361659843494,40.55756814253635,13.16194644936039,43.63255511587492,11.936597731316324,3.903081708864367,0.0,0.0,0.0,0.0,0.0,model2,4.0,False,468.0
156,2015-01-21T17:00:00Z,40.0,163.4814203454241,452.34649873242404,100.24670676617978,40.37230281645902,13.528859319534625,55.19437418736637,11.865529747776716,3.720510839295447,0.0,0.0,0.0,0.0,0.0,model2,4.0,False,471.0
157,2015-01-21T20:00:00Z,40.0,163.1880903938394,450.1080402803303,103.00629830970571,39.74250450915395,13.671291650735887,48.633978083103656,11.001502779515862,4.138768951351658,0.0,0.0,0.0,0.0,0.0,model2,4.0,False,474.0
158,2015-01-21T23:00:00Z,40.0,165.59591576781008,449.40037743346045,102.77284264406073,40.13372638280978,12.518441233087618,51.724878771494296,10.117254814055926,4.6465920431077326,0.0,0.0,0.0,0.0,0.0,model2,4.0,False,477.0
159,2015-01-22T02:00:00Z,40.0,165.55526439362447,458.37287987918404,103.65409141729076,40.40700516352283,12.728506894879224,58.07410161086622,9.473680456429813,4.509528835581402,0.0,0.0,0.0,0.0,0.0,model2,4.0,False,480.0
160,2015-01-22T05:00:00Z,40.0,165.40051022018582,462.2032499124992,102.61177390234735,41.06078591118026,11.802011686379275,57.585666537436936,10.17123364588982,4.838574010075146,0.0,0.0,0.0,0.0,0.0,model2,4.0,False,483.0
161,2015-01-22T08:00:00Z,40.0,166.48072996130816,462.06019200121926,104.0943731658382,41.07367358812087,12.952797682327482,57.78123557025449,8.960022829116541,4.913307207425394,0.0,0.0,0.0,0.0,0.0,model2,4.0,False,486.0
162,2015-01-22T11:00:00Z,40.0,165.43910539473802,462.1114468410363,103.108106351678,41.569052587308015,14.28663995108427,58.266175824540476,8.898044045049048,4.903804002457334,0.0,0.0,0.0,0.0,0.0,model2,4.0,False,489.0
163,2015-01-22T14:00:00Z,40.0,166.40036985313418,460.6097680351538,102.03621958225895,41.172534032330645,13.696620346101048,63.17521069090478,9.398417805693754,4.980341530622393,0.0,0.0,0.0,0.0,0.0,model2,4.0,False,492.0
164,2015-01-22T17:00:00Z,40.0,165.751765120558,459.815894892968,102.60869499177143,40.92278105193473,13.904691245285552,56.03313240171544,9.09117065108304,5.0728047695829135,0.0,0.0,0.0,0.0,0.0,model2,4.0,False,495.0
165,2015-01-22T20:00:00Z,40.0,164.7564334145494,458.96324413244383,100.82977556518443,41.3244689360574,14.558569426291955,56.40722548613864,8.940106786905105,4.616982510757062,0.0,0.0,0.0,0.0,0.0,model2,4.0,False,498.0
166,2015-01-22T23:00:00Z,40.0,164.2917375296627,462.27350485187446,101.44866322211972,41.52925206079377,14.630815599783912,50.17699148639146,8.666956940081686,4.6438363555388635,0.0,0.0,0.0,0.0,0.0,model2,4.0,False,501.0
167,2015-01-23T02:00:00Z,40.0,165.2490942108328,453.76531499019325,100.71092384538107,40.926108885514886,15.556077692439466,42.67254537880054,9.631113483730141,4.928092984318433,0.0,0.0,0.0,0.0,0.0,model2,4.0,False,504.0
168,2015-01-23T05:00:00Z,40.0,166.2561214571055,449.7099788937741,100.95532588711085,40.21919386847031,15.607557462861994,50.0156803438592,8.385738095455531,4.736298230426693,0.0,0.0,0.0,0.0,0.0,model2,4.0,False,507.0
169,2015-01-23T08:00:00Z,40.0,165.25769272882428,452.8813275466607,100.69777188684328,40.19076585482518,14.171331560062086,47.77203565795674,8.33326091262832,4.493874187083121,0.0,0.0,0.0,0.0,0.0,model2,4.0,False,510.0
170,2015-01-23T11:00:00Z,40.0,166.51795689147278,450.04555541631163,100.06690169131409,39.567604690201385,12.759085189202649,47.94481242319538,7.968377705349193,4.396701817420743,0.0,0.0,0.0,0.0,0.0,model2,4.0,False,513.0
171,2015-01-23T14:00:00Z,40.0,168.78136728784696,452.18929405887184,98.95823796024416,39.76205568734767,10.812399171503413,45.53195665081026,8.785033003077496,4.263743866999027,0.0,0.0,0.0,0.0,0.0,model2,4.0,False,516.0
172,2015-01-23T17:00:00Z,40.0,168.02084516245822,444.4667713866797,97.45946158354602,40.475034872584146,11.431503372457929,44.52491813815864,9.763543842178676,4.541015612849655,0.0,0.0,0.0,0.0,0.0,model2,4.0,False,519.0
173,2015-01-23T20:00:00Z,40.0,170.78619564079838,445.68323325915395,98.68920772715087,40.21992240106904,10.045146831488678,47.36145810656557,11.194717027936264,4.81879716461753,0.0,0.0,0.0,0.0,0.0,model2,4.0,False,522.0
174,2015-01-23T23:00:00Z,40.0,170.85995360623482,449.23612861992575,99.46582202604706,39.07644621418339,9.777242071447999,50.36041612202823,11.790590648590234,4.385431771779784,0.0,0.0,0.0,0.0,0.0,model2,4.0,False,525.0
175,2015-01-24T02:00:00Z,40.0,169.82160850661572,448.6658069542764,99.356423385714,39.209843259627576,9.96915087002439,52.53974072128146,11.109125159619056,4.827313585802037,0.0,0.0,0.0,0.0,0.0,model2,4.0,False,528.0
176,2015-01-24T05:00:00Z,40.0,168.88273339453536,451.34158749519537,99.5675626755566,39.426914936530814,10.411751655034237,45.171151419683206,11.727222324616866,4.53099451159104,0.0,0.0,0.0,0.0,0.0,model2,4.0,False,531.0
177,2015-01-24T08:00:00Z,40.0,167.84127171804388,450.7215737949604,98.12166683188956,39.48002069243329,12.450560473441136,46.3656858109628,11.954017734560681,4.9337388077784805,0.0,0.0,0.0,0.0,0.0,model2,4.0,False,534.0
178,2015-01-24T11:00:00Z,40.0,168.4050440553316,454.9834069021389,98.45007956574871,40.04921337049581,13.481977025326447,50.23074808375237,11.782978750926981,5.329477870638205,0.0,0.0,0.0,0.0,0.0,model2,4.0,False,537.0
179,2015-01-24T14:00:00Z,40.0,170.5375402270656,448.35999941727937,99.68663934525944,40.52935078114265,15.820954746662295,50.22788441487229,10.531162909150787,5.6917891382214165,0.0,0.0,0.0,0.0,0.0,model2,4.0,False,540.0
180,2015-01-24T17:00:00Z,40.0,171.60118425884525,451.2181390262512,101.56419624862764,39.684116230571775,14.837233888875046,48.40682941377487,9.233089911731067,5.489369275681264,0.0,0.0,0.0,0.0,0.0,model2,4.0,False,543.0
181,2015-01-24T20:00:00Z,40.0,172.70774886567108,451.547543585559,100.69187031633601,40.2241321244074,15.686094699453466,47.24742781000007,9.25168854014525,5.4326755055407565,0.0,0.0,0.0,0.0,0.0,model2,4.0,False,546.0
182,2015-01-24T23:00:00Z,40.0,172.94991484363877,449.7568161492878,101.1848869797276,40.741710189372746,15.16627887394298,48.20007245799427,10.127341397750822,5.268501294010129,0.0,0.0,0.0,0.0,0.0,model2,4.0,False,549.0
183,2015-01-25T02:00:00Z,40.0,172.4230318281522,452.7091649967768,101.69369702725908,41.6463753012578,15.1865191246455,46.1390464510482,9.732749384835554,4.88841545171039,0.0,0.0,0.0,0.0,0.0,model2,4.0,False,552.0
184,2015-01-25T05:00:00Z,40.0,172.24490665015495,451.26232905626006,100.62570206456171,40.84314220575725,15.764462264482605,44.75898649358732,9.486479101698515,5.479925145138319,0.0,0.0,0.0,0.0,0.0,model2,4.0,False,555.0
185,2015-01-25T08:00:00Z,40.0,172.74913738801467,452.5949005494344,102.70724844052008,40.846072609860784,14.222902541113589,45.14514675586646,9.459329836116838,5.961866738276079,0.0,0.0,0.0,0.0,0.0,model2,4.0,False,558.0
186,2015-01-25T11:00:00Z,40.0,172.48555241408192,454.6516990357708,102.49616925109504,40.24849571867018,13.833730322053261,40.60553974473332,9.513134336289598,5.6602255895802855,0.0,0.0,0.0,0.0,0.0,model2,4.0,False,561.0
187,2015-01-25T14:00:00Z,40.0,169.64349748418115,460.6355746305878,103.99130002143994,39.8049011047441,11.62241633113616,37.59628901405573,10.085999780759675,5.204061515285879,0.0,0.0,0.0,0.0,0.0,model2,4.0,False,564.0
188,2015-01-25T17:00:00Z,40.0,171.13787547478063,465.66059809878607,103.44550583438291,39.75486618619107,12.681918663246396,42.888725033985075,10.356114146112917,5.239735519940913,0.0,0.0,0.0,0.0,0.0,model2,4.0,False,567.0
189,2015-01-25T20:00:00Z,40.0,168.40317116812025,461.51049243401917,104.29590981426382,39.80783468388874,11.664077421371214,43.848174006408726,9.277599664847171,5.2573472997913475,0.0,0.0,0.0,0.0,0.0,model2,4.0,False,570.0
190,2015-01-25T23:00:00Z,40.0,169.7265789698746,455.90220861666086,104.21210546386835,40.035331028457406,12.928682350371805,43.5575751647781,8.770120482576486,5.22651689202021,0.0,0.0,0.0,0.0,0.0,model2,4.0,False,573.0
191,2015-01-26T02:00:00Z,40.0,170.65184045861926,452.95258315881256,104.95894454715095,39.72249281652096,12.299246966733966,44.945475862057506,8.886780505480735,4.961877309871629,0.0,0.0,0.0,0.0,0.0,model2,4.0,False,576.0
192,2015-01-26T05:00:00Z,40.0,172.72108492675972,453.9109199553884,104.65490637965988,40.5660193655506,11.248371602686749,49.41437571695446,9.045420974367842,4.8331832156969945,0.0,0.0,0.0,0.0,0.0,model2,4.0,False,579.0
193,2015-01-26T08:00:00Z,40.0,174.2365805297146,451.20449619990313,104.01893385578929,40.63979762926322,10.748269682076199,47.56283947454078,9.46135220447411,4.192556369374075,0.0,0.0,0.0,0.0,0.0,model2,4.0,False,582.0
194,2015-01-26T11:00:00Z,40.0,171.8953006644724,450.0919015722908,103.695609433638,40.85514411034153,13.424971086892125,48.01369337552036,10.69164346421526,4.673496624610129,0.0,0.0,0.0,0.0,0.0,model2,4.0,False,585.0
195,2015-01-26T14:00:00Z,40.0,173.3426253305787,447.86308187511963,102.67622207511076,40.515555453809746,15.497814199099595,46.97296037044077,10.904719832140886,4.8987198002994585,0.0,0.0,0.0,0.0,0.0,model2,4.0,False,588.0
196,2015-01-26T17:00:00Z,40.0,170.57662712969596,445.6965540057312,104.31873440812409,40.88733701972237,15.218768571503803,40.20399869980324,11.220420509155671,4.636154423348493,0.0,0.0,0.0,0.0,0.0,model2,4.0,False,591.0
197,2015-01-26T20:00:00Z,40.0,170.52508242021352,448.3605447245724,103.59016493208418,40.850148552717364,15.458801822645745,39.70141668674688,10.926907878895442,4.726807972555932,0.0,0.0,0.0,0.0,0.0,model2,4.0,False,594.0
198,2015-01-26T23:00:00Z,40.0,168.202666859969,449.1945039703013,101.65158343519728,40.80107909498283,14.591899862841649,39.72064109087121,10.808245817459028,5.21002311358627,0.0,0.0,0.0,0.0,0.0,model2,4.0,False,597.0
199,2015-01-27T02:00:00Z,40.0,168.78812692095482,450.92022643904227,100.23460906517236,39.752550917250964,15.266520969840302,43.096967672431745,12.23610719273732,5.8602075205229065,0.0,0.0,0.0,0.0,0.0,model2,4.0,False,600.0
200,2015-01-27T05:00:00Z,40.0,166.33783261766814,452.828609160896,99.83966479786136,40.191603438129505,16.172601749681753,39.811226848858325,12.516219780320704,5.980870307936269,0.0,0.0,0.0,0.0,0.0,model2,4.0,False,603.0
201,2015-01-27T08:00:00Z,40.0,164.5267405199124,451.1652495837828,98.99300048026262,40.50605480210431,15.99283386314553,39.58740916087832,12.144580866371006,5.863540479342481,0.0,0.0,0.0,0.0,0.0,model2,4.0,False,606.0
202,2015-01-27T11:00:00Z,40.0,167.91729523228287,448.53439806501166,99.49455778091196,40.591818780700905,16.117856066285707,41.75863831857798,11.397558821616144,5.483136985838593,0.0,0.0,0.0,0.0,0.0,model2,4.0,False,609.0
203,2015-01-27T14:00:00Z,40.0,166.45940800663212,449.55418602688826,98.86624666470254,40.69832931008256,13.743226896569455,40.32225492554894,10.3959263287148,5.489773526872643,0.0,0.0,0.0,0.0,0.0,model2,4.0,False,612.0
204,2015-01-27T17:00:00Z,40.0,168.03581494913902,445.07902307018236,96.7964544137167,40.08139632444741,13.963542476216366,43.8178490914017,9.606509814090668,5.789332960519701,0.0,0.0,0.0,0.0,0.0,model2,4.0,False,615.0
205,2015-01-27T20:00:00Z,40.0,170.45993194005032,445.1409667122737,97.73119602908399,39.57174155630185,15.250333804455332,45.48742908315511,11.31136974111678,5.550787924587602,0.0,0.0,0.0,0.0,0.0,model2,4.0,False,618.0
206,2015-01-27T23:00:00Z,40.0,171.99012593277718,451.18002291715635,98.00521031152964,39.68204016886043,15.138760758906127,44.16854032754432,11.149575594897012,5.062385293360858,0.0,0.0,0.0,0.0,0.0,model2,4.0,False,621.0
207,2015-01-28T02:00:00Z,40.0,168.89591074650386,447.802721879822,97.98203321843452,40.96087408690155,17.104843836350785,41.73892418727315,9.58395238588508,4.4282852992152115,0.0,0.0,0.0,0.0,0.0,model2,4.0,False,624.0
208,2015-01-28T05:00:00Z,40.0,170.4279071234875,442.66249678334844,99.28161188564785,40.16303440110472,15.512289319322774,42.48039973302515,8.940447586282291,4.229811367556853,0.0,0.0,0.0,0.0,0.0,model2,4.0,False,627.0
209,2015-01-28T08:00:00Z,40.0,170.92936285351817,439.81347721083205,101.9878895837417,39.8519984018207,15.376750043752882,44.49924550557064,11.313044144588757,3.869688752560712,0.0,0.0,0.0,0.0,0.0,model2,4.0,False,630.0
210,2015-01-28T11:00:00Z,40.0,169.1015335400285,443.6584579179458,105.30809479480007,39.819214943491396,14.91192736556082,42.53491848851281,14.202379374560184,4.073471950036167,0.0,0.0,0.0,0.0,0.0,model2,4.0,False,633.0
211,2015-01-28T14:00:00Z,40.0,169.62315859179898,446.0004504389807,109.345753221281,39.9730097072876,14.796362483619887,48.397848241601885,16.79360566092002,3.7633891038560314,0.0,0.0,0.0,0.0,0.0,model2,4.0,False,636.0
212,2015-01-28T17:00:00Z,40.0,170.92575138952876,442.61557522249115,112.46806795959822,40.25781846512081,15.845614388079786,50.2681627153215,16.38959852023425,3.6758843047951513,0.0,0.0,0.0,0.0,0.0,model2,4.0,False,639.0
213,2015-01-28T20:00:00Z,40.0,170.43394856336204,439.2227752945366,114.67068140373684,40.882899803416215,15.090906417155464,51.17834063349505,15.964094969429308,4.391743377922748,0.0,0.0,0.0,0.0,0.0,model2,4.0,False,642.0
214,2015-01-28T23:00:00Z,40.0,170.17579461181774,432.172468043806,117.36136444751345,40.77682273559421,15.464344292977087,54.99189614108531,15.085218347538508,4.720796563816033,0.0,0.0,0.0,0.0,0.0,model2,4.0,False,645.0
215,2015-01-29T02:00:00Z,40.0,171.75183388898702,438.1626278747081,121.13598229398613,40.39140993577117,13.580910428975756,56.996224558882844,13.238790979014391,4.570238251193596,0.0,0.0,0.0,0.0,0.0,model2,4.0,False,648.0
216,2015-01-29T05:00:00Z,40.0,171.82280969564232,442.9951773241841,124.5363544225725,40.675699062813436,14.043104202612515,55.86335298807985,10.251131585880081,4.382905983222757,0.0,0.0,0.0,0.0,0.0,model2,4.0,False,651.0
217,2015-01-29T08:00:00Z,40.0,171.1594341155995,445.72917189347527,125.97535613974064,41.11804814992191,13.7502213453609,54.58600128645289,9.270209318643543,4.3404708340142575,0.0,0.0,0.0,0.0,0.0,model2,4.0,False,654.0
218,2015-01-29T11:00:00Z,40.0,171.07963064377057,443.5323525379223,126.9572557624703,40.83368822413518,14.212651312948902,56.67163109707281,10.208438124207301,4.550310214037139,0.0,0.0,0.0,0.0,0.0,model2,4.0,False,657.0
219,2015-01-29T14:00:00Z,40.0,172.6415482825741,437.2480492219442,125.16268303790731,41.67145784308234,14.688680471683405,53.59785583522185,10.145438309845003,5.479289103342042,0.0,0.0,0.0,0.0,0.0,model2,4.0,False,660.0
220,2015-01-29T17:00:00Z,40.0,170.32088327743128,439.40175898578093,124.22429844347596,41.625526678518256,14.402195869741291,52.6493060535885,10.713045608096273,5.567446432242641,0.0,0.0,0.0,0.0,0.0,model2,4.0,False,663.0
221,2015-01-29T20:00:00Z,40.0,169.99713871625374,437.09017710383387,123.77602731137048,41.53632437723277,13.456018204870926,52.65144675095972,10.880107897168347,5.158954504926204,0.0,0.0,0.0,0.0,0.0,model2,4.0,False,666.0
222,2015-01-29T23:00:00Z,40.0,170.19896193419225,441.2481523620977,124.67899880772622,41.860266456321405,13.100398332770515,47.252618846135256,10.483237633581917,4.842605004482995,0.0,0.0,0.0,0.0,0.0,model2,4.0,False,669.0
223,2015-01-30T02:00:00Z,40.0,170.36561816938078,434.5343732982834,123.97196392908577,41.629110661817506,11.856979859196555,44.782275124232385,10.645041724408463,5.072370241599696,0.0,0.0,0.0,0.0,0.0,model2,4.0,False,672.0
224,2015-01-30T05:00:00Z,40.0,169.3180496162987,436.16635583707193,124.06204492198464,41.299052440391456,12.262393881359678,51.41809354033926,10.774915187348633,5.2054090975806275,0.0,0.0,0.0,0.0,0.0,model2,4.0,False,675.0
225,2015-01-30T08:00:00Z,40.0,171.83827353687622,436.9860988401789,121.86782291175398,40.63987116751608,12.963561961248873,57.72885885885293,11.662335699828859,5.483155641909882,0.0,0.0,0.0,0.0,0.0,model2,4.0,False,678.0
226,2015-01-30T11:00:00Z,40.0,170.916943006238,434.0311504053618,117.34302880745985,41.2618627212635,13.018660982657067,54.05011739768013,12.267814885173554,5.166699959499011,0.0,0.0,0.0,0.0,0.0,model2,4.0,False,681.0
227,2015-01-30T14:00:00Z,40.0,169.82169943541652,431.64504886163394,114.88516172048979,40.435995949340345,12.256818275180633,58.5542127807431,14.238172796684024,4.409191141459751,0.0,0.0,0.0,0.0,0.0,model2,4.0,False,684.0
228,2015-01-30T17:00:00Z,40.0,170.31253654269258,435.6068841940036,113.19520051719256,40.12389107811911,11.939297864650454,56.68818944239857,14.887098346625487,4.498740706786057,0.0,0.0,0.0,0.0,0.0,model2,4.0,False,687.0
229,2015-01-30T20:00:00Z,40.0,170.51675064929051,443.4697769572262,110.6856668713192,39.17263928235947,12.56637348583541,55.41324520760142,15.080511949079115,4.839129695823463,0.0,0.0,0.0,0.0,0.0,model2,4.0,False,690.0
230,2015-01-30T23:00:00Z,40.0,168.93041051805167,436.11111438710924,106.95624825076858,38.831628440603396,12.649322390730916,64.71077254834069,14.147537565350284,4.662767815780527,0.0,0.0,0.0,0.0,0.0,model2,4.0,False,693.0
231,2015-01-31T02:00:00Z,40.0,170.33876755502726,445.4851763180913,103.76637889159888,39.10136719753803,12.782197490213212,68.24061650223639,12.672319732316735,4.8444158544540885,0.0,0.0,0.0,0.0,0.0,model2,4.0,False,696.0
232,2015-01-31T05:00:00Z,40.0,172.7277580873795,442.0587735218441,100.42053429901668,39.791826402306725,12.418305456389987,64.93949689108945,8.573962554080207,5.441568134578552,0.0,0.0,0.0,0.0,0.0,model2,4.0,False,699.0
233,2015-01-31T08:00:00Z,40.0,169.74917379588913,446.33429215726477,98.98768391693731,40.67489335911933,12.266613997333295,64.76346265057353,6.819265953400793,5.627485715863345,0.0,0.0,0.0,0.0,0.0,model2,4.0,False,702.0
234,2015-01-31T11:00:00Z,40.0,170.3286961725381,447.95398575997,98.08332520065271,40.102179299196685,12.399890655685006,65.94100693612866,8.139105602032052,5.845592078520213,0.0,0.0,0.0,0.0,0.0,model2,4.0,False,705.0
235,2015-01-31T14:00:00Z,40.0,171.02726201379826,456.17659004353175,99.145595323664,40.53891297473663,12.62981530737484,62.46226675341949,8.515572972063069,6.053636659215519,0.0,0.0,0.0,0.0,0.0,model2,4.0,False,708.0
236,2015-01-31T17:00:00Z,40.0,169.9088767407437,456.7367430494362,100.5049133186446,40.96047827717968,14.41148936707215,62.003955863952726,9.17274243535687,5.657626448453213,0.0,0.0,0.0,0.0,0.0,model2,4.0,False,711.0
237,2015-01-31T20:00:00Z,40.0,169.73761435000515,451.298593319269,100.073665515663,40.814433932793726,15.487724033053276,62.81749166942762,9.93671527481389,5.805714230128884,0.0,0.0,0.0,0.0,0.0,model2,4.0,False,714.0
238,2015-01-31T23:00:00Z,40.0,172.4933164556319,460.9684995372693,100.94485293208277,40.37088356010421,17.988298701415122,51.789616601092405,10.475348920043707,5.9269864498635485,0.0,0.0,0.0,0.0,0.0,model2,4.0,False,717.0
239,2015-02-01T02:00:00Z,40.0,172.26778331865845,454.48932440270056,101.1444247419678,40.21417294742993,18.10505188017,50.93475619908793,10.702917357513467,5.872558686173238,0.0,0.0,0.0,0.0,0.0,model2,4.0,False,720.0
240,2015-02-01T05:00:00Z,40.0,171.38343773986554,460.02480536080094,101.75880896558316,39.49898641132844,19.117515741950687,50.53796790639698,10.976619032044796,5.68773199225159,0.0,0.0,0.0,0.0,0.0,model2,4.0,False,723.0
241,2015-02-01T08:00:00Z,40.0,170.56098468830842,457.9287775582274,101.05910121140764,39.29786094557462,19.74413461901787,47.64583537397994,10.884415204242877,5.392509619017067,0.0,0.0,0.0,0.0,0.0,model2,4.0,False,726.0
242,2015-02-01T11:00:00Z,40.0,171.4730220812384,455.0658382031065,100.05330306874409,39.70538058431434,19.92138873755175,46.88921961506721,11.37911157395216,5.150492334747718,0.0,0.0,0.0,0.0,0.0,model2,4.0,False,729.0
243,2015-02-01T14:00:00Z,40.0,171.77011663335475,451.56881725569633,98.66929105973028,39.01269783335004,22.079158683629146,44.088903444949075,10.833588460882657,4.470786628705256,0.0,0.0,0.0,0.0,0.0,model2,4.0,False,732.0
244,2015-02-01T17:00:00Z,40.0,172.4746632825973,441.2056264252166,96.85744303514912,38.93404243991501,20.7448021125386,53.2755146864319,10.06558706485985,4.489097541066566,0.0,0.0,0.0,0.0,0.0,model2,4.0,False,735.0
245,2015-02-01T20:00:00Z,40.0,171.46053328477942,449.45310653230126,97.89217633810598,38.989647137527115,19.53697942248015,55.592023305499055,9.6562218701863,4.4965466273086685,0.0,0.0,0.0,0.0,0.0,model2,4.0,False,738.0
246,2015-02-01T23:00:00Z,40.0,170.77105613342584,446.7099588334984,97.29762335037417,39.257758418216866,18.83043756834345,53.35731045587296,8.515323930412812,4.6292031720558295,0.0,0.0,0.0,0.0,0.0,model2,4.0,False,741.0
247,2015-02-02T02:00:00Z,40.0,168.54973286422137,445.8962848528291,96.94406962748077,38.72101873707131,19.322991200005948,51.43886206537038,8.23968545476287,5.015492580171286,0.0,0.0,0.0,0.0,0.0,model2,4.0,False,744.0
248,2015-02-02T05:00:00Z,40.0,167.72417603347773,444.95891482724267,95.22601840055755,38.65717541835246,17.732715821800337,48.42055186691743,7.778912760052887,4.870693264070588,0.0,0.0,0.0,0.0,0.0,model2,4.0,False,747.0
249,2015-02-02T08:00:00Z,40.0,170.51540308114133,439.18873123127366,96.93180850753424,38.25855877862261,17.024713841148493,45.11047865398772,9.284586418228487,4.687735585073455,0.0,0.0,0.0,0.0,0.0,model2,4.0,False,750.0
250,2015-02-02T11:00:00Z,40.0,170.30221382665917,446.5577861184647,98.70714423732404,37.79835256733351,16.18769287188449,59.18824237722543,7.667851019565027,4.589796752902015,0.0,0.0,0.0,0.0,0.0,model2,4.0,False,753.0
251,2015-02-02T14:00:00Z,40.0,168.70336470857046,455.04462941181083,100.383473750922,37.79569355339668,13.291955380436358,60.067461067391996,8.041587227358715,4.651624414272116,0.0,0.0,0.0,0.0,0.0,model2,4.0,False,756.0
252,2015-02-02T17:00:00Z,40.0,169.94526249190372,471.72545780584153,101.66648188206312,38.54670592585707,13.551554541579248,54.329738518520315,7.922025117009107,5.156740344060449,0.0,0.0,0.0,0.0,0.0,model2,4.0,False,759.0
253,2015-02-02T20:00:00Z,40.0,171.17257674595243,462.1997653098288,101.19567267701949,38.92295055928877,15.277410532287847,60.67659289938259,7.8499193650824015,4.777526985914797,0.0,0.0,0.0,0.0,0.0,model2,4.0,False,762.0
254,2015-02-02T23:00:00Z,40.0,169.89879416630086,463.2331207329976,100.85267181045208,38.62497018832609,13.966628179590321,61.27457139719865,7.949591542471143,5.217290821723852,0.0,0.0,0.0,0.0,0.0,model2,4.0,False,765.0
255,2015-02-03T02:00:00Z,40.0,171.75259751677518,467.65162098091537,101.77999084370512,39.36686966920228,13.773779092658696,61.73406707744075,8.55140979700511,4.818964558151441,0.0,0.0,0.0,0.0,0.0,model2,4.0,False,768.0
256,2015-02-03T05:00:00Z,40.0,170.46325843506492,458.285228348908,103.08761971864956,40.2423466875992,14.502970201126653,67.65176206300528,7.192085219348607,4.871115026667,1.0,0.0,0.0,0.0,0.0,model2,4.0,False,771.0
257,2015-02-03T08:00:00Z,40.0,169.6165597790034,459.3663404627962,101.62035295834144,40.903247100064135,15.560461778397364,68.63897932208292,7.199866197732876,4.919611701941059,1.0,0.0,0.0,0.0,0.0,model2,4.0,False,774.0
258,2015-02-03T11:00:00Z,40.0,171.37724276586783,456.10618174586784,101.0375191037922,42.03192789880417,15.477837835812275,58.1956616086784,7.727633584705247,5.322223291705843,1.0,0.0,0.0,0.0,0.0,model2,4.0,False,777.0
259,2015-02-03T14:00:00Z,40.0,172.26755684292976,451.24453555500367,99.91569495481752,41.94069826953825,15.106271505587554,56.604156855673416,7.339234493856393,5.434689069589274,1.0,0.0,0.0,0.0,0.0,model2,4.0,False,780.0
260,2015-02-03T17:00:00Z,40.0,170.47866502710804,439.56165138541235,99.57312550298971,41.0001487362609,16.20212175974674,51.26572903464105,8.562432712813504,5.527212020763809,1.0,0.0,0.0,0.0,0.0,model2,4.0,False,783.0
261,2015-02-03T20:00:00Z,40.0,168.98837107282571,444.2701398108898,99.84973102151108,41.47959706249959,15.484434371345573,53.089267872289064,10.962775454031295,5.343441368149335,1.0,0.0,0.0,0.0,0.0,model2,4.0,False,786.0
262,2015-02-03T23:00:00Z,40.0,170.39813824779054,439.8385879201263,101.13867197890823,42.028454871777456,15.168582351550267,53.596856021884285,11.560905060197024,4.444699959446736,1.0,0.0,0.0,0.0,0.0,model2,4.0,False,789.0
263,2015-02-04T02:00:00Z,40.0,170.56002700327403,433.5904039102532,100.14604425662435,41.47661793990047,14.273160529078028,50.87454591568531,11.258445506996212,4.6297713594057335,1.0,0.0,0.0,0.0,0.0,model2,4.0,False,792.0
264,2015-02-04T05:00:00Z,40.0,171.0816702568028,439.40562116376435,99.47405485865434,40.71200223822099,14.113576388935368,47.199737118822966,11.390481358041134,5.1778966783400335,0.0,0.0,0.0,0.0,0.0,model2,4.0,False,795.0
265,2015-02-04T08:00:00Z,40.0,171.15716840787982,445.3505747477203,99.15312537479248,40.23673558107461,13.739519715111728,51.22534232279965,11.238728842718748,5.135986955739608,0.0,0.0,0.0,0.0,0.0,model2,4.0,False,798.0
266,2015-02-04T11:00:00Z,40.0,167.49421018751283,445.91310161537234,99.98409066859051,39.72873163772103,14.820212945577385,53.70418498090638,11.108483273688616,4.589345979345713,0.0,0.0,0.0,0.0,0.0,model2,4.0,False,801.0
267,2015-02-04T14:00:00Z,40.0,166.3404023665509,443.9850144824822,99.67635468739364,40.14244449505612,14.783852949229505,53.7597964601156,11.088148801011817,4.562789099194272,0.0,0.0,0.0,0.0,0.0,model2,4.0,False,804.0
268,2015-02-04T17:00:00Z,40.0,168.99041146174616,446.00291872514015,98.20079361395707,40.67919530577723,14.89236467295598,50.175384459263675,10.112234352482007,4.413165308006456,0.0,0.0,0.0,0.0,0.0,model2,4.0,False,807.0
269,2015-02-04T20:00:00Z,40.0,169.29509155406524,447.7379305704556,97.76703561795598,40.43750914130016,15.750017086122165,47.16901566965839,7.2902127190126595,4.29742723275153,0.0,0.0,0.0,0.0,0.0,model2,4.0,False,810.0
270,2015-02-04T23:00:00Z,40.0,166.06182537916834,456.20738048411033,97.9929243961746,39.81322141518185,16.180363459519693,47.39674650609089,7.080427936391362,4.493658544061674,0.0,0.0,0.0,0.0,0.0,model2,4.0,False,813.0
271,2015-02-05T02:00:00Z,40.0,164.8535098498105,458.3726972616437,99.82556420058205,40.50070187733197,16.854605811891133,46.84947405278202,8.762099141683258,4.45029623628931,0.0,0.0,0.0,0.0,0.0,model2,4.0,False,816.0
272,2015-02-05T05:00:00Z,40.0,164.6852747158793,454.1280021642916,99.62435239185044,41.57399038888038,17.331660738771042,48.6808418105093,9.449019221510852,4.3529609836115535,0.0,0.0,0.0,0.0,0.0,model2,4.0,False,819.0
273,2015-02-05T08:00:00Z,40.0,164.84142799164326,454.55828967118487,99.925787511323,41.37978288123867,16.51712885949432,43.88700885537037,9.228468679260086,4.302264668100296,0.0,0.0,0.0,0.0,0.0,model2,4.0,False,822.0
274,2015-02-05T11:00:00Z,40.0,166.25315679824737,454.2648060655249,101.69792284147293,40.043040869664615,15.770511193335947,41.341176067822495,10.57661526320692,5.0312623021698935,0.0,0.0,0.0,0.0,0.0,model2,4.0,False,825.0
275,2015-02-05T14:00:00Z,40.0,166.9822489645119,456.8778178539005,102.66393379349142,39.33730337735473,16.837317473956908,39.98441350814834,11.222267732985037,5.053767021741575,0.0,0.0,0.0,0.0,0.0,model2,4.0,False,828.0
276,2015-02-05T17:00:00Z,40.0,165.36890725472097,453.5914855185485,105.15086196509507,39.395987590236906,15.758031469128511,47.33236815258827,10.561249492955254,5.130244469639281,0.0,0.0,0.0,0.0,0.0,model2,4.0,False,831.0
277,2015-02-05T20:00:00Z,40.0,165.59173044119063,452.2886142995887,104.54327398537569,39.99990948817617,14.063859922196142,43.283185146012755,11.416780438549946,5.375469962164526,0.0,0.0,0.0,0.0,0.0,model2,4.0,False,834.0
278,2015-02-05T23:00:00Z,40.0,169.06351401859763,451.8076148373324,103.88766238112484,40.717383041147855,14.5382109719942,45.16681075511455,11.45741931057085,5.182284092320195,0.0,0.0,0.0,0.0,0.0,model2,4.0,False,837.0
279,2015-02-06T02:00:00Z,40.0,170.47390836338136,449.7993932951566,103.31029617066105,40.701435668192026,14.155079363501105,44.649852053390696,10.42883967337326,5.611561852665993,1.0,0.0,0.0,0.0,0.0,model2,4.0,False,840.0
280,2015-02-06T05:00:00Z,40.0,170.37004508858666,449.7989614646847,103.37153507528944,39.425364517162,13.779391523453233,45.666006889516154,9.955580638366566,5.511823381196384,1.0,0.0,0.0,0.0,0.0,model2,4.0,False,843.0
281,2015-02-06T08:00:00Z,40.0,171.70526108113592,437.6959409406962,104.88685638859732,39.606179135817506,14.865231458905704,51.98566296180026,9.946555121175855,5.4929248203553085,1.0,0.0,0.0,0.0,0.0,model2,4.0,False,846.0
282,2015-02-06T11:00:00Z,40.0,171.45076719262264,431.0390705102098,102.77399596586315,39.89689364850293,17.60341823891458,56.73793420385683,10.465137583775977,5.073988660712118,1.0,0.0,0.0,0.0,0.0,model2,4.0,False,849.0
283,2015-02-06T14:00:00Z,40.0,170.37295120540668,424.3751650392524,101.91864628283749,40.428103626459865,17.030443718580518,61.34209552913249,10.100686951357982,5.017289367847046,1.0,0.0,0.0,0.0,0.0,model2,4.0,False,852.0
284,2015-02-06T17:00:00Z,40.0,170.72773400959778,433.6043534099057,100.62983341445148,40.47420377747937,17.20917125511604,61.1281666088278,9.847698343015688,5.256642280915407,1.0,0.0,0.0,0.0,0.0,model2,4.0,False,855.0
285,2015-02-06T20:00:00Z,40.0,172.33207238216028,429.2623856679488,101.99548457792092,39.960219357444366,18.15399992071811,60.5070508829569,9.585742962305176,5.1100921901808825,1.0,0.0,0.0,0.0,0.0,model2,4.0,False,858.0
286,2015-02-06T23:00:00Z,40.0,170.79022486384957,420.0188234663573,101.56498274641476,39.453391211493404,17.856275675594283,54.053440941859094,10.834703762764725,5.297715884220193,1.0,0.0,0.0,0.0,0.0,model2,4.0,False,861.0
287,2015-02-07T02:00:00Z,40.0,169.8663527456813,423.24838935582085,99.8460539554784,38.821352738687814,17.6294659752317,56.347464372332716,11.63715015501548,4.605145728630942,0.0,0.0,0.0,0.0,0.0,model2,4.0,False,864.0
288,2015-02-07T05:00:00Z,40.0,171.75211364289405,429.5501303624957,101.67416744057476,39.290091338051326,19.44243340109855,57.476842423410424,12.19010665536702,4.1006939659198265,0.0,0.0,0.0,0.0,0.0,model2,4.0,False,867.0
289,2015-02-07T08:00:00Z,40.0,170.96243107786213,433.7261913606186,99.87466971613254,39.23699978024398,20.714571493727245,51.90491897671882,12.559995591037287,4.043253251233365,0.0,0.0,0.0,0.0,0.0,model2,4.0,False,870.0
290,2015-02-07T11:00:00Z,40.0,171.13093795823968,433.5239678078688,98.4490943826522,40.33386132775515,18.138652106965235,50.34987022304818,12.570030771947856,4.381245555098326,0.0,0.0,0.0,0.0,0.0,model2,4.0,False,873.0
291,2015-02-07T14:00:00Z,40.0,172.2227691564471,443.0256073101197,99.69322094563569,39.64767125904635,18.982087419520106,48.3590397243264,12.99898958892343,4.603353450700698,0.0,0.0,0.0,0.0,0.0,model2,4.0,False,876.0
292,2015-02-07T17:00:00Z,40.0,170.4442597277405,435.8799866820546,99.12230802026329,39.65077828724385,19.36786888955513,47.39188956209522,13.087206331185513,4.38049965532529,0.0,0.0,0.0,0.0,0.0,model2,4.0,False,879.0
293,2015-02-07T20:00:00Z,40.0,169.00562113031432,438.96469259898964,98.01487533776785,39.38722377466231,19.887879402208547,46.698003218859384,12.514163358688052,4.326168099442294,0.0,0.0,0.0,0.0,0.0,model2,4.0,False,882.0
294,2015-02-07T23:00:00Z,40.0,168.2917309238738,436.3197348542869,98.51565167461901,39.729559012520596,20.449767207118192,49.12384133748163,11.380576718555455,4.074392037072822,0.0,0.0,0.0,0.0,0.0,model2,4.0,False,885.0
295,2015-02-08T02:00:00Z,40.0,167.50027883342713,438.5533592146533,98.16191038708288,40.51754439763655,20.55950554032612,52.23819514455398,11.330897713059814,4.4292692946451435,0.0,0.0,0.0,0.0,0.0,model2,4.0,False,888.0
296,2015-02-08T05:00:00Z,40.0,168.19474911644795,436.64399253955077,97.1544703414038,40.31518558596594,18.96623639896069,53.95058810769307,10.440809630795403,4.2990186690598895,0.0,0.0,0.0,0.0,0.0,model2,4.0,False,891.0
297,2015-02-08T08:00:00Z,40.0,168.55596470258013,437.3072638027349,96.99709833858437,40.326955824168046,16.819750614578208,54.75280255238493,9.987975351809848,4.626425760204747,0.0,0.0,0.0,0.0,0.0,model2,4.0,False,894.0
298,2015-02-08T11:00:00Z,40.0,169.71173895346362,445.2719886791464,98.4052891679949,40.04139957758079,16.66591050750641,50.25661764436376,9.531115932604713,3.950416799628643,0.0,0.0,0.0,0.0,0.0,model2,4.0,False,897.0
299,2015-02-08T14:00:00Z,40.0,168.5867667773152,445.7555891151618,97.17642158289948,40.303754258083956,15.860044921093992,47.2909661609225,8.546311088751944,3.8318743260047983,0.0,0.0,0.0,0.0,0.0,model2,4.0,False,900.0
300,2015-02-08T17:00:00Z,40.0,169.45620541946622,447.6043622855542,97.42465148393936,39.80977190127739,15.384835713762774,47.76285950059728,8.31229700285043,4.196969311383412,0.0,0.0,0.0,0.0,0.0,model2,4.0,False,903.0
301,2015-02-08T20:00:00Z,40.0,169.92119660298775,443.72595379905675,97.80188769526741,39.631451194908905,13.566466072360127,48.88416737567775,8.91622516591015,4.827210705381554,0.0,0.0,0.0,0.0,0.0,model2,4.0,False,906.0
302,2015-02-08T23:00:00Z,40.0,171.8265200973044,451.8659723002912,97.43299507210814,39.533577723116345,12.252492820324994,45.70269381863528,8.690184497644076,4.969042773260223,0.0,0.0,0.0,0.0,0.0,model2,4.0,False,909.0
303,2015-02-09T02:00:00Z,40.0,172.86437073547162,447.9599781046863,98.87108854647859,38.815313416500416,11.178389427611751,41.84153046716376,8.450062542614775,4.570928829606586,0.0,0.0,0.0,0.0,0.0,model2,4.0,False,912.0
304,2015-02-09T05:00:00Z,40.0,172.43110799925304,448.327019390649,98.60621065717072,38.6159697836684,11.827612482018086,37.85022278991072,8.742366166941665,4.564399992691405,0.0,0.0,0.0,0.0,0.0,model2,4.0,False,915.0
305,2015-02-09T08:00:00Z,40.0,172.6888196061234,456.8630030791023,98.93706613304596,39.01251824857345,12.116413052684267,38.507056388773215,8.345852928268451,4.591902884636668,0.0,0.0,0.0,0.0,0.0,model2,4.0,False,918.0
306,2015-02-09T11:00:00Z,40.0,172.60209600332703,456.9224007215567,100.0837602763576,38.675021939567145,12.377718307469149,41.200643209255645,9.137350732162883,4.613549185872333,0.0,0.0,0.0,0.0,0.0,model2,4.0,False,921.0
307,2015-02-09T14:00:00Z,40.0,174.4277163632425,450.4857907505997,101.11646018628409,38.59972082689804,10.706053615151514,44.289598554246034,9.123174425338716,5.226652315740264,0.0,0.0,0.0,0.0,0.0,model2,4.0,False,924.0
308,2015-02-09T17:00:00Z,40.0,174.89282149564548,455.136979684991,102.78158894097164,38.57326645936965,9.817101922114336,42.704072086185754,9.63064765871451,5.100822568504677,0.0,0.0,0.0,0.0,0.0,model2,4.0,False,927.0
309,2015-02-09T20:00:00Z,40.0,175.33176158710987,465.7260761300456,102.57524525630345,39.21360570805822,12.435755788410328,42.3625430594692,9.580730684095027,4.617345580225208,0.0,0.0,0.0,0.0,0.0,model2,4.0,False,930.0
310,2015-02-09T23:00:00Z,40.0,174.03531091433902,462.90184589893056,101.2231077248178,39.07472927217246,12.610362450744514,46.12330356196865,11.375977336148253,4.721102284345632,0.0,0.0,0.0,0.0,0.0,model2,4.0,False,933.0
311,2015-02-10T02:00:00Z,40.0,174.009297515447,459.25540007770246,101.80271289936493,39.45876264450743,12.563797002011466,48.4217192482145,10.983248972630928,4.746862378917274,0.0,0.0,0.0,0.0,0.0,model2,4.0,False,936.0
312,2015-02-10T05:00:00Z,40.0,172.4577668920088,461.8121856680277,101.36402831967008,40.3767240947576,12.369401544675815,48.87168786732714,10.88919926924046,5.4605054788545235,0.0,0.0,0.0,0.0,0.0,model2,4.0,False,939.0
313,2015-02-10T08:00:00Z,40.0,169.80577070821997,455.40420369261085,101.71398921071359,40.2009162789854,13.110170588055999,47.579150836859284,10.806609676009133,5.379270097372986,0.0,0.0,0.0,0.0,0.0,model2,4.0,False,942.0
314,2015-02-10T11:00:00Z,40.0,170.23543500273541,449.6634655895453,100.96713888453812,40.487658619936106,13.483951146010758,46.29600739073736,9.893327059854752,5.521431513630693,0.0,0.0,0.0,0.0,0.0,model2,4.0,False,945.0
315,2015-02-10T14:00:00Z,40.0,168.75805173372459,446.9896214511641,99.84699476130476,41.20189267468796,13.274935858895414,46.53712894875187,9.771819157586377,4.902686270031832,0.0,0.0,0.0,0.0,0.0,model2,4.0,False,948.0
316,2015-02-10T17:00:00Z,40.0,167.65945282000226,443.6610518612002,98.87169503764008,42.04578838867229,15.107285338866069,49.0226597895718,9.266192943797797,4.509574977465259,0.0,0.0,0.0,0.0,0.0,model2,4.0,False,951.0
317,2015-02-10T20:00:00Z,40.0,167.10563280000864,440.8810397187792,99.05411803429584,41.80725049056458,12.835835965393686,45.74581554385386,9.033142094225447,4.865572086979676,0.0,0.0,0.0,0.0,0.0,model2,4.0,False,954.0
318,2015-02-10T23:00:00Z,40.0,166.3627000821199,447.05042198695344,100.21159399475164,42.61561518721207,12.778813105695452,44.69965582307904,7.9305209341106995,4.558847144723523,0.0,0.0,0.0,0.0,0.0,model2,4.0,False,957.0
319,2015-02-11T02:00:00Z,40.0,168.2345015421055,456.1714770039212,99.20094392700977,42.977982287268226,13.881291662516048,44.46114253289732,9.24598337146494,4.9641180638259135,0.0,0.0,0.0,0.0,0.0,model2,4.0,False,960.0
320,2015-02-11T05:00:00Z,40.0,166.8743927012364,458.48228515588266,100.04800602329523,42.068284883413895,13.914555420171018,54.51690596602625,8.740072338362992,4.894101195103018,0.0,0.0,0.0,0.0,0.0,model2,4.0,False,963.0
321,2015-02-11T08:00:00Z,40.0,166.8825795424417,464.32711504929983,99.76915085145063,41.90639336939683,15.30207100833726,59.567892562384394,8.664757002886617,4.989845213225861,0.0,0.0,0.0,0.0,0.0,model2,4.0,False,966.0
322,2015-02-11T11:00:00Z,40.0,168.7371819037959,463.0773151979625,100.94665307337564,41.41825165555953,17.310269998140914,63.9615407437628,9.391927066087074,5.029174443073432,0.0,0.0,0.0,0.0,0.0,model2,4.0,False,969.0
323,2015-02-11T14:00:00Z,40.0,169.9176826057116,461.29347306542434,100.8224006244183,41.24581523650167,17.47443274175265,63.15584265073343,9.283292917221225,4.915463596427929,0.0,0.0,0.0,0.0,0.0,model2,4.0,False,972.0
324,2015-02-11T17:00:00Z,40.0,171.81051514973183,464.50019887402124,101.55653463107271,40.731488028328535,17.592600490871057,63.84229289000592,9.154486997580138,5.3077335599549365,0.0,0.0,0.0,0.0,0.0,model2,4.0,False,975.0
325,2015-02-11T20:00:00Z,40.0,173.01276351323415,461.05943473040634,101.69659281544688,41.06570894215863,17.877344819989734,66.10608799422566,9.339425155595217,5.0949645862318516,0.0,0.0,0.0,0.0,0.0,model2,4.0,False,978.0
326,2015-02-11T23:00:00Z,40.0,172.7445353567221,457.6443839898007,100.8616377722015,40.41843506453082,17.860733169728103,65.6782901103286,10.191041281963596,4.802572343172452,0.0,0.0,0.0,0.0,0.0,model2,4.0,False,981.0
327,2015-02-12T02:00:00Z,40.0,169.68590774380198,454.6177100595533,102.63466044374208,39.69676795684211,18.08844189991559,64.21951371407104,9.339226241690866,4.89730125032972,0.0,0.0,0.0,0.0,0.0,model2,4.0,False,984.0
328,2015-02-12T05:00:00Z,40.0,170.2188544396566,447.946578886801,101.92382295081013,40.38059863719657,18.864703148385953,58.39611283888893,9.73401481825655,5.058645333022287,0.0,0.0,0.0,0.0,0.0,model2,4.0,False,987.0
329,2015-02-12T08:00:00Z,40.0,173.13040052153067,435.78538263602036,102.8445692720612,39.91129139609377,17.218174076333725,54.73761722896992,9.905159717955463,5.2154748994606805,0.0,0.0,0.0,0.0,0.0,model2,4.0,False,990.0
330,2015-02-12T11:00:00Z,40.0,172.4707294801323,440.32523965408797,102.08424740208562,40.92439362464626,16.341574547452517,49.8253699068402,10.432347099736539,5.418894668521314,0.0,0.0,0.0,0.0,0.0,model2,4.0,False,993.0
331,2015-02-12T14:00:00Z,40.0,172.39505619486812,449.8374234359324,102.7727971077336,40.333365069085396,16.69243028157585,48.9819414606011,11.49765331403866,5.807820464790645,0.0,0.0,0.0,0.0,0.0,model2,4.0,False,996.0
332,2015-02-12T17:00:00Z,40.0,172.12684193247208,441.3071722558154,102.52209162473152,40.352874471345245,15.27724356568386,48.63860584300053,11.512012708260185,5.406678935910961,0.0,0.0,0.0,0.0,0.0,model2,4.0,False,999.0
333,2015-02-12T20:00:00Z,40.0,169.13941730899236,439.9083607477533,102.50766718340964,39.45700369298614,15.126657876790546,47.09836620512787,11.285910977429486,5.890658860751105,0.0,0.0,0.0,0.0,0.0,model2,4.0,False,1002.0
334,2015-02-12T23:00:00Z,40.0,171.50820289877868,434.1966958532552,102.97845921186085,39.42380361929418,15.607281976607316,46.3359545531544,10.066368215109202,5.953989187645751,0.0,0.0,0.0,0.0,0.0,model2,4.0,False,1005.0
335,2015-02-13T02:00:00Z,40.0,172.33110523403442,430.0046205941066,101.29821087663376,40.00345117614361,15.592073187517045,49.055096947594365,10.297415809600313,5.475065176501492,0.0,0.0,0.0,0.0,0.0,model2,4.0,False,1008.0
336,2015-02-13T05:00:00Z,40.0,171.67383812045364,436.63607347579733,102.27660467208496,39.60767758234938,15.083646795596756,49.791219396264246,10.553549916434696,5.215680269890641,0.0,0.0,0.0,0.0,0.0,model2,4.0,False,1011.0
337,2015-02-13T08:00:00Z,40.0,170.64863148708798,444.61826768975965,101.35550938728264,40.36960048618575,16.953105529764144,47.56233851150405,10.364357408339577,5.194722044239668,0.0,0.0,0.0,0.0,0.0,model2,4.0,False,1014.0
338,2015-02-13T11:00:00Z,40.0,169.819161344146,444.92314586403916,100.02855186195498,39.2618726195992,16.123468015858904,49.95569094800321,10.066801366607232,5.279965390946852,0.0,0.0,0.0,0.0,0.0,model2,4.0,False,1017.0
339,2015-02-13T14:00:00Z,40.0,170.00798795464613,444.40260828501647,100.07968383063354,39.126779126509035,15.913269242255915,50.965412926525495,8.983888143876124,5.313931424662499,0.0,0.0,0.0,0.0,0.0,model2,4.0,False,1020.0
340,2015-02-13T17:00:00Z,40.0,169.63736642127606,449.0689560825566,100.00918762123842,38.964159416813615,17.260416765346235,50.094948956918465,8.591333276720425,5.368609524431937,0.0,0.0,0.0,0.0,0.0,model2,4.0,False,1023.0
341,2015-02-13T20:00:00Z,40.0,172.59321987842114,460.37965402004477,101.79086050366993,39.44859777168728,17.947897613992396,55.133302573959334,11.383463703598418,5.1037591317752415,0.0,0.0,0.0,0.0,0.0,model2,4.0,False,1026.0
342,2015-02-13T23:00:00Z,40.0,169.0925712223749,464.9707377266542,105.39589909148262,39.81516409268519,18.30291640342117,52.42516175018554,13.940944592182426,5.128677167655625,0.0,0.0,0.0,0.0,0.0,model2,4.0,False,1029.0
343,2015-02-14T02:00:00Z,40.0,167.87539280633567,466.75430260767683,109.30807748033388,39.84784289961257,18.48575433712876,52.22988968217142,15.36023038176388,5.440685147969555,0.0,0.0,0.0,0.0,0.0,model2,4.0,False,1032.0
344,2015-02-14T05:00:00Z,40.0,170.46653443480733,459.91268247939763,112.90131638186828,40.37351308603985,18.26688177039385,51.97068170635722,17.022687276912745,5.645937802638612,0.0,0.0,0.0,0.0,0.0,model2,4.0,False,1035.0
345,2015-02-14T08:00:00Z,40.0,169.19691834519017,464.03439498909967,117.24409324013014,39.947980110794475,17.43701318293549,50.34192750828429,16.750332900630546,5.632076127065657,0.0,0.0,0.0,0.0,0.0,model2,4.0,False,1038.0
346,2015-02-14T11:00:00Z,40.0,168.66138744249338,465.90857888676095,122.83935813254631,40.8678016148529,17.066879641792447,49.07143599566169,14.753068153603726,5.892850468573366,0.0,0.0,0.0,0.0,0.0,model2,4.0,False,1041.0
347,2015-02-14T14:00:00Z,40.0,168.21318110716163,461.41250103935636,125.87767565086641,41.223629228333174,16.736645897517462,55.44579851094677,12.276538900755625,5.517773555695343,0.0,0.0,0.0,0.0,0.0,model2,4.0,False,1044.0
348,2015-02-14T17:00:00Z,40.0,167.95454093079,462.5620700575776,126.87964605999531,40.835390041990216,15.212556781384688,50.27441891700925,11.640486519045439,5.9867893219602735,0.0,0.0,0.0,0.0,0.0,model2,4.0,False,1047.0
349,2015-02-14T20:00:00Z,40.0,168.6617701431852,452.6920896993042,129.06939851719247,40.77288665101872,16.258611422194182,43.042918469757566,9.534646806475573,5.9449093824553545,0.0,0.0,0.0,0.0,0.0,model2,4.0,False,1050.0
350,2015-02-14T23:00:00Z,40.0,171.452049353289,451.23316705938936,128.6648631450126,40.130996346479975,15.966529028019593,43.68760446831975,9.59374076104,6.268111637599305,0.0,0.0,0.0,0.0,0.0,model2,4.0,False,1053.0
351,2015-02-15T02:00:00Z,40.0,172.99025022650605,446.21063894054566,128.3041836561467,39.884644960622666,14.895580367488039,44.27042297489666,9.638252143974013,6.036642944284898,0.0,0.0,0.0,0.0,0.0,model2,4.0,False,1056.0
352,2015-02-15T05:00:00Z,40.0,170.14755736184526,454.1641856757111,127.68240164382809,39.367257280386895,17.265363689750178,51.24884030548911,9.523985605930305,5.720913491198258,0.0,0.0,0.0,0.0,0.0,model2,4.0,False,1059.0
353,2015-02-15T08:00:00Z,40.0,173.28996646031945,450.0595334316368,126.511441701276,39.31430866538722,17.55896910170609,52.98168330550358,9.522551777753561,5.792122413499969,0.0,0.0,0.0,0.0,0.0,model2,4.0,False,1062.0
354,2015-02-15T11:00:00Z,40.0,172.469390617992,445.77828319502464,124.62297161141666,38.34501845578453,18.379121144820907,56.57694997501219,9.20031107088876,4.918078754436457,0.0,0.0,0.0,0.0,0.0,model2,4.0,False,1065.0
355,2015-02-15T14:00:00Z,40.0,174.70189204066213,446.98079239570274,124.63800897685793,38.93030256953347,19.349688292374736,53.06400362859688,9.130661375775293,5.191360367294126,0.0,0.0,0.0,0.0,0.0,model2,4.0,False,1068.0
356,2015-02-15T17:00:00Z,40.0,174.85438623575058,442.5218901003475,126.11253429396692,39.59596180460608,18.928451081952904,53.82118001974781,7.360095572939096,4.848874940291121,0.0,0.0,0.0,0.0,0.0,model2,4.0,False,1071.0
357,2015-02-15T20:00:00Z,40.0,170.0214851286517,446.2667983253151,125.80813854253513,39.504255779551286,18.640723489663497,59.956257148427255,8.086433008596815,4.773208208283108,0.0,0.0,0.0,0.0,0.0,model2,4.0,False,1074.0
358,2015-02-15T23:00:00Z,40.0,168.65520636258285,442.0472589041937,123.74120412729059,40.72579044533733,18.965674753880013,62.78868347565332,10.242338207490864,5.0731697011465915,0.0,0.0,0.0,0.0,0.0,model2,4.0,False,1077.0
359,2015-02-16T02:00:00Z,40.0,168.89979528148183,448.3192264415783,121.45055723248713,40.237404324508354,18.982171401859343,59.29699738936378,11.23756901937957,5.104335538267839,0.0,0.0,0.0,0.0,0.0,model2,4.0,False,1080.0
360,2015-02-16T05:00:00Z,40.0,171.21688599833692,441.20704224598916,118.62637115202922,39.87472457256021,16.724536028228272,53.60091792075586,12.237374054814365,5.372025100779926,0.0,0.0,0.0,0.0,0.0,model2,4.0,False,1083.0
361,2015-02-16T08:00:00Z,40.0,171.58914958304555,443.8526938451429,115.95523048573507,39.56414811692553,16.764328659435375,52.98025900354274,14.115513272017708,5.627978014771583,0.0,0.0,0.0,0.0,0.0,model2,4.0,False,1086.0
362,2015-02-16T11:00:00Z,40.0,172.64894083830674,447.9268845107047,113.12356638543771,40.12110718659599,16.66042503863406,51.96278775198227,15.0196877617435,5.3761936815760505,0.0,0.0,0.0,0.0,0.0,model2,4.0,False,1089.0
363,2015-02-16T14:00:00Z,40.0,171.70786734816642,438.30356398971253,109.2651390804734,39.73380327344975,16.208015912776133,54.94727470217036,14.921420900780365,5.163134903198613,0.0,0.0,0.0,0.0,0.0,model2,4.0,False,1092.0
364,2015-02-16T17:00:00Z,40.0,174.89398061512867,441.55033101632296,106.10292277269606,39.418467318727686,20.00243676473591,57.086474543678854,13.96933757701005,5.2088886938321535,0.0,0.0,0.0,0.0,0.0,model2,4.0,False,1095.0
365,2015-02-16T20:00:00Z,40.0,178.58308851949192,434.27724103830116,102.93983859009096,39.4030757939732,18.187522504466667,50.12752525244621,9.82637140445942,5.671786394827649,0.0,0.0,0.0,0.0,0.0,model2,4.0,False,1098.0
366,2015-02-16T23:00:00Z,40.0,183.0098432345757,440.8216116039165,100.904417515305,38.64751473463564,17.426049558341678,48.31878052346963,10.653212281045114,4.7963911199427605,0.0,0.0,1.0,0.0,0.0,model2,4.0,False,1101.0
367,2015-02-17T02:00:00Z,40.0,186.7728223447839,445.4409841926829,99.49137188586916,39.055121242187894,17.153756880564618,51.95211631967727,10.511187597401713,4.870569649986793,0.0,0.0,1.0,0.0,0.0,model2,4.0,False,1104.0
368,2015-02-17T05:00:00Z,40.0,189.78904130884288,449.1773304306572,97.58416759815022,39.20590743033747,17.006107242820367,52.664196561137246,10.754930339736259,4.57578213706414,0.0,0.0,1.0,0.0,0.0,model2,4.0,False,1107.0
369,2015-02-17T08:00:00Z,40.0,190.16640844558395,444.0886348173914,97.64855670814508,39.789211507449366,16.81145162293642,51.500670803795956,10.375497087313748,3.957763171808333,1.0,0.0,1.0,0.0,0.0,model2,4.0,True,1110.0
370,2015-02-17T11:00:00Z,40.0,192.5788246871784,440.4162424255011,97.41341827753936,39.177277359176884,16.772845349979878,48.62842448178957,9.315402201951194,4.459078569927742,1.0,0.0,1.0,0.0,0.0,model2,4.0,True,1113.0
371,2015-02-17T14:00:00Z,40.0,192.2506253414544,456.2178518560376,97.14122696436588,39.185255141612586,16.82162688281951,44.615000434558496,9.429533680203676,4.540480623219767,1.0,0.0,1.0,0.0,0.0,model2,4.0,True,1116.0
372,2015-02-17T17:00:00Z,40.0,190.03705164269658,451.2082710078418,96.2544253127572,39.37233339400904,15.498165803542323,44.68573261400746,9.03169144304193,4.5951973279347875,1.0,0.0,1.0,0.0,0.0,model2,4.0,True,1119.0
373,2015-02-17T20:00:00Z,40.0,191.55973159040363,453.4558130611734,97.30273790619673,39.74770725383479,15.550114207962475,46.2614636699802,10.718957089850175,4.161378553684216,1.0,0.0,1.0,0.0,0.0,model2,4.0,True,1122.0
374,2015-02-17T23:00:00Z,40.0,188.4939069727294,455.5703954322543,99.33292274373129,39.632925184372894,17.271898854299756,46.305876019589654,11.111954201150038,4.309615651103227,1.0,0.0,0.0,0.0,0.0,model2,4.0,True,1125.0
375,2015-02-18T02:00:00Z,40.0,188.8214042322976,451.32691556195226,99.2424869449942,39.22942299682015,18.413063088705076,44.61324151082499,11.072122251845524,4.233935745596817,1.0,0.0,0.0,0.0,0.0,model2,4.0,True,1128.0
376,2015-02-18T05:00:00Z,40.0,187.5899577902301,450.4094669627624,101.25307611540735,39.340438665737366,16.984518171218074,42.94955884093655,10.052111483630105,4.284687375088827,1.0,0.0,0.0,0.0,0.0,model2,4.0,True,1131.0
377,2015-02-18T08:00:00Z,40.0,187.12756859908225,453.38222374671346,99.86577736587164,38.913375100720145,17.715728028456486,41.788446604591606,11.008383405445306,4.313907228904817,0.0,0.0,0.0,0.0,0.0,model2,4.0,False,1134.0
378,2015-02-18T11:00:00Z,40.0,182.58638140250162,453.33607181842797,100.90921621728948,39.87515092132215,19.07604253802396,41.80201042107064,11.442153339673743,4.279061095106654,0.0,0.0,0.0,0.0,0.0,model2,4.0,False,1137.0
379,2015-02-18T14:00:00Z,40.0,180.55011292854846,450.0931640916188,101.65512426354529,40.07008911232892,20.008943990167765,39.33419240222106,11.853580982964498,4.517190808510363,0.0,0.0,0.0,0.0,0.0,model2,4.0,False,1140.0
380,2015-02-18T17:00:00Z,40.0,178.62624220713295,451.6798426235891,101.44362182196156,39.92245072217858,20.685040519565323,40.101756216343134,11.487932890420261,4.220912224626429,0.0,0.0,0.0,0.0,0.0,model2,4.0,False,1143.0
381,2015-02-18T20:00:00Z,40.0,176.00516296731854,452.2302200226618,98.72009484004283,40.16337338663082,19.640904646134068,36.98561685468428,10.277686017113695,4.314989486913259,0.0,0.0,0.0,0.0,0.0,model2,4.0,False,1146.0
382,2015-02-18T23:00:00Z,40.0,174.37273918242317,445.4080843863449,97.44929314959906,40.06107927493913,19.17944891133527,37.04423148908783,9.307808741318565,4.140156945758232,0.0,0.0,0.0,0.0,0.0,model2,4.0,False,1149.0
383,2015-02-19T02:00:00Z,40.0,171.31089832909132,440.7506007291457,98.14820159891016,40.355261691171314,15.13008107314294,37.95079402098338,9.520055859887249,3.9656863248808216,0.0,0.0,0.0,0.0,0.0,model2,4.0,False,1152.0
384,2015-02-19T05:00:00Z,40.0,168.1305899867722,438.28557957002783,97.45680336180256,40.04260696443691,15.647853072671616,36.82555155589371,8.927160084160812,4.269370875016393,0.0,0.0,0.0,0.0,0.0,model2,4.0,False,1155.0
385,2015-02-19T08:00:00Z,40.0,166.36029786190974,437.1577205098825,99.60457168972373,40.92458378771389,12.61149205051074,39.361906900914434,8.069492187854587,4.6114503036333385,0.0,0.0,0.0,0.0,0.0,model2,4.0,False,1158.0
386,2015-02-19T11:00:00Z,40.0,167.3985910452026,438.97717711294143,97.90931182260671,40.2849386816512,11.917694065277507,40.04127532556282,7.4639467733381615,5.053776220928294,0.0,0.0,0.0,0.0,0.0,model2,4.0,False,1161.0
387,2015-02-19T14:00:00Z,40.0,167.82904265952578,438.69271350778456,97.44611761183077,39.49682367749574,11.839930329680305,39.038119509863144,7.262086866019873,4.930672770765965,0.0,0.0,0.0,0.0,0.0,model2,4.0,False,1164.0
388,2015-02-19T17:00:00Z,40.0,168.88785565385578,443.4249708140146,98.07148602067305,39.44669822727361,11.751509667232947,35.92770174841172,7.335387611968779,5.277720300080122,0.0,0.0,0.0,0.0,0.0,model2,4.0,False,1167.0
389,2015-02-19T20:00:00Z,40.0,167.05346228091042,446.5645588070426,99.3655756298055,38.78068942120122,13.133574607401558,42.45310172071071,7.303769488117192,4.94210786499624,0.0,0.0,0.0,0.0,0.0,model2,4.0,False,1170.0
390,2015-02-19T23:00:00Z,40.0,167.42474480206087,448.73389442039985,99.2242652036535,38.724091734689004,13.253416393649713,55.38069421850725,7.510558151788225,5.0374735099379455,0.0,0.0,0.0,0.0,0.0,model2,4.0,False,1173.0
391,2015-02-20T02:00:00Z,40.0,166.63401592604424,456.2160566052497,98.28928468472824,38.98049905647471,13.127075526186724,54.745226586602364,7.568203642494162,5.174253247740696,0.0,0.0,0.0,0.0,0.0,model2,4.0,False,1176.0
392,2015-02-20T05:00:00Z,40.0,168.82613794109213,460.23220962513045,100.07514116931348,39.79827487474722,18.112207212603764,55.10935017382256,9.862128687644713,5.196850708502035,0.0,0.0,0.0,0.0,0.0,model2,4.0,False,1179.0
393,2015-02-20T08:00:00Z,40.0,168.6050323290495,461.5779227566616,99.36883611683456,38.95718523887219,18.182143920290148,52.94339845084818,9.524430372986066,4.687226414027298,0.0,0.0,0.0,0.0,0.0,model2,4.0,False,1182.0
394,2015-02-20T11:00:00Z,40.0,170.78291818689763,462.63128269929854,99.25059754844489,39.352799010490045,18.450568796982555,57.45978128328018,9.678721400624,4.423261412305477,0.0,0.0,0.0,0.0,0.0,model2,4.0,False,1185.0
395,2015-02-20T14:00:00Z,40.0,172.78920360775533,463.7775331469343,99.53397164729395,40.05457252559628,20.345274490471326,58.09399868751964,9.072106313426273,4.334524162697637,0.0,0.0,0.0,0.0,0.0,model2,4.0,False,1188.0
396,2015-02-20T17:00:00Z,40.0,174.96580937614826,457.6120042505622,98.99972163065227,39.81055796896093,21.06134120437065,63.39496504790221,9.070415732219553,4.378419344902255,0.0,0.0,0.0,0.0,0.0,model2,4.0,False,1191.0
397,2015-02-20T20:00:00Z,40.0,177.7188511185247,453.11869760198476,99.35203766080744,40.44479820458578,19.443382940751697,62.055506571926784,9.261816627412909,4.310124554965376,0.0,0.0,0.0,0.0,0.0,model2,4.0,False,1194.0
398,2015-02-20T23:00:00Z,40.0,177.9447588067326,452.1335560238239,99.47409233139489,40.72423884958923,19.688507548985168,50.02135936558639,9.203644630902527,4.244653224247116,0.0,0.0,0.0,0.0,0.0,model2,4.0,False,1197.0
399,2015-02-21T02:00:00Z,40.0,180.76353149903,451.6748367958129,100.35171278721936,40.46144485944867,20.402425752166145,48.66360586149929,9.09600615341739,4.368072791866494,0.0,0.0,0.0,0.0,0.0,model2,4.0,False,1200.0
400,2015-02-21T05:00:00Z,40.0,182.53637270953152,446.2528356782815,97.6786563625842,40.21695516558262,15.779802066255233,48.56735691232546,7.768093013678844,4.921736103280171,0.0,0.0,0.0,0.0,0.0,model2,4.0,False,1203.0
401,2015-02-21T08:00:00Z,40.0,183.4510175423557,444.6403492571058,96.93889206984284,39.939195894147026,15.3780313151508,50.739883622834405,8.449815886368551,5.1087136362414896,0.0,0.0,0.0,0.0,0.0,model2,4.0,False,1206.0
402,2015-02-21T11:00:00Z,40.0,186.37914126919785,445.33025526385927,98.0793747471788,39.97709388134572,17.065182753603814,44.93111993819063,8.448099299196379,4.758251912955659,0.0,0.0,0.0,0.0,0.0,model2,4.0,False,1209.0
403,2015-02-21T14:00:00Z,40.0,186.1881063230123,441.00101288150597,98.01663673400192,39.268783347192716,15.80991903077856,44.44326747312001,8.417366569477092,4.984954537520457,0.0,0.0,0.0,0.0,0.0,model2,4.0,False,1212.0
404,2015-02-21T17:00:00Z,40.0,188.89307512946368,450.6815409645606,99.4657659452941,39.787180495368254,17.996074389403397,42.416129167929775,8.605437591200964,4.722140376551226,0.0,0.0,0.0,0.0,0.0,model2,4.0,False,1215.0
405,2015-02-21T20:00:00Z,40.0,190.9543181263161,456.7915898754325,97.95151039379756,39.50887172688627,17.285687035524845,40.2574778126535,8.488460954042738,4.6032163892657305,0.0,0.0,0.0,0.0,0.0,model2,4.0,False,1218.0
406,2015-02-21T23:00:00Z,40.0,195.3744980426242,454.6494320490072,97.31972248647504,39.60774624109493,15.128429214422676,41.94435332938894,8.753280139267622,4.6545729278527235,0.0,0.0,0.0,0.0,0.0,model2,4.0,False,1221.0
407,2015-02-22T02:00:00Z,40.0,195.6959309597473,457.16552951394374,97.24671179954912,39.57538844629299,15.207730958222495,46.1992284863589,8.617800386578221,4.689840838641788,0.0,0.0,0.0,0.0,0.0,model2,4.0,False,1224.0
408,2015-02-22T05:00:00Z,40.0,196.15054531290667,451.1658272144828,97.57545556923048,39.22568707189596,15.135777551822825,57.57303916092777,8.201197985124226,4.003106083533589,0.0,0.0,0.0,0.0,0.0,model2,4.0,False,1227.0
409,2015-02-22T08:00:00Z,40.0,195.23073270939068,449.78946569570434,98.26994425025741,39.28501026482511,16.85184336821884,56.25133406497314,7.877971667860477,4.174253231596291,0.0,0.0,0.0,0.0,0.0,model2,4.0,False,1230.0
410,2015-02-22T11:00:00Z,40.0,191.8285085700972,445.40188830014864,98.26562599191612,39.14244343137974,17.24478519913787,55.077246721027315,8.34765013774844,4.083558372080792,0.0,0.0,0.0,0.0,0.0,model2,4.0,False,1233.0
411,2015-02-22T14:00:00Z,40.0,189.08977970321808,445.8125629727076,98.75402901500324,38.98185119842967,19.732879353713745,53.79266640115668,8.385066909886229,4.225263635854914,0.0,0.0,0.0,0.0,0.0,model2,4.0,False,1236.0
412,2015-02-22T17:00:00Z,40.0,184.73317180972137,447.32095249225176,97.74040853263122,39.32799596436989,18.08699895534875,54.9851752379206,8.173644408281266,4.501381213060035,0.0,0.0,0.0,0.0,0.0,model2,4.0,False,1239.0
413,2015-02-22T20:00:00Z,40.0,179.8300249138818,446.1976747456293,99.43125598074629,39.15689928995953,20.212718287938923,53.270113236523244,8.120607169170768,5.5147797802053775,0.0,0.0,0.0,0.0,0.0,model2,4.0,False,1242.0
414,2015-02-22T23:00:00Z,40.0,174.40291618481655,452.5371487741069,99.34066804171516,38.39589511207696,18.92649737676745,55.85448436081772,8.402657467326206,5.452003745690398,0.0,0.0,0.0,0.0,0.0,model2,4.0,False,1245.0
415,2015-02-23T02:00:00Z,40.0,172.35336919171021,449.86613912365516,99.27830784695291,37.98559755838843,16.258459325931145,53.19322865736103,8.325164171242927,5.33350049802904,0.0,0.0,0.0,0.0,0.0,model2,4.0,False,1248.0
416,2015-02-23T05:00:00Z,40.0,170.20911489595667,462.8392013477632,99.8585478731917,37.88863505119125,14.00044118707468,41.709171804449404,7.676398296150768,5.196845702399521,0.0,0.0,0.0,0.0,0.0,model2,4.0,False,1251.0
417,2015-02-23T08:00:00Z,40.0,169.1819572395944,466.4287500488777,99.52371882682071,37.62457666594963,12.908392941829971,41.31458616480786,7.3812670623576615,5.159959114861233,0.0,0.0,0.0,0.0,0.0,model2,4.0,False,1254.0
418,2015-02-23T11:00:00Z,40.0,166.74081945268333,466.95754451127306,98.38551989766428,36.67892417341505,12.300734201129249,41.23496376708147,7.825821763747689,5.341238314674481,0.0,0.0,0.0,0.0,0.0,model2,4.0,False,1257.0
419,2015-02-23T14:00:00Z,40.0,167.01163205064697,470.756619229959,97.87652879028265,37.493373768411466,14.014670894056625,42.95139948920797,8.205087401027573,5.246068338694268,0.0,0.0,0.0,0.0,0.0,model2,4.0,False,1260.0
420,2015-02-23T17:00:00Z,40.0,166.25281861407953,460.49753467050425,98.12816397526063,37.431976662649866,13.604350889220926,47.87040832427914,9.944043170398233,5.243187790128888,0.0,0.0,0.0,0.0,0.0,model2,4.0,False,1263.0
421,2015-02-23T20:00:00Z,40.0,167.21965792475524,456.3817404285852,98.26907437860764,37.01326759072442,13.204299832632561,48.55126829674753,10.278700201890352,5.1943863731559405,0.0,0.0,0.0,0.0,0.0,model2,4.0,False,1266.0
422,2015-02-23T23:00:00Z,40.0,165.90596421618062,453.6492141219927,98.93087573165285,37.330005633351114,13.75919036040071,51.06528940469148,9.707279842571452,5.192442589558272,0.0,0.0,0.0,0.0,0.0,model2,4.0,False,1269.0
423,2015-02-24T02:00:00Z,40.0,164.12599920265404,450.98334539514235,97.94799785963188,37.33137080568853,15.941963435531655,50.085581390435934,10.028113693920416,5.445127418023128,0.0,0.0,0.0,0.0,0.0,model2,4.0,False,1272.0
424,2015-02-24T05:00:00Z,40.0,163.37631832164195,446.7130796957602,97.57683363141388,37.07369656709696,16.893499475472492,48.21244020934035,9.908638791046283,5.561509879880738,0.0,0.0,0.0,0.0,0.0,model2,4.0,False,1275.0
425,2015-02-24T08:00:00Z,40.0,163.42054104440305,435.59113974769923,98.6017335153644,37.65772188449353,16.74063947869975,53.69546089723124,10.186278975528928,5.730914984671514,0.0,0.0,0.0,0.0,0.0,model2,4.0,False,1278.0
426,2015-02-24T11:00:00Z,40.0,164.36625535199184,444.4375427311366,99.82663732940156,38.558870222439644,16.828157056531385,62.23939361586415,9.118309605997382,5.461064003131987,0.0,0.0,0.0,0.0,0.0,model2,4.0,False,1281.0
427,2015-02-24T14:00:00Z,40.0,165.17113016712258,444.5139533274041,99.5498608019614,38.004898125387136,15.083659110791187,61.34823536767002,9.574308816003896,5.5468507465079995,0.0,0.0,0.0,0.0,0.0,model2,4.0,False,1284.0
428,2015-02-24T17:00:00Z,40.0,164.90102156396097,442.74317913352434,99.42942846300885,37.83781078645943,15.012119595115578,59.157236137369786,7.587085719129492,6.1334942750213655,0.0,0.0,0.0,0.0,0.0,model2,4.0,False,1287.0
429,2015-02-24T20:00:00Z,40.0,166.14049427955666,455.0068554542905,98.27976041906784,38.59885301906896,15.050475929633812,69.0823614970195,7.7360335434424785,5.431949101826615,0.0,0.0,0.0,0.0,0.0,model2,4.0,False,1290.0
430,2015-02-24T23:00:00Z,40.0,166.78991743915668,457.4949122850018,98.69500784162342,38.46539529552209,14.329077402211235,66.08756424141124,8.122376096614751,5.557172336113402,0.0,1.0,0.0,0.0,0.0,model2,4.0,False,1293.0
431,2015-02-25T02:00:00Z,40.0,168.06538189813446,459.3153965378871,100.45200412285341,39.42145190641954,12.316170377311778,65.40741646990917,8.030075182859246,5.521654573587201,0.0,1.0,0.0,0.0,0.0,model2,4.0,False,1296.0
432,2015-02-25T05:00:00Z,40.0,165.9424845089946,457.62419843510634,101.78006008398356,39.80978271466403,11.702259222732478,65.01636023347237,8.703579751261023,5.547955584549374,0.0,1.0,0.0,0.0,0.0,model2,4.0,False,1299.0
433,2015-02-25T08:00:00Z,40.0,165.4443831113528,464.5419880378554,101.21238764170836,39.44174300762882,13.031354249710246,56.28220250223625,8.788284702301612,5.699228214482813,0.0,1.0,0.0,0.0,0.0,model2,4.0,False,1302.0
434,2015-02-25T11:00:00Z,40.0,165.39911923317973,457.2961894668509,101.3344320843469,40.1181004410225,12.946563845526875,53.44045314130578,8.778138460137383,6.059846656722798,0.0,1.0,0.0,0.0,0.0,model2,4.0,False,1305.0
435,2015-02-25T14:00:00Z,40.0,167.41208216816705,452.76208201592004,102.59152848060778,40.650302119671004,14.587325364752822,53.33625225700221,7.5579222920680476,5.721189561251174,0.0,1.0,0.0,0.0,0.0,model2,4.0,False,1308.0
436,2015-02-25T17:00:00Z,40.0,165.8227237573726,459.6659166349781,103.46053261181515,40.52698520899116,16.266870863465712,51.8836003235904,8.189816788219423,4.772372664479473,0.0,1.0,0.0,0.0,0.0,model2,4.0,False,1311.0
437,2015-02-25T20:00:00Z,40.0,166.09769985011025,446.75903325124887,104.34889799385702,40.04264137106619,16.094157534461555,39.94927594283596,6.983221799359839,5.104735974457047,0.0,1.0,0.0,0.0,0.0,model2,4.0,False,1314.0
438,2015-02-25T23:00:00Z,40.0,170.11578571249962,444.3933941089945,104.84342151982565,40.4433721686042,16.939034283119742,39.69739827393271,7.539084142537483,4.9253453570240335,0.0,0.0,0.0,0.0,0.0,model2,4.0,False,1317.0
439,2015-02-26T02:00:00Z,40.0,169.3565854744106,445.4474319126766,104.2779978644096,39.98545970758032,17.226924092099882,51.89227828541665,7.4483833883549595,4.675595732046915,0.0,0.0,0.0,0.0,0.0,model2,4.0,False,1320.0
440,2015-02-26T05:00:00Z,40.0,171.87619179987186,449.47935281358633,103.15794565720871,39.98730538052589,15.667651610242972,63.174643180353314,8.081927808076433,4.365865487715348,0.0,0.0,0.0,0.0,0.0,model2,4.0,False,1323.0
441,2015-02-26T08:00:00Z,40.0,171.96053200501476,444.78787640258247,103.4312417262244,40.63032608726178,15.864471074258162,69.80537157820329,8.152138670190963,3.5724086333203906,0.0,0.0,0.0,0.0,0.0,model2,4.0,False,1326.0
442,2015-02-26T11:00:00Z,40.0,174.05368162794716,445.42647248777365,102.51925793712203,39.97918706136469,16.433102350961757,68.69066031940277,8.861192619353472,2.9110365376476097,0.0,0.0,0.0,0.0,0.0,model2,4.0,False,1329.0
443,2015-02-26T14:00:00Z,40.0,171.5229963571152,446.2728396202358,100.99150533663195,40.31023692771584,16.20664106249583,67.48135690694322,9.376148329722938,3.1345575554502685,1.0,0.0,0.0,0.0,0.0,model2,4.0,False,1332.0
444,2015-02-26T17:00:00Z,40.0,173.23890759876343,439.29837668834716,101.33515264723341,40.593535742759215,14.876534786151351,67.34360202041614,8.908898383381148,3.651531242494607,1.0,0.0,0.0,0.0,0.0,model2,4.0,False,1335.0
445,2015-02-26T20:00:00Z,40.0,174.2509457652849,446.13407728247523,101.27194793866886,40.62437226466139,15.238766502934801,69.41808922090294,9.062182238507084,3.1203167532951457,1.0,0.0,0.0,0.0,0.0,model2,4.0,False,1338.0
446,2015-02-26T23:00:00Z,40.0,173.7112473044511,444.64167942468094,99.94344986501318,40.35392829810111,14.533067199125135,67.6511003569436,8.478601105005676,3.4774101737359464,1.0,0.0,0.0,0.0,0.0,model2,4.0,False,1341.0
447,2015-02-27T02:00:00Z,40.0,175.04594417667042,446.03511770386933,98.34904290319356,39.49756763150846,12.948750709164937,60.79121607880851,9.417763039099764,4.32109107825381,1.0,0.0,0.0,0.0,0.0,model2,4.0,False,1344.0
448,2015-02-27T05:00:00Z,40.0,175.72293950452743,442.40019765406237,98.79798150562378,40.37934393212397,13.305020090716743,48.202996754356604,9.519276331252735,4.930501552273874,1.0,0.0,0.0,0.0,0.0,model2,4.0,False,1347.0
449,2015-02-27T08:00:00Z,40.0,176.43986803583718,440.6998098020159,97.5333627184846,40.04122989531183,11.579119591626739,46.518785166934,9.700786971528574,5.090438602897963,1.0,0.0,0.0,0.0,0.0,model2,4.0,False,1350.0
450,2015-02-27T11:00:00Z,40.0,175.68130858644508,445.37050940643013,98.50665543226096,39.5640792000526,10.710246930911453,47.93822444138375,9.976121904459502,5.539987228167816,1.0,0.0,0.0,0.0,0.0,model2,4.0,False,1353.0
451,2015-02-27T14:00:00Z,40.0,174.71218502533938,444.0383200753772,98.62908832294218,38.175357325724406,12.76049711196614,49.91777903450496,9.7472179686798,6.132466265787006,0.0,0.0,0.0,0.0,0.0,model2,4.0,False,1356.0
452,2015-02-27T17:00:00Z,40.0,175.34285747272702,450.52044454678014,97.70887895316652,38.34344405827584,13.748739350477994,47.29156433532664,9.205178896341687,6.236582869166517,0.0,0.0,0.0,0.0,0.0,model2,4.0,False,1359.0
453,2015-02-27T20:00:00Z,40.0,175.39911423985907,445.22883811959343,96.59396321502152,38.46299571470528,13.949813172150922,46.512125575004475,8.52776129534759,6.255503744842793,0.0,0.0,0.0,0.0,0.0,model2,4.0,False,1362.0
454,2015-02-27T23:00:00Z,40.0,174.3750931371186,453.15263732336416,97.00854577142988,38.86573057266392,13.619171754733507,48.23153503979135,8.398784554590893,6.477877010575358,0.0,0.0,0.0,0.0,0.0,model2,4.0,False,1365.0
455,2015-02-28T02:00:00Z,40.0,174.34633500088592,450.4889754123319,99.25374038471088,39.47047935717831,13.854124884124325,48.57823239979962,9.249038689863664,6.037551215616987,0.0,0.0,0.0,0.0,0.0,model2,4.0,False,1368.0
456,2015-02-28T05:00:00Z,40.0,173.74668174493084,452.04352009590036,98.20268635531656,38.53605962508112,13.413000147983205,48.47056987603447,8.377226168401718,5.330206447834933,0.0,0.0,0.0,0.0,0.0,model2,4.0,False,1371.0
457,2015-02-28T08:00:00Z,40.0,173.46204301030372,459.61309434436026,98.79172369316211,39.044156775410215,13.340230964341067,38.99949063570195,8.141572166361135,5.978892888036673,0.0,0.0,0.0,0.0,0.0,model2,4.0,False,1374.0
458,2015-02-28T11:00:00Z,40.0,174.0225376155124,452.9076059452214,97.96560091754444,39.348598385154254,14.331738937957391,36.46465008704229,7.667803837173056,5.793912515989343,0.0,0.0,0.0,0.0,0.0,model2,4.0,False,1377.0
459,2015-02-28T14:00:00Z,40.0,176.69891271627998,446.42056049835264,99.02004773990784,39.948771884544726,12.494044880167834,45.37088019782877,8.407276269497741,5.10089704607176,0.0,0.0,0.0,0.0,0.0,model2,4.0,False,1380.0
460,2015-02-28T17:00:00Z,40.0,176.31752145770636,447.24818761064034,99.51328988895844,39.49618502872156,12.281005372269075,49.21867684295745,10.167749919360393,4.588919548167572,0.0,0.0,0.0,0.0,0.0,model2,4.0,False,1383.0
461,2015-02-28T20:00:00Z,40.0,174.93412068642914,454.36829364031234,100.30118638223117,39.48939332321563,12.335158089692149,49.81554983225975,10.567459491602278,4.698900583454713,0.0,0.0,0.0,0.0,0.0,model2,4.0,False,1386.0
462,2015-02-28T23:00:00Z,40.0,176.12987389223355,448.0092760531685,101.59954005914614,39.160137242763135,12.492598577921472,47.8778458245337,10.997133998921313,4.413834084717112,0.0,0.0,0.0,0.0,0.0,model2,4.0,False,1389.0
463,2015-03-01T02:00:00Z,40.0,176.20796522486603,447.7752939201274,101.17767416007945,39.67764338422307,12.214373048936524,48.611291586146365,10.679732456954069,4.8927386425976165,1.0,0.0,0.0,0.0,0.0,model2,4.0,False,1392.0
464,2015-03-01T05:00:00Z,40.0,175.86659695748767,449.6024800267646,101.23654477456822,40.47538658032892,12.724517943352845,54.58494896508984,10.896561811323707,5.672590525233267,1.0,0.0,0.0,0.0,0.0,model2,4.0,False,1395.0
465,2015-03-01T08:00:00Z,40.0,175.14335759483345,444.4420182720471,102.58734922685848,40.56794152520442,14.559664579895944,58.406210069881155,10.920183933633664,5.5101938305485945,1.0,0.0,0.0,0.0,0.0,model2,4.0,False,1398.0
466,2015-03-01T11:00:00Z,40.0,173.48140616507962,446.6011502507273,104.42621212085899,39.93612252119083,13.853649252691186,60.829404134048026,11.565721780330234,5.916205371962852,1.0,0.0,0.0,0.0,0.0,model2,4.0,False,1401.0
467,2015-03-01T14:00:00Z,40.0,173.60416967860496,448.69317946607805,104.34395346239236,39.90506684805383,14.114778812550332,57.24966189429474,11.143457598382033,5.898676960354142,1.0,0.0,0.0,0.0,0.0,model2,4.0,False,1404.0
468,2015-03-01T17:00:00Z,40.0,173.6706012631319,451.4353061569165,102.95462330716379,39.6562043641317,12.851949152744734,65.36197485048288,10.439641228679227,5.893874919110807,1.0,0.0,0.0,0.0,0.0,model2,4.0,False,1407.0
469,2015-03-01T20:00:00Z,40.0,172.293396204905,442.88153101342016,102.63296017327572,39.803931531880544,12.965004782063458,70.02223712185715,10.494688373875043,5.735004728425437,1.0,0.0,0.0,0.0,0.0,model2,4.0,False,1410.0
470,2015-03-01T23:00:00Z,40.0,169.92005074767383,442.02774645914633,101.34758464489157,39.56926051083536,12.52764438620969,70.45702313057637,10.192757219224916,5.864564607507117,1.0,0.0,0.0,0.0,0.0,model2,4.0,False,1413.0
471,2015-03-02T02:00:00Z,40.0,169.6025100231194,439.3403215998818,101.76887195662962,39.084868217675314,12.900685822810704,69.81781305158286,9.645699986295172,5.830453155041965,0.0,0.0,0.0,0.0,0.0,model2,4.0,False,1416.0
472,2015-03-02T05:00:00Z,40.0,167.56719651238797,434.78097038343117,102.50666624503869,38.71209247705263,13.556354869391553,64.24567299100559,9.029104678672404,5.051820882687063,0.0,0.0,0.0,0.0,0.0,model2,4.0,False,1419.0
473,2015-03-02T08:00:00Z,40.0,168.4962600125933,437.7380957712236,100.7135903843125,38.37159860235543,14.176204740391377,65.95969882785147,8.779591985843537,4.322285716571957,0.0,0.0,0.0,0.0,0.0,model2,4.0,False,1422.0
474,2015-03-02T11:00:00Z,40.0,168.39167485150617,444.4990139047736,98.79296151826394,39.61032531677599,14.036518281496413,68.76746738664778,7.546130213957963,4.143493025496026,0.0,0.0,0.0,0.0,0.0,model2,4.0,False,1425.0
475,2015-03-02T14:00:00Z,40.0,169.1570720181123,447.42439603989465,98.76614628161356,40.1206835889596,15.452398862971792,66.86574140003326,7.4943490200981975,3.7182051447427313,0.0,0.0,0.0,0.0,0.0,model2,4.0,False,1428.0
476,2015-03-02T17:00:00Z,40.0,166.99061384506055,439.221451501318,99.70096135207186,40.67616675471278,16.288832046817724,58.94122230548993,7.383931343135992,3.731690857619694,0.0,0.0,0.0,0.0,0.0,model2,4.0,False,1431.0
477,2015-03-02T20:00:00Z,40.0,168.68654555263103,444.177042686648,98.57903810748344,41.24601237345864,16.717048688820604,52.211209927204216,8.702291499247202,4.0717729828858165,0.0,0.0,0.0,0.0,0.0,model2,4.0,False,1434.0
478,2015-03-02T23:00:00Z,40.0,171.5752078721295,452.139265062516,99.20667386806407,41.62074231033021,17.795682304717214,56.21108048263999,8.711301122676334,3.522872265978543,0.0,0.0,0.0,0.0,0.0,model2,4.0,False,1437.0
479,2015-03-03T02:00:00Z,40.0,170.8736817005311,453.99770582281394,97.80068517503521,40.91674996279116,17.596539221529554,52.98659555799963,9.543041284803238,4.060253596679988,0.0,0.0,0.0,0.0,0.0,model2,4.0,False,1440.0
480,2015-03-03T05:00:00Z,40.0,172.88602161735832,459.5221180554087,98.12336993372992,40.624406198803065,16.710093096413363,59.02922098688346,9.77436984176826,4.044191898899598,0.0,0.0,0.0,0.0,0.0,model2,4.0,False,1443.0
481,2015-03-03T08:00:00Z,40.0,175.588598502406,465.7250536434767,100.0144583583646,40.011902391535,16.909484314526846,51.82653783872913,10.352679910875409,4.4041968562783005,0.0,0.0,0.0,0.0,0.0,model2,4.0,False,1446.0
482,2015-03-03T11:00:00Z,40.0,175.3081043719739,457.5236792539409,100.18242022480051,40.11093784339385,18.12759305153336,48.55038331758569,10.00339299178126,4.482348081334127,0.0,0.0,0.0,0.0,0.0,model2,4.0,False,1449.0
483,2015-03-03T14:00:00Z,40.0,174.12193617676343,456.7369613282762,100.82203532415342,40.16519852399275,16.498339859123448,49.0177151502276,10.9554347819701,5.090237265111955,0.0,1.0,0.0,0.0,0.0,model2,4.0,False,1452.0
484,2015-03-03T17:00:00Z,40.0,175.46616320480047,457.9779173755906,101.29587902352486,40.04070063714399,14.844575222295894,44.24289825961913,10.95365065710288,5.001692602450528,0.0,1.0,0.0,0.0,0.0,model2,4.0,False,1455.0
485,2015-03-03T20:00:00Z,40.0,174.18778511142216,452.1996231234481,103.60809035946222,40.019964533023426,15.02577783574469,51.39250073008233,9.387549177046504,4.950429179559563,0.0,1.0,0.0,0.0,0.0,model2,4.0,False,1458.0
486,2015-03-03T23:00:00Z,40.0,171.43027817489462,450.5082928834681,103.95302921518915,40.398311769492615,14.297247327919946,49.592357378591444,9.793103926817183,4.9683760485739805,0.0,1.0,0.0,0.0,0.0,model2,4.0,False,1461.0
487,2015-03-04T02:00:00Z,40.0,172.04195369895183,449.5272654016175,103.60031035415085,41.085357446922075,14.400536293842027,51.204183786825894,9.388903100153053,4.182221229604065,0.0,1.0,0.0,0.0,0.0,model2,4.0,False,1464.0
488,2015-03-04T05:00:00Z,40.0,170.7871855831853,443.6966796166354,102.42061779026821,41.1302283001161,14.254348305659905,45.009591226443284,9.87327596863578,4.125473604468245,0.0,1.0,0.0,0.0,0.0,model2,4.0,False,1467.0
489,2015-03-04T08:00:00Z,40.0,169.55375472634458,440.82693209874634,100.94859740604643,41.660213492654854,11.975221465732362,47.46754196026703,9.603665254987597,3.666970651094132,0.0,1.0,0.0,0.0,0.0,model2,4.0,False,1470.0
490,2015-03-04T11:00:00Z,40.0,168.3763239675451,445.58938616376105,100.11540681180948,41.05587834117022,11.277406734821124,49.21828571281764,10.43729654242025,3.8784301368319993,0.0,2.0,0.0,0.0,0.0,model2,4.0,False,1473.0
491,2015-03-04T14:00:00Z,40.0,166.32993207517643,449.1643818153028,100.14844352161207,41.626019650961574,11.219762124227305,51.61338312885786,9.817601337723527,3.717374445986541,0.0,1.0,0.0,0.0,0.0,model2,4.0,False,1476.0
492,2015-03-04T17:00:00Z,40.0,168.16825811400957,448.6162948997836,98.93271036437021,41.39361704659238,14.036925096545875,52.57960269903192,9.704526474089242,4.555424270112764,0.0,1.0,0.0,0.0,0.0,model2,4.0,False,1479.0
493,2015-03-04T20:00:00Z,40.0,170.72149266539844,453.3462651889317,98.7117266468723,41.01312789286136,16.294010312543552,45.098394885886975,9.948056186287477,4.427952860946483,0.0,1.0,0.0,0.0,0.0,model2,4.0,False,1482.0
494,2015-03-04T23:00:00Z,40.0,172.16537976886931,445.2791460715928,98.50392181528026,40.90736735849746,16.279247054018732,44.095262195304,9.364808053099416,4.5109151371736775,0.0,1.0,0.0,0.0,0.0,model2,4.0,False,1485.0
495,2015-03-05T02:00:00Z,40.0,170.78064665990337,444.82088782714374,99.66083406626603,41.10547632252976,16.04315393192379,42.33409051441861,8.927454042547993,4.453597400515413,0.0,1.0,0.0,0.0,0.0,model2,4.0,False,1488.0
496,2015-03-05T05:00:00Z,40.0,173.0436583044265,446.2153134712375,99.86409302802136,40.97541398655177,16.71717007304553,41.1798437628269,9.32346778824424,4.826705590970918,0.0,1.0,0.0,0.0,0.0,model2,4.0,False,1491.0
497,2015-03-05T08:00:00Z,40.0,172.42343207664678,452.151753147966,101.18178014065798,41.06856454988072,17.46396094468898,46.604726136120824,9.846553983068679,4.89946818197024,0.0,1.0,0.0,0.0,0.0,model2,4.0,False,1494.0
498,2015-03-05T11:00:00Z,40.0,172.40646562341942,443.07288278095706,103.081775214028,40.819035825802644,17.56968643502053,47.59498759968332,8.702795445678081,4.868034873869409,0.0,0.0,0.0,0.0,0.0,model2,4.0,False,1497.0
499,2015-03-05T14:00:00Z,40.0,172.29842381901813,445.8876831875983,101.70647216342243,41.06698459472955,17.653323682515612,47.17961198345024,9.099546453159366,5.0994268028266445,0.0,0.0,0.0,0.0,0.0,model2,4.0,False,1500.0
500,2015-03-05T17:00:00Z,40.0,168.86705854443443,456.043448256772,102.2237366698929,41.14543349671891,16.95513046088993,49.80014536918986,9.044456171916806,4.509813061116233,0.0,0.0,0.0,0.0,0.0,model2,4.0,False,1503.0
501,2015-03-05T20:00:00Z,40.0,166.764158570054,456.8901210637517,101.07152607568251,41.253846452276655,14.197378146066404,53.08884805493732,8.794544601463826,4.409806399021441,0.0,0.0,0.0,0.0,0.0,model2,4.0,False,1506.0
502,2015-03-05T23:00:00Z,40.0,163.94021693200492,462.79871229414596,99.87762378003431,40.730896260470026,16.297012118293082,50.04796589428646,9.262915892498704,4.5211653648646335,0.0,0.0,0.0,0.0,0.0,model2,4.0,False,1509.0
503,2015-03-06T02:00:00Z,40.0,166.5586558138039,463.8246591015004,101.0471602450933,40.94073699195489,18.38489097494604,50.63789161691535,9.67997424945336,4.551365135351119,0.0,0.0,0.0,0.0,0.0,model2,4.0,False,1512.0
504,2015-03-06T05:00:00Z,40.0,164.73331071743695,465.04531287387687,101.9513202534642,40.47418721083961,17.155661184038507,52.93241317897724,10.232806489250194,4.939571910155968,0.0,0.0,0.0,0.0,0.0,model2,4.0,False,1515.0
505,2015-03-06T08:00:00Z,40.0,164.55084356793625,465.0443415891542,100.63892826318441,40.14382845412528,15.998587664564955,49.33281737124396,9.877779153364255,5.10791786919046,0.0,0.0,0.0,0.0,0.0,model2,4.0,False,1518.0
506,2015-03-06T11:00:00Z,40.0,166.67699057254782,470.56497177252817,100.22738138575735,40.68616333326234,16.664509115945457,46.04633506097494,10.081218235886627,4.940698653223662,0.0,0.0,0.0,0.0,0.0,model2,4.0,False,1521.0
507,2015-03-06T14:00:00Z,40.0,169.3885531520746,474.842429296569,100.69601652265742,39.9268681748285,17.556758138444636,50.01365965636708,9.620220924838367,4.362894168215047,0.0,0.0,0.0,0.0,0.0,model2,4.0,False,1524.0
508,2015-03-06T17:00:00Z,40.0,169.58286482360683,466.3329606809877,101.83430944142476,40.15987469119767,17.52429893403177,49.764031328866956,10.015265806599649,4.485917376859216,0.0,0.0,0.0,0.0,0.0,model2,4.0,False,1527.0
509,2015-03-06T20:00:00Z,40.0,171.4350117061588,471.30074676380883,101.25186120327257,39.65451838742135,19.511265886603773,50.059037881822576,10.427152442859981,4.9364389646870475,0.0,0.0,0.0,0.0,0.0,model2,4.0,False,1530.0
510,2015-03-06T23:00:00Z,40.0,173.9215478397599,464.3419165671593,100.66024863659064,39.43939765618956,18.342667112543737,55.08830505560049,10.952035291629524,5.089943870651938,0.0,0.0,0.0,0.0,0.0,model2,4.0,False,1533.0
511,2015-03-07T02:00:00Z,40.0,171.8253735531018,461.9969287728164,98.94808063326352,38.98834048845435,17.55038442090767,58.027153658616655,10.424055827500414,5.147563800149278,0.0,0.0,0.0,0.0,0.0,model2,4.0,False,1536.0
512,2015-03-07T05:00:00Z,40.0,171.52425723677732,463.6182566748007,99.88407276465121,40.12458064112835,17.913854079060872,54.70395939915753,10.454529529914259,4.876192904704198,0.0,0.0,0.0,0.0,0.0,model2,4.0,False,1539.0
513,2015-03-07T08:00:00Z,40.0,168.79436396022646,451.0735132264026,100.6375777526683,40.972763714421184,19.372849352243268,55.94562754934247,10.443016066289378,4.815453415599039,0.0,0.0,0.0,0.0,0.0,model2,4.0,False,1542.0
514,2015-03-07T11:00:00Z,40.0,168.56401987983543,445.3347462619944,100.74317399325449,40.59067763304714,19.661213411660512,56.912501074783115,10.24910703235433,4.7780315625374685,0.0,0.0,0.0,0.0,0.0,model2,4.0,False,1545.0
515,2015-03-07T14:00:00Z,40.0,166.0436293433765,438.2074559660141,101.19981257166704,40.41416165834039,18.94832076411491,47.02335566538789,10.634469355827184,5.096592182892291,0.0,0.0,0.0,0.0,0.0,model2,4.0,False,1548.0
516,2015-03-07T17:00:00Z,40.0,169.61783874578987,437.6904327442973,100.80956193522148,39.93139283217371,19.41259281330138,51.52187151281834,10.258249489403124,4.939147654910566,0.0,0.0,0.0,0.0,0.0,model2,4.0,False,1551.0
517,2015-03-07T20:00:00Z,40.0,167.83494776506987,437.0226629376925,101.76131782907274,40.339290109765756,17.39844972803413,51.416690713886155,9.326693284542877,4.8023809632277565,0.0,0.0,0.0,0.0,0.0,model2,4.0,False,1554.0
518,2015-03-07T23:00:00Z,40.0,168.136205314379,442.2073110465906,103.89859315770559,40.802712819821096,15.462745573788164,51.306237886913,9.660328050999023,4.5846825136046965,0.0,0.0,0.0,0.0,0.0,model2,4.0,False,1557.0
519,2015-03-08T02:00:00Z,40.0,171.41783915274834,444.6661246680609,104.87636442014707,41.762160494808604,18.156214731494067,48.57625725072354,9.219115764678376,4.689022604134832,0.0,0.0,0.0,0.0,0.0,model2,4.0,False,1560.0
520,2015-03-08T05:00:00Z,40.0,172.11472960539425,449.49771144814287,103.85711949213749,40.802613992947634,19.753500153146867,52.48594436080482,8.670319957087422,4.984744301726073,0.0,0.0,0.0,0.0,0.0,model2,4.0,False,1563.0
521,2015-03-08T08:00:00Z,40.0,173.5236175302803,456.95878893937095,104.26192000101715,39.89658987224462,17.788593170486397,52.43994949060748,9.112465996777374,4.973805385416261,0.0,0.0,0.0,0.0,0.0,model2,4.0,False,1566.0
522,2015-03-08T11:00:00Z,40.0,177.80431022330143,463.4793094955817,103.87919333942536,40.34735466081815,20.504876361102703,48.20387625012825,9.957457656973435,5.48114602573737,0.0,0.0,0.0,0.0,0.0,model2,4.0,False,1569.0
523,2015-03-08T14:00:00Z,40.0,181.5730606625935,468.0854662650451,103.99900360251932,40.23132924750945,19.845159745772733,47.538556476005624,10.059595033358278,5.479725683454584,0.0,0.0,0.0,0.0,0.0,model2,4.0,False,1572.0
524,2015-03-08T17:00:00Z,40.0,182.0443637722256,468.9274792179117,102.43475770112366,39.584676154169365,19.3695904075738,43.58506407836456,11.23520807868743,5.986514637928977,0.0,0.0,0.0,0.0,0.0,model2,4.0,False,1575.0
525,2015-03-08T20:00:00Z,40.0,184.81448326741142,460.9658411199765,102.7516360539892,39.770283202693314,19.947051570816868,39.52522489099093,11.3662634248726,5.793353264102747,0.0,0.0,0.0,0.0,0.0,model2,4.0,False,1578.0
526,2015-03-08T23:00:00Z,40.0,186.81797914049702,457.80547000422274,102.55393791312531,39.489933248822744,20.0574284858003,47.53185388169697,9.58353964569117,6.145170280755205,0.0,0.0,0.0,0.0,0.0,model2,4.0,False,1581.0
527,2015-03-09T02:00:00Z,40.0,186.08585286553418,458.0554086402787,102.87061062714918,38.82484228890692,20.077776369797323,47.43139331572829,9.473789390177213,5.709653965016949,0.0,0.0,0.0,0.0,0.0,model2,4.0,False,1584.0
528,2015-03-09T05:00:00Z,40.0,188.05249803348545,444.7338869115136,100.56768743694113,39.62560822460176,16.547570818742148,49.17620015211591,11.142532591064482,5.895083443376963,0.0,0.0,0.0,0.0,0.0,model2,4.0,False,1587.0
529,2015-03-09T08:00:00Z,40.0,192.1450474175523,445.98269313027396,99.20105431645435,39.97223628497434,14.088246263393508,46.333610193661755,10.491030272223224,5.868484075039865,0.0,0.0,0.0,0.0,0.0,model2,4.0,False,1590.0
530,2015-03-09T11:00:00Z,40.0,190.39786992301154,448.9319851661229,98.82547513649,39.47732193067128,14.616805397358252,50.10111896374085,9.603458109357506,5.71304240641631,0.0,0.0,0.0,0.0,0.0,model2,4.0,False,1593.0
531,2015-03-09T14:00:00Z,40.0,189.46300958793708,445.0594021968541,98.28016512418536,39.778739651895656,14.572314002071519,51.430847498269046,8.923993541885444,5.448004741394054,0.0,0.0,0.0,0.0,0.0,model2,4.0,False,1596.0
532,2015-03-09T17:00:00Z,40.0,189.54482196764354,443.87306000765517,98.03573407819296,40.30988207144479,14.974496883919585,51.143187169244854,8.266847913845812,5.151036788819747,0.0,0.0,0.0,0.0,0.0,model2,4.0,False,1599.0
533,2015-03-09T20:00:00Z,40.0,190.45242362377326,442.9452907682624,98.02404879900914,40.057669959701116,14.019773604744554,52.41227058727452,8.114854050979186,5.66672628182442,0.0,0.0,0.0,0.0,0.0,model2,4.0,False,1602.0
534,2015-03-09T23:00:00Z,40.0,190.1850021130473,449.88628469251364,97.44138297381892,40.07453731961513,13.640023017451837,47.94265110050744,8.11220630520761,5.196756549015467,0.0,0.0,0.0,0.0,0.0,model2,4.0,False,1605.0
535,2015-03-10T02:00:00Z,40.0,193.64979420539325,446.4314437159887,96.83990060934583,39.93894497126392,15.809304913491356,48.52735519217384,7.704976266360253,5.061476319113049,0.0,0.0,0.0,0.0,0.0,model2,4.0,False,1608.0
536,2015-03-10T05:00:00Z,40.0,196.852006068327,455.5407244668898,98.70873873229758,39.76711367309853,16.460133256439747,48.412342835175,6.014079895081212,4.758770081435936,0.0,0.0,0.0,0.0,0.0,model2,4.0,False,1611.0
537,2015-03-10T08:00:00Z,40.0,195.3629990275737,452.68946812755735,100.6595572682576,40.101949511565095,17.40143275921185,48.56828771934008,7.504753512243992,5.078768760093501,0.0,0.0,0.0,0.0,0.0,model2,4.0,False,1614.0
538,2015-03-10T11:00:00Z,40.0,195.1223673238504,449.4479416608297,100.04977225098897,39.75697816944263,16.972540677989592,48.605898279869024,7.898725273257375,5.012272686637258,0.0,0.0,0.0,0.0,0.0,model2,4.0,False,1617.0
539,2015-03-10T14:00:00Z,40.0,192.8284696579029,448.09140720138123,99.88641804132023,39.30479195899817,19.2971715748828,44.734250495260106,8.258362191876197,4.857381251487492,0.0,0.0,0.0,0.0,0.0,model2,4.0,False,1620.0
540,2015-03-10T17:00:00Z,40.0,191.2685898525906,451.19783507037397,99.6452982422085,38.91864824731498,19.978068152900878,44.14792871679328,8.88905392156309,4.7721399202848795,0.0,0.0,0.0,0.0,0.0,model2,4.0,False,1623.0
541,2015-03-10T20:00:00Z,40.0,188.64400259758668,455.03545090366373,98.83188172754849,39.06432003872599,20.63186640768928,42.777011489130985,8.992960382192736,4.101226986110409,0.0,0.0,0.0,0.0,0.0,model2,4.0,False,1626.0
542,2015-03-10T23:00:00Z,40.0,185.63286439308467,457.0836012817914,100.60978873485979,39.22003274074428,22.65417460170369,42.654655469260675,10.012825843711177,4.023973356209519,0.0,0.0,0.0,0.0,0.0,model2,4.0,False,1629.0
543,2015-03-11T02:00:00Z,40.0,179.7927444377034,458.8099512213514,98.9988610508368,39.112042424394055,19.195779840056158,43.392437807290534,10.687565701755883,4.348306260442752,0.0,0.0,0.0,0.0,0.0,model2,4.0,False,1632.0
544,2015-03-11T05:00:00Z,40.0,174.70031655135855,450.2145380636425,99.6316272214811,38.89210152933952,15.195443888264592,43.62596395860877,11.042291820817661,4.299896755450028,0.0,0.0,0.0,0.0,0.0,model2,4.0,False,1635.0
545,2015-03-11T08:00:00Z,40.0,172.43778426671017,450.0133263036359,98.68113164589613,38.80662732333588,14.091318652732914,50.49731256428314,10.272880316127699,4.010307526371123,0.0,0.0,0.0,0.0,0.0,model2,4.0,False,1638.0
546,2015-03-11T11:00:00Z,40.0,171.07707913397473,442.5649894786308,99.39418854107744,39.02364825639278,10.517762958466665,49.873839752206926,10.42857365808624,3.965920903826627,0.0,0.0,0.0,0.0,0.0,model2,4.0,False,1641.0
547,2015-03-11T14:00:00Z,40.0,172.28517235970622,444.9438441161593,98.39620301883276,39.036396589267824,10.832216118371594,53.777029465606326,11.386702451749516,3.876174589975193,0.0,0.0,0.0,0.0,0.0,model2,4.0,False,1644.0
548,2015-03-11T17:00:00Z,40.0,171.72087320535118,446.8622436535995,99.79057065850417,40.611301577082045,14.905491666386919,56.43465665471305,10.465294844901102,4.62290645263361,0.0,0.0,0.0,0.0,0.0,model2,4.0,False,1647.0
549,2015-03-11T20:00:00Z,40.0,170.08089634649474,448.74228220029363,99.0888690856246,40.27348801142604,13.929184734990455,65.68073448961502,10.755431363954685,4.686950556779289,0.0,0.0,0.0,0.0,0.0,model2,4.0,False,1650.0
550,2015-03-11T23:00:00Z,40.0,171.03799720889518,443.12572400362353,97.53727769824269,39.62821639620472,13.118091826905086,62.82881471740254,9.842683114962066,5.875978179896648,0.0,0.0,0.0,0.0,0.0,model2,4.0,False,1653.0
551,2015-03-12T02:00:00Z,40.0,171.93371428190528,446.40316645328215,99.45142215786088,39.18491667486555,14.484701125965893,71.51226916137912,9.332396782990562,5.796888372131102,0.0,0.0,0.0,0.0,0.0,model2,4.0,False,1656.0
552,2015-03-12T05:00:00Z,40.0,172.8688041405219,453.9402538075111,98.0602285515142,39.037185218982025,14.505150395450757,68.56815667999317,9.5166018239219,5.9353452665041875,0.0,0.0,0.0,0.0,0.0,model2,4.0,False,1659.0
553,2015-03-12T08:00:00Z,40.0,173.5820832920808,447.83021106190256,97.77188908928451,39.040625985992925,14.266273247243529,66.02549242279296,9.326700831952099,5.812685375719465,0.0,0.0,0.0,0.0,0.0,model2,4.0,False,1662.0
554,2015-03-12T11:00:00Z,40.0,171.74408234585613,453.7644554296087,97.0723804733794,39.8873467853325,14.319666015268064,64.69973095877603,8.924771807101385,6.109615713726061,0.0,0.0,0.0,0.0,0.0,model2,4.0,False,1665.0
555,2015-03-12T14:00:00Z,40.0,170.23209580520322,449.7526456009634,97.59412029909477,40.24869893716117,15.422061300515695,62.51846011232506,7.714922370965327,6.0612826801534645,0.0,0.0,0.0,0.0,0.0,model2,4.0,False,1668.0
556,2015-03-12T17:00:00Z,40.0,170.28407898281947,443.4830134838632,97.74517750139944,38.399257458104216,11.095325196936553,60.0624457662621,8.492750186306996,5.767893567715462,0.0,0.0,0.0,0.0,0.0,model2,4.0,False,1671.0
557,2015-03-12T20:00:00Z,40.0,170.2393477477339,442.0070404426153,99.01303040221173,38.7823075098911,11.113364610084524,55.420031194553616,8.906601733926216,5.867630243288697,0.0,0.0,0.0,0.0,0.0,model2,4.0,False,1674.0
558,2015-03-12T23:00:00Z,40.0,170.2914024358321,442.2457499185273,97.771243512169,39.438529079298895,12.206469519924465,57.86093110244276,8.86115078713196,5.024208780510897,0.0,0.0,0.0,0.0,0.0,model2,4.0,False,1677.0
559,2015-03-13T02:00:00Z,40.0,168.31718144711704,438.8993777383379,97.509200122897,40.31890911483117,11.77408251384089,50.99968255971189,8.694006322977414,4.881773099186624,0.0,0.0,0.0,0.0,0.0,model2,4.0,False,1680.0
560,2015-03-13T05:00:00Z,40.0,168.3855299096064,430.15777878050767,98.18901972601593,40.91473521869669,12.000477837512634,51.76478223730466,8.855315032099291,5.438491004256922,0.0,0.0,0.0,0.0,0.0,model2,4.0,False,1683.0
561,2015-03-13T08:00:00Z,40.0,167.65491264611637,442.4181862209351,99.29674288700222,40.09824796171943,12.497384957568906,58.13329767214751,9.851548153190066,5.567903194066874,0.0,0.0,0.0,0.0,0.0,model2,4.0,False,1686.0
562,2015-03-13T11:00:00Z,40.0,166.35147717500297,436.1878411787448,100.26528392285364,39.81435049384787,13.326879978540173,61.930178087508146,9.9134165132998,5.3507397065761575,0.0,0.0,0.0,0.0,0.0,model2,4.0,False,1689.0
563,2015-03-13T14:00:00Z,40.0,166.30348107084575,444.4237581063475,101.02185153558537,39.61371622566,11.959046140110354,66.18476073163552,9.603556024511768,5.433297020863521,0.0,0.0,0.0,0.0,0.0,model2,4.0,False,1692.0
564,2015-03-13T17:00:00Z,40.0,167.22524082592653,446.2461874554838,100.78125906708702,40.84336401585168,14.434198776225259,65.89732892831303,9.892442643189133,5.185181784375799,0.0,0.0,0.0,0.0,0.0,model2,4.0,False,1695.0
565,2015-03-13T20:00:00Z,40.0,169.153051095012,440.96495949965964,100.77392026585642,40.70687325552869,15.190035299741494,62.42244750666934,9.437735252638557,5.215190258663292,0.0,0.0,0.0,0.0,0.0,model2,4.0,False,1698.0
566,2015-03-13T23:00:00Z,40.0,171.82025101436642,443.2733197474752,101.33422459287908,40.701041061212905,17.163515291797733,61.16135699254486,9.435537380008505,4.958657832446483,0.0,0.0,0.0,0.0,0.0,model2,4.0,False,1701.0
567,2015-03-14T02:00:00Z,40.0,173.49160534024878,446.9272500334855,100.10660980683102,40.13237136694996,16.216712884895767,59.84915759857318,9.790885424826527,4.954993841356711,0.0,0.0,0.0,0.0,0.0,model2,4.0,False,1704.0
568,2015-03-14T05:00:00Z,40.0,172.93269930129418,450.77642878669235,101.26750586608802,39.37414480193319,16.0909075727676,64.19006760632877,9.96929088312497,3.982942775085516,0.0,0.0,0.0,0.0,0.0,model2,4.0,False,1707.0
569,2015-03-14T08:00:00Z,40.0,172.76761612424312,447.98280567447057,98.40868857218572,40.59152767009388,15.971560815278185,61.334261144307796,10.214135442080176,4.411796403776648,0.0,0.0,0.0,0.0,0.0,model2,4.0,False,1710.0
570,2015-03-14T11:00:00Z,40.0,174.2758037200089,451.4707291111712,97.44280627389405,40.08752709974641,15.663147052277491,56.2882704296942,10.201151523279307,4.5515474460535925,0.0,0.0,0.0,0.0,0.0,model2,4.0,False,1713.0
571,2015-03-14T14:00:00Z,40.0,175.46496920214008,445.7799636598935,97.41730218822241,40.227355381470375,15.005769425680866,51.90944187920701,10.3935206312995,4.517343458647323,0.0,0.0,0.0,0.0,0.0,model2,4.0,False,1716.0
572,2015-03-14T17:00:00Z,40.0,174.68298241754016,440.6439909179804,97.54958589445215,40.00156242517601,14.074404900571938,55.09351141200526,10.151642196749952,3.8618888636301607,0.0,0.0,0.0,0.0,0.0,model2,4.0,False,1719.0
573,2015-03-14T20:00:00Z,40.0,173.47476865940746,446.7241254526664,98.01162293047899,39.14918586246242,14.096607909913054,54.44956465007759,11.610254095371554,4.658685364664486,0.0,0.0,0.0,0.0,0.0,model2,4.0,False,1722.0
574,2015-03-14T23:00:00Z,40.0,170.24780192152775,444.8593339430946,97.94387586812506,38.67572183049013,11.220077186394501,59.478310252894424,11.34722461070699,4.918880540827735,0.0,0.0,0.0,0.0,0.0,model2,4.0,False,1725.0
575,2015-03-15T02:00:00Z,40.0,169.42570690384701,446.1983445189163,98.86943721657411,39.128593270761904,10.812772696821776,58.14887437430662,11.537030103292048,5.204813248836312,0.0,0.0,0.0,0.0,0.0,model2,4.0,False,1728.0
576,2015-03-15T05:00:00Z,40.0,168.28844262012376,441.5595781699314,97.79705577532863,39.60890455357713,11.909855664698172,56.2200574219824,10.519471931436538,5.427974548049394,0.0,0.0,0.0,0.0,0.0,model2,4.0,False,1731.0
577,2015-03-15T08:00:00Z,40.0,168.52157532984072,438.8219238331737,99.03453825317438,38.980094111471686,11.787244222454984,52.85740660410061,9.904886441710307,5.197487986240712,0.0,0.0,0.0,0.0,0.0,model2,4.0,False,1734.0
578,2015-03-15T11:00:00Z,40.0,169.85781511021162,440.93895207663337,100.88004593931551,39.28589708324128,11.976878821665945,53.1827634360694,10.566284855553425,4.934910540811663,0.0,0.0,0.0,0.0,0.0,model2,4.0,False,1737.0
579,2015-03-15T14:00:00Z,40.0,169.90972369364846,440.5727815447378,101.40735404435611,39.79186261774075,12.203595295097909,56.625718738367325,10.337879511499748,5.080481126681201,0.0,0.0,0.0,0.0,0.0,model2,4.0,False,1740.0
580,2015-03-15T17:00:00Z,40.0,169.13875619582086,445.3532290851049,101.92441373426308,40.121503863120985,11.607563999433653,54.54357963973703,9.770087068156405,5.202613874673652,0.0,0.0,0.0,0.0,0.0,model2,4.0,False,1743.0
581,2015-03-15T20:00:00Z,40.0,168.5934464463739,449.4911207234258,100.6905740524366,40.11883616450354,11.838067165096376,56.59636642715248,8.284641742517747,4.8239381559713355,0.0,0.0,0.0,0.0,0.0,model2,4.0,False,1746.0
582,2015-03-15T23:00:00Z,40.0,169.03659585588653,458.0672044085058,101.09095391753362,40.6017876708601,11.640845760095198,62.108657660491886,8.39978818601245,4.464693289112307,0.0,0.0,0.0,0.0,0.0,model2,4.0,False,1749.0
583,2015-03-16T02:00:00Z,40.0,167.58933818406783,459.7707527021668,101.39253161559824,40.89652662902565,12.254883211850832,62.09015843277813,8.892683430137893,4.911771122779816,0.0,0.0,0.0,0.0,0.0,model2,4.0,False,1752.0
584,2015-03-16T05:00:00Z,40.0,167.49487838034003,470.09536185626746,101.49824963926037,40.267876030077964,11.061831183023699,56.70710792378294,8.80408784599345,5.031779947123601,0.0,0.0,0.0,0.0,0.0,model2,4.0,False,1755.0
585,2015-03-16T08:00:00Z,40.0,169.398256670712,469.9137261108157,101.00229972584845,40.5128956691848,11.827986065157356,56.06183509072381,8.708105106597175,4.896380639081109,0.0,0.0,0.0,0.0,0.0,model2,4.0,False,1758.0
586,2015-03-16T11:00:00Z,40.0,168.92977856856032,466.8740983155796,99.58834813436012,40.36426510295409,11.796748261960573,59.57758725832154,8.29392910447174,4.9031904686103625,0.0,0.0,0.0,0.0,0.0,model2,4.0,False,1761.0
587,2015-03-16T14:00:00Z,40.0,167.56712298124546,468.8723147848712,98.10697435618412,39.970722475927865,11.931090431548093,57.216646007176074,8.726593033170756,4.900058756270585,0.0,0.0,0.0,0.0,0.0,model2,4.0,False,1764.0
588,2015-03-16T17:00:00Z,40.0,168.24147364011097,476.1160465083917,98.2829861642749,39.44549707261124,12.654787214064365,55.6855186738785,10.763990716570726,4.727242033202714,0.0,0.0,0.0,0.0,0.0,model2,4.0,False,1767.0
589,2015-03-16T20:00:00Z,40.0,168.56032182674073,463.79096826397836,97.26930690996859,40.17899766405473,12.083836901747048,67.7179435008095,11.168247894534037,5.117162013928028,0.0,0.0,0.0,0.0,0.0,model2,4.0,False,1770.0
590,2015-03-16T23:00:00Z,40.0,167.95587340281241,452.3733067927176,98.26683195925007,40.090215011242755,11.715506071801386,59.487442612931176,11.070393801044986,5.689547026363712,0.0,0.0,0.0,0.0,0.0,model2,4.0,False,1773.0
591,2015-03-17T02:00:00Z,40.0,169.24044844688672,448.5549220816623,97.43485798349552,39.62809263888179,11.341395377896704,56.94843532999207,10.342298162926797,5.119860164096738,0.0,0.0,0.0,0.0,0.0,model2,4.0,False,1776.0
592,2015-03-17T05:00:00Z,40.0,170.07371548943738,445.47579108036416,96.80298210456694,40.10302080918277,13.03814335160436,54.07836653705586,10.298955365278305,5.007647476657128,0.0,0.0,0.0,0.0,0.0,model2,4.0,False,1779.0
593,2015-03-17T08:00:00Z,40.0,168.10216906250028,442.2137314262204,97.85792947108608,40.243589311767494,13.156774051230883,56.188951353062066,10.385850486722724,4.8470703358049985,0.0,0.0,0.0,0.0,0.0,model2,4.0,False,1782.0
594,2015-03-17T11:00:00Z,40.0,168.16805300036825,451.64981151308814,97.83544949328623,40.02527869407577,13.406909662447305,57.06612820601615,10.469407739317873,4.949436607556684,0.0,0.0,0.0,0.0,0.0,model2,4.0,False,1785.0
595,2015-03-17T14:00:00Z,40.0,167.20990128068013,450.10408931732314,98.78717310905716,39.679381903049936,15.498934400437133,55.65818613973854,10.468356159257018,4.852594006017202,0.0,0.0,0.0,0.0,0.0,model2,4.0,False,1788.0
596,2015-03-17T17:00:00Z,40.0,165.21186801869342,446.0224674037449,97.06801122461452,39.74595022719122,17.01282913290579,52.976266391599594,10.02528833627893,5.148843046894187,0.0,0.0,0.0,0.0,0.0,model2,4.0,False,1791.0
597,2015-03-17T20:00:00Z,40.0,164.03316544272715,456.2958624336484,98.61475943603556,39.59843846519241,17.037837802928046,40.959686831777844,10.685428036969007,4.341634705783823,0.0,0.0,0.0,0.0,0.0,model2,4.0,False,1794.0
598,2015-03-17T23:00:00Z,40.0,165.50179452911576,456.83390403266526,98.30467648315066,39.24382058412432,18.358798138850208,38.42329077736978,10.577286164257213,4.227152796690308,0.0,0.0,0.0,0.0,0.0,model2,4.0,False,1797.0
599,2015-03-18T02:00:00Z,40.0,164.84281288288142,463.40484561167824,97.987126726174,38.52336660292967,19.587350421909466,43.91228908560289,10.621162743284188,4.5122449509613025,0.0,0.0,0.0,0.0,0.0,model2,4.0,False,1800.0
600,2015-03-18T05:00:00Z,40.0,164.3203708073864,466.0123500863074,98.48957586229945,38.233339673513214,19.217977751236308,42.30565332032407,10.718051707477349,4.9297238392956135,0.0,0.0,0.0,0.0,0.0,model2,4.0,False,1803.0
601,2015-03-18T08:00:00Z,40.0,164.9122762453056,471.39183994976923,99.06926016065808,38.03691107135768,19.014074143030808,49.19932946147482,11.331774701709321,5.5851193476936905,0.0,0.0,0.0,0.0,0.0,model2,4.0,False,1806.0
602,2015-03-18T11:00:00Z,40.0,165.07650888119372,467.6201621023234,99.04789039126648,38.48826731548724,18.89307383502664,45.51286666473673,11.02855678441082,5.8093850318078175,0.0,0.0,0.0,0.0,0.0,model2,4.0,False,1809.0
603,2015-03-18T14:00:00Z,40.0,170.15715191529662,468.4927206582048,99.88598034950718,39.09675285144547,19.7156384668772,46.4132907067457,10.9989140048663,5.96483268506026,0.0,0.0,0.0,0.0,0.0,model2,4.0,False,1812.0
604,2015-03-18T17:00:00Z,40.0,173.40279211456547,465.22544921539406,101.61604823362896,39.05657056457618,17.534139420707973,47.446711939133614,9.113020409544335,5.7620838227877975,0.0,0.0,0.0,0.0,0.0,model2,4.0,False,1815.0
605,2015-03-18T20:00:00Z,40.0,174.1496324569051,468.21786045825036,101.22322864391548,39.44520245367188,17.123085945674838,48.83923294555593,8.237070255601495,6.005656677098439,0.0,0.0,0.0,0.0,0.0,model2,4.0,False,1818.0
606,2015-03-18T23:00:00Z,40.0,171.87205031162915,474.005011012652,100.78653301099173,40.43115987827176,16.75342736983113,48.34950192933914,8.54675407021038,5.812814326536945,0.0,0.0,0.0,0.0,0.0,model2,4.0,False,1821.0
607,2015-03-19T02:00:00Z,40.0,173.6004863551347,470.25191142905607,101.95208479631495,40.81837919470343,15.102724431769149,45.29409589094486,8.338136824622817,5.3841964461718,0.0,0.0,0.0,0.0,0.0,model2,4.0,False,1824.0
608,2015-03-19T05:00:00Z,40.0,175.12589120765176,468.9662642378434,102.66151088753435,41.39890776102282,13.651666881386971,44.403344537231035,8.713551393374187,4.743978898283731,0.0,0.0,0.0,0.0,0.0,model2,4.0,False,1827.0
609,2015-03-19T08:00:00Z,40.0,176.61509378802208,469.56060380495865,101.51920761157513,40.72707756114067,14.088868789712008,30.14275534196408,8.601788723090424,4.404951238920011,0.0,0.0,0.0,0.0,0.0,model2,4.0,False,1830.0
610,2015-03-19T11:00:00Z,40.0,175.19844768530223,468.9118145405553,102.30423876995614,40.83957059428303,13.478101946844506,33.24838934977984,8.612736766752631,4.308179935824942,0.0,0.0,0.0,0.0,0.0,model2,4.0,False,1833.0
611,2015-03-19T14:00:00Z,40.0,173.0249516099091,469.3741763462734,100.52120431351938,39.929309672428644,12.520581111049626,32.92565404461265,8.854073827908945,4.514508801197044,0.0,0.0,0.0,0.0,0.0,model2,4.0,False,1836.0
612,2015-03-19T17:00:00Z,40.0,170.72879799312133,468.04108690428217,99.27950070158829,39.39347940046432,12.784993474097938,34.621581917537576,8.853277530115111,4.783183682395356,0.0,0.0,0.0,0.0,0.0,model2,4.0,False,1839.0
613,2015-03-19T20:00:00Z,40.0,171.30494612186718,455.53562215869187,100.26768819776304,39.06755683115619,12.689167488863307,42.78365010391396,8.623115096982263,4.432842185407512,0.0,0.0,0.0,0.0,0.0,model2,4.0,False,1842.0
614,2015-03-19T23:00:00Z,40.0,171.5835265617071,446.93545209602036,100.13274014617016,39.006397448103954,12.717554834302776,41.86770195061681,8.340961280978632,5.003915838644319,0.0,0.0,0.0,0.0,0.0,model2,4.0,False,1845.0
615,2015-03-20T02:00:00Z,40.0,169.3036051864932,445.48555252724816,99.3436798156649,38.41640857705978,12.876955963394373,41.4219269894136,8.207241831853418,5.526857426515416,0.0,0.0,0.0,0.0,0.0,model2,4.0,False,1848.0
616,2015-03-20T05:00:00Z,40.0,169.47777694169324,440.69165504664846,96.66033112283769,38.39089080564674,13.325116564579348,43.245073865866736,9.136820404130583,5.437950850799536,0.0,0.0,0.0,0.0,0.0,model2,4.0,False,1851.0
617,2015-03-20T08:00:00Z,40.0,167.94995580254,438.7763771875128,96.92739243638172,39.294111531634606,12.636305245106382,41.10737454770447,9.634676969923275,5.475197802568173,0.0,0.0,0.0,0.0,0.0,model2,4.0,False,1854.0
618,2015-03-20T11:00:00Z,40.0,169.75734204783203,445.6752545520612,96.56113686882124,38.66715220857865,13.221287198011751,49.015308685205405,9.2554726859173,5.8193568813042855,0.0,0.0,0.0,0.0,0.0,model2,4.0,False,1857.0
619,2015-03-20T14:00:00Z,40.0,169.69997305188704,444.0599421843106,96.65693737424832,39.36855952673466,12.493061225100696,47.61309646056152,9.045332787254582,5.8135655019146535,0.0,0.0,0.0,0.0,0.0,model2,4.0,False,1860.0
620,2015-03-20T17:00:00Z,40.0,170.43779284522262,443.5723076607962,96.58529400428532,39.09762163511488,11.798813686569948,49.940887830788824,9.493953086835687,6.152128776491495,0.0,0.0,0.0,0.0,0.0,model2,4.0,False,1863.0
621,2015-03-20T20:00:00Z,40.0,170.16517624421869,446.8453781312954,95.74840186527821,38.81254939949965,12.431593682945405,42.33846478153641,9.524456011866226,6.2356851605838,0.0,0.0,0.0,0.0,0.0,model2,4.0,False,1866.0
622,2015-03-20T23:00:00Z,40.0,170.7737864641734,455.93427944085573,96.8128984907876,38.460912082666155,13.496260462921505,44.39454690850128,10.53792183507249,5.6401510415206495,0.0,0.0,0.0,0.0,0.0,model2,4.0,False,1869.0
623,2015-03-21T02:00:00Z,40.0,172.16602555891913,451.30613795892197,97.84644205834411,39.0218778355004,12.67195884223555,48.36313724477498,10.698088064644953,5.426694232834515,0.0,0.0,0.0,0.0,0.0,model2,4.0,False,1872.0
624,2015-03-21T05:00:00Z,40.0,171.19813312267212,457.3067656417549,100.15357288714596,39.2004842668949,12.653393272873066,48.58597461921972,9.979000183044269,5.7665767639298675,0.0,0.0,0.0,0.0,0.0,model2,4.0,False,1875.0
625,2015-03-21T08:00:00Z,40.0,171.34644358561366,455.8414761903149,99.98439037558164,38.416523312849456,11.605821322173414,49.63689664423225,9.283049633837443,5.395820182076196,0.0,0.0,0.0,0.0,0.0,model2,4.0,False,1878.0
626,2015-03-21T11:00:00Z,40.0,170.3258519660047,445.4409067218512,99.73144761863709,39.11671644251569,11.070387802538917,43.81607278113255,9.090986147734831,4.998082906508861,0.0,0.0,0.0,0.0,0.0,model2,4.0,False,1881.0
627,2015-03-21T14:00:00Z,40.0,168.72507382011312,451.11796406980767,100.2322254298665,39.263234725359695,10.7402116433793,47.55392611928943,9.248461083105283,5.258483111195799,0.0,0.0,0.0,0.0,0.0,model2,4.0,False,1884.0
628,2015-03-21T17:00:00Z,40.0,168.06137773656445,455.04011764122896,99.86774450938265,39.66618149028951,12.348194109591882,45.43261799075459,9.378923490379027,4.810856270869071,0.0,0.0,0.0,0.0,0.0,model2,4.0,False,1887.0
629,2015-03-21T20:00:00Z,40.0,167.86118755164216,456.08523470003416,99.42142603054572,40.299777427904594,11.521337323500696,45.90220335957512,8.837377087706296,4.775712972425676,0.0,0.0,0.0,0.0,0.0,model2,4.0,False,1890.0
630,2015-03-21T23:00:00Z,40.0,168.37097138101558,446.78744583145055,99.42023789772414,39.46078615890095,9.988668045269442,44.60380413860532,8.65415408833267,4.912697889623819,0.0,0.0,0.0,0.0,0.0,model2,4.0,False,1893.0
631,2015-03-22T02:00:00Z,40.0,169.75358516859845,445.3077374077675,98.00698002761406,39.538812219541256,11.253198017192993,40.107227558986295,9.379151104729043,4.566900632490094,0.0,0.0,0.0,0.0,0.0,model2,4.0,False,1896.0
632,2015-03-22T05:00:00Z,40.0,169.58449128464432,438.60676020241743,97.71834110037143,38.96568177512217,12.820630962127964,37.134131345496996,8.342315515643113,4.3008027278246095,0.0,0.0,0.0,0.0,0.0,model2,4.0,False,1899.0
633,2015-03-22T08:00:00Z,40.0,168.76973325814743,439.5276747016477,98.68607494934088,39.2438506739501,12.855593393617749,47.900901738101844,9.057537523910149,4.483435745240906,0.0,0.0,0.0,0.0,0.0,model2,4.0,False,1902.0
634,2015-03-22T11:00:00Z,40.0,170.3095017370759,444.2323739796345,98.37341791567437,39.3264953281529,14.934905159484206,47.153364143469105,8.942668844093026,4.905836348373984,0.0,0.0,0.0,0.0,0.0,model2,4.0,False,1905.0
635,2015-03-22T14:00:00Z,40.0,170.34312303484253,432.3748345965219,99.54792473815641,38.94872023834859,14.870310511889624,44.72385852053978,9.179245164289656,4.690685768742597,0.0,0.0,0.0,0.0,0.0,model2,4.0,False,1908.0
636,2015-03-22T17:00:00Z,40.0,171.64942871030502,435.2937811358493,99.82658869267377,39.159400983064096,19.037215854372448,44.84443592661648,9.703482847529608,4.4207518243124735,0.0,0.0,0.0,0.0,0.0,model2,4.0,False,1911.0
637,2015-03-22T20:00:00Z,40.0,173.02143981133602,438.512872303304,101.52083513355913,38.5731753904159,19.55318486132824,46.9908113801084,10.471533290658758,4.374734979544405,0.0,0.0,0.0,0.0,0.0,model2,4.0,False,1914.0
638,2015-03-22T23:00:00Z,40.0,172.9165817888403,439.39326935927147,101.47183833560702,39.1761908181538,22.546759213797607,49.75802324866,10.39666698020983,3.9790177184774502,0.0,0.0,0.0,0.0,0.0,model2,4.0,False,1917.0
639,2015-03-23T02:00:00Z,40.0,171.6702271088827,445.00163127687637,102.02660458909365,39.55591338551896,22.45411047872426,50.667690470155385,9.744386808089294,4.129247625039888,0.0,0.0,0.0,0.0,0.0,model2,4.0,False,1920.0
640,2015-03-23T05:00:00Z,40.0,173.28864564988456,451.6220844177949,102.73876720235228,39.782790754084076,21.917447308138605,49.64331229203472,9.997360860683932,3.939548427901152,0.0,0.0,0.0,0.0,0.0,model2,4.0,False,1923.0
641,2015-03-23T08:00:00Z,40.0,172.6808535261024,451.7535998861335,102.63239981778229,39.58978096347939,22.54783674995107,44.823168441200636,9.829955130508091,4.1436389408379135,0.0,0.0,0.0,0.0,0.0,model2,4.0,False,1926.0
642,2015-03-23T11:00:00Z,40.0,168.930784020833,450.2226524743679,102.51946081955192,39.36281297299216,22.50229654915425,45.3373711540281,10.000930106722956,3.7770118562121033,0.0,0.0,0.0,0.0,0.0,model2,4.0,False,1929.0
643,2015-03-23T14:00:00Z,40.0,170.36644443555915,460.2912910289305,100.37344185222393,40.371757313977426,22.696090419298223,42.75053426745238,10.435804164973906,4.839005413667189,0.0,0.0,0.0,0.0,0.0,model2,4.0,False,1932.0
644,2015-03-23T17:00:00Z,40.0,169.0145248722263,454.5522218147168,101.60147475058443,40.28899667943946,18.933063541695613,44.92858295037977,9.085706850271345,5.411196624825474,0.0,0.0,0.0,0.0,0.0,model2,4.0,False,1935.0
645,2015-03-23T20:00:00Z,40.0,168.2998259346329,450.7012782746385,100.32358128844109,40.83952777376658,19.577522344273863,44.14303406630511,10.929576656524933,5.246546457001834,0.0,0.0,0.0,0.0,0.0,model2,4.0,False,1938.0
646,2015-03-23T23:00:00Z,40.0,167.30486972943658,456.3860606446463,99.37633341209572,40.86826252504913,15.960882502952387,47.38088375944898,10.559113922801584,5.30409811311208,0.0,0.0,0.0,0.0,0.0,model2,4.0,False,1941.0
647,2015-03-24T02:00:00Z,40.0,169.3490921858633,453.47073842816667,99.02628602797392,41.06755622409463,17.234279185178554,46.87287822869782,10.33930093872758,5.284766211115249,0.0,0.0,0.0,0.0,0.0,model2,4.0,False,1944.0
648,2015-03-24T05:00:00Z,40.0,167.4202636260976,449.3748463334666,97.74650150287658,40.571715400972906,15.886125817459975,48.75207450695451,10.107101412356226,5.4190328763582185,0.0,0.0,0.0,0.0,0.0,model2,4.0,False,1947.0
649,2015-03-24T08:00:00Z,40.0,170.04957311826598,444.4247501178598,97.18874947998158,40.73159123448375,15.774740983220005,46.6486497903083,10.038874759121917,5.084563818699631,0.0,0.0,0.0,0.0,0.0,model2,4.0,False,1950.0
650,2015-03-24T11:00:00Z,40.0,171.8799809249765,447.9644899519709,97.17036659462124,40.715054429185905,14.373067314979687,47.534884568436134,10.268869823919882,4.972462081041302,0.0,0.0,0.0,0.0,0.0,model2,4.0,False,1953.0
651,2015-03-24T14:00:00Z,40.0,171.39809550481618,437.39336221812135,98.4903894555412,39.865707116293976,15.947291748388855,48.864048477687334,10.482251688196088,3.9751257279316627,0.0,0.0,0.0,0.0,0.0,model2,4.0,False,1956.0
652,2015-03-24T17:00:00Z,40.0,172.07872053964454,437.72917099329317,98.28508303743135,40.18237513256258,15.3951944734969,56.98917630555767,10.58859770767184,3.0523525189283287,0.0,0.0,0.0,0.0,0.0,model2,4.0,False,1959.0
653,2015-03-24T20:00:00Z,40.0,172.42275845115554,437.9498729550076,100.29733708057994,39.78231139033095,13.653584447574847,56.376315792287734,9.150823671993097,3.265024410003786,0.0,0.0,0.0,0.0,0.0,model2,4.0,False,1962.0
654,2015-03-24T23:00:00Z,40.0,171.16124048690713,429.81625823455363,99.80008471972151,39.8808694883693,15.677476127401967,51.688543223191346,9.44262602878156,3.548261572737109,0.0,0.0,0.0,0.0,0.0,model2,4.0,False,1965.0
655,2015-03-25T02:00:00Z,40.0,169.8546780039789,429.1427029467605,99.0480657868696,39.61844428976206,14.628714611597307,52.7377975878477,10.4654203795391,4.120144149563084,0.0,0.0,0.0,0.0,0.0,model2,4.0,False,1968.0
656,2015-03-25T05:00:00Z,40.0,170.12623417333984,437.37322899844855,99.30848885265856,40.52443733914165,15.865614137750606,56.70401915297668,10.553861614982788,4.39735755545529,0.0,0.0,0.0,0.0,0.0,model2,4.0,False,1971.0
657,2015-03-25T08:00:00Z,40.0,166.78235859616595,439.27375467097926,98.84992850505398,41.033364137321655,16.069812088715068,55.625599190740786,10.268119362204294,4.546707942133612,0.0,0.0,0.0,0.0,0.0,model2,4.0,False,1974.0
658,2015-03-25T11:00:00Z,40.0,168.60384284779812,434.2671686264852,99.84524559819485,40.86190885442389,16.499550853050266,57.60525387227544,10.719668997647616,5.258517584303432,0.0,0.0,0.0,0.0,0.0,model2,4.0,False,1977.0
659,2015-03-25T14:00:00Z,40.0,166.91065950969644,442.5701312069146,99.33806572224842,40.47661333324192,15.60263830438624,56.34463307048186,11.411063343464114,5.260666403762522,0.0,0.0,0.0,0.0,0.0,model2,4.0,False,1980.0
660,2015-03-25T17:00:00Z,40.0,167.57494348016553,447.024033652462,98.08528980658957,41.23471231468292,16.515387100232815,50.695592747013556,11.505666590870767,5.585541568612361,0.0,0.0,0.0,0.0,0.0,model2,4.0,False,1983.0
661,2015-03-25T20:00:00Z,40.0,166.20948578824854,446.5245069822696,95.60464989032906,42.33010043363375,16.330451014604265,50.67022212357582,9.906840836002033,5.954839115208053,0.0,0.0,0.0,0.0,0.0,model2,4.0,False,1986.0
662,2015-03-25T23:00:00Z,40.0,168.584873869024,453.616199437383,95.57437460998592,43.484296872427905,14.90782579345866,45.48659909848839,9.789341821571153,6.055190283163795,0.0,0.0,0.0,0.0,0.0,model2,4.0,False,1989.0
663,2015-03-26T02:00:00Z,40.0,166.2443548000109,450.2876371384204,96.78748392509821,45.281959737216646,14.472573418083432,47.90612190962904,9.59917967319937,6.502311269168287,0.0,0.0,0.0,0.0,0.0,model2,4.0,False,1992.0
664,2015-03-26T05:00:00Z,40.0,167.03407610023737,445.9560728351506,97.00597923724949,46.377721745908744,13.420432231966545,45.8090742279758,9.439295373049216,6.98555248386392,0.0,0.0,0.0,0.0,0.0,model2,4.0,False,1995.0
665,2015-03-26T08:00:00Z,40.0,167.59280340279292,445.3087458238875,97.8120044646325,46.95899475473714,13.67268887803392,46.140595788487204,9.808550298538355,7.010109163496457,0.0,0.0,0.0,0.0,0.0,model2,4.0,False,1998.0
666,2015-03-26T11:00:00Z,40.0,165.45185626342467,451.345494425484,96.90992527393152,48.36204566865498,16.216148739220852,43.84447551030152,8.592402952611309,6.340800617979904,0.0,0.0,0.0,0.0,0.0,model2,4.0,False,2001.0
667,2015-03-26T14:00:00Z,40.0,168.7290376973864,449.8623938222329,98.99370866021485,50.37907129853974,16.034407963807848,42.0794710928331,9.064525107706633,5.25811972211124,0.0,0.0,0.0,0.0,0.0,model2,4.0,False,2004.0
668,2015-03-26T17:00:00Z,40.0,168.24968499504237,451.2300851557875,99.39632056539676,51.097908969244564,15.342418358653033,38.816800723904564,9.163104853405397,5.221607001454312,0.0,0.0,0.0,0.0,0.0,model2,4.0,False,2007.0
669,2015-03-26T20:00:00Z,40.0,168.01921298952618,457.2756643177489,100.36125275561741,51.44774635077025,15.383501411493453,39.89697369385758,9.49477975539077,4.8057223417871775,0.0,0.0,0.0,0.0,0.0,model2,4.0,False,2010.0
670,2015-03-26T23:00:00Z,40.0,167.07221193786575,462.4398135819757,100.64516235079122,51.18335612696371,16.808723361593316,47.70208737669925,9.845604959660825,4.974170902639441,0.0,0.0,0.0,0.0,0.0,model2,4.0,False,2013.0
671,2015-03-27T02:00:00Z,40.0,168.52889834566676,468.94801687085146,101.53138240665196,50.32072023795078,17.66887046367154,42.02174556979758,9.337798282765807,5.10522691314611,0.0,0.0,0.0,0.0,0.0,model2,4.0,False,2016.0
672,2015-03-27T05:00:00Z,40.0,167.28754689131858,465.02034059217596,100.93473139151727,49.79774122193471,17.432565485953507,43.05819490984207,9.659397227469425,5.203197963837969,0.0,0.0,0.0,0.0,0.0,model2,4.0,False,2019.0
673,2015-03-27T08:00:00Z,40.0,168.3411537770983,474.4789730916874,99.77259383521931,49.78068014322579,16.537502761353068,40.329269148948505,9.60227761596328,5.028188420993005,0.0,0.0,0.0,0.0,0.0,model2,4.0,False,2022.0
674,2015-03-27T11:00:00Z,40.0,169.16621698560678,466.3742236830294,100.39445011555254,49.930166548149174,13.19119612784126,48.113628262613744,9.370062998660934,5.259687787921342,0.0,0.0,0.0,0.0,0.0,model2,4.0,False,2025.0
675,2015-03-27T14:00:00Z,40.0,167.2411492164154,468.60027987890084,98.7859949687392,49.300692841479034,12.316370352455392,50.36230273701286,8.160142637373843,4.746217728147352,0.0,0.0,0.0,0.0,0.0,model2,4.0,False,2028.0
676,2015-03-27T17:00:00Z,40.0,168.67392295621875,465.65050978720046,98.73040835675111,48.418153412610465,13.215421514460028,52.291362726348325,7.815696329713186,5.666265113933622,0.0,0.0,0.0,0.0,0.0,model2,4.0,False,2031.0
677,2015-03-27T20:00:00Z,40.0,171.323431033474,471.659332878031,97.44413613644392,47.001647918495046,14.281945494786875,56.90281175988015,8.738950076742219,6.368263502225117,0.0,0.0,0.0,0.0,0.0,model2,4.0,False,2034.0
678,2015-03-27T23:00:00Z,40.0,170.09376170808363,466.5721797171845,97.76062114860471,45.88535436602191,14.22797390314316,57.00200550317263,8.841548058371904,7.306408206640887,0.0,0.0,0.0,0.0,0.0,model2,4.0,False,2037.0
679,2015-03-28T02:00:00Z,40.0,170.43892923117153,468.2606288661712,97.90039085619793,45.57421958384045,15.202508526053865,58.11894691438704,9.692838517229708,7.110392757421208,0.0,0.0,0.0,0.0,0.0,model2,4.0,False,2040.0
680,2015-03-28T05:00:00Z,40.0,170.4358765199686,472.67324384410455,98.31973955150265,44.238201285211964,15.17651440052926,57.285620991368646,9.489785234178662,7.388707595321171,0.0,0.0,0.0,0.0,0.0,model2,4.0,False,2043.0
681,2015-03-28T08:00:00Z,40.0,171.49180767587367,462.9510204776993,98.02572749319631,42.44687346207283,16.599435497486905,61.30220381336448,9.610290389729537,8.183310755244538,0.0,0.0,0.0,0.0,0.0,model2,4.0,False,2046.0
682,2015-03-28T11:00:00Z,40.0,170.49146059788146,466.19024350630514,98.2648585503294,40.61451763081266,17.185118628039753,57.08000910554753,10.227380498460914,6.882163964368839,0.0,0.0,0.0,0.0,0.0,model2,4.0,False,2049.0
683,2015-03-28T14:00:00Z,40.0,170.1230739463921,461.5103347541002,98.15862554129214,39.73392172280963,17.250477686726438,55.05163019715921,10.148312308982328,6.2505487534980775,0.0,0.0,0.0,0.0,0.0,model2,4.0,False,2052.0
684,2015-03-28T17:00:00Z,40.0,168.29886728289947,460.4181359728813,98.12489500199659,39.837011525148725,16.338526664793417,53.37098583955034,10.201519866863476,5.492583559490608,0.0,0.0,0.0,0.0,0.0,model2,4.0,False,2055.0
685,2015-03-28T20:00:00Z,40.0,165.06660219919482,456.8118470944012,98.47401841926118,39.73261515593319,16.469341082446288,49.11949293963632,9.064618971054424,5.6229267351378605,0.0,0.0,0.0,0.0,0.0,model2,4.0,False,2058.0
686,2015-03-28T23:00:00Z,40.0,165.45164469370437,459.9507666608015,97.9762790579118,40.376618175740035,15.498773581347278,44.62376516671125,9.138433552517336,5.4228623621030545,0.0,0.0,0.0,0.0,0.0,model2,4.0,False,2061.0
687,2015-03-29T02:00:00Z,40.0,164.8842888322992,458.94422309506064,98.2176603995922,39.979884166739076,12.839865731185315,43.35360149522151,8.841899086159255,5.243386423951777,0.0,0.0,0.0,0.0,0.0,model2,4.0,False,2064.0
688,2015-03-29T05:00:00Z,40.0,166.41393031917832,455.4530234845479,97.87553833884803,39.885720120805715,14.5812873714116,43.691275919536274,8.63756746176332,6.113034789821497,0.0,0.0,0.0,0.0,0.0,model2,4.0,False,2067.0
689,2015-03-29T08:00:00Z,40.0,165.31715305607176,456.43342433629334,99.84182612745913,40.133264939090964,13.513173676846867,40.01539489441385,9.161483502991656,5.566250866657842,0.0,0.0,0.0,0.0,0.0,model2,4.0,False,2070.0
690,2015-03-29T11:00:00Z,40.0,167.27419434480828,460.3492795454988,100.12063521498129,40.43273448356477,13.655281182196909,38.8230798829276,8.825964878839736,5.467351265266934,0.0,0.0,0.0,0.0,0.0,model2,4.0,False,2073.0
691,2015-03-29T14:00:00Z,40.0,169.18709859328987,461.9375853773912,99.28611839988709,40.33676670899981,14.798248210867454,40.728976649311434,9.148523481349896,5.3555918331637535,0.0,0.0,0.0,0.0,0.0,model2,4.0,False,2076.0
692,2015-03-29T17:00:00Z,40.0,168.152568827433,464.20130331131065,99.12765735816595,39.69549741106293,15.390586743994705,44.67938153902856,9.564060166576287,5.274660283717675,0.0,0.0,0.0,0.0,0.0,model2,4.0,False,2079.0
693,2015-03-29T20:00:00Z,40.0,170.72834276597422,449.128673872314,98.3754563969004,39.928019739633605,15.07602520607746,48.84307017129275,10.454377680060988,5.515368876999818,0.0,0.0,0.0,0.0,0.0,model2,4.0,False,2082.0
694,2015-03-29T23:00:00Z,40.0,171.93390044422335,440.4879829785703,99.74085744518277,38.97175373188525,14.781874679509526,49.87702736501673,10.434761667145647,6.179192272437161,0.0,0.0,0.0,0.0,0.0,model2,4.0,False,2085.0
695,2015-03-30T02:00:00Z,40.0,173.93755694605483,428.6058538526563,97.28934968322085,38.20749433414181,15.396969363399046,56.212976851822575,10.761126062258857,6.007584518603482,0.0,0.0,0.0,0.0,0.0,model2,4.0,False,2088.0
696,2015-03-30T05:00:00Z,40.0,171.68211938281885,421.188553191049,95.80292766560648,38.70276908136819,15.51267590645668,57.49986643119325,12.471594095487662,5.13902234578187,0.0,0.0,0.0,0.0,0.0,model2,4.0,False,2091.0
697,2015-03-30T08:00:00Z,40.0,171.00789089861246,414.89047598121834,94.17164379358412,39.679057406607505,16.083230944505857,58.99769716890088,13.11203852970133,5.4625556246955895,0.0,0.0,0.0,0.0,0.0,model2,4.0,False,2094.0
698,2015-03-30T11:00:00Z,40.0,170.1123091344032,403.22388828638634,92.79902135557957,39.37757530654493,16.372848363825018,52.648287021505844,13.257216470489116,5.7473100922596245,0.0,0.0,0.0,0.0,0.0,model2,4.0,False,2097.0
699,2015-03-30T14:00:00Z,40.0,168.31929107956012,395.03699032470917,93.01646122686864,38.57478942701208,15.266621344608351,51.720648217861786,13.207290365977585,6.001407215664741,0.0,0.0,0.0,0.0,0.0,model2,4.0,False,2100.0
700,2015-03-30T17:00:00Z,40.0,171.90587536057797,377.40683677069575,90.82288577850781,38.59486969538722,16.756607969777573,47.319210115050794,13.968286408362482,5.723935363034737,0.0,0.0,0.0,0.0,0.0,model2,4.0,False,2103.0
701,2015-03-30T20:00:00Z,40.0,171.41228348342284,377.9244047911821,92.18647349617092,38.345360517509505,15.6526737610594,53.14797045078005,14.544011445780173,5.63491293374608,0.0,0.0,0.0,0.0,0.0,model2,4.0,False,2106.0
702,2015-03-30T23:00:00Z,40.0,170.6474209075574,376.90537938753573,91.30199248007706,38.46998484925534,16.662420168899107,54.46129427681196,13.799405953719795,4.863148137431003,0.0,0.0,0.0,0.0,0.0,model2,4.0,False,2109.0
703,2015-03-31T02:00:00Z,40.0,168.82565195606009,378.09988604078836,92.04185806294396,39.21645464330581,16.372206962708844,53.483409109120906,13.852642242620838,5.09931998650761,0.0,0.0,0.0,0.0,0.0,model2,4.0,False,2112.0
704,2015-03-31T05:00:00Z,40.0,169.8896531044479,376.3490276002112,94.07271824198016,39.402507657094006,16.01604490754126,52.74409324288126,13.546720969561848,5.1893269151969665,0.0,0.0,0.0,0.0,0.0,model2,4.0,False,2115.0
705,2015-03-31T08:00:00Z,40.0,171.9854333658007,380.4344198402728,94.3050588896881,38.84752080684019,15.138062526232275,55.99782433038369,12.795119599457731,5.129436887132981,0.0,0.0,0.0,0.0,0.0,model2,4.0,False,2118.0
706,2015-03-31T11:00:00Z,40.0,171.79795398198198,378.9948945279416,96.13449980665108,39.149577800200895,15.158037524583385,56.504460163635045,12.66095244303062,4.9505495966034525,0.0,0.0,0.0,0.0,0.0,model2,4.0,False,2121.0
707,2015-03-31T14:00:00Z,40.0,172.18424118179325,382.5570210829402,96.42843713662107,40.078898780630226,17.352033411742898,55.21275517902748,12.91903019739239,4.846011141083299,0.0,0.0,0.0,0.0,0.0,model2,4.0,False,2124.0
708,2015-03-31T17:00:00Z,40.0,169.79408169183253,386.7129478376135,100.34804701683271,40.13940546529577,15.602675491764774,52.677629253990574,10.692807087937156,4.791659304945545,0.0,0.0,0.0,0.0,0.0,model2,4.0,False,2127.0
709,2015-03-31T20:00:00Z,40.0,168.8629275060481,396.5832843122108,99.8624521131135,40.64149410476357,16.28497051179517,54.57225215359197,10.771529551632364,4.412376037574808,0.0,0.0,0.0,0.0,0.0,model2,4.0,False,2130.0
710,2015-03-31T23:00:00Z,40.0,170.02481188854946,405.7531832549458,100.57515813694413,40.53681128011214,15.206950794428293,57.86649955296175,12.04169145118901,5.607738356880392,0.0,0.0,0.0,0.0,0.0,model2,4.0,False,2133.0
711,2015-04-01T02:00:00Z,40.0,170.96482450044178,408.76403728767764,100.34387706067184,40.415801048008646,15.900565234920215,59.64508450561418,11.568925097115006,5.793163523033763,0.0,0.0,0.0,0.0,0.0,model2,4.0,False,2136.0
712,2015-04-01T05:00:00Z,40.0,172.05851776926158,415.8820936395894,102.16352778109655,39.452807857321616,15.929612845148073,63.019133550869064,12.037583477051294,5.945761271145033,0.0,0.0,0.0,0.0,0.0,model2,4.0,False,2139.0
713,2015-04-01T08:00:00Z,40.0,171.49005798368978,415.7127196248447,101.67900808791036,39.49375761088838,15.269960998667312,64.05706072635054,11.809144189434607,5.805510347371483,0.0,0.0,0.0,0.0,0.0,model2,4.0,False,2142.0
714,2015-04-01T11:00:00Z,40.0,172.8928340098051,423.53435611975374,100.53671251401329,39.09740337824388,14.961003287421086,62.23656105316732,11.61880113162504,5.813468003972215,0.0,0.0,0.0,0.0,0.0,model2,4.0,False,2145.0
715,2015-04-01T14:00:00Z,40.0,172.135090319819,420.10606872963035,101.76325614784984,38.97742759460906,12.861885359418896,63.39583979871625,11.497923131765196,5.59831638614765,0.0,0.0,0.0,0.0,0.0,model2,4.0,False,2148.0
716,2015-04-01T17:00:00Z,40.0,172.09571330513145,430.5601541178077,101.77332563312729,39.00144025598814,12.465465194084887,55.95270870295649,11.546649110444848,5.818643877157854,0.0,0.0,0.0,0.0,0.0,model2,4.0,False,2151.0
717,2015-04-01T20:00:00Z,40.0,170.24343669254472,423.03296708591125,102.59815381793993,38.74411392636289,14.063272227927127,56.87134115609775,10.330669506038053,5.678642646341434,0.0,0.0,0.0,0.0,0.0,model2,4.0,False,2154.0
718,2015-04-01T23:00:00Z,40.0,168.50879964200738,418.1417235520582,102.07263301181177,39.563205283520716,15.577926063211924,54.86922065239511,9.183430168933898,5.058036841120258,0.0,0.0,0.0,0.0,0.0,model2,4.0,False,2157.0
719,2015-04-02T02:00:00Z,40.0,168.48091164584957,420.8571376768172,102.86861301459335,39.80150132673013,14.763608065169333,48.8666584815355,8.744427164487716,4.768312488161729,0.0,0.0,0.0,0.0,0.0,model2,4.0,False,2160.0
720,2015-04-02T05:00:00Z,40.0,166.26504364649324,424.0636624331269,100.17210752527723,40.629016546502974,14.817909986707216,42.2343849140757,9.06599818190302,4.16099972655859,0.0,0.0,0.0,0.0,0.0,model2,4.0,False,2163.0
721,2015-04-02T08:00:00Z,40.0,168.93873689823081,422.1730341299263,100.59251986404394,40.952583223842026,20.238105821839248,38.39370516415481,8.578369276785716,3.8739783136512576,0.0,0.0,0.0,0.0,0.0,model2,4.0,False,2166.0
722,2015-04-02T11:00:00Z,40.0,171.3958992847734,428.0344992907504,99.8112398030682,41.048900155830985,22.636842227612306,46.12322411450178,9.167731365646576,4.363986612679988,0.0,0.0,0.0,0.0,0.0,model2,4.0,False,2169.0
723,2015-04-02T14:00:00Z,40.0,177.0495855025033,438.8789880158177,99.9502575687926,41.43566055111003,25.496165810909552,45.0250014218275,9.482775301779435,4.740286566028205,0.0,0.0,0.0,0.0,0.0,model2,4.0,False,2172.0
724,2015-04-02T17:00:00Z,40.0,180.4806116801157,441.49763864522055,99.88701350918043,42.26000796132485,25.686283238058948,50.08457695226566,9.77112465251184,5.232141278458737,0.0,0.0,0.0,0.0,0.0,model2,4.0,False,2175.0
725,2015-04-02T20:00:00Z,40.0,183.49661277485413,444.3319641742508,99.42542691201893,41.900971763870345,22.59414446017785,45.35015358720321,11.190385997119675,6.020959665187992,0.0,0.0,0.0,0.0,0.0,model2,4.0,False,2178.0
726,2015-04-02T23:00:00Z,40.0,186.11410970681263,442.77422082255936,98.53706199319963,41.25568019699939,20.17103926595855,47.86807178755666,11.112533586370294,5.781650936635251,0.0,0.0,0.0,0.0,0.0,model2,4.0,False,2181.0
727,2015-04-03T02:00:00Z,40.0,188.9365675928005,446.2251786588657,97.50693583316664,40.582762530947406,22.050043225364004,55.665906346976826,11.213359949394915,6.24369850977139,0.0,0.0,0.0,0.0,0.0,model2,4.0,False,2184.0
728,2015-04-03T05:00:00Z,40.0,192.76857833689462,451.95497665116113,99.07638275644815,40.299362510960435,19.117092626708832,60.52742768751035,10.363102135684306,6.2544030634411385,0.0,0.0,0.0,0.0,0.0,model2,4.0,False,2187.0
729,2015-04-03T08:00:00Z,40.0,192.8072801566146,462.56368212637256,99.16210890241518,39.810709241037436,17.249833927910938,55.96433965788962,10.370552444045977,6.5061753186747024,1.0,0.0,0.0,0.0,0.0,model2,4.0,True,2190.0
730,2015-04-03T11:00:00Z,40.0,191.47692887649842,457.0718434175667,100.3300827484597,39.688120391815936,17.15732914193125,54.95889233567119,9.949938450009967,6.336986970465497,1.0,0.0,0.0,0.0,0.0,model2,4.0,True,2193.0
731,2015-04-03T14:00:00Z,40.0,188.92532163087708,452.1491780515802,98.46546913866808,39.14656657022481,15.700893376758525,56.78826608460866,9.461729303827816,6.530489056335349,1.0,0.0,0.0,0.0,0.0,model2,4.0,True,2196.0
732,2015-04-03T17:00:00Z,40.0,186.34354749292095,450.6601481621994,98.48562838255907,38.11489785840767,16.354002341311396,57.076284049835614,9.376141819583756,5.775117888318382,1.0,0.0,0.0,0.0,0.0,model2,4.0,True,2199.0
733,2015-04-03T20:00:00Z,40.0,189.9577122562449,453.862432958337,100.46575812841884,38.33179676596026,17.497765755570704,58.712751234859425,9.167681765837745,5.4063733083314816,1.0,0.0,0.0,0.0,0.0,model2,4.0,True,2202.0
734,2015-04-03T23:00:00Z,40.0,191.31395209708,456.6949604497409,101.83529728921414,38.850246112562864,16.448036118162825,54.25902359235518,9.46326789148508,5.671322843312719,1.0,0.0,0.0,0.0,0.0,model2,4.0,True,2205.0
735,2015-04-04T02:00:00Z,40.0,192.0079163901904,463.7680293722609,102.54296608593515,39.031431087804926,16.4575489534822,50.676315688862154,10.63182278037929,5.794123067355285,1.0,0.0,0.0,0.0,0.0,model2,4.0,True,2208.0
736,2015-04-04T05:00:00Z,40.0,189.75363563255885,455.0969380318029,102.29610272426466,38.9803210985515,17.12595622387876,50.56962623709368,10.405559133530087,6.060801131501548,1.0,0.0,0.0,0.0,0.0,model2,4.0,True,2211.0
737,2015-04-04T08:00:00Z,40.0,189.05339837783112,456.0162989100354,101.53550150846638,38.82417240631626,16.507139546486194,50.814052717839076,10.739394085066321,5.804193863826402,0.0,0.0,0.0,0.0,0.0,model2,4.0,False,2214.0
738,2015-04-04T11:00:00Z,40.0,186.54153169981828,456.4806446356037,101.30646824315909,39.39423740494645,18.16708847815491,53.175318531818256,11.137214738048682,5.585022242811196,0.0,0.0,0.0,0.0,0.0,model2,4.0,False,2217.0
739,2015-04-04T14:00:00Z,40.0,185.8118976881773,452.0228228749681,102.04188726487276,39.01562717355785,18.728217028319754,55.76621599417136,11.129501767319226,4.937439516604164,0.0,0.0,0.0,0.0,0.0,model2,4.0,False,2220.0
740,2015-04-04T17:00:00Z,40.0,185.45865387971432,449.32816235096647,101.01069697477621,38.89801451390899,19.56189158809116,53.90339411167648,10.719596627558428,4.535938118044916,0.0,0.0,0.0,0.0,0.0,model2,4.0,False,2223.0
741,2015-04-04T20:00:00Z,40.0,180.67874109505797,444.7789154782632,99.71709291917624,39.296146343983374,18.672804983164355,52.022307001710594,10.416970540788848,4.6000638711338295,0.0,0.0,0.0,0.0,0.0,model2,4.0,False,2226.0
742,2015-04-04T23:00:00Z,40.0,179.85950780185996,448.905704283722,99.2674470741918,39.16362991898915,19.100722131745247,54.13552292093596,10.610475223459312,4.3338144258423785,0.0,0.0,0.0,0.0,0.0,model2,4.0,False,2229.0
743,2015-04-05T02:00:00Z,40.0,175.34222412145104,437.726452764461,100.03560790247444,39.60072146963217,14.887320010795925,48.13174604928072,9.560938908395316,4.047706472048303,0.0,0.0,0.0,0.0,0.0,model2,4.0,False,2232.0
744,2015-04-05T05:00:00Z,40.0,173.9470169762265,439.9744273719494,99.56019592031444,39.42825682846884,16.438264194496828,44.600511434085405,10.92020294663227,3.862677492456165,0.0,0.0,0.0,0.0,0.0,model2,4.0,False,2235.0
745,2015-04-05T08:00:00Z,40.0,170.8036759342451,439.7912459096691,100.21973825320929,39.948591862988756,15.361344734355836,45.112393940919894,11.283284324155069,4.0866920079587885,0.0,0.0,0.0,0.0,0.0,model2,4.0,False,2238.0
746,2015-04-05T11:00:00Z,40.0,170.3615094959448,439.29303976853936,99.87515067837164,39.95197315455796,16.569170088902872,40.340058380023926,11.154546338447574,4.408049377369442,0.0,0.0,0.0,0.0,0.0,model2,4.0,False,2241.0
747,2015-04-05T14:00:00Z,40.0,168.78951049527168,448.4245120512469,98.66222601995086,40.702952346551584,15.591106302586589,35.81958446244081,11.366319946302314,4.221943606827884,0.0,0.0,0.0,0.0,0.0,model2,4.0,False,2244.0
748,2015-04-05T17:00:00Z,40.0,168.80194973370516,456.40892942158507,99.22539174620084,40.934757704668655,15.018330026891878,34.138212455155966,11.476295786472411,4.330220025774207,0.0,0.0,0.0,0.0,0.0,model2,4.0,False,2247.0
749,2015-04-05T20:00:00Z,40.0,170.69800979450883,457.21841839712255,98.87385685377359,40.48658241473998,15.201484534377904,38.63230124784032,10.995339370504622,4.968069219521442,0.0,0.0,0.0,0.0,0.0,model2,4.0,False,2250.0
750,2015-04-05T23:00:00Z,40.0,167.58004625466842,451.3108781141994,98.21292665327304,40.397884532345785,14.056068657110606,42.729432613354454,10.012809118143544,5.0820807760034725,0.0,0.0,0.0,0.0,0.0,model2,4.0,False,2253.0
751,2015-04-06T02:00:00Z,40.0,168.70669184747925,459.3481121464006,97.67451219049565,39.75695151106189,14.143728174541454,44.33099698764156,10.175781028972505,4.781587081671929,0.0,0.0,0.0,0.0,0.0,model2,4.0,False,2256.0
752,2015-04-06T05:00:00Z,40.0,167.64281706915918,459.3473024308136,98.20572585714045,40.58561689047082,14.100516858088099,48.33654990030134,9.176492855817498,4.7953150286152235,0.0,0.0,0.0,0.0,0.0,model2,4.0,False,2259.0
753,2015-04-06T08:00:00Z,40.0,169.4476771071285,458.7474604034389,97.40815464536301,40.91208513223622,14.603944971266687,52.11965528028178,8.805872230986498,4.675416551618091,0.0,0.0,0.0,0.0,0.0,model2,4.0,False,2262.0
754,2015-04-06T11:00:00Z,40.0,169.75009630992682,466.69759450806646,97.25721253231629,41.348446445469826,12.644410515993915,55.314048679795114,9.479457465179909,4.5778267469342735,0.0,0.0,0.0,0.0,0.0,model2,4.0,False,2265.0
755,2015-04-06T14:00:00Z,40.0,169.3315672031458,461.42434652589264,98.62215145149456,40.90947204007182,12.275718509121644,58.23783036354996,8.896779921832893,4.605170871918797,0.0,0.0,0.0,0.0,0.0,model2,4.0,False,2268.0
756,2015-04-06T17:00:00Z,40.0,168.57446932385247,452.04727511360346,99.52126082923701,41.05584087596275,12.236124205071654,60.15090480129596,9.743883591575958,4.616723160444335,0.0,0.0,0.0,0.0,0.0,model2,4.0,False,2271.0
757,2015-04-06T20:00:00Z,40.0,168.9242938351169,454.39314345996047,99.32415966980938,41.602070891527035,13.158357658414113,56.45623099521833,9.410475712308301,4.202548139110527,0.0,0.0,0.0,0.0,0.0,model2,4.0,False,2274.0
758,2015-04-06T23:00:00Z,40.0,169.35407489083238,451.4344123901204,99.75441999165665,41.28163451933607,12.981412677655948,53.71131040416872,9.368467753032624,4.402822262363579,0.0,0.0,0.0,0.0,0.0,model2,4.0,False,2277.0
759,2015-04-07T02:00:00Z,40.0,170.31939098295192,451.219179268952,99.90556706575428,41.24453900902295,13.529106670885374,53.52785303332377,8.286088724074306,4.5016645357967615,0.0,0.0,0.0,0.0,0.0,model2,4.0,False,2280.0
760,2015-04-07T05:00:00Z,40.0,171.3110267956248,452.54418716250467,98.92215203672808,40.84612591652847,12.548513734927466,51.47838561430551,8.694774852184588,4.50303691895745,0.0,0.0,0.0,0.0,0.0,model2,4.0,False,2283.0
761,2015-04-07T08:00:00Z,40.0,171.36231561185437,448.2541543880785,100.13598804478474,39.88827843617067,12.197539889772925,47.249866692152004,8.362361794262702,5.0447383147685265,0.0,0.0,0.0,0.0,0.0,model2,4.0,False,2286.0
762,2015-04-07T11:00:00Z,40.0,171.9831893983491,438.83532868302734,99.8161108636088,38.842049207187785,12.839709335617519,43.32689695863493,7.772920699754126,5.080303553938573,0.0,0.0,0.0,0.0,0.0,model2,4.0,False,2289.0
763,2015-04-07T14:00:00Z,40.0,174.77639151860993,442.7660290690278,98.78552686434193,38.973120597675006,13.912492852159096,41.37441525529971,8.122834129740143,5.333997675182972,0.0,0.0,0.0,0.0,0.0,model2,4.0,False,2292.0
764,2015-04-07T17:00:00Z,40.0,173.04922135138932,446.16324163969546,97.20228133901588,37.73894590596272,15.942224718590536,43.24472379852188,6.8957892557278235,5.737162073377851,0.0,0.0,0.0,0.0,0.0,model2,4.0,False,2295.0
765,2015-04-07T20:00:00Z,40.0,172.12060888770856,447.6502883721989,97.47009285654195,37.392140921736996,15.451690021685224,43.18666154017745,6.9781330105945765,5.046033460266554,0.0,0.0,0.0,0.0,0.0,model2,4.0,False,2298.0
766,2015-04-07T23:00:00Z,40.0,174.4509435659782,452.03486105226455,98.35997296132216,37.76739828369174,14.993909961160636,40.83377589969933,7.457216099030965,5.152350066500376,0.0,0.0,0.0,0.0,0.0,model2,4.0,False,2301.0
767,2015-04-08T02:00:00Z,40.0,173.7103782274506,449.56978975863206,99.08049949398894,38.331483692137155,15.548244521507304,37.45910693709403,7.9197313242108,5.259021199964781,0.0,0.0,0.0,0.0,0.0,model2,4.0,False,2304.0
768,2015-04-08T05:00:00Z,40.0,176.1371161545163,449.9089958124975,99.74448999535895,37.58163980655091,14.769628814846635,36.23696296340482,7.255985176233463,5.243907340659479,0.0,0.0,0.0,0.0,0.0,model2,4.0,False,2307.0
769,2015-04-08T08:00:00Z,40.0,173.7828422312379,448.09244657670763,99.01042507061723,38.09711184633576,15.479004037879395,36.362416535544035,7.712820673075311,5.031633845393845,0.0,0.0,0.0,0.0,0.0,model2,4.0,False,2310.0
770,2015-04-08T11:00:00Z,40.0,174.0972242010099,445.6700334476134,101.66539200863123,38.5591548435219,15.085227195308073,34.4016753769964,8.566433838668113,6.062060695923901,0.0,0.0,0.0,0.0,0.0,model2,4.0,False,2313.0
771,2015-04-08T14:00:00Z,40.0,172.29644231246465,449.96779813860167,103.50724341427356,38.17884383963916,14.606059594570565,37.0231063242446,8.40765407175743,6.228879952835916,0.0,0.0,0.0,0.0,0.0,model2,4.0,False,2316.0
772,2015-04-08T17:00:00Z,40.0,173.56082768756355,454.8883184566818,104.07554796412269,39.465113533834185,14.294755615052075,32.60006101618448,9.333394337268276,5.759704937277465,0.0,0.0,0.0,0.0,0.0,model2,4.0,False,2319.0
773,2015-04-08T20:00:00Z,40.0,172.76617315550308,456.6501670866091,105.15337343474266,39.37058634024113,14.688842040398946,36.06950655337332,9.541449991720297,5.816559581572612,0.0,0.0,0.0,0.0,0.0,model2,4.0,False,2322.0
774,2015-04-08T23:00:00Z,40.0,170.61976150832697,455.3068006309621,105.42740331737978,39.605422848049066,14.995951150654127,39.32328045765848,9.531195171884487,5.928191273136719,0.0,0.0,0.0,0.0,0.0,model2,4.0,False,2325.0
775,2015-04-09T02:00:00Z,40.0,167.85948238167592,450.47945452198235,104.2835051421474,39.34744669383489,15.469366813802175,41.793396301339776,9.905909148653999,5.89021090281281,0.0,0.0,0.0,0.0,0.0,model2,4.0,False,2328.0
776,2015-04-09T05:00:00Z,40.0,166.70111385891732,452.2987117877671,102.9720245040555,40.041113674152,15.649703971785707,45.3022703264466,11.182256054580844,5.582088511483718,0.0,0.0,0.0,0.0,0.0,model2,4.0,False,2331.0
777,2015-04-09T08:00:00Z,40.0,166.99733453855075,459.0732623754664,104.57515200892486,40.0329681015701,16.49794595634746,47.28646869789422,11.306503066280213,5.537855742132809,0.0,0.0,0.0,0.0,0.0,model2,4.0,False,2334.0
778,2015-04-09T11:00:00Z,40.0,168.39886708499677,465.84517882538137,102.89010786473752,39.92497819807174,17.375434979393802,44.59153166456715,10.831563248364825,4.38020187525014,0.0,0.0,0.0,0.0,0.0,model2,4.0,False,2337.0
779,2015-04-09T14:00:00Z,40.0,168.61400245279262,463.34413064605485,102.50091172785513,40.713029115174436,19.67718677270115,43.32299906597108,10.986393406708274,3.7851924039011067,0.0,0.0,0.0,0.0,0.0,model2,4.0,False,2340.0
780,2015-04-09T17:00:00Z,40.0,169.2713681394753,459.6253563974381,102.72374588784143,40.822206038433855,18.762886413625434,43.183703185403004,9.841370832797386,4.538308972441994,0.0,0.0,0.0,0.0,0.0,model2,4.0,False,2343.0
781,2015-04-09T20:00:00Z,40.0,168.40625065864316,455.52759434920563,102.555865092835,40.67666012139568,19.093222585700406,42.22863283590196,9.763883238589434,4.507440808973668,0.0,0.0,0.0,1.0,0.0,model2,4.0,False,2346.0
782,2015-04-09T23:00:00Z,40.0,167.95844738494247,454.62151730221353,100.43004531811016,41.12114736053535,19.8007420713053,41.11915925988304,10.924944104688356,4.563005205396533,0.0,0.0,0.0,1.0,0.0,model2,4.0,False,2349.0
783,2015-04-10T02:00:00Z,40.0,168.46906382159216,454.32590391797953,101.0053603129632,42.06223899057467,18.605624422901187,40.22986845332735,11.114441929774614,5.182619544223792,0.0,0.0,0.0,1.0,0.0,model2,4.0,False,2352.0
784,2015-04-10T05:00:00Z,40.0,167.67804524107402,458.77946125988024,102.34676550025164,41.946914076938015,19.615376794754567,42.271754859857204,9.9138075166998,5.613325777448021,0.0,0.0,0.0,1.0,0.0,model2,4.0,False,2355.0
785,2015-04-10T08:00:00Z,40.0,167.44090890649562,453.16324044795766,101.02434271015508,42.11207344123309,19.326462461413158,41.72488449326676,9.923397190793343,5.675506152532086,0.0,0.0,0.0,1.0,0.0,model2,4.0,False,2358.0
786,2015-04-10T11:00:00Z,40.0,166.1961182086396,452.1948589545698,100.68893495208664,42.57050475966349,18.698843319532028,41.355039108227984,9.933558733401851,5.669456062424046,0.0,0.0,0.0,1.0,0.0,model2,4.0,False,2361.0
787,2015-04-10T14:00:00Z,40.0,163.1187995635688,450.28835808216513,100.40710718460274,42.24905927645928,16.793585287739848,42.07808416262354,9.059336086610283,5.835450111656331,0.0,0.0,0.0,1.0,0.0,model2,4.0,False,2364.0
788,2015-04-10T17:00:00Z,40.0,166.13722574946118,454.1726662664057,97.20866552677076,41.96255613086245,18.79160115454249,44.322603572246464,11.43412136916594,5.383358627944603,0.0,0.0,0.0,1.0,0.0,model2,4.0,False,2367.0
789,2015-04-10T20:00:00Z,40.0,167.3564820816367,457.0367838836312,96.31415563667294,42.16383012716523,18.78391670994881,43.24599223322593,10.688299526636332,5.613624007739627,0.0,0.0,0.0,0.0,0.0,model2,4.0,False,2370.0
790,2015-04-10T23:00:00Z,40.0,169.98957504389782,462.28679355189627,97.68160025887722,41.658468685173936,18.24613075197536,43.08406418527214,10.33981957981515,5.531490840094858,0.0,0.0,0.0,0.0,0.0,model2,4.0,False,2373.0
791,2015-04-11T02:00:00Z,40.0,172.71085278144142,465.62000971580846,97.6645419420734,40.63263079500942,18.457957200262094,41.07697801789454,10.634232252911206,4.9136687652498185,0.0,0.0,0.0,0.0,0.0,model2,4.0,False,2376.0
792,2015-04-11T05:00:00Z,40.0,172.22997369844038,460.5263840247969,96.8652588537977,40.63548642836585,18.64370624446045,37.8870164785156,11.055443578238533,4.4486088215537105,0.0,0.0,0.0,0.0,0.0,model2,4.0,False,2379.0
793,2015-04-11T08:00:00Z,40.0,172.1866327216906,464.9883024457196,96.50814500447918,40.35329354014157,19.661350974470306,40.15719118831819,10.785519800138953,4.900838208336899,0.0,0.0,0.0,0.0,0.0,model2,4.0,False,2382.0
794,2015-04-11T11:00:00Z,40.0,172.05606232049718,458.9811768572366,95.89320450748416,39.917634431454985,19.357148528993076,45.75612783814064,11.628057200488492,4.4435161204859925,0.0,0.0,0.0,0.0,0.0,model2,4.0,False,2385.0
795,2015-04-11T14:00:00Z,40.0,173.69926621246643,464.6556221737314,95.79642477027195,39.8583706399349,17.394520638205034,47.501123192773036,12.199415684658439,4.779156338306248,0.0,0.0,0.0,0.0,0.0,model2,4.0,False,2388.0
796,2015-04-11T17:00:00Z,40.0,172.32899306293388,454.466572619521,97.6377448007148,40.19091808853272,16.756329552405973,56.041413140120994,10.926531622215998,5.111879577526858,0.0,0.0,0.0,0.0,0.0,model2,4.0,False,2391.0
797,2015-04-11T20:00:00Z,40.0,171.22151208223954,447.88738262882976,98.96466554448904,40.47182364240688,16.844732097353493,58.32630787017325,12.089628883602204,4.764787339688054,0.0,0.0,0.0,0.0,0.0,model2,4.0,False,2394.0
798,2015-04-11T23:00:00Z,40.0,168.54950917294502,450.26094425196055,99.07838748928222,40.613477595660854,16.806387288615188,59.0731958031353,11.679404172450953,4.748646541486834,0.0,0.0,0.0,0.0,0.0,model2,4.0,False,2397.0
799,2015-04-12T02:00:00Z,40.0,168.32877902202284,454.31850555857636,97.74821985214777,41.298168830575975,16.756362835461776,59.43753990167451,11.623391951048102,4.962883435010864,1.0,0.0,0.0,0.0,0.0,model2,4.0,False,2400.0
800,2015-04-12T05:00:00Z,40.0,169.3006354196248,452.18645761546657,97.44938066750221,41.85009332055919,14.545155665953489,60.131306663734684,11.477864918430168,5.2598092904963565,1.0,0.0,0.0,0.0,0.0,model2,4.0,False,2403.0
801,2015-04-12T08:00:00Z,40.0,169.8590435800175,452.13909141385045,98.93277178024229,41.68018585922011,12.761919538662012,55.94030359468957,10.857958315562623,5.685569240810416,1.0,0.0,0.0,0.0,0.0,model2,4.0,False,2406.0
802,2015-04-12T11:00:00Z,40.0,169.876471229816,456.8793750779415,99.63073785023123,41.878177495457365,12.649022084185589,56.61315591732252,9.717436948653324,5.707450524071686,1.0,0.0,0.0,0.0,0.0,model2,4.0,False,2409.0
803,2015-04-12T14:00:00Z,40.0,168.57689320420377,455.08405428550435,99.18283137415493,41.71338772194149,13.416872921268848,53.96871519472808,9.178903494681236,5.5770884369296745,1.0,0.0,0.0,0.0,0.0,model2,4.0,False,2412.0
804,2015-04-12T17:00:00Z,40.0,169.282439210284,462.15970242565015,100.02849535089476,41.18248560268198,13.7448353802536,43.40381094004178,8.243739454794317,5.428435161211243,1.0,0.0,0.0,0.0,0.0,model2,4.0,False,2415.0
805,2015-04-12T20:00:00Z,40.0,170.05530484558864,465.8973458736953,100.082192560652,40.97977889114935,14.33846760806168,37.93751819955472,8.494022924682744,5.4326994765762855,1.0,0.0,0.0,0.0,0.0,model2,4.0,False,2418.0
806,2015-04-12T23:00:00Z,40.0,173.09665467539025,459.92510028440216,99.05834135447009,40.841550895919426,14.396177800786154,37.99940011235156,8.832931445466413,5.592350494091684,1.0,0.0,0.0,0.0,0.0,model2,4.0,False,2421.0
807,2015-04-13T02:00:00Z,40.0,171.893646657203,456.9388757205188,100.53745716836838,39.98550347786977,15.17480351486627,48.9449917323105,8.065545928766166,5.382818801035628,0.0,0.0,0.0,0.0,0.0,model2,4.0,False,2424.0
808,2015-04-13T05:00:00Z,40.0,171.7734484611758,456.7122102218754,100.12783518069244,39.3629108566197,15.255513172251046,48.85841114951705,8.229423412636635,5.033110084013673,0.0,0.0,0.0,0.0,0.0,model2,4.0,False,2427.0
809,2015-04-13T08:00:00Z,40.0,171.11768122642633,456.8650488768852,100.05468787716715,39.15270951044627,15.33482491526044,55.43000492749051,8.962065947353867,4.551632863428185,0.0,0.0,0.0,0.0,0.0,model2,4.0,False,2430.0
810,2015-04-13T11:00:00Z,40.0,170.65304128241897,457.08280796428687,99.0000290635009,39.29456634609841,15.485307131315874,54.73860469488265,10.012862211111745,4.667267643324927,0.0,0.0,0.0,0.0,0.0,model2,4.0,False,2433.0
811,2015-04-13T14:00:00Z,40.0,172.810262991316,457.40822784595963,100.01583099557705,39.34482189681882,15.783191947851085,57.54668043858098,10.529353636211058,4.44315173781045,0.0,0.0,0.0,0.0,0.0,model2,4.0,False,2436.0
812,2015-04-13T17:00:00Z,40.0,171.835276606059,456.83139513521,99.16964006546692,38.963504385862066,15.335704770252931,61.41883367940344,11.308653478142107,4.7064436487552115,0.0,0.0,0.0,0.0,0.0,model2,4.0,False,2439.0
813,2015-04-13T20:00:00Z,40.0,172.54463738389518,462.08868119728476,97.95493303577179,39.36800306870621,14.103604007175562,62.55404030311308,9.800761495415534,5.015198183682132,0.0,0.0,0.0,0.0,0.0,model2,4.0,False,2442.0
814,2015-04-13T23:00:00Z,40.0,170.31030049096537,457.5927532374639,98.80504833506727,39.4219169233801,13.224613439798008,66.64386767269256,9.967208725404255,4.868795105094812,0.0,0.0,0.0,0.0,0.0,model2,4.0,False,2445.0
815,2015-04-14T02:00:00Z,40.0,169.8259249485411,453.7868703176923,99.5514008882836,39.74200571838948,11.69037147313776,61.38276794459193,10.775489907799043,5.557550749717269,0.0,0.0,0.0,0.0,0.0,model2,4.0,False,2448.0
816,2015-04-14T05:00:00Z,40.0,169.7795993678644,457.57090982368965,100.2484426989142,39.891138010527,11.482730885027454,61.07349946018919,10.285511799429553,5.466000109567774,0.0,0.0,0.0,0.0,0.0,model2,4.0,False,2451.0
817,2015-04-14T08:00:00Z,40.0,173.02419176865226,451.2556203027317,99.58170313933908,40.25511381228026,13.852168013517113,57.05800514010769,9.702073497699187,4.845554274334615,0.0,0.0,0.0,0.0,0.0,model2,4.0,False,2454.0
818,2015-04-14T11:00:00Z,40.0,172.65308772093738,448.55994050967115,100.35774159782605,40.10974497574611,14.482501188898803,54.70957995212503,8.69799704465752,5.192809296114835,0.0,0.0,0.0,0.0,0.0,model2,4.0,False,2457.0
819,2015-04-14T14:00:00Z,40.0,172.98188532077484,444.0636104499639,100.87213657842156,40.27872607622863,12.976917635124805,50.22463007875698,9.032347990416296,5.118529792209869,0.0,0.0,0.0,0.0,0.0,model2,4.0,False,2460.0
820,2015-04-14T17:00:00Z,40.0,172.10565887965814,438.34471279199585,101.95391181580736,40.309335873055,12.777122018201878,48.303206272391,8.271352288372974,4.798761864218663,0.0,0.0,0.0,0.0,0.0,model2,4.0,False,2463.0
821,2015-04-14T20:00:00Z,40.0,172.27685920658863,429.21151294577226,100.7081355653239,39.731376671552965,12.7251526580846,45.45294639726082,10.606482885703773,4.8368525056803255,0.0,0.0,0.0,0.0,0.0,model2,4.0,False,2466.0
822,2015-04-14T23:00:00Z,40.0,172.94921487305976,429.30336195329664,100.40081656536564,39.753792671264755,12.363055622693016,41.783790111412934,10.861925469241962,4.957089816643506,0.0,0.0,0.0,0.0,0.0,model2,4.0,False,2469.0
823,2015-04-15T02:00:00Z,40.0,171.51921002203864,430.2842363121467,97.81630986153999,39.197260716441775,15.050070231360595,38.599156752059,10.960378520299594,4.3598343866026,0.0,0.0,0.0,0.0,0.0,model2,4.0,False,2472.0
824,2015-04-15T05:00:00Z,40.0,170.46276165637755,428.05978790778,97.68139683993941,38.8547859645924,15.975133719771168,39.319146830025396,11.007266941209481,4.322664503935084,0.0,1.0,0.0,0.0,0.0,model2,4.0,False,2475.0
825,2015-04-15T08:00:00Z,40.0,166.86280402564012,429.5890210139785,97.8858377925518,39.147415640966585,15.201828951713546,40.421119070007,11.229955095635523,4.393322228213127,0.0,1.0,0.0,0.0,0.0,model2,4.0,False,2478.0
826,2015-04-15T11:00:00Z,40.0,166.83338886836182,426.05836295245837,98.6510783063312,39.203013899200684,14.351465293872135,45.57534570037954,11.305933660269293,3.8665198787535213,0.0,1.0,0.0,0.0,0.0,model2,4.0,False,2481.0
827,2015-04-15T14:00:00Z,40.0,166.92479390530337,420.6870416640523,97.15834252571491,38.47223875125211,14.039309660976965,45.24695378228521,10.071216263439805,4.137870289127863,0.0,1.0,0.0,0.0,0.0,model2,4.0,False,2484.0
828,2015-04-15T17:00:00Z,40.0,169.56098873685463,427.08534223689537,96.78800717564285,39.03998024865497,16.335442820818606,45.356211486372736,9.696359070746816,4.147534004653595,0.0,1.0,0.0,0.0,0.0,model2,4.0,False,2487.0
829,2015-04-15T20:00:00Z,40.0,166.87794679771636,432.05442772413437,98.61569853435525,38.55072772167277,16.497480097741597,47.11429886941053,8.290731795735978,4.019947405006107,0.0,1.0,0.0,0.0,0.0,model2,4.0,False,2490.0
830,2015-04-15T23:00:00Z,40.0,165.45617203188954,434.390246571,98.08904806506222,38.4304481955925,16.95130253566826,47.467568854248846,7.8684479602633886,3.9124847087847376,0.0,1.0,0.0,0.0,0.0,model2,4.0,False,2493.0
831,2015-04-16T02:00:00Z,40.0,166.5161654123911,435.8373444954199,99.74090869181086,39.499252163858905,15.216277595481415,47.940372759685744,6.4775685525589255,4.117654702869288,0.0,1.0,0.0,0.0,0.0,model2,4.0,False,2496.0
832,2015-04-16T05:00:00Z,40.0,168.0168795696796,438.235793399816,100.79558934475546,39.41143493843162,14.942677242705939,52.89258018358221,6.1855745022525825,4.410873012912388,0.0,0.0,0.0,0.0,0.0,model2,4.0,False,2499.0
833,2015-04-16T08:00:00Z,40.0,169.4962252706255,439.3087586527392,101.54899650690928,39.146067398477506,12.83580437471771,50.734031740255496,5.829666406277656,4.34680023324398,0.0,0.0,0.0,0.0,0.0,model2,4.0,False,2502.0
834,2015-04-16T11:00:00Z,40.0,171.97108178383178,445.4870908394022,100.21616758310492,38.89718141996681,15.487487714819036,47.11163505844469,6.535399544535978,4.221789456570775,0.0,0.0,0.0,0.0,0.0,model2,4.0,False,2505.0
835,2015-04-16T14:00:00Z,40.0,172.33193749869994,451.1459905796192,99.64344966869793,38.825377361252286,16.127393594618994,44.56984348277115,8.418440109256359,4.394224825683509,0.0,0.0,0.0,0.0,0.0,model2,4.0,False,2508.0
836,2015-04-16T17:00:00Z,40.0,170.800377357877,444.5992598889417,99.80782042814616,39.23737132107587,16.405129680318147,47.4306228882072,8.679295676630701,4.593536155539662,0.0,0.0,0.0,0.0,0.0,model2,4.0,False,2511.0
837,2015-04-16T20:00:00Z,40.0,172.42511837123246,445.0089714476492,98.06964979976419,39.764969271023006,15.371080610660075,47.126389146718026,8.420763925882277,4.323415130998722,0.0,0.0,0.0,0.0,0.0,model2,4.0,False,2514.0
838,2015-04-16T23:00:00Z,40.0,174.03927005109088,450.2392413896795,99.36865659927756,40.003613669782645,14.892409528963865,49.08318534874776,8.761083676985908,4.3474418343359,0.0,0.0,0.0,0.0,0.0,model2,4.0,False,2517.0
839,2015-04-17T02:00:00Z,40.0,174.38461930107815,450.9694206004274,98.43830177010271,39.214130177789116,14.807770352464356,49.82816128628573,10.127378315988569,4.1211105093789335,0.0,0.0,0.0,0.0,0.0,model2,4.0,False,2520.0
840,2015-04-17T05:00:00Z,40.0,174.08458639056457,447.12857618682676,98.89182546475004,39.52670700427688,14.536237684836411,42.172105634028064,10.297627728692783,4.0703764979806385,0.0,0.0,0.0,0.0,0.0,model2,4.0,False,2523.0
841,2015-04-17T08:00:00Z,40.0,173.51595387319654,445.51366541921374,96.85899121502656,40.4788698371519,14.861392003787875,44.73129437651953,10.204383080082446,4.7730471555134,0.0,0.0,0.0,0.0,0.0,model2,4.0,False,2526.0
842,2015-04-17T11:00:00Z,40.0,170.25428801751403,449.7490165966874,98.41539772140264,40.348258656660576,12.705908026670144,45.08911720828235,10.357053340097703,4.683046811419602,0.0,0.0,0.0,0.0,0.0,model2,4.0,False,2529.0
843,2015-04-17T14:00:00Z,40.0,169.6470206401475,451.52280038895066,98.92640524566765,40.80840505014636,12.079725172416394,53.77978839548722,10.24621656063874,4.443500119515254,0.0,0.0,0.0,0.0,0.0,model2,4.0,False,2532.0
844,2015-04-17T17:00:00Z,40.0,166.3711668723706,460.0700583888449,99.12103032089266,40.661925320126535,10.422292880928232,57.77584266636545,10.043407346951923,4.420982261123774,0.0,0.0,0.0,0.0,0.0,model2,4.0,False,2535.0
845,2015-04-17T20:00:00Z,40.0,167.3136203049266,460.4981319591076,100.9607102518208,40.55543279587457,11.30753065813681,55.69102458177101,10.145810576206642,4.685737994285104,0.0,0.0,0.0,0.0,0.0,model2,4.0,False,2538.0
846,2015-04-17T23:00:00Z,40.0,167.13617711474816,457.2058151113784,99.65320317033701,40.12078962429235,10.255787417067447,52.82534024991748,10.197209323829233,4.584068182792155,0.0,0.0,0.0,0.0,0.0,model2,4.0,False,2541.0
847,2015-04-18T02:00:00Z,40.0,168.4547316255334,458.1451423034798,100.6581147202805,40.40616474622525,10.6913558144292,53.1790183640479,9.02156244869148,4.569295026888146,0.0,0.0,0.0,0.0,0.0,model2,4.0,False,2544.0
848,2015-04-18T05:00:00Z,40.0,168.86719411825183,454.08118728316435,99.88249108609912,40.623326887767675,10.760689867344956,53.48807149861603,8.824610980278567,4.7644976768154095,0.0,0.0,0.0,0.0,0.0,model2,4.0,False,2547.0
849,2015-04-18T08:00:00Z,40.0,170.02095127229572,465.08273823220634,102.4271838170096,39.35752024184696,10.454211148129367,61.136778591250255,10.177018594375626,4.229274571027212,0.0,0.0,0.0,0.0,0.0,model2,4.0,False,2550.0
850,2015-04-18T11:00:00Z,40.0,171.94318861377397,462.5310551133296,102.29858277023027,39.83103625660799,10.428092733332685,62.44692959294729,10.095464025711898,4.664551988720737,0.0,0.0,0.0,0.0,0.0,model2,4.0,False,2553.0
851,2015-04-18T14:00:00Z,40.0,171.8568990331584,461.29205489130067,102.22764863848116,39.789052608455016,10.270333076854651,55.313165793351885,9.036914908120007,4.389591831335198,0.0,0.0,0.0,0.0,0.0,model2,4.0,False,2556.0
852,2015-04-18T17:00:00Z,40.0,173.73925090064571,458.1320339898416,102.7294138250468,39.12066107869165,9.596721554408097,47.05930630566908,9.424762092874769,4.686752757067105,0.0,0.0,0.0,0.0,0.0,model2,4.0,False,2559.0
853,2015-04-18T20:00:00Z,40.0,171.0602540137159,456.3745199882412,101.28454341826334,39.4708559414744,11.147503060982864,47.700223269250976,9.977432281231676,4.6549341163710425,0.0,0.0,0.0,0.0,0.0,model2,4.0,False,2562.0
854,2015-04-18T23:00:00Z,40.0,169.25661752868888,455.2041782798208,102.49152695244983,39.708273133131826,12.294325994404499,49.66200983327735,11.717090378444938,4.773520160354169,0.0,0.0,0.0,0.0,0.0,model2,4.0,False,2565.0
855,2015-04-19T02:00:00Z,40.0,167.67559398465852,456.5109024020829,102.88430044277555,40.0125571497202,13.149839663637614,52.5594067899498,12.449587935210635,5.005752210003932,0.0,0.0,0.0,0.0,0.0,model2,4.0,False,2568.0
856,2015-04-19T05:00:00Z,40.0,166.7314553621761,465.4422770769088,102.14247162983636,40.228304414370925,13.654112219003133,56.63707638314256,12.855891715467616,4.671253186270026,0.0,0.0,0.0,0.0,0.0,model2,4.0,False,2571.0
857,2015-04-19T08:00:00Z,40.0,166.43237934023722,456.5372402678002,100.93118950883606,41.090661055973634,13.390366413203411,46.50926043083678,11.246124685525103,4.675414130408875,0.0,0.0,0.0,0.0,0.0,model2,4.0,False,2574.0
858,2015-04-19T11:00:00Z,40.0,164.36869751495936,451.86823482892,99.88363663488806,40.322657623029386,14.616993991478267,49.37784304749608,12.01684821952446,5.027121335140588,0.0,0.0,0.0,0.0,0.0,model2,4.0,False,2577.0
859,2015-04-19T14:00:00Z,40.0,163.1438020595726,450.4865993992941,99.12259735584482,39.534031869342854,14.13516609847134,56.91786809329716,12.349741481372616,5.877467780972926,0.0,0.0,0.0,0.0,0.0,model2,4.0,False,2580.0
860,2015-04-19T17:00:00Z,40.0,162.282410290691,452.3331827551215,98.0324840411076,39.3698993727583,12.91987360904542,58.999634738542156,11.910084899706455,6.170094481428494,0.0,0.0,0.0,0.0,0.0,model2,4.0,False,2583.0
861,2015-04-19T20:00:00Z,40.0,163.9992816004375,449.70509806022034,98.8929427109336,39.79931754332357,12.582884936518154,60.12336549418442,11.561026880003107,6.435197501812008,0.0,0.0,0.0,0.0,0.0,model2,4.0,False,2586.0
862,2015-04-19T23:00:00Z,40.0,165.97183435555309,453.08004522785086,98.27868906696176,40.98708165071064,13.074275341335301,59.884109571345384,9.54997513324365,7.400803598767606,0.0,0.0,0.0,0.0,0.0,model2,4.0,False,2589.0
863,2015-04-20T02:00:00Z,40.0,165.30022576571267,448.989385086801,97.83095114107937,41.89765985387781,12.240950850815482,56.01692173166272,8.616613804646033,7.8726393364845455,0.0,0.0,0.0,0.0,0.0,model2,4.0,False,2592.0
864,2015-04-20T05:00:00Z,40.0,165.25092144056057,442.0094807663141,98.52147251646522,42.51552728406145,11.762884557453313,50.40104530342043,8.619520931665287,8.170609862994073,0.0,0.0,0.0,0.0,0.0,model2,4.0,False,2595.0
865,2015-04-20T08:00:00Z,40.0,165.85026060202074,442.26809657514997,96.72179824517893,43.10236421052889,12.280990433511072,49.14222893747269,9.15118790674127,8.523242585550756,0.0,0.0,0.0,0.0,0.0,model2,4.0,False,2598.0
866,2015-04-20T11:00:00Z,40.0,169.07292245059483,446.40353423452757,96.50388912833591,45.590381016333104,13.853900465035474,42.52339044353381,8.28723936862685,8.773487552693055,0.0,0.0,0.0,0.0,0.0,model2,4.0,False,2601.0
867,2015-04-20T14:00:00Z,40.0,170.50231952147672,446.1116977834098,98.02879009337047,47.16309944229086,13.782738251121467,37.77263245766703,8.127908624763293,7.07268211776902,0.0,0.0,0.0,0.0,0.0,model2,4.0,False,2604.0
868,2015-04-20T17:00:00Z,40.0,171.23376588094132,435.1934256191954,98.3239543694259,48.679635276539685,13.317543098798575,42.39177229062879,8.225334137970181,5.098339060563707,0.0,0.0,0.0,0.0,0.0,model2,4.0,False,2607.0
869,2015-04-20T20:00:00Z,40.0,171.05955195791825,437.69008503337153,98.47597393541969,49.45000264002685,17.546993900839983,47.02395838655099,8.457195554889188,4.816950116845165,0.0,0.0,0.0,0.0,0.0,model2,4.0,False,2610.0
870,2015-04-20T23:00:00Z,40.0,169.82856586645568,430.3469041499478,96.99709922913424,49.511891137534036,18.015425422794415,46.64083144785336,8.547369991556648,5.234065656050677,0.0,0.0,0.0,0.0,0.0,model2,4.0,False,2613.0
871,2015-04-21T02:00:00Z,40.0,170.55263334081963,426.15658223960037,96.98760232231191,50.06830162641921,17.993661463795604,49.988376749442736,8.041367056245049,5.590762193378558,0.0,0.0,0.0,0.0,0.0,model2,4.0,False,2616.0
872,2015-04-21T05:00:00Z,40.0,171.74812647342898,428.52661167421167,96.49324490929862,50.03165939032302,18.974948827684887,49.69398374442593,7.8318596709038175,5.631219510159945,0.0,0.0,0.0,1.0,0.0,model2,4.0,False,2619.0
873,2015-04-21T08:00:00Z,40.0,169.9034314801499,426.0457085661872,99.43205422982544,49.70977739624863,19.3913732211855,49.38587411530041,8.592303901887671,6.539698120583101,0.0,0.0,0.0,1.0,0.0,model2,4.0,False,2622.0
874,2015-04-21T11:00:00Z,40.0,168.02521423045226,424.8026015223649,101.69985996703808,48.78684512220979,16.919062690353382,51.76288796691621,9.161800201247525,6.1969088793582126,0.0,0.0,0.0,1.0,0.0,model2,4.0,False,2625.0
875,2015-04-21T14:00:00Z,40.0,168.36728134144803,419.5352618321822,101.18423696674549,49.22957144198618,17.441864345247275,48.27625136641762,9.555610270911009,5.735653567588477,0.0,0.0,0.0,1.0,0.0,model2,4.0,False,2628.0
876,2015-04-21T17:00:00Z,40.0,168.8358177228148,426.9377014639002,101.2014814542718,49.26044972508039,17.333064671627902,46.365388999741704,10.109552040355695,5.73328653884143,0.0,0.0,0.0,1.0,0.0,model2,4.0,False,2631.0
877,2015-04-21T20:00:00Z,40.0,168.89751936895516,424.9361564649507,99.5876878049392,49.15035617894728,13.844538136801145,41.68345456369456,10.374701375806817,5.670444573075226,0.0,0.0,0.0,1.0,0.0,model2,4.0,False,2634.0
878,2015-04-21T23:00:00Z,40.0,170.65249499432863,429.87781712850665,101.55883737422762,47.12321291003746,14.22700140396875,45.34681689444262,9.320661261694584,7.033510637795434,0.0,0.0,0.0,1.0,0.0,model2,4.0,False,2637.0
879,2015-04-22T02:00:00Z,40.0,170.80015902044192,437.4757172304396,102.38748131729841,45.04548017735633,14.487141905809741,42.58810443320324,9.809632178252077,7.031634118350393,0.0,0.0,0.0,1.0,0.0,model2,4.0,False,2640.0
880,2015-04-22T05:00:00Z,40.0,171.33781573761578,436.3640081605045,103.32006340559441,44.129171406319934,14.462459541849025,45.34258021908142,9.695338759540224,7.349993202874372,0.0,0.0,0.0,0.0,0.0,model2,4.0,False,2643.0
881,2015-04-22T08:00:00Z,40.0,171.6079704092371,441.90862457804184,101.07168666651941,43.28114596884304,14.562096702715506,46.6662934680372,9.739044769434454,6.801886781519897,0.0,0.0,0.0,0.0,0.0,model2,4.0,False,2646.0
882,2015-04-22T11:00:00Z,40.0,172.2555308960569,443.02000925350967,98.29409095932863,42.1640354589668,15.893748247994106,46.56049245870518,10.858561240303683,6.818907200873634,0.0,0.0,0.0,0.0,0.0,model2,4.0,False,2649.0
883,2015-04-22T14:00:00Z,40.0,172.67676673874718,445.4707066010614,98.08238399048643,42.069675062904075,16.030132223570252,48.761761496779926,10.503602761100963,6.7806537502098205,0.0,0.0,0.0,0.0,0.0,model2,4.0,False,2652.0
884,2015-04-22T17:00:00Z,40.0,171.9925791258475,450.4207561662429,98.31282149414244,40.85860979901171,16.596124328567456,49.723951083700896,10.599152681037475,6.729946627538721,0.0,0.0,0.0,0.0,0.0,model2,4.0,False,2655.0
885,2015-04-22T20:00:00Z,40.0,170.6361569703017,453.26571538147385,100.20297150968315,39.80037744024879,16.961075497324856,51.954593332103386,10.540789941010571,5.758816109662327,0.0,0.0,0.0,0.0,0.0,model2,4.0,False,2658.0
886,2015-04-22T23:00:00Z,40.0,169.0551973198094,457.5771194129998,99.23462285542135,40.202301803777615,15.872338593224733,49.595604666975056,10.523025370692233,5.545772937154267,0.0,0.0,0.0,0.0,0.0,model2,4.0,False,2661.0
887,2015-04-23T02:00:00Z,40.0,168.21921358386166,462.45918487279573,98.27446635233707,40.172677293718145,15.980158129599307,52.978874012786605,9.6444919978596,5.455330190183156,0.0,0.0,0.0,0.0,0.0,model2,4.0,False,2664.0
888,2015-04-23T05:00:00Z,40.0,166.21088084697286,464.8989189262287,97.8093970280413,40.9546469787757,14.770769743281909,49.61982709918347,10.056528519154108,5.428424193181276,0.0,0.0,0.0,0.0,0.0,model2,4.0,False,2667.0
889,2015-04-23T08:00:00Z,40.0,165.98653830108245,458.510177368138,98.99090844229328,41.244104144931825,14.424328339470186,52.67478842125834,9.993325100080963,5.247018342174711,0.0,0.0,0.0,0.0,0.0,model2,4.0,False,2670.0
890,2015-04-23T11:00:00Z,40.0,164.7845764876026,457.8275556529183,100.04211527985805,41.22722032446325,13.966034721099836,49.27115848911746,8.105869603961352,4.836082854327904,0.0,0.0,0.0,0.0,0.0,model2,4.0,False,2673.0
891,2015-04-23T14:00:00Z,40.0,162.65958052810566,460.7617654381805,100.49272475404145,39.97844712533968,12.460419481290801,47.51629475488305,8.542966949321091,4.506332606074581,0.0,0.0,0.0,0.0,0.0,model2,4.0,False,2676.0
892,2015-04-23T17:00:00Z,40.0,163.97772870080888,461.0781075807389,100.6159956163932,39.77060018610741,14.143315569625578,46.94728525157172,8.590257506937853,4.353791596191197,0.0,0.0,0.0,0.0,0.0,model2,4.0,False,2679.0
893,2015-04-23T20:00:00Z,40.0,165.52594275235012,460.47353862081087,99.59988828332216,39.6045779003189,14.107612885040453,45.27038568587347,8.484492714170356,4.599084016872077,0.0,0.0,0.0,0.0,0.0,model2,4.0,False,2682.0
894,2015-04-23T23:00:00Z,40.0,165.86760759969678,456.884062105651,101.01207693400896,39.797532615668004,14.836810502001018,45.07887257580967,9.085436821410276,5.050167357004043,0.0,0.0,0.0,0.0,0.0,model2,4.0,False,2685.0
895,2015-04-24T02:00:00Z,40.0,164.97709092799715,444.5857541635084,100.42326141409687,39.41508241984845,16.259271908247054,51.79964005556193,9.477479813137556,5.359920710090205,0.0,0.0,0.0,0.0,0.0,model2,4.0,False,2688.0
896,2015-04-24T05:00:00Z,40.0,166.64281124690987,442.7328546647309,101.83843627291941,38.72909398283632,16.476299728951737,51.092735352687065,9.22363530591586,4.750805199663656,0.0,0.0,0.0,0.0,0.0,model2,4.0,False,2691.0
897,2015-04-24T08:00:00Z,40.0,168.70410312544468,443.19130354758425,102.20668335935551,38.3497328499109,18.134323284920754,59.61627489095842,9.634564105417052,4.612941689435628,0.0,0.0,0.0,0.0,0.0,model2,4.0,False,2694.0
898,2015-04-24T11:00:00Z,40.0,169.20864189901616,443.3727920206382,102.11618070201015,38.68202321160071,17.132069795078138,59.8093438019736,9.276450710461056,4.860985763712198,0.0,0.0,0.0,0.0,0.0,model2,4.0,False,2697.0
899,2015-04-24T14:00:00Z,40.0,169.7303100557813,443.81113574710696,103.1839684236252,39.285205173337225,16.66390200044852,57.85007311251512,9.157714555656217,4.8690237048360165,0.0,0.0,0.0,0.0,0.0,model2,4.0,False,2700.0
900,2015-04-24T17:00:00Z,40.0,172.34736265302936,440.406244983361,103.430118220988,39.43479803784806,18.057398991420328,57.46911237863911,8.272827641835176,4.623362087650455,0.0,0.0,0.0,0.0,0.0,model2,4.0,False,2703.0
901,2015-04-24T20:00:00Z,40.0,172.67179305935082,437.5841385178517,103.52936790251414,39.14346358328934,17.722574684600804,55.94667451607634,8.09938164436125,4.615103711746439,0.0,0.0,0.0,0.0,0.0,model2,4.0,False,2706.0
902,2015-04-24T23:00:00Z,40.0,173.65897709752792,437.5827855271788,102.55551656723766,39.94878533494074,17.566847406243316,55.45548136726515,7.741052468485098,4.604120077878128,0.0,0.0,0.0,0.0,0.0,model2,4.0,False,2709.0
903,2015-04-25T02:00:00Z,40.0,175.3283132955313,439.47978216639206,102.5948462188908,40.59636150867243,14.465861207486348,47.349293063101705,7.697961283304019,4.0919313676413696,0.0,0.0,0.0,0.0,0.0,model2,4.0,False,2712.0
904,2015-04-25T05:00:00Z,40.0,173.07584013902667,444.5735765864547,100.85413931017729,40.85988184744088,15.475775171260645,50.9518863196492,7.380523917216027,4.50009428261204,0.0,0.0,0.0,0.0,0.0,model2,4.0,False,2715.0
905,2015-04-25T08:00:00Z,40.0,172.1403460512997,449.2578543403322,100.07538709193454,41.933720265245036,13.719994086532806,40.73453381714437,7.0501411673777925,4.774075168446192,0.0,0.0,0.0,0.0,0.0,model2,4.0,False,2718.0
906,2015-04-25T11:00:00Z,40.0,172.19827296568343,452.71435790326257,101.52358235296735,42.10718902217413,13.450753552077826,42.19848285440803,8.438204285149817,5.024636964080206,0.0,0.0,0.0,0.0,0.0,model2,4.0,False,2721.0
907,2015-04-25T14:00:00Z,40.0,173.46964987379647,453.27440273807997,99.53351564618583,41.715762579557854,13.581294805772881,39.57830402303943,8.180234381319085,5.087329403979089,0.0,0.0,0.0,0.0,0.0,model2,4.0,False,2724.0
908,2015-04-25T17:00:00Z,40.0,171.04853624260758,451.27220299490716,99.34024152991968,42.200914567111866,10.130941521198613,49.808437102725584,11.904384249484222,4.732989168076322,0.0,0.0,0.0,0.0,0.0,model2,4.0,False,2727.0
909,2015-04-25T20:00:00Z,40.0,171.95579182552532,456.56453595844886,99.03947518994715,43.03483585972671,11.060372123686204,49.673696863090626,12.223952765011544,4.227835528714953,0.0,0.0,0.0,0.0,0.0,model2,4.0,False,2730.0
910,2015-04-25T23:00:00Z,40.0,170.56533277931416,449.24640973666055,99.57392898296122,42.34429143282606,10.470327070358033,55.89852072318501,12.595948189298491,4.528051266302208,0.0,0.0,0.0,0.0,0.0,model2,4.0,False,2733.0
911,2015-04-26T02:00:00Z,40.0,169.99846662368287,453.56124578629175,100.99360886512156,42.587139791274616,10.797004146547348,53.69223483229007,12.77085276999071,4.409466332429244,0.0,0.0,0.0,0.0,0.0,model2,4.0,False,2736.0
912,2015-04-26T05:00:00Z,40.0,172.00236269363063,446.54892411317184,101.45549205906471,42.51000602052032,10.083870122009335,56.0523543327844,12.499286078415196,3.9463785329654915,0.0,0.0,0.0,0.0,0.0,model2,4.0,False,2739.0
913,2015-04-26T08:00:00Z,40.0,173.0352283964936,449.05290019655257,100.9602130679402,42.09054038437653,9.949060843622053,56.11058883067019,12.273786312994394,3.9210551536483775,0.0,0.0,0.0,0.0,0.0,model2,4.0,False,2742.0
914,2015-04-26T11:00:00Z,40.0,172.92588789540946,443.75902420435926,100.1707965633988,42.05184013552775,10.242095508169726,55.17764152085857,11.807781439109515,3.444258869920533,0.0,0.0,0.0,0.0,0.0,model2,4.0,False,2745.0
915,2015-04-26T14:00:00Z,40.0,171.6781734733353,441.06864949811273,101.48276261770596,42.34136253526169,9.915584986061887,61.49236121597272,11.637177509889073,3.304107704414268,0.0,0.0,0.0,0.0,0.0,model2,4.0,False,2748.0
916,2015-04-26T17:00:00Z,40.0,171.2753687991481,446.99554580247565,102.16477291483,42.16030992049592,10.720296852960354,52.97873034748621,8.026294844677109,3.694702608185704,0.0,0.0,0.0,0.0,0.0,model2,4.0,False,2751.0
917,2015-04-26T20:00:00Z,40.0,169.78742457834284,453.884370469682,100.6935460712776,41.677497614314,11.349076410564544,57.181104644545506,9.72300700552111,3.8432362166041916,0.0,0.0,0.0,0.0,0.0,model2,4.0,False,2754.0
918,2015-04-26T23:00:00Z,40.0,170.14104022767557,458.21960713352297,100.36295432212162,41.252489428274615,12.526932744836824,52.52179513105182,9.130466336049682,3.6716632826702806,0.0,0.0,0.0,0.0,0.0,model2,4.0,False,2757.0
919,2015-04-27T02:00:00Z,40.0,171.1697040022577,458.3640637144645,99.00558734313394,41.38346415404578,11.820959582639727,53.7418197878973,8.994467779416029,4.039873197622427,0.0,0.0,0.0,0.0,0.0,model2,4.0,False,2760.0
920,2015-04-27T05:00:00Z,40.0,170.56921847851697,457.49023715429513,98.15103019923951,41.188592871266756,12.863758780132995,50.040783066031075,10.761286808699674,4.144375296401802,0.0,0.0,0.0,0.0,0.0,model2,4.0,False,2763.0
921,2015-04-27T08:00:00Z,40.0,169.46748114498067,452.96068929595975,98.36195862405027,40.84264170225902,12.814960089593633,51.16464900126398,11.054926739592345,3.9557312206389215,0.0,0.0,0.0,0.0,0.0,model2,4.0,False,2766.0
922,2015-04-27T11:00:00Z,40.0,169.6080663259606,452.5407497550285,98.34984957712872,40.391685741137344,13.483908789026456,53.57741555871361,10.7300643801575,4.290549700319306,0.0,0.0,0.0,0.0,0.0,model2,4.0,False,2769.0
923,2015-04-27T14:00:00Z,40.0,168.3669956257487,455.12896168949476,97.6886834029322,39.993977229181155,15.395596726883333,47.30896862025645,10.522999147737831,4.872145484560488,0.0,0.0,0.0,0.0,0.0,model2,4.0,False,2772.0
924,2015-04-27T17:00:00Z,40.0,169.47368546948422,454.61611219035484,96.30281840096883,39.559415788390346,15.676850877646391,48.57579883619878,10.100005499560783,4.736493760640818,0.0,0.0,0.0,0.0,0.0,model2,4.0,False,2775.0
925,2015-04-27T20:00:00Z,40.0,170.20376783600364,442.7915483026892,97.49753200969532,39.61963595358335,14.491288191323301,47.23987134283474,8.830566371618703,4.8962522010767975,0.0,0.0,0.0,0.0,0.0,model2,4.0,False,2778.0
926,2015-04-27T23:00:00Z,40.0,167.96503080075559,447.85093776352164,97.26458452925002,39.93719094376876,15.250950273359127,46.912048571285574,8.986137478933133,4.832090400003701,0.0,0.0,0.0,0.0,0.0,model2,4.0,False,2781.0
927,2015-04-28T02:00:00Z,40.0,170.36133633470206,447.70865035253854,97.83406505693405,39.415749954209424,17.50080837219866,51.66132806406221,8.958337238471685,4.470416128405754,0.0,0.0,0.0,0.0,0.0,model2,4.0,False,2784.0
928,2015-04-28T05:00:00Z,40.0,169.2774901791417,450.3023400883692,98.31828625772377,40.29132436803864,16.882857373360512,50.63706261041443,8.936575287838835,5.645389109726428,0.0,0.0,0.0,0.0,0.0,model2,4.0,False,2787.0
929,2015-04-28T08:00:00Z,40.0,169.95181337552484,451.0621323103977,98.62700950944068,40.5967296553216,17.617878119565745,49.20728730530016,8.450644857196279,5.7631181572489325,0.0,0.0,0.0,0.0,0.0,model2,4.0,False,2790.0
930,2015-04-28T11:00:00Z,40.0,170.26284219078917,452.77968816730146,99.64144315312164,40.823348949772594,17.871452989128915,46.579420760400474,9.107282590835206,5.493810747998609,0.0,0.0,0.0,0.0,0.0,model2,4.0,False,2793.0
931,2015-04-28T14:00:00Z,40.0,172.06088754232357,449.3924596253637,100.85060562534409,41.44119145427828,16.26975858368809,47.19335354292232,10.56346740976094,5.169622722526015,0.0,0.0,0.0,0.0,0.0,model2,4.0,False,2796.0
932,2015-04-28T17:00:00Z,40.0,171.0382844890719,447.49940925119654,101.24536638813629,41.47176710546717,16.1992815942992,48.897667470246255,10.474765227752252,5.4490159819347035,0.0,0.0,0.0,0.0,0.0,model2,4.0,False,2799.0
933,2015-04-28T20:00:00Z,40.0,169.54802654237292,449.04366428712854,100.9899943876638,40.76384950415729,17.576445830089938,44.76246353059283,10.877398619966971,5.679274427390952,0.0,0.0,0.0,0.0,0.0,model2,4.0,False,2802.0
934,2015-04-28T23:00:00Z,40.0,174.17725569743075,446.37171433191145,100.76512662039372,40.24355026188217,16.889861294868705,47.341658956244466,11.06008642401827,6.412969925360812,0.0,0.0,0.0,0.0,0.0,model2,4.0,False,2805.0
935,2015-04-29T02:00:00Z,40.0,169.62550444918674,441.73825722231993,99.646372121217,40.33152065526197,17.251839382169358,42.37319848234983,11.337271637471993,6.474127821652732,0.0,0.0,0.0,0.0,0.0,model2,4.0,False,2808.0
936,2015-04-29T05:00:00Z,40.0,172.0231145355936,442.0405184942112,101.46514629887163,39.46799009388803,17.779415238434826,42.21387620171464,10.66653929500575,5.409807670524804,0.0,0.0,0.0,0.0,0.0,model2,4.0,False,2811.0
937,2015-04-29T08:00:00Z,40.0,172.1718257414424,443.3386936707462,100.41039657222194,39.480127534723714,17.31817882368632,41.71645516859443,11.616935233652992,5.3635672449322245,0.0,0.0,0.0,0.0,0.0,model2,4.0,False,2814.0
938,2015-04-29T11:00:00Z,40.0,174.5530792269997,450.0351252756501,99.20142832559448,38.80590911044099,19.34719706762235,46.088214492660406,11.253032396751847,5.651701096695597,0.0,0.0,0.0,0.0,0.0,model2,4.0,False,2817.0
939,2015-04-29T14:00:00Z,40.0,175.14249717292614,455.275543431305,98.4592287888054,38.107041697126576,19.926261942480465,43.376968142063895,10.5669663286666,5.629197371097133,0.0,0.0,0.0,0.0,0.0,model2,4.0,False,2820.0
940,2015-04-29T17:00:00Z,40.0,175.80333704645724,453.92893923024246,98.15236718281336,38.43914063250208,20.32316011348361,42.65263671936923,10.95217020536016,5.426622321929746,0.0,0.0,0.0,0.0,0.0,model2,4.0,False,2823.0
941,2015-04-29T20:00:00Z,40.0,176.05476349166733,457.2001904688055,100.05949918898772,38.265158235747656,19.611180680209404,43.18723241969197,11.16017432809132,5.343741944628536,0.0,0.0,0.0,0.0,0.0,model2,4.0,False,2826.0
942,2015-04-29T23:00:00Z,40.0,173.81500273640088,459.78457179972685,100.6149468403878,39.201714114253434,18.83918018650715,37.84175962076434,11.766673400996616,5.097646340370871,0.0,0.0,0.0,0.0,0.0,model2,4.0,False,2829.0
943,2015-04-30T02:00:00Z,40.0,175.74084431055638,461.31673552732553,101.8532481982122,39.44201965864946,16.572192135935502,35.014517887601365,11.214028747916284,5.220028550213834,0.0,0.0,0.0,0.0,0.0,model2,4.0,False,2832.0
944,2015-04-30T05:00:00Z,40.0,174.208014496012,457.5531892690772,99.26598431129662,39.388805253371956,16.87070675025143,37.66645468902573,13.195502224061364,5.634706781743294,0.0,0.0,0.0,0.0,0.0,model2,4.0,False,2835.0
945,2015-04-30T08:00:00Z,40.0,170.91128588474388,459.5694257719382,100.45305610910904,38.8316951980851,18.851188345668927,39.771481488931116,12.495187175134456,5.3959507877395785,0.0,0.0,0.0,0.0,0.0,model2,4.0,False,2838.0
946,2015-04-30T11:00:00Z,40.0,168.509059637289,455.028845923057,100.08413245592465,39.22205392463233,16.64117239961314,35.7235934966197,12.35743540052687,4.9701111382819185,0.0,0.0,0.0,0.0,0.0,model2,4.0,False,2841.0
947,2015-04-30T14:00:00Z,40.0,167.14713542581282,459.759820532225,100.87220733868656,39.568015742704574,16.133747148859857,41.186097975465614,12.236377716458087,4.39220513838753,0.0,0.0,0.0,0.0,0.0,model2,4.0,False,2844.0
948,2015-04-30T17:00:00Z,40.0,166.20973951891818,466.9890940667952,102.0387933640678,39.28866005262785,14.940287263080135,42.64449924470298,11.605863614717016,4.578400554349839,0.0,0.0,0.0,0.0,0.0,model2,4.0,False,2847.0
949,2015-04-30T20:00:00Z,40.0,167.9467313346249,463.95355853839067,101.23983427213214,39.66805760200361,15.343582162032163,42.84066869774584,12.582278208401284,4.264761846613841,0.0,0.0,0.0,0.0,0.0,model2,4.0,False,2850.0
950,2015-04-30T23:00:00Z,40.0,169.50518458841125,467.9474283309723,100.88936015400247,39.18708638455055,16.549050828058196,45.076064347699116,11.75926640642816,3.8065116391574354,0.0,0.0,0.0,0.0,0.0,model2,4.0,False,2853.0
951,2015-05-01T02:00:00Z,40.0,168.81151320666137,467.1855170129204,99.51785639841358,38.95169199623066,16.720796870785936,57.39922342782371,12.125165979648775,3.7383630225792936,0.0,0.0,0.0,0.0,0.0,model2,4.0,False,2856.0
952,2015-05-01T05:00:00Z,40.0,168.72523418087147,470.4886716067127,100.89794231658828,38.92911477534971,16.344763595241748,57.644397535830784,11.57075775311058,3.0253528368488283,0.0,0.0,0.0,0.0,0.0,model2,4.0,False,2859.0
953,2015-05-01T08:00:00Z,40.0,169.74884031154775,473.07228514489196,100.81894850603865,38.933817533298146,14.669685516528373,59.940232047523956,11.651491576461074,4.577088456372323,0.0,0.0,0.0,0.0,0.0,model2,4.0,False,2862.0
954,2015-05-01T11:00:00Z,40.0,169.0013760485001,466.9123470496068,101.49401602873631,39.09227113339216,14.77767640917753,66.90893811894216,11.550334527767372,4.603771251240083,0.0,0.0,0.0,0.0,0.0,model2,4.0,False,2865.0
955,2015-05-01T14:00:00Z,40.0,169.270876845519,464.821260344517,100.61934103769377,38.825314358521396,14.220783785621377,65.99444690546903,11.472800134322192,4.864659396138439,0.0,0.0,0.0,0.0,0.0,model2,4.0,False,2868.0
956,2015-05-01T17:00:00Z,40.0,173.218076180145,464.5173723288556,100.249433810486,39.03253679084271,18.65047010655012,66.64783123186852,11.94783802156542,4.588726586655431,0.0,0.0,0.0,0.0,0.0,model2,4.0,False,2871.0
957,2015-05-01T20:00:00Z,40.0,170.97151665816205,465.2684750558352,100.4062231829694,39.159681307933795,19.046329542235338,65.3201036449165,10.592132749270569,4.515970197274224,0.0,0.0,0.0,0.0,0.0,model2,4.0,False,2874.0
958,2015-05-01T23:00:00Z,40.0,168.79464817478208,456.456650030483,101.00899998767356,39.64406816329629,18.3542550969006,64.30668521820681,10.595865381638287,5.040924187797852,0.0,0.0,0.0,0.0,0.0,model2,4.0,False,2877.0
959,2015-05-02T02:00:00Z,40.0,169.21885782896058,462.72315162644674,101.04482374911949,39.466064715448624,18.547739021384686,53.19983127755425,11.197406319335773,5.391602793626108,0.0,0.0,0.0,0.0,0.0,model2,4.0,False,2880.0
960,2015-05-02T05:00:00Z,40.0,168.0031655642421,464.25206663198685,102.36300547265593,39.20048750201384,18.59320424661243,54.34360076360314,12.325707297291356,5.45301563123761,0.0,0.0,0.0,0.0,0.0,model2,4.0,False,2883.0
961,2015-05-02T08:00:00Z,40.0,169.87416068042518,456.76194832709365,102.7453476394765,39.60520306329278,18.497384349221505,52.32912976458296,13.589948527283447,4.167479341338727,0.0,0.0,0.0,0.0,0.0,model2,4.0,False,2886.0
962,2015-05-02T11:00:00Z,40.0,170.41763356395225,459.9957462192832,104.06547003619008,39.14260882708837,18.071472385107747,45.95166712865896,14.523634806867676,4.461706241763149,0.0,0.0,0.0,0.0,0.0,model2,4.0,False,2889.0
963,2015-05-02T14:00:00Z,40.0,170.66986561515324,457.5598393526317,104.26584907646105,39.105490469069466,17.961779874265613,43.413899880617066,14.039806493875947,4.495783260970256,0.0,0.0,0.0,0.0,0.0,model2,4.0,False,2892.0
964,2015-05-02T17:00:00Z,40.0,166.83494697097768,450.84966843426776,104.618816478466,38.714152837546976,12.178641312666366,36.570157414185736,14.211764872463045,4.8883932306079965,0.0,0.0,0.0,0.0,0.0,model2,4.0,False,2895.0
965,2015-05-02T20:00:00Z,40.0,166.33466665526763,454.0275423632468,105.18371905247513,38.49983687115309,12.252024188393936,38.99238067882805,14.843525680817079,4.968812923643607,0.0,0.0,0.0,0.0,0.0,model2,4.0,False,2898.0
966,2015-05-02T23:00:00Z,40.0,167.18058263398072,460.3869227741767,103.68919904950859,37.89376910375268,11.866669388132115,41.57273957876815,15.583581224381096,4.238262470034897,0.0,0.0,0.0,0.0,0.0,model2,4.0,False,2901.0
967,2015-05-03T02:00:00Z,40.0,168.13413775361175,455.0703826954031,104.57947505973092,38.813308347083506,11.568965264157994,44.26267869073719,14.535513242396483,4.414992138310423,0.0,0.0,0.0,0.0,0.0,model2,4.0,False,2904.0
968,2015-05-03T05:00:00Z,40.0,168.91784569030938,451.6600792443936,103.53249971897536,39.08597514548083,11.018569152247148,43.82569392740543,11.829015585116318,4.712873049482222,0.0,0.0,0.0,0.0,0.0,model2,4.0,False,2907.0
969,2015-05-03T08:00:00Z,40.0,170.055098346981,450.6815234631295,103.87212809194634,39.064048292490114,11.990149350989356,42.311482802250545,10.45963351932659,4.794440897228805,0.0,0.0,0.0,0.0,0.0,model2,4.0,False,2910.0
970,2015-05-03T11:00:00Z,40.0,170.0296219141982,453.18954959556487,101.3736550992954,39.09222735429261,10.720360812500312,42.96172515570196,9.612733457838553,5.0800275212189865,0.0,0.0,0.0,0.0,0.0,model2,4.0,False,2913.0
971,2015-05-03T14:00:00Z,40.0,170.67369620837346,446.2348423140476,100.74633582879723,39.44027998118235,10.865414285082274,46.53022349296586,9.838380456655628,4.840864688488686,0.0,0.0,0.0,0.0,0.0,model2,4.0,False,2916.0
972,2015-05-03T17:00:00Z,40.0,171.64959097794872,439.4462218629242,99.5749351929384,39.558382725761035,12.332062052540385,48.11774363953659,9.821956692828213,4.4993849370072105,0.0,0.0,0.0,0.0,0.0,model2,4.0,False,2919.0
973,2015-05-03T20:00:00Z,40.0,172.6025984951749,432.85710461072716,99.85912688610851,40.138612114825634,11.287035067108734,49.93631292285588,9.355424675067024,4.322632780821532,0.0,0.0,0.0,0.0,0.0,model2,4.0,False,2922.0
974,2015-05-03T23:00:00Z,40.0,172.8511351950008,426.4871741609008,100.1211298981577,40.31361993620399,13.305589405012428,44.334297817513246,10.340019351031328,4.257846596918353,0.0,0.0,0.0,0.0,0.0,model2,4.0,False,2925.0
975,2015-05-04T02:00:00Z,40.0,170.7710359229019,427.825751396941,101.25747278139441,39.8658655248003,14.84556288527566,42.98503808488571,10.740863533324463,3.8837817836938764,0.0,0.0,0.0,0.0,0.0,model2,4.0,False,2928.0
976,2015-05-04T05:00:00Z,40.0,172.09405257366834,429.5022955432789,100.99011491656185,39.30262903509664,16.4625370945264,39.6970992715625,11.357092104049153,3.787887867484047,0.0,0.0,0.0,0.0,0.0,model2,4.0,False,2931.0
977,2015-05-04T08:00:00Z,40.0,170.493115991624,437.34770433984045,100.10982130967804,39.289028526256594,15.901428139508536,47.96488569868378,11.089095929801037,3.6769251495299775,0.0,0.0,0.0,0.0,0.0,model2,4.0,False,2934.0
978,2015-05-04T11:00:00Z,40.0,170.25280462713374,431.86106978674934,100.35998506993946,39.797444187677854,15.88341254754594,45.83404620659893,10.87951712311357,3.1754910675511883,0.0,0.0,0.0,0.0,0.0,model2,4.0,False,2937.0
979,2015-05-04T14:00:00Z,40.0,170.5012848088539,436.7206035094652,99.80792381697876,39.19270828383429,16.110924845603904,51.39640883296876,11.269590640271652,3.9530117940756906,0.0,0.0,0.0,0.0,0.0,model2,4.0,False,2940.0
980,2015-05-04T17:00:00Z,40.0,168.67571922613033,440.0101942592015,99.22885105267812,39.68712345818903,15.47420643108986,50.91271409657903,11.405047245209884,4.034332132221048,0.0,0.0,0.0,0.0,0.0,model2,4.0,False,2943.0
981,2015-05-04T20:00:00Z,40.0,169.3481169154453,441.00706383325945,97.04473549166849,39.93755323541684,15.95671368244557,49.969353588795975,11.063186356273,4.2122952338646815,0.0,0.0,0.0,0.0,0.0,model2,4.0,False,2946.0
982,2015-05-04T23:00:00Z,40.0,165.4304625188247,447.4927648301599,98.09230419482336,40.33206688993924,17.613092879422243,56.12309853037797,9.925008650394128,4.755261671074253,0.0,0.0,0.0,0.0,0.0,model2,4.0,False,2949.0
983,2015-05-05T02:00:00Z,40.0,166.00764396721647,447.9276667521225,96.68025796823878,40.47516318128217,17.337576161356505,56.42053715636119,9.287463508792776,5.312255956928544,0.0,0.0,0.0,0.0,0.0,model2,4.0,False,2952.0
984,2015-05-05T05:00:00Z,40.0,165.17762272963134,447.691137199106,96.09542168950796,41.74683326223843,15.816065013442607,55.50014958147782,7.9178307009553155,5.423251057711002,0.0,0.0,0.0,0.0,0.0,model2,4.0,False,2955.0
985,2015-05-05T08:00:00Z,40.0,165.0320871136316,434.73213747846916,95.17777994852287,41.327129262688935,16.08342926846097,61.2134434056481,8.00738203694259,5.983594605212637,0.0,0.0,0.0,0.0,0.0,model2,4.0,False,2958.0
986,2015-05-05T11:00:00Z,40.0,163.68284194208078,426.2377890053135,95.67435479734215,41.725288175110784,15.996985632820769,67.7339647444025,8.135822055755638,5.974201202760257,0.0,0.0,0.0,0.0,0.0,model2,4.0,False,2961.0
987,2015-05-05T14:00:00Z,40.0,164.64742478326312,416.39763931093927,96.1644488766653,41.58547267828818,16.837075991097688,63.56663591668971,7.951539162198168,5.9262985693987025,0.0,0.0,0.0,0.0,0.0,model2,4.0,False,2964.0
988,2015-05-05T17:00:00Z,40.0,163.036954106987,418.6034484064193,97.6003440083087,41.0379974263837,16.559171549783912,63.821110004168474,7.093519498456232,6.030918667779834,0.0,0.0,0.0,0.0,0.0,model2,4.0,False,2967.0
989,2015-05-05T20:00:00Z,40.0,162.76820316229842,416.15141568224084,98.4032836619923,40.56707113005453,15.795318989299176,62.71659663533836,5.944332655220988,6.034255794213294,0.0,0.0,0.0,0.0,0.0,model2,4.0,False,2970.0
990,2015-05-05T23:00:00Z,40.0,166.91269358321168,402.6388611625586,97.87118937969271,40.296853381829976,13.297496046305652,58.92233610027318,6.8126620102792685,5.772270578323985,0.0,0.0,0.0,0.0,0.0,model2,4.0,False,2973.0
991,2015-05-06T02:00:00Z,40.0,168.9329446085925,389.983978933245,99.46259481734778,39.955618263353244,13.198772121762245,57.87047315194536,7.505840299267057,5.8153138076539195,0.0,0.0,0.0,0.0,0.0,model2,4.0,False,2976.0
992,2015-05-06T05:00:00Z,40.0,170.35542856549503,377.84346777078895,100.88349732879792,38.71305792172226,15.539195977483,56.35943312171502,8.122463909250925,5.300268799784875,0.0,0.0,0.0,0.0,0.0,model2,4.0,False,2979.0
993,2015-05-06T08:00:00Z,40.0,172.53083816049488,375.25009205769567,100.6254509873403,39.35867986468982,16.253496028290098,46.24884583320937,9.1977171916584,5.558037436689575,0.0,0.0,0.0,0.0,0.0,model2,4.0,False,2982.0
994,2015-05-06T11:00:00Z,40.0,175.96085118126686,379.63447639858015,101.02767907896185,38.57476261830102,16.19306103812983,46.89394652808625,9.956786863518953,5.274367387372705,0.0,0.0,0.0,0.0,0.0,model2,4.0,False,2985.0
995,2015-05-06T14:00:00Z,40.0,174.190345877049,380.8405614713592,100.56129574784964,38.881203140758814,16.08697972570064,47.78964915080197,10.054000120865087,4.976410089996449,0.0,0.0,0.0,0.0,0.0,model2,4.0,False,2988.0
996,2015-05-06T17:00:00Z,40.0,178.0786910638306,363.6966714782871,100.83514153369663,39.40042423837821,15.058720497534154,48.83575440209278,10.722694505284863,4.976494659421719,0.0,0.0,0.0,0.0,0.0,model2,4.0,False,2991.0
997,2015-05-06T20:00:00Z,40.0,176.08564291368202,362.9706812642078,100.22874527737686,38.73209076522416,19.04934720719517,46.958172780219705,11.51340807109142,5.267312208331601,0.0,0.0,0.0,0.0,0.0,model2,4.0,False,2994.0
998,2015-05-06T23:00:00Z,40.0,176.14976307176113,360.3506144161335,100.23323211277548,37.86705648290565,19.504579521144255,39.99672522725826,10.99140540987804,5.298710512468418,0.0,0.0,0.0,0.0,0.0,model2,4.0,False,2997.0
999,2015-05-07T02:00:00Z,40.0,174.46907243372365,361.5406800783603,99.5777369078615,38.27818782763885,19.97573976271154,44.9140464967861,10.970123130659656,5.315808050950233,0.0,0.0,0.0,0.0,0.0,model2,4.0,False,3000.0
1000,2015-05-07T05:00:00Z,40.0,172.45025868317654,364.4765879896975,98.32602039728506,38.62918624573907,18.76000362272816,44.51221104239239,10.531366982775356,5.4153938194013165,0.0,0.0,0.0,0.0,0.0,model2,4.0,False,3003.0
1001,2015-05-07T08:00:00Z,40.0,171.47450886169668,372.28333945359833,99.45420625992952,38.5178420449575,18.429180251043814,55.83783766240154,10.483203781651259,4.806018890388024,0.0,0.0,0.0,0.0,0.0,model2,4.0,False,3006.0
1002,2015-05-07T11:00:00Z,40.0,169.06636880324172,375.91308173135076,100.60865336950563,38.93492178441424,17.959172204988164,58.223140731659356,10.879866707410487,4.787047608404099,0.0,0.0,0.0,0.0,0.0,model2,4.0,False,3009.0
1003,2015-05-07T14:00:00Z,40.0,167.87933952120898,385.07660267801765,100.78814317204028,39.49234304183009,18.01214125724927,65.55388994263454,10.824843439254847,4.963624907279018,0.0,0.0,0.0,0.0,0.0,model2,4.0,False,3012.0
1004,2015-05-07T17:00:00Z,40.0,167.52820693371515,402.0665057188994,99.76538200431786,39.29010444690458,17.023273703759198,62.61450404232186,10.177955581296107,4.896137745032294,0.0,0.0,0.0,0.0,0.0,model2,4.0,False,3015.0
1005,2015-05-07T20:00:00Z,40.0,169.5461642629413,411.6440780043959,100.42757964569748,39.81775130672682,13.59244016403006,67.56139563545965,9.700199385798472,4.539861652816639,0.0,0.0,0.0,0.0,0.0,model2,4.0,False,3018.0
1006,2015-05-07T23:00:00Z,40.0,168.77293864994363,418.4764397851419,100.97402161160495,40.758175920932615,12.409286192834639,64.03597080473891,10.546042588930524,3.944117506920865,0.0,0.0,0.0,0.0,0.0,model2,4.0,False,3021.0
1007,2015-05-08T02:00:00Z,40.0,169.43403362604624,431.33048489957565,101.00216088586755,40.308717713184855,13.857104283543697,56.513976248058796,10.802311511603202,3.1575689677083103,0.0,0.0,0.0,0.0,0.0,model2,4.0,False,3024.0
1008,2015-05-08T05:00:00Z,40.0,170.66365430515918,436.22187693080537,102.0993707659186,40.18569436933022,13.453966616632318,51.76381095248911,11.488223118942365,3.3919855590741297,0.0,0.0,0.0,0.0,0.0,model2,4.0,False,3027.0
1009,2015-05-08T08:00:00Z,40.0,170.14515345315883,439.4156856931797,102.04950675353777,40.217896502014135,13.524082816810427,50.00261642627135,10.506466237537964,4.171247971395846,0.0,0.0,0.0,0.0,0.0,model2,4.0,False,3030.0
1010,2015-05-08T11:00:00Z,40.0,167.80087328610253,446.0985775066561,100.0463498955939,40.4902912738741,16.65785400335953,47.17695677374638,9.947681139021887,4.437869395815691,0.0,0.0,0.0,0.0,0.0,model2,4.0,False,3033.0
1011,2015-05-08T14:00:00Z,40.0,170.0307014318556,443.6495412552853,100.42101300817714,40.35986217846511,16.887510386801374,55.17745439615607,10.830572617405174,4.25381365178205,0.0,0.0,0.0,0.0,0.0,model2,4.0,False,3036.0
1012,2015-05-08T17:00:00Z,40.0,167.61458953429698,442.22386264737366,100.28046840408808,40.52488740696136,16.76709601816386,49.60304835635404,10.912978404371998,4.339343820695087,0.0,0.0,0.0,0.0,0.0,model2,4.0,False,3039.0
1013,2015-05-08T20:00:00Z,40.0,167.91221383401464,434.71150150649584,100.50289269829685,40.59600165396142,17.106390720018553,50.77893932080948,10.998930314114496,4.295540827150299,0.0,0.0,0.0,0.0,0.0,model2,4.0,False,3042.0
1014,2015-05-08T23:00:00Z,40.0,169.36761189105417,447.2235655658052,101.39848123396195,40.33508757075098,19.342334571598823,58.20575496624475,11.244639084481602,4.520545226881713,0.0,0.0,0.0,0.0,0.0,model2,4.0,False,3045.0
1015,2015-05-09T02:00:00Z,40.0,169.7657303696711,441.3652097744345,101.2903229344412,40.18970941831301,18.917082702881594,59.02260416354039,10.91173428141778,4.612577395119901,0.0,0.0,0.0,0.0,0.0,model2,4.0,False,3048.0
1016,2015-05-09T05:00:00Z,40.0,169.5870928876149,447.0567273564968,101.63053897351708,40.967351597065814,18.72982387749638,58.02482183547511,10.807784171683412,4.410658191663939,0.0,0.0,0.0,0.0,0.0,model2,4.0,False,3051.0
1017,2015-05-09T08:00:00Z,40.0,168.52164178659146,445.9823804973506,101.97236477357063,40.09899449332592,18.624529517939184,60.06315769992521,11.136852397571822,4.380518551437615,0.0,0.0,0.0,0.0,0.0,model2,4.0,False,3054.0
1018,2015-05-09T11:00:00Z,40.0,171.6488870042378,443.3120103424444,101.86627717452672,39.93334306977569,15.809697806029739,59.68593881988669,11.590658171454615,4.195006456600889,0.0,0.0,0.0,0.0,0.0,model2,4.0,False,3057.0
1019,2015-05-09T14:00:00Z,40.0,168.51207773851343,436.4950524856778,102.31996872852692,39.39305058496628,17.492018657892743,55.05789507516375,10.639561200240458,4.514467359617694,0.0,0.0,0.0,0.0,0.0,model2,4.0,False,3060.0
1020,2015-05-09T17:00:00Z,40.0,169.73779913306836,431.31440777746064,102.31465677388927,39.73848390661475,16.96176275875446,58.89218203596217,10.520603856131476,4.635472147581644,0.0,0.0,0.0,0.0,0.0,model2,4.0,False,3063.0
1021,2015-05-09T20:00:00Z,40.0,170.68228787312788,441.7295292048111,102.01084985740157,39.39366467677415,16.967491859248,61.778372968686114,10.224631593162695,4.8560693386330325,0.0,0.0,0.0,0.0,0.0,model2,4.0,False,3066.0
1022,2015-05-09T23:00:00Z,40.0,168.9387107911268,437.0057107323866,100.08425003148778,39.46156659932462,14.82907437522347,58.19741873580003,9.37892691017782,4.876328478280598,0.0,0.0,0.0,0.0,0.0,model2,4.0,False,3069.0
1023,2015-05-10T02:00:00Z,40.0,168.38607289030116,437.1694495657711,100.19078427115092,40.002491892487114,14.835950128090325,59.839339946112034,9.437410585934481,5.1752420504854335,0.0,0.0,0.0,0.0,0.0,model2,4.0,False,3072.0
1024,2015-05-10T05:00:00Z,40.0,167.50610192135863,434.8737236553063,98.26678100848936,39.63873290985032,15.29617722572479,58.92318627266259,8.308713432177772,5.6435768726654185,0.0,0.0,0.0,0.0,0.0,model2,4.0,False,3075.0
1025,2015-05-10T08:00:00Z,40.0,168.43141526136395,432.9309158315244,99.34196336411007,39.82932046716007,15.530170418148296,57.73549953174442,9.12375464656288,5.756469427478247,0.0,0.0,0.0,0.0,0.0,model2,4.0,False,3078.0
1026,2015-05-10T11:00:00Z,40.0,167.0697019275001,427.04469737057235,99.23046121465624,39.72369915586194,14.579870817357989,60.210436177860146,8.593713126017095,5.7083160365477825,0.0,0.0,0.0,0.0,0.0,model2,4.0,False,3081.0
1027,2015-05-10T14:00:00Z,40.0,168.98458222474528,435.61893800967835,98.18254691625494,40.20122003937331,12.114857199555356,58.12102180646543,8.565192567668866,5.350797107598709,0.0,0.0,0.0,0.0,0.0,model2,4.0,False,3084.0
1028,2015-05-10T17:00:00Z,40.0,167.99860737597984,443.57736310815284,98.80817487442951,40.224336960297634,12.053459275158136,56.33110577079975,8.342743170311854,5.364114416310437,0.0,0.0,0.0,0.0,0.0,model2,4.0,False,3087.0
1029,2015-05-10T20:00:00Z,40.0,167.48907364156858,435.52026448325967,99.52827051881701,40.56368712797672,12.926811651497053,51.33658233166592,8.569267924902894,5.164941880032719,0.0,0.0,0.0,0.0,0.0,model2,4.0,False,3090.0
1030,2015-05-10T23:00:00Z,40.0,169.8427841392409,433.69518580828895,101.03588690925345,40.924921891264,13.790580142555212,45.483077951169726,8.534675056456306,5.298826889625778,0.0,0.0,0.0,0.0,0.0,model2,4.0,False,3093.0
1031,2015-05-11T02:00:00Z,40.0,169.5665450984175,438.8349799658346,100.86178848474972,40.62341184765923,12.850301193386706,43.562195889539225,8.608066802943847,4.990354683174455,0.0,0.0,0.0,0.0,0.0,model2,4.0,False,3096.0
1032,2015-05-11T05:00:00Z,40.0,169.8105780414014,444.9185797633858,102.07761484763563,39.928963245769054,12.80146910455467,53.26735759348229,8.279330994497926,4.471307607544479,0.0,0.0,0.0,0.0,0.0,model2,4.0,False,3099.0
1033,2015-05-11T08:00:00Z,40.0,170.5733960309419,450.50730999118827,100.45289893684188,40.15257113499463,12.809120286030849,49.835287274357796,7.431718272629068,3.893434042944558,0.0,0.0,0.0,0.0,0.0,model2,4.0,False,3102.0
1034,2015-05-11T11:00:00Z,40.0,170.62809698152,457.26381839067216,101.45619475394061,39.83119856508368,12.76339946289735,43.36392501816513,6.898953136542403,3.800007400365197,0.0,0.0,0.0,0.0,0.0,model2,4.0,False,3105.0
1035,2015-05-11T14:00:00Z,40.0,171.7008542154155,453.2901845137531,102.4378613042243,38.995558768757355,13.26712519156851,45.89322480952652,6.080350452656924,4.758765663865474,0.0,0.0,0.0,0.0,0.0,model2,4.0,False,3108.0
1036,2015-05-11T17:00:00Z,40.0,171.72260170758508,453.3318178320684,101.99282444451332,38.48407369740698,13.886628242688476,43.87700618954768,6.803908654192259,4.744506309967588,0.0,0.0,0.0,0.0,0.0,model2,4.0,False,3111.0
1037,2015-05-11T20:00:00Z,40.0,172.7743606515059,455.2758669136142,101.65912211648659,38.291178862176224,13.236251331650493,44.84106398825377,6.7096119925268844,5.458330740078024,0.0,0.0,0.0,0.0,0.0,model2,4.0,False,3114.0
1038,2015-05-11T23:00:00Z,40.0,169.85442878075045,449.9971549710185,99.78540406720516,38.17031295162753,13.967141640317152,51.776780155081866,7.2983663893885025,5.135629064343491,0.0,0.0,0.0,0.0,0.0,model2,4.0,False,3117.0
1039,2015-05-12T02:00:00Z,40.0,169.051409321542,450.0600986406492,98.54110644932385,38.44787326183828,15.641384259517233,55.36500826503771,9.325336163362003,5.3566245925834775,0.0,0.0,0.0,0.0,0.0,model2,4.0,False,3120.0
1040,2015-05-12T05:00:00Z,40.0,168.03899647771783,445.57505542312117,98.16754253027833,38.57766286623928,16.243237040006616,49.73926455247176,10.329195258695249,5.30748215259513,0.0,0.0,0.0,0.0,0.0,model2,4.0,False,3123.0
1041,2015-05-12T08:00:00Z,40.0,166.5727899349923,436.30873194009763,98.99951499979605,38.28435627533127,16.166585018249155,50.2427434003176,10.232998877398432,5.245161551351012,0.0,0.0,0.0,0.0,0.0,model2,4.0,False,3126.0
1042,2015-05-12T11:00:00Z,40.0,167.19174611439811,432.939612074549,99.07272985727907,38.32376877251557,16.289249125666718,53.34413565738511,10.597273729416305,5.415410459969841,0.0,0.0,0.0,0.0,0.0,model2,4.0,False,3129.0
1043,2015-05-12T14:00:00Z,40.0,165.38177790052367,433.50330519671166,99.44261377984516,39.14450464753548,15.99453493608474,51.14390988394992,11.37737496376914,4.784907945565748,0.0,0.0,0.0,0.0,0.0,model2,4.0,False,3132.0
1044,2015-05-12T17:00:00Z,40.0,165.74642540230712,432.0108245990385,99.56066847252804,39.04426586308187,15.887703464322033,50.92663179156269,10.99708852890998,4.768484402565124,0.0,0.0,1.0,0.0,0.0,model2,4.0,False,3135.0
1045,2015-05-12T20:00:00Z,40.0,165.8452990606026,433.31085638922997,99.06674798852087,39.885162072240355,17.027934135112165,49.057222430429256,11.079113208042235,4.5560301705943616,0.0,0.0,1.0,0.0,0.0,model2,4.0,False,3138.0
1046,2015-05-12T23:00:00Z,40.0,167.93592850446208,437.67962281879613,99.79313125778862,39.565567499773714,16.554452799099085,44.217771533033314,10.96763117730448,4.704869692351705,0.0,0.0,1.0,0.0,0.0,model2,4.0,False,3141.0
1047,2015-05-13T02:00:00Z,40.0,168.85366996500434,440.4301271044477,100.010836681736,39.442295301745155,17.202580561117326,43.91998161128094,8.871628154725475,4.891442939228439,0.0,0.0,1.0,0.0,0.0,model2,4.0,False,3144.0
1048,2015-05-13T05:00:00Z,40.0,169.6428443635815,441.6315289729227,98.37413298463149,39.635550464593,16.948198900890848,45.99562135563232,8.736709123044355,4.686610978098685,0.0,0.0,1.0,0.0,0.0,model2,4.0,False,3147.0
1049,2015-05-13T08:00:00Z,40.0,169.3013837281319,442.7930560866667,97.26179266898797,40.377631587561744,16.036132561101102,47.92259019836006,8.699904627858324,4.70447718353346,0.0,0.0,1.0,0.0,0.0,model2,4.0,False,3150.0
1050,2015-05-13T11:00:00Z,40.0,168.9313544505624,444.2987176014692,97.18965236290285,40.32176822948131,15.941185183597918,43.28592786803705,8.330859990830831,4.5968638643889586,0.0,0.0,1.0,0.0,0.0,model2,4.0,False,3153.0
1051,2015-05-13T14:00:00Z,40.0,169.22990738284363,448.7418282747686,97.30483039260858,40.311215778249924,15.770966010309193,43.59098321231446,7.702825569138928,4.628965871897631,0.0,0.0,1.0,0.0,0.0,model2,4.0,False,3156.0
1052,2015-05-13T17:00:00Z,40.0,168.81547341475553,453.50345336099184,97.64539474289226,40.881882786761174,17.341067846665936,43.5533974973804,8.324250267497645,4.513918959731074,0.0,0.0,0.0,0.0,0.0,model2,4.0,False,3159.0
1053,2015-05-13T20:00:00Z,40.0,165.90537039745263,457.53062621137565,99.20788669686104,40.07167475431415,16.084742029994896,47.914220523828966,9.074879433301431,3.994357050895844,0.0,0.0,0.0,0.0,0.0,model2,4.0,False,3162.0
1054,2015-05-13T23:00:00Z,40.0,165.7325545661336,458.34432573241315,99.11879808411,40.312578486670645,17.454247284990906,47.94504274808825,9.554519740023876,3.6146278503716616,0.0,0.0,0.0,0.0,0.0,model2,4.0,False,3165.0
1055,2015-05-14T02:00:00Z,40.0,165.71982834284404,464.7922095922813,99.74081143593209,39.53662795418093,15.671857783403073,51.345032790783776,9.552591717812273,4.031663826642303,0.0,0.0,0.0,0.0,0.0,model2,4.0,False,3168.0
1056,2015-05-14T05:00:00Z,40.0,165.4897681763058,462.0814002126706,103.48250357331293,39.85740190665136,16.413222929458357,51.6072834224582,10.222248904108076,4.007860649806508,0.0,0.0,0.0,0.0,0.0,model2,4.0,False,3171.0
1057,2015-05-14T08:00:00Z,40.0,166.09758647214383,467.23441140722383,104.933251690991,39.30564787244988,16.215899463180367,46.22112070685601,9.370004943132367,3.749501600373137,0.0,0.0,0.0,0.0,0.0,model2,4.0,False,3174.0
1058,2015-05-14T11:00:00Z,40.0,164.90453625621262,471.3774117640461,105.9903016431742,40.04133744098578,16.33761475624218,45.97608077221042,9.30493074186882,4.065345162742712,0.0,0.0,1.0,0.0,0.0,model2,4.0,False,3177.0
1059,2015-05-14T14:00:00Z,40.0,166.93492968875628,472.2626082088459,105.3428183937518,40.00408185260584,17.396564393944818,46.348653534528104,10.140217464860873,4.395057263449578,0.0,0.0,1.0,0.0,0.0,model2,4.0,False,3180.0
1060,2015-05-14T17:00:00Z,40.0,167.8307623295843,468.5873210918657,104.16767116813313,39.72813058209269,16.661174117774447,47.02490820705509,10.617863495055474,4.411242248022698,0.0,0.0,1.0,0.0,0.0,model2,4.0,False,3183.0
1061,2015-05-14T20:00:00Z,40.0,167.9580974910453,460.6127772074474,101.73121639987608,40.24684710382056,16.26962160736108,46.02675637815073,11.292597051190484,4.494627747532689,0.0,0.0,1.0,0.0,0.0,model2,4.0,False,3186.0
1062,2015-05-14T23:00:00Z,40.0,167.08948396344454,463.3219518009584,102.12848303157242,40.19878240004191,14.737551843612168,45.438948300452395,10.47167878729732,4.514503371470791,0.0,0.0,1.0,0.0,0.0,model2,4.0,False,3189.0
1063,2015-05-15T02:00:00Z,40.0,167.3357377686593,453.6537801969336,101.94673536190649,41.11591016659985,14.578807292642196,37.373955139247386,11.305145572857551,3.7748539781478456,0.0,0.0,1.0,0.0,0.0,model2,4.0,False,3192.0
1064,2015-05-15T05:00:00Z,40.0,168.6984647703154,450.992737698044,100.40413494125788,41.046991819130795,13.346964999911794,34.85998297971554,10.401765333471964,3.9205134828535257,0.0,0.0,1.0,0.0,0.0,model2,4.0,False,3195.0
1065,2015-05-15T08:00:00Z,40.0,169.47930164525238,446.3079359615775,99.48020625354373,40.60207618954614,13.768058170804448,37.92148616361482,10.709650084547826,4.482329809207163,0.0,0.0,1.0,0.0,0.0,model2,4.0,False,3198.0
1066,2015-05-15T11:00:00Z,40.0,170.33014027477563,448.89537573665916,98.50497227819321,39.6347720336445,13.624985620665347,42.35529189259008,10.654831466673642,4.358299286051103,0.0,0.0,0.0,0.0,0.0,model2,4.0,False,3201.0
1067,2015-05-15T14:00:00Z,40.0,167.85828760860144,446.8731031660659,98.68490850142227,39.37391622280587,13.02112035267078,47.16301200724404,10.138880422820886,4.025869436361663,0.0,0.0,0.0,0.0,0.0,model2,4.0,False,3204.0
1068,2015-05-15T17:00:00Z,40.0,165.59699360280962,448.6297972621352,100.98884819324722,39.39222653631924,14.042092094771585,46.5873133040246,10.808423470309458,3.8622613088422177,0.0,0.0,0.0,0.0,0.0,model2,4.0,False,3207.0
1069,2015-05-15T20:00:00Z,40.0,168.07385384236125,450.1313440756549,101.9697955796776,39.008225959142244,14.297101326303904,44.81447426841637,10.63173460555002,3.95706767168157,0.0,0.0,0.0,0.0,0.0,model2,4.0,False,3210.0
1070,2015-05-15T23:00:00Z,40.0,168.02563465811346,445.90706962407205,101.24506742898588,38.768668212531296,13.764872505223774,43.95919467966804,11.145946768190232,4.53367577307262,0.0,0.0,0.0,0.0,0.0,model2,4.0,False,3213.0
1071,2015-05-16T02:00:00Z,40.0,166.48463174255923,437.23680742176873,102.6251700459126,38.13092710407289,15.00380943088699,53.79294377797029,10.686280997358596,4.42139592906629,0.0,0.0,0.0,0.0,0.0,model2,4.0,False,3216.0
1072,2015-05-16T05:00:00Z,40.0,166.9620647913161,444.55728362780985,102.44576186695689,38.34663774072914,14.875703803917482,55.077554657637606,9.876722166627843,4.4480355860327645,0.0,0.0,0.0,0.0,0.0,model2,4.0,False,3219.0
1073,2015-05-16T08:00:00Z,40.0,166.69890943090525,445.9766324965997,103.41701552980331,39.05347420652476,14.794175558198292,53.014439235635386,9.590572573201387,4.083187760420752,0.0,0.0,0.0,0.0,0.0,model2,4.0,False,3222.0
1074,2015-05-16T11:00:00Z,40.0,167.9933446242967,437.32208429793184,102.95247275896628,39.81762898861992,14.935053533169851,49.42370410529478,9.273528260217876,4.346873561459808,0.0,0.0,0.0,0.0,0.0,model2,4.0,False,3225.0
1075,2015-05-16T14:00:00Z,40.0,172.3399920213396,439.60247580567017,102.33178945327101,40.58154731417493,17.096700289077347,44.52035550462767,9.470614986432238,4.320363498272145,0.0,0.0,0.0,0.0,0.0,model2,4.0,False,3228.0
1076,2015-05-16T17:00:00Z,40.0,175.29812770620467,439.47960471018985,101.24886660399024,40.141311343208706,14.88108851002337,44.99223477797762,9.593273648592016,4.397952743537768,0.0,0.0,0.0,0.0,0.0,model2,4.0,False,3231.0
1077,2015-05-16T20:00:00Z,40.0,177.01692251019531,438.9580445548761,100.8113258140956,40.11650890631861,16.687670391465062,48.26345144072607,9.854913396453169,4.251213514679005,0.0,0.0,0.0,0.0,0.0,model2,4.0,False,3234.0
1078,2015-05-16T23:00:00Z,40.0,177.8210017952623,439.73102820123694,101.43525932356114,40.40029908612753,16.544217295492253,53.49961163271957,9.38136089493747,3.9813268946501625,0.0,0.0,0.0,0.0,0.0,model2,4.0,False,3237.0
1079,2015-05-17T02:00:00Z,40.0,182.18021168974118,448.5323875732627,100.38367859982056,40.55796541430762,14.299547357881718,46.73560311442039,9.490995633457738,3.6939149584987097,0.0,0.0,0.0,0.0,0.0,model2,4.0,False,3240.0
1080,2015-05-17T05:00:00Z,40.0,183.51698855272969,446.19321743278573,100.44430450186675,40.385168059143254,14.151595199318919,52.470588417808045,10.417774778972511,3.953701291659966,0.0,0.0,0.0,0.0,0.0,model2,4.0,False,3243.0
1081,2015-05-17T08:00:00Z,40.0,184.21607227648946,444.7458274231003,98.01577310163269,40.33224924761966,14.693841204396096,51.75785371494375,11.176991141210575,4.019015183759241,0.0,0.0,0.0,0.0,0.0,model2,4.0,False,3246.0
1082,2015-05-17T11:00:00Z,40.0,185.39640799763112,443.68553277913367,97.81125656472342,40.023728498786376,13.851555329732914,50.6267752884605,10.962716850154102,3.7129371328835705,0.0,0.0,0.0,0.0,0.0,model2,4.0,False,3249.0
1083,2015-05-17T14:00:00Z,40.0,185.62431546721928,441.6463605748476,98.24897408409299,39.775329567058,14.332156851487827,49.990383247888325,11.110730376626663,3.67996661206685,0.0,0.0,0.0,0.0,0.0,model2,4.0,False,3252.0
1084,2015-05-17T17:00:00Z,40.0,186.879114175864,444.65206216582703,98.21980584821587,40.287681046101724,12.989325549613119,52.31516326313134,10.35083234520181,3.557148958714075,0.0,0.0,0.0,0.0,0.0,model2,4.0,False,3255.0
1085,2015-05-17T20:00:00Z,40.0,187.17052794180213,446.73391783620764,97.78867871920248,40.741760067225364,12.739309314944807,50.64998724935252,10.676676602092558,3.6055183753653193,0.0,0.0,0.0,0.0,0.0,model2,4.0,False,3258.0
1086,2015-05-17T23:00:00Z,40.0,188.89554926904881,447.5606406766524,97.42067504627302,40.32043991753496,11.519152246766946,47.26487365148361,10.567144841418301,3.8774021829871694,0.0,0.0,0.0,0.0,0.0,model2,4.0,False,3261.0
1087,2015-05-18T02:00:00Z,40.0,190.5939530242035,447.7524160881897,97.14071306907871,40.54528946058093,12.973262521700544,45.52851536718109,9.796327067399936,3.857412656209452,0.0,0.0,0.0,0.0,0.0,model2,4.0,False,3264.0
1088,2015-05-18T05:00:00Z,40.0,189.75266887423385,452.467504748202,96.87315434084455,40.421823572819186,14.041086342521785,38.98570614038053,9.013933016159868,3.8330574748383546,0.0,0.0,0.0,0.0,0.0,model2,4.0,False,3267.0
1089,2015-05-18T08:00:00Z,40.0,190.3486986086325,464.0183830225483,98.45857661488569,39.97076705717394,12.507403713764178,44.205098082331865,7.6636093428717675,4.049354230200967,0.0,0.0,0.0,0.0,0.0,model2,4.0,False,3270.0
1090,2015-05-18T11:00:00Z,40.0,190.10893113520518,470.1042490162117,97.02618529496576,39.49610639951322,13.522804411166742,40.81380334769526,8.794026733323655,4.441874392523118,0.0,0.0,0.0,0.0,0.0,model2,4.0,False,3273.0
1091,2015-05-18T14:00:00Z,40.0,187.6785801453164,464.68231511472834,97.90070602472082,39.90144554003623,14.360913666254305,45.45019401279247,10.050649021317582,4.8077377051326815,0.0,0.0,0.0,0.0,0.0,model2,4.0,False,3276.0
1092,2015-05-18T17:00:00Z,40.0,185.43713537228714,461.4330175453469,96.5410798917098,39.77080070922449,16.16843730371422,48.40255886834807,10.012768594010968,4.834412581067432,0.0,0.0,0.0,0.0,0.0,model2,4.0,False,3279.0
1093,2015-05-18T20:00:00Z,40.0,182.22478661727334,462.6699790077526,98.45391295099778,39.240585319611746,16.408142268171552,48.305891668992864,10.837289752894144,4.66971523172127,0.0,0.0,0.0,0.0,0.0,model2,4.0,False,3282.0
1094,2015-05-18T23:00:00Z,40.0,181.16533503968486,466.27758756239405,98.7694561218882,39.84532544223587,16.853656124032277,52.10302709989283,11.898673442217946,4.850362329391717,0.0,0.0,0.0,0.0,0.0,model2,4.0,False,3285.0
1095,2015-05-19T02:00:00Z,40.0,176.4305219815683,471.7410114616856,98.14261223441471,39.580774551049146,14.049803643404164,51.94841303041687,12.108008756226553,4.8643429171065975,0.0,0.0,0.0,0.0,0.0,model2,4.0,False,3288.0
1096,2015-05-19T05:00:00Z,40.0,177.07639742776715,470.73293816062517,96.53224562115022,39.54702293077909,13.622226558775285,51.98315505414569,11.816438842603178,4.8508119553995845,0.0,0.0,0.0,0.0,0.0,model2,4.0,False,3291.0
1097,2015-05-19T08:00:00Z,40.0,175.94516176779248,470.0708226783687,97.58683792700373,40.62176140871642,15.958622559934225,51.94914163296879,12.382225211366293,5.536445386095713,0.0,0.0,0.0,0.0,0.0,model2,4.0,False,3294.0
1098,2015-05-19T11:00:00Z,40.0,174.09902974905125,469.1379404366344,99.19958865495386,40.67910741743293,15.136152389596612,53.299170588686074,11.6441436790538,5.387414292702407,0.0,0.0,0.0,0.0,0.0,model2,4.0,False,3297.0
1099,2015-05-19T14:00:00Z,40.0,173.53298941203872,477.3662656027599,98.90583370069008,40.546119427192686,15.167812343098564,48.70652859392339,10.71185080589314,5.273454757166155,0.0,0.0,0.0,0.0,0.0,model2,4.0,False,3300.0
1100,2015-05-19T17:00:00Z,40.0,173.9303588415495,475.3467724679791,99.2836466939742,40.32784392542647,14.703599792314884,48.04491818629254,10.83296592439565,5.4434961668640005,0.0,0.0,0.0,0.0,0.0,model2,4.0,False,3303.0
1101,2015-05-19T20:00:00Z,40.0,174.15863769061644,472.6401145859224,97.9571807198584,40.63249062084646,15.394369697955124,51.255537851467025,9.101568357368974,5.3575723030518185,0.0,0.0,0.0,0.0,0.0,model2,4.0,False,3306.0
1102,2015-05-19T23:00:00Z,40.0,173.88556767286778,466.976363267049,97.73530379415678,40.91663180033817,14.886658917132321,46.93372555994972,8.254955416897467,4.9908064643540575,0.0,0.0,0.0,0.0,0.0,model2,4.0,False,3309.0
1103,2015-05-20T02:00:00Z,40.0,173.18660235231366,461.53485425992926,98.70311415737906,41.26316187097583,15.217833035198698,44.672986528948506,7.985899460246258,5.0422393123182365,0.0,0.0,0.0,0.0,0.0,model2,4.0,False,3312.0
1104,2015-05-20T05:00:00Z,40.0,171.3376116963825,464.912863948512,100.14207834370836,41.02374502409987,15.776454807458606,49.96099409618545,8.186824885819385,5.286172994868816,0.0,0.0,0.0,0.0,0.0,model2,4.0,False,3315.0
1105,2015-05-20T08:00:00Z,40.0,169.40079340361459,451.3428666659674,99.25404160401736,40.667600754885406,14.612634807924067,49.33792601341936,7.8325414980013885,4.573943579557423,0.0,0.0,0.0,0.0,0.0,model2,4.0,False,3318.0
1106,2015-05-20T11:00:00Z,40.0,170.10383632923697,457.151055377939,99.09938992452787,41.22625506258756,15.533364754444882,53.375809877689974,8.474990658080541,4.7942993878734335,0.0,0.0,0.0,0.0,0.0,model2,4.0,False,3321.0
1107,2015-05-20T14:00:00Z,40.0,170.4574695660892,459.1478929092015,98.5212749180176,41.037983063906495,14.652660906756791,56.09575406654103,8.455570304255755,4.995326470314205,0.0,0.0,0.0,0.0,0.0,model2,4.0,False,3324.0
1108,2015-05-20T17:00:00Z,40.0,171.87088748775173,459.3284795453888,98.61223262150119,41.30719494874551,15.681892242988484,57.51692991113984,8.161314614494032,4.629391817812015,0.0,0.0,0.0,0.0,0.0,model2,4.0,False,3327.0
1109,2015-05-20T20:00:00Z,40.0,173.31176320789803,461.70000224235224,98.04302597225978,41.22778579593197,15.55587323659013,57.30923925967321,9.037606673103717,4.532382335338104,0.0,0.0,0.0,0.0,0.0,model2,4.0,False,3330.0
1110,2015-05-20T23:00:00Z,40.0,172.39881542895768,463.5944976811966,97.53035018898429,40.557973600353066,15.278134675872755,56.309401010960855,8.732578630726605,4.623752305085395,0.0,0.0,0.0,0.0,0.0,model2,4.0,False,3333.0
1111,2015-05-21T02:00:00Z,40.0,174.4261350708363,468.2009069605246,98.04629118989858,40.77304464878772,15.238247205320606,57.00504889434179,9.061185123072756,4.470640320893856,0.0,0.0,0.0,0.0,0.0,model2,4.0,False,3336.0
1112,2015-05-21T05:00:00Z,40.0,172.98548630157345,464.3425259728169,98.04446573628864,41.268860315032455,14.994672812044337,54.03274091373075,8.829425693854867,4.20425397980623,0.0,0.0,0.0,0.0,0.0,model2,4.0,False,3339.0
1113,2015-05-21T08:00:00Z,40.0,172.26668800869282,468.4935167511094,98.54069772562151,40.476593089728645,15.946129661462464,50.67017584971647,9.159985114363595,4.769341598201226,0.0,0.0,0.0,0.0,0.0,model2,4.0,False,3342.0
1114,2015-05-21T11:00:00Z,40.0,171.351703472136,464.34049022531616,97.45542659907518,40.233241585706345,16.732924433942685,51.025934501470786,8.846992492461409,4.444474182069454,0.0,0.0,0.0,0.0,0.0,model2,4.0,False,3345.0
1115,2015-05-21T14:00:00Z,40.0,170.48449029396866,470.7617825384694,96.86771909561405,39.32037333133816,17.118483752770473,53.66640580917004,9.082028573684838,5.057937941954611,0.0,0.0,0.0,0.0,0.0,model2,4.0,False,3348.0
1116,2015-05-21T17:00:00Z,40.0,167.9173169002419,471.7860115840876,97.74949008362783,39.39637531204754,16.724957150511642,50.24110677034443,9.182078597367788,5.487263519836674,0.0,0.0,0.0,0.0,0.0,model2,4.0,False,3351.0
1117,2015-05-21T20:00:00Z,40.0,166.13114847953574,470.1156179119094,99.99258697662228,39.60761059698749,16.638057158754993,50.67286879859133,9.222466491519086,5.562848819716676,0.0,0.0,0.0,0.0,0.0,model2,4.0,False,3354.0
1118,2015-05-21T23:00:00Z,40.0,163.962210738422,475.100782321508,101.65325693533288,39.91684385403881,17.06994907833094,50.94635570202678,9.163041513246052,5.585876153519132,0.0,0.0,0.0,0.0,0.0,model2,4.0,False,3357.0
1119,2015-05-22T02:00:00Z,40.0,164.2980074804147,469.643774042719,101.02762249360062,39.481597165832355,17.16361749319227,52.67701941891722,9.429280010092805,5.758455554794872,0.0,0.0,0.0,0.0,0.0,model2,4.0,False,3360.0
1120,2015-05-22T05:00:00Z,40.0,166.56631173652212,471.1235185535919,100.94103086975386,39.2003156966931,17.222435305002993,51.86365988140953,8.997532787488291,5.551209948951169,0.0,0.0,0.0,0.0,0.0,model2,4.0,False,3363.0
1121,2015-05-22T08:00:00Z,40.0,170.96269227812076,474.0103600621214,101.70144694391315,39.004510237013065,17.454161227793538,51.61612389089795,10.161095226325179,5.532047912934686,0.0,0.0,0.0,0.0,0.0,model2,4.0,False,3366.0
1122,2015-05-22T11:00:00Z,40.0,172.94870804742112,463.8811159130568,102.68264256761637,39.37729334254665,17.21841084034769,54.801758278933036,9.391566953721195,5.535266652781725,0.0,0.0,0.0,0.0,0.0,model2,4.0,False,3369.0
1123,2015-05-22T14:00:00Z,40.0,176.10660271070796,454.08230154872535,102.04130058916522,40.38250852514752,18.20852468361544,46.9273273229872,11.641361925429996,4.735489567205561,0.0,0.0,0.0,0.0,0.0,model2,4.0,False,3372.0
1124,2015-05-22T17:00:00Z,40.0,177.1313492000696,452.2203646719952,102.24168987294719,39.88829903214357,17.51322794039599,52.76216786106537,11.6959315198458,4.410595802683664,0.0,0.0,0.0,0.0,0.0,model2,4.0,False,3375.0
1125,2015-05-22T20:00:00Z,40.0,178.08345311112325,453.6954087144087,101.00329689922718,39.93226737657825,15.982070565444607,49.498941179634244,11.742392433722491,4.419876592583211,0.0,0.0,0.0,0.0,0.0,model2,4.0,False,3378.0
1126,2015-05-22T23:00:00Z,40.0,179.56822925662513,443.7003894312113,99.92225013138253,39.79595014798974,15.084438776847088,49.807334290569344,11.450965966416955,4.240476579663028,0.0,0.0,0.0,0.0,0.0,model2,4.0,False,3381.0
1127,2015-05-23T02:00:00Z,40.0,177.5185486012836,441.1800064034781,101.11969660349432,40.12625612664836,16.394634600469782,50.89225828479992,11.630641700479414,3.8937036087102617,0.0,0.0,0.0,0.0,0.0,model2,4.0,False,3384.0
1128,2015-05-23T05:00:00Z,40.0,177.4692690689183,430.4855816319435,101.27292140615452,40.560515573509434,17.11077878373214,52.31642247366971,11.785037871223311,3.9922282038407055,0.0,0.0,0.0,0.0,0.0,model2,4.0,False,3387.0
1129,2015-05-23T08:00:00Z,40.0,174.39910718923255,433.4306699333143,99.73595037204952,42.62983046502922,16.485050265376877,51.06566506431306,10.736294241249722,4.527048474414382,0.0,0.0,0.0,0.0,0.0,model2,4.0,False,3390.0
1130,2015-05-23T11:00:00Z,40.0,172.66230486622888,435.120047728567,100.66405067234716,42.21168571023638,16.111614590765267,49.862158177303655,11.456697212732987,4.640684277910717,0.0,0.0,0.0,0.0,0.0,model2,4.0,False,3393.0
1131,2015-05-23T14:00:00Z,40.0,169.17457947953488,438.999178068504,101.19448600866772,41.94057783749209,13.970949830681059,53.387980618262425,9.871356925945637,4.617831998721809,0.0,0.0,0.0,0.0,0.0,model2,4.0,False,3396.0
1132,2015-05-23T17:00:00Z,40.0,168.49663627612182,440.3922589790831,100.24635928384872,41.5100692751256,13.682412194400065,49.496779084710646,10.84828990404185,5.1041088525308735,0.0,0.0,0.0,0.0,0.0,model2,4.0,False,3399.0
1133,2015-05-23T20:00:00Z,40.0,168.34424758894397,442.2020035963856,100.6464900437546,41.69307993862765,13.911187874411334,53.46820655384247,10.382268147508407,5.7081172883518265,0.0,0.0,0.0,0.0,0.0,model2,4.0,False,3402.0
1134,2015-05-23T23:00:00Z,40.0,168.5239464279426,441.80471424134146,102.42696626473456,41.98857660315192,12.648121688313005,52.98921593103877,10.947720873263568,5.958216511088492,0.0,0.0,0.0,0.0,0.0,model2,4.0,False,3405.0
1135,2015-05-24T02:00:00Z,40.0,169.53207284155897,445.35163219949305,100.2763062594457,41.81956410043992,12.083741096324033,52.80747884933429,11.41106306352626,5.98013469113216,0.0,0.0,0.0,0.0,0.0,model2,4.0,False,3408.0
1136,2015-05-24T05:00:00Z,40.0,170.44635204416133,456.01504833294433,99.8280432284519,41.34276865173498,14.451848529406245,48.36531380207745,11.230692648903757,6.123965190534692,0.0,0.0,0.0,0.0,0.0,model2,4.0,False,3411.0
1137,2015-05-24T08:00:00Z,40.0,171.53585463877903,451.4404030318947,101.56719989595436,39.92431145647204,14.098662901773743,48.470274582102974,12.237963396693766,4.802295802342093,0.0,0.0,0.0,0.0,0.0,model2,4.0,False,3414.0
1138,2015-05-24T11:00:00Z,40.0,171.34359766842888,459.6180646817122,100.8823716489569,39.84550552616319,13.396853789502243,46.93294182674349,11.841450132645221,4.856962032106721,0.0,0.0,0.0,0.0,0.0,model2,4.0,False,3417.0
1139,2015-05-24T14:00:00Z,40.0,171.62482338762658,457.3077374215664,103.63841750586695,39.64904970549286,12.826609465397382,44.93891143762429,12.239196660020964,4.817569484289826,0.0,0.0,0.0,0.0,0.0,model2,4.0,False,3420.0
1140,2015-05-24T17:00:00Z,40.0,173.2128591981028,452.4049993049552,105.12578541507824,40.057653340189745,12.526088424077908,45.01327993986156,11.130547186726739,4.399064073833551,0.0,0.0,0.0,0.0,0.0,model2,4.0,False,3423.0
1141,2015-05-24T20:00:00Z,40.0,172.27425975239467,451.1326730954349,105.21129664707695,39.08188748907507,12.224286442970556,43.93565338592312,11.45739815929041,4.009913643865564,0.0,0.0,0.0,0.0,0.0,model2,4.0,False,3426.0
1142,2015-05-24T23:00:00Z,40.0,174.13063973654155,451.634586749374,103.56963949078205,38.459783679280854,13.429568548550227,45.11915188952008,11.302116436098053,4.666034084568295,0.0,0.0,0.0,0.0,0.0,model2,4.0,False,3429.0
1143,2015-05-25T02:00:00Z,40.0,173.2825527262003,451.0924438425172,105.13217804673113,37.84934889610382,14.477538593845207,43.662486425142575,10.204533772404874,4.70235227391643,0.0,0.0,0.0,0.0,0.0,model2,4.0,False,3432.0
1144,2015-05-25T05:00:00Z,40.0,173.1304168010038,441.10136888112714,106.39836587648723,37.78573900485731,11.681903785922973,41.31576089419454,9.795175116250233,4.969831252650169,0.0,0.0,0.0,0.0,0.0,model2,4.0,False,3435.0
1145,2015-05-25T08:00:00Z,40.0,171.3410024993527,444.86271716993804,105.1107379541519,37.36863549388258,13.576167716681134,43.21071864565276,9.365659248667967,4.873705156709639,0.0,0.0,0.0,0.0,0.0,model2,4.0,False,3438.0
1146,2015-05-25T11:00:00Z,40.0,172.96465277075828,441.7551256046334,104.888568308177,37.242479244119714,13.835949477461927,40.636845955637945,9.267897393220174,4.778097069990904,0.0,0.0,0.0,0.0,0.0,model2,4.0,False,3441.0
1147,2015-05-25T14:00:00Z,40.0,172.055176037123,435.5811726985089,103.80403883987844,37.229691027621314,15.212027964655727,39.534016763518494,7.637992909465313,5.03354660728547,0.0,0.0,0.0,0.0,0.0,model2,4.0,False,3444.0
1148,2015-05-25T17:00:00Z,40.0,172.1763422258413,442.7542869932857,103.04276808857071,37.10543662390261,15.172937874129998,43.37920034993918,7.490911127021723,5.3109286375339195,0.0,0.0,0.0,0.0,0.0,model2,4.0,False,3447.0
1149,2015-05-25T20:00:00Z,40.0,171.20490488056558,441.3734270466034,102.72675739559608,37.520101396439664,16.32231386002527,40.34203434342094,7.084625474976053,5.380401723607992,0.0,0.0,0.0,0.0,0.0,model2,4.0,False,3450.0
1150,2015-05-25T23:00:00Z,40.0,169.39418445191944,452.9937696359243,102.23969042038617,37.4298764670132,14.988414071711324,49.88494629464756,7.689620812863004,4.3477181863434815,0.0,0.0,0.0,0.0,0.0,model2,4.0,False,3453.0
1151,2015-05-26T02:00:00Z,40.0,170.02926244272683,448.42702841133325,101.30479447376408,37.57171323954094,13.656902484806313,51.18199937321205,7.3655012406940195,4.317749882515857,0.0,0.0,0.0,0.0,0.0,model2,4.0,False,3456.0
1152,2015-05-26T05:00:00Z,40.0,167.5826758039253,453.4978744459359,100.17052042301107,38.15858478119908,14.146540600087235,51.0767541560059,7.334165816887505,4.1893838591134065,0.0,0.0,0.0,0.0,0.0,model2,4.0,False,3459.0
1153,2015-05-26T08:00:00Z,40.0,168.96228995742788,456.50176874204317,100.39859258229622,38.62947650250936,13.740788100003858,51.442462341520866,7.3806568541429876,4.153189385203582,0.0,0.0,0.0,0.0,0.0,model2,4.0,False,3462.0
1154,2015-05-26T11:00:00Z,40.0,167.6190089466966,457.6863311090953,99.64396744019659,39.29136096497624,13.378253307316482,53.9841732877621,7.675643576477034,4.3358547499024205,0.0,0.0,0.0,0.0,0.0,model2,4.0,False,3465.0
1155,2015-05-26T14:00:00Z,40.0,168.87236508102268,461.20165311110986,98.86082795368904,39.60662560638983,12.600440924062836,51.92391829426546,7.715572905962452,4.2285142140205165,0.0,0.0,0.0,0.0,0.0,model2,4.0,False,3468.0
1156,2015-05-26T17:00:00Z,40.0,166.47239735247288,460.1886889835742,96.83302115194284,40.20962138005513,12.21931171602641,50.21269929496321,8.649808686198364,4.371873073017119,0.0,0.0,0.0,0.0,0.0,model2,4.0,False,3471.0
1157,2015-05-26T20:00:00Z,40.0,169.33138326528768,460.67613754390055,98.75792789057668,40.31438486629032,12.175271429648022,49.44696190645618,10.836224276379184,4.360536457305389,0.0,0.0,0.0,0.0,0.0,model2,4.0,False,3474.0
1158,2015-05-26T23:00:00Z,40.0,171.51134469185416,450.4567723011969,99.07768643127709,40.50863860812746,13.38707085019063,39.40506171952313,10.519194462307034,4.39877279540364,0.0,0.0,0.0,0.0,0.0,model2,4.0,False,3477.0
1159,2015-05-27T02:00:00Z,40.0,169.34473626474414,459.04114333536415,98.47817624023949,40.17957823423539,15.501190703724408,37.36311750279703,11.06249355029106,5.321365385744606,0.0,0.0,0.0,0.0,0.0,model2,4.0,False,3480.0
1160,2015-05-27T05:00:00Z,40.0,169.1572541596343,458.6519656267008,97.23553257864094,38.933091130919536,15.643664109587537,35.235983995976355,11.26219136235008,5.89759381603487,0.0,0.0,0.0,0.0,0.0,model2,4.0,False,3483.0
1161,2015-05-27T08:00:00Z,40.0,167.7012326163669,454.51446157022485,97.30371812819165,38.76556297040483,15.657554345478676,37.97902302682394,11.619387173366293,6.1409417471163295,0.0,0.0,0.0,0.0,0.0,model2,4.0,False,3486.0
1162,2015-05-27T11:00:00Z,40.0,168.24107128700334,458.71016541259803,99.04404618826912,38.29006715038898,15.658047661400476,36.915850870653415,11.639683286150431,5.978507997671271,0.0,0.0,0.0,0.0,0.0,model2,4.0,False,3489.0
1163,2015-05-27T14:00:00Z,40.0,169.17838852180725,453.4863706277318,98.83971529990538,38.15378571048696,15.761204386129403,40.98162635825903,14.676128080134456,5.92490743925214,0.0,0.0,0.0,0.0,0.0,model2,4.0,False,3492.0
1164,2015-05-27T17:00:00Z,40.0,169.91042024192353,456.7807901935258,100.77748301299243,38.03657582281321,15.325963612094151,43.50052211020793,13.846786195686946,5.420995361960659,0.0,0.0,0.0,0.0,0.0,model2,4.0,False,3495.0
1165,2015-05-27T20:00:00Z,40.0,168.49378159382147,456.7247204697704,98.72751295751353,38.21704714257764,15.307131849307739,44.42221527537694,12.570827102879027,5.1269236544654575,0.0,0.0,0.0,0.0,0.0,model2,4.0,False,3498.0
1166,2015-05-27T23:00:00Z,40.0,168.24421626087695,461.3786586606311,99.1251957443347,38.33834859575226,15.524336933685042,43.61696850841449,13.017002997934313,5.025339093113955,0.0,0.0,0.0,0.0,0.0,model2,4.0,False,3501.0
1167,2015-05-28T02:00:00Z,40.0,171.2246383352349,466.1956324636462,99.41938569295972,39.41697892125104,14.758366822499001,51.33861112124814,12.771849409791573,4.362520293581301,0.0,0.0,0.0,0.0,0.0,model2,4.0,False,3504.0
1168,2015-05-28T05:00:00Z,40.0,171.31497505845982,466.0515477884052,100.91075544768204,40.314132993133114,13.918181478382197,52.83044790680093,12.09082730367747,3.6456737244343698,0.0,0.0,0.0,0.0,0.0,model2,4.0,False,3507.0
1169,2015-05-28T08:00:00Z,40.0,175.23714379530895,464.16570957296403,100.45012417877108,40.39599015304977,14.355374089052168,50.012824461286705,12.121181965974458,3.167385198840849,0.0,0.0,0.0,0.0,0.0,model2,4.0,False,3510.0
1170,2015-05-28T11:00:00Z,40.0,175.377675460431,455.90247179752885,100.14505204709269,40.61780257580092,14.625097084703286,49.57147370673539,11.953321234297853,4.041574434924413,0.0,0.0,0.0,0.0,0.0,model2,4.0,False,3513.0
1171,2015-05-28T14:00:00Z,40.0,175.66436826783166,467.8508515047431,101.29630099201343,40.44353568580038,15.210447400974795,49.34465431932888,7.7586590118509875,3.9347220562008265,0.0,0.0,0.0,0.0,0.0,model2,4.0,False,3516.0
1172,2015-05-28T17:00:00Z,40.0,174.88542652024913,460.35856851524767,101.25990012148115,40.38010630727728,16.09042985994358,56.74936776478217,8.428184426717833,4.242966246429504,0.0,0.0,0.0,0.0,0.0,model2,4.0,False,3519.0
1173,2015-05-28T20:00:00Z,40.0,173.4678737056808,455.55209925395263,100.54043240030443,40.778945046112426,16.408679904116177,59.873236504975864,8.940544447078233,4.444039729670373,0.0,0.0,0.0,0.0,0.0,model2,4.0,False,3522.0
1174,2015-05-28T23:00:00Z,40.0,173.66100238327599,454.1022422952994,100.1657697435648,40.81625447329153,16.116877064986365,59.2052845701045,8.778822400538846,5.036286757566123,0.0,0.0,0.0,0.0,0.0,model2,4.0,False,3525.0
1175,2015-05-29T02:00:00Z,40.0,172.5338230773965,441.6648318856018,101.39936842077742,40.97232660883369,15.332959737575893,50.23374341651577,8.981734569596806,5.289065759987554,0.0,0.0,0.0,0.0,0.0,model2,4.0,False,3528.0
1176,2015-05-29T05:00:00Z,40.0,172.28212372117375,436.45975358928075,100.3446864143677,39.8214407118495,15.637168106636492,51.127411576486814,9.575087619830787,6.154807412090591,0.0,0.0,0.0,0.0,0.0,model2,4.0,False,3531.0
1177,2015-05-29T08:00:00Z,40.0,168.682052965227,435.04481021158966,100.33131860018601,40.544249771954775,14.180873623439375,51.92702170957591,9.06844501435973,6.655628293288545,0.0,0.0,0.0,0.0,0.0,model2,4.0,False,3534.0
1178,2015-05-29T11:00:00Z,40.0,169.88017397896516,446.3214863838445,98.61872984275743,40.543261768617896,14.435855567116725,57.70136972910368,9.823654094202043,6.145051677318479,0.0,0.0,0.0,0.0,0.0,model2,4.0,False,3537.0
1179,2015-05-29T14:00:00Z,40.0,170.5484069594217,442.689511888893,97.5306353769572,40.49531777542157,14.65219981681334,53.75208254694454,9.11536509550712,6.223932356620235,0.0,0.0,0.0,0.0,0.0,model2,4.0,False,3540.0
1180,2015-05-29T17:00:00Z,40.0,172.04381979803279,451.7075655655951,96.4282392510508,40.407924513964026,13.780904623631466,50.4461083966557,8.506765456637899,6.127951833494338,0.0,0.0,0.0,0.0,0.0,model2,4.0,False,3543.0
1181,2015-05-29T20:00:00Z,40.0,174.42679527358376,452.4103933494675,95.555816809296,39.76573408091568,12.766015968970333,49.0816298493267,9.16668406375273,5.98682239945446,0.0,0.0,0.0,0.0,0.0,model2,4.0,False,3546.0
1182,2015-05-29T23:00:00Z,40.0,172.10856920310798,451.87432822947227,96.59400506941212,39.959702333666456,13.231286981168694,50.03846100535635,9.399686348250249,5.7252771774106135,0.0,0.0,0.0,0.0,0.0,model2,4.0,False,3549.0
1183,2015-05-30T02:00:00Z,40.0,170.97210174557242,456.6839650671547,95.79151665274952,39.93688920318977,13.861904642329225,51.368528717715314,8.430002524896434,5.643308228490901,0.0,0.0,0.0,0.0,0.0,model2,4.0,False,3552.0
1184,2015-05-30T05:00:00Z,40.0,172.1861357394273,460.74890897168785,97.50902334655187,41.261656499703285,13.024680264201985,47.177005996074065,9.574160652545164,4.387897647310522,0.0,0.0,0.0,0.0,0.0,model2,4.0,False,3555.0
1185,2015-05-30T08:00:00Z,40.0,173.24104362519031,458.1228280920138,97.37766777225815,40.66864635156385,12.193277078248384,50.0771757604708,9.521372393695591,3.693487241817087,0.0,0.0,0.0,0.0,0.0,model2,4.0,False,3558.0
1186,2015-05-30T11:00:00Z,40.0,171.76642935067997,446.7918951323449,100.71307462387352,40.38222940587451,13.9532642915229,47.51843170092865,10.70042658164621,3.8416848039619365,0.0,0.0,0.0,0.0,0.0,model2,4.0,False,3561.0
1187,2015-05-30T14:00:00Z,40.0,169.59520510028776,442.3022399093597,100.90160485422486,40.82917371227983,13.022317329463535,47.053138353418596,10.717276728550416,3.975084158572767,0.0,0.0,0.0,0.0,0.0,model2,4.0,False,3564.0
1188,2015-05-30T17:00:00Z,40.0,168.42224005997096,440.3243993299405,102.5582722564053,40.6343611729337,14.979827816273911,45.63159467993313,10.894887086780946,4.319617031881909,0.0,0.0,0.0,0.0,0.0,model2,4.0,False,3567.0
1189,2015-05-30T20:00:00Z,40.0,167.39471733361358,446.6460343525769,104.58053715615787,40.47358335246739,14.690640792745445,45.02433041658973,9.198573836071652,4.452996083627497,0.0,0.0,0.0,0.0,0.0,model2,4.0,False,3570.0
1190,2015-05-30T23:00:00Z,40.0,168.44050028624858,446.94178731676146,103.26197633679035,40.260456588590884,13.871030936114987,43.75637527479979,10.067950627909342,4.307105582153049,0.0,0.0,0.0,0.0,0.0,model2,4.0,False,3573.0
1191,2015-05-31T02:00:00Z,40.0,170.10175611132047,445.15690360844144,101.15281299626604,39.62652205868609,13.585800478638149,44.89083565894961,12.771243414311163,3.972933314801411,0.0,0.0,0.0,0.0,0.0,model2,4.0,False,3576.0
1192,2015-05-31T05:00:00Z,40.0,168.5535163844054,445.13114462056836,99.44964474830714,39.247600036713,14.720709533166128,44.21724371873948,12.323770828610876,4.922192906375439,0.0,0.0,0.0,0.0,0.0,model2,4.0,False,3579.0
1193,2015-05-31T08:00:00Z,40.0,167.8519756624489,448.51482316361336,99.58636415853505,38.991618801226956,14.892183288053086,48.805431576083905,12.058491769638655,4.947595269954424,0.0,0.0,0.0,0.0,0.0,model2,4.0,False,3582.0
1194,2015-05-31T11:00:00Z,40.0,166.52738119779536,455.2751450704045,98.99561923305643,39.21789465155807,13.075977729829154,46.90418771372251,11.604821449229634,5.130939171672158,0.0,0.0,0.0,0.0,0.0,model2,4.0,False,3585.0
1195,2015-05-31T14:00:00Z,40.0,164.73256219314794,455.7342414845172,99.71893447922754,38.97047490890034,14.770105195306606,46.4742399008609,11.944998132682246,4.905971300443097,0.0,0.0,0.0,0.0,0.0,model2,4.0,False,3588.0
1196,2015-05-31T17:00:00Z,40.0,166.88130426826612,449.67954705206427,99.07139980429035,39.2763530588857,15.19580921562412,44.768657895485774,11.090825449359341,4.72450432772846,0.0,0.0,0.0,0.0,0.0,model2,4.0,False,3591.0
1197,2015-05-31T20:00:00Z,40.0,165.14916509054189,449.40526594797234,98.83534534394384,38.89820042131503,15.949364081148648,52.094539910267365,11.517031085363966,4.892143821053869,0.0,0.0,0.0,0.0,0.0,model2,4.0,False,3594.0
1198,2015-05-31T23:00:00Z,40.0,164.6694883909298,454.54693419285286,99.74203221069928,39.192500682144,16.759365401453387,54.08285230965026,11.41703964872663,5.20784316323255,0.0,0.0,0.0,0.0,0.0,model2,4.0,False,3597.0
1199,2015-06-01T02:00:00Z,40.0,165.55570930442482,454.159316441241,102.74559238832217,38.84673123704509,18.05639625863989,50.420722175420416,10.859624168765528,5.260804230297258,0.0,0.0,0.0,0.0,0.0,model2,4.0,False,3600.0
1200,2015-06-01T05:00:00Z,40.0,167.02151845068857,456.1375884312277,103.77760911695593,38.97678570665475,17.712271918277615,50.40061907124762,10.232355463722133,4.434821847797298,0.0,0.0,0.0,0.0,0.0,model2,4.0,False,3603.0
1201,2015-06-01T08:00:00Z,40.0,165.48997789092687,456.34214601767405,107.09558374780373,39.08855962574845,18.604424677550185,44.93402906663825,12.995797215110686,4.8189050982693935,0.0,0.0,0.0,0.0,0.0,model2,4.0,False,3606.0
1202,2015-06-01T11:00:00Z,40.0,166.124133944872,448.06334019599717,109.78872050885208,39.21710647177928,18.345724350671716,47.98677223040968,15.275870097347116,4.61386972242706,0.0,0.0,0.0,0.0,0.0,model2,4.0,False,3609.0
1203,2015-06-01T14:00:00Z,40.0,167.9903469755105,449.7787049394281,113.53708289219614,39.44030426982719,18.232216711828247,49.2701995759445,17.789222066325433,4.678674289624138,0.0,0.0,0.0,0.0,0.0,model2,4.0,False,3612.0
1204,2015-06-01T17:00:00Z,40.0,167.40113510008126,450.3902338317691,116.79043882633648,39.22274651880063,17.019883635341333,49.649537436470496,17.631179323621318,4.650607071587821,0.0,0.0,0.0,0.0,0.0,model2,4.0,False,3615.0
1205,2015-06-01T20:00:00Z,40.0,169.31938840132443,448.3103819586402,119.5305562991452,40.07051490063501,15.987657934124305,43.28357239976617,17.1673763572636,4.486181518476746,0.0,0.0,0.0,0.0,0.0,model2,4.0,False,3618.0
1206,2015-06-01T23:00:00Z,40.0,168.74086121205676,445.7184644653744,121.70079832028334,39.569886124541455,14.939785712049474,41.79583209294693,15.849007702166205,4.389651360342392,0.0,0.0,0.0,0.0,0.0,model2,4.0,False,3621.0
1207,2015-06-02T02:00:00Z,40.0,166.38514482297458,443.7081141567433,124.66015820702093,40.09381084272255,14.903996171506328,43.715496140267675,13.186553477804482,4.436807364740684,0.0,0.0,0.0,0.0,0.0,model2,4.0,False,3624.0
1208,2015-06-02T05:00:00Z,40.0,166.428971342405,447.1914618725331,128.18338006798012,39.853556418188134,14.05675597282022,46.99318950742076,9.689379644692384,4.382075359301202,0.0,0.0,0.0,0.0,0.0,model2,4.0,False,3627.0
1209,2015-06-02T08:00:00Z,40.0,168.08728540251613,451.7242041035078,128.23442165721883,39.841579433060716,14.014355574415564,45.128939498936084,9.390528210683842,3.927618605635837,0.0,0.0,0.0,1.0,0.0,model2,4.0,True,3630.0
1210,2015-06-02T11:00:00Z,40.0,171.86250332300514,464.5789681166906,125.96408775985712,39.38923690935661,16.703624899009025,45.856396880946036,10.368378178534082,3.879315698894077,0.0,0.0,0.0,1.0,0.0,model2,4.0,True,3633.0
1211,2015-06-02T14:00:00Z,40.0,170.65903530810346,467.98319220925623,124.16296660449892,39.394017802719056,15.481708281679607,45.35055899366056,9.370199694319266,3.9828296982410016,0.0,0.0,0.0,1.0,0.0,model2,4.0,True,3636.0
1212,2015-06-02T17:00:00Z,40.0,170.42643215459503,470.3389149126632,123.8894918388973,39.57740673754039,15.661687424892412,43.96843896872223,9.561271461261816,4.381517456846831,0.0,0.0,0.0,1.0,0.0,model2,4.0,True,3639.0
1213,2015-06-02T20:00:00Z,40.0,169.96659343577102,473.312571144051,124.68462395439856,39.73529365841939,16.30776612192546,41.77247396073658,9.144992463148961,4.290327098053617,0.0,0.0,0.0,1.0,0.0,model2,4.0,True,3642.0
1214,2015-06-02T23:00:00Z,40.0,171.20551468349382,463.28338968851466,126.38864478169441,40.43234243176561,16.245425025730828,49.44395313447897,9.345533326192166,3.916166406390989,0.0,0.0,0.0,1.0,0.0,model2,4.0,True,3645.0
1215,2015-06-03T02:00:00Z,40.0,173.1829153296365,465.68903870144203,126.37872886861506,40.554709658152646,14.907817196796715,48.07113912559355,9.917898105711526,3.910587820225668,0.0,0.0,0.0,1.0,0.0,model2,4.0,True,3648.0
1216,2015-06-03T05:00:00Z,40.0,173.6435616582129,460.2181119924023,126.11428737626207,41.175310025076925,14.916239199437888,46.70411065369303,10.112471659305106,3.8948678027095753,0.0,0.0,0.0,1.0,0.0,model2,4.0,True,3651.0
1217,2015-06-03T08:00:00Z,40.0,174.5900394507484,458.31530738224853,122.71389916380407,41.38082468466913,12.882793284828274,46.40892775014577,13.532922057598569,5.145095945587877,0.0,0.0,0.0,0.0,0.0,model2,4.0,False,3654.0
1218,2015-06-03T11:00:00Z,40.0,172.26000355227276,447.81026068005167,120.9100153714127,41.28024909020435,10.09199268942942,46.135739247810854,15.752614255426115,5.262304867337132,0.0,0.0,0.0,0.0,0.0,model2,4.0,False,3657.0
1219,2015-06-03T14:00:00Z,40.0,173.71171763745087,439.59756700777643,117.79351909898348,40.340510052193096,10.395478865446352,45.254624312771746,17.454970158797206,5.664832259828278,0.0,0.0,0.0,0.0,0.0,model2,4.0,False,3660.0
1220,2015-06-03T17:00:00Z,40.0,174.6160458773135,440.72788752483007,115.67742730942808,40.518345620485675,10.400270463988404,44.21719083536083,17.290938150282777,5.249792867567085,0.0,0.0,0.0,0.0,0.0,model2,4.0,False,3663.0
1221,2015-06-03T20:00:00Z,40.0,175.71172114916197,437.9064500946534,112.36329116345944,39.528692444504884,10.685592471082149,41.425975750895375,16.560832159811646,5.654047999461198,0.0,0.0,0.0,0.0,0.0,model2,4.0,False,3666.0
1222,2015-06-03T23:00:00Z,40.0,174.99657216348047,442.62492686073233,108.26164246634762,38.780934825725176,10.979085464961624,43.96598466816607,17.118564388048714,5.612104034983723,0.0,0.0,0.0,0.0,0.0,model2,4.0,False,3669.0
1223,2015-06-04T02:00:00Z,40.0,172.53467413429215,440.23367008671073,104.20890435478078,38.42254867981272,12.269887678240645,42.73093756659861,15.624038897125786,5.3853048181823935,0.0,0.0,0.0,0.0,0.0,model2,4.0,False,3672.0
1224,2015-06-04T05:00:00Z,40.0,171.16485042384667,444.0633292864019,101.83555602801286,38.632012810713576,13.39477850704468,44.19756164831523,13.17686375828192,5.644407434671702,0.0,0.0,0.0,0.0,0.0,model2,4.0,False,3675.0
1225,2015-06-04T08:00:00Z,40.0,170.81119558175396,445.0401347358227,101.25699671691766,38.38134416276547,13.730575243110595,46.47114901002642,13.077904570911878,4.6746653067940995,0.0,0.0,0.0,0.0,0.0,model2,4.0,False,3678.0
1226,2015-06-04T11:00:00Z,40.0,168.21388068594482,441.56506710843536,100.34576522995351,38.521232880859905,14.3368053273527,50.372663183852225,13.763154360841966,4.7198083447405805,0.0,0.0,0.0,0.0,0.0,model2,4.0,False,3681.0
1227,2015-06-04T14:00:00Z,40.0,167.41200237921,441.99504158364823,99.0206167044863,39.44515758488925,13.174728869045632,48.97607956433776,14.4300332689554,4.879678321124174,0.0,0.0,0.0,0.0,0.0,model2,4.0,False,3684.0
1228,2015-06-04T17:00:00Z,40.0,167.02641383928403,442.2828944994303,98.16180782073114,39.168201232959255,12.391501736896036,47.41874896348669,14.304905444969581,4.7988504643676935,0.0,0.0,0.0,0.0,0.0,model2,4.0,False,3687.0
1229,2015-06-04T20:00:00Z,40.0,167.79875507464848,443.26206356734116,97.69670690482556,39.850886925546654,13.242091770540199,48.82551887193948,13.626622826459633,4.53898197276334,0.0,0.0,0.0,0.0,0.0,model2,4.0,False,3690.0
1230,2015-06-04T23:00:00Z,40.0,167.33007398268478,446.26130937239014,98.53218344921189,40.53175088328303,13.498584304697252,45.60050668597163,11.53161751451691,4.380588692815578,0.0,0.0,0.0,0.0,0.0,model2,4.0,False,3693.0
1231,2015-06-05T02:00:00Z,40.0,169.1723860872764,451.13094744995834,97.06099191048766,40.059452382792564,14.016823906955779,48.459483436115214,11.515731082672579,4.825726291069033,0.0,0.0,0.0,0.0,0.0,model2,4.0,False,3696.0
1232,2015-06-05T05:00:00Z,40.0,169.0582357683429,450.89539870016165,95.97548126185491,40.12522214627101,13.975795422587547,48.03702285172773,10.282454763268683,4.997634260149439,0.0,0.0,0.0,0.0,0.0,model2,4.0,False,3699.0
1233,2015-06-05T08:00:00Z,40.0,168.02733993324597,446.90829313536636,96.96333535054589,40.526401378942715,14.016766530350287,46.17180282660418,10.886084139272356,5.136769458554472,0.0,0.0,0.0,0.0,0.0,model2,4.0,False,3702.0
1234,2015-06-05T11:00:00Z,40.0,168.4703260466697,453.3479442934323,99.00886464154672,41.59068238309836,14.056461659867553,40.64032953941809,10.820039036810082,6.013149215689678,0.0,0.0,0.0,0.0,0.0,model2,4.0,False,3705.0
1235,2015-06-05T14:00:00Z,40.0,166.5389447632419,454.67908854021726,101.26605621992759,41.47021048246998,15.939911361848896,40.326618730197076,10.280975153052411,5.761703280592085,0.0,0.0,0.0,0.0,0.0,model2,4.0,False,3708.0
1236,2015-06-05T17:00:00Z,40.0,164.1549675141587,452.53783254521306,100.89791158126663,41.20870481074752,16.20002113815871,39.841788602999,10.148152899012564,5.934894888037044,0.0,0.0,0.0,0.0,0.0,model2,4.0,False,3711.0
1237,2015-06-05T20:00:00Z,40.0,161.5848074618194,450.746754208957,101.094413915709,41.60571845105764,13.590892844132526,40.10826751898344,10.626451966887599,5.984636303949835,0.0,0.0,0.0,0.0,0.0,model2,4.0,False,3714.0
1238,2015-06-05T23:00:00Z,40.0,159.09549901209016,452.97050263963456,100.56608579555036,41.52287476854698,14.754390223563881,42.591838436091656,10.24756616324641,6.183910184964285,0.0,0.0,0.0,0.0,0.0,model2,4.0,False,3717.0
1239,2015-06-06T02:00:00Z,40.0,157.36219821004107,447.97756249286385,102.47895972724514,41.779807501193,13.110028089319274,40.07781797900612,8.608486524492369,5.938646068461543,0.0,0.0,0.0,0.0,0.0,model2,4.0,False,3720.0
1240,2015-06-06T05:00:00Z,40.0,160.68824989710683,443.3444312241638,101.72973442200987,41.15736598723936,16.38335317760509,45.41296216435032,9.74303249061956,5.868510358009247,0.0,0.0,0.0,0.0,0.0,model2,4.0,False,3723.0
1241,2015-06-06T08:00:00Z,40.0,161.91157504194828,444.2230259794963,101.36531827855393,40.893778679437105,16.757334058598722,44.82869915833149,9.736709828001343,5.537250625590388,0.0,0.0,0.0,0.0,0.0,model2,4.0,False,3726.0
1242,2015-06-06T11:00:00Z,40.0,164.00949181232525,439.6089883155863,99.58982305373834,39.75115415616415,17.326984371450017,43.595158803562775,9.736106990177461,4.37116928697592,0.0,0.0,0.0,0.0,0.0,model2,4.0,False,3729.0
1243,2015-06-06T14:00:00Z,40.0,166.54452383894747,439.8032551973183,98.6042104746318,39.22646971226585,16.203339263621956,43.829226963400146,11.057999313007057,4.44293384819354,0.0,0.0,0.0,0.0,0.0,model2,4.0,False,3732.0
1244,2015-06-06T17:00:00Z,40.0,168.43140830216083,440.2345397064885,98.63129498606888,39.23562945756405,15.707851875984433,45.574836104794166,11.008111712204748,4.553890186179427,0.0,0.0,0.0,0.0,0.0,model2,4.0,False,3735.0
1245,2015-06-06T20:00:00Z,40.0,169.22947356899567,439.7898400639975,97.76624369770799,38.851884186779735,15.684209874258663,46.928265785409785,10.445722504771537,4.175201348461649,0.0,0.0,0.0,0.0,0.0,model2,4.0,False,3738.0
1246,2015-06-06T23:00:00Z,40.0,173.3040544108083,433.8426578323378,97.90367363092213,39.15590495442991,12.905062943629515,41.766611754992425,9.883548318863973,4.3614259916964135,0.0,0.0,0.0,0.0,0.0,model2,4.0,False,3741.0
1247,2015-06-07T02:00:00Z,40.0,175.09178383073478,437.909729030664,97.81273850742625,39.53067506534414,10.6792310900143,42.58132858837767,9.946651020663383,4.689240532053102,0.0,0.0,0.0,0.0,0.0,model2,4.0,False,3744.0
1248,2015-06-07T05:00:00Z,40.0,172.92424696728528,439.06468041979593,98.56405486262508,39.399683197148256,9.927225775906374,39.72912593051857,9.442026718050554,4.8056369576058495,0.0,0.0,0.0,0.0,0.0,model2,4.0,False,3747.0
1249,2015-06-07T08:00:00Z,40.0,172.63389079956582,446.00894587218386,97.58995123260092,38.96130029234004,10.087779936867667,51.235892902967215,9.551882829691703,4.963131897696083,0.0,0.0,0.0,0.0,0.0,model2,4.0,False,3750.0
1250,2015-06-07T11:00:00Z,40.0,171.89512677830777,446.5816491759688,98.08831296829254,38.96019502668614,11.318714637503275,52.0599098937508,9.822496716560886,5.120201524113371,0.0,0.0,0.0,0.0,0.0,model2,4.0,False,3753.0
1251,2015-06-07T14:00:00Z,40.0,172.10056113319908,444.4664200704957,99.30030190485977,38.88429001059072,11.567760326307251,51.60302924596673,8.277293281896423,5.425749571027511,0.0,0.0,0.0,0.0,0.0,model2,4.0,False,3756.0
1252,2015-06-07T17:00:00Z,40.0,172.57742699537678,437.08322966405296,99.47542346029648,40.09471986102862,12.343669478242182,54.01505493638032,8.443440490334227,6.055695669719201,0.0,0.0,0.0,0.0,0.0,model2,4.0,False,3759.0
1253,2015-06-07T20:00:00Z,40.0,171.9821183589407,437.51815614930985,100.33656748407482,39.99538681609795,13.531114088059663,52.21715009108636,8.678908251130942,6.006126211915045,0.0,0.0,0.0,0.0,0.0,model2,4.0,False,3762.0
1254,2015-06-07T23:00:00Z,40.0,170.7778656783906,426.8791415040082,101.26137784105407,39.51979608388736,12.639349254542037,62.68571324905116,9.314912836720778,5.823606606319393,0.0,0.0,0.0,0.0,0.0,model2,4.0,False,3765.0
1255,2015-06-08T02:00:00Z,40.0,169.06542213540985,415.8930833374325,102.32823811726178,39.77716213241728,13.316184399492213,65.06525265548565,9.182224687730493,5.41020896237806,0.0,0.0,0.0,0.0,0.0,model2,4.0,False,3768.0
1256,2015-06-08T05:00:00Z,40.0,169.11752576111263,406.01032940236365,101.79776673310629,40.164991238666225,13.13243607615885,66.07862271556087,9.33223930206715,5.161327317379579,0.0,0.0,0.0,0.0,0.0,model2,4.0,False,3771.0
1257,2015-06-08T08:00:00Z,40.0,168.46106463490682,390.1480275825773,102.92238178676772,40.36265700480927,13.082514828577967,54.385346959782744,8.519390614583926,5.3104445254748835,0.0,0.0,0.0,0.0,0.0,model2,4.0,False,3774.0
1258,2015-06-08T11:00:00Z,40.0,168.86009674397914,387.69798842272525,101.75426687805424,41.105932945621035,11.731388288398644,52.50830365223546,8.796111372502631,5.349510981133802,0.0,0.0,0.0,0.0,0.0,model2,4.0,False,3777.0
1259,2015-06-08T14:00:00Z,40.0,168.27000182429867,375.66469986921607,101.06647873383785,41.66022043089093,11.902044522732938,55.0339027205886,8.69432050291503,4.617692970256977,0.0,0.0,0.0,0.0,0.0,model2,4.0,False,3780.0
1260,2015-06-08T17:00:00Z,40.0,168.21423567647332,369.71055402845525,101.02305384552572,40.74983141562106,10.6438824899394,59.297803483176345,10.542616365499908,3.9402876417007597,0.0,0.0,0.0,0.0,0.0,model2,4.0,False,3783.0
1261,2015-06-08T20:00:00Z,40.0,168.8778556007735,359.5353470431,100.45870730890984,40.9530062483066,13.708815011810222,51.45340499627798,10.701296728701855,3.815551095249375,0.0,0.0,0.0,0.0,0.0,model2,4.0,False,3786.0
1262,2015-06-08T23:00:00Z,40.0,167.9083960774366,362.6088640333895,97.9802170646634,41.17200732488715,14.485763565320278,49.85683178308022,10.131835987110321,3.5515272310062875,0.0,0.0,0.0,0.0,0.0,model2,4.0,False,3789.0
1263,2015-06-09T02:00:00Z,40.0,168.0267398569255,363.72002646524993,97.46548806392269,40.69761093348191,16.636541381394967,50.44533520576921,9.882202044154962,3.7876898132738974,0.0,0.0,0.0,0.0,0.0,model2,4.0,False,3792.0
1264,2015-06-09T05:00:00Z,40.0,167.706547732174,369.1109073442017,98.06627586666124,39.784260488576244,16.554155129718385,56.04912879794215,9.687514371999367,4.498917491567847,0.0,0.0,0.0,0.0,0.0,model2,4.0,False,3795.0
1265,2015-06-09T08:00:00Z,40.0,168.51462930475188,367.3890384645449,97.50977462430836,39.90087780063424,17.3047319779331,57.925778382874135,9.826931597621154,4.124080464425581,0.0,0.0,0.0,0.0,0.0,model2,4.0,False,3798.0
1266,2015-06-09T11:00:00Z,40.0,168.77523303789812,379.2698620970502,99.45753017209705,39.700738851623626,18.642669943683828,70.47126751457262,9.414815151954313,3.7004010005764782,0.0,0.0,0.0,0.0,0.0,model2,4.0,False,3801.0
1267,2015-06-09T14:00:00Z,40.0,170.16060104776525,394.46262592458083,99.25427561779371,40.10304219241271,18.618362289347612,71.05986586999524,10.132213760413547,4.001327642209208,0.0,0.0,0.0,0.0,0.0,model2,4.0,False,3804.0
1268,2015-06-09T17:00:00Z,40.0,169.218455968277,406.5771553910196,100.03066980262426,39.94740881120481,18.848245445707622,66.07342901595901,8.20637200095405,4.115980403123362,0.0,0.0,0.0,0.0,0.0,model2,4.0,False,3807.0
1269,2015-06-09T20:00:00Z,40.0,170.29516553113072,418.7445577162314,101.46062737557087,39.41446406212742,15.852448952282176,66.33027736825747,8.28686270508844,4.563319298782256,0.0,0.0,0.0,0.0,0.0,model2,4.0,False,3810.0
1270,2015-06-09T23:00:00Z,40.0,172.2551265571087,425.93851102196817,101.99273226426405,39.67234224656426,15.363513030994687,64.69446564214392,8.670966386828496,4.929827428192648,0.0,0.0,0.0,0.0,0.0,model2,4.0,False,3813.0
1271,2015-06-10T02:00:00Z,40.0,172.60479605832057,437.32860476158686,101.25559455549488,40.089987469514725,12.798296906497145,65.76690887035835,9.040276792668816,4.887871267446934,0.0,0.0,0.0,0.0,0.0,model2,4.0,False,3816.0
1272,2015-06-10T05:00:00Z,40.0,175.41792725460968,442.5338551483062,102.07082789035697,40.62309871954788,15.582484600649787,60.44582782529438,9.585094301967539,4.583838148240161,0.0,0.0,0.0,0.0,0.0,model2,4.0,False,3819.0
1273,2015-06-10T08:00:00Z,40.0,176.26907617426002,451.1080572686295,103.66003065019041,40.21629185936108,15.064642588201597,46.9649169954627,11.177791736730645,5.737365393387773,0.0,0.0,0.0,0.0,0.0,model2,4.0,False,3822.0
1274,2015-06-10T11:00:00Z,40.0,175.91930489136,447.2796366479783,103.19782573812773,39.99759588149092,13.55972839176176,43.01021338044729,11.639793624951725,5.640925277329719,0.0,0.0,0.0,0.0,0.0,model2,4.0,False,3825.0
1275,2015-06-10T14:00:00Z,40.0,173.29763773885196,454.0885930270345,102.84491297173942,39.50550340482176,14.66022350574451,47.388845680265035,12.371682394999333,5.590402724190633,0.0,0.0,0.0,0.0,0.0,model2,4.0,False,3828.0
1276,2015-06-10T17:00:00Z,40.0,173.50281236854175,457.9007598892583,101.834315730203,39.91461657543365,14.169793528521476,48.593761913557756,12.547553552421787,5.6214104107594585,0.0,0.0,0.0,0.0,0.0,model2,4.0,False,3831.0
1277,2015-06-10T20:00:00Z,40.0,171.94157723324798,456.90861648263603,99.02600959149905,40.422378391584026,14.908852174529253,50.65574331737884,13.452534836931505,5.380858657374959,0.0,0.0,0.0,0.0,0.0,model2,4.0,False,3834.0
1278,2015-06-10T23:00:00Z,40.0,172.35207492648888,456.52644373149286,99.74242401182819,40.016235422933505,15.411136039778409,47.69921831301483,13.248780608948927,5.007576964273683,0.0,0.0,0.0,0.0,0.0,model2,4.0,False,3837.0
1279,2015-06-11T02:00:00Z,40.0,172.22897382260425,459.31819463094047,100.2500798673328,39.689534451868035,16.258420120191346,44.44152295607,13.144240953433757,4.960458895148372,0.0,0.0,0.0,0.0,0.0,model2,4.0,False,3840.0
1280,2015-06-11T05:00:00Z,40.0,169.96575600742875,460.72676641467376,99.02280959726231,40.33425558729925,12.846532532842556,46.84325577295,12.799796295133165,4.830629068692199,0.0,0.0,0.0,0.0,0.0,model2,4.0,False,3843.0
1281,2015-06-11T08:00:00Z,40.0,169.0368936428661,461.47975434547857,97.9821647727422,40.44124379391868,12.123903113841667,44.218230681931836,10.876932581529584,4.0054442840510935,0.0,0.0,0.0,0.0,0.0,model2,4.0,False,3846.0
1282,2015-06-11T11:00:00Z,40.0,167.63406945952542,458.8286752815577,96.84940966357051,41.17778886627791,13.088853524297035,45.18988312170214,11.113715777620367,4.448226322876675,0.0,0.0,0.0,0.0,0.0,model2,4.0,False,3849.0
1283,2015-06-11T14:00:00Z,40.0,168.4167959551139,459.4686580792649,96.73441194207408,41.42230492534031,12.315912313326425,47.406869329078006,9.560183851179671,4.154087098605195,0.0,0.0,0.0,0.0,0.0,model2,4.0,False,3852.0
1284,2015-06-11T17:00:00Z,40.0,168.22290997145825,457.30949757542885,96.27292028110108,40.67984081710515,12.690938661160299,46.457804403394526,9.551835511438183,4.565332395013988,0.0,0.0,0.0,0.0,0.0,model2,4.0,False,3855.0
1285,2015-06-11T20:00:00Z,40.0,167.5756122931425,461.25487377461053,96.63281498793256,40.92425053378947,12.021939828403394,45.10391879418404,9.506439423438373,4.49073531060361,0.0,0.0,0.0,0.0,0.0,model2,4.0,False,3858.0
1286,2015-06-11T23:00:00Z,40.0,167.40980872725868,463.65448401437783,96.99909364198341,40.77869922743313,11.138488462899382,45.24693217052386,9.343649258113107,4.511040035269982,0.0,0.0,0.0,0.0,0.0,model2,4.0,False,3861.0
1287,2015-06-12T02:00:00Z,40.0,167.07754043006287,456.47538076468885,96.72846493388495,40.62813798702953,11.465566191280685,43.53812279215077,9.355590173301511,4.573098593873895,0.0,0.0,0.0,0.0,0.0,model2,4.0,False,3864.0
1288,2015-06-12T05:00:00Z,40.0,167.0563641423877,459.20520874133973,96.0540383651544,40.44376340009155,11.350624045319712,41.82275266500497,9.258608040469543,4.733808414061001,0.0,0.0,0.0,0.0,0.0,model2,4.0,False,3867.0
1289,2015-06-12T08:00:00Z,40.0,168.7724572828429,462.8526068044566,97.32094347394363,40.700363232047174,13.307585567641322,40.84578743845078,10.295377539265749,4.2901880671767145,0.0,0.0,0.0,0.0,0.0,model2,4.0,False,3870.0
1290,2015-06-12T11:00:00Z,40.0,168.7786912888976,468.0333261913417,97.47635931717052,39.58016190896187,15.433954458249195,41.80418236196584,10.487927900985342,4.0417442231428105,0.0,0.0,0.0,0.0,0.0,model2,4.0,False,3873.0
1291,2015-06-12T14:00:00Z,40.0,169.2584971898586,462.09396453249724,97.6977108902116,39.83925766620985,15.7128757265679,34.1653601163857,10.432878190993604,4.2767463229195775,0.0,0.0,0.0,0.0,0.0,model2,4.0,False,3876.0
1292,2015-06-12T17:00:00Z,40.0,170.2066881783675,460.30726969131257,98.45350878547649,40.323672618642185,15.670579355383596,34.88921715725839,10.20008252536292,4.121537480167404,0.0,0.0,0.0,0.0,0.0,model2,4.0,False,3879.0
1293,2015-06-12T20:00:00Z,40.0,171.97077096107722,459.18213770758484,99.93765998306203,40.17217904713928,15.676592266029305,36.009055574358314,8.665107901992492,4.0354013868150895,0.0,0.0,0.0,0.0,0.0,model2,4.0,False,3882.0
1294,2015-06-12T23:00:00Z,40.0,172.09808822401126,456.86294079768317,99.53425794044807,40.252669167932,15.849131029281907,36.84757767182709,8.409346854711346,3.992486018677518,0.0,0.0,0.0,0.0,0.0,model2,4.0,False,3885.0
1295,2015-06-13T02:00:00Z,40.0,173.07328967789115,449.4899121348717,99.19318559762456,41.08741274301,14.486816439157428,45.946975409135064,8.177713282754441,4.193701456560572,0.0,0.0,0.0,0.0,0.0,model2,4.0,False,3888.0
1296,2015-06-13T05:00:00Z,40.0,172.8476938566014,446.1048175700402,99.42520701910034,40.86083476036238,14.478152165024678,43.7188673518928,8.06226462199728,3.935190498019293,0.0,0.0,0.0,0.0,0.0,model2,4.0,False,3891.0
1297,2015-06-13T08:00:00Z,40.0,172.78568870143496,439.95693570879996,99.53029394722864,41.38523649085789,13.813531806099979,46.636113747516795,8.339810966642524,3.759530095281528,0.0,0.0,0.0,0.0,0.0,model2,4.0,False,3894.0
1298,2015-06-13T11:00:00Z,40.0,172.62409602707058,441.9128961106449,99.49698421965168,41.26381430293486,10.344068491712523,50.314336474832274,9.307182275955537,4.421271285403511,0.0,0.0,0.0,0.0,0.0,model2,4.0,False,3897.0
1299,2015-06-13T14:00:00Z,40.0,171.28219234403676,442.86903375211716,100.17783987667623,40.72685534317702,11.163192592351574,61.77794853058293,9.477041239553733,4.6475603388459135,0.0,0.0,0.0,0.0,0.0,model2,4.0,False,3900.0
1300,2015-06-13T17:00:00Z,40.0,170.34393646989759,444.2886721857689,101.0919761903318,40.69724590160947,10.944110776899187,66.86525928244285,9.74834107307345,4.765166040204367,0.0,0.0,0.0,0.0,0.0,model2,4.0,False,3903.0
1301,2015-06-13T20:00:00Z,40.0,170.7901526849738,432.8878885380088,100.59491668684284,40.44593312034439,10.908456729292373,66.57357052707734,10.177611085034853,4.716418453380044,0.0,0.0,0.0,0.0,0.0,model2,4.0,False,3906.0
1302,2015-06-13T23:00:00Z,40.0,169.17732716875904,434.13628086328544,100.63551972013056,40.17860404634611,10.431498316019127,66.40681585961272,11.013622244764127,4.718787707811655,0.0,0.0,0.0,0.0,0.0,model2,4.0,False,3909.0
1303,2015-06-14T02:00:00Z,40.0,168.49463414693625,441.8402322732901,101.05897734591171,39.74523037727325,10.434222003819068,66.66026588149883,10.817025015766738,4.488221148872505,0.0,0.0,0.0,0.0,0.0,model2,4.0,False,3912.0
1304,2015-06-14T05:00:00Z,40.0,166.8946905634142,446.5783392409639,100.72904297672548,39.26572234278728,12.0539133327452,72.71908884112473,11.009771266670999,4.402278445319523,0.0,0.0,0.0,0.0,0.0,model2,4.0,False,3915.0
1305,2015-06-14T08:00:00Z,40.0,166.473336027482,453.98434508536485,99.23988436878159,38.46696103714928,11.564223435034814,71.18739633116316,9.961232107407854,4.212775678886226,0.0,0.0,0.0,0.0,0.0,model2,4.0,False,3918.0
1306,2015-06-14T11:00:00Z,40.0,167.88527483599353,454.9275596633998,100.62899643847908,39.3202150253896,12.609302798953653,70.14030353148911,7.7641160660633615,3.837405434632132,0.0,0.0,0.0,0.0,0.0,model2,4.0,False,3921.0
1307,2015-06-14T14:00:00Z,40.0,171.0309277562429,448.3517090715058,98.34166105319127,39.79765916101296,14.973010943530836,65.33359734503782,9.710061700290687,3.899668210420801,0.0,0.0,0.0,0.0,0.0,model2,4.0,False,3924.0
1308,2015-06-14T17:00:00Z,40.0,172.53696124575038,446.5476530300346,96.94559508375973,40.438825399003896,15.890115849605115,62.97971856003155,10.351955603928927,3.912975793730312,0.0,0.0,0.0,0.0,0.0,model2,4.0,False,3927.0
1309,2015-06-14T20:00:00Z,40.0,171.5903171803003,452.54037562014605,96.41158553934905,40.78184848309946,15.462399719923447,62.53494562717603,10.297003828787831,4.180478040283177,0.0,0.0,0.0,0.0,0.0,model2,4.0,False,3930.0
1310,2015-06-14T23:00:00Z,40.0,170.16241603129234,458.88126905764665,94.41678649654938,40.257049102823636,16.353050737978652,67.24168818768409,9.682064239261175,4.639275117913205,0.0,0.0,0.0,0.0,0.0,model2,4.0,False,3933.0
1311,2015-06-15T02:00:00Z,40.0,171.41905484945897,455.3112901373236,94.34557324182465,40.28728173285034,16.667247131223213,69.03699328012823,10.11924254356524,4.615211834923671,0.0,0.0,0.0,0.0,0.0,model2,4.0,False,3936.0
1312,2015-06-15T05:00:00Z,40.0,172.42048975972097,449.63384320392515,95.89638534775469,40.880103838430145,15.370447693538859,63.9119650826017,10.431470576351957,4.5715414710918285,0.0,0.0,0.0,0.0,0.0,model2,4.0,False,3939.0
1313,2015-06-15T08:00:00Z,40.0,172.45244101836312,448.92617568621534,96.95083562369403,40.83595757735062,15.5756502180821,63.64007042215386,11.673238465854334,4.743373635257325,0.0,0.0,0.0,0.0,0.0,model2,4.0,False,3942.0
1314,2015-06-15T11:00:00Z,40.0,171.80498495030884,438.3478514241377,97.19267635381624,40.30502407959696,14.841919272123006,60.88030349475449,11.890766378480869,4.595552994174285,0.0,0.0,0.0,0.0,0.0,model2,4.0,False,3945.0
1315,2015-06-15T14:00:00Z,40.0,170.59620784872916,445.267353187598,99.99806377787105,40.38026583798694,12.185387664974115,58.3891872691115,11.230454116280463,4.561625439695039,0.0,0.0,0.0,0.0,0.0,model2,4.0,False,3948.0
1316,2015-06-15T17:00:00Z,40.0,170.07507117437868,447.4021636683409,99.78248925210558,39.90353426328579,11.484797116380735,55.39436140600467,10.434215182784312,4.2793173181022235,0.0,0.0,0.0,0.0,0.0,model2,4.0,False,3951.0
1317,2015-06-15T20:00:00Z,40.0,170.22726896197696,451.28657088759326,100.29943090650512,39.69582045556261,11.679663160233275,55.013533429354496,10.057350292440061,4.0325940745823345,0.0,0.0,0.0,0.0,0.0,model2,4.0,False,3954.0
1318,2015-06-15T23:00:00Z,40.0,172.91920837886784,450.9985190309753,102.21872100311847,40.023013012206285,11.170935181917413,54.278120480351454,9.915254653568946,4.0284739536198595,0.0,0.0,0.0,0.0,0.0,model2,4.0,False,3957.0
1319,2015-06-16T02:00:00Z,40.0,172.89254674355666,456.12863234551367,102.32419757124364,39.579884240034815,10.209047312019417,48.75290891531427,9.354972547608373,4.3372821513759305,0.0,0.0,0.0,0.0,0.0,model2,4.0,False,3960.0
1320,2015-06-16T05:00:00Z,40.0,172.34808585982708,458.4264481830826,101.41987556027719,39.25140152007858,10.455126130389543,47.75044706404497,9.934564212993367,4.1528764360778965,0.0,0.0,0.0,0.0,0.0,model2,4.0,False,3963.0
1321,2015-06-16T08:00:00Z,40.0,169.91230766471463,450.54460345152535,100.65691659681164,39.63419759551086,10.633105317424924,52.37494534107749,8.952129508091376,4.138423097917219,0.0,0.0,0.0,0.0,0.0,model2,4.0,False,3966.0
1322,2015-06-16T11:00:00Z,40.0,170.3802863399793,446.7695466573936,101.1966286337974,39.54586311160827,10.67996260711,54.42991284132982,9.55210059435627,4.106938365675322,0.0,0.0,0.0,0.0,0.0,model2,4.0,False,3969.0
1323,2015-06-16T14:00:00Z,40.0,170.99156810620516,440.1607547274789,99.7101189368788,38.986172138113744,11.091486689972882,53.15291353554306,9.446577917962747,4.2709550811526364,0.0,0.0,0.0,0.0,0.0,model2,4.0,False,3972.0
1324,2015-06-16T17:00:00Z,40.0,170.1066089198093,417.74290482357117,101.4050571328347,38.3842476225104,10.925074567962268,78.28886737546074,9.473410861074568,4.529666122925633,0.0,0.0,0.0,0.0,0.0,model2,4.0,False,3975.0
1325,2015-06-16T20:00:00Z,40.0,171.0911790693844,407.8448421012114,101.97875315078024,37.83143356068021,11.550783477895665,74.91644692931357,9.38877647402004,4.854488673612842,0.0,0.0,0.0,0.0,0.0,model2,4.0,False,3978.0
1326,2015-06-16T23:00:00Z,40.0,170.06253613169937,398.8300498336466,102.36732680626652,37.82267192530429,10.939793188219511,65.19610995907817,7.691828950707299,4.5606447206370175,0.0,0.0,0.0,0.0,0.0,model2,4.0,False,3981.0
1327,2015-06-17T02:00:00Z,40.0,168.97487736283267,394.52090117569696,103.16186386568758,37.7667396199179,11.971804771136222,61.367016049631935,8.066403283576394,4.1689837012272095,0.0,0.0,0.0,0.0,0.0,model2,4.0,False,3984.0
1328,2015-06-17T05:00:00Z,40.0,168.67936109610162,380.6889449295578,103.70709052296984,38.52377151444085,12.52340612467082,57.51021465268649,7.511771950040691,4.764775125276925,0.0,0.0,0.0,0.0,0.0,model2,4.0,False,3987.0
1329,2015-06-17T08:00:00Z,40.0,171.43789464209968,382.6887217857972,104.13941258185179,38.757623598498284,12.802398895201753,56.62763297539336,8.5924932727473,4.77110759810188,0.0,1.0,1.0,0.0,0.0,model2,4.0,True,3990.0
1330,2015-06-17T11:00:00Z,40.0,172.10864936160155,375.8855563750676,102.55952679669242,38.90077143971685,14.049708613355586,58.87962271773369,8.487930589041477,5.082343515950217,0.0,1.0,1.0,0.0,0.0,model2,4.0,True,3993.0
1331,2015-06-17T14:00:00Z,40.0,172.85492941136795,373.52304443983775,101.40387569324392,38.60431590015461,14.845465339939928,57.922672478034784,9.560949628769642,4.71798089930365,0.0,1.0,1.0,0.0,0.0,model2,4.0,True,3996.0
1332,2015-06-17T17:00:00Z,40.0,176.00797909619487,388.54261505772286,100.73480178055262,38.56705677156325,16.10239563286687,38.4082052098849,9.61369283668189,4.742313946570568,0.0,1.0,1.0,0.0,0.0,model2,4.0,True,3999.0
1333,2015-06-17T20:00:00Z,40.0,173.67018240400475,387.74907011824297,100.38580244922764,38.759817946437174,18.27795402669245,37.72922205458799,9.553339020703508,4.843856296494539,0.0,1.0,1.0,0.0,0.0,model2,4.0,True,4002.0
1334,2015-06-17T23:00:00Z,40.0,172.20314599204,378.29379965427285,99.8893470068799,38.874619928899826,19.3849356203874,45.046602882246745,9.488027319497284,4.88836788752763,0.0,1.0,1.0,0.0,0.0,model2,4.0,True,4005.0
1335,2015-06-18T02:00:00Z,40.0,172.05900445446622,371.693753095737,98.13549177645908,39.521004803516156,18.891195778367024,43.413315671717946,9.313181634855663,4.969445476516643,0.0,1.0,1.0,0.0,0.0,model2,4.0,True,4008.0
1336,2015-06-18T05:00:00Z,40.0,172.1736174503556,372.13423587131257,99.72211423475059,38.48458213966556,18.82579319482955,43.67446165043781,10.443316728667243,4.7257740950740725,0.0,1.0,1.0,0.0,0.0,model2,4.0,True,4011.0
1337,2015-06-18T08:00:00Z,40.0,169.52832023904617,372.4475413853261,98.51236080377545,39.5383866471424,19.81777606182732,54.316681188166505,11.876394159777195,6.082100034156159,0.0,0.0,0.0,0.0,0.0,model2,4.0,False,4014.0
1338,2015-06-18T11:00:00Z,40.0,170.73996759974432,383.0904051336947,97.28681167530884,39.98322491162022,19.665384981709877,53.94664797147808,13.035961951912475,5.9318036889070225,0.0,0.0,0.0,0.0,0.0,model2,4.0,False,4017.0
1339,2015-06-18T14:00:00Z,40.0,169.25225747156628,390.671442602521,98.03077204355915,40.03827307555916,18.461358524826338,58.85321423426626,12.522185469655323,5.876167826925781,0.0,0.0,0.0,0.0,0.0,model2,4.0,False,4020.0
1340,2015-06-18T17:00:00Z,40.0,166.62583696788553,394.2202445282568,97.09523566115692,40.48829020555829,15.976156251531966,61.4027317785832,12.386183106751153,5.4592406085002985,0.0,0.0,0.0,0.0,0.0,model2,4.0,False,4023.0
1341,2015-06-18T20:00:00Z,40.0,168.9032457273976,397.35772550403084,97.46402785777659,40.44148587809874,15.728705155547788,61.450510324468574,12.580334443744302,5.058004598947841,0.0,0.0,0.0,0.0,0.0,model2,4.0,False,4026.0
1342,2015-06-18T23:00:00Z,40.0,168.13191132724737,416.35679148803945,98.85165328577015,40.359280103593996,16.141622087477867,58.79029662377153,14.478313285296636,5.131547322922125,0.0,0.0,0.0,0.0,0.0,model2,4.0,False,4029.0
1343,2015-06-19T02:00:00Z,40.0,167.86872015787145,430.93922551796067,99.28774852265684,40.19102798136171,16.50658956996732,61.05193422624672,14.191346036052414,5.284724469916304,0.0,0.0,0.0,0.0,0.0,model2,4.0,False,4032.0
1344,2015-06-19T05:00:00Z,40.0,169.19026789991037,446.7254116983772,98.72188696457137,40.17716811403253,16.096012522360994,53.25878254989517,14.102658132250507,5.181872892990318,0.0,0.0,0.0,0.0,0.0,model2,4.0,False,4035.0
1345,2015-06-19T08:00:00Z,40.0,170.4051396961631,455.91143581162737,98.7982542810992,38.76798387632584,14.593113447617993,45.565762140409404,12.39055473772149,4.091284365555944,0.0,0.0,0.0,0.0,0.0,model2,4.0,False,4038.0
1346,2015-06-19T11:00:00Z,40.0,166.1436564402317,458.60014501287344,100.22955605910713,38.20104156808401,17.594886489731127,43.84468180115217,11.384249195331805,3.828485702985904,0.0,0.0,0.0,0.0,0.0,model2,4.0,False,4041.0
1347,2015-06-19T14:00:00Z,40.0,167.20851897532083,454.9531827501844,102.23577160248192,38.412224005791295,18.350610219900414,46.69667374843013,11.664458866782546,3.81460192217366,0.0,0.0,0.0,0.0,0.0,model2,4.0,False,4044.0
1348,2015-06-19T17:00:00Z,40.0,167.88981386459827,463.6037913394371,102.44927234509709,38.06770869487461,18.549600219711227,49.17717379886743,11.300565529591925,4.367459782492455,0.0,0.0,0.0,0.0,0.0,model2,4.0,False,4047.0
1349,2015-06-19T20:00:00Z,40.0,166.3095980947935,465.62743217776807,100.77572338833977,38.59596983526443,17.40026138255567,47.319632015996724,12.327267172987744,4.470209530481543,0.0,0.0,0.0,0.0,0.0,model2,4.0,False,4050.0
1350,2015-06-19T23:00:00Z,40.0,167.02945443068216,465.6127937171617,99.13770155515694,38.8365727267267,16.89596910467308,49.74460429473031,10.72871699898427,4.478741825970928,0.0,0.0,0.0,0.0,0.0,model2,4.0,False,4053.0
1351,2015-06-20T02:00:00Z,40.0,168.31907090717732,461.3268820035135,99.22076776554586,38.5315050953964,17.104245987937258,50.819380742058,10.835202846912338,4.167084311478335,0.0,0.0,0.0,0.0,0.0,model2,4.0,False,4056.0
1352,2015-06-20T05:00:00Z,40.0,168.6527903400951,452.440568237994,97.73654075917524,39.31726426131673,17.774164850987088,53.96985920876526,10.49319897772939,4.577939944696712,0.0,0.0,0.0,0.0,0.0,model2,4.0,False,4059.0
1353,2015-06-20T08:00:00Z,40.0,169.55462680195225,449.2165706930645,97.442584115148,39.619080711046045,17.881496851312498,52.43351533309811,11.177909042832614,3.968489887511056,0.0,0.0,0.0,0.0,0.0,model2,4.0,False,4062.0
1354,2015-06-20T11:00:00Z,40.0,172.39665764857395,451.35153227826623,98.82821602631172,39.83873825993339,13.666038153799152,52.67739424555129,11.607268193234903,4.0432652088116585,0.0,0.0,0.0,0.0,0.0,model2,4.0,False,4065.0
1355,2015-06-20T14:00:00Z,40.0,171.976248106819,445.3579102323475,98.68281243381482,39.67328365825707,13.817847788969418,58.711036264849604,11.214597532853999,4.399430843574977,0.0,0.0,0.0,0.0,0.0,model2,4.0,False,4068.0
1356,2015-06-20T17:00:00Z,40.0,167.90391079988515,438.94797784634864,98.88351439386344,39.8150816060605,15.826036373839026,60.809775610318034,11.164442175468805,3.89967120569332,0.0,0.0,0.0,0.0,0.0,model2,4.0,False,4071.0
1357,2015-06-20T20:00:00Z,40.0,170.1201263698137,438.6806126446434,100.7345000815286,39.228901749299204,17.501483893480327,60.368834048374566,10.404738099646464,4.4926375167651065,0.0,0.0,0.0,0.0,0.0,model2,4.0,False,4074.0
1358,2015-06-20T23:00:00Z,40.0,171.50272996699337,434.79549163610574,101.9305866901841,39.30945894192549,16.245444643171734,56.77667679495279,10.366659810348619,4.393759109702697,0.0,0.0,0.0,0.0,0.0,model2,4.0,False,4077.0
1359,2015-06-21T02:00:00Z,40.0,172.7258441374316,433.97428138641646,101.05463805257484,39.35253484849776,16.03867919571685,52.362884045256436,12.69349751610586,5.167163851656292,0.0,0.0,0.0,0.0,0.0,model2,4.0,False,4080.0
1360,2015-06-21T05:00:00Z,40.0,172.71510263039482,441.34810348312175,100.76803243234819,38.81408102395275,15.625764952873045,53.226983313739865,12.394579694050133,4.878029233209392,0.0,0.0,0.0,0.0,0.0,model2,4.0,False,4083.0
1361,2015-06-21T08:00:00Z,40.0,173.05579564105872,432.8855107140952,101.640990965967,38.57765605928815,16.152987837436267,52.62739651582829,11.288074072498365,5.187604436760637,0.0,0.0,0.0,0.0,0.0,model2,4.0,False,4086.0
1362,2015-06-21T11:00:00Z,40.0,172.97518063694142,422.3148414648245,100.59914793522735,38.865716195998395,16.773924115061668,54.59288161081069,10.683036655956704,5.158288605669092,0.0,0.0,0.0,0.0,0.0,model2,4.0,False,4089.0
1363,2015-06-21T14:00:00Z,40.0,172.29380902999802,432.9075727385624,100.148860661091,39.420050316249814,16.275506997314743,51.84520295607784,10.438907671200774,5.162420754224456,0.0,0.0,0.0,0.0,0.0,model2,4.0,False,4092.0
1364,2015-06-21T17:00:00Z,40.0,173.62388950835296,436.6063899091674,100.182126000322,39.199537519442174,14.458438463196785,44.73476232008797,10.64557361023916,5.406152211454834,0.0,0.0,0.0,0.0,0.0,model2,4.0,False,4095.0
1365,2015-06-21T20:00:00Z,40.0,171.0494478418122,437.892053053734,99.78855839184423,39.62200457590218,15.203930631559928,43.54039679898573,10.438539270713658,4.800340306347463,0.0,0.0,0.0,0.0,0.0,model2,4.0,False,4098.0
1366,2015-06-21T23:00:00Z,40.0,170.29268062430415,442.5107101581477,98.89747061533994,40.22202156628522,15.535160060630153,46.20920620504289,9.948378065269734,5.182229871817179,0.0,0.0,0.0,0.0,0.0,model2,4.0,False,4101.0
1367,2015-06-22T02:00:00Z,40.0,169.16690454085716,446.4057935145102,100.26691893335035,40.0548109466029,15.563253953916414,54.39203755544976,6.886416373867923,4.588221597001064,0.0,0.0,0.0,0.0,0.0,model2,4.0,False,4104.0
1368,2015-06-22T05:00:00Z,40.0,168.03882956425124,441.93268556285415,100.80170848534279,40.10848244454553,15.300936684390175,52.5084299760657,7.38092586803033,4.517658768423772,0.0,0.0,0.0,0.0,0.0,model2,4.0,False,4107.0
1369,2015-06-22T08:00:00Z,40.0,167.16469724507851,445.7244373261537,101.54159880543669,39.757997886118986,14.023504318238693,50.03438576025734,7.4702250424842775,4.355891397961319,0.0,0.0,0.0,0.0,0.0,model2,4.0,False,4110.0
1370,2015-06-22T11:00:00Z,40.0,165.23707279841787,452.1926377826668,100.84855588259887,39.4441060668709,12.709177377150027,43.72753741922474,7.518577886578242,4.639380778336826,0.0,0.0,0.0,0.0,0.0,model2,4.0,False,4113.0
1371,2015-06-22T14:00:00Z,40.0,164.45618482048,444.5577342034402,99.32141886480996,38.94720040392399,12.712287362430008,45.76323335545799,8.219400894948919,4.796747010705751,0.0,0.0,0.0,0.0,0.0,model2,4.0,False,4116.0
1372,2015-06-22T17:00:00Z,40.0,164.76786960970972,440.2194559512087,99.72921543114346,38.6599884414425,12.47030844296818,46.91682743555601,8.001719497150228,5.015234891086732,0.0,0.0,0.0,0.0,0.0,model2,4.0,False,4119.0
1373,2015-06-22T20:00:00Z,40.0,164.52698022008732,440.4129962979432,100.15398893449031,38.61420712328799,9.38026169018951,47.60141064424055,8.143923868343355,5.003134253986885,0.0,0.0,0.0,0.0,0.0,model2,4.0,False,4122.0
1374,2015-06-22T23:00:00Z,40.0,165.40219982315287,437.69485881793776,99.5112418027517,38.266937909485115,9.560468881671977,48.29379222435101,8.05262445266394,4.937055952053421,0.0,0.0,0.0,0.0,0.0,model2,4.0,False,4125.0
1375,2015-06-23T02:00:00Z,40.0,164.27802111764203,434.6854485075918,98.73028689362137,38.02399624005025,8.321262061224656,36.76016093680368,8.054280211387606,5.1780916967125705,0.0,0.0,0.0,0.0,0.0,model2,4.0,False,4128.0
1376,2015-06-23T05:00:00Z,40.0,164.4171744012995,436.9603012927318,98.84822050152756,37.81414419703085,8.765168574220358,39.46946663032781,6.89492350675626,5.172023917562487,0.0,0.0,0.0,0.0,0.0,model2,4.0,False,4131.0
1377,2015-06-23T08:00:00Z,40.0,163.42760343758775,437.31352322336403,98.97740354915376,38.123473951551425,8.61301413230678,44.501226847060224,8.74843116390082,5.4658106419105055,0.0,0.0,0.0,0.0,0.0,model2,4.0,False,4134.0
1378,2015-06-23T11:00:00Z,40.0,165.21428705036553,442.7011318708786,99.62861797767592,37.895631989175094,9.787883677691255,45.35955052302453,9.774710972861266,5.30421796827257,0.0,0.0,0.0,0.0,0.0,model2,4.0,False,4137.0
1379,2015-06-23T14:00:00Z,40.0,166.856787195802,445.14523464310935,101.61849957160564,37.9827869107403,10.74927385498878,46.2417692620325,9.080127280097411,5.016974717402166,0.0,0.0,0.0,0.0,0.0,model2,4.0,False,4140.0
1380,2015-06-23T17:00:00Z,40.0,170.15880363291112,457.69693480386667,100.63272912664179,38.73842053304973,12.533026544606535,54.12255459988656,9.312018852375502,4.513383929997662,0.0,0.0,0.0,0.0,0.0,model2,4.0,False,4143.0
1381,2015-06-23T20:00:00Z,40.0,169.74813765053517,461.9612173574537,99.69230983964137,38.61389740281175,13.877921739865265,54.52471178753842,10.114237802564393,4.69210403849578,0.0,0.0,0.0,0.0,0.0,model2,4.0,False,4146.0
1382,2015-06-23T23:00:00Z,40.0,171.03588310663548,462.8534294502609,101.52821865586895,37.72124123187355,14.035617570292425,52.11024416026989,11.1676815522638,4.1662057686082425,0.0,0.0,0.0,0.0,0.0,model2,4.0,False,4149.0
1383,2015-06-24T02:00:00Z,40.0,173.90778328943142,464.7570849224645,102.56707095427949,38.71363334156596,13.782017074430915,51.72052361826949,10.779401998001237,4.216509098579452,0.0,0.0,0.0,0.0,0.0,model2,4.0,False,4152.0
1384,2015-06-24T05:00:00Z,40.0,173.7522262759319,464.98360124866076,102.10350899659298,38.78297439266704,14.106651608088965,50.07223850726704,10.981137019666367,5.045173741170879,0.0,0.0,0.0,0.0,0.0,model2,4.0,False,4155.0
1385,2015-06-24T08:00:00Z,40.0,173.30285752799648,467.5625131947501,101.09250718675472,38.91780591462162,14.729398546832964,43.849553606939295,9.74133410671375,4.952231736040933,0.0,0.0,0.0,0.0,0.0,model2,4.0,False,4158.0
1386,2015-06-24T11:00:00Z,40.0,172.58368324108403,467.1056404670343,101.80350814256443,38.91988313926985,14.435386677750511,44.66557260069157,9.579630420341509,4.787486871250263,0.0,0.0,0.0,0.0,0.0,model2,4.0,False,4161.0
1387,2015-06-24T14:00:00Z,40.0,172.99988338899772,470.1725799385107,101.76503924159799,38.35447706895694,15.529973969213831,42.58654891049723,9.543290986785516,5.0771421726941215,0.0,0.0,0.0,0.0,0.0,model2,4.0,False,4164.0
1388,2015-06-24T17:00:00Z,40.0,170.90182721826216,463.9680246820925,101.10772566692202,38.02290845431335,14.270255092051089,35.133548894847564,10.251202846679904,5.0564041331009415,0.0,0.0,0.0,0.0,0.0,model2,4.0,False,4167.0
1389,2015-06-24T20:00:00Z,40.0,174.33622215165622,468.37873961526094,101.78754921884865,38.31247235022385,13.378790373174837,42.218456353313016,9.300391133521597,5.263792792967983,0.0,0.0,0.0,0.0,0.0,model2,4.0,False,4170.0
1390,2015-06-24T23:00:00Z,40.0,174.40471664070745,459.1576352591414,100.73177576832457,38.84171828105645,13.544196913400064,51.107390423574856,8.551044918752488,5.213842562194945,0.0,0.0,0.0,0.0,0.0,model2,4.0,False,4173.0
1391,2015-06-25T02:00:00Z,40.0,172.2361610053928,455.25648218175405,101.23706294533932,39.28170862145663,13.9972925551583,60.685385362939186,8.851380231450097,5.8483111637732375,0.0,0.0,0.0,0.0,0.0,model2,4.0,False,4176.0
1392,2015-06-25T05:00:00Z,40.0,172.47794922050392,454.4174512095067,102.15477497220621,38.787591934347645,14.069539824001774,62.72785213222959,8.913122338958392,5.31503964967715,0.0,0.0,0.0,0.0,0.0,model2,4.0,False,4179.0
1393,2015-06-25T08:00:00Z,40.0,173.69371404690068,452.91644621056366,101.40008295477699,39.2657843650175,15.356545633784222,62.65976008461258,9.124483564993943,5.394515172261605,0.0,0.0,0.0,0.0,0.0,model2,4.0,False,4182.0
1394,2015-06-25T11:00:00Z,40.0,173.37477546319954,449.43115672959937,99.39936246873889,39.46045185900608,15.487740781121055,63.30104801875728,9.990314045744553,5.368925380284913,0.0,0.0,0.0,0.0,0.0,model2,4.0,False,4185.0
1395,2015-06-25T14:00:00Z,40.0,173.28448566015098,450.5614458063546,98.86487434506849,39.98237686198999,15.27012906336972,65.78639426901661,10.515637347813243,5.059050585690723,0.0,0.0,0.0,0.0,0.0,model2,4.0,False,4188.0
1396,2015-06-25T17:00:00Z,40.0,173.56443459044354,448.264251747954,98.91326975061449,40.40165154667429,15.201108658634743,64.0745705534482,10.62036691430686,5.138722973029403,0.0,0.0,0.0,0.0,0.0,model2,4.0,False,4191.0
1397,2015-06-25T20:00:00Z,40.0,171.90188644201157,437.8169274752482,99.1045835353169,40.74981305467736,14.144815855456775,58.70937865230058,11.404683934635901,5.3060548977294095,0.0,0.0,0.0,0.0,0.0,model2,4.0,False,4194.0
1398,2015-06-25T23:00:00Z,40.0,170.43051236754485,441.8262874192545,99.70458308981277,41.00947024285346,15.915793382062715,55.381071938599796,11.529814181832313,5.232355483813548,0.0,0.0,0.0,0.0,0.0,model2,4.0,False,4197.0
1399,2015-06-26T02:00:00Z,40.0,171.60697033213782,440.772414895652,100.00989006289105,40.30756523708982,15.694671773534427,46.17880306408828,12.531360206168115,4.6602408394823245,0.0,0.0,0.0,0.0,0.0,model2,4.0,False,4200.0
1400,2015-06-26T05:00:00Z,40.0,171.67967591154758,439.115595838549,100.4481071744663,40.585746244468105,15.386869337972586,43.192744616616935,12.441978432403841,4.310040979761567,0.0,0.0,0.0,0.0,0.0,model2,4.0,False,4203.0
1401,2015-06-26T08:00:00Z,40.0,170.51672933066416,436.023237368247,101.27862806102137,40.31126185965787,13.19094694187431,43.27693051142699,12.459032675968356,4.045661870564017,0.0,0.0,0.0,0.0,0.0,model2,4.0,False,4206.0
1402,2015-06-26T11:00:00Z,40.0,170.13898699192146,441.76300901094146,101.78657420538045,40.6920896572909,13.374098609517848,44.173217381736784,11.121364503293565,4.292867392324582,0.0,0.0,0.0,0.0,0.0,model2,4.0,False,4209.0
1403,2015-06-26T14:00:00Z,40.0,169.66405757612543,439.5365738413163,101.00521349413978,41.32226159138585,12.80058376038652,39.08721193006686,10.387447792840524,4.099389594587108,0.0,0.0,0.0,0.0,0.0,model2,4.0,False,4212.0
1404,2015-06-26T17:00:00Z,40.0,170.86312437786933,438.4256613482053,102.93585016365377,41.81687241244892,13.412957129684816,38.908487628681065,9.164646475906618,4.277496758120792,0.0,0.0,0.0,0.0,0.0,model2,4.0,False,4215.0
1405,2015-06-26T20:00:00Z,40.0,170.90548336472904,444.85735890867994,102.70049839281002,41.43010813945606,13.773705042762728,34.87395297680056,8.132019476964508,4.578551617658613,0.0,0.0,0.0,0.0,0.0,model2,4.0,False,4218.0
1406,2015-06-26T23:00:00Z,40.0,170.6094531061641,446.08887060147833,102.53327291243471,41.06164588361258,11.718105417907367,35.46202657572388,8.020221192073743,4.7982353773727535,0.0,0.0,0.0,0.0,0.0,model2,4.0,False,4221.0
1407,2015-06-27T02:00:00Z,40.0,169.28698688763072,446.43632736686175,100.827435687593,39.865734245156034,11.745734944407065,37.97985950619436,6.827823527336188,5.901203913406843,0.0,0.0,0.0,0.0,0.0,model2,4.0,False,4224.0
1408,2015-06-27T05:00:00Z,40.0,169.43589634068007,448.6564758942768,99.74498187482357,39.42717484543263,11.572210614459296,37.88554175825855,7.4329954235642095,6.512893275959419,0.0,0.0,0.0,0.0,0.0,model2,4.0,False,4227.0
1409,2015-06-27T08:00:00Z,40.0,170.45065239858312,450.2580467679024,99.42629363554295,39.33397827942315,12.492753092533345,39.86209818505337,8.218953077284581,6.5595731141853175,0.0,0.0,0.0,0.0,0.0,model2,4.0,False,4230.0
1410,2015-06-27T11:00:00Z,40.0,169.8265756156439,448.04591550099434,99.59394420925743,38.9904966417009,13.263354948978145,40.85285204174145,8.310692370588582,6.3987674151658265,0.0,0.0,0.0,0.0,0.0,model2,4.0,False,4233.0
1411,2015-06-27T14:00:00Z,40.0,168.87635408868167,454.67103953340256,100.07905329611023,38.363527514907545,12.101675880795453,42.40945323488933,9.631844881540637,6.3083389629120505,0.0,0.0,0.0,0.0,0.0,model2,4.0,False,4236.0
1412,2015-06-27T17:00:00Z,40.0,168.88970954845047,449.1122285889258,99.75940921595614,37.554069581922455,13.857070053417866,46.688087941164724,10.466151977552126,5.785741720418263,0.0,0.0,0.0,0.0,0.0,model2,4.0,False,4239.0
1413,2015-06-27T20:00:00Z,40.0,168.91261587179818,448.43208907463287,99.08573046812555,37.48485639566658,14.251039572469988,50.233247533310525,11.040003196438649,5.279143749175005,0.0,0.0,0.0,0.0,0.0,model2,4.0,False,4242.0
1414,2015-06-27T23:00:00Z,40.0,169.0665093810199,442.5499535831926,98.16005613908207,37.68906809108367,14.071716417916608,52.018356674691155,10.527748491279992,5.536450623068652,0.0,0.0,0.0,0.0,0.0,model2,4.0,False,4245.0
1415,2015-06-28T02:00:00Z,40.0,169.39212220137,449.95887644191737,97.97959116364069,39.047222596126936,13.5009408709726,51.679616017757944,10.548487308890744,4.969431661416092,0.0,0.0,0.0,0.0,0.0,model2,4.0,False,4248.0
1416,2015-06-28T05:00:00Z,40.0,168.28370242174262,450.106952413823,98.2361312861995,40.72563129083086,13.872818959695197,51.10745475683677,9.90894360810809,4.516416382511722,0.0,0.0,0.0,0.0,0.0,model2,4.0,False,4251.0
1417,2015-06-28T08:00:00Z,40.0,168.68342754057034,450.1085138352236,100.40049561977187,40.99452785242061,14.616920813454756,51.576347892703,10.622780590831107,4.452415676909938,0.0,0.0,0.0,0.0,0.0,model2,4.0,False,4254.0
1418,2015-06-28T11:00:00Z,40.0,169.2584229383643,447.3946563362155,101.7122907552932,41.010546545581455,14.278770133402345,51.092171603805895,10.627268998354989,4.3318563418136415,0.0,0.0,0.0,0.0,0.0,model2,4.0,False,4257.0
1419,2015-06-28T14:00:00Z,40.0,167.76983079423633,444.4454183926972,101.12032782230656,41.20701922288336,15.169809645995601,47.28325670721038,10.073305259993056,4.082601261144407,0.0,0.0,0.0,0.0,0.0,model2,4.0,False,4260.0
1420,2015-06-28T17:00:00Z,40.0,167.53100398043492,445.3934133038314,100.27413633142531,41.39269359043029,15.274602823746955,42.5270417888339,9.210881040809145,3.849928302081257,0.0,0.0,0.0,0.0,0.0,model2,4.0,False,4263.0
1421,2015-06-28T20:00:00Z,40.0,165.87664669285283,436.18350920163437,101.53007650671177,41.12848541593525,14.93865899272615,44.124350037609005,9.01373771687395,4.065940233143953,0.0,0.0,0.0,0.0,0.0,model2,4.0,False,4266.0
1422,2015-06-28T23:00:00Z,40.0,167.15378086913137,440.85071964981086,102.089519653047,41.34989776763396,15.223725219760645,39.96202629490751,8.83085042311331,3.8315774197955976,0.0,0.0,0.0,0.0,0.0,model2,4.0,False,4269.0
1423,2015-06-29T02:00:00Z,40.0,169.624671810169,437.5911372242936,101.21836645774113,40.78977871894772,17.772310028978882,36.81790484339201,9.607833633847763,4.199939439127542,0.0,0.0,0.0,0.0,0.0,model2,4.0,False,4272.0
1424,2015-06-29T05:00:00Z,40.0,173.51716996609696,435.92882205254784,101.02886217967772,39.56843264185672,18.55053484277679,37.631228001011344,10.564555363440856,3.976427823983877,0.0,0.0,0.0,0.0,0.0,model2,4.0,False,4275.0
1425,2015-06-29T08:00:00Z,40.0,173.25626183581954,435.84946521474546,98.40149850587092,39.515856049504734,17.35268343679586,34.61914436033233,9.879842551567632,3.973683376555113,0.0,0.0,0.0,0.0,0.0,model2,4.0,False,4278.0
1426,2015-06-29T11:00:00Z,40.0,175.15501691753033,434.97068437199067,97.55738398439985,39.53034906939992,17.87406922747508,32.927272556470555,10.220324573603476,4.6420274281849565,0.0,0.0,0.0,0.0,0.0,model2,4.0,False,4281.0
1427,2015-06-29T14:00:00Z,40.0,175.8286050696677,431.1770089800031,99.07714389297031,39.63820327176763,18.036168537284773,30.440316477419664,10.511689868419976,4.670555526033813,0.0,0.0,0.0,0.0,0.0,model2,4.0,False,4284.0
1428,2015-06-29T17:00:00Z,40.0,175.34670865100327,432.2546437448933,100.29602848618086,40.03635874677152,16.641249474848387,33.11154515395758,11.044271615899119,4.824119003249546,0.0,0.0,0.0,0.0,0.0,model2,4.0,False,4287.0
1429,2015-06-29T20:00:00Z,40.0,173.9922620218203,438.1312770060754,99.44734870070049,39.59066844556124,18.296102285585587,29.67255788839929,11.874737974525758,5.090976844398906,0.0,0.0,0.0,0.0,0.0,model2,4.0,False,4290.0
1430,2015-06-29T23:00:00Z,40.0,172.9992778961939,441.20824581385534,100.72629613248526,39.0355505806254,19.356712469918076,36.28459107779509,12.692105311419597,4.955764381458064,0.0,0.0,0.0,0.0,0.0,model2,4.0,False,4293.0
1431,2015-06-30T02:00:00Z,40.0,169.49266390804917,438.32943473062414,102.08612574324677,39.645957368985684,18.16282851676236,36.49854342601674,11.853338336969035,5.28765506589405,0.0,0.0,0.0,0.0,0.0,model2,4.0,False,4296.0
1432,2015-06-30T05:00:00Z,40.0,165.48084684468876,436.7000582306077,101.51482376426728,40.03856699976615,18.25083407121327,45.14235948077186,11.319282362122856,5.4132348008913045,0.0,0.0,0.0,0.0,0.0,model2,4.0,False,4299.0
1433,2015-06-30T08:00:00Z,40.0,164.65788631401682,439.4052707833453,101.83398432150524,39.801644181152014,18.438691271383284,46.03122259320734,10.443312433924678,5.424589043062402,0.0,0.0,0.0,0.0,0.0,model2,4.0,False,4302.0
1434,2015-06-30T11:00:00Z,40.0,163.6889981823656,441.1471464646167,101.13286586404548,39.364767783078605,17.14517781812881,46.625161691466296,10.35664988702075,5.35881916263992,0.0,0.0,0.0,0.0,0.0,model2,4.0,False,4305.0
1435,2015-06-30T14:00:00Z,40.0,164.85254204692166,438.6131951870007,98.40621535191204,39.682860201035545,16.985897168867695,52.274317064675685,11.299597414672865,5.469516484316984,0.0,0.0,0.0,0.0,0.0,model2,4.0,False,4308.0
1436,2015-06-30T17:00:00Z,40.0,163.06602390331616,443.3358798692009,97.06901241703603,39.40836337316011,16.331605057381164,57.67659409406352,10.645720679952747,5.526891970213255,0.0,0.0,0.0,0.0,0.0,model2,4.0,False,4311.0
1437,2015-06-30T20:00:00Z,40.0,166.30049482742032,448.08338126913435,97.90404535991655,40.30710283085671,15.392269035499876,56.139312201777756,9.500372525166556,5.174879936427882,0.0,0.0,0.0,0.0,0.0,model2,4.0,False,4314.0
1438,2015-06-30T23:00:00Z,40.0,168.01676541839916,443.90277851621187,95.58100158360271,40.102052866751606,15.377145492601382,52.92324136802245,8.0162649050343,5.1996518398077765,0.0,0.0,0.0,0.0,0.0,model2,4.0,False,4317.0
1439,2015-07-01T02:00:00Z,40.0,168.28890554666555,449.7543968505603,96.99811580450123,39.60508937536433,15.262578135908644,62.79769962307845,9.99881340673162,4.822101567246579,0.0,0.0,0.0,0.0,0.0,model2,4.0,False,4320.0
1440,2015-07-01T05:00:00Z,40.0,170.450065108016,453.4587397427525,97.63389146380536,39.64310041486049,14.228452898359569,56.424506598958146,10.46524261611694,4.448182340525474,0.0,0.0,0.0,0.0,0.0,model2,4.0,False,4323.0
1441,2015-07-01T08:00:00Z,40.0,176.18527411477498,454.5292160763776,99.41676571973578,39.456978561081435,19.444736353069857,62.72885368169717,11.355119690430367,4.554054680609512,0.0,0.0,0.0,0.0,0.0,model2,4.0,False,4326.0
1442,2015-07-01T11:00:00Z,40.0,179.45513849215703,458.4002917981009,100.09948408834153,39.56882308476939,19.790267023613094,65.65006128577633,11.045229726985905,4.740440978125546,0.0,0.0,0.0,0.0,0.0,model2,4.0,False,4329.0
1443,2015-07-01T14:00:00Z,40.0,181.8471471237168,463.3877219397596,102.97135679067918,39.08438340564824,21.18433008824658,60.38680325439625,9.8535657228435,4.438916442875258,0.0,0.0,0.0,0.0,0.0,model2,4.0,False,4332.0
1444,2015-07-01T17:00:00Z,40.0,184.24520729581954,454.76413357039866,104.42580470297848,39.26795316221096,20.324126575841948,61.57391102263347,9.79699837510961,4.396846546194299,0.0,0.0,0.0,0.0,0.0,model2,4.0,False,4335.0
1445,2015-07-01T20:00:00Z,40.0,185.3790429442641,449.2614557478777,102.51152852343121,39.37160685614332,19.95014239700281,65.91903044837704,11.174789638252966,4.615922168053661,0.0,0.0,0.0,0.0,0.0,model2,4.0,False,4338.0
1446,2015-07-01T23:00:00Z,40.0,184.27040954325366,455.7927471636786,102.053741246284,39.429996855592435,20.22341397167477,65.54480193287117,11.65785618830924,4.655989269058408,0.0,0.0,0.0,0.0,0.0,model2,4.0,False,4341.0
1447,2015-07-02T02:00:00Z,40.0,187.53075204197984,446.56185836989573,100.33233469177557,39.17287621160192,19.20687124042282,60.491590438058005,10.872624286021983,5.042103140919439,0.0,0.0,0.0,0.0,0.0,model2,4.0,False,4344.0
1448,2015-07-02T05:00:00Z,40.0,187.74158731303848,454.0760120522187,100.13032236001062,38.85081363671761,18.561746472133933,67.16083208925178,10.99493022623736,5.127386204565194,0.0,0.0,0.0,0.0,0.0,model2,4.0,False,4347.0
1449,2015-07-02T08:00:00Z,40.0,185.49817592415417,454.5770150754811,99.56345064735274,38.644801771780564,16.195507032083842,65.4325696413565,10.47406204269486,4.916217887783084,1.0,0.0,0.0,0.0,0.0,model2,4.0,True,4350.0
1450,2015-07-02T11:00:00Z,40.0,185.1706031042736,446.4574345919146,98.14659671290563,38.0259188309967,17.474271443630947,62.63206521374703,10.818431595136166,5.116431508017757,1.0,0.0,0.0,0.0,0.0,model2,4.0,True,4353.0
1451,2015-07-02T14:00:00Z,40.0,186.34610653707642,444.62395987464515,96.63097327291271,38.02483219141681,16.114940102066633,63.84236285928899,9.866716974973851,5.15038033203115,1.0,0.0,0.0,0.0,0.0,model2,4.0,True,4356.0
1452,2015-07-02T17:00:00Z,40.0,186.834140462623,447.3977492360642,96.1212989548154,37.741350577801434,16.622105302846506,59.168514929035176,9.13634251452456,4.7953188667351885,1.0,0.0,0.0,0.0,0.0,model2,4.0,True,4359.0
1453,2015-07-02T20:00:00Z,40.0,185.91694464664383,449.5807221530609,98.9181683638826,37.822218396341775,17.966122160194853,54.02508632607307,10.908588565856538,4.875259820263453,1.0,0.0,0.0,0.0,0.0,model2,4.0,True,4362.0
1454,2015-07-02T23:00:00Z,40.0,188.6784640905453,455.5944723828943,101.64487451424783,38.5321589310201,17.48133135797142,59.50554971919527,11.518615128524035,5.020461916412553,1.0,0.0,0.0,0.0,0.0,model2,4.0,True,4365.0
1455,2015-07-03T02:00:00Z,40.0,189.7365240060997,458.67030491447167,100.86737195234758,39.05811156957638,16.693247435459,55.86470352604842,12.487726270584481,4.661389036848741,1.0,0.0,0.0,0.0,0.0,model2,4.0,True,4368.0
1456,2015-07-03T05:00:00Z,40.0,191.15766092103146,451.12128835980553,102.1172374423052,39.283783913831,15.493372187306418,48.42087328138474,12.120066338115404,4.5731639200640535,1.0,0.0,0.0,0.0,0.0,model2,4.0,True,4371.0
1457,2015-07-03T08:00:00Z,40.0,189.2731811361232,447.64265459808297,101.33445364791372,39.12649443455725,17.384993482228193,41.59366146738103,12.931721847861464,4.69051323703668,0.0,0.0,0.0,0.0,0.0,model2,4.0,False,4374.0
1458,2015-07-03T11:00:00Z,40.0,186.0435014035112,450.7207460996289,102.41545072700504,39.83433367588603,18.920931753201877,39.32507407739946,12.799218666664851,3.7785525327791536,0.0,0.0,0.0,0.0,0.0,model2,4.0,False,4377.0
1459,2015-07-03T14:00:00Z,40.0,181.7211980970743,453.00534466205823,103.68359645755498,39.787016195043,18.854678349597048,38.95180581901072,12.541036292938216,3.8569302698066186,0.0,0.0,0.0,0.0,0.0,model2,4.0,False,4380.0
1460,2015-07-03T17:00:00Z,40.0,180.52923318142268,458.3087328649938,103.16414080294848,39.928393916833,18.30282978749923,39.0142775678311,13.624340357347307,4.215840824405057,0.0,0.0,0.0,0.0,0.0,model2,4.0,False,4383.0
1461,2015-07-03T20:00:00Z,40.0,180.95153687465745,456.7301915569575,102.26399766438648,39.708488127179045,17.618753274802902,39.998478722363856,12.472312324857375,3.8936500663476936,0.0,0.0,0.0,0.0,0.0,model2,4.0,False,4386.0
1462,2015-07-03T23:00:00Z,40.0,179.58964616882,451.6519380207972,100.90194674191179,39.43129596719396,17.289843094356993,34.472833650503176,11.273499923046515,3.9551817182426383,0.0,0.0,0.0,0.0,0.0,model2,4.0,False,4389.0
1463,2015-07-04T02:00:00Z,40.0,176.08528190124832,454.7927218624037,102.80288432743812,38.959783330523074,17.755055639779258,32.016112931712215,9.876686784682054,3.915154448980157,0.0,0.0,0.0,0.0,0.0,model2,4.0,False,4392.0
1464,2015-07-04T05:00:00Z,40.0,174.76219123534642,454.1706474196325,101.58833472022863,38.94391113819529,17.01302776264738,39.00548883728376,10.102558567016333,3.872675542620319,0.0,0.0,0.0,0.0,0.0,model2,4.0,False,4395.0
1465,2015-07-04T08:00:00Z,40.0,174.07602061130189,458.31362846856524,101.01526778953121,39.728556841079616,15.428922710943944,39.760857449001726,9.037678386408073,4.092493114962785,0.0,0.0,0.0,0.0,0.0,model2,4.0,False,4398.0
1466,2015-07-04T11:00:00Z,40.0,173.9323864147379,459.7424198839184,102.75878941665228,39.90090280906558,14.186272233869815,44.121696023918545,8.586400746359352,4.256049075000397,0.0,0.0,0.0,0.0,0.0,model2,4.0,False,4401.0
1467,2015-07-04T14:00:00Z,40.0,175.98629914232268,460.44152734021765,102.77687381189943,39.982213419930225,14.503166299704185,42.154763712342465,9.541318025459663,4.17442785042003,0.0,0.0,0.0,0.0,0.0,model2,4.0,False,4404.0
1468,2015-07-04T17:00:00Z,40.0,174.57336133486137,462.4394199650672,102.23135272864471,39.096080597285344,14.716770730384116,44.872874497290276,8.625357454825446,4.397326828633291,0.0,0.0,0.0,0.0,0.0,model2,4.0,False,4407.0
1469,2015-07-04T20:00:00Z,40.0,171.84280892851731,462.45177681386855,101.44601786491468,39.90223584096128,17.148038135461636,45.677574075600425,9.62785670175206,5.736468602674298,0.0,0.0,0.0,0.0,0.0,model2,4.0,False,4410.0
1470,2015-07-04T23:00:00Z,40.0,171.04930310145278,458.7830968476011,101.51564362377616,39.49733585825838,16.20605581984223,44.361939889512904,9.53884144233987,6.241546333479063,0.0,0.0,0.0,0.0,0.0,model2,4.0,False,4413.0
1471,2015-07-05T02:00:00Z,40.0,171.31854311748313,455.8712001198047,100.19020520358822,38.74909185402219,14.345432998993008,45.495258284026,10.790929821677935,6.787113301687173,0.0,0.0,0.0,0.0,0.0,model2,4.0,False,4416.0
1472,2015-07-05T05:00:00Z,40.0,170.58542637596986,457.1142639522623,100.62949063677802,38.92038717306174,13.821886409429455,40.815082290999996,10.488227359881762,6.860558143487897,0.0,0.0,0.0,0.0,0.0,model2,4.0,False,4419.0
1473,2015-07-05T08:00:00Z,40.0,172.0720493813716,455.4842524835082,103.03987611794822,39.17042283369232,15.263467419123096,40.13204795089493,12.152017478700756,6.82724194731559,0.0,0.0,0.0,0.0,0.0,model2,4.0,False,4422.0
1474,2015-07-05T11:00:00Z,40.0,170.98131603111491,450.8209314293822,104.80281274950356,38.61196896487973,15.747137239416931,42.49843472975553,14.186251765504348,6.8867336105297445,0.0,0.0,0.0,0.0,0.0,model2,4.0,False,4425.0
1475,2015-07-05T14:00:00Z,40.0,169.6167851635599,440.85221828804697,107.24370962930864,38.400081074768316,17.78528850168634,47.35974055176886,15.643796192979607,6.886929348806581,0.0,0.0,0.0,0.0,0.0,model2,4.0,False,4428.0
1476,2015-07-05T17:00:00Z,40.0,169.82818090957247,432.4650268716619,110.6951721978793,38.49460529224608,17.85842326061985,41.30755699405048,15.087837777248573,7.092134680141365,0.0,0.0,0.0,0.0,0.0,model2,4.0,False,4431.0
1477,2015-07-05T20:00:00Z,40.0,171.0968569615444,427.7387969573027,113.07859126647304,37.350892482083694,16.26713489080185,42.978324352754925,13.740492656105184,5.677541431897187,0.0,0.0,0.0,0.0,0.0,model2,4.0,False,4434.0
1478,2015-07-05T23:00:00Z,40.0,168.72710376164778,427.1889600572762,116.38224505855072,38.285382329369405,16.253318303224106,41.59250059262602,13.796039541717631,5.571559651592335,0.0,0.0,0.0,0.0,0.0,model2,4.0,False,4437.0
1479,2015-07-06T02:00:00Z,40.0,169.16392145930826,431.3494782312272,118.74187185831171,39.47643232099727,16.37920780242307,44.697798104335455,10.671987480722605,4.855839857159159,0.0,0.0,0.0,0.0,0.0,model2,4.0,False,4440.0
1480,2015-07-06T05:00:00Z,40.0,168.69770962649554,434.3797455456929,120.89368651046999,39.190402637475685,16.376413444141384,46.75405950161215,8.465188007961814,4.808153989690367,0.0,0.0,0.0,0.0,0.0,model2,4.0,False,4443.0
1481,2015-07-06T08:00:00Z,40.0,166.59329730638657,428.4234819701648,122.44632514845651,38.34804346075128,14.933842076739376,46.788129023697465,8.154512445302004,4.551654570808546,0.0,0.0,0.0,0.0,0.0,model2,4.0,False,4446.0
1482,2015-07-06T11:00:00Z,40.0,168.49991092806138,433.170841325486,120.95774565438299,39.311037495360324,14.516089344574974,43.188587047495155,9.084739408094359,4.3359518466359,0.0,0.0,0.0,0.0,0.0,model2,4.0,False,4449.0
1483,2015-07-06T14:00:00Z,40.0,168.98096583198205,442.42389951058817,121.08403686154304,40.10589599445184,14.50870466996532,38.624270328869905,10.23591712974124,4.540313318207843,0.0,0.0,0.0,0.0,0.0,model2,4.0,False,4452.0
1484,2015-07-06T17:00:00Z,40.0,169.21324426958037,449.0253906535897,121.51826092748509,41.15892719239487,13.851706780720015,43.390911207676666,10.660475355640155,3.5917970677726294,0.0,0.0,0.0,0.0,0.0,model2,4.0,False,4455.0
1485,2015-07-06T20:00:00Z,40.0,170.55552057988143,455.9217529829077,122.1546201576241,40.82669143296677,13.705508901352296,39.865061819129814,10.710885375001695,3.9584931228517313,0.0,0.0,0.0,0.0,0.0,model2,4.0,False,4458.0
1486,2015-07-06T23:00:00Z,40.0,171.25670777597537,455.6001058677764,121.46405097695784,40.23551161789179,13.55400048979172,40.159235023604175,10.612651132923462,3.7505296164538966,0.0,0.0,0.0,0.0,0.0,model2,4.0,False,4461.0
1487,2015-07-07T02:00:00Z,40.0,172.039491359082,458.8633880697339,122.40601472143601,40.290237611680716,13.997671565199747,40.91547995579933,9.52444512229706,4.275963141764513,0.0,0.0,0.0,0.0,0.0,model2,4.0,False,4464.0
1488,2015-07-07T05:00:00Z,40.0,171.9290122057779,459.5878939594581,122.81680422135605,40.43162627413586,14.226930102120486,39.61716433784669,10.051810209425867,4.458863639095881,0.0,0.0,0.0,0.0,0.0,model2,4.0,False,4467.0
1489,2015-07-07T08:00:00Z,40.0,171.56575096152233,468.98121427984194,123.35484017740005,40.81900287928885,14.258973717573895,44.27036539457168,9.907717177662377,4.906102257469888,0.0,0.0,0.0,0.0,0.0,model2,4.0,False,4470.0
1490,2015-07-07T11:00:00Z,40.0,170.05706768618734,468.64356259379014,121.34023013883015,40.39906240197317,15.52664846251161,56.50071033131808,14.130102289259336,5.359248408633436,0.0,0.0,0.0,0.0,0.0,model2,4.0,False,4473.0
1491,2015-07-07T14:00:00Z,40.0,169.4275549948272,461.90861704486616,117.8782381522588,39.72955011377526,12.607723067332511,61.32634540297336,14.805083836746409,5.17081049774572,0.0,0.0,0.0,0.0,0.0,model2,4.0,False,4476.0
1492,2015-07-07T17:00:00Z,40.0,170.49591918039584,452.2241030780989,113.14995023461077,39.3956103542753,12.71086528873853,62.09282315588406,17.919098740724305,4.994460958144881,0.0,0.0,0.0,0.0,0.0,model2,4.0,False,4479.0
1493,2015-07-07T20:00:00Z,40.0,171.07517075424937,452.641304320388,110.01698021722513,39.784108473391946,13.309357965431408,61.283518153845996,18.16584006654189,4.7854413578444674,0.0,0.0,0.0,0.0,0.0,model2,4.0,False,4482.0
1494,2015-07-07T23:00:00Z,40.0,171.86090572481055,453.55153188795197,108.43735602538565,39.73806905999165,13.763145813162145,61.64670172823834,17.473568133593268,5.018855945844842,0.0,0.0,0.0,0.0,0.0,model2,4.0,False,4485.0
1495,2015-07-08T02:00:00Z,40.0,170.4860328799609,444.89736465595075,106.33945842418517,39.845167802480056,14.294647177972887,60.03123594971247,16.851591284110633,4.756567641156038,0.0,0.0,0.0,0.0,0.0,model2,4.0,False,4488.0
1496,2015-07-08T05:00:00Z,40.0,170.98115301036285,445.0270680776968,103.9780049074148,40.315469736670224,15.92851087623908,60.3363476880415,15.96549601898665,4.5816352260478235,0.0,0.0,0.0,0.0,0.0,model2,4.0,False,4491.0
1497,2015-07-08T08:00:00Z,40.0,172.70892379691108,436.08791378073477,99.07175079691879,40.33298287849188,17.622758127887995,53.40986067971183,12.242750422167502,4.061933521231351,0.0,0.0,0.0,0.0,0.0,model2,4.0,False,4494.0
1498,2015-07-08T11:00:00Z,40.0,173.22587751566425,434.6780947886082,99.01712249065798,41.022859386277496,16.680833120539933,39.24522375303753,11.467235278805273,3.459724420280002,0.0,0.0,0.0,0.0,0.0,model2,4.0,False,4497.0
1499,2015-07-08T14:00:00Z,40.0,172.0172881992071,437.1473759688822,98.56546928027704,41.1601484321486,17.344119380090667,38.448501068277935,11.2161015064872,3.3693147761972586,0.0,0.0,0.0,0.0,0.0,model2,4.0,False,4500.0
1500,2015-07-08T17:00:00Z,40.0,170.06863088868263,448.22057830727925,100.00172884398505,40.92325429467663,17.843235219648022,38.15654692595061,9.83607748708933,3.45889027691318,0.0,0.0,0.0,0.0,0.0,model2,4.0,False,4503.0
1501,2015-07-08T20:00:00Z,40.0,168.9662732646273,445.9893258357384,99.80683157721107,40.92818103623126,18.35519996618263,36.88152353295153,10.134123078355884,3.8519051858650935,0.0,0.0,0.0,0.0,0.0,model2,4.0,False,4506.0
1502,2015-07-08T23:00:00Z,40.0,169.38263698067453,446.0595902830349,98.9010677093524,40.61929580195649,18.401953423717927,38.30221530335726,9.424506377687608,3.965385943129735,0.0,0.0,0.0,0.0,0.0,model2,4.0,False,4509.0
1503,2015-07-09T02:00:00Z,40.0,169.4890156671966,447.8640720850857,97.17205462828966,39.9813331577561,17.41966760147859,42.517797886768214,9.423783207295584,4.100608193958348,0.0,0.0,0.0,0.0,0.0,model2,4.0,False,4512.0
1504,2015-07-09T05:00:00Z,40.0,169.63669935647624,443.3911649670706,96.80594242123716,41.46201825031963,15.597369262831874,45.17537872691425,8.427007508465778,6.480849505913485,0.0,0.0,0.0,0.0,0.0,model2,4.0,False,4515.0
1505,2015-07-09T08:00:00Z,40.0,165.83847161909358,444.7559560499284,96.47746874726109,41.90258879708893,14.945474730259187,63.29989494710985,8.342227238546965,6.490811370392418,0.0,0.0,0.0,0.0,0.0,model2,4.0,False,4518.0
1506,2015-07-09T11:00:00Z,40.0,164.64298701264337,438.87354482601717,96.22528537368618,42.948096436652826,16.437993949804927,66.53539012729476,7.259676756725052,7.612213296409823,0.0,0.0,0.0,0.0,0.0,model2,4.0,False,4521.0
1507,2015-07-09T14:00:00Z,40.0,164.57405126317002,446.2959525194509,95.65297335173108,44.04429969475089,15.736384447335686,68.2447880618366,7.53035252896704,7.773451143976174,0.0,0.0,0.0,0.0,0.0,model2,4.0,False,4524.0
1508,2015-07-09T17:00:00Z,40.0,165.00736887335322,442.5150562341326,95.53008197338328,45.41051852525607,15.77469166960502,70.07298114993894,7.923323897599511,7.6274493418032945,0.0,0.0,0.0,0.0,0.0,model2,4.0,False,4527.0
1509,2015-07-09T20:00:00Z,40.0,162.32157678448434,444.00821522562967,96.7168760057225,46.11355415759461,13.65927121945189,69.89693185642697,9.211946663883904,7.517266667048174,0.0,0.0,0.0,0.0,0.0,model2,4.0,False,4530.0
1510,2015-07-09T23:00:00Z,40.0,161.7881317228734,447.29577957273835,96.61300259522541,48.01555709266509,15.202902231247732,69.58671228041099,9.687622974579444,6.711937034207447,0.0,0.0,0.0,0.0,0.0,model2,4.0,False,4533.0
1511,2015-07-10T02:00:00Z,40.0,162.35223211990342,448.5960592860453,97.43969821024172,49.507138072236955,15.998955986901253,66.71701946209842,9.37138753828736,5.273778328152155,0.0,0.0,0.0,0.0,0.0,model2,4.0,False,4536.0
1512,2015-07-10T05:00:00Z,40.0,161.71904780138794,445.3803089449018,96.9731689972623,48.916164427029884,15.599626548712974,63.17128175016318,9.752386215405405,5.213794415428285,0.0,0.0,0.0,0.0,0.0,model2,4.0,False,4539.0
1513,2015-07-10T08:00:00Z,40.0,165.09418188150894,451.2322549390482,97.76678280257104,49.506521268722324,16.061045891727556,46.92509698713416,9.918747776105,4.6852131241988095,0.0,0.0,0.0,0.0,0.0,model2,4.0,False,4542.0
1514,2015-07-10T11:00:00Z,40.0,168.37955409693234,459.1039039249277,97.84261685306309,49.720512918689,15.848887096544438,40.29323596583724,9.627745986724321,4.902453181614943,0.0,0.0,0.0,0.0,0.0,model2,4.0,False,4545.0
1515,2015-07-10T14:00:00Z,40.0,170.72574026983187,448.61437605037423,97.76794788931116,49.8858335088324,15.968373597282172,41.35792752653031,9.737037564945627,4.9751411773276715,0.0,0.0,0.0,0.0,0.0,model2,4.0,False,4548.0
1516,2015-07-10T17:00:00Z,40.0,171.58910580997954,449.434468533704,97.97266575920099,50.08825966151896,15.739340645730447,37.601359952304016,10.040261043636086,4.8162256400196215,0.0,0.0,0.0,0.0,0.0,model2,4.0,False,4551.0
1517,2015-07-10T20:00:00Z,40.0,173.34316672405498,450.9051415519191,96.77479700075628,51.49882729595969,14.368923861569305,38.88138535483685,8.624062864550053,4.244240864644013,0.0,0.0,0.0,0.0,0.0,model2,4.0,False,4554.0
1518,2015-07-10T23:00:00Z,40.0,171.8601657919204,439.6030177848362,95.70863892107158,50.868674243283756,12.427119746619676,44.53777638373257,8.666029473474957,5.362380577671785,0.0,0.0,0.0,0.0,0.0,model2,4.0,False,4557.0
1519,2015-07-11T02:00:00Z,40.0,171.90353587843768,438.04301386827143,96.6095231593395,51.118931036275136,13.201163829513302,44.34507249166619,9.160583453050606,5.377909661136829,0.0,0.0,0.0,0.0,0.0,model2,4.0,False,4560.0
1520,2015-07-11T05:00:00Z,40.0,170.24074707940187,441.97495570268256,96.4281178931994,50.490810544171886,15.853839457705105,47.286662440704184,8.551494794001574,5.851013541851668,0.0,0.0,0.0,0.0,0.0,model2,4.0,False,4563.0
1521,2015-07-11T08:00:00Z,40.0,168.3934737499882,440.902930056813,97.07101287874615,49.1435412451945,15.446530893091767,50.51280114082572,9.243077991394278,7.345602310564345,0.0,0.0,0.0,0.0,0.0,model2,4.0,False,4566.0
1522,2015-07-11T11:00:00Z,40.0,168.02750088059463,434.23054459201285,96.54692016319288,47.34810640395665,14.465482429484453,55.61127748566732,10.399083777633377,7.5614997581637144,0.0,0.0,0.0,0.0,0.0,model2,4.0,False,4569.0
1523,2015-07-11T14:00:00Z,40.0,165.73935531545368,437.9984169775754,98.70795180721962,45.99094097471121,13.956927736048705,54.54971436774932,11.803629593472555,7.920575545822402,0.0,0.0,0.0,0.0,0.0,model2,4.0,False,4572.0
1524,2015-07-11T17:00:00Z,40.0,166.48162626119947,437.4871659795879,99.09097909275879,44.374658437163134,14.168191816929241,53.41889936376749,11.684842584029086,8.72471146449908,0.0,0.0,0.0,0.0,0.0,model2,4.0,False,4575.0
1525,2015-07-11T20:00:00Z,40.0,167.56528578807638,436.37810769908737,99.6217084299423,42.4221248141725,15.020806712437599,52.12038438198862,12.405540851278307,7.347065802897737,0.0,0.0,0.0,0.0,0.0,model2,4.0,False,4578.0
1526,2015-07-11T23:00:00Z,40.0,169.66280534386533,441.5577801918538,99.01968418201578,41.763506060818074,14.678125484457158,47.739531854705454,12.215094318626285,6.52231875601261,0.0,0.0,0.0,0.0,0.0,model2,4.0,False,4581.0
1527,2015-07-12T02:00:00Z,40.0,170.63208723243758,447.0476831194075,99.17447541090573,40.85065830683889,15.813613340593019,51.402348386948496,12.266638255509571,5.871066754030802,0.0,0.0,0.0,0.0,0.0,model2,4.0,False,4584.0
1528,2015-07-12T05:00:00Z,40.0,172.56707506487183,447.7905585561241,101.39299124935935,39.921614688194644,13.418634703898375,50.21619918262292,13.040930541905672,5.796380504260697,0.0,0.0,0.0,0.0,0.0,model2,4.0,False,4587.0
1529,2015-07-12T08:00:00Z,40.0,173.02709922852299,454.29285489768165,100.31662599816052,39.62995727534045,13.107435473923276,52.15224638627792,13.201845190433762,6.052700080945822,0.0,0.0,0.0,0.0,0.0,model2,4.0,False,4590.0
1530,2015-07-12T11:00:00Z,40.0,170.84791201124466,453.1388503654412,100.78704446377779,39.092162916186794,13.742660374130594,49.85701135190625,12.165258112251413,6.014478946309105,0.0,0.0,0.0,0.0,0.0,model2,4.0,False,4593.0
1531,2015-07-12T14:00:00Z,40.0,172.148673939687,454.3911543362725,99.89094808586641,39.07026872295727,15.39566270158998,49.93190422478138,11.079868743452053,6.278585404670171,0.0,0.0,0.0,0.0,0.0,model2,4.0,False,4596.0
1532,2015-07-12T17:00:00Z,40.0,170.06571215526188,457.50252212758727,99.88117923268149,39.33595601643322,17.059349259095708,49.5170305322578,10.891868595123196,5.626134144903689,0.0,0.0,0.0,0.0,0.0,model2,4.0,False,4599.0
1533,2015-07-12T20:00:00Z,40.0,168.8176646893788,458.66161562659215,99.55790492170782,39.46134461269037,16.520571471292545,52.199340934611655,10.170957555093198,5.6743882285606775,0.0,0.0,0.0,0.0,0.0,model2,4.0,False,4602.0
1534,2015-07-12T23:00:00Z,40.0,167.7359149339305,453.91474691644964,101.48324472072214,38.68277513790526,16.402158395533935,57.454442173882896,10.462286486829207,5.952582696452413,0.0,0.0,0.0,0.0,0.0,model2,4.0,False,4605.0
1535,2015-07-13T02:00:00Z,40.0,167.32877685591234,445.81283203575714,101.18705972062685,38.49958038616022,15.710692245898958,57.22081299757331,10.395870153678493,5.825815228947151,0.0,0.0,0.0,0.0,0.0,model2,4.0,False,4608.0
1536,2015-07-13T05:00:00Z,40.0,166.57171714943908,443.1850118767416,99.52271238074766,39.012453951009725,15.428660480658214,59.66733851225111,10.184092793881126,6.133419151188625,0.0,0.0,0.0,0.0,0.0,model2,4.0,False,4611.0
1537,2015-07-13T08:00:00Z,40.0,166.29732316949165,440.6293903608843,99.5876575534657,38.74370626817753,14.861235721255545,53.08478080117447,9.156450047856772,6.514324875674743,0.0,0.0,0.0,0.0,0.0,model2,4.0,False,4614.0
1538,2015-07-13T11:00:00Z,40.0,167.85217570133375,442.5278293985083,99.17619432406352,39.59163514743033,14.883105473456675,54.63023256242154,10.197033976955096,6.518771860297407,0.0,0.0,0.0,0.0,0.0,model2,4.0,False,4617.0
1539,2015-07-13T14:00:00Z,40.0,168.85899067083682,443.4957476123316,99.39322801769406,39.339837843535754,13.245266938410941,56.295991869830615,10.177419906057649,6.645000115135717,0.0,0.0,0.0,0.0,0.0,model2,4.0,False,4620.0
1540,2015-07-13T17:00:00Z,40.0,169.6965096858326,444.3655123817877,99.32653124429753,39.41559591953421,11.169430072079768,56.88369643734007,9.947938569522977,7.387715768185163,0.0,0.0,0.0,0.0,0.0,model2,4.0,False,4623.0
1541,2015-07-13T20:00:00Z,40.0,170.08262013615308,447.6873738669459,99.39031816273842,39.93996071383663,11.024944954969154,56.32920860989992,10.465136423466422,7.695646272167267,0.0,0.0,0.0,0.0,0.0,model2,4.0,False,4626.0
1542,2015-07-13T23:00:00Z,40.0,171.55099040963202,451.9340150237355,97.90269498386343,40.35734880449864,11.52363441687103,55.40469357747251,9.592186700997283,7.30602258599499,0.0,0.0,0.0,0.0,0.0,model2,4.0,False,4629.0
1543,2015-07-14T02:00:00Z,40.0,169.87712848002917,456.14677761254967,98.23404865017679,39.69487663323811,10.802680393821745,52.22110581349234,10.21066076436426,6.8933061684492145,0.0,0.0,0.0,0.0,0.0,model2,4.0,False,4632.0
1544,2015-07-14T05:00:00Z,40.0,171.1660665740391,455.3364016626711,98.26033773821968,38.72357550052139,15.66951715608334,49.813971719965366,11.275428247255018,6.524209874670272,0.0,0.0,0.0,0.0,0.0,model2,4.0,False,4635.0
1545,2015-07-14T08:00:00Z,40.0,171.0584900414585,452.664791596992,99.30454544209174,39.48119750785263,15.787305932895384,48.231499585021716,11.311536244099571,5.935191321830867,0.0,0.0,0.0,0.0,0.0,model2,4.0,False,4638.0
1546,2015-07-14T11:00:00Z,40.0,169.4368831506973,452.18683584691513,99.95691300622869,39.09914036256736,15.809010942637851,47.05648160023265,10.364120264889864,5.9748728756198215,0.0,0.0,0.0,0.0,0.0,model2,4.0,False,4641.0
1547,2015-07-14T14:00:00Z,40.0,168.44264926307673,448.8012777230951,99.87317586158112,39.16578479204222,15.441243699336455,46.765676093357754,10.29164670242624,5.554635075058584,0.0,0.0,0.0,0.0,0.0,model2,4.0,False,4644.0
1548,2015-07-14T17:00:00Z,40.0,168.53685528334128,446.74815016957115,98.62088256635492,39.34205879909939,15.287752655522366,49.92633767989442,10.60767142192549,4.759343118882635,0.0,0.0,0.0,0.0,0.0,model2,4.0,False,4647.0
1549,2015-07-14T20:00:00Z,40.0,170.23773200607684,440.2165141380563,98.56861834752031,38.51155899602404,15.948175549246432,50.15814959535982,10.031295889375182,4.330827568254893,0.0,0.0,0.0,0.0,0.0,model2,4.0,False,4650.0
1550,2015-07-14T23:00:00Z,40.0,169.26510386808116,439.80573509484816,100.55896448217692,38.699054759672755,15.344985889648767,46.19731518525057,10.000115709371533,5.035154948298756,0.0,0.0,0.0,0.0,0.0,model2,4.0,False,4653.0
1551,2015-07-15T02:00:00Z,40.0,170.23247411349027,437.9023650835476,99.48475705927912,39.12636931024309,14.803526272224884,50.73210377549103,10.481589855079244,5.299047898896908,0.0,0.0,1.0,0.0,0.0,model2,4.0,False,4656.0
1552,2015-07-15T05:00:00Z,40.0,170.0836072497949,438.5209031169194,100.6565960735615,40.142057141644564,9.80350090101092,49.510149157423385,9.112627260088157,5.300367336542124,0.0,0.0,1.0,0.0,0.0,model2,4.0,False,4659.0
1553,2015-07-15T08:00:00Z,40.0,171.3003648065206,432.92903042363577,98.19381494652485,40.303264900413296,8.866990643630883,47.192479118258895,11.045519624168644,5.102169166348227,0.0,0.0,1.0,0.0,0.0,model2,4.0,False,4662.0
1554,2015-07-15T11:00:00Z,40.0,170.63478094961937,435.77991348409546,98.60242431093262,40.29541472069288,11.414879856444369,46.4868514367469,11.139344887943103,4.956209971890017,0.0,0.0,1.0,0.0,0.0,model2,4.0,False,4665.0
1555,2015-07-15T14:00:00Z,40.0,169.5902309896655,442.353861501219,98.07910787046819,39.815689641668975,12.070118621808064,46.37287997647435,11.300188912855836,5.320837447506632,0.0,0.0,1.0,0.0,0.0,model2,4.0,False,4668.0
1556,2015-07-15T17:00:00Z,40.0,170.0880451741719,441.5304378295279,99.42993950507851,39.370647923785405,12.694156355495664,40.82600518704179,10.988649118930924,4.973619487082536,0.0,0.0,1.0,0.0,0.0,model2,4.0,False,4671.0
1557,2015-07-15T20:00:00Z,40.0,167.8746597215446,436.38091389110986,99.96354244140127,40.279611046400134,13.03918238934556,42.58550686139032,11.229938280970924,5.526146962905873,0.0,0.0,1.0,0.0,0.0,model2,4.0,False,4674.0
1558,2015-07-15T23:00:00Z,40.0,168.58413107807812,442.445132644216,99.8057242213154,40.26000599953024,13.842800777605508,48.5973468281252,11.386073815601911,6.0409754843211365,0.0,0.0,1.0,0.0,0.0,model2,4.0,False,4677.0
1559,2015-07-16T02:00:00Z,40.0,167.49353940847809,445.7432835379918,101.43947605044892,40.02846219770868,13.238357153502614,45.62646956941585,10.900203335150046,5.8551319734534255,0.0,0.0,0.0,0.0,0.0,model2,4.0,False,4680.0
1560,2015-07-16T05:00:00Z,40.0,166.62400047120218,451.05152245175566,99.79308440011648,40.12488338011347,12.655233578506081,50.03322646348998,10.826090750011367,5.7847949392075195,0.0,0.0,0.0,0.0,0.0,model2,4.0,False,4683.0
1561,2015-07-16T08:00:00Z,40.0,167.56691610143008,458.01970239832036,102.43409525391847,40.122710927639524,15.455230394165836,52.383771779264144,8.20411086230254,5.965219265736259,0.0,0.0,0.0,0.0,0.0,model2,4.0,False,4686.0
1562,2015-07-16T11:00:00Z,40.0,167.95204399582218,456.9768008577236,101.31269412411149,39.39581815835428,15.846484340030544,52.635290185814654,9.371425719895056,6.2829356119808075,0.0,0.0,0.0,0.0,0.0,model2,4.0,False,4689.0
1563,2015-07-16T14:00:00Z,40.0,168.2609077050589,453.3135815221668,101.35311093753859,39.6560576677754,15.617503182490205,51.98113188740777,8.796175716791408,6.1222332199309015,0.0,0.0,0.0,0.0,0.0,model2,4.0,False,4692.0
1564,2015-07-16T17:00:00Z,40.0,168.85065002323884,454.5562340794948,101.7198577437432,39.81247048283291,15.638785573100385,55.600197896565646,9.8498368263602,6.188017473184598,0.0,0.0,0.0,0.0,0.0,model2,4.0,False,4695.0
1565,2015-07-16T20:00:00Z,40.0,170.14344617167728,458.1747672403957,101.52004749796892,39.24803624222361,14.848710817463449,50.55383710385226,10.149169873938071,5.69071828715571,0.0,0.0,0.0,0.0,0.0,model2,4.0,False,4698.0
1566,2015-07-16T23:00:00Z,40.0,171.55305346658037,450.1640166216191,100.95175693456541,38.54125078116664,17.739878037843972,56.073978949298926,10.004811054570958,4.939665390419807,0.0,0.0,0.0,0.0,0.0,model2,4.0,False,4701.0
1567,2015-07-17T02:00:00Z,40.0,173.06610576988828,450.85776037644166,99.88448134852278,38.830242389060935,17.715259794464416,54.912713072370565,9.57985307364034,5.187569401726446,0.0,0.0,0.0,0.0,0.0,model2,4.0,False,4704.0
1568,2015-07-17T05:00:00Z,40.0,174.53317193345788,441.04388132360987,99.83309047249573,39.04560837172677,18.270782192004503,52.7453463737443,9.001024919852481,5.194255837904423,0.0,0.0,0.0,0.0,0.0,model2,4.0,False,4707.0
1569,2015-07-17T08:00:00Z,40.0,174.58157859054901,435.92206199694334,99.25434167413708,38.81658155932713,16.440449442993277,48.082785713147366,9.318138395299934,5.587571824131333,0.0,0.0,0.0,0.0,0.0,model2,4.0,False,4710.0
1570,2015-07-17T11:00:00Z,40.0,177.07396056528034,442.41786095756936,99.62527818871789,39.86260541975904,13.388206504486673,48.86551848098382,8.709261597489704,5.775492484255563,0.0,0.0,0.0,0.0,0.0,model2,4.0,False,4713.0
1571,2015-07-17T14:00:00Z,40.0,177.25202174238288,438.8708259685797,101.01265399319657,40.79892779255678,13.087794038181364,50.39238670533489,10.206016024552882,5.638674751498077,0.0,0.0,0.0,0.0,0.0,model2,4.0,False,4716.0
1572,2015-07-17T17:00:00Z,40.0,177.35797027994576,438.51307371043816,100.20955693147889,40.323451666536,12.757125927737356,47.53265564726951,10.032524688670991,5.946796827908106,0.0,0.0,0.0,0.0,0.0,model2,4.0,False,4719.0
1573,2015-07-17T20:00:00Z,40.0,176.99930944504902,445.03026778740286,101.20890232206074,40.20635155495491,13.256969656351359,48.99556002723608,10.312407630873027,5.694001756051828,0.0,0.0,0.0,0.0,0.0,model2,4.0,False,4722.0
1574,2015-07-17T23:00:00Z,40.0,172.48128696472725,452.4604324319823,101.95579158233986,41.01944959902559,13.15577256985303,36.67949951726554,10.403191750941607,5.218154303897472,0.0,0.0,0.0,0.0,0.0,model2,4.0,False,4725.0
1575,2015-07-18T02:00:00Z,40.0,170.1639013637019,445.68819936343397,101.73848536751647,41.189991449680576,14.507090976605374,38.628754563041404,10.332087942837267,5.083068804960828,0.0,0.0,0.0,0.0,0.0,model2,4.0,False,4728.0
1576,2015-07-18T05:00:00Z,40.0,167.04502652985104,451.80800732929055,101.54688811431627,40.63461554768767,15.120210622840405,39.53249095767856,10.397507198889897,4.932277167773675,0.0,0.0,0.0,0.0,0.0,model2,4.0,False,4731.0
1577,2015-07-18T08:00:00Z,40.0,167.0952704592155,453.0941584731268,101.49811363526337,40.50319404711005,15.328359722260275,41.53875308097199,10.515680161063347,4.500810224752167,0.0,0.0,0.0,0.0,0.0,model2,4.0,False,4734.0
1578,2015-07-18T11:00:00Z,40.0,166.14930956395457,455.8160671845035,101.67793248482693,40.12412243117795,15.106400570097215,42.393027715996645,10.543094409176456,4.778191738117559,0.0,0.0,0.0,0.0,0.0,model2,4.0,False,4737.0
1579,2015-07-18T14:00:00Z,40.0,167.0458743904729,458.5616078824074,101.20924282688172,39.51417835884476,16.28622278444988,39.58213540139417,10.088982451643167,4.586907184334812,0.0,0.0,0.0,0.0,0.0,model2,4.0,False,4740.0
1580,2015-07-18T17:00:00Z,40.0,167.4923734276912,452.811880391875,100.25924533118118,40.39266050917397,16.586393841378975,40.79080592922802,9.984146122517071,4.216170986348423,0.0,0.0,0.0,0.0,0.0,model2,4.0,False,4743.0
1581,2015-07-18T20:00:00Z,40.0,168.82134739876938,452.13035632377296,99.7965990931441,39.68013932691589,17.98944644353187,43.22596393928228,9.125667806639752,4.515970040715581,0.0,0.0,0.0,0.0,0.0,model2,4.0,False,4746.0
1582,2015-07-18T23:00:00Z,40.0,170.2985057847379,444.3284947492973,99.3431477196973,39.06741998547105,16.73130109429345,50.23775673245168,8.564231643773866,4.5560101258474965,0.0,0.0,0.0,0.0,0.0,model2,4.0,False,4749.0
1583,2015-07-19T02:00:00Z,40.0,170.35410599939055,451.2298705798046,98.41092832942213,39.31490446554388,16.029942448270713,56.23312587455384,9.084697798356055,4.760786644510047,0.0,0.0,0.0,0.0,0.0,model2,4.0,False,4752.0
1584,2015-07-19T05:00:00Z,40.0,172.13104712050972,451.28452544196745,98.23624464678934,39.2247899579931,13.856129483367825,54.4138049402806,9.390246825678947,4.690452709176856,0.0,0.0,0.0,0.0,0.0,model2,4.0,False,4755.0
1585,2015-07-19T08:00:00Z,40.0,171.11134855638025,450.544141675328,100.68410943005595,39.242737409460794,14.403819670656828,52.9863592512407,12.672603816148673,5.011353562092106,0.0,0.0,0.0,0.0,0.0,model2,4.0,False,4758.0
1586,2015-07-19T11:00:00Z,40.0,171.269713964641,447.89082483215736,102.33182515988905,38.27583212891757,14.551149977829786,51.3699007277565,12.510044271771926,5.32580930027726,0.0,0.0,0.0,0.0,0.0,model2,4.0,False,4761.0
1587,2015-07-19T14:00:00Z,40.0,172.53784601525498,451.95030630675313,101.91770260254421,38.89473637310504,14.067018067347007,52.4168830647935,12.112831963873123,5.741547329140105,0.0,0.0,0.0,0.0,0.0,model2,4.0,False,4764.0
1588,2015-07-19T17:00:00Z,40.0,172.04546250795266,454.53446839973253,103.98636477000284,38.89545349780421,16.59980556117245,50.719013042425686,11.66346764709032,5.863647482066711,0.0,0.0,0.0,0.0,0.0,model2,4.0,False,4767.0
1589,2015-07-19T20:00:00Z,40.0,170.46047939297713,454.4374372659974,103.97192823469514,39.08603209491184,15.574179091159792,52.5146757657096,11.767061954917445,5.8739746113437485,0.0,0.0,0.0,0.0,0.0,model2,4.0,False,4770.0
1590,2015-07-19T23:00:00Z,40.0,173.5181987640052,468.06549393487916,103.45001319916071,39.88004567923637,16.73613904841393,48.28674668081523,12.252972932632945,5.7947999331538735,0.0,0.0,0.0,0.0,0.0,model2,4.0,False,4773.0
1591,2015-07-20T02:00:00Z,40.0,175.2867429853725,465.0606473231405,103.57985131920387,39.39859579281857,16.03695528811255,40.22890556785969,12.218014797123725,5.579021543773044,0.0,0.0,0.0,0.0,0.0,model2,4.0,False,4776.0
1592,2015-07-20T05:00:00Z,40.0,175.35672188177705,465.2907788657228,104.16145719043804,39.530372835852745,17.638320305704717,45.869246549106464,11.713198832134585,5.773774858631994,0.0,1.0,0.0,0.0,0.0,model2,4.0,False,4779.0
1593,2015-07-20T08:00:00Z,40.0,176.43810620471248,465.90325849801764,101.89916916540295,40.11821776382335,17.857559370314465,46.6339031686416,8.859140877072237,5.608282091248832,0.0,1.0,0.0,0.0,0.0,model2,4.0,False,4782.0
1594,2015-07-20T11:00:00Z,40.0,176.38258555681907,464.29703776876966,100.53976534443814,41.33708206542331,17.646088276182553,48.872142863799155,8.68902820600912,4.161725751260377,0.0,1.0,0.0,0.0,0.0,model2,4.0,False,4785.0
1595,2015-07-20T14:00:00Z,40.0,174.2864591163057,468.1526440447226,99.86573439806484,40.783143127266996,18.238174130645863,51.29655338037281,8.720952206976659,4.003060199796416,0.0,1.0,0.0,0.0,0.0,model2,4.0,False,4788.0
1596,2015-07-20T17:00:00Z,40.0,173.75095211000664,473.27705887554055,98.13970340818192,39.628267166409614,18.25591922991372,50.85115846233861,8.534416439692338,4.581702816231107,0.0,1.0,0.0,0.0,0.0,model2,4.0,False,4791.0
1597,2015-07-20T20:00:00Z,40.0,174.84525478719198,467.117780105433,97.32489586430219,39.98780849761409,17.924632369962712,51.461342920664606,8.398617753292747,4.310257420294774,0.0,1.0,0.0,0.0,0.0,model2,4.0,False,4794.0
1598,2015-07-20T23:00:00Z,40.0,176.59628219486262,457.77754615131937,97.73724077566774,39.89819639805725,19.133540081006693,48.178737046896494,7.9848620336865475,4.267104106165356,0.0,1.0,0.0,0.0,0.0,model2,4.0,False,4797.0
1599,2015-07-21T02:00:00Z,40.0,175.87057766304787,458.71547478581545,98.07294770383892,39.92120734844946,20.11167595371752,52.90839643468294,7.422756324346487,4.2894686960472646,0.0,1.0,0.0,0.0,0.0,model2,4.0,False,4800.0
1600,2015-07-21T05:00:00Z,40.0,175.41330307895146,459.9260327350949,98.32017705259352,40.31370180715885,19.740400862409523,47.299482849103406,7.1926386581155475,4.620159183397576,0.0,0.0,0.0,0.0,0.0,model2,4.0,False,4803.0
1601,2015-07-21T08:00:00Z,40.0,174.36530249865578,457.8386244335992,99.7479214859512,39.52476683262177,20.060021433943135,46.15883877087264,9.370528518261539,4.670260266422726,0.0,0.0,0.0,0.0,0.0,model2,4.0,False,4806.0
1602,2015-07-21T11:00:00Z,40.0,175.1508941032,451.2863086157237,99.65609639607516,39.05919693785383,19.837865466186038,45.89792533727254,9.293385591868061,4.502465656527705,0.0,0.0,0.0,0.0,0.0,model2,4.0,False,4809.0
1603,2015-07-21T14:00:00Z,40.0,175.93502227434658,441.92184932626816,100.33007597903286,38.92713660601368,19.318477863918613,41.98859623855722,10.405929175211076,4.571926341214497,0.0,0.0,0.0,0.0,0.0,model2,4.0,False,4812.0
1604,2015-07-21T17:00:00Z,40.0,175.13663152933998,435.3947896730813,101.54351504835418,39.597723713071844,17.78899374545209,37.904217266993406,9.719351734267367,3.9419231877882432,0.0,0.0,0.0,0.0,0.0,model2,4.0,False,4815.0
1605,2015-07-21T20:00:00Z,40.0,175.66981513407336,441.6348387411627,101.37327419216378,39.19996570463039,18.575141671427428,43.30564187048178,10.45899687937334,4.164386302043152,0.0,0.0,0.0,0.0,0.0,model2,4.0,False,4818.0
1606,2015-07-21T23:00:00Z,40.0,170.77618696429772,436.9415703369367,101.00644979964287,39.3675099392889,16.047371741351274,54.398167641775714,10.848793405319354,4.5700849630494265,0.0,0.0,0.0,0.0,0.0,model2,4.0,False,4821.0
1607,2015-07-22T02:00:00Z,40.0,171.43236739436225,443.2620528309035,100.07116266510158,39.96495339550064,14.80714598391284,57.152759389108496,12.030266249007713,4.989410700228015,0.0,0.0,0.0,0.0,0.0,model2,4.0,False,4824.0
1608,2015-07-22T05:00:00Z,40.0,173.2249026147555,448.1819471942088,99.88399332746529,39.5459859390519,13.778692982000328,61.46830180334563,12.065022083182864,4.503338918237034,0.0,0.0,0.0,0.0,0.0,model2,4.0,False,4827.0
1609,2015-07-22T08:00:00Z,40.0,173.52274730200753,452.3449549895234,97.35052138566245,40.08198260801359,12.249347010200156,62.10557514052578,10.710889438904266,4.614612104431617,0.0,0.0,0.0,0.0,0.0,model2,4.0,False,4830.0
1610,2015-07-22T11:00:00Z,40.0,173.36631700449033,454.8391587321644,98.4228404678875,39.9442731851032,13.169098461879544,60.25796581956101,12.086809894171989,4.788134782461611,0.0,0.0,0.0,0.0,0.0,model2,4.0,False,4833.0
1611,2015-07-22T14:00:00Z,40.0,175.42380666359466,448.5321893135673,98.49592127533205,40.48983108958731,14.183715694829099,67.44521454649161,11.201162858674333,4.743340482171439,0.0,0.0,0.0,0.0,0.0,model2,4.0,False,4836.0
1612,2015-07-22T17:00:00Z,40.0,176.12058467743182,454.4542268350262,98.60767116054576,40.49533957407261,13.25817193591547,69.3567611867322,11.850094232912605,4.968703259382691,0.0,0.0,0.0,0.0,0.0,model2,4.0,False,4839.0
1613,2015-07-22T20:00:00Z,40.0,172.96188614804245,452.6194822911603,100.03780534051405,40.35377586159641,12.83195633624217,66.66101874969543,12.082005895512145,5.12475509115109,0.0,0.0,0.0,0.0,0.0,model2,4.0,False,4842.0
1614,2015-07-22T23:00:00Z,40.0,172.855693687591,457.22066934672404,99.0228527053055,40.009627438932775,13.520503888813035,59.803880907890395,12.125620937964573,4.799140677237201,0.0,0.0,0.0,0.0,0.0,model2,4.0,False,4845.0
1615,2015-07-23T02:00:00Z,40.0,172.7371878165981,451.41962369510713,101.0046741852942,39.264327384260795,13.500194397794592,57.94232861201874,11.365372380468711,4.591983945600523,0.0,0.0,0.0,0.0,0.0,model2,4.0,False,4848.0
1616,2015-07-23T05:00:00Z,40.0,171.06579978832997,449.92503553394494,101.51910903282038,39.56380636450496,13.45635852894185,58.07206606850409,11.757062286038355,4.63038029908398,0.0,0.0,0.0,0.0,0.0,model2,4.0,False,4851.0
1617,2015-07-23T08:00:00Z,40.0,172.41768370532824,446.99518383832617,102.57919997087765,39.82581624430704,14.017743295685197,57.487615639177434,11.719083434333625,4.199389564726552,0.0,0.0,0.0,0.0,0.0,model2,4.0,False,4854.0
1618,2015-07-23T11:00:00Z,40.0,172.7917207465575,446.8775115649314,101.20400691738732,39.76602132747555,14.532426152702868,57.18489646597705,10.8874759190482,4.158904308014855,0.0,0.0,0.0,0.0,0.0,model2,4.0,False,4857.0
1619,2015-07-23T14:00:00Z,40.0,170.49080148347682,450.87539034681646,100.27663838298237,39.37542418011543,14.013832352278607,56.15936228651137,12.880678835119815,4.133181248710164,0.0,0.0,0.0,0.0,0.0,model2,4.0,False,4860.0
1620,2015-07-23T17:00:00Z,40.0,170.824020533444,446.780620614834,99.84276045145523,39.51819103547132,13.905299636230714,57.957343822391536,12.218229154163199,4.958546793786333,0.0,0.0,0.0,0.0,0.0,model2,4.0,False,4863.0
1621,2015-07-23T20:00:00Z,40.0,173.27064310771897,439.6093404884009,99.29730233274799,40.20612805282803,13.284256357442775,59.52666929945502,11.602866580235837,4.6235943815738345,0.0,0.0,0.0,0.0,0.0,model2,4.0,False,4866.0
1622,2015-07-23T23:00:00Z,40.0,175.71842598000995,440.0548010896057,101.02753018527876,39.75840548527515,12.66342869314348,58.29527117631177,11.857423932487714,4.905959975129121,0.0,0.0,0.0,0.0,0.0,model2,4.0,False,4869.0
1623,2015-07-24T02:00:00Z,40.0,175.60043504795104,439.046824110922,100.25589929915505,39.59940027816003,12.901919330922006,56.906931660368244,12.457624384962964,4.821364508085501,0.0,0.0,0.0,0.0,0.0,model2,4.0,False,4872.0
1624,2015-07-24T05:00:00Z,40.0,178.36583081386422,441.4808654860423,100.0807254941204,39.52849608789121,12.696581648668444,56.72283770622822,12.296980561519414,5.076827587057596,0.0,0.0,0.0,0.0,0.0,model2,4.0,False,4875.0
1625,2015-07-24T08:00:00Z,40.0,175.95434038334668,438.1015020029476,100.73860402976689,38.87531346464938,14.32845387525528,60.05883902553344,11.844331905715064,5.123715360140872,0.0,0.0,0.0,0.0,0.0,model2,4.0,False,4878.0
1626,2015-07-24T11:00:00Z,40.0,173.4475609468013,432.0812597062677,100.74657323995544,40.32634830598262,14.111270062566426,65.64009557534716,11.912698509410957,5.891304420971697,0.0,0.0,0.0,0.0,0.0,model2,4.0,False,4881.0
1627,2015-07-24T14:00:00Z,40.0,173.7653194519527,440.1338125697886,101.49999882309015,40.46263467527509,15.00263292963842,59.90674299088885,9.55344526539178,6.101970536483796,0.0,0.0,0.0,0.0,0.0,model2,4.0,False,4884.0
1628,2015-07-24T17:00:00Z,40.0,173.06236876949603,432.88564563459295,101.25206674714848,40.834244119098074,15.367887322662542,58.55082792466273,9.782597718178133,5.223452035853648,0.0,0.0,0.0,0.0,0.0,model2,4.0,False,4887.0
1629,2015-07-24T20:00:00Z,40.0,171.80910546549447,440.82848324096335,100.4811853500848,41.49135054264311,15.679835578628913,58.80113286649427,10.127799818944759,5.582753242435908,0.0,0.0,0.0,0.0,0.0,model2,4.0,False,4890.0
1630,2015-07-24T23:00:00Z,40.0,169.5556660643735,445.0457652236631,100.71834926731668,42.300748454266255,15.622264383397136,59.571012698216066,10.019332972924273,5.146605444441627,0.0,0.0,0.0,0.0,0.0,model2,4.0,False,4893.0
1631,2015-07-25T02:00:00Z,40.0,169.80836060846727,450.5333622657023,101.29305239768752,42.594391038216074,16.07504001673949,63.75494858668769,8.732967796010469,4.871432833683651,0.0,0.0,0.0,0.0,0.0,model2,4.0,False,4896.0
1632,2015-07-25T05:00:00Z,40.0,166.3553498938055,440.5101673452462,100.82292570487725,43.02943056387407,16.177308492878133,65.31975830821311,8.68927305221934,4.7871380003284365,0.0,0.0,0.0,0.0,0.0,model2,4.0,False,4899.0
1633,2015-07-25T08:00:00Z,40.0,165.94433396043928,444.5945265453876,100.59186756321684,42.934166215326,15.038312129979575,63.132286376804714,8.348524111671253,4.99282943249175,0.0,0.0,0.0,0.0,0.0,model2,4.0,False,4902.0
1634,2015-07-25T11:00:00Z,40.0,167.97123366973304,454.7171140344995,101.96783776737341,41.79403275776918,15.641050284252364,56.00616311636613,8.239899359308957,4.918742150403124,0.0,0.0,0.0,0.0,0.0,model2,4.0,False,4905.0
1635,2015-07-25T14:00:00Z,40.0,166.14689055462782,459.7271860242272,100.51504493351612,41.19680784778138,14.827053048856886,60.86286388589215,9.535361286618686,5.429861384821246,0.0,0.0,0.0,0.0,0.0,model2,4.0,False,4908.0
1636,2015-07-25T17:00:00Z,40.0,166.38349800618025,466.29660580477923,101.24352527400544,40.79813284435563,15.114776472907936,57.80468439699294,9.255359300055847,5.53784769520123,0.0,0.0,0.0,0.0,0.0,model2,4.0,False,4911.0
1637,2015-07-25T20:00:00Z,40.0,165.84355359368638,466.17120309892624,100.50145289766796,40.82006694330804,14.852456307418336,56.41553985947834,9.69371045456889,5.622855975537237,0.0,0.0,0.0,0.0,0.0,model2,4.0,False,4914.0
1638,2015-07-25T23:00:00Z,40.0,168.8125026829086,462.33625831146276,98.60290037674679,39.54002734924341,16.191074070741518,58.93298972088978,9.560839087738627,6.386263308502247,0.0,0.0,0.0,0.0,0.0,model2,4.0,False,4917.0
1639,2015-07-26T02:00:00Z,40.0,168.43628843294417,448.87463631694055,98.74827652224691,39.02262951522649,15.787951009856195,58.68930728206232,9.577763994810038,6.372835926749798,0.0,0.0,0.0,0.0,0.0,model2,4.0,False,4920.0
1640,2015-07-26T05:00:00Z,40.0,168.0958785514249,446.3659888854015,98.7804685316035,38.134323679805064,15.229877616124488,52.997588328232716,9.504863839357586,5.942162592218485,0.0,0.0,0.0,0.0,0.0,model2,4.0,False,4923.0
1641,2015-07-26T08:00:00Z,40.0,169.87057748202386,448.3905578889524,99.13893065265933,38.14895559595338,15.400439991922605,53.045593148688475,10.623839840627133,5.791204026095937,0.0,0.0,0.0,0.0,0.0,model2,4.0,False,4926.0
1642,2015-07-26T11:00:00Z,40.0,168.00736626634134,445.434066506114,97.16618533776884,38.00673473372483,15.986572287192585,52.23061673830861,11.227611117512259,5.697073421923723,0.0,0.0,0.0,0.0,0.0,model2,4.0,False,4929.0
1643,2015-07-26T14:00:00Z,40.0,168.3094148734603,438.41390153934486,97.7636258717947,38.227718682795796,15.26884786393988,46.68004192823607,10.412117421995676,5.1792793647182815,0.0,0.0,0.0,0.0,0.0,model2,4.0,False,4932.0
1644,2015-07-26T17:00:00Z,40.0,168.44744763392134,439.5981267982156,97.97524458358816,38.352512706987355,15.332354999429526,42.67827752644704,11.710042113919648,5.4489458853962445,0.0,0.0,0.0,0.0,0.0,model2,4.0,False,4935.0
1645,2015-07-26T20:00:00Z,40.0,169.6355949755185,434.44084869350615,98.6420420976385,37.54926309841185,15.547172208151645,54.09223115427631,11.350161326385267,4.450797078699032,0.0,0.0,0.0,0.0,0.0,model2,4.0,False,4938.0
1646,2015-07-26T23:00:00Z,40.0,165.71771357883063,435.0288624886112,100.9324567775942,38.17840237109657,13.909769210424715,51.67465290321695,12.492003813979936,3.778406685530672,0.0,0.0,0.0,0.0,0.0,model2,4.0,False,4941.0
1647,2015-07-27T02:00:00Z,40.0,164.475219310666,442.6268337673062,100.51607318526266,38.887298807627495,13.886061941419392,51.25848398197755,12.512368870420332,4.2819109711890855,0.0,0.0,0.0,0.0,0.0,model2,4.0,False,4944.0
1648,2015-07-27T05:00:00Z,40.0,164.4445349965366,448.2749738938931,100.68076192549772,38.74395545270832,13.643484247985905,50.161127383297185,12.809049201078222,4.082176489573194,0.0,0.0,0.0,0.0,0.0,model2,4.0,False,4947.0
1649,2015-07-27T08:00:00Z,40.0,162.74136975441402,447.85833734641136,100.53108077066946,39.488242819671186,13.652780470723815,50.15231036446807,11.95811154930408,4.394633014833895,0.0,0.0,0.0,0.0,0.0,model2,4.0,False,4950.0
1650,2015-07-27T11:00:00Z,40.0,163.49816849252517,446.62548897098776,100.82980061011177,39.72324964118108,12.328968496562252,57.48186439837076,11.96014116411458,4.147077973837184,0.0,0.0,0.0,0.0,0.0,model2,4.0,False,4953.0
1651,2015-07-27T14:00:00Z,40.0,162.8536857150541,442.37399088971847,103.09433984681624,40.07956834803506,13.146214450486125,62.813164026448774,12.526407318817938,4.093281894604253,0.0,0.0,0.0,0.0,0.0,model2,4.0,False,4956.0
1652,2015-07-27T17:00:00Z,40.0,162.77822936650136,443.2654932668717,101.48257781349086,40.30912621287611,12.946433835701322,64.77229091955428,12.6171550923266,4.266383021553084,0.0,0.0,0.0,0.0,0.0,model2,4.0,False,4959.0
1653,2015-07-27T20:00:00Z,40.0,162.25895781992187,451.45586994396746,101.99757246956696,40.25950540034023,12.320749710619474,55.281489164164846,12.106449764476366,4.731638087366985,0.0,0.0,0.0,0.0,0.0,model2,4.0,False,4962.0
1654,2015-07-27T23:00:00Z,40.0,164.0734709356075,448.82524263193807,99.84044632073008,40.96060184712626,12.504649183596742,55.24356381470145,10.632534792836234,4.674853151106238,0.0,0.0,0.0,0.0,0.0,model2,4.0,False,4965.0
1655,2015-07-28T02:00:00Z,40.0,166.49617370792325,444.35516877386664,100.08569536511452,40.27880662202874,13.956819319719827,55.324671131288426,10.985006395401651,4.538961184046358,0.0,0.0,0.0,0.0,0.0,model2,4.0,False,4968.0
1656,2015-07-28T05:00:00Z,40.0,169.10729149505616,429.0309988205324,100.45839610708,40.60806928352144,15.682415105102965,69.47903649565754,10.443888295016864,4.5714485875729345,0.0,0.0,0.0,0.0,0.0,model2,4.0,False,4971.0
1657,2015-07-28T08:00:00Z,40.0,169.62263214188812,416.12890787595086,99.16552984390378,40.87393038765363,14.63700368482414,72.07847068678024,11.082715702052047,4.5991223557894685,0.0,0.0,0.0,0.0,0.0,model2,4.0,False,4974.0
1658,2015-07-28T11:00:00Z,40.0,171.77183185313316,409.66526182057953,99.67361210530376,40.910260470995844,16.73366921209657,70.05899718732961,10.43108587710607,4.666656056471154,0.0,0.0,0.0,0.0,0.0,model2,4.0,False,4977.0
1659,2015-07-28T14:00:00Z,40.0,173.54273873714928,408.1358653070996,97.2371746353979,40.74797757424551,15.479897186697118,65.35439401861792,9.17930210615073,4.727840156657294,0.0,0.0,0.0,0.0,0.0,model2,4.0,False,4980.0
1660,2015-07-28T17:00:00Z,40.0,172.89962324074116,395.7577787641652,97.64338835306664,40.47562376301163,16.032935587276736,62.40574725403886,8.442315709831192,4.275921868587433,0.0,0.0,0.0,0.0,0.0,model2,4.0,False,4983.0
1661,2015-07-28T20:00:00Z,40.0,173.213824169956,379.9229518196961,97.18677133508392,40.755801396521456,18.69952373152204,52.1624008219316,8.975041198852374,3.754137541525388,0.0,0.0,0.0,0.0,0.0,model2,4.0,False,4986.0
1662,2015-07-28T23:00:00Z,40.0,174.84076797142788,369.76637850743066,98.19979725482077,40.417650738071366,18.75066242812057,49.42847001276631,9.221680030050354,3.979863513495949,0.0,0.0,0.0,0.0,0.0,model2,4.0,False,4989.0
1663,2015-07-29T02:00:00Z,40.0,175.2227029552372,365.3797229092328,97.45668523402931,41.03671680171601,19.348359936067286,46.51820983821903,9.227688399369596,3.946206282478613,0.0,0.0,0.0,0.0,0.0,model2,4.0,False,4992.0
1664,2015-07-29T05:00:00Z,40.0,175.6209507250626,378.2619264713937,96.8880553343459,40.95365140030785,17.5970661077627,46.55231590387511,9.161356973141409,3.8956032239036613,0.0,0.0,0.0,0.0,0.0,model2,4.0,False,4995.0
1665,2015-07-29T08:00:00Z,40.0,174.4340073313849,377.26522902079535,97.47657082664671,40.48198577675657,18.625537657967588,48.284566205513,8.181345839364804,3.594651958061219,0.0,0.0,0.0,0.0,0.0,model2,4.0,False,4998.0
1666,2015-07-29T11:00:00Z,40.0,172.933667894207,370.4290640633783,97.65868275046905,40.66604306404069,17.015737460483752,49.94339777239085,8.550923204397188,3.7243301749078186,0.0,0.0,0.0,0.0,0.0,model2,4.0,False,5001.0
1667,2015-07-29T14:00:00Z,40.0,171.28554357443312,362.64675359003763,98.59623470715464,40.72767099306062,16.821669076978093,45.338848930646144,8.392432985441703,3.565327673680094,0.0,0.0,0.0,0.0,0.0,model2,4.0,False,5004.0
1668,2015-07-29T17:00:00Z,40.0,172.15825134146053,368.6223350559549,99.49633511060664,40.499258632286725,16.664804803129044,50.91010112602864,8.076973382659169,3.6069877544671534,0.0,0.0,0.0,0.0,0.0,model2,4.0,False,5007.0
1669,2015-07-29T20:00:00Z,40.0,174.61334349055116,367.5066695213176,101.2493402289353,39.63326636199914,15.542259371296074,51.45733070878325,8.535715567350165,4.297373823704741,0.0,0.0,0.0,0.0,0.0,model2,4.0,False,5010.0
1670,2015-07-29T23:00:00Z,40.0,174.11122952567294,372.6944988351326,101.1753954629542,39.599779123097726,16.02233148886266,52.28707614101668,8.570669087188936,4.864440631418216,0.0,0.0,0.0,0.0,0.0,model2,4.0,False,5013.0
1671,2015-07-30T02:00:00Z,40.0,171.7365693296945,374.96266434823394,102.47797447169741,39.26803286065426,14.979138001160905,54.617524817669384,8.092224110711927,4.606323288640452,0.0,0.0,0.0,0.0,0.0,model2,4.0,False,5016.0
1672,2015-07-30T05:00:00Z,40.0,171.72361962816905,378.94154329281787,102.94608859874641,39.43057598692909,15.537463437089743,59.5265901557892,8.282075074674996,4.6265662544332375,0.0,0.0,0.0,0.0,0.0,model2,4.0,False,5019.0
1673,2015-07-30T08:00:00Z,40.0,172.7446751216906,385.88694218808024,104.64881678374408,39.72278360599294,15.336000973572382,58.62130161540803,8.899051851159172,5.601764683898821,0.0,0.0,0.0,0.0,0.0,model2,4.0,False,5022.0
1674,2015-07-30T11:00:00Z,40.0,172.34867917159104,401.370127699025,104.78307979649144,39.22003215704057,15.365581800699553,54.78905529997551,7.618337850966173,5.525413838363134,0.0,0.0,0.0,0.0,0.0,model2,4.0,False,5025.0
1675,2015-07-30T14:00:00Z,40.0,173.14384692617097,415.1226111656851,103.57957577426805,38.82276862974438,15.960508619300187,57.22458836347397,8.807904116607268,5.632445077297119,0.0,0.0,0.0,0.0,0.0,model2,4.0,False,5028.0
1676,2015-07-30T17:00:00Z,40.0,172.17069344141706,421.166803367238,103.15284055533483,39.14448046946828,15.470596379043991,56.41268960003154,9.223170703470004,5.6905003996858845,0.0,0.0,0.0,0.0,0.0,model2,4.0,False,5031.0
1677,2015-07-30T20:00:00Z,40.0,170.04753141630042,429.9939759382129,101.55738543446604,39.1039289179279,13.171255578324473,49.277994358002694,8.424878769154526,5.556097548741659,0.0,0.0,0.0,0.0,0.0,model2,4.0,False,5034.0
1678,2015-07-30T23:00:00Z,40.0,169.06264487130008,436.145544068028,102.00431181795445,38.66137147510441,12.213712484946875,46.379529671974794,8.350130151107633,4.825192284035512,0.0,0.0,0.0,0.0,0.0,model2,4.0,False,5037.0
1679,2015-07-31T02:00:00Z,40.0,170.42755675552738,448.081511268191,100.90342267691015,38.26705706253785,12.195144812953492,53.85991807276741,9.092320900898564,4.951691391322661,0.0,0.0,0.0,0.0,0.0,model2,4.0,False,5040.0
1680,2015-07-31T05:00:00Z,40.0,169.92161245119868,440.7547462308077,99.76276489782819,38.45109072767304,11.01075224506871,54.94739313480546,9.899796025673236,5.15656565973876,0.0,0.0,0.0,0.0,0.0,model2,4.0,False,5043.0
1681,2015-07-31T08:00:00Z,40.0,171.27166197350755,449.6223911226737,98.24844837918265,37.77693596990827,10.821612372644324,53.44729365933478,9.456534688468297,4.0048612659301135,0.0,0.0,0.0,0.0,0.0,model2,4.0,False,5046.0
1682,2015-07-31T11:00:00Z,40.0,170.364828383668,454.6767194611262,99.52437860505749,38.116897405432695,12.047855083997215,57.60924374321279,10.559446576823193,3.956709814024303,0.0,0.0,0.0,0.0,0.0,model2,4.0,False,5049.0
1683,2015-07-31T14:00:00Z,40.0,171.10325313858596,458.4932367581736,99.90809675932259,38.73671959188577,11.882626091651025,56.71099602377125,10.193289901746343,4.6928652906672665,0.0,0.0,0.0,0.0,0.0,model2,4.0,False,5052.0
1684,2015-07-31T17:00:00Z,40.0,172.88547828841843,459.43913475885626,100.26853573069916,38.21211726865956,13.595130782024851,56.114394726402594,11.242877122692423,4.524083429238358,0.0,0.0,0.0,0.0,0.0,model2,4.0,False,5055.0
1685,2015-07-31T20:00:00Z,40.0,171.80900845774903,467.5017644486829,99.78250949610675,38.94851372808778,15.330393074992804,56.23627894052044,11.476875156538751,4.280154079905992,0.0,0.0,0.0,0.0,0.0,model2,4.0,False,5058.0
1686,2015-07-31T23:00:00Z,40.0,171.03930161218102,473.5826186273282,98.67436294191532,39.70926322388575,15.714373704060755,53.86453133600381,11.437175264206353,4.265922328773515,0.0,0.0,0.0,0.0,0.0,model2,4.0,False,5061.0
1687,2015-08-01T02:00:00Z,40.0,171.30610875464004,468.59344177554397,98.7071408925606,39.65484110309772,15.701185196866918,45.946633472291076,10.942246508777735,4.5705437124940005,0.0,0.0,0.0,0.0,0.0,model2,4.0,False,5064.0
1688,2015-08-01T05:00:00Z,40.0,169.56383517047718,474.02528921722654,98.73990044425743,39.5878566552913,18.55455939691391,45.067733692789936,10.634884999375046,4.788212521338553,0.0,0.0,0.0,0.0,0.0,model2,4.0,False,5067.0
1689,2015-08-01T08:00:00Z,40.0,168.14957966553234,466.9239511284298,98.98309406584595,39.985200077511614,19.07374805549145,48.84661036153474,9.997083343106114,4.772857858469117,0.0,0.0,0.0,0.0,0.0,model2,4.0,False,5070.0
1690,2015-08-01T11:00:00Z,40.0,170.54825463933892,465.0012616661461,97.80628679794741,40.05810301736923,18.925373453597274,46.52243755208144,8.711895516757876,4.8782364638405635,0.0,0.0,0.0,0.0,0.0,model2,4.0,False,5073.0
1691,2015-08-01T14:00:00Z,40.0,171.07471144969662,457.77476719112303,97.73470084769647,39.60368724735833,20.10147809873953,45.84515648125656,9.185565577317595,4.2478826698372565,0.0,0.0,0.0,0.0,0.0,model2,4.0,False,5076.0
1692,2015-08-01T17:00:00Z,40.0,169.9975257355356,451.3545053506952,98.0365373727818,40.520204686841396,20.52511752262184,48.87522311501378,7.710407376609785,4.588800462607174,0.0,0.0,0.0,0.0,0.0,model2,4.0,False,5079.0
1693,2015-08-01T20:00:00Z,40.0,169.089550198916,451.1975142730005,98.91256694430479,40.367072914503744,19.984638472436124,49.581814710411045,8.068438976983469,4.9794157859238455,0.0,0.0,0.0,0.0,0.0,model2,4.0,False,5082.0
1694,2015-08-01T23:00:00Z,40.0,168.08129915362215,447.04240893843667,100.4263799228425,40.3057555798239,19.94477290155035,48.612360473269064,9.207379945422193,5.15762424594738,0.0,0.0,0.0,0.0,0.0,model2,4.0,False,5085.0
1695,2015-08-02T02:00:00Z,40.0,166.5132696373259,445.5434192209123,100.13171598536032,40.93960231116873,19.812229055567336,51.61784669806463,9.086474267179456,4.601254242345092,0.0,0.0,0.0,0.0,0.0,model2,4.0,False,5088.0
1696,2015-08-02T05:00:00Z,40.0,167.74774154303688,442.444606310828,100.91946681729813,40.463680861643866,17.2896514152474,48.09044777496318,8.991360550459042,4.4278892310337366,0.0,0.0,0.0,0.0,0.0,model2,4.0,False,5091.0
1697,2015-08-02T08:00:00Z,40.0,168.37514590294313,449.2738785720964,100.30182015327732,40.653015800234286,16.416200116765634,49.03631241519799,9.714530704286037,4.255975973100279,0.0,0.0,0.0,0.0,0.0,model2,4.0,False,5094.0
1698,2015-08-02T11:00:00Z,40.0,169.33888998876714,444.8647827795495,100.39427169673748,40.921960742285954,17.346004376258772,48.948733735304145,10.595139410869628,4.2577201631254855,0.0,0.0,0.0,0.0,0.0,model2,4.0,False,5097.0
1699,2015-08-02T14:00:00Z,40.0,170.90862283143738,449.60363445005686,101.61180336591065,41.22097157236415,16.445342049298652,48.54384496591326,10.990339431670202,4.189879151462484,0.0,0.0,0.0,0.0,0.0,model2,4.0,False,5100.0
1700,2015-08-02T17:00:00Z,40.0,170.67233834596257,449.7059519795066,100.62623543213016,40.28114782292615,14.450945076567026,48.29992058671596,11.862035006545243,4.128829519032107,0.0,0.0,0.0,0.0,0.0,model2,4.0,False,5103.0
1701,2015-08-02T20:00:00Z,40.0,171.55901347752229,442.379733272768,101.00127721402136,40.37505346917271,14.544718186753599,44.015026226827935,12.474067234445634,3.6430322675223703,0.0,0.0,0.0,0.0,0.0,model2,4.0,False,5106.0
1702,2015-08-02T23:00:00Z,40.0,174.87504603022072,443.72894908229233,100.23701984035593,39.57037516093286,13.975539207859375,43.777366880852576,11.834579598866346,3.641204544521007,0.0,0.0,0.0,0.0,0.0,model2,4.0,False,5109.0
1703,2015-08-03T02:00:00Z,40.0,178.14099648665595,443.291652672592,99.61444155876262,39.008895133191146,13.589227759246485,40.21835753701321,12.16040054022423,3.7602037838026936,0.0,0.0,0.0,0.0,0.0,model2,4.0,False,5112.0
1704,2015-08-03T05:00:00Z,40.0,177.47063263545414,443.8069120771028,99.84721172145235,38.949454601150386,15.284795788413373,42.65398952197954,11.592552867527521,3.7845539407072235,0.0,0.0,0.0,0.0,0.0,model2,4.0,False,5115.0
1705,2015-08-03T08:00:00Z,40.0,177.2094977044361,446.3540304400075,99.36517095556128,38.41760443681375,15.677795518162625,42.98538907680196,10.996640824613378,3.9369953039679495,0.0,0.0,0.0,0.0,0.0,model2,4.0,False,5118.0
1706,2015-08-03T11:00:00Z,40.0,174.59455094463283,443.76727764392257,98.52900095490669,37.53671339480255,15.375479844320052,42.97408139726409,10.538325249442703,4.068960235628678,0.0,0.0,0.0,0.0,0.0,model2,4.0,False,5121.0
1707,2015-08-03T14:00:00Z,40.0,171.054445411591,443.1822732134067,97.20065482256277,37.6032411187748,16.190504496637757,43.96542236091226,9.820781226584256,4.418159451074744,0.0,0.0,0.0,0.0,0.0,model2,4.0,False,5124.0
1708,2015-08-03T17:00:00Z,40.0,170.4056544654481,448.9102824374725,96.87939698724978,37.38812985893715,16.199809044521125,44.75176939669527,10.052050270689397,4.425511520994926,0.0,0.0,0.0,0.0,0.0,model2,4.0,False,5127.0
1709,2015-08-03T20:00:00Z,40.0,168.93643104981416,454.46520033429016,96.35775799839323,37.68281329286105,16.681357906668445,45.73533251572086,8.522346087391197,4.762887436248269,0.0,0.0,0.0,0.0,0.0,model2,4.0,False,5130.0
1710,2015-08-03T23:00:00Z,40.0,167.16055161977368,453.55386727993584,95.56273660798351,38.70875879531568,16.557031747626276,47.06837503454497,7.956655977298633,5.406289952062453,0.0,0.0,0.0,0.0,0.0,model2,4.0,False,5133.0
1711,2015-08-04T02:00:00Z,40.0,162.79267872423753,449.7561200571008,95.52185234121842,39.263148328261735,14.453077782855368,49.94935129097802,7.970491626534371,5.307836634749201,0.0,0.0,0.0,0.0,0.0,model2,4.0,False,5136.0
1712,2015-08-04T05:00:00Z,40.0,162.91151203505234,456.74954376997636,96.14064777846642,39.228542678503736,13.103398462437973,54.420026848642856,9.293043275119864,6.131245435023832,0.0,0.0,0.0,0.0,0.0,model2,4.0,False,5139.0
1713,2015-08-04T08:00:00Z,40.0,161.83305161194411,453.85003707586924,95.9401375765156,39.311018428055895,12.474373384450207,53.23715206124522,9.525997338190107,5.7930279009716985,0.0,0.0,0.0,0.0,0.0,model2,4.0,False,5142.0
1714,2015-08-04T11:00:00Z,40.0,161.50816520659686,459.52202385966734,96.55446859762009,39.60201822156196,12.264111788988496,50.0070977797065,9.500960670305039,5.3547363231284155,0.0,0.0,0.0,0.0,0.0,model2,4.0,False,5145.0
1715,2015-08-04T14:00:00Z,40.0,161.73178686162717,454.23259105067314,97.05914768619164,39.198052501330864,10.634118641054508,51.22440814544321,8.936214201019,5.4200338737099525,1.0,0.0,0.0,0.0,0.0,model2,4.0,False,5148.0
1716,2015-08-04T17:00:00Z,40.0,163.87294720981868,440.93300945370544,98.04893434803823,40.28100973891973,12.472399505492055,59.31050060027198,7.691707746079148,5.4202511158012685,1.0,0.0,0.0,0.0,0.0,model2,4.0,False,5151.0
1717,2015-08-04T20:00:00Z,40.0,167.4695426414999,425.7284613326908,99.27069552520466,40.31379219827605,12.56760973341009,72.47751445209981,8.751639310171388,5.4663969802033865,1.0,0.0,0.0,0.0,0.0,model2,4.0,False,5154.0
1718,2015-08-04T23:00:00Z,40.0,167.09310743588082,418.54659365307884,100.53568731042887,39.98548387427793,11.258050157502536,71.88071154824728,9.083969537789958,5.020588272272461,1.0,0.0,0.0,0.0,0.0,model2,4.0,False,5157.0
1719,2015-08-05T02:00:00Z,40.0,167.9887148679233,415.8724167033241,101.75448359230249,39.54740568848936,10.844816562751848,71.67567715583709,8.016180553917746,5.1888630624469805,1.0,0.0,0.0,0.0,0.0,model2,4.0,False,5160.0
1720,2015-08-05T05:00:00Z,40.0,169.73470529995967,399.31300674739373,101.74759111286072,40.49502310720509,12.499633385353198,64.82460647802836,6.980252439959272,4.494387859144278,1.0,0.0,0.0,0.0,0.0,model2,4.0,False,5163.0
1721,2015-08-05T08:00:00Z,40.0,171.02061950743172,386.0816157902131,102.90913974561958,40.25927694612245,11.523592135877704,57.3433300890429,6.180067740432969,5.0330862145431965,1.0,0.0,0.0,0.0,0.0,model2,4.0,False,5166.0
1722,2015-08-05T11:00:00Z,40.0,171.56151014964624,377.61478359512665,103.08878675613657,40.77634782936306,12.063436541406276,50.6129985957341,6.372542846102183,4.997094381959429,1.0,0.0,0.0,0.0,0.0,model2,4.0,False,5169.0
1723,2015-08-05T14:00:00Z,40.0,171.7368622260843,379.5911164395535,103.04624975182956,41.14536311927651,12.301739039985465,51.863320685218895,7.603077335396464,4.658645755385875,0.0,0.0,0.0,0.0,0.0,model2,4.0,False,5172.0
1724,2015-08-05T17:00:00Z,40.0,171.93198263242851,386.13978167938285,102.891472293203,41.035867675968596,13.149551554706836,59.77466536641055,8.345011263390795,4.63289418652912,0.0,0.0,0.0,0.0,0.0,model2,4.0,False,5175.0
1725,2015-08-05T20:00:00Z,40.0,170.9180982950977,383.80811050631536,102.42975967347105,40.1816499460277,12.896837051832199,58.40962356961594,8.355459082744911,4.885662467013865,1.0,0.0,0.0,0.0,0.0,model2,4.0,False,5178.0
1726,2015-08-05T23:00:00Z,40.0,171.55350335819298,380.6266770661889,100.77098637401501,40.298815634478615,13.022956166245768,56.777377822498856,9.216892425449318,5.07390539894136,1.0,0.0,0.0,0.0,0.0,model2,4.0,False,5181.0
1727,2015-08-06T02:00:00Z,40.0,174.14239892464255,378.6208498440536,100.5291222838224,40.75899449663852,13.401972496227849,56.609373405436976,10.082544624218905,5.007668995610506,1.0,0.0,0.0,0.0,0.0,model2,4.0,False,5184.0
1728,2015-08-06T05:00:00Z,40.0,172.0529639228495,373.07580688637916,98.50528422044704,39.5461762316587,13.665577750692902,58.53405052321786,10.790463350266883,4.8778510265756285,1.0,0.0,0.0,0.0,0.0,model2,4.0,False,5187.0
1729,2015-08-06T08:00:00Z,40.0,169.8155682195266,374.3111784859695,98.440610072347,39.480994391702474,15.691247171152005,58.34706411271403,10.660605035438863,4.545366207736802,1.0,0.0,0.0,0.0,0.0,model2,4.0,False,5190.0
1730,2015-08-06T11:00:00Z,40.0,169.90647895491463,370.10077774078286,97.99289216277565,39.218211637824,16.491417798700027,58.01015578238788,10.73222235738698,4.74209975596259,1.0,0.0,0.0,0.0,0.0,model2,4.0,False,5193.0
1731,2015-08-06T14:00:00Z,40.0,171.24486877884772,359.78431259446717,98.99307365594684,38.916278745017316,16.920784086451942,52.59476598003751,10.456106024524452,4.549481296255675,1.0,0.0,0.0,0.0,0.0,model2,4.0,False,5196.0
1732,2015-08-06T17:00:00Z,40.0,169.28768712736547,366.7767303727852,98.39680027924835,38.58496114562905,17.36318968300055,58.90340230195436,9.723493544066926,4.317131100432662,1.0,0.0,0.0,0.0,0.0,model2,4.0,False,5199.0
1733,2015-08-06T20:00:00Z,40.0,167.71188801600212,384.2557476553422,98.90837096792448,38.647674551860476,17.40512808450985,61.56388462914143,10.391398741715463,4.385000388818011,0.0,0.0,0.0,0.0,0.0,model2,4.0,False,5202.0
1734,2015-08-06T23:00:00Z,40.0,166.50610795380717,392.657369716737,99.143040427388,38.41042946668906,17.744511550815393,67.55245775994732,9.722469998002547,4.020108592151162,0.0,0.0,0.0,0.0,0.0,model2,4.0,False,5205.0
1735,2015-08-07T02:00:00Z,40.0,165.04707542812284,400.09187546827087,99.74956382681174,39.140915386769436,16.5390617699722,68.30672534790284,8.972051898248433,4.817629847664813,0.0,0.0,0.0,0.0,0.0,model2,4.0,False,5208.0
1736,2015-08-07T05:00:00Z,40.0,166.16178746261463,415.7893062731137,101.93965938182222,39.36653056428458,17.345755586424204,63.053535916157045,8.170351343074048,5.3858074115689245,0.0,0.0,0.0,0.0,0.0,model2,4.0,False,5211.0
1737,2015-08-07T08:00:00Z,40.0,168.06581556156496,426.7361111531985,101.46496145774077,40.01844572567105,16.498832361401597,68.02954174463345,8.797200593057987,5.4553088148917865,0.0,0.0,0.0,0.0,0.0,model2,4.0,False,5214.0
1738,2015-08-07T11:00:00Z,40.0,168.788219691032,435.68209480866113,101.78967072515205,40.399896327762015,16.166945494401375,62.677068411333806,8.276098597238713,5.255225791838229,0.0,0.0,0.0,0.0,0.0,model2,4.0,False,5217.0
1739,2015-08-07T14:00:00Z,40.0,169.7778296364992,448.5997149919094,100.88017620707727,40.27558719391488,15.762699857814713,53.35463502504504,7.958773553350841,5.7284765898748855,0.0,0.0,0.0,0.0,0.0,model2,4.0,False,5220.0
1740,2015-08-07T17:00:00Z,40.0,169.41386248641732,447.0903551002126,101.40630851392866,40.198090908475926,14.881515067320619,52.81686806355329,8.222954060475116,5.639067357899476,0.0,0.0,0.0,0.0,0.0,model2,4.0,False,5223.0
1741,2015-08-07T20:00:00Z,40.0,169.57813673755604,441.3164835245072,100.01329089883828,40.74086343475047,15.281894574698136,52.97839924919054,6.961634340993651,5.483845442330985,0.0,0.0,0.0,0.0,0.0,model2,4.0,False,5226.0
1742,2015-08-07T23:00:00Z,40.0,170.23146668334257,444.35274374270927,99.85148668333464,40.537338075739115,15.564283762015364,58.07067444069486,8.331644219479724,6.013957633905286,0.0,0.0,0.0,0.0,0.0,model2,4.0,False,5229.0
1743,2015-08-08T02:00:00Z,40.0,170.5722437296496,447.5389903326966,99.41065267985651,39.968461570642575,15.386076943500507,56.71721781634941,9.343868995920166,5.561561119659919,0.0,0.0,0.0,0.0,0.0,model2,4.0,False,5232.0
1744,2015-08-08T05:00:00Z,40.0,171.54698224954063,446.84839270695466,99.06899097034426,40.79118864386147,14.586113686904962,54.05966483615485,9.651255489569133,4.772537134244709,0.0,0.0,0.0,0.0,0.0,model2,4.0,False,5235.0
1745,2015-08-08T08:00:00Z,40.0,171.9686087050229,444.28683433894463,97.71498499272244,40.08016093957085,16.644311358477392,47.8870990594351,10.706716879466102,4.892888951261969,0.0,0.0,0.0,0.0,0.0,model2,4.0,False,5238.0
1746,2015-08-08T11:00:00Z,40.0,173.50598138173245,453.80346548230636,97.23819279935677,40.51088022847665,16.766687380164402,51.12836540510651,10.611054283013976,5.2466412009694965,0.0,0.0,0.0,0.0,0.0,model2,4.0,False,5241.0
1747,2015-08-08T14:00:00Z,40.0,172.1620311185768,456.9842872830369,96.91737839656534,41.152910537483464,18.203041066130073,53.8877361124998,11.544574477430634,4.610249086101678,0.0,0.0,0.0,0.0,0.0,model2,4.0,False,5244.0
1748,2015-08-08T17:00:00Z,40.0,171.1254967077956,455.59103437219636,95.96048386720301,41.09046249872735,18.649684325688987,49.1355447288099,11.472452150069456,4.801912282699903,0.0,0.0,0.0,1.0,0.0,model2,4.0,False,5247.0
1749,2015-08-08T20:00:00Z,40.0,171.02856254511536,464.91955369873864,95.3971024175274,40.93774766674872,18.675117247918614,47.90838204292166,11.306609020690114,4.646500642876042,0.0,0.0,0.0,1.0,0.0,model2,4.0,False,5250.0
1750,2015-08-08T23:00:00Z,40.0,171.3379283824932,460.5611278884258,96.88886358761779,40.85051893490528,17.940577700835593,38.28878874862761,12.065302879353498,4.232257711715623,0.0,0.0,0.0,1.0,0.0,model2,4.0,False,5253.0
1751,2015-08-09T02:00:00Z,40.0,172.21804072984267,456.728085746061,97.08655895896187,41.29238025861818,18.75657505458397,41.01289288549478,11.296791761309994,4.489719277000456,0.0,0.0,0.0,1.0,0.0,model2,4.0,False,5256.0
1752,2015-08-09T05:00:00Z,40.0,171.22602915985297,460.11118355385076,96.047289794136,41.09197556491275,18.517041717482666,43.679685176189736,10.82971854074281,4.725647465354476,0.0,0.0,0.0,1.0,0.0,model2,4.0,False,5259.0
1753,2015-08-09T08:00:00Z,40.0,169.8467696355981,455.8417574235417,97.321249410373,41.19214713456697,18.000795411659336,47.6473888632429,9.74328761534767,4.838589709184162,0.0,0.0,0.0,1.0,0.0,model2,4.0,False,5262.0
1754,2015-08-09T11:00:00Z,40.0,165.94582721332168,459.8064808966981,97.10943125155231,40.328489071548454,16.969297806403375,53.58622954591879,10.009684488282527,4.509499465517436,0.0,0.0,0.0,1.0,0.0,model2,4.0,False,5265.0
1755,2015-08-09T14:00:00Z,40.0,166.4621441416889,457.9297979690664,98.42609611936123,40.59364490749945,15.105533608427734,59.76409378742422,9.878831767933066,4.6443722552249005,0.0,0.0,0.0,1.0,0.0,model2,4.0,False,5268.0
1756,2015-08-09T17:00:00Z,40.0,167.72507527722516,463.34414238301264,98.8939314929257,40.698712195328866,15.294498690754073,60.07387830047618,10.016205078762749,4.488881986116066,0.0,0.0,0.0,0.0,0.0,model2,4.0,False,5271.0
1757,2015-08-09T20:00:00Z,40.0,168.10089649589685,459.72947355429017,99.23154795696699,40.83310941291922,14.825334218611092,60.288075605682536,11.14008366864782,4.4884906239439255,0.0,0.0,0.0,0.0,0.0,model2,4.0,False,5274.0
1758,2015-08-09T23:00:00Z,40.0,170.56483842887747,463.34729391665553,99.05110097516031,41.24486608708106,17.185522683508133,62.00881914946822,10.329320485355248,4.241077978352881,0.0,0.0,0.0,0.0,0.0,model2,4.0,False,5277.0
1759,2015-08-10T02:00:00Z,40.0,168.4496776136316,463.96862920024665,99.75647144185636,40.69646788094615,16.334520046074434,62.21459163441718,10.859323361895466,3.8959664953422775,0.0,0.0,0.0,0.0,0.0,model2,4.0,False,5280.0
1760,2015-08-10T05:00:00Z,40.0,167.52559671943084,457.7003897811357,100.16979803579085,41.22972044852548,16.502651217725205,64.02104375688391,10.736989882654763,4.0518442609463055,0.0,0.0,0.0,0.0,0.0,model2,4.0,False,5283.0
1761,2015-08-10T08:00:00Z,40.0,167.7291155222691,462.35116545149407,100.87689363395636,41.54168728840182,16.304161277694845,61.42160428451059,10.399096832672326,3.5397727800905416,0.0,0.0,0.0,0.0,0.0,model2,4.0,False,5286.0
1762,2015-08-10T11:00:00Z,40.0,171.09282508197646,448.83950442562826,101.30520106277572,41.83217845548493,16.680321495948604,54.93873613030141,10.092756613495782,3.8692610930358033,0.0,0.0,0.0,0.0,0.0,model2,4.0,False,5289.0
1763,2015-08-10T14:00:00Z,40.0,171.20755861719013,451.32016412329625,99.12884171820579,41.42133600622461,16.95270305625495,48.48396945991315,10.345349750219151,3.7241162039376574,0.0,0.0,0.0,0.0,0.0,model2,4.0,False,5292.0
1764,2015-08-10T17:00:00Z,40.0,171.24821028216223,445.0241047757602,98.97870759741228,41.15922199832652,17.930058317031712,48.097179747330294,9.801421500946848,4.063294438955241,0.0,0.0,0.0,0.0,0.0,model2,4.0,False,5295.0
1765,2015-08-10T20:00:00Z,40.0,172.17617436537304,441.72354605732164,98.3628818772579,41.51186651280956,17.273965731148465,43.87538934678587,8.713104814832594,4.1441311777307615,0.0,0.0,0.0,0.0,0.0,model2,4.0,False,5298.0
1766,2015-08-10T23:00:00Z,40.0,169.46766737171976,436.4984874694892,98.07356275117463,41.186095631779686,15.506431733794726,40.45410207725503,7.903863054814246,4.3520252845076435,0.0,0.0,0.0,0.0,0.0,model2,4.0,False,5301.0
1767,2015-08-11T02:00:00Z,40.0,169.38194794279988,438.2042534896177,96.41709280003084,41.24476270731552,15.412881530841446,39.70656364797926,7.5714845668589374,4.985476416136399,0.0,0.0,0.0,0.0,0.0,model2,4.0,False,5304.0
1768,2015-08-11T05:00:00Z,40.0,169.93925151676578,444.4453195852162,96.66263329908085,39.88115913480684,16.88848898751155,35.9187578148746,6.988568500339233,5.077749707781909,0.0,0.0,0.0,0.0,0.0,model2,4.0,False,5307.0
1769,2015-08-11T08:00:00Z,40.0,170.78307555497992,440.687900657136,96.70105481441442,39.863443695086325,15.265281120172006,36.58409118125174,7.050098106864687,5.294211943701992,0.0,0.0,0.0,0.0,0.0,model2,4.0,False,5310.0
1770,2015-08-11T11:00:00Z,40.0,168.9290673589024,444.7713962845166,97.36437965787916,39.8904007075036,14.47316685305998,36.39566757373153,7.762578207829257,5.130826196741079,0.0,0.0,0.0,0.0,0.0,model2,4.0,False,5313.0
1771,2015-08-11T14:00:00Z,40.0,167.76212462464952,444.70911626758834,98.43401270075779,39.51225147395999,14.511261586813596,34.39204349030545,7.118089653988083,5.310928719918751,0.0,0.0,0.0,0.0,0.0,model2,4.0,False,5316.0
1772,2015-08-11T17:00:00Z,40.0,167.75477228689732,446.46958391986055,98.17243961028522,40.07537080774252,13.260847532163153,35.09965702349364,8.253508369999606,5.460090213376692,0.0,0.0,0.0,0.0,0.0,model2,4.0,False,5319.0
1773,2015-08-11T20:00:00Z,40.0,166.72693616826263,448.25988276412284,98.428871428935,40.30219187025924,14.603486218209614,36.02093675038147,8.178567714973026,5.527935230604219,0.0,0.0,0.0,0.0,0.0,model2,4.0,False,5322.0
1774,2015-08-11T23:00:00Z,40.0,167.9059331463387,455.63496858766524,98.1211961889988,40.669811846010276,15.552972983076687,38.14722615308814,8.900467184648578,5.408590843421797,0.0,0.0,0.0,0.0,0.0,model2,4.0,False,5325.0
1775,2015-08-12T02:00:00Z,40.0,168.79045121201491,462.55361577811175,99.17594873751287,40.08012324964871,15.699468882898286,40.415162483061216,8.386682913700666,4.998635703099287,0.0,0.0,0.0,0.0,0.0,model2,4.0,False,5328.0
1776,2015-08-12T05:00:00Z,40.0,168.98345560151654,464.49701040550275,97.72838894553291,41.535545357513506,13.614924889901538,40.256117362104284,9.264207759610782,5.415420649349503,0.0,0.0,0.0,0.0,0.0,model2,4.0,False,5331.0
1777,2015-08-12T08:00:00Z,40.0,170.91274015628358,471.3989551563399,97.7906374079904,41.3178532392001,14.496389072763671,38.062835679260346,10.426857933367076,5.463453997333052,0.0,0.0,0.0,0.0,0.0,model2,4.0,False,5334.0
1778,2015-08-12T11:00:00Z,40.0,172.56872554218162,466.859979354918,98.58541591147899,40.49915456239078,14.599503573292415,45.387064594255,10.571499983898912,5.907841643703869,0.0,0.0,0.0,0.0,0.0,model2,4.0,False,5337.0
1779,2015-08-12T14:00:00Z,40.0,173.54306751818183,460.66235835130476,98.89241641639349,40.69079880266101,14.093079589116444,46.548171229704884,11.909484102246596,5.757832073107822,0.0,0.0,0.0,0.0,0.0,model2,4.0,False,5340.0
1780,2015-08-12T17:00:00Z,40.0,174.59891259922543,467.41698994919517,99.77116216218704,39.86418995917719,13.339009696582586,49.96999311156997,11.903491444240615,5.668432629070223,0.0,0.0,0.0,0.0,0.0,model2,4.0,False,5343.0
1781,2015-08-12T20:00:00Z,40.0,174.11333902085445,461.4142031483077,100.37497598898676,39.747625901019255,13.242477524117902,59.68043117914674,12.156361960666757,5.879540324029995,0.0,0.0,0.0,0.0,0.0,model2,4.0,False,5346.0
1782,2015-08-12T23:00:00Z,40.0,172.700956187854,459.91522790600675,99.50115542433387,39.37134643348072,12.241424693683019,60.03304712885512,12.054783309332757,6.148103929658087,0.0,0.0,0.0,0.0,0.0,model2,4.0,False,5349.0
1783,2015-08-13T02:00:00Z,40.0,172.84930056504837,456.24992226503474,98.54953678942259,40.33808067097113,12.72740511172437,63.254023961571924,12.000633830890722,6.4799405553560625,0.0,0.0,0.0,0.0,0.0,model2,4.0,False,5352.0
1784,2015-08-13T05:00:00Z,40.0,171.9323848825269,449.52312622493474,100.18918569575348,38.657983150188244,13.082753522927113,65.50450553359771,11.441012659889402,5.874423900888373,0.0,0.0,0.0,0.0,0.0,model2,4.0,False,5355.0
1785,2015-08-13T08:00:00Z,40.0,169.80327841402809,454.0213999705918,99.16398069121388,39.051061328793715,13.362638231701245,73.67052201885282,10.892823528628304,5.956368281278043,0.0,0.0,0.0,0.0,0.0,model2,4.0,False,5358.0
1786,2015-08-13T11:00:00Z,40.0,168.684766764732,452.5805225950824,97.95827918076692,39.63516763791061,12.5277474264168,75.0027642951933,10.282907550996974,5.605734200222028,0.0,0.0,0.0,0.0,0.0,model2,4.0,False,5361.0
1787,2015-08-13T14:00:00Z,40.0,169.2268617034847,459.3819011685868,97.3344826080862,39.69664332376869,12.843291984950975,75.92134907218393,8.859326294421733,5.614019011161643,0.0,0.0,0.0,0.0,0.0,model2,4.0,False,5364.0
1788,2015-08-13T17:00:00Z,40.0,167.18199728809162,456.5644811150351,97.36542853609257,39.3291899019683,12.83238505204362,73.61154948599624,7.694886566329548,6.040577865912455,0.0,0.0,0.0,0.0,0.0,model2,4.0,False,5367.0
1789,2015-08-13T20:00:00Z,40.0,169.55154494444358,464.558269171969,97.41546407118963,38.900910247269614,12.491155613277204,67.22903763332612,7.916042588842387,5.447460855789871,0.0,0.0,0.0,0.0,0.0,model2,4.0,False,5370.0
1790,2015-08-13T23:00:00Z,40.0,171.2869738138274,459.39398048994764,98.21619979690851,38.05283452683796,12.568330051108616,68.08899697734748,7.553477714578509,5.520372633771821,0.0,0.0,0.0,0.0,0.0,model2,4.0,False,5373.0
1791,2015-08-14T02:00:00Z,40.0,170.1948783752715,462.7469661051944,99.19125156527656,37.43793724513089,12.580326750209597,66.46697379070997,8.601780421056905,4.92894695847696,0.0,0.0,0.0,0.0,0.0,model2,4.0,False,5376.0
1792,2015-08-14T05:00:00Z,40.0,171.01049261380376,459.52496887441816,98.77281871639316,38.15596535121868,12.401792708089173,67.20133822435065,8.671212233137343,4.9747879437417,0.0,0.0,0.0,0.0,0.0,model2,4.0,False,5379.0
1793,2015-08-14T08:00:00Z,40.0,171.6691236138436,444.74168600161835,99.61645258694105,37.81615599293399,14.856997122337415,60.5646303011666,8.472503622020895,4.840251114718707,0.0,0.0,0.0,0.0,0.0,model2,4.0,False,5382.0
1794,2015-08-14T11:00:00Z,40.0,169.7916876155928,442.94572234998566,99.60309454575292,37.85486454541528,16.902080774585134,57.87301929438219,10.316842683844364,4.8646702903579735,0.0,0.0,0.0,0.0,0.0,model2,4.0,False,5385.0
1795,2015-08-14T14:00:00Z,40.0,169.33184798729403,440.3674526906265,98.7469670083304,37.20909861507799,16.569074974293823,55.68543405745799,10.798558322353555,4.850333640663716,0.0,0.0,0.0,0.0,0.0,model2,4.0,False,5388.0
1796,2015-08-14T17:00:00Z,40.0,172.07640816936387,440.34884094566576,97.6372662100852,38.03726698745008,16.657981795699012,53.311243783676346,11.574888380646524,4.547006321986856,0.0,0.0,0.0,0.0,0.0,model2,4.0,False,5391.0
1797,2015-08-14T20:00:00Z,40.0,170.91175990893967,432.3552537978737,97.3142027406118,37.29992163276768,16.816012709489588,53.61365556790413,10.833950857800007,5.101507699002824,0.0,0.0,0.0,0.0,0.0,model2,4.0,False,5394.0
1798,2015-08-14T23:00:00Z,40.0,169.3826830457374,437.95476573181344,96.79592095128731,39.13551080701093,16.722286128176254,52.810824319126965,11.35861229431118,5.616662195130996,1.0,0.0,0.0,0.0,0.0,model2,4.0,False,5397.0
1799,2015-08-15T02:00:00Z,40.0,170.1926315880172,432.5395644363625,96.34389897487301,39.137742200153056,16.000903381921553,52.593360257468795,10.755351686434539,5.640749774998728,1.0,0.0,0.0,0.0,0.0,model2,4.0,False,5400.0
1800,2015-08-15T05:00:00Z,40.0,169.66782209251875,440.21460509003487,96.85572280238847,38.89962794262935,16.552376302930387,51.53689079265383,10.67664125546861,5.405963905538372,1.0,0.0,0.0,0.0,0.0,model2,4.0,False,5403.0
1801,2015-08-15T08:00:00Z,40.0,172.27489275191365,437.4188994556265,97.6203309865448,38.84194551377379,15.79582796029615,55.007286054940174,11.414293149651439,5.510616519788323,1.0,0.0,0.0,0.0,0.0,model2,4.0,False,5406.0
1802,2015-08-15T11:00:00Z,40.0,173.53162765266768,428.3013436744706,97.53085551737956,38.905389517248274,15.147434010797815,65.75879240557245,9.752090930490104,5.685712939113229,1.0,0.0,0.0,0.0,0.0,model2,4.0,False,5409.0
1803,2015-08-15T14:00:00Z,40.0,174.5526885898301,412.673789834791,98.77636926966605,39.4216034752956,16.098581099149325,68.87832687679999,8.991724249358967,5.4525105451316165,1.0,0.0,0.0,0.0,0.0,model2,4.0,False,5412.0
1804,2015-08-15T17:00:00Z,40.0,173.41903458894075,408.36057104783197,99.80686758229366,39.03446718628317,15.4396705269875,65.87195828333621,8.87773113668473,5.640340539128536,1.0,0.0,0.0,0.0,0.0,model2,4.0,False,5415.0
1805,2015-08-15T20:00:00Z,40.0,171.9710545867935,402.82285100022057,99.54481532305118,39.9002815454566,15.792081108299305,68.07057091462717,10.242538348311326,4.945915990281253,1.0,0.0,0.0,0.0,0.0,model2,4.0,False,5418.0
1806,2015-08-15T23:00:00Z,40.0,173.23136371593822,393.4336053398474,100.5702753661841,39.155077954808405,16.8848491415194,62.958792609265785,10.010129982143145,4.3974065205935435,0.0,0.0,0.0,0.0,0.0,model2,4.0,False,5421.0
1807,2015-08-16T02:00:00Z,40.0,173.02386310742077,383.3583088016443,100.10135416356657,40.03640925925321,16.89876991580261,53.3337808595661,9.753333254325137,4.76837415453458,0.0,0.0,0.0,0.0,0.0,model2,4.0,False,5424.0
1808,2015-08-16T05:00:00Z,40.0,174.5829199344135,377.1743609617509,99.66037063967941,40.26331740386017,17.553082499706225,46.4424378894446,10.052642778490313,4.659518552656809,0.0,0.0,0.0,0.0,0.0,model2,4.0,False,5427.0
1809,2015-08-16T08:00:00Z,40.0,172.71393689689697,376.4453611813543,99.47934477454938,40.550746659699314,16.029460483904487,46.625429768170356,9.416719964248102,4.1808543391066735,0.0,1.0,1.0,0.0,0.0,model2,4.0,True,5430.0
1810,2015-08-16T11:00:00Z,40.0,172.30286241797694,381.59367766475134,99.95530824324892,40.56329356857274,14.760492886673225,43.424126769860926,9.348709450000909,3.86790014121607,0.0,1.0,1.0,0.0,0.0,model2,4.0,True,5433.0
1811,2015-08-16T14:00:00Z,40.0,171.391981507297,383.3524173745329,100.519766904317,40.797527839240615,14.353823285230064,41.03293063711236,9.6317184505391,4.282407869275302,0.0,1.0,1.0,0.0,0.0,model2,4.0,True,5436.0
1812,2015-08-16T17:00:00Z,40.0,172.32655302670128,379.55648080156135,100.03316021493174,40.92903683404779,15.134832679108765,35.99544495195392,9.411615826272195,4.034409226625505,0.0,1.0,1.0,0.0,0.0,model2,4.0,True,5439.0
1813,2015-08-16T20:00:00Z,40.0,173.88278795715317,379.33044944934153,101.11945211972423,40.753776534467534,16.315175839618654,37.93890285873451,8.259921275724983,4.137997528503012,0.0,1.0,1.0,0.0,0.0,model2,4.0,True,5442.0
1814,2015-08-16T23:00:00Z,40.0,171.9615747276769,374.94672224270636,101.85701267889714,40.29017978882674,15.76374821491101,39.994895245575506,7.788964279830171,4.25628204823493,0.0,1.0,1.0,0.0,0.0,model2,4.0,True,5445.0
1815,2015-08-17T02:00:00Z,40.0,172.59070402064842,374.59395538543816,103.44478223275951,39.10079171685437,15.990591605575347,39.884293900463376,8.287968186443663,3.7163114466012046,0.0,1.0,1.0,0.0,0.0,model2,4.0,True,5448.0
1816,2015-08-17T05:00:00Z,40.0,170.9232230885166,371.62240810287074,105.23029375729506,39.0440913380545,16.07525152045294,41.33009635622923,8.626747293271611,4.601557014602974,0.0,1.0,1.0,0.0,0.0,model2,4.0,True,5451.0
1817,2015-08-17T08:00:00Z,40.0,171.7433571189363,381.0512853212516,103.28919849574827,38.81245194027771,17.503374283314038,46.44992058944425,10.79153089402055,4.763083221688455,0.0,0.0,0.0,0.0,0.0,model2,4.0,False,5454.0
1818,2015-08-17T11:00:00Z,40.0,172.31395759660717,395.94683095885733,103.52992821654465,38.965525278432224,17.40811874095576,58.32937175876246,11.267468768051774,4.805176875227176,0.0,0.0,0.0,0.0,0.0,model2,4.0,False,5457.0
1819,2015-08-17T14:00:00Z,40.0,171.8137827103729,411.677281955832,103.69563386205981,38.84201130788179,16.931788010905677,63.379146324242456,10.9239406922165,4.547581606495156,0.0,0.0,0.0,0.0,0.0,model2,4.0,False,5460.0
1820,2015-08-17T17:00:00Z,40.0,169.01071418686615,418.66056614515486,103.24042632269224,38.93774261307212,17.10257577153357,67.73167939437657,10.752204952078543,4.699153014636146,0.0,0.0,0.0,0.0,0.0,model2,4.0,False,5463.0
1821,2015-08-17T20:00:00Z,40.0,170.08072335864642,425.121876188748,102.6767371176326,39.232774721542796,15.960831668545651,67.71950645003035,11.526276199259062,4.8116110992664645,0.0,0.0,0.0,0.0,0.0,model2,4.0,False,5466.0
1822,2015-08-17T23:00:00Z,40.0,174.91831446088412,435.38167954118086,102.82617590089905,39.592879233854106,18.347130760366944,61.02709071891323,11.824841721449733,5.176389622832972,0.0,0.0,0.0,0.0,0.0,model2,4.0,False,5469.0
1823,2015-08-18T02:00:00Z,40.0,177.3010193377093,444.9873088223416,102.19707220293607,40.093487475978925,19.3787334763527,58.56270748120054,11.25301281817407,5.342837215650931,0.0,0.0,0.0,0.0,0.0,model2,4.0,False,5472.0
1824,2015-08-18T05:00:00Z,40.0,180.21457806958725,451.8891936456917,100.15205086448677,39.42290046241289,18.28578437366529,54.18586940909548,11.720402515802295,5.6891139884251976,0.0,0.0,0.0,0.0,0.0,model2,4.0,False,5475.0
1825,2015-08-18T08:00:00Z,40.0,180.7664398039932,452.4980248213189,101.0368247582617,39.18970144830328,17.31264234877825,54.09755370283475,11.014075138518072,5.680773516366313,0.0,0.0,0.0,0.0,0.0,model2,4.0,False,5478.0
1826,2015-08-18T11:00:00Z,40.0,183.74470515004813,448.0776537310098,100.61656259250164,38.600763215257565,17.959220174800112,51.38915970430868,11.523738301319346,5.667202890038617,0.0,0.0,0.0,0.0,0.0,model2,4.0,False,5481.0
1827,2015-08-18T14:00:00Z,40.0,185.22229969962638,441.1924297951071,98.67192368035008,38.74794726349064,17.47821435966504,51.08982415313699,12.753211494475208,5.864899564961562,0.0,0.0,0.0,0.0,0.0,model2,4.0,False,5484.0
1828,2015-08-18T17:00:00Z,40.0,190.0013705166974,440.0423664363642,99.54310294211331,38.47860430221224,12.96998796193374,49.46652054480026,13.081511219120022,5.791918302861588,0.0,0.0,0.0,0.0,0.0,model2,4.0,False,5487.0
1829,2015-08-18T20:00:00Z,40.0,191.99674283351126,444.7691965054899,99.62207558950256,37.91235165296784,11.733543877289165,41.6157068442028,12.674190191583953,5.469249846211124,0.0,0.0,0.0,0.0,0.0,model2,4.0,False,5490.0
1830,2015-08-18T23:00:00Z,40.0,191.53900222506687,442.4781340677316,99.23554367835207,38.11018471385811,11.267903764181035,44.190850957442514,13.080436469012554,4.982925402963963,0.0,0.0,0.0,0.0,0.0,model2,4.0,False,5493.0
1831,2015-08-19T02:00:00Z,40.0,191.73546283814102,440.92107913058,98.85188820841677,37.798128328593954,10.311741301547263,39.883909589147855,13.479404612908663,4.51616799403604,0.0,0.0,0.0,0.0,0.0,model2,4.0,False,5496.0
1832,2015-08-19T05:00:00Z,40.0,191.13914196118145,442.8596180832956,100.6266975357954,38.37674029042017,11.804334848900574,38.52356002990013,12.955025865591429,3.7605244638708566,0.0,0.0,0.0,0.0,0.0,model2,4.0,False,5499.0
1833,2015-08-19T08:00:00Z,40.0,192.4290060632077,441.0351540229015,101.77470384881849,38.86460868645072,13.587820002382545,44.8815959377246,12.421117561107115,3.8462129216134593,0.0,0.0,0.0,0.0,0.0,model2,4.0,False,5502.0
1834,2015-08-19T11:00:00Z,40.0,192.44965801876324,436.7822589131601,103.3168978819048,38.3741948995921,14.155107789011085,49.31849102718112,12.084380954081693,4.251998275966444,0.0,0.0,0.0,0.0,0.0,model2,4.0,False,5505.0
1835,2015-08-19T14:00:00Z,40.0,193.31362097668492,437.3700920306197,105.37616225548805,38.467012387035815,14.354136120897136,49.44850417750194,10.250209545688016,4.207849513419575,0.0,0.0,0.0,0.0,0.0,model2,4.0,False,5508.0
1836,2015-08-19T17:00:00Z,40.0,192.68878004374284,438.279354027145,106.05577622158195,39.28893596912628,14.269160459830973,48.672303828300656,9.673327628456649,4.6172384448100185,0.0,0.0,0.0,0.0,0.0,model2,4.0,False,5511.0
1837,2015-08-19T20:00:00Z,40.0,191.68568153869026,437.96605086741965,104.82871558817551,39.68602977270204,15.366546148466096,47.39223973044711,10.408952692732747,4.7767093101572575,0.0,0.0,0.0,0.0,0.0,model2,4.0,False,5514.0
1838,2015-08-19T23:00:00Z,40.0,187.0436702143092,443.82428479214315,104.31567474994185,39.26034619334072,18.770751721957165,50.80844426972236,9.531499367157346,4.791738783052276,0.0,0.0,0.0,0.0,0.0,model2,4.0,False,5517.0
1839,2015-08-20T02:00:00Z,40.0,184.843354595166,448.1990447451092,104.33020575328916,39.6754204683954,19.18642509290692,54.10606163112171,9.678985264913443,4.8865116069836825,0.0,0.0,0.0,0.0,0.0,model2,4.0,False,5520.0
1840,2015-08-20T05:00:00Z,40.0,183.95251963016997,451.83568847713957,102.5719160837007,40.19866763207066,18.9986887359636,54.4545444262356,9.376859866790396,4.681192955585163,0.0,0.0,0.0,0.0,0.0,model2,4.0,False,5523.0
1841,2015-08-20T08:00:00Z,40.0,179.197291401516,452.65597675628,101.07557048440763,40.218524591632594,18.61013547949312,49.111220029824636,9.848128722184327,4.706160201456296,0.0,0.0,0.0,0.0,0.0,model2,4.0,False,5526.0
1842,2015-08-20T11:00:00Z,40.0,175.59305111687766,457.6582463420877,99.28222342227112,40.90500611662894,16.804138790303377,43.24998486317589,8.64321432892967,3.957937537628857,0.0,0.0,0.0,0.0,0.0,model2,4.0,False,5529.0
1843,2015-08-20T14:00:00Z,40.0,172.5005301999892,461.61918254274406,98.19488718989996,40.499587268377475,15.208412196312963,42.15581701646481,7.971808428904551,4.554282651347532,0.0,0.0,0.0,0.0,0.0,model2,4.0,False,5532.0
1844,2015-08-20T17:00:00Z,40.0,168.81868537823757,457.6399405122601,98.60369557355568,40.571509569077634,14.512467517763314,43.611269569004,8.104424576318552,4.679227381942269,0.0,0.0,0.0,0.0,0.0,model2,4.0,False,5535.0
1845,2015-08-20T20:00:00Z,40.0,164.79737397613596,458.5897977749849,100.02599148741623,40.396583679549416,11.790853851210821,49.80445107470857,8.107183243623123,5.042334098145533,0.0,0.0,0.0,0.0,0.0,model2,4.0,False,5538.0
1846,2015-08-20T23:00:00Z,40.0,169.14531182492078,454.5792097349672,99.33274697055893,40.524644632608144,15.369131292662013,45.60582183566162,7.7422663345159615,5.0713848402064805,0.0,0.0,0.0,0.0,0.0,model2,4.0,False,5541.0
1847,2015-08-21T02:00:00Z,40.0,168.163565102782,453.41450672786414,99.3423267487898,40.02771349256885,16.687511061313806,40.0612735474821,7.9951634283707325,5.064801778100139,0.0,0.0,0.0,0.0,0.0,model2,4.0,False,5544.0
1848,2015-08-21T05:00:00Z,40.0,167.99115763340643,449.5116302726205,98.93409554937588,39.37194242850165,15.714753125111596,37.26924109825689,8.431848303564989,5.699532756681157,0.0,0.0,0.0,0.0,0.0,model2,4.0,False,5547.0
1849,2015-08-21T08:00:00Z,40.0,168.4818172064485,451.6306030043945,99.01997225015069,39.346209835955385,15.44651864537849,38.89827929399143,8.395015419175575,5.62641316487508,0.0,0.0,0.0,0.0,0.0,model2,4.0,False,5550.0
1850,2015-08-21T11:00:00Z,40.0,168.9643999970344,450.4029905284854,100.2632683532118,39.8270199795546,15.42704634146704,50.72299753310431,9.58950963673736,5.996322169177475,0.0,0.0,0.0,0.0,0.0,model2,4.0,False,5553.0
1851,2015-08-21T14:00:00Z,40.0,168.83316189678249,453.3762383687175,100.84295766656383,40.11211792397759,16.092678359641017,50.892552222055855,10.319508816160727,5.562680892042248,0.0,0.0,0.0,0.0,0.0,model2,4.0,False,5556.0
1852,2015-08-21T17:00:00Z,40.0,170.95951354327474,457.1620083081562,100.43818372024162,40.038169921025705,15.82058585781081,50.26187686928108,10.085458732657887,5.575122548739326,0.0,0.0,0.0,0.0,0.0,model2,4.0,False,5559.0
1853,2015-08-21T20:00:00Z,40.0,173.12193977620063,457.6659916748301,99.5133262945274,39.98420465575492,14.53171631730426,51.615324542772576,9.781913543315472,5.162573287151534,0.0,0.0,0.0,0.0,0.0,model2,4.0,False,5562.0
1854,2015-08-21T23:00:00Z,40.0,170.04834548890483,458.7308036938505,100.43759839488396,39.93114115114388,11.577319021820884,53.1780349139929,10.493838771256232,5.345710125291858,0.0,0.0,0.0,0.0,0.0,model2,4.0,False,5565.0
1855,2015-08-22T02:00:00Z,40.0,170.5752935432901,460.6443073281746,100.53073181127785,39.89009930076698,12.564257964959754,52.99709730668084,10.258830049222425,5.410236141635279,0.0,0.0,0.0,0.0,0.0,model2,4.0,False,5568.0
1856,2015-08-22T05:00:00Z,40.0,169.8329911160331,453.85425494353035,99.85793244881191,40.48774918986294,12.630202213323223,57.36289529437441,10.854892941370993,4.596339928483836,0.0,0.0,0.0,0.0,0.0,model2,4.0,False,5571.0
1857,2015-08-22T08:00:00Z,40.0,171.36044270981483,450.1310748651008,100.56071646727828,40.39242966063792,13.037941257268924,56.93812059641516,10.442961868192585,4.707705187558852,0.0,0.0,0.0,0.0,0.0,model2,4.0,False,5574.0
1858,2015-08-22T11:00:00Z,40.0,169.46263234356755,458.51163002417405,99.79526243312174,40.49312749940496,15.115453402244446,50.83592760408114,9.659901976239988,4.833274705276806,0.0,0.0,0.0,0.0,0.0,model2,4.0,False,5577.0
1859,2015-08-22T14:00:00Z,40.0,170.53427236397275,454.0243711497275,99.76600406861937,40.0793528884517,14.535921227413766,54.97226249205485,9.268294752686886,4.6982735494600565,0.0,0.0,0.0,0.0,0.0,model2,4.0,False,5580.0
1860,2015-08-22T17:00:00Z,40.0,169.34632216134784,448.45853367647317,97.64857709713236,40.05596677518802,14.331752521960508,58.00085225749042,9.637312972849854,4.744953820961257,0.0,0.0,0.0,0.0,0.0,model2,4.0,False,5583.0
1861,2015-08-22T20:00:00Z,40.0,169.68249043520055,447.6683458484751,98.80722873864342,40.136877553573214,14.821139072161806,50.46206998034611,9.997224310269097,4.924278667374991,0.0,0.0,0.0,0.0,0.0,model2,4.0,False,5586.0
1862,2015-08-22T23:00:00Z,40.0,169.79845310098548,446.1630894051127,98.92013286376331,40.379098284111095,15.029968874286508,51.57020807462003,9.556940410482843,4.710531311250121,0.0,0.0,0.0,0.0,0.0,model2,4.0,False,5589.0
1863,2015-08-23T02:00:00Z,40.0,169.11153017027732,441.36544452396964,99.54736276991308,40.651527274988325,12.519016737862197,51.75801333177478,9.47312976672789,4.797746599904466,0.0,0.0,0.0,0.0,0.0,model2,4.0,False,5592.0
1864,2015-08-23T05:00:00Z,40.0,168.84551396056182,451.6287073261304,101.01674839094429,40.18730921164444,12.24500589172216,51.11118726091868,8.333737539463137,5.467448094465769,0.0,0.0,0.0,0.0,0.0,model2,4.0,False,5595.0
1865,2015-08-23T08:00:00Z,40.0,168.78664974760892,453.6715411965082,101.05524664959913,40.216055951468796,14.311271645245535,49.88347601988429,8.410076266921399,5.373476372658792,0.0,0.0,0.0,0.0,0.0,model2,4.0,False,5598.0
1866,2015-08-23T11:00:00Z,40.0,170.81132136498258,444.24590853094526,101.73249585437999,39.904533788856384,12.28076971812788,44.31462442308521,8.847508417394756,4.943349927359376,0.0,0.0,0.0,0.0,0.0,model2,4.0,False,5601.0
1867,2015-08-23T14:00:00Z,40.0,170.97832491025372,446.52644038537085,101.91061261996141,40.525736678898774,12.379880625261464,40.37701511809146,8.764213677230817,4.893484485441772,0.0,0.0,0.0,0.0,0.0,model2,4.0,False,5604.0
1868,2015-08-23T17:00:00Z,40.0,171.860625575028,449.0733732710796,103.45112433146052,40.645010394125,12.159699147950597,49.934419494981746,7.617035369923996,4.373798524752483,0.0,0.0,0.0,0.0,0.0,model2,4.0,False,5607.0
1869,2015-08-23T20:00:00Z,40.0,170.4918452724245,448.4392365498664,103.4773641238752,40.65116410704168,12.0241745188199,49.072426204223916,7.408614166171043,4.494788410166088,0.0,0.0,0.0,0.0,0.0,model2,4.0,False,5610.0
1870,2015-08-23T23:00:00Z,40.0,171.0212138814406,446.34948130949545,100.88947621153729,40.77688165064123,11.681748915318165,50.49989226973008,9.525915895026412,4.446723917780736,0.0,0.0,0.0,0.0,0.0,model2,4.0,False,5613.0
1871,2015-08-24T02:00:00Z,40.0,171.1727006831511,449.86252416898316,99.71579244997913,40.618457949115424,13.137871625555599,52.72761536681959,9.457482938128136,4.22679207162039,0.0,0.0,0.0,0.0,0.0,model2,4.0,False,5616.0
1872,2015-08-24T05:00:00Z,40.0,170.47046677857617,442.7448053143231,100.06484697896856,41.22494379557664,13.990404407957039,51.156249789619636,10.407536863845174,3.2368442283010808,0.0,0.0,0.0,0.0,0.0,model2,4.0,False,5619.0
1873,2015-08-24T08:00:00Z,40.0,170.54461180579133,442.0266948918187,99.05874762910317,41.32142304130321,11.386370549219592,51.50042295894771,10.849163030847047,3.1141458909489788,0.0,0.0,0.0,0.0,0.0,model2,4.0,False,5622.0
1874,2015-08-24T11:00:00Z,40.0,170.0626693398759,436.93320249831726,98.46016213473118,41.45574615605421,11.718650488015337,56.72766459506165,10.549030467592033,3.2075805260141275,0.0,0.0,0.0,0.0,0.0,model2,4.0,False,5625.0
1875,2015-08-24T14:00:00Z,40.0,171.63232687506047,437.21363841562857,97.89089767728693,41.13758844451604,12.5748984406979,57.852955604968976,9.973052880651537,3.4104491318670447,0.0,0.0,0.0,0.0,0.0,model2,4.0,False,5628.0
1876,2015-08-24T17:00:00Z,40.0,170.67516341186226,436.588702094873,96.52491485455678,41.00446311845127,12.550085673909715,47.74143360033696,9.9314217415561,3.3271904186361216,0.0,0.0,0.0,0.0,0.0,model2,4.0,False,5631.0
1877,2015-08-24T20:00:00Z,40.0,171.51321185167382,440.2325314587374,98.4307571697556,41.03942895845696,12.715198300167046,52.83821876391337,12.828228406032698,3.0237432603360133,0.0,0.0,0.0,0.0,0.0,model2,4.0,False,5634.0
1878,2015-08-24T23:00:00Z,40.0,169.54844946360598,442.42832807156753,101.4164900812269,40.980555801011526,14.115939504703805,51.07066367860789,11.994830694404616,3.0776997658560963,0.0,0.0,0.0,0.0,0.0,model2,4.0,False,5637.0
1879,2015-08-25T02:00:00Z,40.0,170.64261792673045,439.99938450989646,103.24000990320528,40.864377342447185,14.167986079921818,51.336826269497976,11.871578885111315,3.411218810494306,0.0,0.0,0.0,0.0,0.0,model2,4.0,False,5640.0
1880,2015-08-25T05:00:00Z,40.0,171.0338099727523,441.0151570342823,103.54069662868652,40.83989900697997,13.430587077724045,57.74489897803835,11.073754228908136,4.102425489093152,0.0,0.0,0.0,0.0,0.0,model2,4.0,False,5643.0
1881,2015-08-25T08:00:00Z,40.0,170.33777304627145,442.9191126864679,105.10967505383495,40.2140098497829,13.900115485446664,61.00567248751357,11.099254635610853,4.535977198454686,0.0,0.0,0.0,0.0,0.0,model2,4.0,False,5646.0
1882,2015-08-25T11:00:00Z,40.0,169.36812853566133,453.9311674778568,105.29119798566047,40.57678873567895,14.544046573730865,57.36683003286805,10.714134216585348,4.7432231602478945,0.0,0.0,0.0,0.0,0.0,model2,4.0,False,5649.0
1883,2015-08-25T14:00:00Z,40.0,168.81222000137072,447.43419273034783,105.85815617253128,39.93803858653168,14.163178005600653,56.575469185332715,10.844356017497633,5.1553580654177225,0.0,0.0,0.0,0.0,0.0,model2,4.0,False,5652.0
1884,2015-08-25T17:00:00Z,40.0,168.7999813679456,443.9631473902413,106.84695398776181,39.391091418487356,14.941876001696842,58.305692510408974,9.61693617527952,5.479190177439382,0.0,0.0,0.0,0.0,0.0,model2,4.0,False,5655.0
1885,2015-08-25T20:00:00Z,40.0,169.94064565188216,441.79954700837794,104.30788449040121,38.507465973520056,15.148120313543096,55.66331000940218,8.077044327036687,5.86274650782059,0.0,0.0,0.0,0.0,0.0,model2,4.0,False,5658.0
1886,2015-08-25T23:00:00Z,40.0,172.58847229340478,451.841529901768,103.74750155407077,38.39287927671575,14.369189484828643,58.17578729742321,7.8560263895959235,5.731548280077617,0.0,0.0,0.0,0.0,0.0,model2,4.0,False,5661.0
1887,2015-08-26T02:00:00Z,40.0,172.07373691241668,450.4751236023597,102.66271687533798,38.42684289016932,12.587279800165446,57.628175447197115,7.957828250730888,5.699434960087067,0.0,0.0,0.0,0.0,0.0,model2,4.0,False,5664.0
1888,2015-08-26T05:00:00Z,40.0,173.0177870035185,454.74767306000916,102.59777573113436,38.617023567600654,12.277720751912627,50.4216951626007,8.310987244331455,5.449753567575775,0.0,0.0,0.0,0.0,0.0,model2,4.0,False,5667.0
1889,2015-08-26T08:00:00Z,40.0,172.69645871266343,458.37165899432676,101.10419237057778,38.880435962745054,13.65656897817236,46.994130016441524,8.896469874528242,5.650501672517617,0.0,0.0,0.0,0.0,0.0,model2,4.0,False,5670.0
1890,2015-08-26T11:00:00Z,40.0,174.1441424914534,453.33318421288885,101.00744836470079,38.668767010126906,12.544307834729965,45.82675736953785,9.24267847086196,5.680721917596941,0.0,0.0,0.0,0.0,0.0,model2,4.0,False,5673.0
1891,2015-08-26T14:00:00Z,40.0,171.82893621396602,458.4047549973062,100.14609788958971,39.10047159788683,13.070283667774634,45.636412035692615,9.162203101672196,5.7146822589152215,0.0,0.0,0.0,0.0,0.0,model2,4.0,False,5676.0
1892,2015-08-26T17:00:00Z,40.0,173.0323224424824,462.04439798698485,100.70387114768327,39.86575584185109,13.314001612342574,43.22728996389054,9.120152559518758,5.605959240720393,0.0,0.0,0.0,0.0,0.0,model2,4.0,False,5679.0
1893,2015-08-26T20:00:00Z,40.0,172.74585737156067,458.8088332436743,102.19243080224676,40.20680365105277,13.659033277075338,43.279504735912745,9.662083804082297,5.329677442814893,0.0,0.0,0.0,0.0,0.0,model2,4.0,False,5682.0
1894,2015-08-26T23:00:00Z,40.0,170.48506340657474,449.9569819760141,100.77050817566256,40.23333594645172,14.317795933258655,44.625757816418535,10.324066037882586,5.730257587664022,0.0,0.0,0.0,0.0,0.0,model2,4.0,False,5685.0
1895,2015-08-27T02:00:00Z,40.0,171.15148709048108,453.9249823632082,99.55985911330679,39.95087937538978,18.302919330293644,41.566327601817626,10.544580391833136,5.798447755436461,0.0,0.0,0.0,0.0,0.0,model2,4.0,False,5688.0
1896,2015-08-27T05:00:00Z,40.0,169.37591433717841,452.02003998344827,97.20665222395577,39.730865753276944,19.11452363242932,43.929372378428795,11.064798843495591,5.709005681722809,0.0,1.0,0.0,0.0,0.0,model2,4.0,False,5691.0
1897,2015-08-27T08:00:00Z,40.0,167.76741134005482,442.4603721791256,97.4635286367125,40.13373460711346,18.31397834178868,45.316299721324405,9.753780848113193,5.214920601003617,0.0,1.0,0.0,0.0,0.0,model2,4.0,False,5694.0
1898,2015-08-27T11:00:00Z,40.0,166.01343586609778,441.82848782083926,96.74956264158457,39.70011500768716,19.174559877983505,45.9533608226166,9.998754147496813,4.761620444899871,0.0,1.0,0.0,0.0,0.0,model2,4.0,False,5697.0
1899,2015-08-27T14:00:00Z,40.0,165.94215789854047,435.83699181269486,97.73144467288851,39.718158678077366,18.582934359156724,45.33651253608468,10.351852897841216,4.59286240331854,0.0,1.0,0.0,0.0,0.0,model2,4.0,False,5700.0
1900,2015-08-27T17:00:00Z,40.0,165.1916236954732,434.6445070045538,97.66837177141392,39.12474639787653,17.706791348688256,47.64617045303377,10.311738354296311,4.240641756915868,0.0,1.0,0.0,0.0,0.0,model2,4.0,False,5703.0
1901,2015-08-27T20:00:00Z,40.0,164.17151327730238,437.9575850635553,96.999955607268,40.58513197820179,17.700855928065238,49.9336775287146,9.435600454189473,5.0728599366393485,0.0,1.0,0.0,0.0,0.0,model2,4.0,False,5706.0
1902,2015-08-27T23:00:00Z,40.0,167.36032038312382,443.1178119546652,98.40663506873771,40.14305872319253,18.638760468445565,46.83729249458411,9.745023617142444,4.762859381113581,0.0,1.0,0.0,0.0,0.0,model2,4.0,False,5709.0
1903,2015-08-28T02:00:00Z,40.0,167.16552708495746,446.1099851457344,99.68752076824975,40.685519368032715,14.908202849074936,47.46858790675599,9.760890419423177,4.688155366883054,0.0,1.0,0.0,0.0,0.0,model2,4.0,False,5712.0
1904,2015-08-28T05:00:00Z,40.0,166.08788245723846,450.0965587768954,101.16556080740222,40.48214180754175,16.958861028036466,47.96038030298048,9.750373581768713,4.551798030823822,0.0,0.0,0.0,0.0,0.0,model2,4.0,False,5715.0
1905,2015-08-28T08:00:00Z,40.0,167.45421447841196,456.706932374569,101.72342070595587,41.29335747406866,17.06818611720368,44.33539207911485,9.611168762633547,5.362647472115191,0.0,0.0,0.0,0.0,0.0,model2,4.0,False,5718.0
1906,2015-08-28T11:00:00Z,40.0,168.73773636614175,456.98920569292915,102.09833541487578,41.20867656370749,15.586285611503953,50.11538892849161,8.946508643846983,5.305458345090983,0.0,0.0,0.0,0.0,0.0,model2,4.0,False,5721.0
1907,2015-08-28T14:00:00Z,40.0,168.60446267203025,462.53029767882737,102.12991607051495,41.581684331367356,16.54469313056078,44.89670085933918,9.182638689977294,5.317918474624396,0.0,0.0,0.0,0.0,0.0,model2,4.0,False,5724.0
1908,2015-08-28T17:00:00Z,40.0,171.55609673676685,462.26708973328215,102.61671162400845,41.339717977398685,18.54531711319785,41.157958337539256,9.660107005467824,5.59212734523742,0.0,0.0,0.0,0.0,0.0,model2,4.0,False,5727.0
1909,2015-08-28T20:00:00Z,40.0,171.60545070331037,461.23767340560977,101.79872062622411,40.628927876420825,18.28026379633827,43.947625194185456,9.909823696178695,4.678040724078216,0.0,0.0,0.0,0.0,0.0,model2,4.0,False,5730.0
1910,2015-08-28T23:00:00Z,40.0,168.1526556419669,457.3511614577826,101.891372908356,40.80493681286171,17.802105487782892,43.63375469685179,9.91501992749035,4.639866357921362,0.0,0.0,0.0,0.0,0.0,model2,4.0,False,5733.0
1911,2015-08-29T02:00:00Z,40.0,167.3861090446504,454.6576677885379,102.93171209226423,39.95144540361231,17.90815970012325,44.61901567964725,10.796585114246929,5.2272879494285585,0.0,0.0,0.0,0.0,0.0,model2,4.0,False,5736.0
1912,2015-08-29T05:00:00Z,40.0,169.6201468663479,446.1002220779511,104.13041487142263,40.1006011658152,16.199993663542106,50.327618905148675,9.932483816715267,5.315286055677629,0.0,0.0,0.0,0.0,0.0,model2,4.0,False,5739.0
1913,2015-08-29T08:00:00Z,40.0,169.9227108178716,442.990427253565,104.54834975968164,39.41731031108944,15.541348173291585,55.986411938408956,9.845669098437616,4.320717496487665,0.0,0.0,0.0,0.0,0.0,model2,4.0,False,5742.0
1914,2015-08-29T11:00:00Z,40.0,169.94156369770718,445.35167052911436,105.76705413642964,39.89906728235544,15.778987956159744,56.04854736462204,10.429240486537626,4.5349761678875415,0.0,0.0,0.0,0.0,0.0,model2,4.0,False,5745.0
1915,2015-08-29T14:00:00Z,40.0,171.62896675734595,443.9717581255672,105.90626923435042,39.73836331865032,14.694966657099636,61.098774613079755,10.356885713103269,4.2767253315285965,0.0,0.0,0.0,0.0,0.0,model2,4.0,False,5748.0
1916,2015-08-29T17:00:00Z,40.0,168.13529357306047,446.5298242504572,104.4702880487775,40.13988684968876,12.352757398407626,61.007915110185394,10.875126398162497,4.032120598098951,0.0,0.0,0.0,0.0,0.0,model2,4.0,False,5751.0
1917,2015-08-29T20:00:00Z,40.0,169.00247599987674,439.311278105368,104.59460337395832,39.8528097913625,12.787007812885372,60.02328817201972,11.236800975118685,3.9477022617839284,0.0,0.0,0.0,0.0,0.0,model2,4.0,False,5754.0
1918,2015-08-29T23:00:00Z,40.0,169.05878851829638,440.2146786307632,103.04261973089216,40.572411339814636,12.186984306876262,60.55849197936469,11.87381945576889,4.060505111881219,0.0,0.0,0.0,0.0,0.0,model2,4.0,False,5757.0
1919,2015-08-30T02:00:00Z,40.0,168.80792886353225,445.87132104343567,100.85315542738728,41.96243786187125,11.627702911726224,67.04547212709849,11.090971896572556,3.035770496947462,0.0,0.0,0.0,0.0,0.0,model2,4.0,False,5760.0
1920,2015-08-30T05:00:00Z,40.0,169.82659306462142,454.25432815122804,99.8515536559054,41.72143518362815,12.489994475134685,65.17290744801419,10.330913490654721,4.169812308833971,0.0,0.0,0.0,0.0,0.0,model2,4.0,False,5763.0
1921,2015-08-30T08:00:00Z,40.0,170.45388102449337,455.0917034153708,99.40313907319626,41.47901792997953,13.130111357716682,61.32367189360027,10.673542094503,4.212340392770406,0.0,0.0,0.0,0.0,0.0,model2,4.0,False,5766.0
1922,2015-08-30T11:00:00Z,40.0,171.04337465392842,454.5469041419488,97.85313627873352,40.88273527565875,13.627897370599218,56.17126677192365,9.275939772583842,4.332486295366083,0.0,0.0,0.0,0.0,0.0,model2,4.0,False,5769.0
1923,2015-08-30T14:00:00Z,40.0,170.33249871233,450.1363512380732,95.95579186020883,40.40513819839239,13.689293719154925,51.9652741746362,9.258887194784377,4.636332909936538,0.0,0.0,0.0,0.0,0.0,model2,4.0,False,5772.0
1924,2015-08-30T17:00:00Z,40.0,169.23180600718774,450.4901928124504,95.75937579916211,40.029370046511886,14.776902384329288,53.386327728920676,9.512849404169582,4.788595173669727,0.0,0.0,0.0,0.0,0.0,model2,4.0,False,5775.0
1925,2015-08-30T20:00:00Z,40.0,169.25493320596112,462.8948271860836,94.9150584765934,39.19492515274467,14.525404565015313,50.9223454235345,8.626582973861511,5.3039342237335285,0.0,0.0,0.0,0.0,0.0,model2,4.0,False,5778.0
1926,2015-08-30T23:00:00Z,40.0,168.28745253481702,463.04867930704177,94.62613536251473,38.859398542136994,16.235971521025018,50.98847912933836,8.835034209512807,5.404635335453143,0.0,0.0,0.0,0.0,0.0,model2,4.0,False,5781.0
1927,2015-08-31T02:00:00Z,40.0,169.1057991377994,452.10982019588585,95.58427989370026,38.71738713106148,18.335935451053665,48.93797383922335,8.876272973739699,5.183681580206392,0.0,0.0,0.0,0.0,0.0,model2,4.0,False,5784.0
1928,2015-08-31T05:00:00Z,40.0,168.46853304546542,448.7546045498808,95.45791359158925,38.62966864118042,17.798769014415335,46.493547536229286,9.00579939494908,4.369086514564168,0.0,0.0,0.0,0.0,0.0,model2,4.0,False,5787.0
1929,2015-08-31T08:00:00Z,40.0,167.54973733126076,450.89060029570817,95.05861373072409,38.554742173524005,18.892759316389427,46.68239835680545,8.304598268847286,4.3954211449517615,0.0,0.0,0.0,0.0,0.0,model2,4.0,False,5790.0
1930,2015-08-31T11:00:00Z,40.0,167.88888472813434,452.391157116478,94.2587542584218,38.69897203198424,19.661022867563698,49.34497260481966,7.730457241533939,4.734785115437458,0.0,0.0,0.0,0.0,0.0,model2,4.0,False,5793.0
1931,2015-08-31T14:00:00Z,40.0,168.0361407328308,453.399718511265,94.98580575986296,39.18487277562754,19.524491089872,52.540293715045074,8.811259895457159,4.535824311916564,0.0,0.0,0.0,0.0,0.0,model2,4.0,False,5796.0
1932,2015-08-31T17:00:00Z,40.0,169.60680667771538,454.26885327409065,95.80054328784706,40.08916638727632,18.87252343939068,51.10512119330552,8.851778480290026,4.860090880517528,0.0,0.0,0.0,0.0,0.0,model2,4.0,False,5799.0
1933,2015-08-31T20:00:00Z,40.0,166.85748788867133,447.229204256512,96.0813214435514,41.17444300212946,18.851160378860985,49.77732960434202,8.876480119523574,4.184991563465962,0.0,0.0,0.0,0.0,0.0,model2,4.0,False,5802.0
1934,2015-08-31T23:00:00Z,40.0,168.9469121469776,452.9724191023674,98.41689779820815,41.1787335581226,17.568704392091625,54.59652283690244,9.799081196302511,4.041638967831271,0.0,0.0,0.0,0.0,0.0,model2,4.0,False,5805.0
1935,2015-09-01T02:00:00Z,40.0,168.70948819076114,454.6551221382158,98.551733091852,40.810111037,15.443878683183513,49.20214069028775,9.748814906687846,3.880094352160135,0.0,0.0,0.0,0.0,0.0,model2,4.0,False,5808.0
1936,2015-09-01T05:00:00Z,40.0,169.53852142593664,458.5625592543544,98.9406361071252,41.73136076895793,14.324199915047991,48.80541529675197,9.379426206440002,4.1785965438331845,0.0,0.0,0.0,0.0,0.0,model2,4.0,False,5811.0
1937,2015-09-01T08:00:00Z,40.0,169.27980046013516,454.31683280935516,98.0591788379544,41.66188560830198,12.812021953574435,52.83539246521431,10.494570234138052,4.23746067778726,0.0,0.0,0.0,0.0,0.0,model2,4.0,False,5814.0
1938,2015-09-01T11:00:00Z,40.0,167.7499805482765,456.0912021103368,97.72694338173704,41.62255306549244,10.933664570644838,51.14677704115135,10.972229297499736,4.157086181018523,0.0,0.0,0.0,1.0,0.0,model2,4.0,False,5817.0
1939,2015-09-01T14:00:00Z,40.0,169.01564074927884,459.9669143905101,98.15826909549546,41.26764495764838,11.87567904487098,51.90623801553824,9.959829646852901,4.464205509236133,0.0,0.0,0.0,1.0,0.0,model2,4.0,False,5820.0
1940,2015-09-01T17:00:00Z,40.0,168.32080042590042,459.65329347201276,96.74076045833117,41.09443709861146,11.257360997455022,51.39227925518637,10.656610582546502,4.281185363652561,0.0,0.0,0.0,1.0,0.0,model2,4.0,False,5823.0
1941,2015-09-01T20:00:00Z,40.0,169.26676881051418,459.4814774090694,98.14837229787823,40.740145197674586,10.508595845517824,51.02552868141897,11.541077063674624,4.337834431470629,0.0,0.0,0.0,1.0,0.0,model2,4.0,False,5826.0
1942,2015-09-01T23:00:00Z,40.0,169.26563501623198,454.7154070355014,98.24482666265072,40.406375571435106,11.199761563467717,49.66293279054467,11.629245261268014,4.672913122912535,0.0,0.0,0.0,1.0,0.0,model2,4.0,False,5829.0
1943,2015-09-02T02:00:00Z,40.0,168.77008189211438,459.3874973384622,97.8800296386469,40.389961907123215,11.32426623437063,49.30429008489685,11.739203165555127,5.117198570998021,0.0,0.0,0.0,1.0,0.0,model2,4.0,False,5832.0
1944,2015-09-02T05:00:00Z,40.0,166.6672234637404,453.4999407379171,97.35049661389073,39.28749599903959,11.097424640786103,46.74455800023461,12.44322056908946,4.724441620155763,0.0,0.0,0.0,1.0,0.0,model2,4.0,False,5835.0
1945,2015-09-02T08:00:00Z,40.0,167.0665786492004,460.1588209415141,99.32168074820869,38.66660889104455,11.189041449269826,44.79322033694663,11.825954848020759,5.048476813392467,0.0,0.0,0.0,1.0,0.0,model2,4.0,False,5838.0
1946,2015-09-02T11:00:00Z,40.0,167.04078236246932,457.3097608851059,101.37566994008309,39.162826845467954,11.684019819371633,47.57266781223614,11.523129460319526,5.327446603528423,0.0,0.0,0.0,0.0,0.0,model2,4.0,False,5841.0
1947,2015-09-02T14:00:00Z,40.0,166.313772482123,462.0474743764103,101.49535218106956,39.817176072112076,10.838742110345366,45.14769880890632,11.17230932924731,5.431630976060744,0.0,0.0,0.0,0.0,0.0,model2,4.0,False,5844.0
1948,2015-09-02T17:00:00Z,40.0,167.28639777926563,455.19257198432814,102.97390593572908,39.54270731420532,10.905223508770693,51.53435151712503,9.690029726843633,5.3149349786974245,0.0,0.0,0.0,0.0,0.0,model2,4.0,False,5847.0
1949,2015-09-02T20:00:00Z,40.0,166.6633416928725,456.46473929595453,100.53980792069132,39.996625806065786,10.922283308752355,50.58622522984521,10.464324241238476,5.301714720106986,0.0,0.0,0.0,0.0,0.0,model2,4.0,False,5850.0
1950,2015-09-02T23:00:00Z,40.0,166.87336041681309,462.63572458347915,98.84609802633257,40.251116800491616,10.560410946551263,53.77055802794396,9.575765331317827,4.9035166464021565,0.0,0.0,0.0,0.0,0.0,model2,4.0,False,5853.0
1951,2015-09-03T02:00:00Z,40.0,168.13106568354343,459.7189876438634,98.92736065366758,40.84646189254461,12.017472665051516,54.433311357087156,9.633467026848637,5.020824866569135,0.0,0.0,0.0,0.0,0.0,model2,4.0,False,5856.0
1952,2015-09-03T05:00:00Z,40.0,167.7043749640334,459.55413042091584,99.2065476673292,41.28440185027476,13.690704403135099,57.03902739991943,9.09194298110616,5.066529955525646,0.0,0.0,0.0,0.0,0.0,model2,4.0,False,5859.0
1953,2015-09-03T08:00:00Z,40.0,167.20276029950045,465.74146280769,97.10506012432295,41.47114172219198,14.029144342420885,57.813260479359066,9.68686960294169,5.107533347766818,0.0,0.0,0.0,0.0,0.0,model2,4.0,False,5862.0
1954,2015-09-03T11:00:00Z,40.0,168.33949872539787,473.1003842417839,95.28892044242978,41.074246497567756,13.415221053335507,57.89129332496773,10.829562876286406,4.913684878209875,0.0,0.0,0.0,0.0,0.0,model2,4.0,False,5865.0
1955,2015-09-03T14:00:00Z,40.0,168.7986439215014,469.96480788918024,95.92661443071418,40.898914661773965,14.898634924948823,55.6185758730625,11.811562228174994,5.337678033370418,0.0,0.0,0.0,0.0,0.0,model2,4.0,False,5868.0
1956,2015-09-03T17:00:00Z,40.0,168.05316025727916,476.82539518271057,96.57335733885117,40.6345088790517,15.218244913223806,53.5578979426986,11.890469119321267,5.7252985020201566,0.0,0.0,0.0,0.0,0.0,model2,4.0,False,5871.0
1957,2015-09-03T20:00:00Z,40.0,170.86965979909928,478.8077358682109,97.62834167388462,40.25434251327057,15.68997495332441,53.87706930478792,11.62199256833527,5.845077824000518,0.0,0.0,0.0,0.0,0.0,model2,4.0,False,5874.0
1958,2015-09-03T23:00:00Z,40.0,170.5486163151352,468.2788733730343,98.46485848886694,40.34958831158605,15.18323240040442,53.23771042825905,11.48067230846251,6.143173411092661,0.0,0.0,0.0,0.0,0.0,model2,4.0,False,5877.0
1959,2015-09-04T02:00:00Z,40.0,169.3594376307935,464.7253140590442,98.99200873934828,39.95569520559578,14.885175453747713,56.487738874252535,11.821552731732776,5.751225206295422,0.0,0.0,0.0,0.0,0.0,model2,4.0,False,5880.0
1960,2015-09-04T05:00:00Z,40.0,168.43376451253812,461.9643102523655,99.25741418738708,39.747596000438,14.483115859587162,56.11630198759652,11.766121998616926,5.7665328221726,0.0,0.0,0.0,0.0,0.0,model2,4.0,False,5883.0
1961,2015-09-04T08:00:00Z,40.0,168.25635294558978,457.66514627624366,100.45076759452988,40.26875866087207,14.519721418546991,56.032028935174104,10.887017339122062,5.2966982729356085,0.0,0.0,0.0,0.0,0.0,model2,4.0,False,5886.0
1962,2015-09-04T11:00:00Z,40.0,169.6140862143841,449.98941942605,102.08919455846201,40.36451714547302,15.57810038513144,53.119253764878394,8.73675879306258,5.721487941940918,0.0,0.0,0.0,0.0,0.0,model2,4.0,False,5889.0
1963,2015-09-04T14:00:00Z,40.0,167.99177514660067,441.29061015086165,101.74705393015512,40.03361150031903,15.500849837162194,55.86475304455189,7.632753316564634,5.340406749163456,0.0,0.0,0.0,0.0,0.0,model2,4.0,False,5892.0
1964,2015-09-04T17:00:00Z,40.0,167.54305182224272,441.40321427358435,100.56850685304602,39.72262308116198,15.645281731168067,51.19439194672136,7.796488960774631,5.082390186984059,0.0,0.0,0.0,0.0,0.0,model2,4.0,False,5895.0
1965,2015-09-04T20:00:00Z,40.0,166.43586534919692,438.1898370895203,101.550322987311,39.72701700589647,14.400255673964706,49.732425626164144,7.039727386625806,5.162561945677192,0.0,0.0,0.0,0.0,0.0,model2,4.0,False,5898.0
1966,2015-09-04T23:00:00Z,40.0,166.1789562035349,438.8249679383961,102.48423964391485,39.45629988536856,14.906801369790845,48.068291088930025,7.760718619397867,5.300136469087531,0.0,0.0,0.0,0.0,0.0,model2,4.0,False,5901.0
1967,2015-09-05T02:00:00Z,40.0,164.8017490405037,442.90703682887397,101.33475971973127,39.392861546871536,14.934528854794893,49.3554621788424,8.427035760103758,5.190465867978384,0.0,0.0,0.0,0.0,0.0,model2,4.0,False,5904.0
1968,2015-09-05T05:00:00Z,40.0,168.47823343825118,438.16103937141764,101.03197201201796,39.604071609646624,14.622828447790164,53.68455558827154,8.868799849830758,5.286833615178645,0.0,0.0,0.0,0.0,1.0,model2,4.0,False,5907.0
1969,2015-09-05T08:00:00Z,40.0,170.68810167141154,435.36951761594514,100.6144054939016,39.773367393283905,14.874509951217293,47.9400386287771,9.34150565702981,5.295946453544442,0.0,0.0,0.0,0.0,1.0,model2,4.0,False,5910.0
1970,2015-09-05T11:00:00Z,40.0,169.72461229131608,428.17155770995424,99.14837551497679,39.480053635827254,15.501429502706046,48.2427501328434,9.554422965476164,4.820495499521286,0.0,0.0,0.0,0.0,1.0,model2,4.0,False,5913.0
1971,2015-09-05T14:00:00Z,40.0,169.4585729192751,435.16891579386396,98.45942360648621,38.96868043426755,14.157908015286765,46.9020677598104,10.271606383717973,4.952748093006194,0.0,0.0,0.0,0.0,1.0,model2,4.0,False,5916.0
1972,2015-09-05T17:00:00Z,40.0,170.31264621725722,435.90888946631713,98.74189668295854,39.148292467320815,15.521484214786465,46.242393096354796,10.917748309062922,4.832696673780987,0.0,0.0,0.0,0.0,1.0,model2,4.0,False,5919.0
1973,2015-09-05T20:00:00Z,40.0,168.68444780139353,440.9951185042615,98.56750213784588,38.647854692206394,16.00856525740369,48.07926955093196,11.410868897953474,4.669630465845745,0.0,0.0,0.0,0.0,1.0,model2,4.0,False,5922.0
1974,2015-09-05T23:00:00Z,40.0,171.76732615151982,440.17187550844017,97.82725840704464,39.06930751211731,17.82926474383403,49.176119854609524,10.688696948402745,4.7267632613944235,0.0,0.0,0.0,0.0,1.0,model2,4.0,False,5925.0
1975,2015-09-06T02:00:00Z,40.0,173.9100017561124,437.0607950455506,97.71499654895956,39.400034078021314,17.664134762620648,45.28535036766158,10.72865129848815,5.4899850032695285,0.0,0.0,0.0,0.0,1.0,model2,4.0,False,5928.0
1976,2015-09-06T05:00:00Z,40.0,172.8666756043433,446.4506924779052,97.1896624340928,39.55991423544482,18.458955262083755,39.05496860770753,10.530729273623237,5.495932047153374,0.0,0.0,0.0,0.0,0.0,model2,4.0,False,5931.0
1977,2015-09-06T08:00:00Z,40.0,172.9533536817382,445.85934122995377,97.40686554946808,39.3319716898837,18.65463493024572,37.691890548559435,10.06989524279869,5.757920489035112,0.0,0.0,0.0,0.0,0.0,model2,4.0,False,5934.0
1978,2015-09-06T11:00:00Z,40.0,173.28789390947514,455.4691174150436,98.18631758829058,39.75484745228344,17.485785769308695,30.267878794745982,9.460002782709457,5.792018423188841,0.0,0.0,0.0,0.0,0.0,model2,4.0,False,5937.0
1979,2015-09-06T14:00:00Z,40.0,176.1576733555053,457.5428963700678,99.22793003272363,40.73043414689132,18.60122858491248,32.6960323037823,10.081192831556633,5.498836964142778,0.0,0.0,0.0,0.0,0.0,model2,4.0,False,5940.0
1980,2015-09-06T17:00:00Z,40.0,177.05040142444062,454.3223609847535,100.39239639901743,40.14632692954786,17.862902514842567,31.365729588605394,10.30008190284783,6.071122039833473,0.0,0.0,0.0,0.0,0.0,model2,4.0,False,5943.0
1981,2015-09-06T20:00:00Z,40.0,178.5868933171484,450.8134158775451,101.1332654494165,41.52721061938809,17.90749679091854,36.260353362947676,10.189174532687083,6.220753882989162,0.0,0.0,0.0,0.0,0.0,model2,4.0,False,5946.0
1982,2015-09-06T23:00:00Z,40.0,175.6384639054762,457.03066350052177,101.1685673099484,40.975405456390014,17.07090895289516,40.86805449876553,10.224284581287613,5.8913551636570345,0.0,0.0,0.0,0.0,0.0,model2,4.0,False,5949.0
1983,2015-09-07T02:00:00Z,40.0,174.2605265400774,458.67645592973287,100.82571675432207,40.48749838384544,17.30947484772141,42.06875852098985,10.15630695723981,5.5615856681905536,0.0,0.0,0.0,0.0,0.0,model2,4.0,False,5952.0
1984,2015-09-07T05:00:00Z,40.0,173.93276050280483,455.7040717200292,101.03483338449949,40.16970944310231,18.22945142467802,44.91753134993973,9.558589701300633,5.57003544999362,0.0,0.0,0.0,0.0,0.0,model2,4.0,False,5955.0
1985,2015-09-07T08:00:00Z,40.0,171.4275660298033,453.6179717790937,102.12970928085116,40.13010036980923,17.673725694605736,45.42774215784047,9.796750337605346,5.361972274113196,0.0,0.0,0.0,0.0,0.0,model2,4.0,False,5958.0
1986,2015-09-07T11:00:00Z,40.0,171.21498314262172,457.1155058743866,102.4029291923918,39.854934396298674,17.864656719806412,49.925625872312466,11.224814994399571,5.257731833274369,0.0,0.0,0.0,0.0,0.0,model2,4.0,False,5961.0
1987,2015-09-07T14:00:00Z,40.0,170.46687778438263,451.28658826619835,102.72316798131969,39.32657567282893,16.467898302957135,49.89869513027204,10.369708829983537,5.197288951961047,0.0,0.0,0.0,0.0,0.0,model2,4.0,False,5964.0
1988,2015-09-07T17:00:00Z,40.0,168.7607712748816,458.24137750025176,101.60019898983131,40.46374304695289,16.43292516636625,54.10816273945411,9.643435626016764,4.989724422398678,0.0,0.0,0.0,0.0,0.0,model2,4.0,False,5967.0
1989,2015-09-07T20:00:00Z,40.0,166.44376718082717,457.7505605402063,100.83274843508288,38.95063267318047,16.791337796797315,49.97061909420837,9.432787762678844,5.694436607708043,0.0,0.0,0.0,0.0,0.0,model2,4.0,False,5970.0
1990,2015-09-07T23:00:00Z,40.0,166.62749491892632,453.362471138194,100.26182311434576,38.953806391411405,17.36103433151937,44.211874114229204,9.291059317689037,5.860672979311893,0.0,0.0,0.0,0.0,0.0,model2,4.0,False,5973.0
1991,2015-09-08T02:00:00Z,40.0,165.25579912950334,455.81645797217817,101.06214221870678,38.51610440393689,17.793406710618626,42.900069383493936,8.640911847278263,5.660444812226107,0.0,0.0,0.0,0.0,0.0,model2,4.0,False,5976.0
1992,2015-09-08T05:00:00Z,40.0,164.46682231862076,455.8508920622802,101.82192691543852,38.306683952422226,15.815348693244006,46.427635053037,9.1541810787856,5.418299079713105,0.0,0.0,0.0,0.0,0.0,model2,4.0,False,5979.0
1993,2015-09-08T08:00:00Z,40.0,165.98771125960923,454.6228342931041,101.12322245825806,38.248956478071634,16.29108934632675,48.50906290511719,9.016014558976448,5.292075992078359,0.0,0.0,0.0,0.0,0.0,model2,4.0,False,5982.0
1994,2015-09-08T11:00:00Z,40.0,165.31623445483916,450.873171864258,99.64685407453821,38.13407617968488,16.621332156521508,44.87832284689579,8.379202265132033,5.271730595226405,0.0,0.0,0.0,0.0,0.0,model2,4.0,False,5985.0
1995,2015-09-08T14:00:00Z,40.0,164.30317412336407,458.6511048776789,98.35919261898363,38.83837218816992,15.82039698505444,45.82912541049959,8.00330782304219,5.880049618327688,0.0,0.0,0.0,0.0,0.0,model2,4.0,False,5988.0
1996,2015-09-08T17:00:00Z,40.0,167.3232082209541,454.4547665514745,99.55815611384205,38.584817630764604,16.402089317327373,43.074905114899146,9.18514243595832,5.624343782432123,0.0,0.0,0.0,0.0,0.0,model2,4.0,False,5991.0
1997,2015-09-08T20:00:00Z,40.0,166.8607391007248,457.6348751769224,101.13031092612655,38.98212573031928,15.977626034212804,45.113664612057114,10.441635031909431,4.334765690439442,0.0,0.0,0.0,0.0,0.0,model2,4.0,False,5994.0
1998,2015-09-08T23:00:00Z,40.0,165.1921911309256,460.03661461344575,100.54730182411787,40.23569046440004,17.579761804002832,44.976666640131924,11.786996075145915,5.613605400446897,0.0,0.0,0.0,0.0,0.0,model2,4.0,False,5997.0
1999,2015-09-09T02:00:00Z,40.0,167.78334260476888,461.4195912659706,100.85536198933852,40.60877093956575,16.68403676923995,45.17714558119725,12.816590843576051,5.631793573136556,0.0,0.0,0.0,0.0,0.0,model2,4.0,False,6000.0
2000,2015-09-09T05:00:00Z,40.0,167.48227130142809,465.3743413317317,100.75075224872221,40.97429917162096,17.189765584733696,37.435633341466755,12.42650423282798,5.473983359321269,0.0,0.0,0.0,0.0,0.0,model2,4.0,False,6003.0
2001,2015-09-09T08:00:00Z,40.0,168.04219268678116,468.51456682967796,101.01795125395252,40.99868298114058,17.287244487608493,41.62320321107547,12.7736931017923,5.4635026209931645,0.0,0.0,0.0,0.0,0.0,model2,4.0,False,6006.0
2002,2015-09-09T11:00:00Z,40.0,169.0929557727419,458.14193046213546,102.8817523381377,41.27196112584643,17.18463242142695,47.66811756226778,11.88082134448933,5.7415800368437075,0.0,0.0,0.0,0.0,0.0,model2,4.0,False,6009.0
2003,2015-09-09T14:00:00Z,40.0,169.65913741347325,451.6778333098903,103.58028984661208,40.4393571081806,17.421504184595626,46.83931032391118,12.089713481677814,5.5888080646272185,0.0,0.0,0.0,0.0,0.0,model2,4.0,False,6012.0
2004,2015-09-09T17:00:00Z,40.0,167.77815794247783,444.62551987841925,101.99236970540571,40.08323719180381,16.806623468830544,48.24481776486586,12.057963109869444,5.872475388055757,0.0,0.0,0.0,0.0,0.0,model2,4.0,False,6015.0
2005,2015-09-09T20:00:00Z,40.0,170.76397395101048,445.0180146995362,99.50401474946169,40.2587947493322,15.268037801345244,46.63161088825971,11.663761909388175,6.044907106815113,0.0,0.0,0.0,0.0,0.0,model2,4.0,False,6018.0
2006,2015-09-09T23:00:00Z,40.0,172.5620673968099,446.18581099190385,98.49813624879478,38.98069839142085,12.326376377160795,49.516175826045405,11.577664628719043,4.784813037437834,0.0,0.0,0.0,0.0,0.0,model2,4.0,False,6021.0
2007,2015-09-10T02:00:00Z,40.0,173.16700465646736,449.009674769392,98.46546671856736,38.841817666261655,11.947805487292484,54.86726566917455,10.228744300467993,5.093562795266193,0.0,0.0,0.0,0.0,0.0,model2,4.0,False,6024.0
2008,2015-09-10T05:00:00Z,40.0,174.33676264480926,444.48060065391405,97.87114959697521,38.62872611735104,10.904256664278936,55.745773124521,10.090583459526123,4.975049142080867,0.0,0.0,0.0,0.0,0.0,model2,4.0,False,6027.0
2009,2015-09-10T08:00:00Z,40.0,173.80202347055484,436.0793137688839,97.7233134368088,38.862741666490976,11.098624494516537,52.457728193582255,10.275092441280172,5.1219332901362975,0.0,0.0,0.0,0.0,0.0,model2,4.0,False,6030.0
2010,2015-09-10T11:00:00Z,40.0,172.58403542100186,442.12465743754456,97.53278748057,38.03517261855704,14.940108041497984,53.58082649330879,10.724191867917863,5.0733778431884815,0.0,0.0,0.0,0.0,0.0,model2,4.0,False,6033.0
2011,2015-09-10T14:00:00Z,40.0,172.05054427790768,448.65896823697113,97.34627285260427,38.769283055853,14.73614245515764,55.713463559448975,10.730621860676466,5.454143986415915,0.0,0.0,0.0,0.0,0.0,model2,4.0,False,6036.0
2012,2015-09-10T17:00:00Z,40.0,173.1154803049102,453.3969230998695,96.60537673388666,38.77746326415457,14.186098343065947,52.29779826985396,11.50329907751435,5.352156949605796,0.0,0.0,0.0,0.0,0.0,model2,4.0,False,6039.0
2013,2015-09-10T20:00:00Z,40.0,173.7323285008731,448.44516453762634,97.23189706273472,38.249199538076574,14.345328004288428,59.213226936974365,10.961750744070725,5.58479563886909,0.0,0.0,0.0,0.0,0.0,model2,4.0,False,6042.0
2014,2015-09-10T23:00:00Z,40.0,174.7812582948684,442.1134556415418,98.6902355326594,37.86817669464666,14.795314523421204,57.068489941158774,12.379824208646953,5.712792976197777,0.0,0.0,0.0,0.0,0.0,model2,4.0,False,6045.0
2015,2015-09-11T02:00:00Z,40.0,174.04167313556954,433.78505673115495,99.70748743891852,38.12195044659778,15.349723010736986,49.55775260409134,13.306389387076091,5.3883473276858735,0.0,0.0,0.0,0.0,0.0,model2,4.0,False,6048.0
2016,2015-09-11T05:00:00Z,40.0,174.70405500175002,440.3390227139762,101.39892794756966,38.79429488735864,14.939002617078968,52.91597487873325,13.935946106291714,5.837725814046746,0.0,0.0,0.0,0.0,0.0,model2,4.0,False,6051.0
2017,2015-09-11T08:00:00Z,40.0,175.2657842861658,449.90395134445885,101.72112910137123,39.34428950504453,14.633168019410714,53.34678888019922,13.35767665078018,6.1931482445275226,0.0,0.0,0.0,0.0,0.0,model2,4.0,False,6054.0
2018,2015-09-11T11:00:00Z,40.0,176.14046671243787,446.95799982104734,101.2464686489423,40.3343165073757,9.408659425778717,50.42005010498501,13.647430151506194,5.740346651507077,0.0,0.0,0.0,0.0,0.0,model2,4.0,False,6057.0
2019,2015-09-11T14:00:00Z,40.0,176.60738524372,445.97172642846886,100.14150341459259,40.37881736578854,9.177267716415695,51.29542864395471,13.568816941622686,5.719528664171042,0.0,0.0,0.0,0.0,0.0,model2,4.0,False,6060.0
2020,2015-09-11T17:00:00Z,40.0,176.04939402308742,443.97301167524927,102.07957682750015,40.68882357671368,9.000461058909233,52.51852365929927,12.442342443601534,5.8254485528318884,0.0,0.0,0.0,0.0,0.0,model2,4.0,False,6063.0
2021,2015-09-11T20:00:00Z,40.0,174.70701203912841,445.6112112610572,102.78469820984772,42.16349311432955,9.28639367791976,45.68432679085638,12.716043776692295,5.3526629367608445,0.0,0.0,0.0,0.0,0.0,model2,4.0,False,6066.0
2022,2015-09-11T23:00:00Z,40.0,173.85383995740924,446.62190728554293,101.30965450728114,42.837504685071906,8.890963900799319,48.42474870677046,12.146681505610996,5.135879063783028,0.0,0.0,0.0,0.0,0.0,model2,4.0,False,6069.0
2023,2015-09-12T02:00:00Z,40.0,173.64487572860128,449.82363853168505,100.1903329987178,42.820332495116794,8.650263512895785,47.39531834682045,11.215884473851414,5.064389378774067,0.0,0.0,0.0,0.0,0.0,model2,4.0,False,6072.0
2024,2015-09-12T05:00:00Z,40.0,174.41521498160816,445.27407130948217,98.23289002835313,42.24478303239896,9.887390556009237,44.39127734711444,10.585383696417797,5.056217765358673,0.0,0.0,0.0,0.0,0.0,model2,4.0,False,6075.0
2025,2015-09-12T08:00:00Z,40.0,174.45481423137286,436.37791105352926,97.81128581502534,41.39809652524404,11.361272227580937,41.03672394974805,12.278550822596106,5.257529769905559,0.0,0.0,0.0,0.0,0.0,model2,4.0,False,6078.0
2026,2015-09-12T11:00:00Z,40.0,172.73991193791454,441.1381583504744,98.18738789271507,42.28186986681704,12.855178718476136,44.508424265136,11.4922903725269,6.2598203314164325,0.0,0.0,0.0,0.0,0.0,model2,4.0,False,6081.0
2027,2015-09-12T14:00:00Z,40.0,170.95775183361255,442.421026264025,99.3651074716984,43.71173215715265,12.896960083984432,41.726533216615145,10.97975486654726,7.384785876765616,0.0,0.0,0.0,0.0,0.0,model2,4.0,False,6084.0
2028,2015-09-12T17:00:00Z,40.0,168.58352434266212,449.3596197375112,98.5678413625368,45.073099769727975,14.936265817321985,41.246554814868134,11.085562598242321,7.347045991076668,0.0,0.0,0.0,0.0,0.0,model2,4.0,False,6087.0
2029,2015-09-12T20:00:00Z,40.0,168.15777221493005,447.2255756987909,98.2100910373888,45.71300036999664,17.32845256237562,41.012184568561004,10.476380923207127,7.731675740186808,0.0,0.0,0.0,0.0,0.0,model2,4.0,False,6090.0
2030,2015-09-12T23:00:00Z,40.0,165.3057968986229,451.7047078568434,100.52020114284632,46.980851752186524,18.071072546049017,37.27501525952367,9.283805342320957,7.663522195326138,0.0,0.0,0.0,0.0,0.0,model2,4.0,False,6093.0
2031,2015-09-13T02:00:00Z,40.0,163.9076059990276,448.6173872943425,100.72808872065063,47.83667651345802,18.014349131588517,39.17532053893567,9.945555688903065,7.1992023980422815,0.0,0.0,0.0,0.0,0.0,model2,4.0,False,6096.0
2032,2015-09-13T05:00:00Z,40.0,162.85138562405018,451.17310096723816,102.40671829769444,49.43041219350008,16.762169406591152,47.84673980522968,9.990637870667122,6.703508239156138,0.0,0.0,0.0,0.0,0.0,model2,4.0,False,6099.0
2033,2015-09-13T08:00:00Z,40.0,161.75712834272883,450.5043507369929,103.05622179219586,51.150036663423656,15.638340913585733,48.938435723299506,7.505836625070964,4.759168716751288,0.0,0.0,0.0,0.0,0.0,model2,4.0,False,6102.0
2034,2015-09-13T11:00:00Z,40.0,163.95999062365343,448.73414437602884,104.22975226731221,51.083341632478344,16.106848901642078,47.664164345451574,9.069368889434283,4.366777304861066,0.0,0.0,0.0,0.0,0.0,model2,4.0,False,6105.0
2035,2015-09-13T14:00:00Z,40.0,164.61926100473096,436.62758550228307,104.38155446156614,50.28498720456584,16.95880738358863,48.21907714306728,9.181731216589963,4.195563594089092,0.0,0.0,0.0,0.0,0.0,model2,4.0,False,6108.0
2036,2015-09-13T17:00:00Z,40.0,165.57551912964462,431.9957522918182,105.12422392717792,49.86912455852907,15.697821385738273,48.808860959840686,8.49444658350976,4.129203795799187,0.0,0.0,0.0,0.0,0.0,model2,4.0,False,6111.0
2037,2015-09-13T20:00:00Z,40.0,165.87448832251982,433.8353261424015,104.5177140081207,48.87762833642192,13.330256970329788,50.83007433894326,8.851149871771133,4.384119646116883,0.0,0.0,0.0,0.0,0.0,model2,4.0,False,6114.0
2038,2015-09-13T23:00:00Z,40.0,167.8942366861449,429.47150662213363,104.06493498687591,49.15042283370697,11.289884885614846,51.73710189599538,8.565157005170095,3.94059295439684,0.0,0.0,0.0,0.0,0.0,model2,4.0,False,6117.0
2039,2015-09-14T02:00:00Z,40.0,169.99505753889989,432.1180514177988,102.69408426873969,49.35346785323453,10.568400365783477,51.749998773916786,8.970012202577465,3.9464853467963295,0.0,0.0,0.0,0.0,0.0,model2,4.0,False,6120.0
2040,2015-09-14T05:00:00Z,40.0,170.81215978115998,432.0294160295034,100.91101842870987,49.270745156397155,11.242647764737468,47.068722987174255,8.990206130710344,5.077341013859766,0.0,0.0,0.0,0.0,0.0,model2,4.0,False,6123.0
2041,2015-09-14T08:00:00Z,40.0,171.3779222472101,438.5135016364827,100.14519705407486,49.19710121191517,11.51828734630852,44.73865963561443,9.233199517374574,5.053088921950627,0.0,0.0,0.0,0.0,0.0,model2,4.0,False,6126.0
2042,2015-09-14T11:00:00Z,40.0,169.49654367150646,450.29649734191145,99.10969471643664,48.66380276517807,12.493603904587015,58.387986016930284,6.830291284798629,5.995548206728939,0.0,0.0,0.0,0.0,0.0,model2,4.0,False,6129.0
2043,2015-09-14T14:00:00Z,40.0,170.7489699097565,453.18681965232713,96.1594595033582,47.78055951530613,11.928973863667974,55.60944919374832,9.701375128555195,6.4580039070622925,0.0,0.0,0.0,0.0,0.0,model2,4.0,False,6132.0
2044,2015-09-14T17:00:00Z,40.0,171.51804459113555,456.5617440132569,96.89232806356732,47.56669158854864,11.629526046771591,54.4023518852262,10.7851834024564,6.616203816907951,0.0,0.0,0.0,0.0,0.0,model2,4.0,False,6135.0
2045,2015-09-14T20:00:00Z,40.0,171.16945846954462,453.77085830554046,97.2717654969145,47.00007816877414,12.688907300691435,52.55768610494697,10.852395811656391,7.185419954702492,0.0,0.0,0.0,0.0,0.0,model2,4.0,False,6138.0
2046,2015-09-14T23:00:00Z,40.0,171.60244341074963,452.54503452701437,97.22668830805937,45.07552326883784,12.505503955847235,51.35673794493681,10.837443677155244,7.402266699974557,0.0,0.0,0.0,0.0,0.0,model2,4.0,False,6141.0
2047,2015-09-15T02:00:00Z,40.0,169.7355325525435,452.5743363030906,99.29573057327947,43.84552167409151,13.079588228607154,51.198877037712535,11.429981780705091,7.540899663156698,0.0,0.0,0.0,0.0,0.0,model2,4.0,False,6144.0
2048,2015-09-15T05:00:00Z,40.0,166.77109313274045,444.4981801124853,100.93194265471563,42.1101551998976,13.292597433384802,51.304680603929526,11.604894975474062,6.340346031182624,0.0,0.0,0.0,0.0,0.0,model2,4.0,False,6147.0
2049,2015-09-15T08:00:00Z,40.0,167.62345373657328,447.1502161374433,99.70753404728045,40.57235861471597,15.942333988619248,53.287996843377286,11.888957408048302,5.497801989909177,0.0,0.0,0.0,0.0,0.0,model2,4.0,False,6150.0
2050,2015-09-15T11:00:00Z,40.0,167.1498796281079,439.6214101803059,99.42219997757064,40.75721453312511,16.076999491701482,41.938804550564704,11.8603881515346,4.938325887093873,0.0,0.0,0.0,0.0,0.0,model2,4.0,False,6153.0
2051,2015-09-15T14:00:00Z,40.0,167.00869244722125,440.8323009923301,103.201897963477,39.76017088194008,16.391268962119874,41.14377912970817,9.384916297403118,5.771564996171285,0.0,0.0,0.0,0.0,0.0,model2,4.0,False,6156.0
2052,2015-09-15T17:00:00Z,40.0,166.31852593912566,432.9945231891005,102.24242697509665,38.486906164567316,16.19182544882676,40.62764969354562,9.183557603627575,5.306025889382072,0.0,0.0,0.0,0.0,0.0,model2,4.0,False,6159.0
2053,2015-09-15T20:00:00Z,40.0,167.09153884679736,429.4651365702978,102.61990871825668,38.103233760849825,15.180759820120313,43.093999918081046,10.188633663782175,5.207071758088969,0.0,0.0,0.0,0.0,0.0,model2,4.0,False,6162.0
2054,2015-09-15T23:00:00Z,40.0,167.20894583642848,430.44420799223207,101.3578441441839,38.42542263545581,15.315178325987365,41.889235535108575,11.000034982809137,5.246313536460222,0.0,0.0,0.0,0.0,0.0,model2,4.0,False,6165.0
2055,2015-09-16T02:00:00Z,40.0,168.63718794632453,427.0702798604464,100.94332326992316,38.068380302014475,15.92111339714558,41.54646432268812,11.809800459352775,5.313245792156002,0.0,0.0,0.0,0.0,0.0,model2,4.0,False,6168.0
2056,2015-09-16T05:00:00Z,40.0,169.52698553631902,431.4163540499777,99.334026533049,38.925753528272736,15.079849970552385,39.285188129932706,11.316326667688525,5.593550548148477,0.0,0.0,0.0,0.0,0.0,model2,4.0,False,6171.0
2057,2015-09-16T08:00:00Z,40.0,166.80786523187524,428.8056763777577,100.9996985015278,38.355632752483785,11.849272566151607,35.137431379419986,10.698917920894043,5.7150894130914365,0.0,0.0,0.0,0.0,0.0,model2,4.0,False,6174.0
2058,2015-09-16T11:00:00Z,40.0,167.17818286720131,419.7173649969352,101.885523809153,37.73640172042548,13.468750657783431,29.30293524778205,12.20008927059242,5.664184187600527,0.0,0.0,0.0,0.0,0.0,model2,4.0,False,6177.0
2059,2015-09-16T14:00:00Z,40.0,165.24954182988736,424.31749477564455,105.31317563403252,38.617449188546274,14.374734288860994,32.86513888326718,16.478297387551347,5.205515193995149,0.0,0.0,0.0,0.0,0.0,model2,4.0,False,6180.0
2060,2015-09-16T17:00:00Z,40.0,165.7874673524677,428.4962364922098,107.33554106728292,38.83062605058939,15.111248553296967,31.97105882245837,16.782479224534274,5.002484163806332,0.0,0.0,0.0,0.0,0.0,model2,4.0,False,6183.0
2061,2015-09-16T20:00:00Z,40.0,166.58574751875403,430.4195399266889,109.56402775164615,39.38726876380125,15.765885447556975,32.8784641099029,17.048392515023643,5.1125127395728285,0.0,0.0,0.0,0.0,0.0,model2,4.0,False,6186.0
2062,2015-09-16T23:00:00Z,40.0,165.639986551818,433.06684346896765,113.34946929488865,39.36301690749684,17.65786876097425,38.956872794328426,15.842242449874805,5.168400577146133,0.0,0.0,0.0,0.0,0.0,model2,4.0,False,6189.0
2063,2015-09-17T02:00:00Z,40.0,164.20939188197295,443.0938497260428,116.46338402506262,39.92462903764198,18.001247075131786,45.175781971388204,14.956471944661429,5.036603909992167,0.0,0.0,0.0,0.0,0.0,model2,4.0,False,6192.0
2064,2015-09-17T05:00:00Z,40.0,164.3393984890875,450.6520284456265,120.67719282117226,39.47769928179019,18.633873344325906,48.22906011742744,12.991146677742384,4.974906948512835,0.0,0.0,0.0,0.0,0.0,model2,4.0,False,6195.0
2065,2015-09-17T08:00:00Z,40.0,165.6904418921164,447.5369571593404,124.27186468265492,39.86207449133733,19.05346253618565,49.53228174111013,11.762063300500856,4.943219969326703,0.0,0.0,0.0,0.0,0.0,model2,4.0,False,6198.0
2066,2015-09-17T11:00:00Z,40.0,166.86296781608434,453.09713010508125,125.86086718306991,39.90833777083585,17.63713926836874,46.16517572173606,9.094682319122393,4.500834405525465,0.0,0.0,0.0,0.0,0.0,model2,4.0,False,6201.0
2067,2015-09-17T14:00:00Z,40.0,168.04554621359517,445.5676991606369,123.54439536198444,40.0734052158144,15.86908691544748,49.27274579499922,9.131500435129894,5.218659608486926,0.0,0.0,0.0,0.0,0.0,model2,4.0,False,6204.0
2068,2015-09-17T17:00:00Z,40.0,168.8354772239674,449.94535420386563,123.75823992318287,41.210361157815335,15.492290074105412,50.417044712853745,9.722483575011793,5.501468941697099,0.0,0.0,0.0,0.0,0.0,model2,4.0,False,6207.0
2069,2015-09-17T20:00:00Z,40.0,168.33816970409433,452.8784739965442,124.7848197862773,40.97367408418266,14.978572673923091,51.452387880112546,9.772709382735284,5.407226878544722,0.0,0.0,0.0,0.0,0.0,model2,4.0,False,6210.0
2070,2015-09-17T23:00:00Z,40.0,169.02313613895728,450.5338490252086,126.3278628573554,40.82767151503179,13.608746433551529,51.421078840304354,10.940956342306583,5.472050452493066,0.0,0.0,0.0,0.0,0.0,model2,4.0,False,6213.0
2071,2015-09-18T02:00:00Z,40.0,170.05233978358538,439.06589592586135,124.68423036715812,41.29370148643656,12.740129421182713,48.243248969064034,12.00854093475599,5.656274247624677,0.0,0.0,0.0,0.0,0.0,model2,4.0,False,6216.0
2072,2015-09-18T05:00:00Z,40.0,171.34465976616363,436.27420156592,123.41226149708628,40.211109737514406,15.042181708018667,45.75327132207443,12.246750036430836,6.135884294491626,0.0,0.0,0.0,0.0,0.0,model2,4.0,False,6219.0
2073,2015-09-18T08:00:00Z,40.0,170.8873098865115,444.2267953413357,123.4497947071747,41.435524834467934,14.192782152589928,49.738802883588626,12.498918611176055,6.166518594703376,0.0,0.0,0.0,0.0,0.0,model2,4.0,False,6222.0
2074,2015-09-18T11:00:00Z,40.0,170.74661526394445,448.46915287090934,124.44900053052929,41.31169458981832,13.782452557399106,49.17634434473463,12.420431615316524,6.368303831530692,0.0,0.0,0.0,0.0,0.0,model2,4.0,False,6225.0
2075,2015-09-18T14:00:00Z,40.0,168.82726651233676,455.2950521283357,122.27078054084065,41.0808582944909,15.494679793668876,45.277709692309294,14.76825764175076,6.102406454250718,0.0,0.0,0.0,0.0,0.0,model2,4.0,False,6228.0
2076,2015-09-18T17:00:00Z,40.0,166.06967689448547,454.90258750536634,120.30057278369979,40.23498587573025,15.998271813172204,44.01508320998946,15.478504844908386,5.882566893562263,0.0,0.0,0.0,0.0,0.0,model2,4.0,False,6231.0
2077,2015-09-18T20:00:00Z,40.0,165.12668490247216,451.4711262478535,116.57493547668949,40.95323977261392,16.383460118542406,41.058605618541776,16.743845740480374,6.081263579114329,0.0,0.0,0.0,0.0,0.0,model2,4.0,False,6234.0
2078,2015-09-18T23:00:00Z,40.0,165.49595704046038,449.1855257962309,112.0189396933185,41.449402215363456,15.770580997323627,39.205734272673006,16.462640476962044,6.2649218357114185,0.0,0.0,0.0,0.0,0.0,model2,4.0,False,6237.0
2079,2015-09-19T02:00:00Z,40.0,166.05352167383884,451.6896569429923,109.26409128561896,41.246132446347616,15.209616003268886,37.87171553788353,17.213405802818855,6.163779946622566,0.0,0.0,0.0,0.0,0.0,model2,4.0,False,6240.0
2080,2015-09-19T05:00:00Z,40.0,164.8893999076721,453.06704125722143,106.48636076303116,42.11470298020289,12.118823684131506,41.44650122365308,17.250156605797567,5.827461847011671,0.0,0.0,0.0,0.0,0.0,model2,4.0,False,6243.0
2081,2015-09-19T08:00:00Z,40.0,165.36753054793775,453.80890592134284,101.5763350587896,41.0943194911009,12.807247022224546,42.50787488368656,14.308247684129984,5.5119068670819775,0.0,0.0,0.0,0.0,0.0,model2,4.0,False,6246.0
2082,2015-09-19T11:00:00Z,40.0,163.935031872223,447.80827607350375,98.19066133844429,41.06337633185474,13.779760041669874,42.84049174223993,9.583230038564476,5.001431471963044,0.0,0.0,0.0,0.0,0.0,model2,4.0,False,6249.0
2083,2015-09-19T14:00:00Z,40.0,166.05448117039958,447.6067754510446,96.95548388037523,40.744578503963155,13.18448636946677,47.950388385084544,9.473663301858556,4.877182958840233,0.0,0.0,0.0,0.0,0.0,model2,4.0,False,6252.0
2084,2015-09-19T17:00:00Z,40.0,168.05418255565232,447.6542553864009,96.5423603470783,41.25478227315626,12.632088551527504,50.99576884311284,9.210377040108284,5.281630519457528,0.0,0.0,0.0,0.0,0.0,model2,4.0,False,6255.0
2085,2015-09-19T20:00:00Z,40.0,167.8893910307951,448.9961646407138,97.27847929222315,41.01009362809928,12.67471067416437,51.216509133936356,9.330035844384287,5.5257574506518905,0.0,0.0,0.0,0.0,0.0,model2,4.0,False,6258.0
2086,2015-09-19T23:00:00Z,40.0,167.2083507083446,448.8915173814192,97.3734485978408,40.810670220446326,12.247006236027913,53.015311281151256,9.43361911728882,6.126013240953293,0.0,0.0,0.0,0.0,0.0,model2,4.0,False,6261.0
2087,2015-09-20T02:00:00Z,40.0,167.11127499357667,450.7525446671796,97.72248604852508,40.46653094506507,13.46511836181215,52.271560555069435,9.427911790744707,6.05790717258208,0.0,0.0,0.0,0.0,0.0,model2,4.0,False,6264.0
2088,2015-09-20T05:00:00Z,40.0,168.92540014843314,442.38999560232565,98.51891339561908,40.573436785974174,14.982865120779055,51.65341373834099,10.060168067888664,6.1028136981036845,0.0,0.0,0.0,0.0,0.0,model2,4.0,False,6267.0
2089,2015-09-20T08:00:00Z,40.0,169.28254370150054,435.0581951419957,98.59445637047615,40.52907307065731,14.503574008765831,45.78701736671052,9.945569961063015,6.178755513790806,0.0,0.0,0.0,0.0,0.0,model2,4.0,False,6270.0
2090,2015-09-20T11:00:00Z,40.0,171.2154740535049,433.9995819185089,97.99699681275708,40.30014092324717,12.905550131051225,44.62543726179326,10.026456299619706,6.171097549288384,0.0,0.0,0.0,0.0,0.0,model2,4.0,False,6273.0
2091,2015-09-20T14:00:00Z,40.0,172.0003383035109,435.04651163852577,97.56849441331751,40.582335272650035,12.781520402322895,40.91170167686038,10.564198524963627,6.175317499401253,0.0,0.0,0.0,0.0,0.0,model2,4.0,False,6276.0
2092,2015-09-20T17:00:00Z,40.0,172.99260598714486,432.54042125766165,98.10906883151428,40.57362343675193,12.971067376977901,37.664224538231956,11.534129314897369,5.748648235110105,1.0,0.0,0.0,0.0,0.0,model2,4.0,False,6279.0
2093,2015-09-20T20:00:00Z,40.0,173.57917759012554,436.6344442831683,97.63245981121271,40.358390810575656,12.014792429741798,39.2685290659758,11.494821819200384,5.308604179122015,1.0,0.0,0.0,0.0,0.0,model2,4.0,False,6282.0
2094,2015-09-20T23:00:00Z,40.0,175.1318487951791,440.0664744628599,98.09180367885,39.80645256941936,12.490339928545435,38.19542262992231,10.458429792987669,4.321408266352097,1.0,0.0,0.0,0.0,0.0,model2,4.0,False,6285.0
2095,2015-09-21T02:00:00Z,40.0,173.92818210969173,443.03419178856535,99.91748067647472,40.380226118730334,11.255411897371246,40.565596088843726,12.260702728332319,4.733051783696965,1.0,0.0,0.0,0.0,0.0,model2,4.0,False,6288.0
2096,2015-09-21T05:00:00Z,40.0,172.66163626547245,446.1220157684037,99.46745430074871,40.831951374798756,11.40510616341099,38.50744701576932,11.443651499177045,4.2905401515711015,1.0,0.0,0.0,0.0,0.0,model2,4.0,False,6291.0
2097,2015-09-21T08:00:00Z,40.0,173.4020561348243,449.7407849732192,100.979123105453,40.684252730825655,12.584257415114925,39.03729841454781,11.289265323485086,4.8502135102334805,1.0,0.0,0.0,0.0,0.0,model2,4.0,False,6294.0
2098,2015-09-21T11:00:00Z,40.0,173.7871747988005,446.851552713246,102.12429050632616,40.814049542552354,12.788407345157134,44.32484721547625,11.124855513158607,4.7933469123467125,1.0,0.0,0.0,0.0,0.0,model2,4.0,False,6297.0
2099,2015-09-21T14:00:00Z,40.0,171.83259713033954,447.8079464571293,102.6309407234391,40.98807368855584,13.369190591405316,45.031817746368645,10.653824292140012,4.8529092889716825,1.0,0.0,0.0,0.0,0.0,model2,4.0,False,6300.0
2100,2015-09-21T17:00:00Z,40.0,172.19855304102632,447.06843976513085,101.54565431355715,40.3633101310469,13.214627855880654,43.847817229515904,10.41902844363943,5.0575650340641785,0.0,0.0,0.0,0.0,0.0,model2,4.0,False,6303.0
2101,2015-09-21T20:00:00Z,40.0,173.37647803487388,452.53721730375196,100.57111785892315,39.83297749506886,13.519532719241422,43.73256769703789,10.645115888170944,5.526224415186071,0.0,0.0,0.0,0.0,0.0,model2,4.0,False,6306.0
2102,2015-09-21T23:00:00Z,40.0,172.11510773501902,451.0993382114167,99.87965395076746,40.812438834177435,12.95210335650684,43.760325466427965,11.06135206229194,5.686021605061418,0.0,0.0,0.0,0.0,0.0,model2,4.0,False,6309.0
2103,2015-09-22T02:00:00Z,40.0,173.02457783576938,447.4338894805061,98.02969409183909,40.83675113576749,14.669588359715679,43.44887235870232,10.293661480924424,5.583840769200901,0.0,0.0,0.0,0.0,0.0,model2,4.0,False,6312.0
2104,2015-09-22T05:00:00Z,40.0,173.32021660016926,448.3443897370997,98.90117813422694,40.13355648223713,12.61909152863274,49.21772909456241,11.093573962032172,6.048284774391719,0.0,0.0,0.0,0.0,0.0,model2,4.0,False,6315.0
2105,2015-09-22T08:00:00Z,40.0,170.47262675243633,446.7157665317777,99.16461883430144,41.087978786744976,13.254908602868682,50.743236132367755,11.090475366903863,5.95889433106198,0.0,0.0,0.0,0.0,0.0,model2,4.0,False,6318.0
2106,2015-09-22T11:00:00Z,40.0,171.08945435990563,457.0178367684777,98.56246656027506,41.3622856168205,14.0202061305706,47.5545406710647,11.239100642869673,5.925243433707283,0.0,0.0,0.0,0.0,0.0,model2,4.0,False,6321.0
2107,2015-09-22T14:00:00Z,40.0,171.2527517181833,449.26306685911726,99.74038619419844,41.331040271089655,14.855628800200947,50.34705714362795,11.401098442706466,6.188223489036673,0.0,0.0,0.0,0.0,0.0,model2,4.0,False,6324.0
2108,2015-09-22T17:00:00Z,40.0,169.9530150949329,451.4478423666249,100.91667148403349,41.81537827437164,15.144904703250079,53.035107360769466,11.387436001385211,5.863846371180585,0.0,0.0,0.0,0.0,0.0,model2,4.0,False,6327.0
2109,2015-09-22T20:00:00Z,40.0,168.927260914198,453.2422008907848,101.60091927077559,42.10401385682465,14.499837949106256,57.536613897400414,11.205319473690679,5.435747729753902,0.0,0.0,0.0,0.0,0.0,model2,4.0,False,6330.0
2110,2015-09-22T23:00:00Z,40.0,169.78692032313919,460.5181588134265,102.87482181156702,40.618532810098465,14.27190033061093,56.55300119436408,11.876991202660838,6.38911195179972,0.0,0.0,0.0,0.0,0.0,model2,4.0,False,6333.0
2111,2015-09-23T02:00:00Z,40.0,169.5194174798107,464.11073480398284,103.95739414336931,39.87300683471406,12.51661414121108,58.29027169281002,10.422162126145368,6.158435085581938,0.0,0.0,0.0,0.0,0.0,model2,4.0,False,6336.0
2112,2015-09-23T05:00:00Z,40.0,168.4725382488316,469.5885045287571,104.81752617755569,40.64886572040199,12.67797138136816,55.45823435381733,11.168073904320847,5.923995954914838,0.0,0.0,0.0,0.0,0.0,model2,4.0,False,6339.0
2113,2015-09-23T08:00:00Z,40.0,171.27242391669853,467.35594406125773,104.91984765869609,39.80031681120653,11.498088573100624,56.66248385549656,11.654688710923345,5.507951267977935,0.0,0.0,0.0,0.0,0.0,model2,4.0,False,6342.0
2114,2015-09-23T11:00:00Z,40.0,170.69390020361175,463.46143538411883,104.36185564344895,39.310018467504115,10.748895786963146,65.72060508504687,11.54311975033356,5.854264309412622,0.0,0.0,0.0,0.0,0.0,model2,4.0,False,6345.0
2115,2015-09-23T14:00:00Z,40.0,170.26877852655917,475.74029840627446,106.1903971591047,39.30615313988793,9.59227025790503,64.96476283042371,11.422604363739806,5.570591860687195,0.0,0.0,0.0,0.0,0.0,model2,4.0,False,6348.0
2116,2015-09-23T17:00:00Z,40.0,170.94285532256367,471.9640626042064,104.97139811616672,39.16506771855137,8.439734897736592,65.10002361273169,11.967526861420936,5.75316259175521,0.0,0.0,0.0,0.0,0.0,model2,4.0,False,6351.0
2117,2015-09-23T20:00:00Z,40.0,170.1673772727537,463.0592920318184,104.82022409152596,39.31726625050699,10.705044275443052,61.76929581448171,11.327752801145465,5.662065417760829,0.0,0.0,0.0,0.0,0.0,model2,4.0,False,6354.0
2118,2015-09-23T23:00:00Z,40.0,169.8404900981335,457.57114460482484,103.87664524325363,40.190935494419286,11.176005286079354,61.84116375451843,10.453451569609264,4.559551481709868,0.0,0.0,0.0,0.0,0.0,model2,4.0,False,6357.0
2119,2015-09-24T02:00:00Z,40.0,170.06528892322063,459.5509301466352,103.3304557374148,40.28044518732472,11.614301353028289,59.617872603213165,10.52320106646231,4.570989816972369,0.0,0.0,0.0,0.0,0.0,model2,4.0,False,6360.0
2120,2015-09-24T05:00:00Z,40.0,171.6773873507674,456.8438172475544,103.13263923642056,38.700356626297456,12.435118393878152,55.49894715953185,9.718220608195685,4.803782811296296,0.0,0.0,0.0,0.0,0.0,model2,4.0,False,6363.0
2121,2015-09-24T08:00:00Z,40.0,172.28042659469205,464.0140585080194,102.53403359086174,39.56581147075415,13.263045337107716,53.47987377705494,9.477271398115855,5.354306842891644,0.0,0.0,0.0,0.0,0.0,model2,4.0,False,6366.0
2122,2015-09-24T11:00:00Z,40.0,169.64846464980874,466.34384956076906,102.86657559424424,40.021588404894864,14.024000578053744,40.680079991694576,10.068141304985248,5.035374446725973,0.0,0.0,0.0,0.0,0.0,model2,4.0,False,6369.0
2123,2015-09-24T14:00:00Z,40.0,171.3867100630559,458.51825265752007,100.97264271663107,40.15663070556759,13.93385314085178,33.470700173321575,9.241694748623496,5.025850466404148,0.0,0.0,0.0,0.0,0.0,model2,4.0,False,6372.0
2124,2015-09-24T17:00:00Z,40.0,172.11578612519062,465.0788504927437,99.88992823477766,40.10322771670985,14.788376407194445,30.09571379448877,9.765378295121883,4.911789625865329,0.0,0.0,0.0,0.0,0.0,model2,4.0,False,6375.0
2125,2015-09-24T20:00:00Z,40.0,171.9644260073683,466.4425319115096,99.93916386213414,40.07324709408307,15.495817167086232,31.48086000896944,9.727918048563348,5.180774929517619,0.0,0.0,0.0,0.0,0.0,model2,4.0,False,6378.0
2126,2015-09-24T23:00:00Z,40.0,171.19640444454976,473.587952399948,100.53827842076616,40.44308919445316,15.532810630983395,33.75293062022734,9.832530240775695,5.334452575450411,0.0,0.0,0.0,0.0,0.0,model2,4.0,False,6381.0
2127,2015-09-25T02:00:00Z,40.0,171.11919175743103,477.736686335444,100.49036596552165,40.29072685844515,14.955568927859176,36.443326502072566,10.018395627453396,5.814150324928041,0.0,0.0,0.0,0.0,0.0,model2,4.0,False,6384.0
2128,2015-09-25T05:00:00Z,40.0,171.24284238188562,475.37216786935625,98.73588057189005,41.668554911938145,14.223299278741784,38.912719759246244,9.023735578972516,4.919032661498549,0.0,0.0,0.0,0.0,0.0,model2,4.0,False,6387.0
2129,2015-09-25T08:00:00Z,40.0,170.73903284017632,473.9141166039933,98.64039598129494,41.52789053217089,13.449271822427555,38.25801128423199,8.562453535285831,4.696489866662152,0.0,0.0,0.0,0.0,0.0,model2,4.0,False,6390.0
2130,2015-09-25T11:00:00Z,40.0,170.88059882906828,469.31605166093874,98.77906211506802,41.088660542290214,13.776442843062455,41.52361451555439,8.144213706478167,5.170568157828057,0.0,0.0,0.0,0.0,0.0,model2,4.0,False,6393.0
2131,2015-09-25T14:00:00Z,40.0,171.8033820976641,465.6789344672167,98.80772122033696,41.270084850365436,14.329658252301336,48.0787639243421,7.78271372700048,4.9936957851971036,0.0,0.0,0.0,0.0,0.0,model2,4.0,False,6396.0
2132,2015-09-25T17:00:00Z,40.0,171.03675165307496,466.17686240717325,100.20708965047605,41.01174154280047,13.545604534376409,49.74470958313195,6.501019009299048,4.968582128955849,0.0,0.0,0.0,0.0,0.0,model2,4.0,False,6399.0
2133,2015-09-25T20:00:00Z,40.0,173.21206311579155,464.80139230695397,101.02524364754284,41.08881247419379,11.014275954443676,51.119383299826325,6.559546788293973,4.666168838145119,0.0,0.0,0.0,0.0,0.0,model2,4.0,False,6402.0
2134,2015-09-25T23:00:00Z,40.0,172.43860267663794,458.41618857216463,100.77549717803036,40.65182211029746,11.874402909417205,48.71592519100934,6.818618247500732,4.723436783592266,0.0,0.0,0.0,0.0,0.0,model2,4.0,False,6405.0
2135,2015-09-26T02:00:00Z,40.0,171.31642700417353,447.85673313897485,101.28851022906198,40.51712636932693,12.725797004221116,43.56213995902024,6.467785183605177,4.40704854913141,0.0,0.0,0.0,0.0,0.0,model2,4.0,False,6408.0
2136,2015-09-26T05:00:00Z,40.0,170.80199681904958,448.744047055755,102.15210325936107,40.43664135368427,13.748900302750766,46.628889222056856,7.310044305087487,4.168227598406526,0.0,0.0,0.0,0.0,0.0,model2,4.0,False,6411.0
2137,2015-09-26T08:00:00Z,40.0,167.8423384243889,447.0532426613587,102.13654136627925,39.93589658901345,14.410565567701475,51.32468202707239,7.586327670986098,4.208578082713971,0.0,0.0,0.0,0.0,0.0,model2,4.0,False,6414.0
2138,2015-09-26T11:00:00Z,40.0,169.44710334295718,451.9715883670131,101.64284185914032,39.73685409395407,13.167011239134428,52.319773676771014,9.0151502731252,3.918612083812728,0.0,0.0,0.0,0.0,0.0,model2,4.0,False,6417.0
2139,2015-09-26T14:00:00Z,40.0,166.45604342537757,456.5652749425108,101.54975369669536,39.634690475187156,12.317061845283215,46.84305174355085,8.720866388310188,3.8844765768437033,0.0,0.0,0.0,0.0,0.0,model2,4.0,False,6420.0
2140,2015-09-26T17:00:00Z,40.0,167.4149242036586,448.5532913779889,101.34926947427677,39.98980903380146,13.111427577077254,45.90075371131199,9.26855928969922,3.808336467769708,0.0,0.0,0.0,0.0,0.0,model2,4.0,False,6423.0
2141,2015-09-26T20:00:00Z,40.0,166.34373839218512,452.98702111421653,101.23068908925212,39.891603102338564,13.311236896605037,47.266665861599904,9.956443692183447,5.136434016925587,0.0,0.0,0.0,0.0,0.0,model2,4.0,False,6426.0
2142,2015-09-26T23:00:00Z,40.0,167.0606053545695,454.31098741183337,100.9462936367798,40.206632972075475,12.81836173883983,45.88177469812173,9.866854231692336,4.97906746596096,0.0,0.0,0.0,0.0,0.0,model2,4.0,False,6429.0
2143,2015-09-27T02:00:00Z,40.0,168.77939605626517,457.25508571809615,100.2897133102157,40.38359233330768,14.044709797549501,44.80426790442319,9.83107420710291,4.952707758207364,0.0,0.0,0.0,0.0,0.0,model2,4.0,False,6432.0
2144,2015-09-27T05:00:00Z,40.0,167.84084932611563,454.4102079037028,99.45203389169993,40.09202981644799,12.965603055191634,43.98647332602045,9.963652123362682,5.18401634821582,0.0,0.0,0.0,0.0,0.0,model2,4.0,False,6435.0
2145,2015-09-27T08:00:00Z,40.0,168.7439987517186,449.80990721648215,100.2153298116749,38.894927675259574,13.641458352849956,38.534246130516784,10.20212129661726,6.117876491083412,0.0,0.0,0.0,0.0,0.0,model2,4.0,False,6438.0
2146,2015-09-27T11:00:00Z,40.0,166.16969772841216,445.6690406734786,101.3760271605585,39.48892505298429,17.923654534197578,33.9141451027566,8.736550153446624,6.08838961509655,0.0,0.0,0.0,0.0,0.0,model2,4.0,False,6441.0
2147,2015-09-27T14:00:00Z,40.0,167.090592593791,446.0852780180578,103.08051198023098,39.38204721583725,17.902644979900533,34.435267454222284,9.285239108764133,6.114024954379263,0.0,0.0,0.0,0.0,0.0,model2,4.0,False,6444.0
2148,2015-09-27T17:00:00Z,40.0,165.01949135754685,454.8138225484191,102.00034390665442,38.86902021871292,17.001759733762253,39.12736395772463,10.00157530468984,6.284931497904117,0.0,0.0,0.0,0.0,0.0,model2,4.0,False,6447.0
2149,2015-09-27T20:00:00Z,40.0,164.52471381423442,451.65684708423936,100.43251305804544,38.75352338390592,17.164963774284516,34.30153220574922,10.088361436143623,5.339713456754542,0.0,0.0,0.0,0.0,0.0,model2,4.0,False,6450.0
2150,2015-09-27T23:00:00Z,40.0,164.4232108103615,449.54600683161203,100.70382439669338,38.29554552055619,17.39485290828567,34.88669266865191,10.171677502032981,5.566649962000335,0.0,0.0,0.0,0.0,0.0,model2,4.0,False,6453.0
2151,2015-09-28T02:00:00Z,40.0,164.0086967299609,451.0700526139583,99.4209937645503,38.779912149054745,16.2136627390781,37.78273729953045,11.007321334874185,5.858798279984831,0.0,0.0,0.0,0.0,0.0,model2,4.0,False,6456.0
2152,2015-09-28T05:00:00Z,40.0,164.88099426675328,452.304741470603,100.15447559909984,38.18209632932685,16.459679866350545,34.137029853759344,10.968163261693906,5.836456349702227,0.0,0.0,0.0,0.0,0.0,model2,4.0,False,6459.0
2153,2015-09-28T08:00:00Z,40.0,166.0749080432925,447.0431965599653,99.96019860467652,39.51899678197804,16.43979450222802,45.98864158688751,11.205169463227744,5.115414942406779,0.0,0.0,0.0,0.0,0.0,model2,4.0,False,6462.0
2154,2015-09-28T11:00:00Z,40.0,166.87533210612781,452.53001228362,99.90629814905252,39.27004808650914,13.396244642517017,50.50465416944724,11.201891471784728,5.008726151763137,0.0,0.0,0.0,0.0,0.0,model2,4.0,False,6465.0
2155,2015-09-28T14:00:00Z,40.0,166.64984634601342,448.25967117401564,97.93007486261264,39.069645117106994,13.295656786369245,51.63344603546717,10.409794542359267,5.075404653575788,0.0,0.0,0.0,0.0,0.0,model2,4.0,False,6468.0
2156,2015-09-28T17:00:00Z,40.0,166.39249413183677,443.6782552616288,99.63707916757131,38.67990845752317,13.233397279275847,49.35294524927354,9.887976973495935,5.003385481243393,0.0,0.0,0.0,0.0,0.0,model2,4.0,False,6471.0
2157,2015-09-28T20:00:00Z,40.0,167.06780395761336,447.10059986918105,100.62375172051682,38.646532713174466,12.433411449842751,50.65461154258236,9.156451818558466,4.851493801206408,0.0,0.0,0.0,0.0,0.0,model2,4.0,False,6474.0
2158,2015-09-28T23:00:00Z,40.0,167.038345648063,443.4954249081607,102.44516672119295,39.199531567615935,13.087060576434839,52.401988122192314,10.754136224282211,4.610098623013166,0.0,0.0,0.0,0.0,0.0,model2,4.0,False,6477.0
2159,2015-09-29T02:00:00Z,40.0,166.21347116873216,441.7833838573378,102.57418674380828,39.14081105557649,12.777728959645113,51.81335903969838,11.184462162945142,4.107154622766867,0.0,0.0,0.0,0.0,0.0,model2,4.0,False,6480.0
2160,2015-09-29T05:00:00Z,40.0,164.910712730221,436.9426892211223,102.04841884386934,39.39996020115951,12.457139117522592,55.966983474586456,10.412286360660746,4.114993457550612,0.0,0.0,0.0,0.0,0.0,model2,4.0,False,6483.0
2161,2015-09-29T08:00:00Z,40.0,164.9304994604363,449.9569104199215,101.74609429794654,38.94370742953818,11.260989342851069,49.9450632566035,10.240312927576632,3.7391955971582562,0.0,0.0,0.0,0.0,0.0,model2,4.0,False,6486.0
2162,2015-09-29T11:00:00Z,40.0,167.14317444881794,448.01586859955324,100.57320396956484,39.47278172930165,10.344749898950088,45.69940145388746,10.9032628788537,4.776083804506457,0.0,0.0,0.0,0.0,0.0,model2,4.0,False,6489.0
2163,2015-09-29T14:00:00Z,40.0,169.76414142359977,454.18276584394823,100.6575748182278,39.072930883864295,12.198036229595651,50.02724316929899,10.86962832217059,4.684502603445499,0.0,0.0,0.0,0.0,0.0,model2,4.0,False,6492.0
2164,2015-09-29T17:00:00Z,40.0,170.7293250994346,452.5549082277317,99.53315344646593,40.240653565942544,12.317963509126965,47.4515921092237,11.022480388924883,4.7039041585314205,0.0,0.0,0.0,0.0,0.0,model2,4.0,False,6495.0
2165,2015-09-29T20:00:00Z,40.0,168.8031162542834,448.6756605723422,100.54465136631107,40.0479131187884,12.97579538757166,47.43025144351208,12.364341306832669,4.9693829639961615,0.0,0.0,0.0,0.0,0.0,model2,4.0,False,6498.0
2166,2015-09-29T23:00:00Z,40.0,170.14777830454932,453.9186024702674,98.70261969680165,40.351607567203374,12.19958361844655,47.50882087763979,10.627235172266607,5.269798830040137,0.0,0.0,0.0,0.0,0.0,model2,4.0,False,6501.0
2167,2015-09-30T02:00:00Z,40.0,171.33311084908595,449.68107264420854,99.48264136360625,40.29901996407796,12.019353244858635,48.8215122545825,9.574303961784974,5.403935893605282,0.0,0.0,0.0,0.0,0.0,model2,4.0,False,6504.0
2168,2015-09-30T05:00:00Z,40.0,171.50746826366245,459.62826300065336,100.05748857575355,39.86365236059852,12.871488469723918,43.010151017400005,10.500735186101402,5.708558927502698,0.0,0.0,0.0,0.0,0.0,model2,4.0,False,6507.0
2169,2015-09-30T08:00:00Z,40.0,168.0931658079764,455.6604469946633,98.49338966084021,40.074986573135796,15.821018515754304,41.35447339863054,10.394671504539437,5.6227298028299435,0.0,0.0,0.0,0.0,0.0,model2,4.0,False,6510.0
2170,2015-09-30T11:00:00Z,40.0,168.91110821196762,455.0308079910167,99.6898274183137,39.764877151140716,16.812603584751653,47.854773018754216,10.248128011799293,4.86394308473942,0.0,0.0,0.0,0.0,0.0,model2,4.0,False,6513.0
2171,2015-09-30T14:00:00Z,40.0,168.05006865331075,452.1411619602088,99.9806411484848,39.948943852461255,15.544784604265267,46.23635119048515,9.840913723501764,5.4082270446491965,0.0,0.0,0.0,0.0,0.0,model2,4.0,False,6516.0
2172,2015-09-30T17:00:00Z,40.0,168.54978142717175,457.4515885405118,101.04014310817938,39.496140405392794,18.040245941112282,46.78614832000636,9.583029481636832,5.2217298222225095,0.0,0.0,0.0,0.0,0.0,model2,4.0,False,6519.0
2173,2015-09-30T20:00:00Z,40.0,171.03224037922692,453.2982088619095,99.75671335581526,39.865159780957924,17.668297150895928,48.40686739527444,8.932477847913393,5.067654059979487,0.0,0.0,0.0,0.0,0.0,model2,4.0,False,6522.0
2174,2015-09-30T23:00:00Z,40.0,172.44175682716264,445.76797726409205,98.14988138728005,39.175038643907406,18.407564304583822,50.621215773757065,9.407146551952232,5.5047764935981975,0.0,0.0,0.0,0.0,0.0,model2,4.0,False,6525.0
2175,2015-10-01T02:00:00Z,40.0,173.29284052373748,450.9208136822594,97.7694685587842,38.86256273192571,18.740394995613933,49.08098763596138,11.670214003847413,5.3158554852582425,0.0,0.0,0.0,0.0,0.0,model2,4.0,False,6528.0
2176,2015-10-01T05:00:00Z,40.0,174.64652767173382,451.31585109973406,96.44313023486565,38.60947093674674,17.653694420699548,57.922800126465,10.784873497318001,5.335385972774568,0.0,0.0,0.0,0.0,0.0,model2,4.0,False,6531.0
2177,2015-10-01T08:00:00Z,40.0,175.47476093170172,450.9013976927227,98.49750274047165,38.32329627196853,16.244940355528588,59.9189118825996,11.240412793401251,5.356593246471798,0.0,0.0,0.0,0.0,0.0,model2,4.0,False,6534.0
2178,2015-10-01T11:00:00Z,40.0,174.37133517521943,447.7887853624514,97.74669777977051,38.45033076911698,15.404432826960015,55.7888778211453,10.728079037207387,5.4170154125263,0.0,0.0,0.0,0.0,0.0,model2,4.0,False,6537.0
2179,2015-10-01T14:00:00Z,40.0,172.36280663125572,444.6240105673706,97.28329451909538,39.10197124727628,16.066146803951106,53.70108563414504,10.884738204354758,5.107189293422263,0.0,0.0,0.0,0.0,0.0,model2,4.0,False,6540.0
2180,2015-10-01T17:00:00Z,40.0,170.206229110599,438.73074998303406,97.165484195763,38.684734348957626,15.795269465979375,54.44549920841195,11.087674655732675,5.275748977059044,0.0,0.0,0.0,0.0,0.0,model2,4.0,False,6543.0
2181,2015-10-01T20:00:00Z,40.0,168.2451172230224,448.05169323996597,97.65060497056689,38.29871580223442,16.257030690273574,59.933173649600064,10.45484018887286,5.2695242610595585,0.0,0.0,0.0,0.0,0.0,model2,4.0,False,6546.0
2182,2015-10-01T23:00:00Z,40.0,164.60857091143728,451.3911335846336,99.2451989103616,38.267890278420154,14.994908301536489,56.55631192641992,9.92631086544365,4.282144649463635,0.0,0.0,0.0,0.0,0.0,model2,4.0,False,6549.0
2183,2015-10-02T02:00:00Z,40.0,162.02204849793037,454.99775630460715,101.75927243294727,38.77688489978882,13.710942533157153,60.139158810755326,7.9138391385270275,4.745505550170348,0.0,0.0,0.0,0.0,0.0,model2,4.0,False,6552.0
2184,2015-10-02T05:00:00Z,40.0,162.10622684162013,456.48030445299406,102.25914988630264,39.39527591263711,14.21541671922338,55.826343144770185,8.186554350583945,4.090387181911989,0.0,0.0,0.0,0.0,0.0,model2,4.0,False,6555.0
2185,2015-10-02T08:00:00Z,40.0,165.6136475280018,459.9828015431557,101.9630812974913,39.29360055302189,15.611111902924225,54.56874144060147,7.997657091602461,4.167273863905669,0.0,0.0,0.0,0.0,0.0,model2,4.0,False,6558.0
2186,2015-10-02T11:00:00Z,40.0,164.16441912521498,464.5759472190725,101.76515556894432,39.49467722641892,16.15138912273575,54.09177181027685,8.08937084148519,4.537262459905606,0.0,0.0,0.0,0.0,0.0,model2,4.0,False,6561.0
2187,2015-10-02T14:00:00Z,40.0,165.64675021226512,474.2855424578842,102.50719249518127,38.70951926259055,16.37023728470324,57.21554205604394,7.757121598090122,4.311261373941346,0.0,0.0,0.0,0.0,0.0,model2,4.0,False,6564.0
2188,2015-10-02T17:00:00Z,40.0,167.1567660558326,473.5035624005577,102.8675148157658,38.82199489517614,14.551751502339535,55.321580934394156,7.381560276870166,3.98342290751888,0.0,0.0,0.0,0.0,0.0,model2,4.0,False,6567.0
2189,2015-10-02T20:00:00Z,40.0,167.6082982196637,464.9579723597045,102.68740486037693,39.90692979249389,14.300485114819054,55.05853278807204,7.505112774332589,4.672664719848119,0.0,0.0,0.0,0.0,0.0,model2,4.0,False,6570.0
2190,2015-10-02T23:00:00Z,40.0,169.0586903284545,469.70452029321,100.99893360395868,40.04483388520688,14.264043322625582,52.564981260363034,9.079278593176863,4.9469846861868465,0.0,0.0,0.0,0.0,0.0,model2,4.0,False,6573.0
2191,2015-10-03T02:00:00Z,40.0,169.7807977626918,461.5113528580246,99.38514180707865,39.2453816375589,13.533203225290634,50.25101882017842,8.250256314727334,4.7511030696010685,0.0,0.0,0.0,0.0,0.0,model2,4.0,False,6576.0
2192,2015-10-03T05:00:00Z,40.0,169.02733948308108,453.95170443028974,99.21625121014523,39.248354315949946,13.567518967115292,45.430533961860725,7.926518239520752,4.816652272192262,0.0,0.0,0.0,0.0,0.0,model2,4.0,False,6579.0
2193,2015-10-03T08:00:00Z,40.0,169.02793104581212,453.0295295908187,98.32257434875378,39.53091706287718,12.538710307067987,44.516119212297546,7.429406439221588,4.878432278953529,0.0,0.0,0.0,0.0,0.0,model2,4.0,False,6582.0
2194,2015-10-03T11:00:00Z,40.0,169.5057798946431,447.4523416396328,98.11043900850214,39.00589660367058,12.154346264670654,43.14847112689417,7.3262021884582,4.645798335103491,0.0,0.0,0.0,0.0,0.0,model2,4.0,False,6585.0
2195,2015-10-03T14:00:00Z,40.0,169.62165619524853,435.82316254577677,97.32415149571156,38.981050105525625,12.489629527884505,31.63426385843017,8.211395354666077,4.602861181522195,0.0,0.0,0.0,0.0,0.0,model2,4.0,False,6588.0
2196,2015-10-03T17:00:00Z,40.0,169.0492831547721,434.2817609859037,97.32986014112616,39.01899649606264,12.091652688994285,30.484357978973712,8.35196205478475,4.654829433413551,0.0,0.0,0.0,0.0,0.0,model2,4.0,False,6591.0
2197,2015-10-03T20:00:00Z,40.0,168.35702391225863,434.0370260036527,97.86820394495683,38.82983271354839,12.071277366069053,32.804771238201454,8.458389952109686,4.568891660270754,0.0,0.0,0.0,0.0,0.0,model2,4.0,False,6594.0
2198,2015-10-03T23:00:00Z,40.0,169.9360915201373,430.57861957175277,99.48967696719744,38.77817689241417,12.703685275560794,30.89948243346417,7.549551041195161,4.190466939224631,0.0,0.0,0.0,0.0,0.0,model2,4.0,False,6597.0
2199,2015-10-04T02:00:00Z,40.0,170.2226526231369,436.3051218660096,99.69095635168136,38.87994928688768,15.573797159373953,35.01576934339451,7.298395892738973,4.276058123128108,0.0,0.0,0.0,0.0,0.0,model2,4.0,False,6600.0
2200,2015-10-04T05:00:00Z,40.0,170.8278344915195,435.29784468691537,100.6770203372967,39.06488625017993,15.122561610823936,37.61223920564092,7.173212211976776,4.243459026441911,0.0,0.0,0.0,0.0,0.0,model2,4.0,False,6603.0
2201,2015-10-04T08:00:00Z,40.0,169.182950286332,433.8342390429551,100.49427610903265,39.05365462311384,15.641082085288904,36.516038918085215,7.440209106978264,4.154690477384814,0.0,0.0,0.0,0.0,0.0,model2,4.0,False,6606.0
2202,2015-10-04T11:00:00Z,40.0,171.10757926576218,432.9610230774624,101.08005721417969,39.21020976756333,15.165589352304233,41.72255477450012,8.019372180875216,3.987392974467932,0.0,0.0,0.0,0.0,0.0,model2,4.0,False,6609.0
2203,2015-10-04T14:00:00Z,40.0,170.1448840682849,442.5111411615617,101.53766468872038,39.331329694762616,16.069490734758922,43.03248457876085,6.431981772425952,4.321441282952677,0.0,0.0,0.0,0.0,0.0,model2,4.0,False,6612.0
2204,2015-10-04T17:00:00Z,40.0,172.37946808882396,442.99729863497436,101.10057036169864,39.797719975563346,17.270196782966885,43.73275011213536,6.312948268865028,4.4730778829900295,0.0,0.0,0.0,0.0,0.0,model2,4.0,False,6615.0
2205,2015-10-04T20:00:00Z,40.0,174.83205738161925,442.1098061240889,101.1137168053661,39.45795762378389,17.741938568344214,41.0927434478195,6.487901007671588,3.729382390583055,0.0,0.0,0.0,0.0,0.0,model2,4.0,False,6618.0
2206,2015-10-04T23:00:00Z,40.0,173.59290667857033,440.55667266807257,99.38546354185928,38.72467584436674,18.09143823567695,41.28054051655322,8.53810172719356,4.80620426264609,0.0,0.0,0.0,0.0,0.0,model2,4.0,False,6621.0
2207,2015-10-05T02:00:00Z,40.0,172.79180516692,439.5505767726173,99.01477836470193,39.793017431926884,16.12033708169711,44.19221676759662,8.409394564268421,5.232715552487073,0.0,0.0,0.0,0.0,0.0,model2,4.0,False,6624.0
2208,2015-10-05T05:00:00Z,40.0,171.78333867915504,437.0866397187855,98.6568859668966,39.883177422685314,16.229338563496785,43.51750549328693,8.77777913703839,5.782668330046658,0.0,0.0,0.0,0.0,0.0,model2,4.0,False,6627.0
2209,2015-10-05T08:00:00Z,40.0,170.24574875235368,443.49170400635535,98.59627661350235,40.41986293519831,16.490973319269127,51.46040609069601,8.921929943422487,5.743653817904768,0.0,0.0,0.0,0.0,0.0,model2,4.0,False,6630.0
2210,2015-10-05T11:00:00Z,40.0,170.63323186862925,447.90978367305405,97.8997572988488,40.56729569726782,17.35132316477035,48.28777948573846,8.297408273014682,5.893891348533961,0.0,0.0,0.0,0.0,0.0,model2,4.0,False,6633.0
2211,2015-10-05T14:00:00Z,40.0,170.6048463298585,445.10086901402804,98.98178834201937,40.81542675754192,16.077092775267243,47.70953352274271,9.110615684121386,5.934681445681517,0.0,0.0,0.0,0.0,0.0,model2,4.0,False,6636.0
2212,2015-10-05T17:00:00Z,40.0,170.91002607617847,456.64993251863314,98.55105847325231,40.34599978930199,16.369457504068826,53.49158040219713,9.960076069770937,6.4696122917040535,0.0,0.0,0.0,0.0,0.0,model2,4.0,False,6639.0
2213,2015-10-05T20:00:00Z,40.0,169.38338117292855,462.8932342079864,97.34460000131754,40.70967357601407,16.13700959703242,56.45328034315382,10.323537455185217,6.587747040382463,0.0,0.0,0.0,0.0,0.0,model2,4.0,False,6642.0
2214,2015-10-05T23:00:00Z,40.0,169.25607328522386,465.32086399261084,100.14049643023777,40.969193989494656,15.768112120295072,54.849080143752616,9.603961438415368,6.0542484086384025,0.0,0.0,0.0,0.0,0.0,model2,4.0,False,6645.0
2215,2015-10-06T02:00:00Z,40.0,169.658162506928,460.55129653261565,101.38227547595308,40.63263151164816,15.622673771277745,53.28394455052553,10.055992891123001,5.890690790278867,0.0,0.0,0.0,0.0,0.0,model2,4.0,False,6648.0
2216,2015-10-06T05:00:00Z,40.0,173.42545173418358,459.7514924754029,100.18253819385995,40.99247222019813,17.925103179873005,54.109847619939444,10.128551511623948,5.275090006340816,0.0,0.0,0.0,0.0,0.0,model2,4.0,False,6651.0
2217,2015-10-06T08:00:00Z,40.0,175.43532253112812,454.51875755312346,99.04983256607271,40.79370603315584,18.129137308804,48.98002840226085,10.843010749201856,5.230746852102249,0.0,0.0,0.0,0.0,0.0,model2,4.0,False,6654.0
2218,2015-10-06T11:00:00Z,40.0,174.3622536409404,447.6117086322317,99.72637110184029,40.620983568431036,18.313765192239725,52.95939934503456,12.33189468997082,5.120299846971301,0.0,0.0,0.0,0.0,0.0,model2,4.0,False,6657.0
2219,2015-10-06T14:00:00Z,40.0,175.5486154985455,442.4701045443433,97.49652198189129,40.32831886417525,18.570077549330964,53.14142738830686,13.192235132926404,4.699445367041088,0.0,0.0,0.0,0.0,0.0,model2,4.0,False,6660.0
2220,2015-10-06T17:00:00Z,40.0,171.86989169742958,436.1945663369161,96.69336330920422,40.68355456539165,18.771966689003587,45.13441559793061,13.65698793587579,4.085990971434296,0.0,0.0,0.0,0.0,0.0,model2,4.0,False,6663.0
2221,2015-10-06T20:00:00Z,40.0,170.88685851062056,434.14001748217794,96.35380267637508,39.74245557024109,18.164588064186667,40.11029584323187,13.708616514604106,3.996702311138602,0.0,0.0,0.0,0.0,0.0,model2,4.0,False,6666.0
2222,2015-10-06T23:00:00Z,40.0,170.50408763436909,441.74865101784326,95.39325187572152,40.078672904517,17.411255954121366,47.24368210119645,13.096968650972904,3.612265354556688,0.0,0.0,0.0,0.0,0.0,model2,4.0,False,6669.0
2223,2015-10-07T02:00:00Z,40.0,171.886662808946,445.3696509507472,95.17464547918556,40.24075114565308,18.184536834018207,50.42515552540247,12.802581253499696,4.201486024525159,0.0,0.0,0.0,0.0,0.0,model2,4.0,False,6672.0
2224,2015-10-07T05:00:00Z,40.0,168.81486445292632,455.60111951128823,95.25277390790424,40.14037937291385,15.824832144015705,50.9586091984184,12.966264999532235,4.8320389970488495,0.0,0.0,0.0,0.0,0.0,model2,4.0,False,6675.0
2225,2015-10-07T08:00:00Z,40.0,169.09413708555212,457.77430441076507,96.04089440540228,40.311729341387135,14.586328481828046,52.099411543178604,12.633823608439796,5.183999352305514,0.0,0.0,0.0,0.0,0.0,model2,4.0,False,6678.0
2226,2015-10-07T11:00:00Z,40.0,170.15917713482162,461.18808680439577,95.12949950136213,40.32615395039932,14.926234721933207,47.38371882460464,11.41756652892241,5.1120334235675235,0.0,0.0,0.0,0.0,0.0,model2,4.0,False,6681.0
2227,2015-10-07T14:00:00Z,40.0,169.48110523085182,465.9409880108728,97.35031236597288,40.42310352527184,14.142578678936145,48.19062390644968,11.394673255026927,5.119164016157441,1.0,0.0,0.0,0.0,0.0,model2,4.0,False,6684.0
2228,2015-10-07T17:00:00Z,40.0,170.85976552708925,464.2517820013221,98.71377559970472,39.91891246861146,14.195999516215371,47.372178188881314,11.734062925011694,5.028629009431115,1.0,0.0,0.0,0.0,0.0,model2,4.0,False,6687.0
2229,2015-10-07T20:00:00Z,40.0,172.91834881546475,465.78225937481386,99.64486301128643,39.912366344590026,13.838112448906386,43.7280387073732,11.213879203597598,5.042119786043084,1.0,0.0,0.0,0.0,0.0,model2,4.0,False,6690.0
2230,2015-10-07T23:00:00Z,40.0,173.40552796347424,454.5467994133137,99.46390159471837,39.833866068664896,13.792119961405636,44.43441418078041,11.065911627008976,5.2486218411045025,1.0,0.0,0.0,0.0,0.0,model2,4.0,False,6693.0
2231,2015-10-08T02:00:00Z,40.0,172.32989749886616,455.71339338319336,99.37469020151345,39.19994209368202,13.507958423737133,42.312170174576494,11.112823326656793,4.556318689620874,1.0,0.0,0.0,0.0,0.0,model2,4.0,False,6696.0
2232,2015-10-08T05:00:00Z,40.0,172.21269894076943,449.2949185573212,101.53536256029085,39.14700112461607,15.322988303644154,44.22279130893281,11.282781845358384,3.8183744403916977,1.0,0.0,0.0,0.0,0.0,model2,4.0,False,6699.0
2233,2015-10-08T08:00:00Z,40.0,170.33866167233697,446.9019343469807,102.21732258128904,39.01235194511217,15.398179642625287,42.84243110127286,10.828669782178302,3.8842763052250517,1.0,0.0,0.0,0.0,0.0,model2,4.0,False,6702.0
2234,2015-10-08T11:00:00Z,40.0,167.05538918350516,448.0397742512334,102.56948343405828,38.420075739449636,15.353286827687947,42.8159797832289,10.096888023483633,3.999691346834206,1.0,0.0,0.0,0.0,0.0,model2,4.0,False,6705.0
2235,2015-10-08T14:00:00Z,40.0,166.4403711503689,448.4126066823768,101.5526360164896,37.95954294408012,15.989584836204235,38.2080828162085,9.331772239240893,4.177630095050112,0.0,0.0,0.0,0.0,0.0,model2,4.0,False,6708.0
2236,2015-10-08T17:00:00Z,40.0,166.23502117769863,447.82587082503744,101.38267881055886,38.84953543172617,15.220576733094921,42.08809603988889,7.0225850355161406,4.64842811079251,0.0,0.0,0.0,0.0,0.0,model2,4.0,False,6711.0
2237,2015-10-08T20:00:00Z,40.0,166.88497528310975,445.47254717673684,101.42939498530352,39.168269936859396,16.895441642882126,43.435773491947735,6.846578565851248,4.683536031122639,0.0,0.0,0.0,0.0,0.0,model2,4.0,False,6714.0
2238,2015-10-08T23:00:00Z,40.0,166.67706477992726,450.0247493145798,101.212094178705,39.39488388046887,16.9451756172562,43.243636800143356,6.853999502134881,4.88690203859837,0.0,0.0,0.0,0.0,0.0,model2,4.0,False,6717.0
2239,2015-10-09T02:00:00Z,40.0,167.27279432912204,449.315231476139,101.4623165390868,39.39220663593023,17.75361831175207,45.42758443645901,7.197837239386669,4.942779328316427,0.0,0.0,0.0,0.0,0.0,model2,4.0,False,6720.0
2240,2015-10-09T05:00:00Z,40.0,166.70810995159619,451.0774915713077,99.09390425480973,39.165340071610366,17.180208659427596,41.42449226968427,6.959541589770288,5.3871384547219145,0.0,0.0,0.0,0.0,0.0,model2,4.0,False,6723.0
2241,2015-10-09T08:00:00Z,40.0,167.87958091565702,456.2447503498009,100.73191988006012,38.280025807779715,17.550937778857058,45.66631384186848,8.760445567309665,5.259022099966242,0.0,0.0,0.0,0.0,0.0,model2,4.0,False,6726.0
2242,2015-10-09T11:00:00Z,40.0,170.11181416375308,461.0733401745324,100.91550671754874,38.571620892173335,16.689321225897757,46.83966937415543,10.132610455882283,5.233895837946127,0.0,0.0,0.0,0.0,0.0,model2,4.0,False,6729.0
2243,2015-10-09T14:00:00Z,40.0,170.7510590624696,454.5752146845237,101.57132378668469,39.180080543035814,15.89117627868693,50.98104190708286,10.551778834215602,5.307474915100156,0.0,0.0,0.0,0.0,0.0,model2,4.0,False,6732.0
2244,2015-10-09T17:00:00Z,40.0,169.63181649004338,456.72001530363815,101.9078314246328,38.38176898006925,16.331295471170545,47.96241424142738,10.616397804542386,5.061904873634073,0.0,0.0,0.0,0.0,0.0,model2,4.0,False,6735.0
2245,2015-10-09T20:00:00Z,40.0,169.62947417850737,454.0655508941391,101.10887235505692,38.64999914961279,14.40627096119469,48.93053515169339,11.115744805727305,5.415306863453113,0.0,0.0,0.0,0.0,0.0,model2,4.0,False,6738.0
2246,2015-10-09T23:00:00Z,40.0,169.085223139907,454.0529131124269,101.26818911668043,38.797578141380775,14.671319249884824,48.12096618865146,11.675095878259162,5.012515846149872,0.0,0.0,0.0,0.0,0.0,model2,4.0,False,6741.0
2247,2015-10-10T02:00:00Z,40.0,168.57137390355192,446.93175156829597,99.80376263765396,39.1999550681162,13.875256092578418,47.750700376707535,11.785344630330675,5.1131679215600405,0.0,0.0,0.0,0.0,0.0,model2,4.0,False,6744.0
2248,2015-10-10T05:00:00Z,40.0,168.40117561061018,442.23863901864405,100.5256100154742,39.46179728742722,13.219035121274665,47.3132014684597,11.604831115956626,4.916972118154652,0.0,0.0,0.0,0.0,0.0,model2,4.0,False,6747.0
2249,2015-10-10T08:00:00Z,40.0,167.00247592072225,434.5954443442788,99.24960874976252,40.44906683608885,12.801608288044827,41.2250185568429,10.304145887505255,4.406824949933023,0.0,0.0,0.0,0.0,0.0,model2,4.0,False,6750.0
2250,2015-10-10T11:00:00Z,40.0,167.16750117589243,431.6586054719925,99.33653717355674,40.53519326255236,13.81352924755327,37.28224024800661,8.890928011806665,4.332085142431739,0.0,0.0,0.0,0.0,0.0,model2,4.0,False,6753.0
2251,2015-10-10T14:00:00Z,40.0,166.0290656649211,431.8115943677311,98.91012913975322,40.79973226890221,14.924315022058721,42.16844896187682,8.952003806342281,3.973162039018343,0.0,0.0,0.0,0.0,0.0,model2,4.0,False,6756.0
2252,2015-10-10T17:00:00Z,40.0,168.76945555978642,430.8910832327345,98.74038107079303,41.042897452599576,14.912119321258745,45.58453360157785,8.738351057572668,3.6748951244581414,0.0,0.0,0.0,0.0,0.0,model2,4.0,False,6759.0
2253,2015-10-10T20:00:00Z,40.0,166.9471688399779,438.38994788923515,99.56554878265213,40.9542573478236,14.679341624655542,50.23598960965525,8.086902384626068,3.7564858850376375,0.0,0.0,0.0,0.0,0.0,model2,4.0,False,6762.0
2254,2015-10-10T23:00:00Z,40.0,167.66643262322322,436.24465914446716,98.06410076768074,41.58774633692725,14.301983603427901,50.8568979214153,8.558942897664643,4.238774082448912,0.0,0.0,0.0,0.0,0.0,model2,4.0,False,6765.0
2255,2015-10-11T02:00:00Z,40.0,168.63561458004241,439.51544494947314,98.0496602825165,41.2632478441575,15.38464172842491,50.174307993320134,8.002018509464941,4.25725310803549,0.0,0.0,0.0,0.0,0.0,model2,4.0,False,6768.0
2256,2015-10-11T05:00:00Z,40.0,170.3554116720411,440.2191664657057,98.56227609497759,41.341203613350636,15.764161567682375,50.53477962922331,8.668946068551493,4.0901343584612215,0.0,0.0,0.0,0.0,0.0,model2,4.0,False,6771.0
2257,2015-10-11T08:00:00Z,40.0,172.35596069930716,438.68377951570227,98.36890107679123,40.84099083431096,14.74964376012449,51.71103683832487,9.126360513176088,4.3252196171545405,0.0,0.0,0.0,0.0,0.0,model2,4.0,False,6774.0
2258,2015-10-11T11:00:00Z,40.0,172.94836419922885,434.5393175363244,98.6638271321752,41.344490852249606,13.45995493629628,50.41387518895966,10.062844686071019,4.271390240675545,0.0,0.0,0.0,0.0,0.0,model2,4.0,False,6777.0
2259,2015-10-11T14:00:00Z,40.0,175.7438565479473,442.0317799124344,98.20869190297563,41.842998049923246,12.577700648715224,47.143538079602116,9.457040343885923,4.657047755859078,0.0,0.0,0.0,0.0,0.0,model2,4.0,False,6780.0
2260,2015-10-11T17:00:00Z,40.0,174.75072897613674,446.96325674359167,97.86212627106927,41.69227758567176,12.534293872103474,48.33471593436042,9.651568096092731,4.647884849095924,0.0,0.0,0.0,0.0,0.0,model2,4.0,False,6783.0
2261,2015-10-11T20:00:00Z,40.0,175.87315200847942,439.0390731671154,97.62622005746886,41.51248003569656,11.674500866990256,43.95748876773515,9.945094130151652,4.284225498984693,0.0,0.0,0.0,0.0,0.0,model2,4.0,False,6786.0
2262,2015-10-11T23:00:00Z,40.0,174.86658985664192,442.0435132065987,98.42299300085884,40.27135875302246,12.606689031151273,45.85654908886647,9.333450175273935,4.081636964213323,0.0,0.0,0.0,0.0,0.0,model2,4.0,False,6789.0
2263,2015-10-12T02:00:00Z,40.0,172.26252746302902,440.42801624761285,99.74614978366188,40.10066638196812,13.260152560812928,45.435099960629216,9.845465278936107,4.177857835666268,1.0,0.0,0.0,0.0,0.0,model2,4.0,False,6792.0
2264,2015-10-12T05:00:00Z,40.0,169.1066996197992,447.33814366875527,100.46252256903317,39.86693496703993,13.664779556215375,45.09162534455768,8.78465919411286,4.728277624096943,1.0,0.0,0.0,0.0,0.0,model2,4.0,False,6795.0
2265,2015-10-12T08:00:00Z,40.0,171.4563842686912,448.02681749641715,100.02366053380008,40.45122368073914,15.229357705849555,45.98810593210654,8.319723050304843,4.624039484588289,1.0,0.0,0.0,0.0,0.0,model2,4.0,False,6798.0
2266,2015-10-12T11:00:00Z,40.0,169.74839559598263,453.0244148626789,99.95132952484236,40.37957163328173,15.085959016485136,44.742623190296364,7.046206890343687,4.66890836490943,1.0,0.0,0.0,0.0,0.0,model2,4.0,False,6801.0
2267,2015-10-12T14:00:00Z,40.0,168.61158862055538,446.3959342083144,100.44498201773443,39.66585441331009,13.891173187598294,45.82048688815799,6.880568168070072,4.687568672483272,1.0,0.0,0.0,0.0,0.0,model2,4.0,False,6804.0
2268,2015-10-12T17:00:00Z,40.0,166.97613801059828,441.0878882460164,100.62603078610037,40.076391253664106,14.520570079423091,39.89157095396936,7.967754521824768,4.743937745567498,1.0,0.0,0.0,0.0,0.0,model2,4.0,False,6807.0
2269,2015-10-12T20:00:00Z,40.0,164.8562453259171,446.0737694171076,102.12488806971548,39.99995478987425,15.349445925707256,38.70604946010349,8.466967658647443,4.735220744254732,1.0,0.0,0.0,0.0,0.0,model2,4.0,False,6810.0
2270,2015-10-12T23:00:00Z,40.0,166.18076679123786,439.8585084923949,103.95049995678212,40.191183234268365,17.142040556828213,37.23303366678413,7.946562579991479,4.585594514142204,1.0,0.0,0.0,0.0,0.0,model2,4.0,False,6813.0
2271,2015-10-13T02:00:00Z,40.0,168.9413368063228,446.36023636384004,103.41336387471362,40.204136519733844,16.536667310667607,43.5236790339542,7.778555497071602,5.073906195695608,0.0,0.0,0.0,0.0,0.0,model2,4.0,False,6816.0
2272,2015-10-13T05:00:00Z,40.0,169.678684921132,447.28110132820535,102.93811020534292,39.938253504202535,16.181671430001266,43.932299767045365,8.245670456256649,4.541969310446556,0.0,0.0,0.0,0.0,0.0,model2,4.0,False,6819.0
2273,2015-10-13T08:00:00Z,40.0,165.8590541706176,450.42306155413667,104.02295582626455,39.978136166458675,15.227014612309521,41.05907758288642,7.949141741297763,5.4750057757174515,0.0,0.0,0.0,0.0,0.0,model2,4.0,False,6822.0
2274,2015-10-13T11:00:00Z,40.0,165.33896633340837,452.7096786917544,103.86403174371824,39.69211599467455,15.362577149954927,42.523495108501976,8.293091694451038,5.740563081505767,0.0,0.0,0.0,0.0,0.0,model2,4.0,False,6825.0
2275,2015-10-13T14:00:00Z,40.0,163.8366708871799,453.5277249339766,104.24422246332588,40.043002019075495,15.12997202988976,44.36402998903962,9.951076289645457,5.459823724848623,0.0,0.0,0.0,0.0,0.0,model2,4.0,False,6828.0
2276,2015-10-13T17:00:00Z,40.0,166.74467777246238,457.2378962471386,104.58268792583641,39.774962868166966,16.119289013768192,49.1402065392903,10.239173352324986,5.445661771869637,0.0,0.0,0.0,0.0,0.0,model2,4.0,False,6831.0
2277,2015-10-13T20:00:00Z,40.0,167.13025014696868,458.6825066186402,103.06483137251229,40.23045061834214,15.374335452272431,57.85780885909528,9.87804505154696,5.616182275975202,0.0,0.0,0.0,0.0,0.0,model2,4.0,False,6834.0
2278,2015-10-13T23:00:00Z,40.0,167.50381566722442,461.7100013323137,101.8987164311727,40.706959929989,13.786273489664008,55.5577568302872,9.600571749293598,5.774679378724735,0.0,0.0,0.0,0.0,0.0,model2,4.0,False,6837.0
2279,2015-10-14T02:00:00Z,40.0,165.699390254644,455.25166099106116,102.75179056513487,40.691316603886406,13.536939340911625,54.26944056244606,10.338357558154808,5.250091653305887,0.0,0.0,0.0,0.0,0.0,model2,4.0,False,6840.0
2280,2015-10-14T05:00:00Z,40.0,166.73283555235247,453.5198385570912,102.89342001604669,41.101570880491145,13.467139418439192,53.97416587755952,10.665004324251186,5.25172753612967,0.0,0.0,0.0,0.0,0.0,model2,4.0,False,6843.0
2281,2015-10-14T08:00:00Z,40.0,168.86203938795728,456.79525492227793,100.64486670751802,40.26492759209372,12.447035046055467,57.0615606329724,11.777486213471198,4.556366308828063,0.0,0.0,0.0,0.0,0.0,model2,4.0,False,6846.0
2282,2015-10-14T11:00:00Z,40.0,169.2898977547159,452.2588087716569,100.863260080415,40.8203675063574,13.185602749891142,58.43501640050825,11.698642963609032,4.249448844624064,0.0,0.0,0.0,0.0,0.0,model2,4.0,False,6849.0
2283,2015-10-14T14:00:00Z,40.0,169.83129053339343,456.94884064116883,100.24621780126526,40.83906451953352,14.445391980049706,56.16911157984398,10.31824724795253,4.259591623682248,0.0,0.0,0.0,0.0,0.0,model2,4.0,False,6852.0
2284,2015-10-14T17:00:00Z,40.0,168.2590403891244,453.9166692135737,100.03397020215559,41.148033386001856,14.164137462769865,59.99212081583911,9.151563878110082,4.771925823284122,0.0,0.0,0.0,0.0,0.0,model2,4.0,False,6855.0
2285,2015-10-14T20:00:00Z,40.0,169.38215471769718,453.8744449571942,100.63384800733245,40.49479014079021,13.599188912803035,51.42690601115026,9.629684896967376,4.776023053683882,0.0,0.0,0.0,0.0,0.0,model2,4.0,False,6858.0
2286,2015-10-14T23:00:00Z,40.0,168.20700398700825,463.249913139569,100.51474045941843,40.255925379994004,13.31637769672476,55.44660511157785,11.520440575911875,4.475857997293386,0.0,0.0,0.0,0.0,0.0,model2,4.0,False,6861.0
2287,2015-10-15T02:00:00Z,40.0,169.69205706100382,462.87139785743375,100.69537946248232,40.19691259786861,13.228445137054461,55.14421290654792,12.03260931945302,4.48065748665695,0.0,0.0,0.0,0.0,0.0,model2,4.0,False,6864.0
2288,2015-10-15T05:00:00Z,40.0,170.01398874658707,460.456686127396,101.19272819321242,40.034375595599016,14.642889419966616,56.187320893349344,11.624729937100632,4.526094334335848,0.0,0.0,0.0,0.0,0.0,model2,4.0,False,6867.0
2289,2015-10-15T08:00:00Z,40.0,169.7591366466697,460.6333571214175,103.33700727493937,40.28676668245817,14.67064007775367,55.86319045521082,10.437588646541109,4.592519920797323,0.0,0.0,0.0,0.0,0.0,model2,4.0,False,6870.0
2290,2015-10-15T11:00:00Z,40.0,169.97901425031722,457.8949688437108,103.14004610528349,40.102582423360666,13.734902399165733,55.4118874273435,10.502692339361117,4.629067248325667,0.0,0.0,0.0,0.0,1.0,model2,4.0,False,6873.0
2291,2015-10-15T14:00:00Z,40.0,169.92989184121814,458.85052628009714,102.26687109696094,39.37928038923072,12.85983823546674,58.193202874380376,11.0918097423723,5.084329529140762,0.0,0.0,0.0,0.0,1.0,model2,4.0,False,6876.0
2292,2015-10-15T17:00:00Z,40.0,171.1177134566896,455.8578889565802,101.74610952753456,39.439522514966505,12.392203629176793,52.42710715797421,11.01737923649956,4.708489031416415,0.0,0.0,0.0,0.0,1.0,model2,4.0,False,6879.0
2293,2015-10-15T20:00:00Z,40.0,173.1841358218332,454.9808028589875,100.5703559213253,40.17741085763619,13.41280295393261,52.203394127408984,11.753973919566898,5.200689932809574,0.0,0.0,0.0,0.0,1.0,model2,4.0,False,6882.0
2294,2015-10-15T23:00:00Z,40.0,172.1323279179284,446.20684935944837,100.3212932931784,40.448295210992406,17.22735415994051,46.163805308497494,10.011259920418563,5.278006859959656,0.0,0.0,0.0,0.0,1.0,model2,4.0,False,6885.0
2295,2015-10-16T02:00:00Z,40.0,171.73363891898214,454.64938864090635,99.04317506024721,40.67124872185144,19.45447478629223,50.99572057413456,9.674148947031895,5.220892556720508,0.0,0.0,0.0,0.0,1.0,model2,4.0,False,6888.0
2296,2015-10-16T05:00:00Z,40.0,171.78755960811918,454.5019187549245,98.22428239830073,40.49229123301279,18.0314144191003,51.35583108073389,9.381943517225263,5.292066993384172,0.0,0.0,0.0,0.0,1.0,model2,4.0,False,6891.0
2297,2015-10-16T08:00:00Z,40.0,169.84351651975962,446.5228755008693,96.64717757120351,40.90014658362895,18.396546276865905,47.68333101185046,10.735153461948476,5.0473417479883835,0.0,0.0,0.0,0.0,1.0,model2,4.0,False,6894.0
2298,2015-10-16T11:00:00Z,40.0,170.7199198706595,448.2549865280339,96.7760463304188,39.88158332834038,18.534599573539573,47.024005646497535,10.66291173352182,5.290395475315085,0.0,0.0,0.0,0.0,0.0,model2,4.0,False,6897.0
2299,2015-10-16T14:00:00Z,40.0,171.04574796866208,447.84558125482397,98.21114466208849,40.52807789380639,18.036855526851046,44.18849845269244,10.603974534345104,4.805893849189474,0.0,0.0,0.0,0.0,0.0,model2,4.0,False,6900.0
2300,2015-10-16T17:00:00Z,40.0,168.7427766325093,451.2726868335487,98.15779928172334,40.63736866014696,18.94748499276464,46.0682176604276,10.586749314100151,4.876799101658593,0.0,0.0,0.0,0.0,0.0,model2,4.0,False,6903.0
2301,2015-10-16T20:00:00Z,40.0,166.00372615481896,452.5382753656223,98.78873153841188,40.23443394269813,17.620713885108625,49.50886582402575,9.865862676347136,4.418981148731254,0.0,0.0,0.0,0.0,0.0,model2,4.0,False,6906.0
2302,2015-10-16T23:00:00Z,40.0,169.25156159368998,452.35964932805535,98.6198067738675,39.41078253346525,15.478011955443748,53.914593594682245,10.023718280816723,4.760749775129418,0.0,0.0,0.0,0.0,0.0,model2,4.0,False,6909.0
2303,2015-10-17T02:00:00Z,40.0,169.56712006683563,449.7903481890294,99.316009120534,39.638771072593215,13.333991818293006,46.48808335177697,8.824623135511994,5.047805898554513,0.0,0.0,0.0,0.0,0.0,model2,4.0,False,6912.0
2304,2015-10-17T05:00:00Z,40.0,171.73506561007108,446.25346534228,99.41514272464121,39.59083408567553,14.465663326722044,47.65889937454165,9.003231377404381,4.718599648835512,0.0,0.0,0.0,0.0,0.0,model2,4.0,False,6915.0
2305,2015-10-17T08:00:00Z,40.0,173.42411474220143,450.8562128388555,100.46835444566055,39.45884052567347,14.404383410677458,47.1632373917161,6.3742877483971645,4.672454026440486,0.0,0.0,0.0,0.0,0.0,model2,4.0,False,6918.0
2306,2015-10-17T11:00:00Z,40.0,173.62553993480472,449.339794604804,99.27681326305373,39.47434230131201,15.103387813982515,52.68314608799579,7.117705729907786,4.554371039418964,0.0,0.0,0.0,0.0,0.0,model2,4.0,False,6921.0
2307,2015-10-17T14:00:00Z,40.0,173.08417809797325,449.65192486381926,98.650777804777,39.36400947771859,15.199778673934743,49.78444763952488,7.531700340185973,4.63004349833813,0.0,0.0,0.0,0.0,0.0,model2,4.0,False,6924.0
2308,2015-10-17T17:00:00Z,40.0,174.93592266241626,450.4094716030955,99.01162580326692,38.65297558172903,13.314299599187784,47.84805150761309,8.429185719032038,4.298131092863168,0.0,0.0,0.0,0.0,0.0,model2,4.0,False,6927.0
2309,2015-10-17T20:00:00Z,40.0,174.73764842180512,448.57266822436964,98.62179461040199,38.36908052664271,13.57530080819268,46.136551263660536,8.515725031203832,4.136363752677049,0.0,0.0,0.0,0.0,0.0,model2,4.0,False,6930.0
2310,2015-10-17T23:00:00Z,40.0,174.0256157999091,445.3563177836137,99.21096584777494,38.43107057985798,13.736710214933767,41.67704721619032,8.680185056154903,4.074900450933065,0.0,0.0,0.0,0.0,0.0,model2,4.0,False,6933.0
2311,2015-10-18T02:00:00Z,40.0,171.822489868532,438.1797367107502,99.47192672157708,38.12070985226029,14.805055618450801,44.049080011895825,9.161189898617009,3.907962073934706,0.0,0.0,0.0,0.0,0.0,model2,4.0,False,6936.0
2312,2015-10-18T05:00:00Z,40.0,168.87398126396786,439.8972006120099,98.59249227740213,37.87018197893092,13.787752857624302,46.1521915124782,9.340994501771126,4.078383681947944,0.0,0.0,0.0,0.0,0.0,model2,4.0,False,6939.0
2313,2015-10-18T08:00:00Z,40.0,170.00396839656926,436.39652913846214,99.16500808255188,37.59025434251461,15.079201254294741,45.7713614887126,9.787224111470412,5.2183666708732375,0.0,0.0,0.0,0.0,0.0,model2,4.0,False,6942.0
2314,2015-10-18T11:00:00Z,40.0,168.88649976577568,440.86508794909895,99.92971641734995,38.19929537372478,14.795727096902544,41.051204308656004,9.70621031374558,5.850167349592205,0.0,0.0,0.0,0.0,0.0,model2,4.0,False,6945.0
2315,2015-10-18T14:00:00Z,40.0,169.75033905904132,436.523773788041,99.15404685031817,38.53408456406206,15.540253428474665,40.31826343112087,9.896441475010883,5.875463375302077,0.0,0.0,0.0,0.0,0.0,model2,4.0,False,6948.0
2316,2015-10-18T17:00:00Z,40.0,168.43666675169516,436.8230090137954,99.86473131476778,39.54168004586845,15.716254728723204,39.7787304608727,9.232895882773374,6.7621693834348395,0.0,0.0,0.0,0.0,0.0,model2,4.0,False,6951.0
2317,2015-10-18T20:00:00Z,40.0,169.49963969872616,437.99421790433473,101.21059644990663,40.0175107717664,15.742070321896415,43.31284349577457,8.958587157765693,6.768206416839143,0.0,0.0,0.0,0.0,0.0,model2,4.0,False,6954.0
2318,2015-10-18T23:00:00Z,40.0,169.46837371327086,441.02225697408517,101.79451737422971,40.465639449374656,15.167460673551385,42.479489341630185,8.676683279444687,6.781063108844258,0.0,0.0,0.0,0.0,0.0,model2,4.0,False,6957.0
2319,2015-10-19T02:00:00Z,40.0,171.66860641797882,452.06034283715286,101.44966228623474,40.635299893032,13.715000901271619,43.00644213907521,8.855379955427644,6.6560645905370315,0.0,0.0,0.0,0.0,0.0,model2,4.0,False,6960.0
2320,2015-10-19T05:00:00Z,40.0,172.6637694472984,451.3348632308306,102.58377195296801,41.77398716952069,13.403473223193554,40.54998492484293,8.322548382916994,6.811538711135922,0.0,0.0,0.0,0.0,0.0,model2,4.0,False,6963.0
2321,2015-10-19T08:00:00Z,40.0,170.6706558375121,449.6255120382612,101.96640785529694,42.25656311692197,12.063641875186727,41.81168796743109,9.929930815618462,6.05360861070701,0.0,0.0,0.0,0.0,0.0,model2,4.0,False,6966.0
2322,2015-10-19T11:00:00Z,40.0,170.85791764397484,451.54279243724005,103.12627542104393,43.2837373608295,11.139555773555946,44.947594609236994,9.46074643197456,5.872088844448936,0.0,0.0,0.0,0.0,0.0,model2,4.0,False,6969.0
2323,2015-10-19T14:00:00Z,40.0,170.69826891482725,453.86527798992887,103.96992648138357,43.04317953700152,10.148548546783877,45.95764791027683,8.47913418652192,5.999131726874503,0.0,0.0,0.0,0.0,0.0,model2,4.0,False,6972.0
2324,2015-10-19T17:00:00Z,40.0,171.44079089729945,450.5675692114967,103.6694776231267,42.1825261426152,11.209097012163234,46.048137905378844,8.744611241519234,5.881956307386623,0.0,0.0,0.0,0.0,0.0,model2,4.0,False,6975.0
2325,2015-10-19T20:00:00Z,40.0,172.46041364029224,450.2835073329687,102.40680006626957,42.16314460664815,11.091515048981853,41.74063079009892,9.829048112615444,5.9301798457600094,0.0,0.0,0.0,0.0,0.0,model2,4.0,False,6978.0
2326,2015-10-19T23:00:00Z,40.0,171.86938261786545,450.6380910972776,101.93422932284523,43.02344328688451,10.983319475619716,48.28839521330767,9.858079819574726,5.650216192828562,0.0,0.0,0.0,0.0,0.0,model2,4.0,False,6981.0
2327,2015-10-20T02:00:00Z,40.0,171.6486852339876,446.059211784076,100.78761415385368,43.705166557408134,12.675927083486151,44.76619075082151,9.789554867128762,6.370754363928512,0.0,0.0,0.0,0.0,0.0,model2,4.0,False,6984.0
2328,2015-10-20T05:00:00Z,40.0,172.27780794922813,446.1565951298443,100.71693121187552,43.23393866569988,12.518649555441993,43.48220658588173,10.245807737472726,6.2774746740545355,0.0,0.0,0.0,0.0,0.0,model2,4.0,False,6987.0
2329,2015-10-20T08:00:00Z,40.0,172.97220203142268,450.68793883741995,99.89903743452145,43.06287919822835,13.246515884753876,43.438105506354354,9.265021698959725,6.451417589297536,0.0,0.0,0.0,0.0,0.0,model2,4.0,False,6990.0
2330,2015-10-20T11:00:00Z,40.0,173.69715978625828,448.55503997229727,98.46614480037128,41.87915724250054,12.938346070263195,42.26612097137245,9.060709667532644,6.277552905033288,0.0,0.0,0.0,0.0,0.0,model2,4.0,False,6993.0
2331,2015-10-20T14:00:00Z,40.0,173.5072770975093,441.38123736176686,97.76098580644465,41.61416655145447,12.524495916386526,44.164344451678716,11.545680624201104,6.271776824680238,0.0,0.0,0.0,0.0,0.0,model2,4.0,False,6996.0
2332,2015-10-20T17:00:00Z,40.0,174.33524907492244,443.6665410283883,98.39043290187874,41.71166489277401,12.877060059644256,45.908064792625815,11.810071066172128,5.9019876070607005,0.0,0.0,0.0,0.0,0.0,model2,4.0,False,6999.0
2333,2015-10-20T20:00:00Z,40.0,175.89444462871282,442.60771443713736,98.82257722655136,41.42231480860867,14.958219429882664,47.91543796447378,11.341321699877989,5.934367719364498,0.0,0.0,0.0,0.0,0.0,model2,4.0,False,7002.0
2334,2015-10-20T23:00:00Z,40.0,177.80956300433232,451.4148113571389,98.26014019983816,40.625975372701376,16.161116445826647,47.288467114319445,11.363167660054977,6.0758379066323736,0.0,0.0,0.0,0.0,0.0,model2,4.0,False,7005.0
2335,2015-10-21T02:00:00Z,40.0,180.72572080362357,447.6764429971541,99.25239207528502,40.29556452187924,15.723437825670686,50.49009853064386,11.988101765071027,4.986313493679782,0.0,0.0,0.0,0.0,0.0,model2,4.0,False,7008.0
2336,2015-10-21T05:00:00Z,40.0,181.9813164099955,454.5633243975231,99.06170450744992,39.59898470627816,15.932661760744743,58.67890424223594,11.939478619438413,5.157670868082263,0.0,0.0,0.0,0.0,0.0,model2,4.0,False,7011.0
2337,2015-10-21T08:00:00Z,40.0,186.29930303781296,451.14852684476836,100.2443629027594,39.401917522124855,16.08802862733857,57.6298812642026,11.778452284971854,4.562969909681408,0.0,0.0,0.0,0.0,0.0,model2,4.0,False,7014.0
2338,2015-10-21T11:00:00Z,40.0,187.1823455753373,446.431879810264,99.98046738566522,39.68435536576778,16.431867978295127,55.856394531721676,11.967288794286851,4.6319621205567785,0.0,0.0,0.0,0.0,0.0,model2,4.0,False,7017.0
2339,2015-10-21T14:00:00Z,40.0,189.7321363756326,448.6743166996637,99.20325360976612,40.182111964398615,15.163695270489116,54.966326954615276,10.236899373408695,4.625600456678024,0.0,0.0,0.0,0.0,0.0,model2,4.0,False,7020.0
2340,2015-10-21T17:00:00Z,40.0,190.5779903977367,446.3048926834489,99.34242658116443,39.4459539442618,14.386681145561528,54.34470824899634,11.372602970027005,5.140356057963596,0.0,0.0,0.0,0.0,0.0,model2,4.0,False,7023.0
2341,2015-10-21T20:00:00Z,40.0,192.388093310206,447.1708384005663,99.88134492888835,39.507247617824575,14.60472102670092,52.6232935666624,11.235625705034316,5.263332996936018,0.0,0.0,0.0,0.0,0.0,model2,4.0,False,7026.0
2342,2015-10-21T23:00:00Z,40.0,192.3943061672826,437.7597528284732,100.69277537042616,39.50136564612927,14.338447253191662,46.57029718612331,11.386298291596965,4.757285518961113,0.0,0.0,0.0,0.0,0.0,model2,4.0,False,7029.0
2343,2015-10-22T02:00:00Z,40.0,192.81180384606202,443.57592166214033,99.91782506530659,39.142696462586116,14.839062876655845,46.303890843700245,10.345210381888359,4.5859227948259385,0.0,0.0,0.0,0.0,0.0,model2,4.0,False,7032.0
2344,2015-10-22T05:00:00Z,40.0,194.25187476561402,442.94185980703065,98.964284712934,40.27439811921091,14.858222023092694,34.62248857346941,9.864148917252082,4.487543653522397,0.0,0.0,0.0,0.0,0.0,model2,4.0,False,7035.0
2345,2015-10-22T08:00:00Z,40.0,193.62826463560697,442.68887185663897,99.30537076401559,40.450142314722136,14.673372794361827,35.713052518500646,10.327682773007727,4.431714141878658,0.0,0.0,0.0,0.0,0.0,model2,4.0,False,7038.0
2346,2015-10-22T11:00:00Z,40.0,194.06844294428168,440.0525824440418,99.28435217044243,39.92696118045391,13.842409096112167,44.593368890743506,11.247373078775967,4.22121471100099,0.0,0.0,0.0,0.0,0.0,model2,4.0,False,7041.0
2347,2015-10-22T14:00:00Z,40.0,194.55554311488925,448.5057256259472,101.459916944571,40.30227029659274,14.082796989333945,44.14544339293826,10.705893651905726,4.669679102640765,0.0,0.0,0.0,0.0,0.0,model2,4.0,False,7044.0
2348,2015-10-22T17:00:00Z,40.0,193.86368334255863,441.95074547920495,100.33758106944364,41.688956714983405,14.556384848623063,46.78245237544497,10.262981818184766,4.71194946405308,0.0,0.0,0.0,0.0,0.0,model2,4.0,False,7047.0
2349,2015-10-22T20:00:00Z,40.0,190.0042040532525,439.51278181305344,99.81492383939532,42.05353207790325,14.746817376029213,46.115505676188576,10.213248730281759,4.781318448330551,0.0,0.0,0.0,0.0,0.0,model2,4.0,False,7050.0
2350,2015-10-22T23:00:00Z,40.0,189.28457157229903,441.4727472812915,98.8101984559455,41.94144889130822,15.280138544731193,48.71207587578318,9.89548871641989,4.963370055650595,0.0,0.0,0.0,0.0,0.0,model2,4.0,False,7053.0
2351,2015-10-23T02:00:00Z,40.0,183.97440520546837,443.2977811237393,99.0976527991003,41.130283718626096,18.592754626595983,54.22135713375386,10.922450269652435,5.63264498626194,0.0,0.0,0.0,0.0,0.0,model2,4.0,False,7056.0
2352,2015-10-23T05:00:00Z,40.0,180.3810725652816,438.6759705896917,98.99819538064732,41.39793129536078,18.723081111746065,53.68980520490426,10.960026822064997,5.893993010009869,0.0,0.0,0.0,0.0,0.0,model2,4.0,False,7059.0
2353,2015-10-23T08:00:00Z,40.0,175.731471929677,442.49850558962623,97.6653388444755,40.69538029989193,18.277633816314516,53.8977045558814,10.269131644680856,6.396135777096339,0.0,0.0,0.0,0.0,0.0,model2,4.0,False,7062.0
2354,2015-10-23T11:00:00Z,40.0,173.05186728981133,446.94736672810194,99.62090051945844,39.82045136005048,18.786478445657348,52.20013435433387,10.189478318518256,7.596648805069172,0.0,0.0,0.0,0.0,0.0,model2,4.0,False,7065.0
2355,2015-10-23T14:00:00Z,40.0,168.59082556799748,445.7418992038436,98.59033412029282,38.548584835041325,17.56015382489268,50.906615576486566,9.824199920992703,7.400289261483303,0.0,0.0,0.0,0.0,0.0,model2,4.0,False,7068.0
2356,2015-10-23T17:00:00Z,40.0,166.78800223642418,458.9638771041048,98.8443853683775,37.55878817825463,17.299005756929752,50.339612695829494,9.175801887909524,6.8160074339212455,0.0,0.0,0.0,0.0,0.0,model2,4.0,False,7071.0
2357,2015-10-23T20:00:00Z,40.0,166.14177735866508,458.8830039695066,98.43248331569256,37.75065764763668,17.543766960036802,51.44992236250147,10.129686442681876,6.868318507097483,0.0,0.0,0.0,0.0,0.0,model2,4.0,False,7074.0
2358,2015-10-23T23:00:00Z,40.0,165.2068347103034,450.4009130105368,99.37865940073029,38.02114288527678,16.15457440435414,57.63448977688782,10.000100025006976,7.2495385537087635,0.0,0.0,0.0,0.0,0.0,model2,4.0,False,7077.0
2359,2015-10-24T02:00:00Z,40.0,166.74561242134922,446.3196093508216,99.26184413586016,39.18947378481886,14.757359041419676,53.927818778042834,9.071632546992573,7.33762897854352,0.0,0.0,0.0,0.0,0.0,model2,4.0,False,7080.0
2360,2015-10-24T05:00:00Z,40.0,169.32991877673916,445.20786940016313,100.45805752971552,37.41617185620277,16.344678977335903,54.75731910622104,9.103508971577675,7.1534834118934505,0.0,0.0,0.0,0.0,0.0,model2,4.0,False,7083.0
2361,2015-10-24T08:00:00Z,40.0,169.40747742159482,445.86437782866824,100.50258137788776,38.0538587811609,15.47145676208301,57.32122374218622,8.780565882772226,7.159546593127581,0.0,0.0,0.0,0.0,0.0,model2,4.0,False,7086.0
2362,2015-10-24T11:00:00Z,40.0,168.30359339719882,450.959935375925,100.08920356163351,40.10654485017452,17.050395540735416,52.7838499281817,8.197925682481566,6.460693355684158,0.0,0.0,0.0,0.0,0.0,model2,4.0,False,7089.0
2363,2015-10-24T14:00:00Z,40.0,169.89316080365083,446.6707399741338,100.79371025868471,40.08687372452393,16.402153020016385,53.2967433772357,8.632414496420166,6.245550157216193,0.0,0.0,0.0,0.0,0.0,model2,4.0,False,7092.0
2364,2015-10-24T17:00:00Z,40.0,171.83433998509048,433.7263318283953,102.24270925102093,41.12684665670665,15.749840787860641,49.53308152707857,9.244989822796267,6.0824905367496624,0.0,0.0,0.0,0.0,0.0,model2,4.0,False,7095.0
2365,2015-10-24T20:00:00Z,40.0,172.80032757289933,434.04775847795196,102.34431562598823,41.444691409410076,15.33784033079952,49.31017576035792,8.978789856863132,6.481482361368992,0.0,0.0,0.0,0.0,0.0,model2,4.0,False,7098.0
2366,2015-10-24T23:00:00Z,40.0,170.56438282109355,440.3957918347298,102.19052776300235,41.635285200377815,17.158615857568222,42.45234307774785,9.118058159342224,6.113554539561791,0.0,0.0,0.0,0.0,0.0,model2,4.0,False,7101.0
2367,2015-10-25T02:00:00Z,40.0,168.94419462486567,434.94615736311135,102.5295235205616,40.73020228007624,18.139582512213497,43.961307268925104,9.787893190412186,6.263261398646272,0.0,0.0,0.0,0.0,0.0,model2,4.0,False,7104.0
2368,2015-10-25T05:00:00Z,40.0,165.72343058128712,439.67305985191376,103.09376702272623,41.39861485740062,15.895890094597581,43.136801963400316,9.384358366216013,5.341955189284934,0.0,0.0,0.0,0.0,0.0,model2,4.0,False,7107.0
2369,2015-10-25T08:00:00Z,40.0,165.9666865674139,445.0502027798475,105.58713092297891,41.10636709934765,15.885687254258164,46.53734530176307,10.123735633005916,5.41379094678626,0.0,0.0,0.0,0.0,0.0,model2,4.0,False,7110.0
2370,2015-10-25T11:00:00Z,40.0,166.543527237644,442.6167634263826,108.84306793384457,40.26389940755469,13.435031457756526,48.2570116746417,13.039050888097758,5.2229677425240935,0.0,0.0,0.0,0.0,0.0,model2,4.0,False,7113.0
2371,2015-10-25T14:00:00Z,40.0,166.96631434721866,443.1530726837137,111.5566149681464,40.948121451908605,13.205501745890887,47.210437009251535,14.124630366508088,5.4627308554718645,0.0,0.0,0.0,0.0,0.0,model2,4.0,False,7116.0
2372,2015-10-25T17:00:00Z,40.0,165.62402627438155,452.49140301206495,114.51319834269563,40.250312454595004,12.92729810157185,46.060537066527864,16.557085387698244,5.375647840439904,0.0,0.0,0.0,0.0,0.0,model2,4.0,False,7119.0
2373,2015-10-25T20:00:00Z,40.0,164.59353816537532,456.1372836706238,118.5161919353264,39.15159724075053,12.303955567218615,48.77713306716341,15.137631330664178,4.425704046331747,0.0,0.0,0.0,0.0,0.0,model2,4.0,False,7122.0
2374,2015-10-25T23:00:00Z,40.0,165.50914548408795,459.34711351546537,121.60004886741713,39.20864813251424,10.391570972126909,47.5064752494201,13.988296419442728,4.807659110889682,0.0,0.0,0.0,0.0,0.0,model2,4.0,False,7125.0
2375,2015-10-26T02:00:00Z,40.0,166.95545246685032,463.7879092990047,123.72326713295912,39.7541855611923,13.372716901417306,41.2910079995401,11.249697088291152,4.685970070100449,0.0,0.0,0.0,0.0,0.0,model2,4.0,False,7128.0
2376,2015-10-26T05:00:00Z,40.0,168.2774429028351,472.0762149933582,125.29466765326922,40.12486164509527,13.645395537791163,49.94169602528717,10.481539116322915,4.884688786838536,0.0,0.0,0.0,0.0,0.0,model2,4.0,False,7131.0
2377,2015-10-26T08:00:00Z,40.0,167.9010261142489,462.83026299041916,126.29382689433015,40.599743245078,13.932335297032795,48.328641474227325,10.355028622437699,4.881936936900812,0.0,0.0,0.0,0.0,0.0,model2,4.0,False,7134.0
2378,2015-10-26T11:00:00Z,40.0,168.67309245389532,464.8503290418998,125.19571859780815,40.42343962051343,14.206242785447786,47.92753535663482,10.607812936994428,4.945275528717304,0.0,0.0,0.0,0.0,0.0,model2,4.0,False,7137.0
2379,2015-10-26T14:00:00Z,40.0,166.91507854121568,464.38124823175554,124.68919975078195,40.38663544256247,14.774150572029304,50.59048216570503,9.942686650256704,4.409269605121927,0.0,0.0,0.0,0.0,0.0,model2,4.0,False,7140.0
2380,2015-10-26T17:00:00Z,40.0,167.007342320685,467.135176118434,123.2632700682422,40.73271533882225,14.126271641826243,53.23446603522457,9.851436399845383,4.697469018168944,0.0,0.0,0.0,0.0,0.0,model2,4.0,False,7143.0
2381,2015-10-26T20:00:00Z,40.0,166.85082748540674,469.44213377815237,122.68970086939363,41.478355183790434,14.688474042587874,50.43033869938115,10.469033876316184,4.78081027182413,0.0,0.0,0.0,0.0,0.0,model2,4.0,False,7146.0
2382,2015-10-26T23:00:00Z,40.0,168.031882521905,470.0551314514206,122.60260595197641,40.74343157338226,15.338517180526528,50.26529927179306,11.336736260792826,4.809274097888637,0.0,0.0,0.0,0.0,0.0,model2,4.0,False,7149.0
2383,2015-10-27T02:00:00Z,40.0,168.3940752625021,476.494908794318,122.96128529736556,40.44151132444456,13.175782030837246,58.06204271313568,11.332492201145588,4.903952813035245,0.0,0.0,0.0,0.0,0.0,model2,4.0,False,7152.0
2384,2015-10-27T05:00:00Z,40.0,166.87767820699816,467.9157850299407,123.59799434855059,40.10381640742832,13.397610465458346,52.254631867643745,10.61872918659532,4.646891149647472,0.0,0.0,0.0,0.0,0.0,model2,4.0,False,7155.0
2385,2015-10-27T08:00:00Z,40.0,167.98309539683663,466.8502683090688,123.12094587686363,39.93837529844807,12.853974675701465,53.19523183294314,10.182332268768539,4.561285475435493,0.0,0.0,0.0,0.0,0.0,model2,4.0,False,7158.0
2386,2015-10-27T11:00:00Z,40.0,167.41212060872104,459.8139103036583,120.24935895616808,40.22957160283765,12.592310313907545,63.57828517904638,12.951457991528544,4.501180527087829,0.0,0.0,0.0,0.0,0.0,model2,4.0,False,7161.0
2387,2015-10-27T14:00:00Z,40.0,166.93052011572883,461.5517183194095,118.85567779088692,40.079724431933435,13.43519793562822,61.91507161745271,13.844734138123927,4.4770834320549415,0.0,0.0,0.0,0.0,0.0,model2,4.0,False,7164.0
2388,2015-10-27T17:00:00Z,40.0,167.569419607743,459.78900442024553,115.32420455489479,40.0441082454456,14.342309708238528,59.02571702487287,14.727291652786054,4.013939748877471,0.0,0.0,0.0,0.0,0.0,model2,4.0,False,7167.0
2389,2015-10-27T20:00:00Z,40.0,167.90567171873462,454.88589416402885,111.44196210960895,40.58578306136585,15.868295186983795,58.07121343503432,15.388256453290124,4.703349809537874,0.0,0.0,0.0,0.0,0.0,model2,4.0,False,7170.0
2390,2015-10-27T23:00:00Z,40.0,167.53862879269343,450.1802775774006,109.29420282270378,41.26359077343133,15.456624818076627,61.18932501575819,13.77338110912808,4.224099863653216,0.0,0.0,0.0,0.0,0.0,model2,4.0,False,7173.0
2391,2015-10-28T02:00:00Z,40.0,166.90374378533988,441.0793891975345,106.77781726389428,40.99679268294389,14.651874433377992,50.45772748411468,13.345731225951269,4.888179566925168,0.0,0.0,0.0,0.0,0.0,model2,4.0,False,7176.0
2392,2015-10-28T05:00:00Z,40.0,168.1269044075644,443.70732387829423,102.50849465105972,41.313293787870045,14.452701171490553,54.795260304250576,12.33638033244619,4.925105878817439,0.0,0.0,0.0,0.0,0.0,model2,4.0,False,7179.0
2393,2015-10-28T08:00:00Z,40.0,169.11460346172618,451.1170509362667,99.90837987566508,41.472700157066114,15.148203302035153,62.2212839379773,10.020606116408183,4.872583646972383,0.0,0.0,0.0,0.0,0.0,model2,4.0,False,7182.0
2394,2015-10-28T11:00:00Z,40.0,168.93961543316968,456.04242354256246,100.40889222981858,41.30832844225914,15.209303196163376,51.1308826780576,10.105603295708132,5.016278409820402,0.0,0.0,0.0,0.0,0.0,model2,4.0,False,7185.0
2395,2015-10-28T14:00:00Z,40.0,169.43543847981988,453.46858994525854,98.8055838918957,41.02038780119504,14.25803610224911,54.67924487751046,9.056739552786134,5.316663203791618,0.0,0.0,0.0,0.0,0.0,model2,4.0,False,7188.0
2396,2015-10-28T17:00:00Z,40.0,167.89120422529996,447.0378530422777,98.51024055468595,40.767229290895635,14.688293293779054,55.47638134512982,9.469702523005429,5.330288440643433,0.0,0.0,0.0,0.0,0.0,model2,4.0,False,7191.0
2397,2015-10-28T20:00:00Z,40.0,168.19056841490047,444.4260892879335,98.81539354030822,40.01217285811936,12.435805692598706,56.1918828029579,9.667776389501098,4.5731016192281055,0.0,0.0,0.0,0.0,0.0,model2,4.0,False,7194.0
2398,2015-10-28T23:00:00Z,40.0,168.99666941940768,449.7467363962242,98.39793103072664,39.70658061119103,13.47255650545362,52.968801386952784,8.779502049831526,4.527776970653769,0.0,0.0,0.0,0.0,0.0,model2,4.0,False,7197.0
2399,2015-10-29T02:00:00Z,40.0,169.5536177960849,445.7255759311573,99.05645347210304,39.72329857492653,15.53520731763919,56.10296301537253,8.660600668379066,4.297583305211198,0.0,0.0,0.0,0.0,0.0,model2,4.0,False,7200.0
2400,2015-10-29T05:00:00Z,40.0,169.05841759810204,446.5634262197634,99.12876871058451,39.60775919712052,15.26463948382509,55.21560531084214,9.37786820460377,4.6901082180806375,0.0,0.0,0.0,0.0,0.0,model2,4.0,False,7203.0
2401,2015-10-29T08:00:00Z,40.0,167.4427599267486,443.05964518830666,98.82567574353186,39.516483514430135,14.63974062733676,45.674342850899656,9.366555198042835,4.703212070628752,0.0,0.0,0.0,0.0,0.0,model2,4.0,False,7206.0
2402,2015-10-29T11:00:00Z,40.0,168.59045021803325,439.0175148017289,98.12603456515193,39.50406541321217,15.518452973665292,44.737858363164605,10.223412423193812,4.766153511112083,0.0,0.0,0.0,0.0,0.0,model2,4.0,False,7209.0
2403,2015-10-29T14:00:00Z,40.0,169.2087268599309,440.7966482041759,98.6606683966697,40.187756569635404,15.229930069216628,41.196248455265106,10.674775894372132,5.1063959967325125,0.0,0.0,0.0,0.0,0.0,model2,4.0,False,7212.0
2404,2015-10-29T17:00:00Z,40.0,170.97250644390425,445.006048118588,99.26863788190607,40.20117931742274,14.681619024840026,38.48801342186883,10.118535370840284,5.28765325951564,0.0,0.0,0.0,0.0,0.0,model2,4.0,False,7215.0
2405,2015-10-29T20:00:00Z,40.0,168.98943866428516,445.8475539517265,100.7141316489874,40.1691137247152,15.980802982607145,37.88829889847206,10.170827766677393,5.185587222079752,0.0,0.0,0.0,0.0,0.0,model2,4.0,False,7218.0
2406,2015-10-29T23:00:00Z,40.0,168.77013631164274,447.7210020184449,99.83097527949086,39.81375699603607,15.29988437878714,42.503375274010104,10.517546186055576,5.350254131515037,0.0,0.0,0.0,0.0,0.0,model2,4.0,False,7221.0
2407,2015-10-30T02:00:00Z,40.0,168.07433414492232,455.0918858618605,99.5937548191548,40.375355823691294,13.207006410165215,35.57947153638916,13.596272218841186,4.887214058906862,0.0,0.0,0.0,0.0,0.0,model2,4.0,False,7224.0
2408,2015-10-30T05:00:00Z,40.0,166.54628329381228,447.44420224727736,100.52152045135858,40.559348746647814,14.420999242339542,32.06067446827954,13.154197852260838,4.302574583979398,0.0,0.0,0.0,0.0,0.0,model2,4.0,False,7227.0
2409,2015-10-30T08:00:00Z,40.0,168.80478108952033,448.5805288032333,99.80405349374287,40.6731819831067,15.825908142809446,37.003593056028286,13.938508118875435,4.923737505286686,0.0,0.0,0.0,0.0,0.0,model2,4.0,False,7230.0
2410,2015-10-30T11:00:00Z,40.0,170.13041393974282,454.8211314910222,100.39248333591769,40.62495742954198,14.82832362827293,36.16968692518966,12.917290144062164,5.233178793234664,0.0,0.0,0.0,0.0,0.0,model2,4.0,False,7233.0
2411,2015-10-30T14:00:00Z,40.0,171.05159017573098,457.6874111191112,100.18542297073644,39.69274337600101,14.412090436007679,35.566351925372274,12.485967510245779,4.922794579849628,0.0,0.0,1.0,0.0,0.0,model2,4.0,False,7236.0
2412,2015-10-30T17:00:00Z,40.0,171.25511647721524,455.3563467224994,101.14751972546858,39.20687270325365,13.995934562036785,39.20309236798384,12.81728445037008,4.808991491520703,0.0,0.0,1.0,0.0,0.0,model2,4.0,False,7239.0
2413,2015-10-30T20:00:00Z,40.0,172.82668507349476,455.3947736027537,101.32265235347471,39.21379306246188,12.287274889706335,41.911992343370436,12.828943780135065,4.848490977017304,0.0,0.0,1.0,0.0,0.0,model2,4.0,False,7242.0
2414,2015-10-30T23:00:00Z,40.0,173.238716670063,449.4976765581628,101.988525860094,39.915783206125866,12.685178479064092,39.60388812828136,13.214663125167613,4.963710118779481,0.0,0.0,1.0,0.0,0.0,model2,4.0,False,7245.0
2415,2015-10-31T02:00:00Z,40.0,172.91657770173526,448.4904900990218,102.34944312628586,40.083967876734576,12.838175797782064,41.02932417636547,10.006688741324265,5.0145010298273665,0.0,0.0,1.0,0.0,0.0,model2,4.0,False,7248.0
2416,2015-10-31T05:00:00Z,40.0,173.57248459936818,456.1008226643734,103.1080526003498,39.53663313437418,12.066245346945966,43.22761894544831,9.124377846068247,5.094679808597574,0.0,0.0,1.0,0.0,0.0,model2,4.0,False,7251.0
2417,2015-10-31T08:00:00Z,40.0,172.23052680970014,452.95371760787043,103.2235814817013,39.24392527164985,12.624856105674894,41.954169087814044,8.702793772836753,4.484137804111222,0.0,0.0,1.0,0.0,0.0,model2,4.0,False,7254.0
2418,2015-10-31T11:00:00Z,40.0,170.0454754947103,446.77619047260964,101.85338033019924,38.91751911664012,13.013222892869791,43.12502948840224,9.976810357722565,4.0846712155025395,0.0,0.0,1.0,0.0,0.0,model2,4.0,False,7257.0
2419,2015-10-31T14:00:00Z,40.0,170.83107624710362,443.1488858637391,102.30909595844051,40.59028062227125,13.994115822861511,43.48765011864006,10.25911125183982,5.5189977787938025,0.0,0.0,0.0,0.0,0.0,model2,4.0,False,7260.0
2420,2015-10-31T17:00:00Z,40.0,172.5863912044218,442.7861491156383,100.31696549351948,41.49853746028373,16.429227915378828,44.29562161591713,10.793602482104523,5.656072935498009,0.0,0.0,0.0,0.0,0.0,model2,4.0,False,7263.0
2421,2015-10-31T20:00:00Z,40.0,172.24012472765602,446.17949851738234,99.78024161340464,42.18267260433906,16.82897794274638,41.85679664062901,11.211445174893985,5.92711284289813,0.0,0.0,0.0,0.0,0.0,model2,4.0,False,7266.0
2422,2015-10-31T23:00:00Z,40.0,171.85092682393304,449.151909179772,99.91347107083077,42.952761697075694,16.44651426502983,43.481005299084856,10.41646287378996,6.2588066551055626,0.0,0.0,0.0,0.0,0.0,model2,4.0,False,7269.0
2423,2015-11-01T02:00:00Z,40.0,173.67381242932709,450.04160915837997,97.34053543389703,44.79432368505279,15.90087353567209,47.87039618735779,11.707257880276403,8.155152454698023,0.0,0.0,0.0,0.0,0.0,model2,4.0,False,7272.0
2424,2015-11-01T05:00:00Z,40.0,175.76928940641793,447.4206156847032,97.7034827710785,47.004716567697535,14.830227475325492,46.086999548272374,11.874597259101849,8.52987676367162,0.0,0.0,0.0,0.0,0.0,model2,4.0,False,7275.0
2425,2015-11-01T08:00:00Z,40.0,176.0125469174683,445.71135041869286,98.23730881660751,48.655983630920964,13.787216281785623,43.892844341388155,11.347461022424048,8.173877808289664,0.0,0.0,0.0,0.0,0.0,model2,4.0,False,7278.0
2426,2015-11-01T11:00:00Z,40.0,175.7127871519146,445.15614324147117,98.61465839044136,50.4626769975909,14.04818496779171,48.45446643296076,11.19056447768038,6.611018226165551,0.0,0.0,0.0,0.0,0.0,model2,4.0,False,7281.0
2427,2015-11-01T14:00:00Z,40.0,174.2915768084056,445.10400637206817,100.23138019139324,49.75994873284439,13.6341913005165,50.47553056891531,12.291309700489945,6.8671476452861615,0.0,0.0,0.0,0.0,0.0,model2,4.0,False,7284.0
2428,2015-11-01T17:00:00Z,40.0,171.73089171220298,447.04687317208817,101.04190676560282,50.75037124869996,10.370961896673512,47.399501336362896,11.729833776407226,6.152435817875426,0.0,0.0,0.0,0.0,0.0,model2,4.0,False,7287.0
2429,2015-11-01T20:00:00Z,40.0,170.6221972874007,441.71851357192566,100.5756717868286,51.45407160008823,10.7968705499692,49.8188228888005,11.19863118583066,6.274261301935805,0.0,0.0,0.0,0.0,0.0,model2,4.0,False,7290.0
2430,2015-11-01T23:00:00Z,40.0,170.70105937810868,436.78064492199445,99.90891268374214,51.09553197803335,11.228153382449856,48.0629036375146,10.990459291155366,6.492357556340513,0.0,0.0,0.0,0.0,0.0,model2,4.0,False,7293.0
2431,2015-11-02T02:00:00Z,40.0,170.6219417350028,438.6965796448809,100.72806940524694,50.050014323855784,11.48313847387801,48.0499091262391,10.31371726966126,5.605285653844506,0.0,0.0,0.0,0.0,0.0,model2,4.0,False,7296.0
2432,2015-11-02T05:00:00Z,40.0,168.7498830365444,440.5486462872153,99.60868025601951,50.16403847753682,11.018716174509402,49.9975193083846,10.067050207263557,5.312347916849336,0.0,0.0,0.0,0.0,0.0,model2,4.0,False,7299.0
2433,2015-11-02T08:00:00Z,40.0,169.0861505341201,439.38474464565286,100.63933197296093,49.98775314790077,11.861763847810561,53.69908363832042,10.36351962042866,6.0999881640165725,0.0,0.0,0.0,0.0,0.0,model2,4.0,False,7302.0
2434,2015-11-02T11:00:00Z,40.0,171.99872031476838,445.5710333429145,101.33981295836546,50.167134219701474,13.204152263728357,50.06572772844461,9.817652881502882,6.119979294914005,0.0,0.0,0.0,0.0,0.0,model2,4.0,False,7305.0
2435,2015-11-02T14:00:00Z,40.0,171.14849722036237,445.9997152153591,99.62059519508074,50.88409702385682,13.764975704154745,46.939693059207755,8.074913382453433,6.129573584459827,0.0,0.0,0.0,0.0,0.0,model2,4.0,False,7308.0
2436,2015-11-02T17:00:00Z,40.0,170.76687715987146,444.76782945287493,98.613618560982,49.124385964941645,13.31478671381439,49.200024083536604,8.564408274707572,7.796835805452771,0.0,0.0,0.0,0.0,0.0,model2,4.0,False,7311.0
2437,2015-11-02T20:00:00Z,40.0,171.84511162701725,443.65665348477614,98.18247065985071,47.66215535030192,12.917579691535074,49.06572076413165,8.56283740848861,8.205530506413375,0.0,0.0,0.0,0.0,0.0,model2,4.0,False,7314.0
2438,2015-11-02T23:00:00Z,40.0,169.39907101984247,453.32336319890055,97.04195647215714,47.16034866708288,13.356008806101825,50.24656661943211,9.875979117022144,8.502777870289606,0.0,0.0,0.0,0.0,0.0,model2,4.0,False,7317.0
2439,2015-11-03T02:00:00Z,40.0,169.43404931208119,449.0403598972535,98.68930806885409,46.69802290538427,13.228250436576287,45.661951847090435,8.845053006185909,8.700941309046666,0.0,0.0,0.0,0.0,0.0,model2,4.0,False,7320.0
2440,2015-11-03T05:00:00Z,40.0,170.81913008736382,441.3476326088472,99.56867627254681,44.928963307129145,13.219214362660693,44.9680931356003,9.29372910417506,8.064969473849457,0.0,0.0,0.0,0.0,0.0,model2,4.0,False,7323.0
2441,2015-11-03T08:00:00Z,40.0,168.67976058423625,449.07853880273285,98.44825973549318,43.08532668578823,13.395127786324645,44.00372096711434,8.898902303039582,7.593011724354187,0.0,0.0,0.0,0.0,0.0,model2,4.0,False,7326.0
2442,2015-11-03T11:00:00Z,40.0,165.85920959077592,443.100156705584,98.31442215214632,41.95876719862781,11.289996205254965,45.5147427809185,10.093138750597637,6.779820442324582,0.0,0.0,0.0,0.0,0.0,model2,4.0,False,7329.0
2443,2015-11-03T14:00:00Z,40.0,165.99363354405975,440.38491909370003,97.49063285588016,40.80900947078076,12.275585028583293,46.73540918380969,10.013527470651274,5.4017355177148785,0.0,0.0,0.0,0.0,0.0,model2,4.0,False,7332.0
2444,2015-11-03T17:00:00Z,40.0,167.4591997083223,439.81309911623634,100.38681468111254,41.282510580093295,13.87703303299132,47.12383852743051,11.612226709679096,5.1961544953859296,0.0,0.0,0.0,0.0,0.0,model2,4.0,False,7335.0
2445,2015-11-03T20:00:00Z,40.0,167.39972505624618,444.13421935366546,100.27636297170736,41.242473161614726,13.76217859317957,44.48336216840158,11.759971673475457,4.86742722140885,0.0,0.0,0.0,0.0,0.0,model2,4.0,False,7338.0
2446,2015-11-03T23:00:00Z,40.0,170.42804413545713,442.03131241437563,101.3979570085196,41.33582732145437,13.824428136065421,42.49679818368296,10.728762266289136,5.1218533097762995,0.0,0.0,0.0,0.0,0.0,model2,4.0,False,7341.0
2447,2015-11-04T02:00:00Z,40.0,168.53474268987463,446.37470463246206,100.04968059239292,40.75487506606787,13.840919829596407,42.80884820678352,10.641254290816377,4.643104274591129,0.0,0.0,0.0,0.0,0.0,model2,4.0,False,7344.0
2448,2015-11-04T05:00:00Z,40.0,168.36445619464217,448.16917311167816,99.88641421506868,40.201383026216064,13.593688034103716,40.96014215896265,10.437023537730497,5.01252135820451,0.0,0.0,0.0,0.0,0.0,model2,4.0,False,7347.0
2449,2015-11-04T08:00:00Z,40.0,169.1576282173451,443.93539297871314,100.95524958276823,40.98019366344743,12.330469812361171,37.93165896873667,10.53565209700726,4.462094799453403,0.0,0.0,0.0,0.0,0.0,model2,4.0,False,7350.0
2450,2015-11-04T11:00:00Z,40.0,170.15626384325134,446.2618629190091,101.18760610681076,40.4685202032549,13.853017284789345,34.93525483064975,9.296797759525703,4.298527532023745,0.0,0.0,0.0,0.0,0.0,model2,4.0,False,7353.0
2451,2015-11-04T14:00:00Z,40.0,171.61951648794857,450.0408066255938,101.53168863815128,40.80303342670409,13.136278589344835,33.41647095925619,9.025117409999883,4.6746825453599765,0.0,0.0,0.0,0.0,0.0,model2,4.0,False,7356.0
2452,2015-11-04T17:00:00Z,40.0,171.70776630187626,455.5133243671816,99.03959986245366,40.723627204383966,12.408049267938955,35.539983509333794,6.939755219275553,4.765120303020772,0.0,0.0,0.0,0.0,0.0,model2,4.0,False,7359.0
2453,2015-11-04T20:00:00Z,40.0,174.9187987552529,462.61503536296823,100.08178422216156,41.41559865011643,13.733954843182644,38.08486621898084,7.0733504647880885,5.1004038150620685,0.0,0.0,0.0,0.0,0.0,model2,4.0,False,7362.0
2454,2015-11-04T23:00:00Z,40.0,172.79379504718491,463.35149436989013,100.52474255761295,41.56440774196722,14.988302185419734,38.71846188733544,6.677227542636013,4.985328337881084,0.0,0.0,0.0,0.0,0.0,model2,4.0,False,7365.0
2455,2015-11-05T02:00:00Z,40.0,173.6887203277174,463.09373255803763,100.36197763264073,41.407425361066615,14.996634217264473,39.934669370190775,8.216777572993008,5.122758576138663,0.0,0.0,0.0,0.0,0.0,model2,4.0,False,7368.0
2456,2015-11-05T05:00:00Z,40.0,172.74728861092152,463.0742214986233,99.23298464053431,41.89815957382825,15.839795798062193,38.86294603579274,8.463846544685781,4.714029959264115,0.0,0.0,0.0,0.0,0.0,model2,4.0,False,7371.0
2457,2015-11-05T08:00:00Z,40.0,173.97710987409053,464.39491303158826,98.31787751981516,41.47227927379633,17.019429755592867,37.48654396132903,8.154465357046938,5.015201029631277,0.0,0.0,0.0,0.0,0.0,model2,4.0,False,7374.0
2458,2015-11-05T11:00:00Z,40.0,172.9040561141269,461.65812276780906,97.66911002405593,41.69248064591631,16.019698028313304,48.96986637534628,7.9773446302349065,5.100863108868347,0.0,0.0,0.0,0.0,0.0,model2,4.0,False,7377.0
2459,2015-11-05T14:00:00Z,40.0,171.37600818874805,458.9197951110453,96.59288169181644,41.441013337079895,15.841077425252454,53.26192492280177,9.253302355936567,5.202511943250252,0.0,0.0,0.0,0.0,0.0,model2,4.0,False,7380.0
2460,2015-11-05T17:00:00Z,40.0,170.54338667023896,455.3855277050695,97.75576687349323,41.184447984512616,15.630451152545971,51.20632314354325,9.350290960198064,5.201700233959707,0.0,0.0,0.0,0.0,0.0,model2,4.0,False,7383.0
2461,2015-11-05T20:00:00Z,40.0,168.7937694517469,446.7182992367996,96.26858851423556,40.77221868860581,13.522871563231055,51.49892634462331,8.447385794236533,4.775116330857085,0.0,0.0,0.0,0.0,0.0,model2,4.0,False,7386.0
2462,2015-11-05T23:00:00Z,40.0,169.80128570972738,442.9597920157275,96.21096218572771,40.72339380243148,12.807159302483575,49.34081520289868,8.768049337203614,5.78025951825024,0.0,0.0,0.0,0.0,0.0,model2,4.0,False,7389.0
2463,2015-11-06T02:00:00Z,40.0,169.3489023606226,442.1832859465457,98.27697320253634,41.04438817072714,12.88465224385557,48.4178387823565,9.29967183765249,5.724587193723782,0.0,0.0,0.0,0.0,0.0,model2,4.0,False,7392.0
2464,2015-11-06T05:00:00Z,40.0,167.99978177639682,443.6188131104304,98.62290435919607,40.55043069384869,14.267602791498174,47.29920947150279,9.704145889112617,5.669043753939691,0.0,0.0,0.0,0.0,0.0,model2,4.0,False,7395.0
2465,2015-11-06T08:00:00Z,40.0,166.66132636476266,439.29213911498994,99.11898864085049,40.38078110500231,12.25884937762658,47.19963263388978,10.125820559431867,5.665013736082829,0.0,0.0,0.0,0.0,0.0,model2,4.0,False,7398.0
2466,2015-11-06T11:00:00Z,40.0,169.89572099206515,444.32565554652086,100.13923969122177,40.3347769852788,17.405463632427853,36.7904040708329,10.327336341693963,6.2033668861877365,0.0,0.0,0.0,0.0,0.0,model2,4.0,False,7401.0
2467,2015-11-06T14:00:00Z,40.0,171.21064295252063,445.7270407997249,101.25558425364115,40.08225703852203,17.495359221168627,31.195767743218354,9.430745937709704,5.884789350926147,0.0,0.0,0.0,0.0,0.0,model2,4.0,False,7404.0
2468,2015-11-06T17:00:00Z,40.0,171.24513497903362,447.3131215229431,100.21061458456283,39.72919520991624,17.93335292263394,33.55116112429057,9.556399725501137,6.175372824097552,0.0,0.0,0.0,0.0,0.0,model2,4.0,False,7407.0
2469,2015-11-06T20:00:00Z,40.0,171.0145562319475,450.189337948415,100.88731317339331,39.30537652350205,18.293214260711046,32.34238815800561,9.166681603810028,6.01312193911801,0.0,0.0,0.0,0.0,0.0,model2,4.0,False,7410.0
2470,2015-11-06T23:00:00Z,40.0,169.78876724427775,451.659890937516,100.94358751682613,38.80657967799576,18.105926638956486,35.48165802874353,8.761787379636885,4.760147750350583,0.0,0.0,0.0,0.0,0.0,model2,4.0,False,7413.0
2471,2015-11-07T02:00:00Z,40.0,169.51119380336132,447.28261316867935,99.76977629999658,38.625635476977436,18.395419127078267,36.91180531626284,7.636164707229542,4.949328697237196,0.0,0.0,0.0,0.0,0.0,model2,4.0,False,7416.0
2472,2015-11-07T05:00:00Z,40.0,170.3239666939937,450.77927128826906,99.7784077985879,39.244056327729076,17.522143512960287,39.559221588785746,7.63737521190232,5.022072436615939,0.0,0.0,0.0,0.0,0.0,model2,4.0,False,7419.0
2473,2015-11-07T08:00:00Z,40.0,170.8472774579074,455.8122754485677,99.070578372954,39.26472010589422,17.968866883427502,40.92033217649312,7.098551519130449,5.060614165246898,0.0,0.0,0.0,0.0,0.0,model2,4.0,False,7422.0
2474,2015-11-07T11:00:00Z,40.0,168.5860999947448,459.8915610814495,98.98816497614656,39.36000209171578,13.57734257432323,42.08977310810538,7.206850275945218,4.162080096573323,0.0,0.0,0.0,0.0,0.0,model2,4.0,False,7425.0
2475,2015-11-07T14:00:00Z,40.0,167.08978221604116,461.1956041916368,100.06204865346531,39.36518022628408,14.00027929917765,42.67008371920322,7.11616612644878,4.157006522122084,0.0,0.0,0.0,0.0,0.0,model2,4.0,False,7428.0
2476,2015-11-07T17:00:00Z,40.0,166.13408973380987,454.60026734500707,101.26266532628985,39.80778856845511,14.564582635283143,42.77302818781008,6.915747529543498,3.954701887767728,0.0,0.0,0.0,0.0,0.0,model2,4.0,False,7431.0
2477,2015-11-07T20:00:00Z,40.0,164.535057989266,453.0415961353044,101.76045678473842,40.02767909014742,14.260939908476319,43.58073694245076,7.730707694592593,4.019438598198533,0.0,0.0,0.0,0.0,0.0,model2,4.0,False,7434.0
2478,2015-11-07T23:00:00Z,40.0,165.93135873789058,454.14301461696067,101.5758958744659,40.18558562040806,14.936866032174231,41.597318060356905,8.664130972428097,4.206893099608264,0.0,0.0,0.0,0.0,0.0,model2,4.0,False,7437.0
2479,2015-11-08T02:00:00Z,40.0,166.19779998911525,459.80340035979805,100.75861451654434,39.58333228107745,14.215091809411234,40.53109633580329,9.012245138099264,4.397061189841861,0.0,0.0,0.0,0.0,0.0,model2,4.0,False,7440.0
2480,2015-11-08T05:00:00Z,40.0,169.29947975607516,459.8940924971942,101.38566473117416,39.47137066154029,17.32427699365973,40.001384811599934,8.076088358128128,4.378572656972757,0.0,0.0,0.0,0.0,0.0,model2,4.0,False,7443.0
2481,2015-11-08T08:00:00Z,40.0,170.7250467354383,459.2831249096917,102.04220665162286,40.313021426045374,18.602897385227283,41.12773258111054,7.976334037127867,4.436416785068169,0.0,0.0,0.0,0.0,0.0,model2,4.0,False,7446.0
2482,2015-11-08T11:00:00Z,40.0,171.65690341524538,449.14703721432403,101.36662544172519,40.328437116841506,18.11763940072656,47.180749156446474,7.761339145616456,4.791996539588964,0.0,0.0,0.0,0.0,0.0,model2,4.0,False,7449.0
2483,2015-11-08T14:00:00Z,40.0,173.18781701427415,445.1693818314282,101.17078621118259,40.63964138912859,17.095466220588836,47.035315923663305,8.178888460113775,4.867950236146804,0.0,0.0,0.0,0.0,0.0,model2,4.0,False,7452.0
2484,2015-11-08T17:00:00Z,40.0,173.08675108611698,451.4568168963232,101.05968364009804,41.12181596725461,15.794214912459829,47.86864700313404,9.234019667193678,5.267272580814388,0.0,0.0,0.0,0.0,0.0,model2,4.0,False,7455.0
2485,2015-11-08T20:00:00Z,40.0,173.8960811348629,452.28821366170683,100.94955261869198,40.877952691710455,14.971007703122575,43.88820294545657,8.500913464566771,5.443693975320988,0.0,0.0,0.0,0.0,0.0,model2,4.0,False,7458.0
2486,2015-11-08T23:00:00Z,40.0,172.91876155274468,448.8372817610473,100.97588185960684,40.76905202087502,14.514955400089484,45.264099062228496,8.241982562663237,5.260195857261514,0.0,0.0,0.0,0.0,0.0,model2,4.0,False,7461.0
2487,2015-11-09T02:00:00Z,40.0,173.3998202876389,447.73732448355116,102.01553720364387,41.57834285882794,14.314156339678789,44.249461360834296,7.928981526324152,5.072066752075988,0.0,0.0,0.0,0.0,0.0,model2,4.0,False,7464.0
2488,2015-11-09T05:00:00Z,40.0,170.7426596277434,443.76425907917235,101.04740404867356,41.24362515000278,10.486313525967637,44.96237516176314,8.439762660365139,5.36003778905868,0.0,0.0,0.0,0.0,0.0,model2,4.0,False,7467.0
2489,2015-11-09T08:00:00Z,40.0,168.73728534995453,449.1550622889485,100.77215229101853,41.33014477037639,7.0791163899378455,49.13115053995582,8.775297889825051,5.825562595377996,0.0,0.0,0.0,0.0,0.0,model2,4.0,False,7470.0
2490,2015-11-09T11:00:00Z,40.0,169.17174052666002,458.22393644049566,101.54831387429373,41.69483211987347,8.231263188871797,42.70986072653996,9.51519208363281,5.812145026055927,0.0,0.0,0.0,0.0,0.0,model2,4.0,False,7473.0
2491,2015-11-09T14:00:00Z,40.0,169.73335504095616,464.2822735635803,100.56302136228176,41.58886750953996,10.660051869785493,43.865565789530265,9.362444547976686,5.755307529455623,0.0,0.0,0.0,0.0,0.0,model2,4.0,False,7476.0
2492,2015-11-09T17:00:00Z,40.0,173.24252365419414,460.8976547227166,100.07120241217848,40.74373400802659,13.73486946659702,41.435507533579155,8.759311977644558,5.275691641441735,0.0,0.0,0.0,0.0,0.0,model2,4.0,False,7479.0
2493,2015-11-09T20:00:00Z,40.0,172.63098518988437,465.36585561859147,99.25005006282724,40.8466119130023,14.496112473821574,42.727653632221276,9.655449707736297,5.110009593701531,0.0,0.0,0.0,0.0,0.0,model2,4.0,False,7482.0
2494,2015-11-09T23:00:00Z,40.0,173.76775504302574,464.87785010687486,100.60888411586805,40.845417882777326,17.127775930828605,40.53766562653416,9.97544243455688,4.929264714351293,0.0,0.0,0.0,0.0,0.0,model2,4.0,False,7485.0
2495,2015-11-10T02:00:00Z,40.0,173.33178696533116,465.50561178377967,100.9257532664584,40.85006696537951,17.51646735913481,42.01929590552764,10.610707489008165,4.498470773715524,0.0,0.0,0.0,0.0,0.0,model2,4.0,False,7488.0
2496,2015-11-10T05:00:00Z,40.0,173.05691749321946,463.8317931987806,101.07508507852957,41.44457357780797,17.610695171095518,41.60255444224313,10.7773611448317,4.496955041463538,0.0,0.0,0.0,0.0,0.0,model2,4.0,False,7491.0
2497,2015-11-10T08:00:00Z,40.0,171.91668727854767,454.09816873072646,101.11291351810884,40.46474281839797,18.484725219898703,46.395202603951894,10.805792058721824,4.144011544729271,0.0,0.0,0.0,0.0,0.0,model2,4.0,False,7494.0
2498,2015-11-10T11:00:00Z,40.0,169.20732457046637,447.6867120715464,99.89520261649116,40.57683438278234,18.81452392471157,46.271443698739006,10.50782995888862,3.8742181817027563,0.0,0.0,0.0,0.0,0.0,model2,4.0,False,7497.0
2499,2015-11-10T14:00:00Z,40.0,169.35289788859512,446.51282698987745,99.4321431421912,40.70757362274975,17.767605538008187,42.98441641861226,10.446435777519758,4.607388451945892,0.0,0.0,0.0,0.0,0.0,model2,4.0,False,7500.0
2500,2015-11-10T17:00:00Z,40.0,166.57792680430788,454.77268716249085,100.2260295955477,40.912501776344364,14.834377916949785,47.02241463266431,10.61164394937106,5.180876250089943,0.0,0.0,0.0,0.0,0.0,model2,4.0,False,7503.0
2501,2015-11-10T20:00:00Z,40.0,168.05929463310767,448.70930420924935,100.11500779218552,41.1238697030188,15.522723751647767,49.15270552643013,11.71207644281029,5.223106541685336,0.0,0.0,0.0,0.0,0.0,model2,4.0,False,7506.0
2502,2015-11-10T23:00:00Z,40.0,165.67061962778843,460.3565185977902,98.64293388178456,40.587342792205106,12.970747850726006,58.10316131112332,10.787890657359402,5.6383645434778815,0.0,0.0,0.0,0.0,0.0,model2,4.0,False,7509.0
2503,2015-11-11T02:00:00Z,40.0,165.88799725789937,455.69775673505416,99.02210931301336,40.15975756166636,12.828357546793695,57.770844046170765,10.739638095352587,5.721915646613152,0.0,0.0,0.0,0.0,0.0,model2,4.0,False,7512.0
2504,2015-11-11T05:00:00Z,40.0,166.0782270752759,466.92190087653,99.87697324108677,39.525185648261335,13.367404648468066,60.61886377667727,10.406185580954428,5.6541580378542005,0.0,0.0,0.0,0.0,0.0,model2,4.0,False,7515.0
2505,2015-11-11T08:00:00Z,40.0,167.59763544136098,467.82998792795206,100.24677391247049,40.05350342042485,13.626172155803332,53.386598243285405,10.09096175894038,5.42496960635596,0.0,0.0,0.0,0.0,0.0,model2,4.0,False,7518.0
2506,2015-11-11T11:00:00Z,40.0,168.47461477010518,469.37907372599466,101.0885739475998,39.315999727218106,13.105567853291411,59.80456400558745,9.797081591351095,5.248220146096301,0.0,0.0,0.0,0.0,0.0,model2,4.0,False,7521.0
2507,2015-11-11T14:00:00Z,40.0,166.88643450925434,468.600799967792,103.58867540194952,39.190126350253465,13.253988933870113,60.253790792740716,10.672515934897437,4.586889564389561,0.0,0.0,0.0,0.0,0.0,model2,4.0,False,7524.0
2508,2015-11-11T17:00:00Z,40.0,166.88101066273927,465.65239505629273,102.32707722163096,39.60502905869585,14.955542264694527,58.8238765306783,10.771344177228816,4.163032136729787,0.0,0.0,0.0,0.0,0.0,model2,4.0,False,7527.0
2509,2015-11-11T20:00:00Z,40.0,168.82713455813476,470.8372091883198,103.8846047440862,39.18217541079542,17.520556774714,56.09932351365422,8.631503223733274,4.149968361759706,0.0,0.0,0.0,0.0,0.0,model2,4.0,False,7530.0
2510,2015-11-11T23:00:00Z,40.0,169.74041374287683,460.1041291967855,104.56511836053959,39.774295098517314,16.791516149989405,51.286562307362345,8.689719580277016,3.869026298159127,0.0,0.0,0.0,0.0,0.0,model2,4.0,False,7533.0
2511,2015-11-12T02:00:00Z,40.0,169.59378507502984,462.1659673467428,104.10735845765232,40.61994591006578,16.87264322475137,50.28544749971489,8.239920774226013,4.373618872012643,0.0,0.0,0.0,0.0,0.0,model2,4.0,False,7536.0
2512,2015-11-12T05:00:00Z,40.0,169.4542998162265,455.916610716856,103.18411200896769,40.38153147080417,16.410109489244007,45.29337160802879,8.918309871890294,4.228267642111499,0.0,0.0,0.0,0.0,0.0,model2,4.0,False,7539.0
2513,2015-11-12T08:00:00Z,40.0,169.21244595961318,457.7443114064096,102.91872328859631,40.02897563226096,15.851042592012842,47.500808539550036,8.891628725270325,4.426956163730115,0.0,0.0,0.0,0.0,0.0,model2,4.0,False,7542.0
2514,2015-11-12T11:00:00Z,40.0,172.1180588566381,464.5763505657917,102.77721089989271,40.48348653478463,16.906992106757727,38.905216958659146,8.98060499894775,4.473623055800424,0.0,0.0,0.0,0.0,0.0,model2,4.0,False,7545.0
2515,2015-11-12T14:00:00Z,40.0,173.83794773164848,467.8931576257526,100.94170393096847,40.23926876942375,16.236600410611302,36.708248924627796,7.864462978786455,4.495057401491857,0.0,0.0,0.0,0.0,0.0,model2,4.0,False,7548.0
2516,2015-11-12T17:00:00Z,40.0,170.92348694740446,467.4636546453849,101.38520414688941,40.75504962803238,17.174044509852965,38.00230348178334,8.013246175401216,4.723857767743722,0.0,0.0,0.0,0.0,0.0,model2,4.0,False,7551.0
2517,2015-11-12T20:00:00Z,40.0,169.43739792253743,464.75466538797264,100.20539985195506,40.89760722785582,15.054409332676391,35.56715642325562,7.554848613786089,4.696069322191496,0.0,0.0,0.0,0.0,0.0,model2,4.0,False,7554.0
2518,2015-11-12T23:00:00Z,40.0,169.52244218889012,470.1673367063432,100.5712938982495,41.00119895004032,15.213950659882395,41.4316668592632,8.888896027299811,4.626981314722048,0.0,0.0,0.0,0.0,0.0,model2,4.0,False,7557.0
2519,2015-11-13T02:00:00Z,40.0,170.50316883718097,472.42973591676076,99.71290207711338,40.38654102959053,15.716236920041554,44.958344085469015,8.957736698117115,4.963684591093785,0.0,0.0,0.0,0.0,0.0,model2,4.0,False,7560.0
2520,2015-11-13T05:00:00Z,40.0,171.91159545981438,472.38952178094877,98.96450034539171,41.16725762887318,15.568316976024713,45.468337081643384,10.072744202049684,4.816538438142018,0.0,0.0,0.0,0.0,0.0,model2,4.0,False,7563.0
2521,2015-11-13T08:00:00Z,40.0,172.00346770876706,472.8998512790937,99.27652262775487,41.61685101760975,16.167085122947118,43.80577693294979,10.777125204725037,4.656259044573014,0.0,0.0,0.0,0.0,0.0,model2,4.0,False,7566.0
2522,2015-11-13T11:00:00Z,40.0,170.43330358103532,471.2263519168631,100.10747167100565,41.03342401760164,15.624888116277473,42.89199639413396,10.945702902775375,5.3260960848590075,0.0,0.0,0.0,0.0,0.0,model2,4.0,False,7569.0
2523,2015-11-13T14:00:00Z,40.0,169.24358644807987,471.31086417988035,98.08548774868449,40.674639332890436,15.802409873243572,42.929582486394594,11.746033010097676,5.774831111895822,0.0,0.0,0.0,0.0,0.0,model2,4.0,False,7572.0
2524,2015-11-13T17:00:00Z,40.0,171.54053126139397,470.84415774133936,97.66645287118078,39.611668587966825,13.445100266357631,42.19836142054139,11.347741077156362,5.525055666335706,0.0,0.0,0.0,0.0,0.0,model2,4.0,False,7575.0
2525,2015-11-13T20:00:00Z,40.0,171.9590585406712,470.9026293690038,97.68870500456123,40.13396658758166,12.798952827975215,43.12447438632888,11.402164855822484,5.6060184991651605,0.0,0.0,0.0,0.0,0.0,model2,4.0,False,7578.0
2526,2015-11-13T23:00:00Z,40.0,172.4455213185886,469.7834549923555,96.95915011523701,40.69494700219658,12.91486872438859,33.8341289309155,10.034021106597704,6.288964906463022,0.0,0.0,0.0,0.0,0.0,model2,4.0,False,7581.0
2527,2015-11-14T02:00:00Z,40.0,170.783573079812,466.1264225866783,96.95768271153631,40.11614128297024,13.453624258638088,34.560973189623176,10.170890299972315,5.833179657271664,0.0,0.0,0.0,0.0,0.0,model2,4.0,False,7584.0
2528,2015-11-14T05:00:00Z,40.0,168.96697450118802,462.56902196597855,98.056335056387,39.61077287827128,14.048037660817249,33.178630501923266,9.637323506819989,5.702787130017425,0.0,0.0,0.0,0.0,0.0,model2,4.0,False,7587.0
2529,2015-11-14T08:00:00Z,40.0,167.0842325512493,455.5617934765077,97.72953736885708,39.165706511508816,14.088209512885316,38.18044570061222,8.719851305367474,5.680904359374631,0.0,0.0,0.0,0.0,0.0,model2,4.0,False,7590.0
2530,2015-11-14T11:00:00Z,40.0,166.94696363889963,448.84335751859527,95.49709732996777,38.54949947344341,13.795300057645928,39.92085181628044,8.971848730016841,5.769744296656518,0.0,0.0,0.0,0.0,0.0,model2,4.0,False,7593.0
2531,2015-11-14T14:00:00Z,40.0,167.4329309798998,445.41143756987725,99.15637613350985,38.60397554971564,13.802364959032635,43.10828614917803,9.747669182613773,5.658840950607388,0.0,0.0,0.0,0.0,0.0,model2,4.0,False,7596.0
2532,2015-11-14T17:00:00Z,40.0,166.81317238765718,439.9441151590239,98.8561873894588,38.475402421359725,14.954258262917905,42.2934982792457,10.361711575142909,6.181642815028257,0.0,0.0,0.0,0.0,0.0,model2,4.0,False,7599.0
2533,2015-11-14T20:00:00Z,40.0,165.05311599628308,444.48991685432657,99.06088210816222,37.83969343104854,13.960849041375894,45.3182551347191,10.673910871582596,6.0240607270224205,0.0,0.0,0.0,0.0,0.0,model2,4.0,False,7602.0
2534,2015-11-14T23:00:00Z,40.0,166.5405360189202,443.8772905317649,98.71415568630226,36.81169568033712,15.723306411133466,45.75835119428513,11.798616755170913,4.9125116683867525,0.0,0.0,0.0,0.0,0.0,model2,4.0,False,7605.0
2535,2015-11-15T02:00:00Z,40.0,167.89140290332858,444.4205152754908,98.4539675450511,37.56289434433042,14.800958004928296,52.94886772337597,12.647771346948614,5.342586066299098,0.0,0.0,0.0,0.0,0.0,model2,4.0,False,7608.0
2536,2015-11-15T05:00:00Z,40.0,167.96471311680804,444.48706728688035,98.45894621627113,38.0365972852699,15.572024794960818,55.2691923099829,12.176204119545805,5.6414387243601976,0.0,0.0,0.0,0.0,0.0,model2,4.0,False,7611.0
2537,2015-11-15T08:00:00Z,40.0,169.8000645459824,448.5012773837603,100.01599520654732,38.804808700162724,14.570475662511404,52.56217522503168,13.446744324032373,5.969858650951758,0.0,0.0,0.0,0.0,0.0,model2,4.0,False,7614.0
2538,2015-11-15T11:00:00Z,40.0,169.65234332187666,453.0344456315458,102.41228554553152,39.45097862028578,13.729072684794044,51.380303219677245,12.860337031168655,5.59742077347172,0.0,0.0,0.0,0.0,0.0,model2,4.0,False,7617.0
2539,2015-11-15T14:00:00Z,40.0,169.53942892129962,449.87302974309347,100.9353068993681,39.42780188196063,17.067797208657094,49.09960504525752,12.058183431887624,5.764608570128633,0.0,0.0,0.0,0.0,0.0,model2,4.0,False,7620.0
2540,2015-11-15T17:00:00Z,40.0,172.400662792824,453.0619989062799,100.32434126597592,39.67939375077026,16.800633540734054,53.35790115532292,12.370703366311442,5.2184230743842175,0.0,0.0,0.0,0.0,0.0,model2,4.0,False,7623.0
2541,2015-11-15T20:00:00Z,40.0,171.43680143957647,446.84894561135076,101.44469550532568,39.46183888428571,17.268517661623594,53.06840050518321,12.672003919411646,5.005642144345941,0.0,0.0,0.0,0.0,0.0,model2,4.0,False,7626.0
2542,2015-11-15T23:00:00Z,40.0,170.28714715432903,439.8751094001116,101.2628359267796,39.58767203706728,16.394987711460974,52.17858416799214,11.441726360058865,5.258117784938015,0.0,0.0,0.0,0.0,0.0,model2,4.0,False,7629.0
2543,2015-11-16T02:00:00Z,40.0,170.7913025501126,439.88367034819845,102.10436166556109,39.37072061774297,17.14401686029677,43.14554568523323,10.69158177890418,4.970106831169545,0.0,0.0,0.0,0.0,0.0,model2,4.0,False,7632.0
2544,2015-11-16T05:00:00Z,40.0,171.99604820936543,441.37816466116374,101.67093681559649,38.933136900212425,17.739897638434645,41.16372714399144,11.022934894472403,4.816805708772397,0.0,0.0,0.0,0.0,0.0,model2,4.0,False,7635.0
2545,2015-11-16T08:00:00Z,40.0,173.66053978753453,442.3721450250875,99.63793854226128,38.205704050498646,18.307214246066657,42.877934341836095,11.746757056951973,4.341729873245938,0.0,0.0,0.0,0.0,0.0,model2,4.0,False,7638.0
2546,2015-11-16T11:00:00Z,40.0,171.84285738310382,445.12721721878967,97.82574171994128,39.03327967684004,20.010191375692852,44.132960635047695,11.486464399497516,4.9808993479686325,0.0,0.0,0.0,0.0,0.0,model2,4.0,False,7641.0
2547,2015-11-16T14:00:00Z,40.0,171.85838255281288,443.6805378408693,97.94117860640092,39.55746354575757,17.099761191055666,44.54401882370725,11.37387453787692,4.5721641352988325,0.0,0.0,0.0,0.0,0.0,model2,4.0,False,7644.0
2548,2015-11-16T17:00:00Z,40.0,170.0350321427772,438.4868870509519,99.30233280532214,39.97777344553853,16.170815576037377,43.593525559081755,10.558186287099195,4.210237871912464,0.0,0.0,0.0,0.0,0.0,model2,4.0,False,7647.0
2549,2015-11-16T20:00:00Z,40.0,170.40876972173604,440.3676569938168,98.45790480244456,40.31136751176405,16.127077256889446,41.35406997581463,9.652469717551249,4.367960259862746,0.0,0.0,0.0,0.0,0.0,model2,4.0,False,7650.0
2550,2015-11-16T23:00:00Z,40.0,168.9675551334868,440.1530857373014,98.81988927670488,40.60181192048028,15.786387517184036,41.76786068593136,9.851423765234976,4.064360842656716,0.0,0.0,0.0,0.0,0.0,model2,4.0,False,7653.0
2551,2015-11-17T02:00:00Z,40.0,170.08066277245192,443.25761998032687,98.80910429062372,40.989324542088546,17.69936336539249,40.91222778032221,9.591362557333179,4.797761576329855,0.0,0.0,0.0,0.0,0.0,model2,4.0,False,7656.0
2552,2015-11-17T05:00:00Z,40.0,171.50955015389053,437.98035359445396,100.36749220331026,41.37813946972799,17.103897034008344,42.39922108977238,9.860566150237933,4.7727122207734105,0.0,0.0,0.0,0.0,0.0,model2,4.0,False,7659.0
2553,2015-11-17T08:00:00Z,40.0,168.25818332340663,441.60502069071686,102.40894649965479,41.30016188608593,17.762080527339734,40.81500923908197,8.91707601494326,4.850168736589891,0.0,0.0,0.0,0.0,0.0,model2,4.0,False,7662.0
2554,2015-11-17T11:00:00Z,40.0,169.5514240522444,429.6805157436978,102.21007911196459,40.718892567642676,16.44581978889554,39.866604525092505,8.614996049705438,4.338311989001925,0.0,0.0,0.0,0.0,0.0,model2,4.0,False,7665.0
2555,2015-11-17T14:00:00Z,40.0,167.87546133271127,437.0561472170244,101.41671180833296,40.690860845799996,16.98711273233422,41.47622150476521,8.754868155212778,4.489014185175745,0.0,0.0,0.0,0.0,0.0,model2,4.0,False,7668.0
2556,2015-11-17T17:00:00Z,40.0,168.44125494831025,438.2744911123197,100.89040240332052,39.975541043110994,17.640618204280287,37.403150049592405,9.184269695936633,5.186318586398143,0.0,0.0,0.0,0.0,0.0,model2,4.0,False,7671.0
2557,2015-11-17T20:00:00Z,40.0,170.6050081826468,437.6988156825913,101.88895229252718,39.944634850326665,17.57902708533626,36.71955992622271,10.347145361355308,5.244739027063302,0.0,0.0,0.0,0.0,0.0,model2,4.0,False,7674.0
2558,2015-11-17T23:00:00Z,40.0,172.61357194125702,440.49823512673294,101.12158694291595,40.569715007481214,17.17464548338657,47.20970932586565,11.425262132672502,5.802913410051709,0.0,0.0,0.0,0.0,0.0,model2,4.0,False,7677.0
2559,2015-11-18T02:00:00Z,40.0,170.65737265726827,436.60473055733087,100.94114689883827,39.52645380372426,16.99975245829291,51.7080089010246,10.964675665121664,5.621529281195514,0.0,0.0,0.0,0.0,0.0,model2,4.0,False,7680.0
2560,2015-11-18T05:00:00Z,40.0,170.61550301393234,443.4420121235749,100.85654199719784,39.23074475335113,16.058161865562493,52.05680464541486,11.682160894429538,5.504783335620883,0.0,0.0,0.0,0.0,0.0,model2,4.0,False,7683.0
2561,2015-11-18T08:00:00Z,40.0,171.3932952026796,440.9193026097993,99.35647148753185,39.604313373848704,14.517533328230837,51.37284715933012,11.629413065086188,5.491280490146412,0.0,0.0,0.0,0.0,0.0,model2,4.0,False,7686.0
2562,2015-11-18T11:00:00Z,40.0,171.71556000783684,451.437601093954,100.11251141538249,39.985308655981385,15.466288189014447,51.068642545023756,11.409950263172119,5.51103923705741,0.0,0.0,0.0,0.0,0.0,model2,4.0,False,7689.0
2563,2015-11-18T14:00:00Z,40.0,172.7895964266034,442.17417013872716,100.28614378152166,38.96606430559324,14.607316780520453,61.85808289458024,11.501251734862207,6.018765406890807,0.0,0.0,0.0,0.0,0.0,model2,4.0,False,7692.0
2564,2015-11-18T17:00:00Z,40.0,171.96015786340388,448.77225741131247,100.8753359441685,39.24102770697559,15.608472686651115,61.14415391179066,11.244519586877637,5.519350166027055,0.0,0.0,0.0,0.0,0.0,model2,4.0,False,7695.0
2565,2015-11-18T20:00:00Z,40.0,169.19242431189278,453.45675124434996,98.98164155913193,39.48910878695589,16.08804949882579,63.08048193125083,10.534393291497851,5.266356980982043,0.0,0.0,0.0,0.0,0.0,model2,4.0,False,7698.0
2566,2015-11-18T23:00:00Z,40.0,168.39439044993324,451.16341661604827,100.32210987275518,39.19190819441511,16.10767875029466,57.96936764337534,10.74011443797673,4.442781932853045,0.0,0.0,0.0,0.0,0.0,model2,4.0,False,7701.0
2567,2015-11-19T02:00:00Z,40.0,168.6413795787529,452.2656723184525,100.17522733379651,39.76308487708491,13.658483588221412,54.30623902570997,11.027854451525776,4.095680983846842,0.0,0.0,0.0,0.0,0.0,model2,4.0,False,7704.0
2568,2015-11-19T05:00:00Z,40.0,168.71399725841718,453.2575008731238,100.75456728941477,39.245882664333855,14.757508986408686,58.619783415973714,10.773362619737053,4.368450480372854,0.0,0.0,0.0,0.0,0.0,model2,4.0,False,7707.0
2569,2015-11-19T08:00:00Z,40.0,170.29671570523413,461.2762119830056,100.6883269519868,38.84776067012847,14.918870622191093,63.65134140711476,9.446088113611037,4.24999377671435,0.0,0.0,0.0,0.0,0.0,model2,4.0,False,7710.0
2570,2015-11-19T11:00:00Z,40.0,172.099474693976,459.4066900144053,100.81372452381538,38.43835050266094,14.878565111417153,65.78106473733634,9.154195561808578,4.0592492263958935,0.0,0.0,0.0,0.0,0.0,model2,4.0,False,7713.0
2571,2015-11-19T14:00:00Z,40.0,172.8400554358023,467.2826127888404,100.85607730435305,39.458303372865075,15.695430357228295,54.07528312670443,9.559258623513504,3.558930339292282,0.0,0.0,0.0,0.0,0.0,model2,4.0,False,7716.0
2572,2015-11-19T17:00:00Z,40.0,172.08598494982803,463.95388268648077,101.35551518751802,39.90965210924932,14.527416284933539,58.92659653837803,10.224110045419184,4.079331567469636,0.0,0.0,0.0,0.0,0.0,model2,4.0,False,7719.0
2573,2015-11-19T20:00:00Z,40.0,172.04448257267018,465.6879409104018,102.15091197413156,39.829501079258144,13.86921717540863,60.32373063020393,9.657403380274156,4.083955533848348,0.0,0.0,0.0,0.0,0.0,model2,4.0,False,7722.0
2574,2015-11-19T23:00:00Z,40.0,172.24915952533016,472.2697263054114,101.16399911406172,38.89274838808025,14.096761807482025,59.16998372504674,9.20034798646058,3.9584625683885313,0.0,0.0,0.0,0.0,0.0,model2,4.0,False,7725.0
2575,2015-11-20T02:00:00Z,40.0,172.35383070251152,474.44102054032936,99.67379619985287,38.549900634086775,16.449175195624996,57.25809638640196,9.824997958591382,4.199154830803373,0.0,0.0,0.0,0.0,0.0,model2,4.0,False,7728.0
2576,2015-11-20T05:00:00Z,40.0,171.02150046637112,469.369358179473,98.15832290708148,39.02141892984389,15.073146738867006,54.9772083820601,8.533951743340738,3.9842103112986553,0.0,0.0,0.0,0.0,0.0,model2,4.0,False,7731.0
2577,2015-11-20T08:00:00Z,40.0,171.40940038298046,469.3882247177801,98.708090244186,39.26205334138072,14.716807594764767,54.66503653553411,9.420902636475411,4.014347658592723,0.0,0.0,0.0,0.0,0.0,model2,4.0,False,7734.0
2578,2015-11-20T11:00:00Z,40.0,170.42456824614425,463.2175111218064,98.8216262791858,39.65588624664275,15.08370792744529,52.55845797779082,9.585037494442481,4.178518304546675,0.0,0.0,0.0,0.0,0.0,model2,4.0,False,7737.0
2579,2015-11-20T14:00:00Z,40.0,168.95860191702658,462.03867098633776,98.2348973173938,39.928878642412414,14.964238444443113,53.79675233420658,9.377481932170264,4.0242910060796735,0.0,0.0,0.0,0.0,0.0,model2,4.0,False,7740.0
2580,2015-11-20T17:00:00Z,40.0,169.3024138616861,466.7418304669383,98.11604710387545,39.9917582682848,15.307440174636126,49.78099373540929,8.735831566198408,3.533143431019768,0.0,0.0,0.0,0.0,0.0,model2,4.0,False,7743.0
2581,2015-11-20T20:00:00Z,40.0,171.15345406819583,455.59213121494486,98.70543457433159,39.81836818545104,15.129480529454286,57.26447768549164,9.22970624748165,3.776762712028965,0.0,0.0,0.0,0.0,0.0,model2,4.0,False,7746.0
2582,2015-11-20T23:00:00Z,40.0,169.4110997510212,459.08146310112176,98.37113396275795,40.21555324648522,15.721465800508964,59.33890368499497,9.083631420648596,3.7429476893474947,0.0,0.0,0.0,0.0,0.0,model2,4.0,False,7749.0
2583,2015-11-21T02:00:00Z,40.0,168.15714251441204,457.33476811860464,99.68635455727112,40.110726141455324,13.467506258324551,59.39486471954577,8.432742310766747,3.7392073639568175,0.0,0.0,0.0,0.0,0.0,model2,4.0,False,7752.0
2584,2015-11-21T05:00:00Z,40.0,166.457099534869,461.5875388289065,99.46453067495031,40.23881665154735,14.896268282125034,57.775821751419144,8.443366725588143,3.952117829660244,0.0,0.0,0.0,0.0,0.0,model2,4.0,False,7755.0
2585,2015-11-21T08:00:00Z,40.0,166.2436440459889,449.1821961195629,97.9970427110935,39.954105887581576,16.5348549113297,55.081417955530576,7.813467831389349,3.908557836099906,0.0,0.0,0.0,0.0,0.0,model2,4.0,False,7758.0
2586,2015-11-21T11:00:00Z,40.0,165.8724806567731,451.9834221445871,99.19453432017107,39.592448750067476,16.431828246041263,64.41475284637241,8.562036606040209,3.7821394561906376,0.0,0.0,0.0,0.0,0.0,model2,4.0,False,7761.0
2587,2015-11-21T14:00:00Z,40.0,165.81721101003646,456.0408689753011,99.51975784502336,39.06401243859348,15.796547986820734,65.83939623415094,8.55431577437076,3.7370022986688456,0.0,0.0,0.0,0.0,0.0,model2,4.0,False,7764.0
2588,2015-11-21T17:00:00Z,40.0,166.64362758433953,454.69224334446784,98.54787785347168,38.48922853460458,16.011616092543353,65.22260100343573,8.531329207134092,4.007896487476497,0.0,0.0,0.0,0.0,0.0,model2,4.0,False,7767.0
2589,2015-11-21T20:00:00Z,40.0,167.21008723064233,462.6600912723352,98.08491490544148,38.19274129400947,16.230831838772808,57.36146801204126,8.906239246915428,3.852537475556221,0.0,0.0,0.0,0.0,0.0,model2,4.0,False,7770.0
2590,2015-11-21T23:00:00Z,40.0,169.59305793726412,459.8688644770456,98.77559306696213,38.861456782204755,15.50366102060126,51.8532645117145,8.306303626643716,4.635527348334698,0.0,0.0,0.0,0.0,0.0,model2,4.0,False,7773.0
2591,2015-11-22T02:00:00Z,40.0,170.43213216818503,459.3775146658362,99.09321483836877,39.347687860745,15.392397454052794,52.36321045762661,8.212968893093906,4.288871661216763,0.0,0.0,0.0,0.0,0.0,model2,4.0,False,7776.0
2592,2015-11-22T05:00:00Z,40.0,171.74439100797917,456.01104583238464,100.5073045858179,38.916431515699294,13.657000423962016,52.79780423513933,10.14320051637618,4.521926541972973,0.0,0.0,0.0,0.0,0.0,model2,4.0,False,7779.0
2593,2015-11-22T08:00:00Z,40.0,169.76696264428836,461.3802669761946,101.24505693811984,39.02312995152045,11.77792064877701,49.01033642211897,9.868406954371313,5.016002255745264,0.0,0.0,0.0,0.0,0.0,model2,4.0,False,7782.0
2594,2015-11-22T11:00:00Z,40.0,168.32194892772188,457.5015648556134,101.2528236703963,39.02751406589588,10.37334519273555,39.327367010300755,10.601515707398113,5.624700009966936,0.0,0.0,0.0,0.0,0.0,model2,4.0,False,7785.0
2595,2015-11-22T14:00:00Z,40.0,170.15208889191322,448.16821693479307,102.28996947432036,38.883001496707045,11.67373959535665,37.61825956915453,10.140671344412047,5.597694178902762,0.0,0.0,0.0,0.0,0.0,model2,4.0,False,7788.0
2596,2015-11-22T17:00:00Z,40.0,169.15601515390992,444.03790066450836,102.36385868094328,38.831992043016015,11.120815387556217,39.96586300814519,10.105148137137952,5.329220683982685,0.0,0.0,0.0,0.0,0.0,model2,4.0,False,7791.0
2597,2015-11-22T20:00:00Z,40.0,167.03991801574568,442.78803519623597,102.94852994954935,39.59828562062166,12.709597063717801,38.630622502878005,9.469870549606597,5.536058966374204,0.0,0.0,0.0,0.0,0.0,model2,4.0,False,7794.0
2598,2015-11-22T23:00:00Z,40.0,166.8435591167252,438.9580281356417,102.6564927725329,38.89214715319972,13.522094823166436,38.105064066364704,9.90982613955372,5.378362851541826,0.0,0.0,0.0,0.0,0.0,model2,4.0,False,7797.0
2599,2015-11-23T02:00:00Z,40.0,167.0432858591609,437.44146426283424,101.44716038891184,38.92204825101575,13.880201596846092,39.56475446256038,11.341738212060113,5.365647571279911,0.0,0.0,0.0,0.0,0.0,model2,4.0,False,7800.0
2600,2015-11-23T05:00:00Z,40.0,165.57674824573084,435.80776593703285,100.35262846475548,39.34580631655521,14.561352836694365,39.371872131010775,11.399538245083349,5.17299451640362,0.0,0.0,0.0,0.0,0.0,model2,4.0,False,7803.0
2601,2015-11-23T08:00:00Z,40.0,166.8680265542494,436.24366896098985,101.44328107364584,39.58939390060724,14.510953179441474,50.05733565592204,11.402857168434286,4.767835591632188,0.0,0.0,0.0,0.0,0.0,model2,4.0,False,7806.0
2602,2015-11-23T11:00:00Z,40.0,166.8248030549059,444.6217288878994,99.65060100835926,39.78126601469232,15.415730862144068,48.562680727095064,10.355402144703874,4.591466807219012,0.0,0.0,0.0,0.0,0.0,model2,4.0,False,7809.0
2603,2015-11-23T14:00:00Z,40.0,164.14794893666416,448.7476281623042,98.70576043282429,39.94080589401501,14.315005732579214,45.72640230147104,10.197637759199567,4.649014995044643,0.0,0.0,0.0,0.0,0.0,model2,4.0,False,7812.0
2604,2015-11-23T17:00:00Z,40.0,162.91075865712008,456.0988266337366,98.3950967158962,40.43447044746864,14.75797623765089,49.855475150756504,10.40275478175948,4.776499096376538,0.0,0.0,0.0,0.0,0.0,model2,4.0,False,7815.0
2605,2015-11-23T20:00:00Z,40.0,163.6325746569864,456.2129681294429,97.69959909295125,39.92424025656514,13.110357761856658,53.65538519465427,10.507161970594293,4.67469167870196,0.0,0.0,0.0,0.0,0.0,model2,4.0,False,7818.0
2606,2015-11-23T23:00:00Z,40.0,163.53899786239433,455.7325598914076,98.28629792278765,39.91162476951067,12.012005440601024,53.79320100854452,11.001229464341268,4.3274448692161815,0.0,0.0,0.0,0.0,0.0,model2,4.0,False,7821.0
2607,2015-11-24T02:00:00Z,40.0,162.68869287963327,458.4058611676142,100.17779531107168,39.84696609271453,11.295056622320487,52.009154267506474,12.301152811473004,4.803125918044675,0.0,0.0,0.0,0.0,0.0,model2,4.0,False,7824.0
2608,2015-11-24T05:00:00Z,40.0,166.13218493552284,463.70542338708384,99.87282487402071,40.22961618087085,13.228158441699273,50.564657606702966,10.959577849477482,4.7549908502920655,0.0,0.0,0.0,0.0,0.0,model2,4.0,False,7827.0
2609,2015-11-24T08:00:00Z,40.0,164.8545701065112,461.9386095730104,97.71632401239,39.73025557626201,14.107689461925847,42.04230115090022,11.107756452060217,4.947604182945296,0.0,0.0,0.0,0.0,0.0,model2,4.0,False,7830.0
2610,2015-11-24T11:00:00Z,40.0,163.90456877791704,461.04466532366433,98.67279268650223,39.44241943288998,14.379483486849766,43.377827987878206,12.194198809617381,4.450527478510477,0.0,0.0,0.0,0.0,0.0,model2,4.0,False,7833.0
2611,2015-11-24T14:00:00Z,40.0,166.67123354504577,462.1529758802435,99.50437986808892,40.43646079286693,17.088419888168822,43.59682529583853,12.953121346078177,4.997090221757106,0.0,0.0,0.0,0.0,0.0,model2,4.0,False,7836.0
2612,2015-11-24T17:00:00Z,40.0,168.79939922916222,452.0485773044368,100.49893577593588,39.58117033750853,18.700274155048106,37.228329822468226,12.567553314288222,5.166703400975221,0.0,0.0,0.0,0.0,0.0,model2,4.0,False,7839.0
2613,2015-11-24T20:00:00Z,40.0,169.23808338667237,446.3199603734809,99.86424361694534,39.789492297241054,19.220373930418454,34.57636631318204,12.522570135922914,5.1534434727329765,0.0,0.0,0.0,0.0,0.0,model2,4.0,False,7842.0
2614,2015-11-24T23:00:00Z,40.0,167.93554291025447,446.70441913511087,98.1257469545331,39.75440518021833,20.109976538437763,32.86854654442752,12.338355104099207,5.158025721127292,0.0,0.0,0.0,0.0,0.0,model2,4.0,False,7845.0
2615,2015-11-25T02:00:00Z,40.0,169.95591796355058,447.9744879663742,97.03104442238251,39.6503976284742,20.821794410974906,32.37621504257331,10.115486071614011,5.117713262395223,0.0,0.0,0.0,0.0,0.0,model2,4.0,False,7848.0
2616,2015-11-25T05:00:00Z,40.0,167.351014721361,444.34161285567717,96.85969047360064,39.024649823854425,19.94760727238226,39.957613565773634,10.541230107439912,5.0496875878896175,0.0,0.0,0.0,0.0,0.0,model2,4.0,False,7851.0
2617,2015-11-25T08:00:00Z,40.0,168.7927978886019,451.4305105127582,98.21401530636876,38.68346208271942,19.1656177180696,43.18974642466458,10.694635036633533,5.109593754626206,0.0,0.0,0.0,0.0,0.0,model2,4.0,False,7854.0
2618,2015-11-25T11:00:00Z,40.0,170.19293747445914,448.5298513313601,97.85950146466769,39.35933857358025,17.734550987040826,42.277395194967376,10.062863655378212,5.48837751174631,0.0,0.0,0.0,0.0,0.0,model2,4.0,False,7857.0
2619,2015-11-25T14:00:00Z,40.0,166.38973726990088,451.0432331578354,97.06138494236795,38.18887791378,16.941426127592926,43.47149361681055,9.390986848217874,4.765776714476204,0.0,0.0,0.0,0.0,0.0,model2,4.0,False,7860.0
2620,2015-11-25T17:00:00Z,40.0,166.40751272984622,452.4683115273932,97.45007272188737,38.44575178017706,14.825385126074405,42.2522933633822,10.624883728266372,4.934657166258493,0.0,0.0,0.0,0.0,0.0,model2,4.0,False,7863.0
2621,2015-11-25T20:00:00Z,40.0,166.09599277640345,456.9357421966087,97.99382043847551,37.82730974732252,14.185887223474605,38.022585344280074,10.468522628294396,4.775955939904222,0.0,0.0,0.0,0.0,0.0,model2,4.0,False,7866.0
2622,2015-11-25T23:00:00Z,40.0,168.1253355691955,457.7541207025993,99.43588634172752,37.36885240202344,14.037780404356795,37.021346777637795,10.878961514783782,4.9352645825579495,0.0,0.0,0.0,0.0,0.0,model2,4.0,False,7869.0
2623,2015-11-26T02:00:00Z,40.0,168.30204168272178,459.9968242946205,98.27118038340069,38.045777401486156,13.640616359494555,37.96658929923567,11.020663851284587,5.1703771687837845,0.0,0.0,0.0,0.0,0.0,model2,4.0,False,7872.0
2624,2015-11-26T05:00:00Z,40.0,168.56057098930097,469.2099232608026,98.22366905241414,37.97721359400712,13.852732062726009,33.78177031103719,10.608588210452368,5.650883206858375,0.0,0.0,0.0,0.0,0.0,model2,4.0,False,7875.0
2625,2015-11-26T08:00:00Z,40.0,166.99008725971763,462.2742101908897,98.27009005020241,38.829021409993295,14.641595195929398,35.407581533512314,9.975081252304557,5.557669214859953,0.0,0.0,0.0,0.0,0.0,model2,4.0,False,7878.0
2626,2015-11-26T11:00:00Z,40.0,165.72918779922546,459.55285312427856,98.83914014514122,38.41910826454908,15.717138449075467,37.34407408851595,10.024898566806494,5.452598671811462,0.0,0.0,0.0,0.0,0.0,model2,4.0,False,7881.0
2627,2015-11-26T14:00:00Z,40.0,169.18569722838058,450.5179148895645,98.53706703044786,38.86521286105055,13.83944127837518,46.1858630761722,10.4089686260653,5.396770495481862,0.0,0.0,0.0,0.0,0.0,model2,4.0,False,7884.0
2628,2015-11-26T17:00:00Z,40.0,170.0025244826811,454.4856321577913,98.4395282413669,39.504498600022366,15.009133251571738,47.981834300044184,10.772834984043493,5.1026918898556755,0.0,0.0,0.0,0.0,0.0,model2,4.0,False,7887.0
2629,2015-11-26T20:00:00Z,40.0,169.82000607284147,457.30380203809835,97.85991711728049,39.721145792209114,14.913603296620927,49.40740687774487,10.545235738476428,5.1337628414465595,0.0,0.0,0.0,0.0,0.0,model2,4.0,False,7890.0
2630,2015-11-26T23:00:00Z,40.0,167.9781314685456,456.96221899591546,97.63284174160995,40.166481050104416,14.002528275113134,57.32700362370776,10.737685296153971,4.575420735885924,0.0,0.0,0.0,0.0,0.0,model2,4.0,False,7893.0
2631,2015-11-27T02:00:00Z,40.0,167.3014755936549,450.2225097831089,98.25612847826879,39.69428009638104,14.325186047890982,59.640247465535936,10.458006605840268,4.194739037747406,0.0,0.0,0.0,0.0,0.0,model2,4.0,False,7896.0
2632,2015-11-27T05:00:00Z,40.0,167.68146965940818,439.28565193465937,98.76253560454508,40.36111085119797,13.811541020071607,53.343068951144744,10.344151617279456,3.471167533674845,0.0,0.0,0.0,0.0,0.0,model2,4.0,False,7899.0
2633,2015-11-27T08:00:00Z,40.0,168.0107147997086,440.4658523094228,98.04599650604708,40.60627860158984,12.988321768850696,51.93085907878338,10.401386997718632,3.9508334371770095,0.0,0.0,0.0,0.0,0.0,model2,4.0,False,7902.0
2634,2015-11-27T11:00:00Z,40.0,172.38425016684002,436.8716249130142,97.48837622834905,40.91733590580785,14.161636335128481,54.900142410972364,10.225152734367418,3.5749033119672053,0.0,0.0,0.0,0.0,0.0,model2,4.0,False,7905.0
2635,2015-11-27T14:00:00Z,40.0,173.78459018007968,445.44028966313255,98.37943688589449,40.8000129681044,15.206301246704257,49.62767085374575,9.533190711771256,3.5458177752964275,0.0,0.0,0.0,0.0,0.0,model2,4.0,False,7908.0
2636,2015-11-27T17:00:00Z,40.0,172.6095991360411,443.10852900984514,97.15215948227684,40.94636867855142,14.667075892180195,49.714327368275086,8.759113708957615,4.272611539435044,0.0,0.0,0.0,0.0,0.0,model2,4.0,False,7911.0
2637,2015-11-27T20:00:00Z,40.0,173.680539747629,440.084909443024,97.90554367088959,41.21216283254464,14.660650541675315,47.9542383348557,9.13543434683725,3.9624248447946155,0.0,0.0,0.0,0.0,0.0,model2,4.0,False,7914.0
2638,2015-11-27T23:00:00Z,40.0,175.28137699426472,442.76532208245584,98.04280466989587,41.29033403575938,14.918628142902765,39.735211526273,8.583526463892218,4.209307653617018,0.0,0.0,0.0,0.0,0.0,model2,4.0,False,7917.0
2639,2015-11-28T02:00:00Z,40.0,174.41580830957588,440.87437555872566,98.13090323561495,41.78879701639556,14.800123441519325,38.996225189512494,8.700738619693219,4.380908562240176,0.0,0.0,0.0,0.0,0.0,model2,4.0,False,7920.0
2640,2015-11-28T05:00:00Z,40.0,172.9092249059765,448.25170886657827,98.69992939406305,41.68435775987809,16.58957663795187,47.37084770685989,8.937692744847993,4.296674842158043,0.0,0.0,0.0,0.0,0.0,model2,4.0,False,7923.0
2641,2015-11-28T08:00:00Z,40.0,176.5612133597321,449.43847458239446,100.40998582485336,41.608039578244345,17.10453470997085,54.77233094390967,10.07271690737694,4.084672718297377,0.0,0.0,0.0,0.0,0.0,model2,4.0,False,7926.0
2642,2015-11-28T11:00:00Z,40.0,175.58490320942624,459.1862557071241,101.29898986249184,41.153547505888575,16.867845650667576,49.30510198253274,10.056043640262605,4.194650503451183,0.0,0.0,0.0,0.0,0.0,model2,4.0,False,7929.0
2643,2015-11-28T14:00:00Z,40.0,177.74340498287003,458.216339546323,100.88724202397222,41.491316386997816,19.16286729037892,52.156627580107354,11.195194755426408,4.3524893623960175,0.0,0.0,0.0,0.0,0.0,model2,4.0,False,7932.0
2644,2015-11-28T17:00:00Z,40.0,179.8154800583192,457.8746003784702,101.87596802125007,41.359089387768286,18.552845224249648,49.7596302113425,10.00908350401865,3.9757640370615177,0.0,0.0,0.0,0.0,0.0,model2,4.0,False,7935.0
2645,2015-11-28T20:00:00Z,40.0,180.2885748695398,457.59636395195366,103.82141031356969,41.7723098781198,18.474258165885335,50.67951602402512,11.136034068792616,5.059346850051768,0.0,0.0,0.0,0.0,0.0,model2,4.0,False,7938.0
2646,2015-11-28T23:00:00Z,40.0,181.734945744523,450.65324134781656,104.19634432288177,42.88442929112809,20.017209952315138,52.210622890736396,10.324720169879678,5.0534859853654295,0.0,0.0,0.0,0.0,0.0,model2,4.0,False,7941.0
2647,2015-11-29T02:00:00Z,40.0,184.81060789892385,457.6445641850115,103.28956175778616,41.998693452007906,18.882057606306947,48.35702735479953,11.935283699885268,5.353433840951056,0.0,0.0,0.0,0.0,0.0,model2,4.0,False,7944.0
2648,2015-11-29T05:00:00Z,40.0,189.16392301840224,457.04291529428673,102.28687242664972,41.49920622385539,15.412103718909266,44.199298953979905,12.399277515973615,5.836089989866707,0.0,0.0,0.0,0.0,0.0,model2,4.0,False,7947.0
2649,2015-11-29T08:00:00Z,40.0,188.7690635756992,457.7790776003839,101.33118414965742,40.9384687942694,15.554924691330404,39.62690276242448,11.63666017474553,6.204496914527522,1.0,0.0,0.0,0.0,0.0,model2,4.0,True,7950.0
2650,2015-11-29T11:00:00Z,40.0,190.0850973065332,456.7526699913028,100.71903567956272,41.03271251584653,15.081705685544335,42.096481047056024,11.283547769156318,6.410022236743925,1.0,0.0,0.0,0.0,0.0,model2,4.0,True,7953.0
2651,2015-11-29T14:00:00Z,40.0,188.85772864524867,455.9597155039798,101.45684450889317,41.31472956843296,14.438786764336864,40.33579769824411,10.150970162706995,6.453637353409191,1.0,0.0,0.0,0.0,0.0,model2,4.0,True,7956.0
2652,2015-11-29T17:00:00Z,40.0,190.12129339507823,459.65464952331774,101.78243912665322,41.70745315828722,16.342302925919522,42.807059625451046,10.084451074636934,6.388994699836728,1.0,0.0,0.0,0.0,0.0,model2,4.0,True,7959.0
2653,2015-11-29T20:00:00Z,40.0,191.32662698693912,461.00975493234114,98.7548541787862,41.98673416265365,15.87226457803925,40.89238731876426,8.241329865256779,5.622761148737588,1.0,0.0,0.0,0.0,0.0,model2,4.0,True,7962.0
2654,2015-11-29T23:00:00Z,40.0,190.699062705938,469.9258541483146,99.12865291842488,41.46805998592456,14.191010940440625,40.248515629069054,9.143746370030065,5.283956864044474,1.0,0.0,0.0,0.0,0.0,model2,4.0,True,7965.0
2655,2015-11-30T02:00:00Z,40.0,189.0394934089786,468.67964542785853,99.47633518809143,41.498827198700646,15.119894597716565,48.692951975882025,7.720713162730813,5.30637070569441,1.0,0.0,0.0,0.0,0.0,model2,4.0,True,7968.0
2656,2015-11-30T05:00:00Z,40.0,190.25643172011368,468.02436375307263,99.7027403929961,41.756150622476156,14.872439590753984,51.54637925465513,7.3396454829830375,5.004532142081972,1.0,0.0,0.0,0.0,0.0,model2,4.0,True,7971.0
2657,2015-11-30T08:00:00Z,40.0,188.2542104996913,473.6281734379735,100.45931667402452,42.388105850886994,16.16368997300349,50.2153972143155,8.109849854088836,4.523352600222812,0.0,0.0,0.0,0.0,0.0,model2,4.0,False,7974.0
2658,2015-11-30T11:00:00Z,40.0,184.05311068229648,469.5842554556101,99.38744633379902,42.797805469574115,18.432428251363945,50.19009438021318,9.146780437759089,4.218826133490541,0.0,0.0,0.0,0.0,0.0,model2,4.0,False,7977.0
2659,2015-11-30T14:00:00Z,40.0,181.18832097308132,475.2120910850176,98.82348142023432,41.73201090655588,18.18216926648907,50.97038368702587,9.403033673299197,4.601785593558518,0.0,0.0,0.0,0.0,0.0,model2,4.0,False,7980.0
2660,2015-11-30T17:00:00Z,40.0,178.5004235088939,470.1957780211032,98.49862158039025,40.84638452433504,15.98708557382958,51.45022724039417,9.919077882094015,4.749706032654798,0.0,0.0,0.0,0.0,0.0,model2,4.0,False,7983.0
2661,2015-11-30T20:00:00Z,40.0,175.65821158000165,460.1640668378842,99.04090989021186,40.72076478977435,15.881262318043165,59.44991844785508,9.717176640941725,4.926625912572838,0.0,0.0,0.0,0.0,0.0,model2,4.0,False,7986.0
2662,2015-11-30T23:00:00Z,40.0,173.8864306104586,452.5600341385031,98.355811495736,40.318883420231316,15.227666456198607,59.76085066711155,8.746747696129978,4.837027740095663,0.0,0.0,0.0,0.0,0.0,model2,4.0,False,7989.0
2663,2015-12-01T02:00:00Z,40.0,172.77175613098126,453.7299177796532,99.70909134066409,40.620998468206075,15.313352698980985,53.80186714646578,8.238924397758758,4.6577295837516255,0.0,0.0,0.0,0.0,0.0,model2,4.0,False,7992.0
2664,2015-12-01T05:00:00Z,40.0,168.8537055065091,450.0661513899244,100.85721876437646,40.38902791490454,13.331091898010971,50.17522337019168,9.544185806595443,4.524494612647387,0.0,0.0,0.0,0.0,0.0,model2,4.0,False,7995.0
2665,2015-12-01T08:00:00Z,40.0,168.66702472787387,438.13457278429223,100.23361122484928,39.63076948150169,12.97247422835476,47.00371466149953,9.003787219618909,4.466175135441934,0.0,0.0,0.0,0.0,0.0,model2,4.0,False,7998.0
2666,2015-12-01T11:00:00Z,40.0,167.7031640597235,442.11931328219407,102.23510302591532,39.66625968045219,13.977413910737381,50.13578603577384,8.108797993176566,4.425963349565613,0.0,0.0,0.0,0.0,0.0,model2,4.0,False,8001.0
2667,2015-12-01T14:00:00Z,40.0,168.9911505134196,439.79501019708056,102.42275177054664,39.61312821744848,14.483604110292921,45.702997503089584,7.599753977303535,4.607005793719085,0.0,0.0,0.0,0.0,0.0,model2,4.0,False,8004.0
2668,2015-12-01T17:00:00Z,40.0,167.50260093356619,447.0221341582354,102.52441160253656,39.54429341602828,15.682061679327884,49.00545376487619,8.652159178869356,4.535698715175583,0.0,0.0,0.0,0.0,0.0,model2,4.0,False,8007.0
2669,2015-12-01T20:00:00Z,40.0,168.00164676069141,452.5666207168216,102.84922975764799,39.280738989283925,16.134095621137575,43.840781107429436,8.601565913417298,4.8303319997291885,0.0,0.0,0.0,0.0,0.0,model2,4.0,False,8010.0
2670,2015-12-01T23:00:00Z,40.0,167.06918990687367,456.34941673498906,102.28564520464607,39.297968347726716,17.6735499514028,43.47652571235693,9.269960962737636,4.650800832734081,0.0,0.0,0.0,0.0,0.0,model2,4.0,False,8013.0
2671,2015-12-02T02:00:00Z,40.0,166.30409262353632,449.88204609510973,101.23769771617692,38.65545542038749,17.05926861198446,52.157820431376635,9.734895863370618,5.0241607659818825,0.0,0.0,0.0,0.0,0.0,model2,4.0,False,8016.0
2672,2015-12-02T05:00:00Z,40.0,166.09622315056208,449.99433865295646,100.7669132336116,38.897046985908474,15.055736524073568,52.29039252184819,8.41413595627161,5.108668100299487,0.0,0.0,0.0,0.0,0.0,model2,4.0,False,8019.0
2673,2015-12-02T08:00:00Z,40.0,165.6981064124296,454.36981398162493,100.31207673427409,39.591799666414225,15.015839426409846,54.306167837629566,8.682117502192801,5.069733614547968,0.0,0.0,0.0,0.0,0.0,model2,4.0,False,8022.0
2674,2015-12-02T11:00:00Z,40.0,165.07752067358672,458.18300797222327,99.1937521564607,38.680278801657785,14.787720052599678,54.91218783846572,8.117333907279509,4.813855714515336,0.0,0.0,0.0,0.0,0.0,model2,4.0,False,8025.0
2675,2015-12-02T14:00:00Z,40.0,163.25388604489476,449.98052961888453,98.20009290084705,39.036410293460975,14.356268811463506,57.06440724434434,8.403591965919219,4.949423187021843,0.0,0.0,0.0,0.0,0.0,model2,4.0,False,8028.0
2676,2015-12-02T17:00:00Z,40.0,164.97843468881945,444.3312976828151,98.22414745839436,38.94567157688001,14.129187526930355,54.2719399453196,6.781193629602098,5.065153501105104,0.0,0.0,0.0,0.0,0.0,model2,4.0,False,8031.0
2677,2015-12-02T20:00:00Z,40.0,162.54933484887002,451.2898677226239,98.00733846177357,39.469703559819216,14.684093084887149,57.2744368981154,7.267454916482325,5.106560659804547,0.0,0.0,0.0,0.0,0.0,model2,4.0,False,8034.0
2678,2015-12-02T23:00:00Z,40.0,164.2540605623112,450.1521125500608,96.93114464496412,39.00981444723025,13.841063661462073,61.22862257579329,7.920053767683179,5.270420082110811,0.0,0.0,0.0,0.0,0.0,model2,4.0,False,8037.0
2679,2015-12-03T02:00:00Z,40.0,164.39404720500298,451.2127092285578,98.29918413619193,39.85608083321594,15.573411301083295,55.292784160270756,8.937263318761,5.146473034076572,0.0,0.0,0.0,0.0,0.0,model2,4.0,False,8040.0
2680,2015-12-03T05:00:00Z,40.0,163.44371377067168,458.0065641243538,97.37171915544388,40.2006780906645,16.00860754547471,59.571191180485954,8.85766941438448,5.4339979456257215,0.0,0.0,0.0,0.0,0.0,model2,4.0,False,8043.0
2681,2015-12-03T08:00:00Z,40.0,162.95499277268738,458.2025310254792,98.7415964392472,39.82951878949403,16.05311187961612,55.77765353257455,9.528746240291326,5.3470517908428885,0.0,0.0,0.0,0.0,0.0,model2,4.0,False,8046.0
2682,2015-12-03T11:00:00Z,40.0,166.7719054290037,452.9827295225131,98.09733392165195,40.49171178744604,15.567181022211072,52.722825068017166,10.004209738730903,5.2712047553907455,0.0,0.0,0.0,0.0,0.0,model2,4.0,False,8049.0
2683,2015-12-03T14:00:00Z,40.0,169.14911334295581,457.0183928641943,99.909327507675,41.52732860576264,15.990056664067767,53.929840969126865,10.128027846711245,5.246239658798807,0.0,0.0,0.0,0.0,0.0,model2,4.0,False,8052.0
2684,2015-12-03T17:00:00Z,40.0,167.5595203921266,460.8117142720076,100.63138198496321,41.750190923992854,15.259597684920607,54.148074523051264,10.360363279138069,4.9491327497797855,0.0,0.0,0.0,0.0,0.0,model2,4.0,False,8055.0
2685,2015-12-03T20:00:00Z,40.0,170.58687858796603,459.88562225875603,100.32319867284409,40.89189944356689,14.187775773545244,52.684951603080464,10.275634484993747,4.650574004926233,0.0,0.0,0.0,0.0,0.0,model2,4.0,False,8058.0
2686,2015-12-03T23:00:00Z,40.0,169.11152917462863,459.74373423604544,102.12896060152529,40.548831702830405,14.116050697312437,45.066120045357636,8.801199336257781,5.231960248456244,0.0,0.0,0.0,0.0,0.0,model2,4.0,False,8061.0
2687,2015-12-04T02:00:00Z,40.0,170.77005911868014,461.955253080642,101.6285594139783,40.53879231602619,12.42598864147865,43.54949590313355,7.9722261430066625,5.64254429647464,0.0,0.0,0.0,0.0,0.0,model2,4.0,False,8064.0
2688,2015-12-04T05:00:00Z,40.0,170.72196403909797,455.71720839838616,102.24978509740495,40.08317395969151,12.971405472747902,35.89958322046563,7.52311965780764,5.417025107166071,0.0,0.0,0.0,0.0,0.0,model2,4.0,False,8067.0
2689,2015-12-04T08:00:00Z,40.0,170.66499755005788,461.6391635261506,101.10095284821276,39.39701694774229,14.591652522067944,37.15809646015989,6.797782099257178,5.7810668825601965,0.0,0.0,0.0,0.0,0.0,model2,4.0,False,8070.0
2690,2015-12-04T11:00:00Z,40.0,170.1508736709526,463.38015663995276,102.54238255909029,39.10925662926734,14.24087029209594,45.68398352134776,6.247619621148227,5.961983993487863,0.0,0.0,0.0,0.0,0.0,model2,4.0,False,8073.0
2691,2015-12-04T14:00:00Z,40.0,168.20472825544022,461.76754443214827,102.43249296248008,37.8717396927246,13.686677660613315,43.74439600364472,6.888307479576688,5.173172223366168,0.0,0.0,0.0,0.0,0.0,model2,4.0,False,8076.0
2692,2015-12-04T17:00:00Z,40.0,169.70188858474916,458.57368132979485,102.05276967835087,38.437760790255744,13.462059387334506,45.99213464958805,6.512743624561032,5.486047167887562,0.0,0.0,0.0,0.0,0.0,model2,4.0,False,8079.0
2693,2015-12-04T20:00:00Z,40.0,168.72694291712799,457.2695430954267,102.77379344222621,38.976088439391276,13.406249617926896,43.93056199826577,5.725028990713249,5.746177612159972,0.0,0.0,0.0,0.0,0.0,model2,4.0,False,8082.0
2694,2015-12-04T23:00:00Z,40.0,168.99493432745862,455.7132458492958,101.66536317137992,39.89840788073159,14.161048964568028,45.62842665924348,7.327847433017538,5.4013011035769525,0.0,0.0,0.0,0.0,0.0,model2,4.0,False,8085.0
2695,2015-12-05T02:00:00Z,40.0,166.6222114441438,458.5391494878722,102.1975750828265,40.20882551395157,14.205019201534586,44.72506238530792,7.647599280993841,4.941663010093592,0.0,0.0,0.0,0.0,0.0,model2,4.0,False,8088.0
2696,2015-12-05T05:00:00Z,40.0,168.21228990494694,455.11907225796404,101.95079496825798,40.116376404262155,13.568912573558949,46.295358091225424,8.144586571704203,5.262393970216323,0.0,0.0,0.0,0.0,0.0,model2,4.0,False,8091.0
2697,2015-12-05T08:00:00Z,40.0,171.09921533944657,451.2863528676552,103.26203933417723,40.66449541527006,13.955700045775984,45.84974162307989,9.289760693919886,4.854117543440251,0.0,0.0,0.0,0.0,0.0,model2,4.0,False,8094.0
2698,2015-12-05T11:00:00Z,40.0,171.4612258145234,452.9361209955232,101.56568893221196,40.362573688015814,14.14774006930982,41.57916453268413,9.880369323433602,4.581352268093923,0.0,0.0,0.0,0.0,0.0,model2,4.0,False,8097.0
2699,2015-12-05T14:00:00Z,40.0,170.92291445739912,453.8383436642626,101.60594607885209,40.20350386021078,14.61955825256678,42.40159576012945,10.04791470955875,5.381077577862189,0.0,0.0,0.0,0.0,0.0,model2,4.0,False,8100.0
2700,2015-12-05T17:00:00Z,40.0,169.37835521151618,452.20865634204665,100.9398995770336,39.32114964068789,14.690214556505365,45.23405857625825,9.943533839386227,5.474761231560499,0.0,0.0,0.0,0.0,0.0,model2,4.0,False,8103.0
2701,2015-12-05T20:00:00Z,40.0,169.80089053988672,457.96817513007903,100.8184242108288,38.5853019760168,14.000151431686804,51.51373606797678,10.349011451195658,5.336621323856064,0.0,0.0,0.0,0.0,0.0,model2,4.0,False,8106.0
2702,2015-12-05T23:00:00Z,40.0,170.02223587611584,459.3341635303514,101.79528503570616,38.351440969782175,13.330538399146455,49.12834869318893,9.502440634776645,5.026981274052968,0.0,0.0,0.0,0.0,0.0,model2,4.0,False,8109.0
2703,2015-12-06T02:00:00Z,40.0,170.0291846460889,460.86015392133277,100.75425353466936,38.05771876034221,13.777518466273785,49.25514262575687,10.134534891672287,4.7459718299248745,0.0,0.0,0.0,0.0,0.0,model2,4.0,False,8112.0
2704,2015-12-06T05:00:00Z,40.0,169.14517698941646,463.6419668210162,100.35110967938023,38.28568935106669,13.83399653077366,48.29907053092244,10.19523001846439,4.548614369313473,0.0,0.0,0.0,0.0,0.0,model2,4.0,False,8115.0
2705,2015-12-06T08:00:00Z,40.0,169.0637594015055,464.8223806124914,98.1929646501022,38.92998980417771,12.839069720616276,50.04235526499099,9.915573503153981,5.017163021741537,0.0,0.0,0.0,0.0,0.0,model2,4.0,False,8118.0
2706,2015-12-06T11:00:00Z,40.0,167.23384120149413,457.91507170390435,99.5630776397805,39.18228814483624,13.77098933976484,48.78364227217856,10.297052935174136,5.1690971795007,0.0,0.0,0.0,0.0,0.0,model2,4.0,False,8121.0
2707,2015-12-06T14:00:00Z,40.0,165.9366323947575,455.15056322759926,98.8475126463913,39.765209308399406,13.753273693762901,48.3321375653819,9.537128363587746,4.234801481174571,0.0,0.0,0.0,0.0,0.0,model2,4.0,False,8124.0
2708,2015-12-06T17:00:00Z,40.0,165.73188394903713,453.8864475187442,98.44890518702069,39.689918104236476,13.925107978026245,45.608324325810706,9.561910379885816,4.749382390450046,0.0,0.0,0.0,0.0,0.0,model2,4.0,False,8127.0
2709,2015-12-06T20:00:00Z,40.0,165.82363286643925,443.21485499508753,98.89995994683906,39.892922446810495,14.871946080024006,39.14094926761818,9.394144610034637,4.490588240204404,0.0,0.0,0.0,0.0,0.0,model2,4.0,False,8130.0
2710,2015-12-06T23:00:00Z,40.0,165.638581418319,445.72913009169264,98.23040848037823,39.58654349949689,14.773639192474127,40.06447691166128,9.528038258457444,4.683928602290983,0.0,0.0,0.0,0.0,0.0,model2,4.0,False,8133.0
2711,2015-12-07T02:00:00Z,40.0,168.21364956834597,440.6372969368321,99.030846874752,38.93850843616272,14.654931930265784,38.9203163856809,8.964552908362242,4.8832039691863365,0.0,0.0,0.0,0.0,0.0,model2,4.0,False,8136.0
2712,2015-12-07T05:00:00Z,40.0,167.9586170166258,442.3823160124502,99.1878924171338,38.83778651675552,14.612279548337463,43.27292743934503,8.732142299927316,4.947755879495843,0.0,0.0,0.0,0.0,0.0,model2,4.0,False,8139.0
2713,2015-12-07T08:00:00Z,40.0,164.2557261456484,442.26716770849737,100.68219167972931,38.60161277429742,13.640508105909015,38.51148179357885,9.016389250553662,4.6595880555012625,0.0,0.0,0.0,0.0,0.0,model2,4.0,False,8142.0
2714,2015-12-07T11:00:00Z,40.0,164.65030024844663,448.1934688737602,99.5699952574889,38.74749239424909,13.910694358746698,47.13051474259408,8.169452364526688,4.567113244081916,0.0,0.0,0.0,0.0,0.0,model2,4.0,False,8145.0
2715,2015-12-07T14:00:00Z,40.0,166.5980954589543,451.1541377515989,99.900101998691,38.851867221075686,13.28874821501858,47.009320839588135,8.802086327871855,4.793856971031829,0.0,0.0,0.0,0.0,0.0,model2,4.0,False,8148.0
2716,2015-12-07T17:00:00Z,40.0,168.38636257236308,452.77645156820165,100.28452908730335,39.227924596567725,13.347127851186904,45.7616933655353,9.1756382554235,4.02327284063842,0.0,0.0,0.0,0.0,0.0,model2,4.0,False,8151.0
2717,2015-12-07T20:00:00Z,40.0,168.26983788288499,451.3578100105529,100.85010460686323,39.12868321805594,15.631493573338046,51.803329369799975,9.2499572280839,3.929619368347497,0.0,0.0,0.0,0.0,0.0,model2,4.0,False,8154.0
2718,2015-12-07T23:00:00Z,40.0,169.3460787127967,449.8838569257192,101.85042256393044,39.81830574112949,16.236007586803602,52.92334382566565,9.573452255083328,3.9779205072701824,0.0,0.0,0.0,0.0,0.0,model2,4.0,False,8157.0
2719,2015-12-08T02:00:00Z,40.0,165.32294719954882,457.376420722124,101.10571087934895,40.1936443747166,17.22512866271042,58.49890915511032,9.501398990533778,3.5447598871335586,0.0,0.0,0.0,0.0,0.0,model2,4.0,False,8160.0
2720,2015-12-08T05:00:00Z,40.0,166.69998644595395,460.0160508118406,101.21300126596924,40.80714912703181,17.561148838939502,57.32913519092039,9.812847760239409,3.8936336991623337,0.0,0.0,0.0,0.0,0.0,model2,4.0,False,8163.0
2721,2015-12-08T08:00:00Z,40.0,166.5268989841954,450.6079296681411,100.25933885268688,40.19703971847889,18.027720685437398,61.36336839564818,9.084458092849463,4.0621592034385055,0.0,0.0,0.0,0.0,0.0,model2,4.0,False,8166.0
2722,2015-12-08T11:00:00Z,40.0,165.77667959435945,446.3599325992186,101.12117192077707,39.92124035975691,17.916716592364487,59.315657254569594,8.86246170218757,3.976379535154752,0.0,0.0,0.0,0.0,0.0,model2,4.0,False,8169.0
2723,2015-12-08T14:00:00Z,40.0,164.71755508416484,452.27930514541663,100.84345996258841,39.11925842770295,18.445895728051887,62.724126025313815,9.490389622794414,4.667470567219646,0.0,0.0,0.0,0.0,0.0,model2,4.0,False,8172.0
2724,2015-12-08T17:00:00Z,40.0,164.13739736338871,448.9539859775631,101.004268352985,39.66354730266036,18.562488500084246,63.70532586630714,9.891677295646435,5.519354281243866,0.0,0.0,0.0,0.0,0.0,model2,4.0,False,8175.0
2725,2015-12-08T20:00:00Z,40.0,162.83595438569102,459.4243238483467,101.12774453864463,39.657487547457,16.13930335747186,61.83387918582267,10.114086365144905,5.526854078410096,0.0,0.0,0.0,0.0,0.0,model2,4.0,False,8178.0
2726,2015-12-08T23:00:00Z,40.0,163.6665265792542,452.4648149584803,101.28514362364126,39.26717341719797,16.69415798392897,64.3633349142029,10.021083821543256,5.3127592231487455,0.0,0.0,0.0,0.0,0.0,model2,4.0,False,8181.0
2727,2015-12-09T02:00:00Z,40.0,164.55793614675997,448.605002546449,101.01941070608335,39.0871985881414,15.877907082985379,58.36808807109984,10.552690604719954,5.420617480650883,0.0,0.0,0.0,0.0,0.0,model2,4.0,False,8184.0
2728,2015-12-09T05:00:00Z,40.0,165.88482626779802,447.4702763765599,101.01513224615692,38.39253383419341,17.798723971103534,57.12177965749855,10.488405276003725,4.8267813609071055,0.0,0.0,0.0,0.0,0.0,model2,4.0,False,8187.0
2729,2015-12-09T08:00:00Z,40.0,166.00143325436113,451.70229653570397,100.51681782472069,38.89705745428922,17.050424192643106,56.86534191899674,10.151925441369887,4.961484805053665,0.0,0.0,0.0,0.0,0.0,model2,4.0,False,8190.0
2730,2015-12-09T11:00:00Z,40.0,168.94203248913416,457.67784699791235,99.80433020751812,38.53658963799222,17.139799531143307,52.899345737094094,10.285608041609569,5.114449059035579,0.0,0.0,0.0,0.0,0.0,model2,4.0,False,8193.0
2731,2015-12-09T14:00:00Z,40.0,169.77469205483186,458.709839492002,99.42784570922787,39.453293646309056,18.528254594388255,49.449406080221024,9.097096005882149,4.477622726743438,0.0,0.0,0.0,0.0,0.0,model2,4.0,False,8196.0
2732,2015-12-09T17:00:00Z,40.0,168.61326722827826,462.93533721689397,100.061837124688,39.031808726742675,18.79053128974616,47.253952552045234,8.502026331358369,3.761254699123517,0.0,0.0,0.0,0.0,0.0,model2,4.0,False,8199.0
2733,2015-12-09T20:00:00Z,40.0,170.85327284903943,453.60276717892,99.255889194905,39.43927040356332,18.2355267036794,43.831423363356045,8.006341862745671,4.105090597626036,0.0,0.0,0.0,0.0,0.0,model2,4.0,False,8202.0
2734,2015-12-09T23:00:00Z,40.0,169.89570728054537,459.47815772679047,98.15492267974928,39.253522153220246,17.638038289971938,39.22812662351184,7.2297504132707155,4.298240770664425,0.0,0.0,0.0,0.0,0.0,model2,4.0,False,8205.0
2735,2015-12-10T02:00:00Z,40.0,171.37364145811347,458.90824652956064,99.04471261579715,39.33211011134209,16.9628907429479,54.08358258064946,6.649705941780658,4.239526652518316,0.0,0.0,0.0,0.0,0.0,model2,4.0,False,8208.0
2736,2015-12-10T05:00:00Z,40.0,169.13880968616076,457.5016095960417,99.42879182134745,39.63929130156681,15.043079045279816,53.36384230082336,6.327788633719517,4.450523502650751,0.0,0.0,0.0,0.0,0.0,model2,4.0,False,8211.0
2737,2015-12-10T08:00:00Z,40.0,170.55410210948793,462.97342656430055,99.40431034436321,39.61217816269983,14.01487487284539,50.3034974931073,7.021481131738526,4.453246579711411,0.0,0.0,0.0,0.0,0.0,model2,4.0,False,8214.0
2738,2015-12-10T11:00:00Z,40.0,167.9048934461269,461.6320402686457,100.23697861492448,40.1800373280194,12.857184550653367,54.665935181382,7.004554475127296,4.301022216491454,0.0,0.0,0.0,0.0,0.0,model2,4.0,False,8217.0
2739,2015-12-10T14:00:00Z,40.0,169.2801157652068,454.78389291831496,101.39187782324005,39.72073409982514,10.152019961232787,53.25561170722436,7.201660934401595,4.476314717742593,0.0,0.0,0.0,0.0,0.0,model2,4.0,False,8220.0
2740,2015-12-10T17:00:00Z,40.0,171.00596448583684,458.711390305607,99.69103193595241,39.46523849740764,9.173940660470842,53.27359063528197,7.603607574776968,4.1734659740548095,0.0,0.0,0.0,0.0,0.0,model2,4.0,False,8223.0
2741,2015-12-10T20:00:00Z,40.0,168.20707141283742,466.65438022734656,101.0443987767522,39.114291446236145,10.309090173817033,54.38617873637803,8.664194161017393,4.0285109660157445,0.0,0.0,0.0,0.0,0.0,model2,4.0,False,8226.0
2742,2015-12-10T23:00:00Z,40.0,167.02499638412615,471.3748131004554,102.31434628013321,40.09105615802818,10.691835174381863,54.616671263716796,8.390987190445685,4.603881001522148,0.0,0.0,0.0,0.0,0.0,model2,4.0,False,8229.0
2743,2015-12-11T02:00:00Z,40.0,166.8403381876384,470.62787840578864,101.61095342382332,40.30599207444392,12.024519649068427,44.35812135298103,8.759029129332736,4.67676931438613,0.0,0.0,0.0,0.0,0.0,model2,4.0,False,8232.0
2744,2015-12-11T05:00:00Z,40.0,168.75729102112967,472.0442132147329,100.14504104259537,40.02059202300145,13.780958898143124,45.50279110552774,9.565435904849648,4.496516677331197,0.0,0.0,0.0,0.0,0.0,model2,4.0,False,8235.0
2745,2015-12-11T08:00:00Z,40.0,168.44750364203608,466.27698921002127,101.41548814111802,39.97601916700813,14.223817603901924,51.297495181153046,9.885636968857588,4.491764745552207,0.0,0.0,0.0,0.0,0.0,model2,4.0,False,8238.0
2746,2015-12-11T11:00:00Z,40.0,169.58007715217562,460.0384268991462,101.31921917086352,39.10385543721261,17.46279492165851,48.46014331515976,9.871387540862044,4.920187677733248,0.0,0.0,0.0,0.0,0.0,model2,4.0,False,8241.0
2747,2015-12-11T14:00:00Z,40.0,168.1624731556364,461.42538226474267,100.35777289398287,39.55717484081053,17.20643481485199,49.854552135424434,9.714744853865836,4.877967520481656,0.0,0.0,0.0,0.0,0.0,model2,4.0,False,8244.0
2748,2015-12-11T17:00:00Z,40.0,166.0800663806045,456.9989627439087,102.80827944826453,40.212362010906574,17.375940520477528,50.64059088829497,10.851051423127258,4.854567631880813,0.0,0.0,0.0,0.0,0.0,model2,4.0,False,8247.0
2749,2015-12-11T20:00:00Z,40.0,168.64128778321947,453.4088361410881,99.40599395763869,40.25154396579507,16.998287958508218,47.353998922305756,11.401178180494485,4.8622229480616594,0.0,0.0,0.0,0.0,0.0,model2,4.0,False,8250.0
2750,2015-12-11T23:00:00Z,40.0,170.60821155280485,448.0302888367208,98.43946002958931,39.287818534302495,16.976224860313724,47.969028265762645,11.102242713137837,4.159858176837384,0.0,0.0,0.0,0.0,0.0,model2,4.0,False,8253.0
2751,2015-12-12T02:00:00Z,40.0,171.05853584234413,449.3728188266643,97.8901275779731,39.17818213999253,15.69550424860069,45.560755604142415,11.406731904363749,4.051682197185228,0.0,0.0,0.0,0.0,0.0,model2,4.0,False,8256.0
2752,2015-12-12T05:00:00Z,40.0,170.4671977219615,447.25555144119727,99.24082738499337,39.08063854412351,14.703059691746578,47.76525212573479,10.924487494636619,3.9553403105081446,0.0,0.0,0.0,0.0,0.0,model2,4.0,False,8259.0
2753,2015-12-12T08:00:00Z,40.0,170.2683071274876,447.5779517741401,98.7328270892354,39.160029440338896,15.388562295950935,41.77425349474228,9.697262998885344,3.924862836875108,0.0,0.0,0.0,0.0,0.0,model2,4.0,False,8262.0
2754,2015-12-12T11:00:00Z,40.0,170.47042191431984,446.43496381444123,97.29770379097457,39.53951801272591,11.673217678883647,42.62901402524015,10.019997836984013,3.5483083292494366,0.0,0.0,0.0,0.0,0.0,model2,4.0,False,8265.0
2755,2015-12-12T14:00:00Z,40.0,170.93263638764807,446.09436340545625,98.77312587206907,39.55480649351472,12.166634293709825,39.98226435062553,10.96527739066777,3.623424248223992,0.0,0.0,0.0,0.0,0.0,model2,4.0,False,8268.0
2756,2015-12-12T17:00:00Z,40.0,171.88461864507934,448.93935284839273,97.143329512985,39.38944338770536,12.54190705523833,42.84615459729329,8.92448134803315,3.6717531015412814,0.0,0.0,0.0,0.0,0.0,model2,4.0,False,8271.0
2757,2015-12-12T20:00:00Z,40.0,171.83053453433968,449.95028779498153,99.15854220754845,39.90700608744229,12.460580957232487,42.174832625512856,8.29798082488593,3.629965458167404,0.0,0.0,0.0,0.0,0.0,model2,4.0,False,8274.0
2758,2015-12-12T23:00:00Z,40.0,170.79589901040762,450.895918424421,98.7799249311152,40.011272175059155,12.897501512394715,39.33834633945199,9.542973735066509,3.829291317349421,0.0,0.0,0.0,0.0,0.0,model2,4.0,False,8277.0
2759,2015-12-13T02:00:00Z,40.0,170.61995734875913,444.99102011862885,100.52352518996628,40.75681413703539,13.07282712318886,40.960044434420475,9.178356127210826,4.439706036931682,0.0,0.0,0.0,0.0,0.0,model2,4.0,False,8280.0
2760,2015-12-13T05:00:00Z,40.0,169.64485201900098,441.7366757204784,100.56742800225894,40.74633478512471,12.952187619591458,35.9739271858815,9.355571620443408,4.436363540538026,0.0,0.0,0.0,0.0,0.0,model2,4.0,False,8283.0
2761,2015-12-13T08:00:00Z,40.0,171.8734000249313,447.510814090796,104.76229195962179,40.85392048689383,12.322701645272891,39.420727476152756,14.704205133146742,4.329184962644179,0.0,0.0,0.0,0.0,0.0,model2,4.0,False,8286.0
2762,2015-12-13T11:00:00Z,40.0,173.28537855636722,455.63451761998886,110.46346201753131,41.32934333563267,12.817735636499279,39.38489365004582,17.110553379811453,3.847643904090991,0.0,0.0,0.0,0.0,0.0,model2,4.0,False,8289.0
2763,2015-12-13T14:00:00Z,40.0,173.98536773919292,454.7161581450875,111.79613953194686,41.06490379777631,12.181417330297565,42.53213310494026,17.721040223418242,3.812406185432056,0.0,0.0,0.0,0.0,0.0,model2,4.0,False,8292.0
2764,2015-12-13T17:00:00Z,40.0,175.9276916629837,457.14526533031625,115.42739203842916,41.41655529120133,11.267866772767956,39.47587590048322,17.82622644110552,3.89759007624088,0.0,0.0,0.0,0.0,0.0,model2,4.0,False,8295.0
2765,2015-12-13T20:00:00Z,40.0,175.19489452718003,454.6162342439486,118.08431000409786,40.46986727348477,11.633686485642064,40.77240381071017,17.852159399873567,4.3828314653418685,0.0,0.0,0.0,0.0,0.0,model2,4.0,False,8298.0
2766,2015-12-13T23:00:00Z,40.0,175.8585274479311,452.0887431559317,121.66852751564801,40.66763571197127,10.724081245553933,46.23602215576202,14.902180807207543,4.2224228624737945,0.0,0.0,0.0,0.0,0.0,model2,4.0,False,8301.0
2767,2015-12-14T02:00:00Z,40.0,175.68194228728817,454.2314726852781,124.84170765997987,39.956076527606115,12.848800242880593,49.494583434386996,13.743758692745642,3.3613223603000044,0.0,0.0,0.0,0.0,0.0,model2,4.0,False,8304.0
2768,2015-12-14T05:00:00Z,40.0,175.12576401596849,459.71838803221533,129.06426405687554,40.05115873205297,14.898843958257991,50.530959119264146,10.174799150309884,3.4292718444524963,0.0,0.0,0.0,0.0,0.0,model2,4.0,False,8307.0
2769,2015-12-14T08:00:00Z,40.0,174.85576996209346,451.9918770490409,128.71405060615658,39.76953280234692,16.49167431121911,50.6719749996133,10.041699831997716,4.624956793914751,0.0,0.0,0.0,1.0,0.0,model2,4.0,True,8310.0
2770,2015-12-14T11:00:00Z,40.0,174.79735036928452,448.0280120924317,126.33228182623242,40.562738329009,16.75303873913754,48.18987582180198,10.086986498507258,5.233551492696684,0.0,0.0,0.0,1.0,0.0,model2,4.0,True,8313.0
2771,2015-12-14T14:00:00Z,40.0,173.36949144660622,448.1175853039273,126.65185568366788,40.802637902241614,17.552056243366607,46.39491642017649,10.486001432202109,5.314229410879723,0.0,0.0,0.0,1.0,0.0,model2,4.0,True,8316.0
2772,2015-12-14T17:00:00Z,40.0,171.20495326115412,440.84006194092973,126.2201172069653,41.09906349785346,17.534407416042733,47.07017250655871,10.010134515073752,5.497351563708218,0.0,0.0,0.0,1.0,0.0,model2,4.0,True,8319.0
2773,2015-12-14T20:00:00Z,40.0,171.41648478421737,441.99912891406717,126.31872730790107,40.62383363932357,18.594044017147752,51.98734284407988,10.682457648231235,5.9338174514141215,0.0,0.0,0.0,1.0,0.0,model2,4.0,True,8322.0
2774,2015-12-14T23:00:00Z,40.0,168.3028331311074,447.509763705812,128.18553579661062,40.15805745783648,19.15053083697036,49.266742423440405,12.319445205002092,6.074985852215778,0.0,0.0,0.0,1.0,0.0,model2,4.0,True,8325.0
2775,2015-12-15T02:00:00Z,40.0,169.4560928793687,454.4400765041201,127.595874222366,40.276955690174226,18.201518903607592,47.80109073831546,12.15262179352877,6.049668404465492,0.0,0.0,0.0,1.0,0.0,model2,4.0,True,8328.0
2776,2015-12-15T05:00:00Z,40.0,169.23213992048358,451.0143224900409,126.40188986396595,40.600443842705886,16.68746303083016,45.05127726670676,11.919667287928748,5.961301433994862,0.0,0.0,0.0,1.0,0.0,model2,4.0,True,8331.0
2777,2015-12-15T08:00:00Z,40.0,170.75084778548867,455.9062405994187,122.59638989104386,41.32709268333579,16.395992117527946,43.12373286189985,16.452709195305818,5.2767790271665325,0.0,0.0,0.0,0.0,0.0,model2,4.0,False,8334.0
2778,2015-12-15T11:00:00Z,40.0,169.40757285902419,453.2028652689972,120.35238164562759,40.40689301235828,15.467379115431488,46.16831799794871,18.073034026931968,5.312091914015669,0.0,0.0,0.0,0.0,0.0,model2,4.0,False,8337.0
2779,2015-12-15T14:00:00Z,40.0,170.49237855253696,455.21920053295975,116.23822651321035,39.47790302191053,14.784729168360816,56.021280590406256,20.46167434108423,5.6535305508982265,0.0,0.0,0.0,0.0,0.0,model2,4.0,False,8340.0
2780,2015-12-15T17:00:00Z,40.0,171.62548337779725,463.0309621718112,114.26093674740068,39.23235999437736,14.15397795820292,54.90893531120804,20.337553457857272,5.316691220257703,0.0,0.0,0.0,0.0,0.0,model2,4.0,False,8343.0
2781,2015-12-15T20:00:00Z,40.0,172.01587351089367,462.26053560731873,110.47047977465652,40.17500764179034,12.405090753010704,50.28995034503239,19.87548998271161,5.280920102331879,0.0,0.0,0.0,0.0,0.0,model2,4.0,False,8346.0
2782,2015-12-15T23:00:00Z,40.0,174.92713382304038,461.3723607508052,104.41158847437129,40.38552620300421,10.638863552312618,53.856988755655394,17.247903116987473,5.122059065924701,0.0,0.0,0.0,0.0,0.0,model2,4.0,False,8349.0
2783,2015-12-16T02:00:00Z,40.0,177.0415360882165,447.82791594202,101.14505411651652,40.27516263205328,12.113927793645644,57.660855260784025,15.697282263328722,5.206682425548099,0.0,0.0,0.0,0.0,0.0,model2,4.0,False,8352.0
2784,2015-12-16T05:00:00Z,40.0,176.66243977659698,450.8105984125376,98.1820670081084,39.82055603033697,13.493967465165035,59.285972526830996,12.714818329120858,5.295374640617248,0.0,0.0,0.0,0.0,0.0,model2,4.0,False,8355.0
2785,2015-12-16T08:00:00Z,40.0,173.26326730745922,455.2318399322418,98.4256717966493,40.00508952759873,13.147290071516993,61.80260364185096,10.655608493850842,5.525689246160573,0.0,0.0,0.0,0.0,0.0,model2,4.0,False,8358.0
2786,2015-12-16T11:00:00Z,40.0,174.70400281835987,459.11800145613336,99.02250965043191,40.56206713942694,13.773220315564046,61.90831973933125,11.158456247675316,5.188850292192057,0.0,0.0,0.0,0.0,0.0,model2,4.0,False,8361.0
2787,2015-12-16T14:00:00Z,40.0,173.50322714066945,454.9567872788914,100.10083515449624,41.550976123379094,14.569917851330507,55.76843864581506,10.489494692796985,4.4504237184534245,0.0,0.0,0.0,0.0,0.0,model2,4.0,False,8364.0
2788,2015-12-16T17:00:00Z,40.0,174.08041309954785,447.5703758260354,99.28326281230372,41.1401892284849,15.089648767035243,58.100354023471525,9.980466511434873,4.346577878830127,0.0,0.0,0.0,0.0,0.0,model2,4.0,False,8367.0
2789,2015-12-16T20:00:00Z,40.0,173.4678872016457,448.0451716571438,100.16322844794878,42.07792727658667,15.545581044690735,61.911530750497434,10.365368138967613,4.340120343703132,0.0,0.0,0.0,0.0,0.0,model2,4.0,False,8370.0
2790,2015-12-16T23:00:00Z,40.0,174.4345012859386,441.8218818674598,100.98242428934141,42.1232347917482,16.250306257088198,60.11511408214411,11.460473865830775,5.235037094277564,0.0,0.0,0.0,0.0,0.0,model2,4.0,False,8373.0
2791,2015-12-17T02:00:00Z,40.0,171.45186486002612,449.2808923779226,101.1538944697328,42.02313029959205,15.886281204808428,54.28899947362522,10.888288462533914,5.656111717022803,0.0,0.0,0.0,0.0,0.0,model2,4.0,False,8376.0
2792,2015-12-17T05:00:00Z,40.0,171.12973755226645,443.87219007887376,101.07361083647328,42.755466925309726,15.704997037494525,56.03515866900853,11.334391854231734,5.907831075186522,0.0,1.0,0.0,0.0,0.0,model2,4.0,False,8379.0
2793,2015-12-17T08:00:00Z,40.0,172.63384752285458,435.2746957794557,101.06066276013318,42.379975148953854,15.075278011251907,57.75431939693403,11.139975710334395,5.820862629793607,0.0,1.0,0.0,0.0,0.0,model2,4.0,False,8382.0
2794,2015-12-17T11:00:00Z,40.0,171.59936467605613,431.4150067648292,100.14902863663704,42.1567897666764,17.640710285594476,54.424375706279385,11.096868615930175,5.775031497730503,0.0,1.0,0.0,0.0,0.0,model2,4.0,False,8385.0
2795,2015-12-17T14:00:00Z,40.0,173.43705154642257,431.3644711125905,99.34439720138755,41.82740134548942,17.35200509504159,52.13073803363066,10.931404699758096,5.8913685827626905,0.0,1.0,0.0,0.0,0.0,model2,4.0,False,8388.0
2796,2015-12-17T17:00:00Z,40.0,172.4110445869245,433.46777123881935,99.44762556453242,42.192143253578685,17.084864172291727,47.19987093350829,10.994319784795067,6.130572654227683,0.0,1.0,0.0,0.0,0.0,model2,4.0,False,8391.0
2797,2015-12-17T20:00:00Z,40.0,170.29545860931714,431.85064502036926,99.07437849347099,41.40488857422792,17.96741550014279,40.98292892421667,10.812922051149304,5.7861926820278775,0.0,1.0,0.0,0.0,0.0,model2,4.0,False,8394.0
2798,2015-12-17T23:00:00Z,40.0,169.15222468462596,438.0862377703881,98.80695285656324,41.82430763540138,16.570425475333106,44.994690119126645,8.19676722925708,4.897539409728581,0.0,1.0,0.0,0.0,0.0,model2,4.0,False,8397.0
2799,2015-12-18T02:00:00Z,40.0,170.4288419037124,441.9920440425712,99.04167925351592,42.07352831064189,15.731482323401039,56.544086387606754,8.316714724342521,4.435894510947254,0.0,1.0,0.0,0.0,0.0,model2,4.0,False,8400.0
2800,2015-12-18T05:00:00Z,40.0,172.48074356010122,442.7571349305173,99.26162695237858,41.821652242477825,14.950257826646313,57.567557193398116,8.053724391686309,3.6629654218527614,0.0,0.0,0.0,0.0,0.0,model2,4.0,False,8403.0
2801,2015-12-18T08:00:00Z,40.0,170.21679729429547,444.6084266514598,99.79869422826393,41.66688399459698,16.163620211587244,53.634179832037326,9.052045910810039,3.721552946946101,0.0,0.0,0.0,0.0,0.0,model2,4.0,False,8406.0
2802,2015-12-18T11:00:00Z,40.0,168.02337168129145,449.44189341439346,100.30263043336832,41.81470697840714,12.773434582527127,54.99571501556185,8.921474381483735,3.827631763808831,0.0,0.0,0.0,0.0,0.0,model2,4.0,False,8409.0
2803,2015-12-18T14:00:00Z,40.0,167.43715021583606,454.48045959660965,100.43269742152698,41.44478168702129,12.263061036854827,55.58118992020282,9.311240730536213,4.538261706067108,0.0,0.0,0.0,0.0,0.0,model2,4.0,False,8412.0
2804,2015-12-18T17:00:00Z,40.0,165.85459566315217,463.813876619336,99.68935642145006,41.000677154028686,12.621366015295653,60.56638186033284,9.543753148866312,4.2440019330862375,0.0,0.0,0.0,0.0,0.0,model2,4.0,False,8415.0
2805,2015-12-18T20:00:00Z,40.0,166.65159695691082,461.08816871100373,99.91927644608054,40.77099438857979,12.107260779996714,62.23516579507254,10.083662573083757,5.019895339719435,0.0,0.0,0.0,0.0,0.0,model2,4.0,False,8418.0
2806,2015-12-18T23:00:00Z,40.0,165.8128081119477,462.85455390513084,100.71635620918177,40.54133680085519,12.530120032160324,62.0233318494475,11.214106593985234,5.101452449136076,0.0,0.0,0.0,0.0,0.0,model2,4.0,False,8421.0
2807,2015-12-19T02:00:00Z,40.0,164.96112446143212,461.0045523676608,100.169776960128,40.25638803717552,11.540536079383696,53.207693419738504,12.091472028168182,5.223178505048206,0.0,0.0,0.0,0.0,0.0,model2,4.0,False,8424.0
2808,2015-12-19T05:00:00Z,40.0,165.39526724126404,468.201440621337,98.7183062061001,40.11264950799801,11.87090821153324,48.96214211632682,12.775646592995994,5.333056813549093,0.0,0.0,0.0,0.0,0.0,model2,4.0,False,8427.0
2809,2015-12-19T08:00:00Z,40.0,166.7902222400283,469.493528394686,96.59587759247648,39.43625036828272,11.140855905478327,45.24972227063663,11.954256582317974,5.248335770507434,0.0,0.0,0.0,0.0,0.0,model2,4.0,False,8430.0
2810,2015-12-19T11:00:00Z,40.0,168.9687441101325,468.80524474588094,96.44131522727928,38.493917131549374,11.177157110673242,44.34512967793953,11.773697599998375,5.314923910371483,0.0,0.0,0.0,0.0,0.0,model2,4.0,False,8433.0
2811,2015-12-19T14:00:00Z,40.0,167.2679768900111,468.20284200399794,97.51145576583193,39.169506679754036,11.739669480462716,43.956813378703366,11.8221974259394,5.2979899518608295,0.0,0.0,0.0,0.0,0.0,model2,4.0,False,8436.0
2812,2015-12-19T17:00:00Z,40.0,170.3616542718047,463.78349871562654,98.35729061516764,39.01573239757421,13.642053190201876,44.0184689794569,11.848747754876216,5.607399445193682,0.0,0.0,0.0,0.0,0.0,model2,4.0,False,8439.0
2813,2015-12-19T20:00:00Z,40.0,171.31216603174025,472.93591540815765,98.59659884466149,38.815103106947156,13.167566514547074,42.44975591819213,11.16614049514452,4.689418137760263,0.0,0.0,0.0,0.0,0.0,model2,4.0,False,8442.0
2814,2015-12-19T23:00:00Z,40.0,172.16213512496842,468.22980886177436,99.3823520161722,38.7713257840269,12.571190938793292,37.551807924903606,10.34724121208163,4.558166112588449,0.0,0.0,0.0,0.0,0.0,model2,4.0,False,8445.0
2815,2015-12-20T02:00:00Z,40.0,171.70465904928275,459.34406907738236,99.26704854131701,39.0038273233576,14.092192797459074,49.58315631676562,9.31322361100909,4.348052647341467,0.0,0.0,0.0,0.0,0.0,model2,4.0,False,8448.0
2816,2015-12-20T05:00:00Z,40.0,169.02146587515722,454.3816965030095,100.1272151915727,39.26693814572757,15.430377029427811,46.84331646015305,8.550736633584696,4.4491161130094765,0.0,0.0,0.0,0.0,0.0,model2,4.0,False,8451.0
2817,2015-12-20T08:00:00Z,40.0,168.122870898416,454.75912831451035,100.90953977887199,39.79570956897096,15.734579329548176,48.03735775923077,8.325575643171515,4.344400771562743,0.0,0.0,0.0,0.0,0.0,model2,4.0,False,8454.0
2818,2015-12-20T11:00:00Z,40.0,167.23803994274738,453.256875413493,101.29235868047331,40.47323807305485,16.1821061156573,47.11501649450811,8.535617706965782,3.82795251321607,0.0,0.0,0.0,0.0,0.0,model2,4.0,False,8457.0
2819,2015-12-20T14:00:00Z,40.0,169.34940275356638,447.95702980588203,102.08107613005673,40.52900443068143,15.885756842402884,49.65463170895334,8.532230923006225,3.716692766186146,0.0,0.0,0.0,1.0,0.0,model2,4.0,False,8460.0
2820,2015-12-20T17:00:00Z,40.0,168.39307798280575,445.79912527940803,101.57679500450482,41.22510276600879,13.249158722777448,44.1915555276395,8.438760427266608,3.2562544664702178,0.0,0.0,0.0,1.0,0.0,model2,4.0,False,8463.0
2821,2015-12-20T20:00:00Z,40.0,166.99832725493607,443.5269515260895,100.39859905151636,41.77398404968265,14.11725195075658,46.06395951664661,10.054542367081881,3.044362472117164,0.0,0.0,0.0,1.0,0.0,model2,4.0,False,8466.0
2822,2015-12-20T23:00:00Z,40.0,166.65498290861734,442.6278359053705,99.47534044673756,41.793509329849755,13.850098790512595,47.0736880640716,11.241862477380886,3.4094679423383005,0.0,0.0,0.0,1.0,0.0,model2,4.0,False,8469.0
2823,2015-12-21T02:00:00Z,40.0,164.58369814888042,446.80109202281136,99.34545895837921,41.583528026748816,13.882197840575724,39.861843793200265,11.296629824724235,3.5056557052373267,0.0,0.0,0.0,1.0,0.0,model2,4.0,False,8472.0
2824,2015-12-21T05:00:00Z,40.0,167.0880131345284,449.5125665515938,99.44386264021269,41.39232132247599,13.220435301078036,41.42620612637709,11.539663740222846,3.370427366879768,0.0,0.0,0.0,1.0,0.0,model2,4.0,False,8475.0
2825,2015-12-21T08:00:00Z,40.0,167.57345957477042,445.82883023269517,101.50082264325336,41.322145764277465,13.03364991683586,43.4067741557989,11.814963002440074,3.4122776501583862,0.0,0.0,0.0,1.0,0.0,model2,4.0,False,8478.0
2826,2015-12-21T11:00:00Z,40.0,167.1925355290946,444.55161474591523,102.02882991954051,40.96428239133745,12.042471328163645,44.001267235604885,11.868448944525076,3.833775787297524,0.0,0.0,0.0,1.0,0.0,model2,4.0,False,8481.0
2827,2015-12-21T14:00:00Z,40.0,167.79897335918218,453.8662697215732,101.8720285149376,40.645740842558816,12.692899263109233,46.28018684861243,11.70660390185468,3.715089427827416,0.0,0.0,0.0,0.0,0.0,model2,4.0,False,8484.0
2828,2015-12-21T17:00:00Z,40.0,168.06255043101166,442.5208124699117,101.71010007255138,40.00834252180693,12.92278218960626,57.3441844517405,11.74157634500332,3.932898436777544,0.0,0.0,0.0,0.0,0.0,model2,4.0,False,8487.0
2829,2015-12-21T20:00:00Z,40.0,169.25345973419437,438.65037118254935,102.41630625907185,39.7708014310391,11.98085228025741,50.96798524636626,10.739283226757712,4.03463801942086,0.0,0.0,0.0,0.0,0.0,model2,4.0,False,8490.0
2830,2015-12-21T23:00:00Z,40.0,168.71194384185375,438.37968438672425,102.18187555065431,39.46600189500414,11.919026610282614,49.89641348475607,9.069098986272724,4.3660104050656,0.0,0.0,0.0,0.0,0.0,model2,4.0,False,8493.0
2831,2015-12-22T02:00:00Z,40.0,171.69607670708245,441.82999650955367,101.86928175534577,39.80577401843777,9.356844776345929,58.10861018111198,9.126348451966166,4.944002238760607,0.0,0.0,0.0,0.0,0.0,model2,4.0,False,8496.0
2832,2015-12-22T05:00:00Z,40.0,170.75550376813263,435.76274872741976,102.69572865736092,39.23961852146324,9.663799783755042,59.170181310268404,8.220459132669756,5.043176855004182,0.0,0.0,0.0,0.0,0.0,model2,4.0,False,8499.0
2833,2015-12-22T08:00:00Z,40.0,173.01219426318147,432.04386443406486,101.15593617979059,38.4868680086328,10.300895845384362,59.36541148795454,7.6324007311560775,5.202355367654531,0.0,0.0,0.0,0.0,0.0,model2,4.0,False,8502.0
2834,2015-12-22T11:00:00Z,40.0,173.50395091888996,436.2775977055716,99.12679332641711,39.06152793366801,10.256928768929583,61.081466613859355,7.618548937764021,5.372886784098776,0.0,0.0,0.0,0.0,0.0,model2,4.0,False,8505.0
2835,2015-12-22T14:00:00Z,40.0,172.54015678847253,427.23932226074913,97.48167295711582,38.75189085045732,10.026444705152937,54.24549589132245,6.7635798316284275,5.3422909436972414,0.0,0.0,0.0,0.0,0.0,model2,4.0,False,8508.0
2836,2015-12-22T17:00:00Z,40.0,170.4912206834046,438.4665050193977,96.54690414712464,38.48738970370149,11.438908839028276,47.24072337762391,6.997914992755464,5.2290185735586405,0.0,0.0,0.0,0.0,0.0,model2,4.0,False,8511.0
2837,2015-12-22T20:00:00Z,40.0,171.23679700492715,440.10746837178846,96.65675122254022,38.49260501958592,11.3073341995697,49.10316644146488,7.331891998673763,5.834817933656745,0.0,0.0,0.0,0.0,0.0,model2,4.0,False,8514.0
2838,2015-12-22T23:00:00Z,40.0,171.6150389752027,443.9191990464757,97.16228909049593,38.42720942671973,11.845260040746972,49.880690509877326,7.9356527062541256,5.398879822353823,0.0,0.0,0.0,0.0,0.0,model2,4.0,False,8517.0
2839,2015-12-23T02:00:00Z,40.0,170.4088996315885,447.3558068059852,96.40872854669719,38.239756479892996,14.173132898917466,40.48856457051862,9.082396154667117,4.848097781880103,0.0,0.0,0.0,0.0,0.0,model2,4.0,False,8520.0
2840,2015-12-23T05:00:00Z,40.0,170.03735777070622,456.4233286844578,97.06531793534096,37.69403474990414,14.100517065106935,39.281957443438,10.009851338146982,5.526998039975148,0.0,0.0,0.0,0.0,0.0,model2,4.0,False,8523.0
2841,2015-12-23T08:00:00Z,40.0,169.8200654354906,471.6100567407988,98.4889611811726,38.6946884155501,13.622606831154167,36.06539141707568,10.900163667314102,5.585052133559708,0.0,0.0,0.0,0.0,0.0,model2,4.0,False,8526.0
2842,2015-12-23T11:00:00Z,40.0,170.36674873156892,471.94566507727967,100.78859585504203,38.80205407849963,15.724725892948568,38.768460358280265,11.383942484736414,5.6209440000435436,0.0,0.0,0.0,0.0,0.0,model2,4.0,False,8529.0
2843,2015-12-23T14:00:00Z,40.0,169.1773666655227,474.7430083167264,102.02556388306328,39.28666847850762,17.025354343276078,37.35220413622879,12.096254528919914,5.5686856275071595,0.0,0.0,0.0,0.0,0.0,model2,4.0,False,8532.0
2844,2015-12-23T17:00:00Z,40.0,170.2905186769686,466.8309340667699,102.19304095918629,39.085977139436814,17.638812734224913,43.911096494041175,12.091001764619849,5.466190669855923,0.0,0.0,0.0,0.0,0.0,model2,4.0,False,8535.0
2845,2015-12-23T20:00:00Z,40.0,169.5468188623858,462.5847562387802,102.27903715146195,39.46881517814974,17.700972122927986,53.242332403142,11.513586816140466,4.809907114929716,0.0,0.0,0.0,0.0,0.0,model2,4.0,False,8538.0
2846,2015-12-23T23:00:00Z,40.0,168.6448130013604,456.19602566553567,103.09707827557295,40.07311981421605,18.911258751299826,58.50813549656014,11.800908949182872,5.164884548728593,0.0,0.0,0.0,0.0,0.0,model2,4.0,False,8541.0
2847,2015-12-24T02:00:00Z,40.0,167.2447408560691,453.41047707335747,103.89265606565188,40.351683274055134,18.354798412182515,57.82105217170805,10.236777223338278,5.184017814861897,0.0,0.0,0.0,0.0,0.0,model2,4.0,False,8544.0
2848,2015-12-24T05:00:00Z,40.0,167.8658836172814,444.42492844920486,103.19652154666709,40.764887371718906,18.456408358277407,55.78446686328538,9.835732449626262,4.187457883655542,0.0,0.0,0.0,0.0,0.0,model2,4.0,False,8547.0
2849,2015-12-24T08:00:00Z,40.0,167.57875980089702,436.4483972622809,102.66570571007827,40.109701631137376,18.32163111748674,51.299089314951495,9.562772556333167,4.756447822301811,0.0,0.0,0.0,0.0,0.0,model2,4.0,False,8550.0
2850,2015-12-24T11:00:00Z,40.0,168.26321447289845,431.6429611029402,100.672479281523,40.176421935053966,16.76194273094639,51.87915228548178,10.13068213241948,4.702364440816134,0.0,0.0,0.0,0.0,0.0,model2,4.0,False,8553.0
2851,2015-12-24T14:00:00Z,40.0,168.2927023677745,425.94622600768776,100.04672031674863,39.86545439974319,15.230763612757432,54.25202153018364,9.100458183532362,4.9967952424068685,0.0,0.0,0.0,0.0,0.0,model2,4.0,False,8556.0
2852,2015-12-24T17:00:00Z,40.0,167.99063635261763,434.41160626875626,99.68160139851774,40.78865890936118,13.985322935125312,57.72349451331156,9.224710852967775,4.823698033694481,0.0,0.0,0.0,0.0,0.0,model2,4.0,False,8559.0
2853,2015-12-24T20:00:00Z,40.0,166.34263591482747,432.20895886774116,101.19303594838276,40.57342873745258,14.842883008929665,57.196075461598326,10.071095154998874,4.711981356735482,0.0,0.0,0.0,0.0,0.0,model2,4.0,False,8562.0
2854,2015-12-24T23:00:00Z,40.0,166.0845033939267,435.13951974223806,100.14572534679847,40.60204529450827,12.861048434085731,55.07752279629158,10.569950493443557,4.4133837958811375,0.0,0.0,0.0,0.0,0.0,model2,4.0,False,8565.0
2855,2015-12-25T02:00:00Z,40.0,167.69756078710068,438.84708549970907,100.4249639033462,40.3050749697949,11.684584299939196,58.84871219470457,11.139943385679524,4.910024691058925,0.0,0.0,0.0,0.0,0.0,model2,4.0,False,8568.0
2856,2015-12-25T05:00:00Z,40.0,168.27534527749225,442.1429086265796,99.4908185623616,40.79196473104052,11.587758947323074,63.12543284883913,11.21398115928318,4.6824162102414055,0.0,0.0,0.0,0.0,0.0,model2,4.0,False,8571.0
2857,2015-12-25T08:00:00Z,40.0,165.65771530741972,438.1367689996856,98.36713744634676,40.5303363946774,12.235721508926074,60.582357000345795,10.821469145471903,4.370128188005248,0.0,0.0,0.0,0.0,0.0,model2,4.0,False,8574.0
2858,2015-12-25T11:00:00Z,40.0,164.53503240717762,438.84764683596364,100.3685755683342,39.81632628409613,11.513434943268006,57.85313317169477,10.418451093186405,4.373295900839492,0.0,0.0,0.0,0.0,0.0,model2,4.0,False,8577.0
2859,2015-12-25T14:00:00Z,40.0,164.61162846356805,447.4603899166693,100.77420938182287,39.354301965509826,11.480248034659713,58.81584137919349,10.842388881099772,4.31438979581913,0.0,0.0,0.0,0.0,0.0,model2,4.0,False,8580.0
2860,2015-12-25T17:00:00Z,40.0,164.08151560134425,442.1284902418435,103.01808365980207,39.31723315383832,11.217003205876457,55.56425931236816,10.437976399401824,4.223365353352564,0.0,0.0,0.0,0.0,0.0,model2,4.0,False,8583.0
2861,2015-12-25T20:00:00Z,40.0,165.11000651575463,454.099515985694,101.71077429125157,39.34618867130504,10.054177671041488,53.56397872436499,10.401934919517052,4.228468967820886,0.0,0.0,0.0,0.0,0.0,model2,4.0,False,8586.0
2862,2015-12-25T23:00:00Z,40.0,164.17953378075038,457.2489080875754,102.91164297268813,39.03836164309384,10.94184817416934,52.66241500526765,9.680297918467751,4.002736829004243,0.0,0.0,0.0,0.0,0.0,model2,4.0,False,8589.0
2863,2015-12-26T02:00:00Z,40.0,164.16727503975346,458.06898429319983,103.4273155852583,38.69462851143694,10.653416695553377,51.05841889602645,8.847781870341779,3.5077570409030328,0.0,0.0,0.0,0.0,0.0,model2,4.0,False,8592.0
2864,2015-12-26T05:00:00Z,40.0,165.3897268255347,461.91028335088134,102.66548898267692,39.446237945753886,13.468952463944404,48.34524240999793,10.04003504485454,4.136643530088972,0.0,0.0,0.0,0.0,0.0,model2,4.0,False,8595.0
2865,2015-12-26T08:00:00Z,40.0,167.58396260358853,461.2315890352629,103.8446372051108,39.9356719374097,15.428264848867654,49.79651586913386,9.86452920864182,4.280017190246865,0.0,0.0,0.0,0.0,0.0,model2,4.0,False,8598.0
2866,2015-12-26T11:00:00Z,40.0,167.30642428616991,460.17665029152425,103.40956181805322,40.57123260105455,15.300282203207145,49.22095911405528,10.078399736105954,4.517779824247515,0.0,0.0,0.0,0.0,0.0,model2,4.0,False,8601.0
2867,2015-12-26T14:00:00Z,40.0,169.18626969220855,455.4478349671849,101.57531119847343,41.288228899667935,16.18682793814508,43.71571744379703,10.723892392645554,4.079354147718604,0.0,0.0,0.0,0.0,0.0,model2,4.0,False,8604.0
2868,2015-12-26T17:00:00Z,40.0,169.45843853632758,454.7023694685086,99.80687762862992,40.924544539979614,15.813334432389796,49.50315500474352,10.425891631014665,4.421593714859945,0.0,0.0,0.0,0.0,0.0,model2,4.0,False,8607.0
2869,2015-12-26T20:00:00Z,40.0,169.46039004296077,447.9564789329442,98.18447194828975,40.11119945878226,16.220791113169348,44.725362771267136,11.211420563253801,5.068779607654901,0.0,0.0,0.0,0.0,0.0,model2,4.0,False,8610.0
2870,2015-12-26T23:00:00Z,40.0,171.53712307985634,446.5394145083374,96.11119779332716,39.37900724350671,15.163462884922126,45.57523103626232,10.254857983516393,5.434155499450773,0.0,0.0,0.0,0.0,0.0,model2,4.0,False,8613.0
2871,2015-12-27T02:00:00Z,40.0,171.65114000375578,446.2615019836847,96.4794387427104,40.11876589547597,15.010867636544885,46.04845869103809,11.569443607855275,5.945739764218434,0.0,0.0,0.0,0.0,0.0,model2,4.0,False,8616.0
2872,2015-12-27T05:00:00Z,40.0,169.0666736741093,436.9318576898872,96.29264563513641,39.62704893360949,14.161681029987836,42.54894834683963,11.320902671304715,5.738171365995076,0.0,0.0,0.0,0.0,0.0,model2,4.0,False,8619.0
2873,2015-12-27T08:00:00Z,40.0,166.40868364695953,445.2877144261666,95.33288864803232,39.421422361334024,12.305575602623847,43.69558590255001,10.924313394358661,5.6951812576545775,0.0,0.0,0.0,0.0,0.0,model2,4.0,False,8622.0
2874,2015-12-27T11:00:00Z,40.0,167.71167459598863,445.6470671009829,94.97387932007076,39.54403546736629,12.68798320900146,43.98400048818074,10.231596506235881,5.489583124922798,0.0,0.0,0.0,0.0,0.0,model2,4.0,False,8625.0
2875,2015-12-27T14:00:00Z,40.0,165.02915425749833,448.466125103153,96.23060500479656,39.6593643267685,11.576747412563925,46.0189991770051,10.805129621561562,5.568404357394731,0.0,0.0,0.0,0.0,0.0,model2,4.0,False,8628.0
2876,2015-12-27T17:00:00Z,40.0,166.96839262359603,453.3371723162008,97.43890138506808,39.4251669031111,12.630428107888338,38.79294598517762,12.110561122506105,5.614230714141893,0.0,0.0,0.0,0.0,0.0,model2,4.0,False,8631.0
2877,2015-12-27T20:00:00Z,40.0,167.04421939779888,453.20583353118286,99.18415272133328,40.5093679259768,13.533685492628482,48.25583401829736,11.586353553720501,5.307327288443597,0.0,0.0,0.0,0.0,0.0,model2,4.0,False,8634.0
2878,2015-12-27T23:00:00Z,40.0,164.99399323489766,451.37398132242953,101.0393550774753,41.38717661733345,14.259819053069984,47.16698689833897,11.670691010944411,4.841554614109377,0.0,0.0,0.0,0.0,0.0,model2,4.0,False,8637.0
2879,2015-12-28T02:00:00Z,40.0,166.14563140275763,449.7483263278693,99.94125066873814,40.985383825116244,15.644966656301339,45.308875429104006,11.028094761637103,4.536707054672581,0.0,0.0,0.0,0.0,0.0,model2,4.0,False,8640.0
2880,2015-12-28T05:00:00Z,40.0,166.74249796081938,453.5180420145003,100.36153493496494,40.313673690757106,14.71954976241658,42.93189258120982,10.953284072326007,4.663538068395159,0.0,0.0,0.0,0.0,0.0,model2,4.0,False,8643.0
2881,2015-12-28T08:00:00Z,40.0,169.71905166254388,450.65156757026057,99.54615550748457,40.957838989852405,14.000596612986055,41.55050425127317,10.979238190329264,4.298880251642748,0.0,0.0,0.0,0.0,0.0,model2,4.0,False,8646.0
2882,2015-12-28T11:00:00Z,40.0,171.6724863700835,454.86372586527983,99.44371765236404,40.15387480754851,16.155704445179893,40.27867013314145,11.920810831161132,4.474369468825996,0.0,0.0,0.0,0.0,0.0,model2,4.0,False,8649.0
2883,2015-12-28T14:00:00Z,40.0,172.5242681357365,456.3188121024234,99.68650598451981,40.11838141972346,15.839646895859149,42.52176335367956,12.449357394455564,4.4630930565816245,0.0,0.0,0.0,0.0,0.0,model2,4.0,False,8652.0
2884,2015-12-28T17:00:00Z,40.0,171.38885619361926,455.2186851475897,99.4610492361295,40.63744062682432,16.559560039159727,44.20155026788046,11.262639187133427,4.447485629461907,0.0,0.0,0.0,0.0,0.0,model2,4.0,False,8655.0
2885,2015-12-28T20:00:00Z,40.0,172.34949901629082,454.325999836664,100.44978571368898,39.9512210954628,15.925373288841415,41.10372833868559,11.39312817653346,4.444866606280423,0.0,0.0,0.0,1.0,0.0,model2,4.0,False,8658.0
2886,2015-12-28T23:00:00Z,40.0,174.7800419285833,453.2983807561652,99.8275496078096,39.58495413979221,14.088220802501473,41.782296275469776,11.007134053589096,4.364765763633174,0.0,0.0,0.0,1.0,0.0,model2,4.0,False,8661.0
2887,2015-12-29T02:00:00Z,40.0,172.1754124790379,446.55668663352753,99.56850910353502,39.62039593422144,14.55281679760381,43.16964338381895,11.098971016604805,3.9075641214321375,0.0,0.0,0.0,1.0,0.0,model2,4.0,False,8664.0
2888,2015-12-29T05:00:00Z,40.0,171.2938737309021,452.62856719568254,99.71079190743887,40.22847844954034,15.652681707430125,46.92537681059882,10.791178407372536,4.419315876894091,0.0,0.0,0.0,1.0,0.0,model2,4.0,False,8667.0
2889,2015-12-29T08:00:00Z,40.0,168.21159093149575,457.8135700152001,102.13875215572529,39.571035999755566,16.91343699213329,50.486057443552895,11.353668300928796,4.578251805044716,0.0,0.0,0.0,1.0,0.0,model2,4.0,False,8670.0
2890,2015-12-29T11:00:00Z,40.0,165.3819279694597,456.8151796960894,100.80851285685532,39.62203435288639,14.086584198422749,50.69854545242814,12.140428515841545,4.326088142753515,0.0,0.0,0.0,1.0,0.0,model2,4.0,False,8673.0
2891,2015-12-29T14:00:00Z,40.0,164.4009892431227,456.2491599390496,101.21683098978956,39.44059203409624,14.810364131506699,48.795605440186606,11.247909478560326,4.182012987404776,0.0,0.0,0.0,1.0,0.0,model2,4.0,False,8676.0
2892,2015-12-29T17:00:00Z,40.0,165.58371370022022,456.9302241418328,100.98039627446975,38.63550557621025,14.865263489261208,47.438381693475286,11.962255483345707,4.036271376245527,0.0,0.0,0.0,1.0,0.0,model2,4.0,False,8679.0
2893,2015-12-29T20:00:00Z,40.0,165.45946255128783,463.3958276709249,99.91303919919359,38.700039367595046,14.482765233011751,40.3595286818381,11.609957697559151,3.9078229039543855,0.0,0.0,0.0,0.0,0.0,model2,4.0,False,8682.0
2894,2015-12-29T23:00:00Z,40.0,164.93012916052578,461.51553888814277,98.55818176997565,39.10705630547341,14.119496634069671,46.71373168518548,12.627861033666207,3.939032331353745,0.0,0.0,0.0,0.0,0.0,model2,4.0,False,8685.0
2895,2015-12-30T02:00:00Z,40.0,164.28571236108428,468.95161777696546,99.25737136704387,39.058454144330646,15.953809334141082,44.34701160299138,12.125310809915788,4.4025179867207145,0.0,0.0,0.0,0.0,0.0,model2,4.0,False,8688.0
2896,2015-12-30T05:00:00Z,40.0,162.36350582050667,460.8110100464775,99.83573426942915,38.54019941464075,16.85951873490743,45.59498088661962,12.869446263134822,3.8321196693901536,0.0,0.0,0.0,0.0,0.0,model2,4.0,False,8691.0
2897,2015-12-30T08:00:00Z,40.0,165.24001279993587,453.6291361388502,98.55957512040922,38.806123977827546,16.242068758758588,42.224172908143416,11.921744636409786,3.6218383978429114,0.0,0.0,0.0,0.0,0.0,model2,4.0,False,8694.0
2898,2015-12-30T11:00:00Z,40.0,164.68087469973946,450.5575628848887,99.48995134427948,39.09585729147249,15.964012230906015,45.50596158384147,10.380988773614606,3.933417923815189,0.0,0.0,0.0,0.0,0.0,model2,4.0,False,8697.0
2899,2015-12-30T14:00:00Z,40.0,165.72251781741298,455.23857543294235,98.67717930895849,38.435992587297285,16.31825193671091,45.95861521317046,9.931982021478627,4.560020008988237,0.0,0.0,0.0,0.0,0.0,model2,4.0,False,8700.0
2900,2015-12-30T17:00:00Z,40.0,165.54271219848712,455.0257828701469,97.9702383968791,38.77077702680418,16.44376072572153,48.49179402082417,9.699233160035343,4.3359156907723735,0.0,0.0,0.0,0.0,0.0,model2,4.0,False,8703.0
2901,2015-12-30T20:00:00Z,40.0,165.1992919242361,451.8653349317312,96.98871040598696,39.385861807747844,16.170106202212125,49.429237267552566,9.318707961556507,5.360673495647794,0.0,0.0,0.0,0.0,0.0,model2,4.0,False,8706.0
2902,2015-12-30T23:00:00Z,40.0,162.5745143710326,448.5709236696826,97.89697163813477,39.2665457489254,17.18060002653398,51.09573769096608,8.572934004628573,5.316237977073352,0.0,0.0,0.0,0.0,0.0,model2,4.0,False,8709.0
2903,2015-12-31T02:00:00Z,40.0,163.03600289193216,443.1289043073391,98.57112282080635,39.76853234604541,15.728538176341436,51.04769406093497,9.490458114424484,5.350084355450243,0.0,0.0,0.0,0.0,0.0,model2,4.0,False,8712.0
2904,2015-12-31T05:00:00Z,40.0,165.23679463272967,447.4809850116838,98.23251574676071,39.64907410481978,13.675469205255348,51.5253571805561,8.439220570200925,5.271352322677847,0.0,0.0,0.0,0.0,0.0,model2,4.0,False,8715.0
2905,2015-12-31T08:00:00Z,40.0,163.65501990499945,442.88506117218316,98.34626769818009,39.58868850713697,14.465173667083599,56.17164448808736,8.4186013583532,5.669662912290874,0.0,0.0,0.0,0.0,0.0,model2,4.0,False,8718.0
2906,2015-12-31T11:00:00Z,40.0,163.59231601170038,443.53220987276006,98.75210632761166,39.92766514431648,14.576765916989979,57.75679381233358,8.709614766762659,5.791033569136112,0.0,0.0,0.0,0.0,0.0,model2,4.0,False,8721.0
2907,2015-12-31T14:00:00Z,40.0,163.878429866138,440.0651635738571,98.78505099112058,40.876647536012186,14.152884848642385,56.40951289553411,9.130456348053873,5.14433305971899,0.0,0.0,0.0,0.0,0.0,model2,4.0,False,8724.0
2908,2015-12-31T17:00:00Z,40.0,163.76791377841263,443.4745474532862,99.3823671056304,40.846741177173634,13.431975597272832,58.1052733037761,8.873296672590977,5.246109369151079,0.0,0.0,0.0,0.0,0.0,model2,4.0,False,8727.0
2909,2015-12-31T20:00:00Z,40.0,162.99662596509475,440.8091179693968,100.22616807002754,40.292349183603356,14.774226240377526,54.88726904985995,10.150134103471796,5.083167956987314,0.0,0.0,0.0,0.0,0.0,model2,4.0,False,8730.0
2910,2015-12-31T23:00:00Z,40.0,165.7102818113101,444.4878600801452,100.23101448826654,40.542098238587606,15.65099867049505,49.91624148981585,9.886228847330976,5.204593764765283,0.0,0.0,0.0,0.0,0.0,model2,4.0,False,8733.0
2911,2016-01-01T02:00:00Z,40.0,168.49800043757543,443.60759121849617,99.11002470836348,39.990079142595526,16.10650076621926,50.09076518976633,9.121054849931307,5.073302895648992,0.0,0.0,0.0,0.0,0.0,model2,4.0,False,8736.0
2912,2016-01-01T05:00:00Z,40.0,169.1397492732583,441.7204220424109,99.51196300500406,40.19654283428271,17.03197767943541,51.17553207739775,9.670181807739237,4.917902635548212,0.0,0.0,0.0,0.0,0.0,model2,4.0,False,8739.0
