,datetime,machineID,voltmean,rotatemean,pressuremean,vibrationmean,voltsd,rotatesd,pressuresd,vibrationsd,error1count,error2count,error3count,error4count,error5count,model,age,failure,time_diff
0,2015-01-02T05:00:00Z,41.0,168.1743804559179,446.53758095323576,105.40069659912916,38.642021586050795,16.506670354157905,54.534513755922745,9.769482213685258,5.663532657559954,0.0,0.0,0.0,0.0,0.0,model4,9.0,False,3.0
1,2015-01-02T08:00:00Z,41.0,165.662941303024,444.1715060549605,103.5260869849965,38.013103027194994,14.422222782848346,55.38815420755389,8.801048183932002,5.221608098617075,0.0,0.0,0.0,0.0,0.0,model4,9.0,False,6.0
2,2015-01-02T11:00:00Z,41.0,167.79265031965696,442.1821339468721,103.43953666406698,38.08647103753414,15.229598712824874,58.853127458804856,8.39801504641119,5.0936610971250325,0.0,0.0,0.0,0.0,0.0,model4,9.0,False,9.0
3,2015-01-02T14:00:00Z,41.0,167.434316468724,439.9946814393064,102.12435430028376,38.39558980552489,14.54847077620397,54.792004679639064,6.226256793958198,6.1089551847482255,0.0,0.0,0.0,0.0,0.0,model4,9.0,False,12.0
4,2015-01-02T17:00:00Z,41.0,169.1639023281801,446.9253328053214,101.6728824137625,39.1684545320821,15.080001843539277,55.68992030300936,6.274348814587758,5.440137652282615,0.0,0.0,0.0,0.0,0.0,model4,9.0,False,15.0
5,2015-01-02T20:00:00Z,41.0,168.84973943274468,457.2985349016637,102.01445365735546,39.30497866468053,14.463666969320409,54.092157456392925,6.7949292082339,5.092794199450951,0.0,0.0,0.0,0.0,0.0,model4,9.0,False,18.0
6,2015-01-02T23:00:00Z,41.0,171.321764073958,448.59532088376886,102.65676805508257,40.18201908972085,13.318110461325475,52.04511087802472,7.223446773751161,4.994426262934474,0.0,0.0,0.0,0.0,0.0,model4,9.0,False,21.0
7,2015-01-03T02:00:00Z,41.0,172.87885790733657,452.5843068211226,102.30351710820604,39.88436603726892,13.93896446061677,49.76644709251526,7.822772282575443,4.842494956196809,0.0,0.0,0.0,0.0,0.0,model4,9.0,False,24.0
8,2015-01-03T05:00:00Z,41.0,175.9862275806097,457.9104596744106,101.36090448246063,40.65400243484057,13.987753119158338,49.94950018316451,7.488007852803014,5.206048660195465,0.0,0.0,0.0,0.0,0.0,model4,9.0,False,27.0
9,2015-01-03T08:00:00Z,41.0,176.64610186245918,465.57362671960334,101.05660849805828,41.613311050570175,16.230174611417393,50.10383427740794,7.870237725671041,5.254786449706188,0.0,0.0,0.0,0.0,0.0,model4,9.0,False,30.0
10,2015-01-03T11:00:00Z,41.0,173.83832468145798,466.52962869349767,101.07172975044205,42.226914254458016,17.807541930856235,46.354187980654295,7.529027563115841,5.123792264619918,0.0,0.0,0.0,0.0,0.0,model4,9.0,False,33.0
11,2015-01-03T14:00:00Z,41.0,173.73543578421504,461.6512657577545,101.03894356239634,42.305049688172396,17.94107694386793,53.24001383645625,9.15463002607059,4.002792668188235,0.0,0.0,0.0,0.0,0.0,model4,9.0,False,36.0
12,2015-01-03T17:00:00Z,41.0,173.73190455192798,468.33194287517404,101.62073372770256,42.57278676066168,16.64100297521021,53.18265815552039,8.873301051971506,3.959019985809953,0.0,0.0,0.0,0.0,0.0,model4,9.0,False,39.0
13,2015-01-03T20:00:00Z,41.0,172.0506940086763,461.240482914756,101.72455932088364,42.854501229973614,20.155290931276287,54.971638219138356,8.973246753091432,3.9929553766244417,0.0,0.0,0.0,0.0,0.0,model4,9.0,False,42.0
14,2015-01-03T23:00:00Z,41.0,171.9079409824068,466.2765840414479,101.92066483795824,43.15994993663032,20.0444344640693,53.70056035910868,8.48496029446833,3.948954709347457,0.0,0.0,1.0,0.0,0.0,model4,9.0,False,45.0
15,2015-01-04T02:00:00Z,41.0,167.03315949172801,470.4079766044915,101.86402344743985,42.44867353144284,22.40703897040156,54.228552694092215,8.349342075263031,5.26525132974936,0.0,0.0,1.0,0.0,0.0,model4,9.0,False,48.0
16,2015-01-04T05:00:00Z,41.0,165.23496353531047,465.1724236559232,101.76793687012928,41.412197084158244,21.03216307606128,58.217431096532486,8.467906718867821,5.4846449969482745,0.0,0.0,1.0,0.0,0.0,model4,9.0,False,51.0
17,2015-01-04T08:00:00Z,41.0,164.40789466340902,468.1558091057991,103.10186963670976,40.07819190534253,20.087386132336167,59.83258853594715,8.228971726150776,5.537491274717868,0.0,0.0,1.0,0.0,0.0,model4,9.0,False,54.0
18,2015-01-04T11:00:00Z,41.0,165.89414161816137,468.9054860497214,101.34836601473472,38.66372657216638,18.88583401206873,60.556431123898065,10.576139317642788,6.215974453732161,0.0,0.0,1.0,0.0,0.0,model4,9.0,False,57.0
19,2015-01-04T14:00:00Z,41.0,165.36317551769622,471.2341394281248,101.87982253179537,38.36118855384736,18.50803779701302,53.60747780620893,9.332981392007127,6.102414230204142,0.0,0.0,1.0,0.0,0.0,model4,9.0,False,60.0
20,2015-01-04T17:00:00Z,41.0,164.30384039658418,469.19061607251695,101.33613724026199,37.70946792387581,17.85018553808455,51.96298615173399,9.62968163733815,5.769347102693566,0.0,0.0,1.0,0.0,0.0,model4,9.0,False,63.0
21,2015-01-04T20:00:00Z,41.0,166.71664360197087,470.7172702053557,99.75761518971085,37.97264664035153,15.229222949379228,54.2550359006021,10.288877883245275,6.063456205687357,0.0,0.0,1.0,0.0,0.0,model4,9.0,False,66.0
22,2015-01-04T23:00:00Z,41.0,165.8628619537717,463.37133988225645,98.35137415072279,37.483402662439474,14.811985545276587,61.8893963701956,10.301019670112364,5.4575608206033275,0.0,0.0,0.0,0.0,0.0,model4,9.0,False,69.0
23,2015-01-05T02:00:00Z,41.0,172.10669509877616,467.59169781875136,97.28280171086041,38.44660794055932,12.615041144851133,63.093837487929285,10.408948626172293,5.564634344269408,0.0,0.0,0.0,0.0,0.0,model4,9.0,False,72.0
24,2015-01-05T05:00:00Z,41.0,169.77796668244903,463.9546013744697,97.68666833744469,38.84278852364406,13.731367391056045,65.42009766642536,10.707883809070843,6.584371274280072,0.0,0.0,0.0,0.0,0.0,model4,9.0,False,75.0
25,2015-01-05T08:00:00Z,41.0,170.82133354105488,452.922924418188,97.29087425856495,39.606151020235906,12.57087963249904,62.54182457616057,10.195152871520426,6.320010448603412,0.0,0.0,0.0,0.0,0.0,model4,9.0,False,78.0
26,2015-01-05T11:00:00Z,41.0,171.1062694168568,454.16855579314387,97.94860116391465,40.92444979109138,12.758520612708134,61.18529262953634,9.080787748150962,5.382291363963318,0.0,0.0,0.0,0.0,0.0,model4,9.0,False,81.0
27,2015-01-05T14:00:00Z,41.0,171.24304248203111,453.49998841824953,96.2815827691607,40.78703828563843,13.257967443444347,63.98772698810152,8.759550576743687,5.469192462412353,0.0,0.0,0.0,0.0,0.0,model4,9.0,False,84.0
28,2015-01-05T17:00:00Z,41.0,172.05128600441432,451.311840544598,95.63322059438197,41.84818000904918,14.040022806719186,62.71382114110224,8.870192462325644,6.070877797977589,0.0,0.0,0.0,0.0,0.0,model4,9.0,False,87.0
29,2015-01-05T20:00:00Z,41.0,171.59271106213478,447.0031729353345,96.09760858859065,41.00762134612013,13.983267839227938,62.728386072421216,8.05081261297243,5.999494958168019,0.0,0.0,0.0,0.0,0.0,model4,9.0,False,90.0
30,2015-01-05T23:00:00Z,41.0,171.39253070416888,455.49922520310736,96.68379620487283,40.45327880733867,14.355066807413266,57.82593662943314,8.048431294831323,6.429094283758192,0.0,0.0,0.0,0.0,0.0,model4,9.0,False,93.0
31,2015-01-06T02:00:00Z,41.0,167.51336009156537,444.19557816475884,96.95270886004887,40.01686481748812,14.574408854154036,53.78910617160072,7.201332002301147,6.296242456570155,0.0,0.0,0.0,0.0,0.0,model4,9.0,False,96.0
32,2015-01-06T05:00:00Z,41.0,168.49854934575927,443.6578279199297,96.85779134720735,40.22338558900731,13.84099887231652,49.88360354622978,6.5981994401716495,5.138560682094053,0.0,0.0,0.0,0.0,0.0,model4,9.0,False,99.0
33,2015-01-06T08:00:00Z,41.0,169.6247095186631,446.1571299415454,96.8704041911712,40.04086376717003,15.303102102069463,50.06901995096388,7.422256251435418,5.514847568765108,0.0,0.0,0.0,0.0,0.0,model4,9.0,False,102.0
34,2015-01-06T11:00:00Z,41.0,168.17884415059288,445.8049339389387,96.74829696108264,39.97303895526983,15.176124014304438,50.22011679110872,7.3926338092789905,5.887173518061973,0.0,0.0,0.0,0.0,0.0,model4,9.0,False,105.0
35,2015-01-06T14:00:00Z,41.0,168.2946807380223,447.1246209318615,97.31164390446637,40.31507008066537,15.605123686397354,46.80007981736842,6.5863975511660815,5.895802719946331,0.0,0.0,0.0,0.0,0.0,model4,9.0,False,108.0
36,2015-01-06T17:00:00Z,41.0,167.37377221145726,443.35272735968033,97.61732277797284,39.23736869939725,16.741317176107284,45.02945216561977,6.619773610157641,5.024904521967204,0.0,0.0,0.0,0.0,0.0,model4,9.0,False,111.0
37,2015-01-06T20:00:00Z,41.0,166.81329087957326,449.56426680603835,96.41351942048227,39.22641349390649,16.629987354888712,44.16307561606267,7.751395593678094,5.330788319240472,0.0,0.0,0.0,0.0,0.0,model4,9.0,False,114.0
38,2015-01-06T23:00:00Z,41.0,165.072271997656,444.26835561572807,97.08017510502329,40.21114286950663,17.453340326585366,46.64400913645344,8.795555873183408,5.211442521194549,0.0,0.0,0.0,0.0,0.0,model4,9.0,False,117.0
39,2015-01-07T02:00:00Z,41.0,167.14599805169232,442.20749663185416,97.83823939890075,40.55334509992082,17.769463001122855,41.612551988974296,10.202353080296836,5.3382916390234225,0.0,0.0,0.0,0.0,0.0,model4,9.0,False,120.0
40,2015-01-07T05:00:00Z,41.0,169.15333599779828,448.6048212807423,97.81122220509077,40.107381215559,18.289174094797414,41.96271192140964,10.829540031516936,5.6766938072396425,0.0,0.0,0.0,0.0,0.0,model4,9.0,False,123.0
41,2015-01-07T08:00:00Z,41.0,166.89602277535323,444.23871141633913,98.13106725240307,39.32703959680423,19.521733784354343,44.68726970615441,10.885447232442353,5.472749959655388,0.0,0.0,0.0,0.0,0.0,model4,9.0,False,126.0
42,2015-01-07T11:00:00Z,41.0,167.16890168505992,442.06299462617983,100.0917368985009,39.47898671962657,21.2429527756014,50.34629150600344,10.896296946447046,5.182980439724104,0.0,0.0,0.0,0.0,0.0,model4,9.0,False,129.0
43,2015-01-07T14:00:00Z,41.0,166.86134196952597,436.9734015135894,99.56439033448795,39.86081169825291,21.36402713860752,50.20729891577989,11.005310880136378,6.2181308262939625,0.0,0.0,0.0,0.0,0.0,model4,9.0,False,132.0
44,2015-01-07T17:00:00Z,41.0,166.98199895593584,435.5079813221002,100.6419427323802,39.45947981850472,20.105773696896588,50.4897463925125,10.680347538154818,6.510720018482572,0.0,0.0,0.0,0.0,0.0,model4,9.0,False,135.0
45,2015-01-07T20:00:00Z,41.0,169.12535617268077,433.47825475932024,102.10713593703217,40.060123021935475,20.70778177650406,49.7451341380379,9.398989640177577,6.348719129857121,0.0,0.0,0.0,0.0,0.0,model4,9.0,False,138.0
46,2015-01-07T23:00:00Z,41.0,172.16390591427376,434.55028287496077,102.174046593839,39.64533292951885,19.92249092905074,47.072922859777314,8.646486016126305,6.252074931964282,0.0,0.0,0.0,0.0,0.0,model4,9.0,False,141.0
47,2015-01-08T02:00:00Z,41.0,172.04894082939447,439.93588212408315,101.4110048576651,39.134656139618286,18.426440060272586,50.38473888370344,7.560619287562777,6.011118100010414,0.0,0.0,0.0,0.0,0.0,model4,9.0,False,144.0
48,2015-01-08T05:00:00Z,41.0,171.30966579729107,441.5444524439295,101.72960920192772,39.21238918843119,17.909750397394898,50.0640176662424,6.6771984102012425,5.9763516615641725,0.0,0.0,0.0,0.0,0.0,model4,9.0,False,147.0
49,2015-01-08T08:00:00Z,41.0,171.97418418989758,443.10587433252283,100.63253386694548,40.19766936194149,14.266753116163585,48.732577973349144,6.953739268679441,6.336206829527818,0.0,0.0,0.0,0.0,0.0,model4,9.0,False,150.0
50,2015-01-08T11:00:00Z,41.0,170.6896547405994,446.7134531596503,99.69873475749591,40.317643392700475,13.13363890552017,47.77326087298368,6.710027399202052,6.333687649892843,0.0,0.0,0.0,0.0,0.0,model4,9.0,False,153.0
51,2015-01-08T14:00:00Z,41.0,171.62412393596918,456.85474150076413,100.01694570494594,39.940280034433506,11.763667684770232,52.30313032889992,6.545996111937593,5.326283693184044,0.0,0.0,0.0,0.0,0.0,model4,9.0,False,156.0
52,2015-01-08T17:00:00Z,41.0,172.4071100486536,453.4330150194692,99.15988746662,39.61769223941396,11.23137293255772,58.14963946976762,6.409176312611878,5.5695364844625015,0.0,0.0,0.0,0.0,0.0,model4,9.0,False,159.0
53,2015-01-08T20:00:00Z,41.0,170.8925971745312,453.6338141334269,100.55344473217518,39.85117757393505,14.650865121187179,56.88480117853579,7.0237191167328765,5.6711970522568,0.0,0.0,0.0,0.0,0.0,model4,9.0,False,162.0
54,2015-01-08T23:00:00Z,41.0,168.79124675148884,461.698930923408,101.20352417181135,40.294318196499255,15.3101246237822,59.9987026786752,8.179974133182467,5.724894235106702,0.0,0.0,0.0,0.0,0.0,model4,9.0,False,165.0
55,2015-01-09T02:00:00Z,41.0,167.4559497081456,456.9385936943302,101.71616871094255,41.06983834762049,16.52445401161841,60.24660067947606,8.515645262712036,5.583327120248378,0.0,0.0,0.0,0.0,0.0,model4,9.0,False,168.0
56,2015-01-09T05:00:00Z,41.0,167.317061211416,451.80522653411697,100.76934261965977,40.984847905138466,17.973372636330506,60.00942651345958,9.496765824428367,5.38824318256906,0.0,0.0,0.0,0.0,0.0,model4,9.0,False,171.0
57,2015-01-09T08:00:00Z,41.0,167.7959831896923,445.1236134618261,101.29471946301996,40.55999077166591,17.873639438336827,66.76733211179271,9.149232908775671,4.727273235156963,0.0,0.0,0.0,0.0,0.0,model4,9.0,False,174.0
58,2015-01-09T11:00:00Z,41.0,172.01522123687698,442.49700670130943,102.58413670421184,40.46184669449155,19.6378708580316,62.69291888042007,9.297528450742623,4.8144767487707325,0.0,0.0,0.0,0.0,0.0,model4,9.0,False,177.0
59,2015-01-09T14:00:00Z,41.0,171.649352536086,433.36707396868974,102.65400911271126,39.90206874213276,19.698097560321557,56.941858103357276,9.71342262266227,5.13930820043175,0.0,0.0,0.0,0.0,0.0,model4,9.0,False,180.0
60,2015-01-09T17:00:00Z,41.0,170.088387724669,429.77801643583206,103.41265603927755,40.92394743854657,21.144927783810786,56.49917072570351,9.63640606219714,4.25751273433361,0.0,0.0,0.0,0.0,0.0,model4,9.0,False,183.0
61,2015-01-09T20:00:00Z,41.0,172.5732608361174,434.3273595202759,101.32012617862452,40.30901069727737,19.997188937839674,57.542025193237215,10.88775669829326,4.44896595658232,0.0,0.0,0.0,0.0,0.0,model4,9.0,False,186.0
62,2015-01-09T23:00:00Z,41.0,175.65390931767868,425.4950067854133,100.54128596030792,39.88234449772957,19.2319944710802,47.078935091553824,10.23255912858997,4.411644673939631,0.0,0.0,0.0,0.0,0.0,model4,9.0,False,189.0
63,2015-01-10T02:00:00Z,41.0,175.04691389367989,431.4079548129181,99.6627600650651,39.62628786223043,18.51293200827773,47.1298166199546,10.693295380892152,4.116206777683003,0.0,0.0,0.0,0.0,0.0,model4,9.0,False,192.0
64,2015-01-10T05:00:00Z,41.0,172.64689450349513,434.0470894946241,99.61689151025692,39.668380903640546,18.721726298254584,51.415769491351746,10.794134983889489,4.031012854716106,0.0,0.0,0.0,0.0,0.0,model4,9.0,False,195.0
65,2015-01-10T08:00:00Z,41.0,171.36895598226067,441.58263707339813,98.93452003570887,40.4409491365339,19.13599759208002,44.00819974166904,10.660859429366939,5.057228691393801,0.0,0.0,0.0,0.0,0.0,model4,9.0,False,198.0
66,2015-01-10T11:00:00Z,41.0,169.31962416208916,442.05412153948936,98.13537849392814,40.09866453362232,16.818819664483378,45.18177184620411,10.520134478469052,4.7547169662112765,0.0,0.0,0.0,0.0,0.0,model4,9.0,False,201.0
67,2015-01-10T14:00:00Z,41.0,168.20895691843398,445.64385194709513,97.92319195289153,40.386513906643756,16.869484574099072,52.411820192009294,10.112700724896284,4.408708861594626,0.0,0.0,0.0,0.0,0.0,model4,9.0,False,204.0
68,2015-01-10T17:00:00Z,41.0,170.11074019192233,460.71660267198234,98.6851481297563,39.947081085633016,16.134924371077865,49.81028226728915,12.047079188139634,4.543129830224991,0.0,0.0,0.0,0.0,0.0,model4,9.0,False,207.0
69,2015-01-10T20:00:00Z,41.0,167.56624051731242,457.12886066924483,99.1613920739827,39.83474174682315,13.7704511285447,47.9719249510425,11.073605969470062,4.400990339411131,0.0,0.0,0.0,0.0,0.0,model4,9.0,False,210.0
70,2015-01-10T23:00:00Z,41.0,165.73840813891428,453.8568395070233,98.83947737539965,39.97596138774939,14.213834862569303,50.4830982716635,11.09299408523078,4.2697129837008285,0.0,0.0,0.0,0.0,0.0,model4,9.0,False,213.0
71,2015-01-11T02:00:00Z,41.0,165.8448989720871,449.53425810834574,99.99923334538059,39.91326152389363,16.248607893382122,51.94039324075824,10.326889097415279,4.482381990887967,0.0,0.0,0.0,0.0,0.0,model4,9.0,False,216.0
72,2015-01-11T05:00:00Z,41.0,167.6774749588675,450.2040175628434,100.48109294131613,39.76330372093327,16.425795324231697,55.147445278149384,9.973157028509394,4.540299341869312,0.0,0.0,0.0,0.0,0.0,model4,9.0,False,219.0
73,2015-01-11T08:00:00Z,41.0,167.26042474949017,451.953249933748,100.74778728580402,39.42145813172395,17.0358696659743,53.90436227228138,10.324402119709314,4.027889157310949,0.0,0.0,0.0,0.0,0.0,model4,9.0,False,222.0
74,2015-01-11T11:00:00Z,41.0,167.38151052707937,455.16041689116526,101.1295319272282,39.14849540632875,16.648388670042007,55.89492892390852,10.504991790007248,4.062201185808853,0.0,0.0,0.0,0.0,0.0,model4,9.0,False,225.0
75,2015-01-11T14:00:00Z,41.0,169.80078394129325,457.7126865978891,101.87104732394741,40.422047030791056,17.678097668058122,52.08269638751932,11.542669605542637,5.790587341167562,0.0,0.0,0.0,0.0,0.0,model4,9.0,False,228.0
76,2015-01-11T17:00:00Z,41.0,168.42812221446698,455.37737750892614,100.2420081210753,40.69647173119397,16.816221032460128,47.3375256415111,9.780403404041516,5.629044841734048,0.0,0.0,0.0,0.0,0.0,model4,9.0,False,231.0
77,2015-01-11T20:00:00Z,41.0,168.6252125642117,460.4186332493785,99.44764946528777,41.49408675628321,16.665675108196886,52.84971868828925,10.333664305665824,5.875175457499666,0.0,0.0,0.0,0.0,0.0,model4,9.0,False,234.0
78,2015-01-11T23:00:00Z,41.0,169.340670215356,462.8187883980248,99.97701810938759,41.49320084594723,15.520994144795175,50.532862718684704,10.206120813040169,5.894741786985942,0.0,0.0,0.0,0.0,0.0,model4,9.0,False,237.0
79,2015-01-12T02:00:00Z,41.0,170.87835226305197,462.4029881291797,99.48698242449848,41.09277027056662,12.761025243931133,50.388183145156404,10.06661656035357,6.067827257583991,0.0,0.0,0.0,0.0,0.0,model4,9.0,False,240.0
80,2015-01-12T05:00:00Z,41.0,172.4468699805726,466.72017747483187,99.55456984561607,41.70477857197428,14.355006069276195,48.260617883680865,10.021626163640523,6.0814539633555365,0.0,0.0,0.0,0.0,0.0,model4,9.0,False,243.0
81,2015-01-12T08:00:00Z,41.0,174.32580302202632,470.3372613392818,101.23467820814423,41.3278275193757,12.932066161348262,51.31341937602835,10.096013966756074,6.0347121209235945,0.0,0.0,0.0,0.0,0.0,model4,9.0,False,246.0
82,2015-01-12T11:00:00Z,41.0,175.22138266135863,467.06301764991247,99.24440334587007,41.147060864900176,13.479858436984436,50.62857086376771,10.417253604811533,6.24016569053495,0.0,0.0,0.0,0.0,0.0,model4,9.0,False,249.0
83,2015-01-12T14:00:00Z,41.0,173.724299378302,463.6948398483766,99.10616086512405,40.451396000695894,12.563543723234035,46.27549779965087,9.449917263000243,4.793758446477637,0.0,0.0,0.0,0.0,0.0,model4,9.0,False,252.0
84,2015-01-12T17:00:00Z,41.0,173.49078873773723,459.9384575566785,98.3647992959448,40.1896651201474,12.458103175964267,48.02009999129573,9.716049510952644,5.103681197169983,0.0,0.0,0.0,0.0,0.0,model4,9.0,False,255.0
85,2015-01-12T20:00:00Z,41.0,172.7810690041281,455.8647909246386,100.229721527626,39.961735948190274,14.709962390551102,44.95457177347576,9.30237183560094,5.259947464821657,0.0,0.0,0.0,0.0,0.0,model4,9.0,False,258.0
86,2015-01-12T23:00:00Z,41.0,171.50872215566662,457.45686567984114,99.0495183741306,39.792225475649616,15.662633496207091,44.82051278807957,9.711620136385749,5.441259799855874,0.0,0.0,0.0,0.0,0.0,model4,9.0,False,261.0
87,2015-01-13T02:00:00Z,41.0,170.0315441133674,457.7951959905066,99.2813300254475,39.791418071283424,16.884131965608546,47.21323602385261,9.790951938793132,5.2836415396803975,0.0,0.0,0.0,0.0,0.0,model4,9.0,False,264.0
88,2015-01-13T05:00:00Z,41.0,169.43415701161697,453.4069444143966,99.42046815396343,39.583170186355694,14.349419202151024,43.077750872517335,9.491159464292279,5.591694788965621,0.0,0.0,0.0,0.0,0.0,model4,9.0,False,267.0
89,2015-01-13T08:00:00Z,41.0,170.44413170341008,449.7109518346608,97.8147826400892,40.181815184422014,16.08596285671565,38.18034844740026,8.765854976115863,5.471537952552558,0.0,0.0,0.0,0.0,0.0,model4,9.0,False,270.0
90,2015-01-13T11:00:00Z,41.0,170.65399190549283,447.44565274083715,98.1193338936306,40.493935879900796,17.519837515235967,37.85147362579314,7.972278774015898,5.202424638506127,0.0,0.0,0.0,0.0,0.0,model4,9.0,False,273.0
91,2015-01-13T14:00:00Z,41.0,175.11066228760205,449.5474825653938,98.3263998018373,40.091181731211115,20.584030054619127,41.25162701630021,7.970299491550477,5.174281794442537,0.0,0.0,0.0,0.0,0.0,model4,9.0,False,276.0
92,2015-01-13T17:00:00Z,41.0,177.72513013634568,452.19274286984887,98.6687414527032,40.18381204579229,20.657588268680488,39.89816590059277,8.109696403385755,5.111444517123621,0.0,0.0,0.0,0.0,0.0,model4,9.0,False,279.0
93,2015-01-13T20:00:00Z,41.0,181.18241071970368,460.146553940973,97.9649932596062,39.084888759839174,19.72191278216011,42.43199196660167,7.761094663278843,4.615073765997178,0.0,0.0,0.0,0.0,0.0,model4,9.0,False,282.0
94,2015-01-13T23:00:00Z,41.0,182.55567777419262,465.1440849209264,97.42697288008188,38.76852515243797,18.533794554799048,44.7339995313607,7.607013939609562,4.9469098769930975,0.0,0.0,0.0,0.0,0.0,model4,9.0,False,285.0
95,2015-01-14T02:00:00Z,41.0,185.41886411411488,467.60100413221426,98.19267092430496,39.30276402270441,15.82042013328051,40.93714733808485,8.730573455606862,5.1569045989196685,0.0,0.0,0.0,0.0,0.0,model4,9.0,False,288.0
96,2015-01-14T05:00:00Z,41.0,185.9415510622964,471.1454110557285,98.6392177188852,39.03013720177316,15.51836965822566,40.74406225018196,9.96702765398608,4.459039266165775,0.0,0.0,0.0,0.0,0.0,model4,9.0,False,291.0
97,2015-01-14T08:00:00Z,41.0,187.44821718683903,466.6581961410106,98.5490790493194,38.6136741260194,14.072918910961544,48.736387813207855,9.635078194471543,4.27528244543177,0.0,0.0,0.0,0.0,0.0,model4,9.0,False,294.0
98,2015-01-14T11:00:00Z,41.0,187.3680195891995,468.5140714631684,98.49996989638741,38.38684193555933,11.995200488856485,49.76355058903182,9.821567593385057,4.309671984795851,0.0,0.0,0.0,0.0,0.0,model4,9.0,False,297.0
99,2015-01-14T14:00:00Z,41.0,185.3528744990589,463.3202121614033,96.86882659225223,38.53992392597701,12.179587321293715,53.060311163169864,9.918697449105133,4.6004767996266684,0.0,0.0,0.0,0.0,0.0,model4,9.0,False,300.0
100,2015-01-14T17:00:00Z,41.0,185.5300059058653,464.0102135004924,98.07706471687828,38.16827607641801,12.418150572420288,55.44159177347268,9.688353959966642,4.6931476763274125,0.0,0.0,0.0,0.0,0.0,model4,9.0,False,303.0
101,2015-01-14T20:00:00Z,41.0,185.5287975063517,460.5307876902573,98.8991014519475,38.633232050219604,11.991097370238284,53.97170772725624,9.893828809208634,4.4641587434581504,0.0,0.0,0.0,0.0,0.0,model4,9.0,False,306.0
102,2015-01-14T23:00:00Z,41.0,187.05698386382855,457.88173840527566,100.81734465488752,38.828256907683226,12.178804407703714,51.4767594823559,10.15550605778732,4.1103896485216405,0.0,0.0,0.0,0.0,0.0,model4,9.0,False,309.0
103,2015-01-15T02:00:00Z,41.0,187.8381151844195,457.5983632646534,99.80426752113053,38.24159212263605,13.94183359334504,51.44741980953444,9.947312534515692,4.102053230241369,0.0,0.0,0.0,0.0,0.0,model4,9.0,False,312.0
104,2015-01-15T05:00:00Z,41.0,190.38201057785287,453.90154151968454,98.58427314439398,38.19828332106497,14.262743916564114,50.479454332773145,8.72704593647937,4.380257284655474,0.0,0.0,0.0,0.0,0.0,model4,9.0,False,315.0
105,2015-01-15T08:00:00Z,41.0,189.71779508071603,455.218915477419,99.88748224843756,37.940978833823046,15.037984385476545,51.56407008692667,9.137058769956916,4.439139800670552,0.0,0.0,0.0,0.0,0.0,model4,9.0,False,318.0
106,2015-01-15T11:00:00Z,41.0,189.26309525353992,453.15409407827553,101.21197254516564,38.37056541722375,15.475427407500945,50.08155000382008,8.556834696793594,4.605454424643176,0.0,0.0,0.0,0.0,0.0,model4,9.0,False,321.0
107,2015-01-15T14:00:00Z,41.0,187.4928477771454,452.10463678473405,103.12285847546093,37.996990125418506,17.6660812362477,48.488721813830594,7.510303159534763,4.658187406517532,0.0,0.0,0.0,0.0,0.0,model4,9.0,False,324.0
108,2015-01-15T17:00:00Z,41.0,185.84335975621616,443.55788406249917,101.83615704842224,39.39500006962096,18.55194216060807,47.58819118260322,8.336125059631943,5.326547357988068,0.0,0.0,0.0,0.0,0.0,model4,9.0,False,327.0
109,2015-01-15T20:00:00Z,41.0,183.1800074883037,436.2901922187758,101.21396773682648,39.619748924439676,18.981463406757392,43.01884257497508,8.204402678745456,5.353361488552932,0.0,0.0,0.0,0.0,0.0,model4,9.0,False,330.0
110,2015-01-15T23:00:00Z,41.0,180.26148998494443,427.4300876349746,99.90405766724852,39.61514497483631,18.547832211170608,42.988072523446284,7.834838514658767,4.974493191159373,0.0,0.0,0.0,0.0,0.0,model4,9.0,False,333.0
111,2015-01-16T02:00:00Z,41.0,176.68032231428228,430.27101460834615,99.90915010582796,39.991379882694346,17.615462866726812,43.966864790567435,7.188181035996663,4.8167657334614935,0.0,0.0,0.0,0.0,0.0,model4,9.0,False,336.0
112,2015-01-16T05:00:00Z,41.0,172.66333709046398,436.03336589097535,101.71022487662384,40.18668858583925,15.117311307156243,50.941993577251864,7.866300102054797,4.924933209772656,0.0,0.0,0.0,0.0,0.0,model4,9.0,False,339.0
113,2015-01-16T08:00:00Z,41.0,169.4563860315681,437.58782263565996,101.50012274965162,40.4753123636776,13.704358171887627,50.02859683796255,8.278154156031707,4.740610305062429,0.0,0.0,0.0,0.0,0.0,model4,9.0,False,342.0
114,2015-01-16T11:00:00Z,41.0,168.90033017490774,434.6248580142132,100.82116554426183,40.273726707696405,13.3028110577536,50.710687613811906,8.645978997834527,5.085797629905131,0.0,0.0,0.0,0.0,0.0,model4,9.0,False,345.0
115,2015-01-16T14:00:00Z,41.0,170.5014422023091,436.22406427120836,99.67648783583263,40.66247412383203,11.372867596283387,50.766239642214224,8.349961296750834,5.278265625484184,0.0,0.0,0.0,0.0,0.0,model4,9.0,False,348.0
116,2015-01-16T17:00:00Z,41.0,168.67347687523025,442.73698275484077,101.2465776253164,40.0195545452446,10.693658805604823,50.68040201573877,8.045031571776986,4.64403580148882,0.0,0.0,0.0,0.0,0.0,model4,9.0,False,351.0
117,2015-01-16T20:00:00Z,41.0,166.4164306055796,450.5493151145757,99.94041716697019,39.684265291682244,12.32846094356398,57.90677395039366,9.000002523899303,4.634867163195161,0.0,0.0,0.0,0.0,0.0,model4,9.0,False,354.0
118,2015-01-16T23:00:00Z,41.0,167.8631175591564,452.9162245417564,100.61622428048707,40.076006820817696,14.730840522568116,56.52825391103219,10.629180992290966,4.747383780044851,0.0,0.0,0.0,0.0,0.0,model4,9.0,False,357.0
119,2015-01-17T02:00:00Z,41.0,169.82420793345204,449.1095851873011,100.54814776246158,40.16700144089778,15.005425190476705,55.98211267232361,11.350517773184187,4.5535726123570734,0.0,0.0,0.0,0.0,0.0,model4,9.0,False,360.0
120,2015-01-17T05:00:00Z,41.0,171.41870986234034,442.94377111167006,99.48681602563973,40.431402865806604,15.462046109135876,50.4733619398592,10.478999215976907,4.594497768093821,0.0,0.0,0.0,0.0,0.0,model4,9.0,False,363.0
121,2015-01-17T08:00:00Z,41.0,174.7567923626458,443.0317893263127,98.58401040927895,40.83035343480899,15.935877206696349,47.23411066136444,10.54859054382635,4.680637891140437,0.0,0.0,0.0,0.0,0.0,model4,9.0,False,366.0
122,2015-01-17T11:00:00Z,41.0,173.99526618049,452.4500801626917,99.01271474936358,40.6700746077556,15.996965499025366,49.864310859804746,10.287436384682547,4.391964278355165,0.0,0.0,0.0,0.0,0.0,model4,9.0,False,369.0
123,2015-01-17T14:00:00Z,41.0,173.43949238859935,448.4949619221022,98.61149642863585,40.95926864184089,16.59053835845079,50.80672122895156,10.645414140804617,3.66306051684656,0.0,0.0,0.0,0.0,0.0,model4,9.0,False,372.0
124,2015-01-17T17:00:00Z,41.0,173.87509991354858,442.86455838040877,97.38018365067862,41.111932312014076,16.430672691711955,52.06561393569585,10.217248447339166,3.7599409964612818,0.0,0.0,0.0,0.0,0.0,model4,9.0,False,375.0
125,2015-01-17T20:00:00Z,41.0,175.7188543733319,435.46868122564456,98.92670546191734,42.08969708571558,13.924091164704272,46.985409514342315,10.244733512674381,3.7033260965357613,0.0,0.0,0.0,0.0,0.0,model4,9.0,False,378.0
126,2015-01-17T23:00:00Z,41.0,174.65751638274926,442.4816122519843,99.31500354505043,41.78986140781301,12.448970608576133,48.00256994368531,8.347275519636481,3.806274590896983,0.0,0.0,0.0,0.0,0.0,model4,9.0,False,381.0
127,2015-01-18T02:00:00Z,41.0,175.98575126952042,443.6872733826509,100.08481526523974,42.09264981633911,13.721067175563695,51.02118558985834,7.608613650130263,3.7899145658426,0.0,0.0,0.0,0.0,0.0,model4,9.0,False,384.0
128,2015-01-18T05:00:00Z,41.0,174.50543239859851,442.0541625063653,100.11302496562288,41.52560606061314,15.161038074952247,50.48210951327176,8.282019662314518,4.396922081694911,0.0,0.0,0.0,0.0,0.0,model4,9.0,False,387.0
129,2015-01-18T08:00:00Z,41.0,171.36065730393912,442.40417411854446,100.30503254374213,41.49092618249249,14.204057129943724,48.28533757635825,7.822451543638643,4.485167085233939,0.0,0.0,0.0,0.0,0.0,model4,9.0,False,390.0
130,2015-01-18T11:00:00Z,41.0,171.3001096466287,439.80191071807207,100.75762062746747,41.48062070801154,14.658350939187596,44.1668688687444,8.111339237959706,4.456752983534258,0.0,0.0,0.0,0.0,0.0,model4,9.0,False,393.0
131,2015-01-18T14:00:00Z,41.0,170.08267363703453,446.51227615987193,101.84365567273687,41.24260249470749,12.812095156521403,41.76665460586872,8.093624784889421,4.371781098051116,0.0,0.0,0.0,0.0,0.0,model4,9.0,False,396.0
132,2015-01-18T17:00:00Z,41.0,170.168725465576,454.95871660864685,103.08080011801684,40.9754026191794,14.086275977135214,41.588926664038404,8.019445000228679,4.272029059797534,0.0,0.0,0.0,0.0,0.0,model4,9.0,False,399.0
133,2015-01-18T20:00:00Z,41.0,171.6209925654145,455.5483173730623,102.5845170650484,40.53175296028702,14.662680662693631,36.36996379161499,7.859050720769567,3.933630436805629,0.0,0.0,0.0,0.0,0.0,model4,9.0,False,402.0
134,2015-01-18T23:00:00Z,41.0,172.0535739666172,452.2997062186737,101.87979593064594,40.48920429855493,14.171330653231866,39.709964914630454,8.005154124818214,4.198219263331192,0.0,0.0,0.0,0.0,0.0,model4,9.0,False,405.0
135,2015-01-19T02:00:00Z,41.0,169.64536356346187,455.1862554457372,101.0130743995157,40.429260553872645,12.677193425014876,37.41437235552032,7.8486664713100325,4.1413212885528985,0.0,0.0,0.0,0.0,0.0,model4,9.0,False,408.0
136,2015-01-19T05:00:00Z,41.0,170.31415815141492,454.80630175116966,100.54862305585793,40.405591391430676,12.26948175432892,37.68029203123186,8.031506607190414,3.5016374176582716,0.0,0.0,0.0,0.0,0.0,model4,9.0,False,411.0
137,2015-01-19T08:00:00Z,41.0,169.49589923697863,452.77105964089515,100.98197918312978,40.197283213593785,14.467117186810501,39.49108456141969,7.780675228727378,3.4987748881130964,0.0,0.0,0.0,0.0,0.0,model4,9.0,False,414.0
138,2015-01-19T11:00:00Z,41.0,167.72402319667074,446.9194373975812,100.43140744257481,40.08482662851099,16.22333366480742,40.935518450685336,8.589134348806951,3.6839327171140575,0.0,0.0,0.0,0.0,0.0,model4,9.0,False,417.0
139,2015-01-19T14:00:00Z,41.0,166.48630997563978,441.9613396198069,99.89648297493228,40.04245505336865,16.93625277027581,42.42170554604267,7.802916955113885,3.7595873939486473,0.0,0.0,0.0,0.0,0.0,model4,9.0,False,420.0
140,2015-01-19T17:00:00Z,41.0,168.16684713443857,436.23247416932855,99.86118794265444,40.33829876541853,16.79783876072641,39.0988228755896,8.55969999841201,4.0586824686156815,0.0,0.0,0.0,0.0,0.0,model4,9.0,False,423.0
141,2015-01-19T20:00:00Z,41.0,167.85696057253062,439.97428066418405,100.7599869148852,40.43509290623923,16.354507665756117,43.123459670808096,8.597569572710128,4.425377885993568,0.0,0.0,0.0,0.0,0.0,model4,9.0,False,426.0
142,2015-01-19T23:00:00Z,41.0,167.60999825791842,437.34910034594566,100.86512092056513,40.45676007705053,17.045483535405108,40.63618552951528,8.473402423073676,4.115159069649293,0.0,0.0,0.0,0.0,0.0,model4,9.0,False,429.0
143,2015-01-20T02:00:00Z,41.0,167.8399877744619,435.58915074255617,102.02352108775145,40.3782815920641,17.019755683920042,43.60539054469388,8.600566966033295,4.170682016844397,0.0,0.0,0.0,0.0,0.0,model4,9.0,False,432.0
144,2015-01-20T05:00:00Z,41.0,165.70943284226792,437.289360658244,102.3901931379172,40.801247762069,16.774060015330967,45.64561559162172,9.110953368205873,3.862324384423336,0.0,0.0,0.0,0.0,0.0,model4,9.0,False,435.0
145,2015-01-20T08:00:00Z,41.0,168.09034625526792,436.4015480234493,102.5819243581882,40.628676984070985,15.987649305174976,47.66909812931684,8.967867854959465,3.9485118221175135,0.0,0.0,0.0,0.0,0.0,model4,9.0,False,438.0
146,2015-01-20T11:00:00Z,41.0,169.8622967852159,442.4940327205958,103.45244889868404,41.1062504640944,13.813265753594356,48.32831266844054,8.786315630760663,4.147101282644171,0.0,0.0,0.0,0.0,0.0,model4,9.0,False,441.0
147,2015-01-20T14:00:00Z,41.0,173.1777379382014,450.95649788983917,104.17114469780584,41.36366764885784,15.765534556813247,49.10894447596609,8.693149205424657,4.312508489836377,0.0,0.0,0.0,0.0,0.0,model4,9.0,False,444.0
148,2015-01-20T17:00:00Z,41.0,173.16256295086586,451.2674978037954,102.09412759941114,40.994472675952466,19.097631409247448,48.23553942889264,9.3498361487269,4.106505419158765,0.0,0.0,0.0,0.0,0.0,model4,9.0,False,447.0
149,2015-01-20T20:00:00Z,41.0,171.82007122347355,454.9479538567659,101.81530662429199,41.729473509430214,19.141957076894414,52.4390303603698,10.901451362633283,4.602609888384793,0.0,0.0,0.0,0.0,0.0,model4,9.0,False,450.0
150,2015-01-20T23:00:00Z,41.0,172.12864051429642,453.0569430349829,101.27730124269917,41.927620160712145,19.25785809784019,54.13703463487177,12.198236798638039,5.3517369526464105,0.0,0.0,0.0,0.0,0.0,model4,9.0,False,453.0
151,2015-01-21T02:00:00Z,41.0,173.4059483598895,453.19210450928864,101.19243814852116,42.27051618319947,19.36211231013979,50.642682425992405,12.387365541530864,5.655876977877183,0.0,0.0,0.0,0.0,0.0,model4,9.0,False,456.0
152,2015-01-21T05:00:00Z,41.0,173.699423120656,453.57311088093974,101.1997194637568,42.42479421658469,19.9057243471488,48.60918084072331,11.731322458911107,5.882335009968398,0.0,0.0,0.0,0.0,0.0,model4,9.0,False,459.0
153,2015-01-21T08:00:00Z,41.0,173.84208726436532,458.3029233366529,100.95788347380724,42.35091434429452,19.626987555171755,44.74334557675517,11.937220777019188,5.71923979426677,0.0,0.0,0.0,0.0,0.0,model4,9.0,False,462.0
154,2015-01-21T11:00:00Z,41.0,175.37069064327682,454.5347966777018,101.16734372273308,41.364555053251294,20.30835213693323,45.10433832214633,11.485358253073075,6.1320192930103525,0.0,0.0,0.0,0.0,0.0,model4,9.0,False,465.0
155,2015-01-21T14:00:00Z,41.0,173.79338488801918,447.4163451458493,99.78679273828169,41.39500219957871,18.22412698406505,47.79090022342915,12.0661615266261,6.295496068679983,0.0,0.0,0.0,0.0,0.0,model4,9.0,False,468.0
156,2015-01-21T17:00:00Z,41.0,173.17051621143955,454.73539296506266,101.14216401106304,41.67630198399557,14.167536199344456,49.472923761788785,11.396009198374069,6.260856262612579,0.0,0.0,0.0,0.0,0.0,model4,9.0,False,471.0
157,2015-01-21T20:00:00Z,41.0,174.43049862572713,447.1790942955306,99.51596137547192,40.34004280363778,14.807244500629954,41.715246828870185,10.65580946002943,5.912727318068411,0.0,0.0,0.0,0.0,0.0,model4,9.0,False,474.0
158,2015-01-21T23:00:00Z,41.0,172.18400313558945,454.33848234898653,98.83983694469835,39.96157456341693,15.63604474227642,49.00435813778311,9.953373124439805,5.266201697683778,0.0,0.0,0.0,0.0,0.0,model4,9.0,False,477.0
159,2015-01-22T02:00:00Z,41.0,171.0017542404651,449.5704936563951,98.32273124252943,39.689419589802434,15.437711624440665,49.70901226784869,9.62395833578394,4.819711372970362,0.0,0.0,0.0,0.0,0.0,model4,9.0,False,480.0
160,2015-01-22T05:00:00Z,41.0,170.9209874010186,451.6915693258528,97.86049797922352,39.24424132013104,14.146296559791553,54.009041539526756,9.706687331073974,4.593176911954306,0.0,0.0,0.0,0.0,0.0,model4,9.0,False,483.0
161,2015-01-22T08:00:00Z,41.0,170.4657241564431,450.6530910880193,98.16026282194392,39.311521916404025,14.071232123637461,53.99336009002842,10.199356820602828,4.444585986764049,0.0,0.0,0.0,0.0,0.0,model4,9.0,False,486.0
162,2015-01-22T11:00:00Z,41.0,170.30807469889137,449.0484456960357,97.30233930155295,40.18307124815208,12.752566030700455,55.253570023296696,9.682939247181533,3.799201969490435,0.0,0.0,0.0,0.0,0.0,model4,9.0,False,489.0
163,2015-01-22T14:00:00Z,41.0,169.23126466129722,449.1175534945132,99.4308096754896,39.176800253610494,13.904529781001091,53.73688030776734,9.886428448549596,3.6998595206982894,0.0,0.0,0.0,0.0,0.0,model4,9.0,False,492.0
164,2015-01-22T17:00:00Z,41.0,167.76926030770025,437.08934226321287,99.33145772863577,38.67103437589518,14.562334802281187,53.28159738939848,11.27479755176332,3.9954092466904783,0.0,0.0,0.0,0.0,0.0,model4,9.0,False,495.0
165,2015-01-22T20:00:00Z,41.0,168.0990638512993,444.2689042347854,101.22827098136862,39.02791319827857,14.564043631707206,56.52493713610746,10.842649470515358,3.849633672874522,0.0,0.0,0.0,0.0,0.0,model4,9.0,False,498.0
166,2015-01-22T23:00:00Z,41.0,170.69008015944857,435.633589362789,102.28636722162176,40.16337522313594,13.372520387703554,46.77067175651762,10.134445043296484,4.690804320883704,0.0,0.0,0.0,0.0,0.0,model4,9.0,False,501.0
167,2015-01-23T02:00:00Z,41.0,171.00958068394485,439.99924280126834,102.46443504727048,39.81725060833407,13.258797760357867,48.40366849078123,10.557734170872378,4.504046994188316,0.0,0.0,0.0,0.0,0.0,model4,9.0,False,504.0
168,2015-01-23T05:00:00Z,41.0,173.58755422461698,438.6973580168808,102.68291035162143,39.577904807448185,12.414672717099345,43.055661644545076,9.991371565336593,4.469469016577024,0.0,0.0,0.0,0.0,0.0,model4,9.0,False,507.0
169,2015-01-23T08:00:00Z,41.0,173.40294986848062,444.3571683507336,101.39275489579174,39.452456799257774,12.348624700304446,45.832163315524674,9.722531486132343,4.491081716637094,0.0,0.0,0.0,0.0,0.0,model4,9.0,False,510.0
170,2015-01-23T11:00:00Z,41.0,173.599404364979,450.07644283912583,99.37176614699464,39.3402302260049,12.508842024952425,46.283959005022965,11.172895404350477,4.615229821844276,0.0,0.0,0.0,0.0,0.0,model4,9.0,False,513.0
171,2015-01-23T14:00:00Z,41.0,174.63138636411875,450.87621664140084,99.42216202455393,40.117542696084726,10.891804884153542,50.38670872453638,12.067963860378828,4.144581864589264,0.0,0.0,0.0,0.0,0.0,model4,9.0,False,516.0
172,2015-01-23T17:00:00Z,41.0,175.26372107781367,454.7124989897677,100.35726445533246,40.457948391342825,10.904527661704332,49.5884029500176,12.041403801462367,3.823109456708354,0.0,0.0,0.0,0.0,0.0,model4,9.0,False,519.0
173,2015-01-23T20:00:00Z,41.0,174.1868738769944,449.8183519773063,100.338822467085,40.03361718733501,11.502199778290624,47.545216441748856,11.743963887018467,3.9704012897066034,0.0,0.0,0.0,0.0,0.0,model4,9.0,False,522.0
174,2015-01-23T23:00:00Z,41.0,174.2668885998647,457.22072657229415,102.44481440084492,39.135272504640064,12.602240972652481,46.92209707520458,12.462715303364735,3.0393995300740717,0.0,0.0,0.0,0.0,0.0,model4,9.0,False,525.0
175,2015-01-24T02:00:00Z,41.0,173.06026394398975,458.7539387760488,102.31087457434828,39.13334723835928,12.67056354552641,46.53806822131151,12.247910680799505,3.607989579833628,0.0,0.0,0.0,0.0,0.0,model4,9.0,False,528.0
176,2015-01-24T05:00:00Z,41.0,173.24444583284102,453.7869092165899,101.77225984100143,39.575247367058225,12.966057798544195,49.80716277926025,12.638897745503588,3.474271989646272,0.0,0.0,0.0,0.0,0.0,model4,9.0,False,531.0
177,2015-01-24T08:00:00Z,41.0,172.16086585565915,449.90307479328237,103.6561774295913,39.17382092464095,13.378053808019226,49.72279828854577,12.62387825389523,3.4439574242706663,0.0,0.0,0.0,0.0,0.0,model4,9.0,False,534.0
178,2015-01-24T11:00:00Z,41.0,169.6791837366413,445.09040486692015,104.54169421097107,39.08090449914249,13.559536719695544,46.79317645819624,11.441305468129293,3.419118773638836,1.0,0.0,0.0,0.0,0.0,model4,9.0,False,537.0
179,2015-01-24T14:00:00Z,41.0,171.0255921856904,444.7842543990509,103.98950891815215,38.86999126463817,14.781763813006256,41.7294519555507,10.293057926961712,3.5707399079667,1.0,0.0,0.0,0.0,0.0,model4,9.0,False,540.0
180,2015-01-24T17:00:00Z,41.0,170.53499448968537,452.260529216032,102.7454905357329,38.85087869181727,14.561969562358644,41.8684595032493,9.355645772622047,3.685866007785315,1.0,0.0,0.0,0.0,0.0,model4,9.0,False,543.0
181,2015-01-24T20:00:00Z,41.0,169.85459554991854,454.1937909353752,101.23877832222642,38.75488736870358,14.669381753230887,42.610348561723335,9.771996866155316,3.808995947491977,1.0,0.0,0.0,0.0,0.0,model4,9.0,False,546.0
182,2015-01-24T23:00:00Z,41.0,168.4472036939294,454.2624963989181,99.62623140073684,38.34379255859609,14.064809277878007,39.2925480621344,8.38263725916771,3.9225855449868976,1.0,0.0,0.0,0.0,0.0,model4,9.0,False,549.0
183,2015-01-25T02:00:00Z,41.0,170.14282363571775,450.6570463946809,100.30969519847122,38.56732799558048,15.173866750061656,38.29099098942158,8.744440886068425,4.413614483672727,1.0,0.0,0.0,0.0,0.0,model4,9.0,False,552.0
184,2015-01-25T05:00:00Z,41.0,167.36017122257078,453.6848604033863,100.65615612285131,39.156226281288035,15.91972702901974,39.10843601166725,8.36205801001543,5.301418197604539,1.0,0.0,0.0,0.0,0.0,model4,9.0,False,555.0
185,2015-01-25T08:00:00Z,41.0,167.86957265588654,456.25662080140296,99.13623310140314,39.95164550080965,16.3859823268036,38.823052237936395,7.57932235049866,5.6335652512168215,1.0,0.0,0.0,0.0,0.0,model4,9.0,False,558.0
186,2015-01-25T11:00:00Z,41.0,170.56181421328174,455.1907269591501,100.3714057147736,40.66959396707229,16.61987090058032,41.02005491487621,8.415404364352005,5.790293459503022,0.0,0.0,0.0,0.0,0.0,model4,9.0,False,561.0
187,2015-01-25T14:00:00Z,41.0,169.7423519063449,459.6240556145451,99.56774600120426,40.647440864691895,16.00992407509166,40.37829599143811,8.605208014626259,6.026541934744424,0.0,0.0,0.0,0.0,0.0,model4,9.0,False,564.0
188,2015-01-25T17:00:00Z,41.0,171.35016065819562,453.14508142733115,100.84500935638391,40.8030305613927,15.325418382357807,41.69985029636211,9.047981398998504,6.0204145345446385,0.0,0.0,0.0,0.0,0.0,model4,9.0,False,567.0
189,2015-01-25T20:00:00Z,41.0,172.05560632681875,447.2397369525789,103.55557487870395,41.315837540984674,14.617523642047644,41.49756145290876,10.005885708314374,5.779361953135925,0.0,0.0,0.0,0.0,0.0,model4,9.0,False,570.0
190,2015-01-25T23:00:00Z,41.0,172.536044250691,444.4442587447503,102.73584680697405,41.57663879253478,14.232884807188626,50.03152168008175,11.083766709508016,5.7932159914748205,0.0,0.0,0.0,0.0,0.0,model4,9.0,False,573.0
191,2015-01-26T02:00:00Z,41.0,169.8393599136283,448.4535504111652,102.11202264409576,41.318269308468906,14.202089166192101,50.43578906133896,10.564862084122504,5.6413662844727535,0.0,0.0,0.0,0.0,0.0,model4,9.0,False,576.0
192,2015-01-26T05:00:00Z,41.0,172.13280528074176,440.7898356016494,101.84707728025944,40.27695066576671,13.64112953045307,56.57579863970107,12.18407084606525,5.79880031590047,0.0,0.0,0.0,0.0,0.0,model4,9.0,False,579.0
193,2015-01-26T08:00:00Z,41.0,173.55487437260325,436.67826354506445,102.25238536656666,39.728319026829894,12.80796460895742,53.93129553674469,12.248119635447946,5.580461355524248,0.0,0.0,0.0,0.0,0.0,model4,9.0,False,582.0
194,2015-01-26T11:00:00Z,41.0,170.9744379929409,433.5185729460183,101.41847850235108,39.16768488648839,13.134050749454033,54.88824974097106,12.131875139687569,5.468712787540637,0.0,0.0,0.0,0.0,0.0,model4,9.0,False,585.0
195,2015-01-26T14:00:00Z,41.0,169.7886480937523,433.3433354467663,102.07033196242514,39.80075341065622,13.157231843374689,54.3834043972641,12.1564817613568,5.369886180962694,0.0,0.0,0.0,0.0,0.0,model4,9.0,False,588.0
196,2015-01-26T17:00:00Z,41.0,169.7019536227375,436.7564340851008,101.34260074704693,40.169936918491956,13.784331630692973,55.86975872736927,13.106547639562287,5.395451204746013,0.0,0.0,0.0,0.0,0.0,model4,9.0,False,591.0
197,2015-01-26T20:00:00Z,41.0,169.26538049971074,436.0804518206883,99.98959145870121,39.6983277017136,13.335860864364848,56.44799257995576,11.870804429530713,5.420957255027406,0.0,0.0,0.0,0.0,0.0,model4,9.0,False,594.0
198,2015-01-26T23:00:00Z,41.0,169.56659755830395,435.6276224876651,100.65369910227014,39.65991116276813,13.428096066344185,53.6509709925709,10.93466543590632,5.045237554082523,0.0,0.0,0.0,0.0,0.0,model4,9.0,False,597.0
199,2015-01-27T02:00:00Z,41.0,171.17687244611867,424.8535561963311,101.67530410752691,39.91567634396836,13.075333348982074,57.635378028185215,11.890910556239398,4.684757512140633,0.0,0.0,0.0,0.0,0.0,model4,9.0,False,600.0
200,2015-01-27T05:00:00Z,41.0,171.2822465123437,423.95376223012056,101.82749697791529,40.50889812677693,13.992622073916595,56.64294851992841,10.265165845002821,3.966900175703093,0.0,0.0,0.0,0.0,0.0,model4,9.0,False,603.0
201,2015-01-27T08:00:00Z,41.0,170.38843431173558,413.3970812061496,101.8344763418564,40.87300688430764,14.971160979945864,61.16298688915587,10.138700261607443,4.181434829114089,0.0,0.0,0.0,0.0,0.0,model4,9.0,False,606.0
202,2015-01-27T11:00:00Z,41.0,170.69634471176659,402.22664454175055,102.15304900022316,40.43085162005307,14.836358556567435,70.13111268766552,9.663960785558515,4.12394414265644,0.0,0.0,0.0,0.0,0.0,model4,9.0,False,609.0
203,2015-01-27T14:00:00Z,41.0,170.5903263091966,389.8735053669445,101.482688010279,40.00977451560421,13.971031027594108,65.54052452731862,9.321852490716434,3.817420145193187,0.0,0.0,0.0,0.0,0.0,model4,9.0,False,612.0
204,2015-01-27T17:00:00Z,41.0,167.5014793610491,377.4931568431443,101.40899304840684,39.46543364115597,15.259571056559903,56.209147043871525,7.912246697741603,3.475080499461075,0.0,0.0,0.0,0.0,0.0,model4,9.0,False,615.0
205,2015-01-27T20:00:00Z,41.0,166.55069722506678,372.13214041157204,99.77302328962273,39.706724355276776,15.612440998130188,57.799852683752434,8.6645699020903,3.335255338974028,0.0,0.0,0.0,0.0,0.0,model4,9.0,False,618.0
206,2015-01-27T23:00:00Z,41.0,167.173170950346,365.70014792040064,98.83951418284107,40.29854526480975,15.752030728497438,49.92975291087279,9.320930465673401,3.4048942994142184,0.0,0.0,0.0,0.0,0.0,model4,9.0,False,621.0
207,2015-01-28T02:00:00Z,41.0,167.35011141110022,364.40058213339233,96.89626714955222,39.556449415902684,15.256274066655806,47.861163935725145,7.536883208924675,3.723880388081872,0.0,0.0,0.0,0.0,0.0,model4,9.0,False,624.0
208,2015-01-28T05:00:00Z,41.0,166.73281115169814,365.48662665951065,96.8569164281442,38.85294051977769,14.019173106513211,46.695539711427394,7.505211012770885,3.894826906644912,0.0,0.0,0.0,0.0,0.0,model4,9.0,False,627.0
209,2015-01-28T08:00:00Z,41.0,166.84770185847103,368.6539002511327,98.19648271600771,39.511245522094434,13.285109448632026,46.09294027939345,8.882049316506144,4.552207686383539,0.0,0.0,0.0,0.0,0.0,model4,9.0,False,630.0
210,2015-01-28T11:00:00Z,41.0,166.53930421578693,372.1528022054248,97.73459082845704,39.853971264643896,14.984039163434995,42.91455943173934,8.36990081506891,4.354546989712456,0.0,0.0,0.0,0.0,0.0,model4,9.0,False,633.0
211,2015-01-28T14:00:00Z,41.0,166.6378800470246,373.67898151290564,96.76515609161328,40.31674931996147,16.714685592528053,43.50927295665599,8.52671927410547,4.6862931486285655,0.0,0.0,0.0,0.0,0.0,model4,9.0,False,636.0
212,2015-01-28T17:00:00Z,41.0,169.0813886910799,375.7324230183077,96.12923620089441,40.43314411367458,15.135207290217974,42.700617609392665,7.94065592129875,4.641165586954727,0.0,0.0,0.0,0.0,0.0,model4,9.0,False,639.0
213,2015-01-28T20:00:00Z,41.0,169.74893092011698,374.0179329720553,96.58321139054222,40.82080077037792,14.647838897054402,45.80611162462616,8.446888954142171,5.141140225492147,0.0,0.0,0.0,0.0,0.0,model4,9.0,False,642.0
214,2015-01-28T23:00:00Z,41.0,167.17378050948588,380.78193444065147,97.98043063472963,40.23238635120895,16.154048120159672,49.81790233761196,8.329396896728731,5.432348239955879,0.0,0.0,0.0,0.0,0.0,model4,9.0,False,645.0
215,2015-01-29T02:00:00Z,41.0,167.968565884445,386.02177436838167,98.02840118350812,40.91783463892668,16.668628020738236,55.48278290054039,9.005175063914363,5.353506797694519,0.0,0.0,0.0,0.0,0.0,model4,9.0,False,648.0
216,2015-01-29T05:00:00Z,41.0,168.48046891913617,393.57808654804086,98.22444922861449,42.05786554638146,15.893790740792037,58.821996894880286,9.348756645946274,5.010971313846956,0.0,0.0,0.0,0.0,0.0,model4,9.0,False,651.0
217,2015-01-29T08:00:00Z,41.0,166.43254069996982,403.99413790232245,95.31515253018492,40.89977817825741,15.789810532068891,63.728332341152274,8.033481782315734,5.3154285963368455,0.0,0.0,0.0,0.0,0.0,model4,9.0,False,654.0
218,2015-01-29T11:00:00Z,41.0,167.3149607493779,414.99453017694816,96.7633853539501,41.12713564384209,14.07305097791625,59.06758810383405,8.89146895367675,5.361627328768686,0.0,0.0,0.0,0.0,0.0,model4,9.0,False,657.0
219,2015-01-29T14:00:00Z,41.0,167.61857757123775,423.73954593972235,98.38816672206448,40.487426563664364,12.160207727387867,59.88369406342135,9.738658998091056,5.190839047170848,0.0,0.0,0.0,0.0,0.0,model4,9.0,False,660.0
220,2015-01-29T17:00:00Z,41.0,166.0258415108835,433.37348078587326,99.67149132249097,41.162457980288316,12.155570445731616,65.62384728941018,9.85290293462325,5.554336560880643,0.0,0.0,0.0,0.0,0.0,model4,9.0,False,663.0
221,2015-01-29T20:00:00Z,41.0,167.27841132761503,444.8979256950588,100.46377137788124,41.460548462888816,13.582842457483265,53.03913534717803,9.446647665285068,5.888078292482133,0.0,0.0,0.0,0.0,0.0,model4,9.0,False,666.0
222,2015-01-29T23:00:00Z,41.0,169.9037554022141,437.56776255431816,100.65931357342322,41.94960186662982,11.416722224309668,57.52152967661318,9.91845005908124,5.478606063226391,0.0,0.0,0.0,0.0,0.0,model4,9.0,False,669.0
223,2015-01-30T02:00:00Z,41.0,167.80927449289274,440.3278762739298,101.63383843690303,41.38050702200458,12.37907049647385,51.670472341107434,9.199786727012931,5.523807027633114,0.0,0.0,0.0,0.0,0.0,model4,9.0,False,672.0
224,2015-01-30T05:00:00Z,41.0,168.9631988018047,441.03243611664254,102.3973201900765,40.24384136600153,13.580603024185672,51.69294084463418,10.260956074207877,5.805450711772518,0.0,0.0,0.0,0.0,0.0,model4,9.0,False,675.0
225,2015-01-30T08:00:00Z,41.0,174.80270304868702,437.72939718611013,104.66902054889057,40.64203205193363,18.531057652583872,50.392577587093385,8.783477901639515,5.315862859674998,0.0,0.0,0.0,0.0,0.0,model4,9.0,False,678.0
226,2015-01-30T11:00:00Z,41.0,178.74947094428504,429.42272889792366,104.9741187650315,40.82741455184794,20.417160378067567,57.31695369622944,9.891615706022352,5.4547688199488915,0.0,0.0,0.0,0.0,0.0,model4,9.0,False,681.0
227,2015-01-30T14:00:00Z,41.0,182.12732430918305,433.133820217658,103.68848379147477,41.35104570008036,21.47887325832016,58.203167186015634,9.946724475468116,5.539354473918571,0.0,0.0,0.0,0.0,0.0,model4,9.0,False,684.0
228,2015-01-30T17:00:00Z,41.0,184.92273771836759,422.7479510213372,103.10093909051027,40.3881218072793,20.31635781284588,52.73938322716318,10.29592535649287,5.300199707772316,0.0,0.0,0.0,0.0,0.0,model4,9.0,False,687.0
229,2015-01-30T20:00:00Z,41.0,185.4778827690229,425.05734672594025,102.86431163116282,39.86317333197225,20.00402783446562,55.206462293494866,10.127558161335166,4.200665466881723,0.0,0.0,0.0,0.0,0.0,model4,9.0,False,690.0
230,2015-01-30T23:00:00Z,41.0,187.72804223816726,430.36205094252426,102.03355625031796,39.56003536618364,20.169201228566642,51.0628999906656,10.288734539745011,4.439362398093435,0.0,0.0,0.0,0.0,0.0,model4,9.0,False,693.0
231,2015-01-31T02:00:00Z,41.0,191.4167904987293,434.1631521554688,101.58849654894995,40.11500746309453,16.411711851096467,54.67781768918778,10.325916870352003,4.252560479218254,0.0,0.0,0.0,0.0,0.0,model4,9.0,False,696.0
232,2015-01-31T05:00:00Z,41.0,192.86049874838062,432.7475903306552,100.9515524478153,40.528675451123206,17.007450679587016,55.87160473990404,9.146895584071997,3.6311252719543177,0.0,0.0,0.0,0.0,0.0,model4,9.0,False,699.0
233,2015-01-31T08:00:00Z,41.0,190.927563626523,434.47965779898897,99.25339490235449,40.18868659364893,16.214349915547796,56.705931311214684,10.295976568902457,3.5404248814867683,1.0,0.0,0.0,0.0,0.0,model4,9.0,True,702.0
234,2015-01-31T11:00:00Z,41.0,190.60584909955472,455.6597754891389,96.99588725371264,39.907287909798534,15.482696162217367,55.859336360007276,9.014466860076997,3.2522866730923856,1.0,0.0,0.0,0.0,0.0,model4,9.0,True,705.0
235,2015-01-31T14:00:00Z,41.0,188.9002966519156,457.28584672684457,97.39344871861952,39.777413991228364,15.626804362102067,56.66566295007214,9.445372295386578,4.287030848295248,1.0,0.0,0.0,0.0,0.0,model4,9.0,True,708.0
236,2015-01-31T17:00:00Z,41.0,190.86920277595445,473.2345393200325,98.12715854952393,39.95728990693406,13.794927173498573,48.20092501397879,9.504100619286136,4.542956255067229,1.0,0.0,0.0,0.0,0.0,model4,9.0,True,711.0
237,2015-01-31T20:00:00Z,41.0,192.02965818852084,476.8703415720986,97.66155534390288,39.63780415470582,13.109932407912018,51.66965292412052,10.029342990382164,4.772878629199398,1.0,0.0,0.0,0.0,0.0,model4,9.0,True,714.0
238,2015-01-31T23:00:00Z,41.0,191.0508603330524,478.5537205630642,98.10055007733743,39.330638469847436,12.922244892269532,50.12960649850748,10.125524903191419,4.543724971526925,1.0,0.0,0.0,0.0,0.0,model4,9.0,True,717.0
239,2015-02-01T02:00:00Z,41.0,189.66636112571263,475.21684465810546,97.7709761999643,39.756420287422046,13.875060992288196,48.05613467888289,10.190174809063887,4.826746526945244,1.0,0.0,0.0,0.0,0.0,model4,9.0,True,720.0
240,2015-02-01T05:00:00Z,41.0,188.14731461371932,472.47194153332117,98.12267833976642,40.15601778729983,14.118244894801354,47.95694854248503,10.081066300011825,4.835584429820089,1.0,0.0,0.0,0.0,0.0,model4,9.0,True,723.0
241,2015-02-01T08:00:00Z,41.0,187.0332236720208,468.62512777741097,99.48766888944515,39.86828094986897,12.742752522005588,51.520783276657895,9.318021884033408,4.970479075140748,0.0,0.0,0.0,0.0,0.0,model4,9.0,False,726.0
242,2015-02-01T11:00:00Z,41.0,181.0582362495641,459.3531290690065,101.015369652906,39.872229321211,18.23470156889433,47.27224303632948,8.601549963082228,5.147739678061622,0.0,0.0,0.0,0.0,0.0,model4,9.0,False,729.0
243,2015-02-01T14:00:00Z,41.0,178.70560384786882,451.45211261055124,101.89996082120422,39.36823282820375,18.341556773781086,49.659004046370534,9.004062779920783,4.211707215309007,0.0,0.0,0.0,0.0,0.0,model4,9.0,False,732.0
244,2015-02-01T17:00:00Z,41.0,176.19789906095852,451.7504444147552,100.06824498172388,39.64411367759196,17.53851212450291,50.07974421189173,10.575578618284123,4.1501090691170806,0.0,0.0,0.0,0.0,0.0,model4,9.0,False,735.0
245,2015-02-01T20:00:00Z,41.0,172.44460288559816,447.0183965895738,101.04147646312849,39.49070779898385,17.844693921895566,44.7793669955101,10.050563324257977,4.278952502329241,0.0,0.0,0.0,0.0,0.0,model4,9.0,False,738.0
246,2015-02-01T23:00:00Z,41.0,168.98421080645045,445.3875150085186,100.83196212012152,39.77025897667365,17.814351038290344,49.5991593260123,9.93991791429908,4.244621193796503,0.0,0.0,0.0,0.0,0.0,model4,9.0,False,741.0
247,2015-02-02T02:00:00Z,41.0,166.2317133516417,444.6765589037249,101.68199606567907,38.155290594650815,17.705661669246112,49.73768576117842,10.839392835019748,4.7467636761249015,0.0,0.0,0.0,0.0,0.0,model4,9.0,False,744.0
248,2015-02-02T05:00:00Z,41.0,165.27308279022662,447.664301061132,101.91931882014816,37.854344428028405,15.894603148319113,48.25324873440069,11.229933988886671,4.641929466235456,0.0,0.0,0.0,0.0,0.0,model4,9.0,False,747.0
249,2015-02-02T08:00:00Z,41.0,165.37461005381348,449.7241508247533,100.51216536208707,38.2148830852838,15.808964915449462,48.49548627973515,11.808829128784554,4.6710967402381485,0.0,0.0,0.0,0.0,0.0,model4,9.0,False,750.0
250,2015-02-02T11:00:00Z,41.0,167.91307440213268,450.59679015975286,99.10366541151093,38.020347919647655,13.84802681340461,46.770409059604084,13.011976287576585,4.363333175356179,0.0,0.0,0.0,0.0,0.0,model4,9.0,False,753.0
251,2015-02-02T14:00:00Z,41.0,168.91569893486167,450.0056424264296,98.46970132190602,37.93372991451314,13.765613063649292,42.11556188331806,12.050796754976973,4.409395433759957,0.0,0.0,0.0,0.0,0.0,model4,9.0,False,756.0
252,2015-02-02T17:00:00Z,41.0,167.7708267154275,440.2925813504158,98.79671664396784,38.526155300441225,13.51690946786772,39.5457536627719,11.272729291135526,5.131547483537814,0.0,0.0,0.0,0.0,0.0,model4,9.0,False,759.0
253,2015-02-02T20:00:00Z,41.0,168.22113147235737,435.66535234192907,98.08558918043859,38.51401874856353,11.9215727258772,43.36120259392955,12.413219246339429,5.2608683441509045,0.0,0.0,0.0,0.0,0.0,model4,9.0,False,762.0
254,2015-02-02T23:00:00Z,41.0,170.4215773875768,439.4260230510264,98.44242466133319,38.27420287399547,11.553470600990494,40.42488882918758,12.259026165499346,5.2793928802856565,0.0,0.0,0.0,0.0,0.0,model4,9.0,False,765.0
255,2015-02-03T02:00:00Z,41.0,173.1491484992807,440.94540524507966,97.87837154626207,39.04170635662029,10.034940216031508,42.91312574586082,11.501920291626925,5.123673197871079,0.0,0.0,0.0,0.0,0.0,model4,9.0,False,768.0
256,2015-02-03T05:00:00Z,41.0,171.9692417041951,437.35658931590325,97.66666156899471,39.56723141340533,10.938910133880766,46.61414047483543,11.14028345459512,5.314832089989482,0.0,0.0,0.0,0.0,0.0,model4,9.0,False,771.0
257,2015-02-03T08:00:00Z,41.0,171.45548242193678,441.452948021518,99.0337276824676,39.91299451159673,10.907142075118642,47.40403168108527,11.136191179403088,5.304040165403039,0.0,0.0,0.0,0.0,0.0,model4,9.0,False,774.0
258,2015-02-03T11:00:00Z,41.0,170.56281719507862,440.7771823118831,101.2301094706418,39.548213749872545,11.144874492825242,46.46798895843899,10.26168576602334,5.802454193264786,0.0,0.0,0.0,0.0,0.0,model4,9.0,False,777.0
259,2015-02-03T14:00:00Z,41.0,168.49330409911025,439.94533681063837,102.34342982488634,39.917417640186045,13.060454600091061,47.564452867598064,10.445150198473094,5.654665996561707,0.0,0.0,0.0,0.0,0.0,model4,9.0,False,780.0
260,2015-02-03T17:00:00Z,41.0,168.23912493056372,446.31279360544113,102.7234028381695,39.89775413518272,13.074913152048232,48.32096367801425,9.829276756652133,5.6355168711512125,0.0,0.0,0.0,0.0,0.0,model4,9.0,False,783.0
261,2015-02-03T20:00:00Z,41.0,168.97211144162532,449.8308623527253,102.6263370503255,40.53810063114386,14.859687138679053,42.47317272506672,7.770949826608088,5.803537574234084,0.0,0.0,0.0,0.0,0.0,model4,9.0,False,786.0
262,2015-02-03T23:00:00Z,41.0,169.60399994621113,447.3508468281961,101.6596027197484,41.56455242849189,14.924738549708286,42.45983448447686,7.972321528937464,5.965224908370646,0.0,0.0,0.0,0.0,0.0,model4,9.0,False,789.0
263,2015-02-04T02:00:00Z,41.0,167.0830443729776,447.17675967262153,101.22736982446415,42.21282229815761,16.112281660647874,46.40780673207706,7.93410001504972,5.300415647436987,0.0,0.0,0.0,0.0,0.0,model4,9.0,False,792.0
264,2015-02-04T05:00:00Z,41.0,168.74811402097558,451.4971233376525,101.07675055695314,42.44364400448095,16.093355840724904,42.739623543293376,8.3223696483486,5.563988975474597,0.0,0.0,0.0,0.0,0.0,model4,9.0,False,795.0
265,2015-02-04T08:00:00Z,41.0,167.11187651299966,450.0578699736879,101.14514968637451,42.064752241951716,16.161568434538463,39.90829764897778,7.7771219695901275,6.249697013911211,0.0,0.0,0.0,0.0,0.0,model4,9.0,False,798.0
266,2015-02-04T11:00:00Z,41.0,167.63764174559276,445.27577810901397,100.41195411487708,42.4614246315841,15.65845138864458,42.759591367500725,7.310787467544963,5.6772564008394575,0.0,0.0,0.0,0.0,0.0,model4,9.0,False,801.0
267,2015-02-04T14:00:00Z,41.0,170.42891414131532,453.5862575948056,98.96264961185888,42.60547094585441,16.13929330963261,46.762185307492196,7.135285068017549,5.602607127497385,0.0,0.0,0.0,0.0,0.0,model4,9.0,False,804.0
268,2015-02-04T17:00:00Z,41.0,171.50411123657014,451.63628317298026,99.06143523793621,42.0011608138379,15.648979979592344,49.004188818777244,7.2205010433278165,5.344729393402021,0.0,0.0,0.0,0.0,0.0,model4,9.0,False,807.0
269,2015-02-04T20:00:00Z,41.0,171.5519953622665,453.4605612733866,100.05125923030157,42.256542521002324,14.829230485348392,49.4431676871833,8.189144022585838,5.244153093912555,0.0,0.0,0.0,0.0,0.0,model4,9.0,False,810.0
270,2015-02-04T23:00:00Z,41.0,169.57668824611392,452.42366315090413,100.96072781487915,42.0372794910365,14.501691669827515,48.70690440576416,8.195353680480622,5.004707360265826,0.0,0.0,0.0,0.0,0.0,model4,9.0,False,813.0
271,2015-02-05T02:00:00Z,41.0,172.21432910747978,452.45470679955116,101.35182738814444,41.364268746853455,13.140724775114991,43.402052737175225,7.564776499233528,5.320313938461044,0.0,0.0,0.0,0.0,0.0,model4,9.0,False,816.0
272,2015-02-05T05:00:00Z,41.0,169.3403208820663,448.6255852951802,102.10267640882564,40.893565764545095,13.29193062320983,45.48144107256803,7.014405607785415,4.9685876456151385,0.0,0.0,0.0,0.0,0.0,model4,9.0,False,819.0
273,2015-02-05T08:00:00Z,41.0,171.08467134910197,450.0060118960409,101.17327946300767,40.87140691381149,12.752742727513773,46.15592356780846,6.865865109391497,4.336058413732295,0.0,0.0,0.0,0.0,0.0,model4,9.0,False,822.0
274,2015-02-05T11:00:00Z,41.0,170.3557029149015,459.484596032606,100.289834453608,41.647609646345465,14.594767856291547,49.47446247754014,7.057490009373888,4.458691785046288,0.0,0.0,0.0,0.0,0.0,model4,9.0,False,825.0
275,2015-02-05T14:00:00Z,41.0,169.60067577629033,462.43525156416666,100.99711117440417,41.91724671768496,12.569158449551285,50.6897180771871,7.0271759227217405,5.17470400277892,0.0,0.0,0.0,0.0,0.0,model4,9.0,False,828.0
276,2015-02-05T17:00:00Z,41.0,169.68799266009108,465.1095983720743,101.1249281424157,41.98655614595876,12.80175524568225,48.7179756379839,7.863604462199568,5.103649283983084,0.0,0.0,0.0,0.0,0.0,model4,9.0,False,831.0
277,2015-02-05T20:00:00Z,41.0,169.05598756331847,466.86751146187316,100.52579975702686,41.529881035206216,11.8899318443385,51.180147258063755,8.187219756698154,4.70895266817441,0.0,0.0,0.0,0.0,0.0,model4,9.0,False,834.0
278,2015-02-05T23:00:00Z,41.0,170.14929005627891,473.0350049619348,100.98358381227682,41.29852788263974,11.641657891250794,52.753000909990256,8.524434193529974,4.797545244119839,0.0,0.0,0.0,0.0,0.0,model4,9.0,False,837.0
279,2015-02-06T02:00:00Z,41.0,170.08026465937343,473.31435019159215,101.42948957613136,42.26621702007716,11.845905517704596,52.581768799803676,9.487233096116716,4.4942071204862994,0.0,0.0,0.0,0.0,0.0,model4,9.0,False,840.0
280,2015-02-06T05:00:00Z,41.0,170.78361303143862,476.29190634285317,102.06947538696168,42.29344675469379,11.86576572537941,51.65568492295596,10.4692082337967,4.473480666847808,0.0,0.0,0.0,0.0,0.0,model4,9.0,False,843.0
281,2015-02-06T08:00:00Z,41.0,170.59191719490704,474.59465694719216,103.01681908680628,42.70838637989395,12.613405070504347,51.70094836927032,10.916649930814106,4.049065015858401,0.0,0.0,0.0,0.0,0.0,model4,9.0,False,846.0
282,2015-02-06T11:00:00Z,41.0,172.7577717323689,471.7746862792897,105.10989232727944,42.11717483275428,12.925707171134588,46.8701825950135,10.954426070873538,3.9598902422301445,0.0,0.0,0.0,0.0,0.0,model4,9.0,False,849.0
283,2015-02-06T14:00:00Z,41.0,171.76876732792263,457.1911915148444,104.91648436040691,41.2442689652076,13.435329140777824,49.449541365789344,10.947988016481858,3.407923119627944,0.0,0.0,0.0,0.0,0.0,model4,9.0,False,852.0
284,2015-02-06T17:00:00Z,41.0,172.9559986515479,454.1542382430153,104.92525912746046,41.193763925931286,14.13649387502283,47.61694476897788,10.377601492867614,3.4197648772115863,0.0,0.0,0.0,0.0,0.0,model4,9.0,False,855.0
285,2015-02-06T20:00:00Z,41.0,171.60955791454055,447.1601251869831,104.76580577483101,40.999178155185795,16.187408999080002,44.633908452991534,9.638352700489746,3.431897676851352,0.0,0.0,0.0,0.0,0.0,model4,9.0,False,858.0
286,2015-02-06T23:00:00Z,41.0,172.54271979484946,442.14857361976686,104.10253286713068,40.74923349794551,16.778589212100982,41.8253508104151,9.7156707975187,3.2804214957700384,0.0,0.0,0.0,0.0,0.0,model4,9.0,False,861.0
287,2015-02-07T02:00:00Z,41.0,169.42485308072872,437.6662432061126,102.94213764946682,40.03339016776465,17.173104992623767,42.02817167727737,9.622384476972432,3.117431941153822,0.0,0.0,0.0,0.0,0.0,model4,9.0,False,864.0
288,2015-02-07T05:00:00Z,41.0,169.12513095450325,436.2025771252668,102.64165912069383,40.58010926852009,17.253437059950684,38.1328132373215,9.047390657742188,3.8736641308430353,0.0,0.0,0.0,0.0,0.0,model4,9.0,False,867.0
289,2015-02-07T08:00:00Z,41.0,169.25822246868762,435.0318079061242,102.55578529715996,40.121718554199454,17.052247591945527,37.27445893182629,9.223695902089522,4.148535171177247,0.0,0.0,0.0,0.0,0.0,model4,9.0,False,870.0
290,2015-02-07T11:00:00Z,41.0,165.7388851517214,427.6148670331362,100.12063330396515,39.982863736124564,16.715679735692106,36.499046047150024,10.021940039810898,4.314526652823043,0.0,0.0,0.0,0.0,0.0,model4,9.0,False,873.0
291,2015-02-07T14:00:00Z,41.0,165.72442080185968,431.8435079038068,99.46033193103978,40.00716881169127,16.47076633742887,37.346326660283005,12.000104024216366,4.560382184814687,0.0,0.0,0.0,0.0,0.0,model4,9.0,False,876.0
292,2015-02-07T17:00:00Z,41.0,165.51827486108232,428.34398803349404,99.26039336378278,40.116507162920975,16.001062642619875,35.12812604683719,11.919975658546749,5.079959219337634,0.0,0.0,0.0,0.0,0.0,model4,9.0,False,879.0
293,2015-02-07T20:00:00Z,41.0,167.77113301956481,430.3589857879862,98.9837933084626,40.51253478149697,14.65104280141614,36.82037189271422,12.556719926245206,5.151890315334528,0.0,0.0,0.0,0.0,0.0,model4,9.0,False,882.0
294,2015-02-07T23:00:00Z,41.0,165.5091510590787,421.93697888372805,99.13495834015006,40.31098698073337,13.599750245198386,40.57401678319095,12.74975621336163,5.189767444945481,0.0,0.0,0.0,0.0,0.0,model4,9.0,False,885.0
295,2015-02-08T02:00:00Z,41.0,168.9261421977276,423.22396695423896,100.86994461907848,40.3553459706775,14.392543914528199,41.32034273280095,13.074003366344035,5.042982736101616,0.0,0.0,0.0,0.0,0.0,model4,9.0,False,888.0
296,2015-02-08T05:00:00Z,41.0,170.2276795410631,429.1457243180506,99.00974687817076,40.07690758990393,13.741884784860305,46.27797499567366,13.092764444402151,4.70493234147453,0.0,0.0,0.0,0.0,0.0,model4,9.0,False,891.0
297,2015-02-08T08:00:00Z,41.0,170.46798710555763,429.43029348982435,98.11489093186836,40.46289786074747,14.453390984106042,50.25525035057563,12.805272275297241,4.623603781531432,0.0,0.0,0.0,0.0,0.0,model4,9.0,False,894.0
298,2015-02-08T11:00:00Z,41.0,172.4554922747596,430.1788259589586,98.926066700851,41.18622753788999,14.339620805631089,50.497710146422214,11.878263152249826,4.639347377406714,0.0,0.0,0.0,0.0,0.0,model4,9.0,False,897.0
299,2015-02-08T14:00:00Z,41.0,174.07311493551634,432.9134083790482,101.00147371887941,41.42849443759978,14.378057077562392,49.965350860929135,10.998045371725967,4.205223016690121,0.0,0.0,0.0,0.0,0.0,model4,9.0,False,900.0
300,2015-02-08T17:00:00Z,41.0,173.16490822078038,427.56847860642023,99.22727437022628,40.62473183834296,14.103102839876778,51.67590195627336,12.379665876156885,4.281200707999174,0.0,0.0,0.0,0.0,0.0,model4,9.0,False,903.0
301,2015-02-08T20:00:00Z,41.0,173.211498385938,425.1157363433185,99.21361245033613,40.66148770066242,15.805255552481725,51.25714201380808,11.640143947031813,4.024293619296112,0.0,0.0,0.0,0.0,0.0,model4,9.0,False,906.0
302,2015-02-08T23:00:00Z,41.0,171.6513919226684,440.7971495585649,99.35933119731695,41.43183176500301,17.121505414196072,49.56958309127524,11.635356303864976,3.999350576891523,0.0,0.0,0.0,0.0,0.0,model4,9.0,False,909.0
303,2015-02-09T02:00:00Z,41.0,169.4845045473654,440.0198627016153,102.21636242457905,41.52288003075397,16.14327744926829,49.216743181036854,15.40743792247253,4.062933150103719,0.0,0.0,0.0,0.0,0.0,model4,9.0,False,912.0
304,2015-02-09T05:00:00Z,41.0,170.57967739889753,440.1169501419428,106.07306776532052,41.03914643583536,16.71781574514086,50.36431468398479,17.315500179546838,4.197542097087916,0.0,0.0,0.0,0.0,0.0,model4,9.0,False,915.0
305,2015-02-09T08:00:00Z,41.0,169.41924340251174,444.33481578831163,110.1073028590431,40.323136545786035,17.86181802384755,51.94567804904885,18.112119030484976,4.553818211544286,0.0,0.0,0.0,0.0,0.0,model4,9.0,False,918.0
306,2015-02-09T11:00:00Z,41.0,170.83323509894126,449.4311956033533,111.91068191975448,39.97742898004079,15.939825061249644,52.235024937478,17.517889436722268,4.370076043792733,0.0,0.0,0.0,0.0,0.0,model4,9.0,False,921.0
307,2015-02-09T14:00:00Z,41.0,169.08777177612782,444.9712828666222,112.9915182093458,39.902071666482726,16.448858530514947,54.073520781468495,17.581585109767236,4.835078639496887,0.0,0.0,0.0,0.0,0.0,model4,9.0,False,924.0
308,2015-02-09T17:00:00Z,41.0,169.12330512690403,453.4174944887704,118.50575260147093,40.558263075476624,16.88357061669166,50.938640006272145,14.367928637321784,4.453180628003123,0.0,0.0,0.0,0.0,0.0,model4,9.0,False,927.0
309,2015-02-09T20:00:00Z,41.0,168.88499486620847,457.38369032641737,122.37145783830023,39.99315973865417,16.163887849653975,48.76627041832734,11.893485043584182,5.004533538024439,0.0,0.0,0.0,0.0,0.0,model4,9.0,False,930.0
310,2015-02-09T23:00:00Z,41.0,170.6462016658504,451.1365160029457,125.48354991953121,39.44017743562029,16.02913876541634,57.22178832061558,9.350982562155732,5.044396623996966,0.0,0.0,0.0,0.0,0.0,model4,9.0,False,933.0
311,2015-02-10T02:00:00Z,41.0,172.37075550965258,455.8585917072149,124.74612936413008,39.76524021493556,16.92931774868232,56.84339633768864,10.427380499344387,5.119728348362548,0.0,0.0,0.0,0.0,0.0,model4,9.0,False,936.0
312,2015-02-10T05:00:00Z,41.0,170.8880586746521,449.436143799224,124.08594251319995,39.89140330651955,17.82078930725326,59.07387579890434,9.229783962464916,4.844468997766589,0.0,0.0,0.0,0.0,0.0,model4,9.0,False,939.0
313,2015-02-10T08:00:00Z,41.0,171.424481173831,449.8042763034318,124.7327044683618,40.406874812174784,16.385740329619008,57.23973348336722,11.69404938235877,4.449073368362543,0.0,0.0,0.0,0.0,0.0,model4,9.0,False,942.0
314,2015-02-10T11:00:00Z,41.0,169.64989174168082,449.5903251551747,128.50262565032963,40.36445537718053,16.293343737347094,56.243296071901156,12.680570964179408,4.447157810079182,0.0,0.0,0.0,0.0,0.0,model4,9.0,False,945.0
315,2015-02-10T14:00:00Z,41.0,170.5968498298311,450.8909265451711,132.81227617713978,40.96880435463193,16.608763017618,53.348938227759845,14.961219291837539,4.333167486477834,0.0,0.0,0.0,0.0,0.0,model4,9.0,False,948.0
316,2015-02-10T17:00:00Z,41.0,170.0111909885705,451.4145689533402,135.38946508843858,40.83346560233571,16.10551492777259,52.069760594340714,15.363921747144795,4.6242427201085725,0.0,0.0,0.0,0.0,0.0,model4,9.0,False,951.0
317,2015-02-10T20:00:00Z,41.0,169.95583243203217,448.2077563711374,139.0186269269552,41.03192688688238,15.121411264144133,53.05158830952156,16.981324473342813,4.080423368646393,0.0,0.0,0.0,0.0,0.0,model4,9.0,False,954.0
318,2015-02-10T23:00:00Z,41.0,171.5181920786068,448.4528876664488,141.08903833265546,41.24267929843672,14.099368955209398,42.79951657834629,17.27904386770926,4.499310838203292,0.0,0.0,0.0,0.0,0.0,model4,9.0,False,957.0
319,2015-02-11T02:00:00Z,41.0,170.18216130443858,447.864220927489,141.09126978455538,40.270583084293854,13.535785200446956,42.858818298734384,16.84893457258272,4.932973434807595,0.0,0.0,0.0,0.0,0.0,model4,9.0,False,960.0
320,2015-02-11T05:00:00Z,41.0,170.710713540793,447.05433478649866,140.61222217124313,40.429896016854734,11.723555980294414,38.69505066633438,17.930824861491907,5.081899413826179,0.0,0.0,0.0,0.0,0.0,model4,9.0,False,963.0
321,2015-02-11T08:00:00Z,41.0,170.12332252155903,442.69125176028604,139.56060044659026,41.09599578502184,11.343606598180529,40.54064025150234,17.35739719006089,5.280173628956684,0.0,0.0,0.0,0.0,0.0,model4,9.0,False,966.0
322,2015-02-11T11:00:00Z,41.0,172.1867778206958,440.5372954851884,137.6716526820028,40.70860731758554,11.365381617224662,42.50664896458748,17.560153325983908,5.954082225966789,0.0,0.0,0.0,0.0,0.0,model4,9.0,False,969.0
323,2015-02-11T14:00:00Z,41.0,171.94471997680276,444.8997362889112,134.3950079325783,40.52663724883534,9.371066832309518,42.41007098772885,16.662724624367268,5.623359867732575,0.0,0.0,0.0,0.0,0.0,model4,9.0,False,972.0
324,2015-02-11T17:00:00Z,41.0,171.24269005375714,448.1039022761569,130.85933054854326,40.67739451614821,11.494321031864436,44.232539058344535,16.408293616198215,5.432097988772738,0.0,0.0,0.0,0.0,0.0,model4,9.0,False,975.0
325,2015-02-11T20:00:00Z,41.0,170.8932368963019,448.1417348435809,127.08339851107077,40.931457300964645,11.475024952122862,47.10620192603369,12.677091377068678,5.418729647343869,0.0,0.0,0.0,0.0,0.0,model4,9.0,False,978.0
326,2015-02-11T23:00:00Z,41.0,170.37373172768187,454.0346349033216,123.63639595047616,41.431579735669935,11.617188198419955,52.11411299060954,9.810225409278528,5.517824583640194,0.0,0.0,0.0,0.0,0.0,model4,9.0,False,981.0
327,2015-02-12T02:00:00Z,41.0,170.53492010378537,449.3928201344473,123.61656620005488,42.073890362443436,11.033937257231786,57.92521923304007,9.38781409325516,5.133251550580488,0.0,0.0,0.0,0.0,0.0,model4,9.0,False,984.0
328,2015-02-12T05:00:00Z,41.0,171.2030692907135,451.7610721531847,124.3018430193205,41.639665384365,11.301666432156221,57.94929842060709,8.80036582370645,5.105732679014578,0.0,0.0,0.0,0.0,0.0,model4,9.0,False,987.0
329,2015-02-12T08:00:00Z,41.0,170.83986356611118,452.78319007184507,123.14764267271288,40.42536065725779,10.714880161521153,54.698707894730866,9.724920492088064,5.490457761009916,0.0,0.0,0.0,0.0,0.0,model4,9.0,False,990.0
330,2015-02-12T11:00:00Z,41.0,169.62142479797834,451.9384060721888,118.41644209777948,40.594375067908416,11.55536193872909,51.88601369198664,13.884046699906357,5.484930517073464,0.0,0.0,0.0,0.0,0.0,model4,9.0,False,993.0
331,2015-02-12T14:00:00Z,41.0,169.6709109966423,451.5630093662012,115.77833982636344,40.81307300748088,11.942893485516276,52.35639024088133,13.375663189248069,5.771165481385581,0.0,0.0,0.0,0.0,0.0,model4,9.0,False,996.0
332,2015-02-12T17:00:00Z,41.0,169.76776563292557,448.8932864717341,112.23686507314078,40.567298673118025,10.766141231291568,52.591072319476226,15.924930412917847,5.7963323232661175,0.0,0.0,0.0,0.0,0.0,model4,9.0,False,999.0
333,2015-02-12T20:00:00Z,41.0,169.06612127364784,455.1568416922422,108.8572753147008,40.27438096681981,11.125905946683874,50.55954145638543,15.247900358234824,5.8051351926398205,0.0,0.0,0.0,0.0,0.0,model4,9.0,False,1002.0
334,2015-02-12T23:00:00Z,41.0,168.30165927455133,450.79029286306434,106.08350103239852,39.56756788756886,10.811155710514653,49.29329462787202,16.338761277915438,5.0153912993610446,0.0,0.0,0.0,0.0,0.0,model4,9.0,False,1005.0
335,2015-02-13T02:00:00Z,41.0,169.1680590882795,454.1751149548504,103.63467254938207,39.465550637903405,11.00671268419372,41.38535227834733,15.358073923191485,4.766279194131881,0.0,0.0,0.0,0.0,0.0,model4,9.0,False,1008.0
336,2015-02-13T05:00:00Z,41.0,168.79268580187474,458.63564435405,102.22922892018507,38.90278797335417,11.501196082849116,40.34860710677937,14.043172245171325,5.020920320473691,0.0,0.0,0.0,0.0,0.0,model4,9.0,False,1011.0
337,2015-02-13T08:00:00Z,41.0,169.2218543865799,460.94726866592833,99.27438048611069,39.1066330149154,12.282603274365853,41.53971033115173,13.294709220934365,4.765813778225921,0.0,0.0,0.0,0.0,0.0,model4,9.0,False,1014.0
338,2015-02-13T11:00:00Z,41.0,168.67987153107345,466.4795183405743,100.74567863637672,39.066305741341296,11.189589366325384,45.283729560581634,13.269963122974186,3.99774647156416,0.0,0.0,0.0,0.0,0.0,model4,9.0,False,1017.0
339,2015-02-13T14:00:00Z,41.0,166.25208822198826,465.45615026307235,100.66869527177104,38.61683938714266,13.747931901141772,45.83651744653982,13.073995279998893,3.6126585629374297,0.0,0.0,0.0,0.0,0.0,model4,9.0,False,1020.0
340,2015-02-13T17:00:00Z,41.0,165.35044951177954,457.45856577808337,101.46321176361887,38.77444926985113,14.416517144774025,49.269290997443704,12.50035599979682,3.7567488472353343,0.0,0.0,0.0,0.0,0.0,model4,9.0,False,1023.0
341,2015-02-13T20:00:00Z,41.0,164.77664262268195,447.0109958591821,101.52911741279188,38.61620914239651,14.812757120322086,51.02060922382821,12.489125105287096,4.42139087791642,0.0,0.0,0.0,0.0,0.0,model4,9.0,False,1026.0
342,2015-02-13T23:00:00Z,41.0,166.159267452917,441.2126818004139,101.75348749490792,38.64894959474251,15.195438205946644,53.03943923746708,10.852681481545424,4.510493533531517,0.0,0.0,0.0,0.0,0.0,model4,9.0,False,1029.0
343,2015-02-14T02:00:00Z,41.0,166.49134939596436,449.28634972883486,101.4015042729482,39.17347223136076,15.937129920833854,60.4041294992873,9.653835226184798,4.953073245448913,0.0,0.0,0.0,0.0,0.0,model4,9.0,False,1032.0
344,2015-02-14T05:00:00Z,41.0,166.48718982885163,445.56529128267266,99.84336265373314,39.3973912372141,15.334836306874475,61.64522856908758,8.269090234317604,4.969349971329796,0.0,0.0,0.0,0.0,0.0,model4,9.0,False,1035.0
345,2015-02-14T08:00:00Z,41.0,166.35821889895587,442.2820297791401,100.82701004923607,39.72201904728344,14.837417060576167,62.94329078300245,7.106611455398989,4.837730414663731,0.0,0.0,0.0,0.0,0.0,model4,9.0,False,1038.0
346,2015-02-14T11:00:00Z,41.0,167.25908144648957,436.43398659261055,99.88913455514972,39.356394042413676,16.029451567840468,58.23198070836165,6.973388500531763,4.879325187424229,0.0,0.0,0.0,0.0,0.0,model4,9.0,False,1041.0
347,2015-02-14T14:00:00Z,41.0,169.65157648082874,440.6091737262682,99.73820809501623,39.003198339754455,14.147517040863011,59.798044386366655,7.896143799176661,4.711732553814887,0.0,1.0,0.0,0.0,0.0,model4,9.0,False,1044.0
348,2015-02-14T17:00:00Z,41.0,172.07937874284724,446.5304992127454,100.66109784006365,38.645914364667476,13.235729762253252,58.45707993772566,6.945038114218309,4.4290570887377685,0.0,1.0,0.0,0.0,0.0,model4,9.0,False,1047.0
349,2015-02-14T20:00:00Z,41.0,172.98935091322903,453.28662033940805,100.8456797849704,39.25814531237822,14.065143658226305,55.00891631769608,7.59856319384109,4.073457564741283,0.0,1.0,0.0,0.0,0.0,model4,9.0,False,1050.0
350,2015-02-14T23:00:00Z,41.0,169.94485883630963,459.14622202321436,100.88664429094116,39.240044712879296,15.116240878202586,48.35106979611931,9.019753632103221,3.996660903593393,0.0,1.0,0.0,0.0,0.0,model4,9.0,False,1053.0
351,2015-02-15T02:00:00Z,41.0,167.8894841214989,457.1553513259479,101.79510011027422,38.79315705009589,14.638261571457408,42.655736089781215,10.217514674562656,4.101990044750495,0.0,1.0,0.0,0.0,0.0,model4,9.0,False,1056.0
352,2015-02-15T05:00:00Z,41.0,166.95412312593555,455.54985238542884,102.56078144382084,38.75519450155653,15.011874123080508,39.59605639816663,10.750350054421167,4.306721775758359,0.0,1.0,0.0,0.0,0.0,model4,9.0,False,1059.0
353,2015-02-15T08:00:00Z,41.0,167.6255342983882,453.3563078593126,102.45419595706713,38.76284781847925,14.877085016258777,35.36737441904778,10.595654968096648,4.574924568831976,0.0,1.0,0.0,0.0,0.0,model4,9.0,False,1062.0
354,2015-02-15T11:00:00Z,41.0,168.55827053639288,455.1360285968261,103.44728241875325,40.024632681639865,14.599377517922148,36.12682797224323,10.026472831227268,5.174160992033004,0.0,1.0,0.0,0.0,0.0,model4,9.0,False,1065.0
355,2015-02-15T14:00:00Z,41.0,169.07733892529941,452.4251020880152,102.46466801331057,40.258487758699935,14.765517562908876,32.766761757432164,9.465295027268755,5.366766526806655,0.0,0.0,0.0,0.0,0.0,model4,9.0,False,1068.0
356,2015-02-15T17:00:00Z,41.0,168.62657161044666,450.5146839325029,100.81578353831621,40.21024835195606,14.32729456814168,31.278124636616273,10.142179037986107,5.485520258197662,0.0,0.0,0.0,0.0,0.0,model4,9.0,False,1071.0
357,2015-02-15T20:00:00Z,41.0,167.7030908883112,445.42693779374804,102.36430748338805,40.115646436862114,13.269025777817712,44.96745104287545,10.681333807992948,5.339754334494347,0.0,0.0,0.0,0.0,0.0,model4,9.0,False,1074.0
358,2015-02-15T23:00:00Z,41.0,169.1834993137287,442.2063845457219,103.18570659447036,40.36127711547265,12.223977750763176,42.92616530238761,9.741020713692436,5.258522234221691,0.0,0.0,0.0,0.0,0.0,model4,9.0,False,1077.0
359,2015-02-16T02:00:00Z,41.0,169.85230462599898,435.99567519970833,101.00483289773493,40.299991333675095,14.283286992363744,38.56478840401535,9.977231628753204,4.971543643469226,0.0,0.0,0.0,0.0,0.0,model4,9.0,False,1080.0
360,2015-02-16T05:00:00Z,41.0,168.82686505739568,429.77623672114123,100.89493816170652,40.72134939506506,14.39446108917824,42.87010895581671,9.525808728199072,4.472150811066041,0.0,0.0,0.0,0.0,0.0,model4,9.0,False,1083.0
361,2015-02-16T08:00:00Z,41.0,168.39166103287687,426.2588076773704,100.00706114916842,40.84903764569537,14.324151668686039,43.32507847613413,10.017640918122492,4.118175614102187,0.0,0.0,0.0,0.0,0.0,model4,9.0,False,1086.0
362,2015-02-16T11:00:00Z,41.0,167.0987231333203,431.72916164046796,99.68829142568802,39.947983182346256,14.501163722195678,53.76407547594607,10.666488348121874,3.763218984838904,0.0,0.0,0.0,0.0,0.0,model4,9.0,False,1089.0
363,2015-02-16T14:00:00Z,41.0,166.71175381986825,428.800771675992,98.76861886646529,40.33849701790335,13.524513943435789,52.98144702349572,11.254912494000203,3.39238174236947,0.0,0.0,0.0,0.0,0.0,model4,9.0,False,1092.0
364,2015-02-16T17:00:00Z,41.0,167.77813492793024,430.7381123007576,100.53694927665757,40.833528346233905,15.009874039900206,57.73616457248355,11.261510291176846,3.1517237700433327,0.0,0.0,0.0,0.0,0.0,model4,9.0,False,1095.0
365,2015-02-16T20:00:00Z,41.0,170.80945628742316,433.0643041931888,99.22899320733772,40.41992711214133,14.657985322501911,50.12707810366138,10.985107273273478,3.416610618388792,0.0,0.0,0.0,0.0,0.0,model4,9.0,False,1098.0
366,2015-02-16T23:00:00Z,41.0,172.41277153539147,430.8711554211451,98.07339013435751,39.985527598978116,15.692399805559766,54.325366889234346,11.594282728660016,3.9326960894074334,0.0,0.0,0.0,0.0,0.0,model4,9.0,False,1101.0
367,2015-02-17T02:00:00Z,41.0,173.1830049412772,427.17364872593583,100.47991150086693,40.085862629650286,13.311145423738825,55.50653443572441,11.592656797566304,4.309249836752774,0.0,0.0,0.0,0.0,0.0,model4,9.0,False,1104.0
368,2015-02-17T05:00:00Z,41.0,174.13275879272618,429.46431049112283,101.37632185107391,39.95612560485967,12.722685022226875,55.7547568973089,12.481042908949533,4.29491050086136,0.0,0.0,0.0,0.0,0.0,model4,9.0,False,1107.0
369,2015-02-17T08:00:00Z,41.0,175.649678119164,435.53224320593915,101.5803568759832,39.599186237292244,12.81147574314962,56.67439165528078,12.579973434294915,4.42727367245184,0.0,0.0,0.0,0.0,0.0,model4,9.0,False,1110.0
370,2015-02-17T11:00:00Z,41.0,177.17863929375267,430.0944638029133,100.68634635288544,39.6810021440175,11.96540442640485,48.05312830281107,12.392079841293206,4.038799588907415,0.0,0.0,0.0,0.0,0.0,model4,9.0,False,1113.0
371,2015-02-17T14:00:00Z,41.0,177.48713249721519,429.7935404967595,102.37252009908421,39.50012054427072,14.184516018868846,50.764509045014435,11.959547156064186,4.512797497838808,0.0,0.0,0.0,0.0,0.0,model4,9.0,False,1116.0
372,2015-02-17T17:00:00Z,41.0,176.14104816177536,431.58053405688315,101.67553811250444,39.35989903902379,14.543212122632207,48.522931356653174,12.174975884590975,5.1724882312292815,0.0,0.0,1.0,0.0,0.0,model4,9.0,False,1119.0
373,2015-02-17T20:00:00Z,41.0,174.07026241831588,431.4878324189206,101.15566155506409,38.8215726293742,14.828080858620437,51.66894446265807,11.482882722268405,5.65729397596326,0.0,0.0,1.0,0.0,0.0,model4,9.0,False,1122.0
374,2015-02-17T23:00:00Z,41.0,173.7623975485406,432.3650815428934,102.40362549972984,38.845001208309,14.282135066923175,48.07653922272258,10.58331721895022,5.8100949269451005,0.0,0.0,1.0,0.0,0.0,model4,9.0,False,1125.0
375,2015-02-18T02:00:00Z,41.0,174.822627882903,433.08854031246636,100.5479710133869,38.938055359040256,16.930970856491694,47.51972456372508,10.97460273993108,5.3996249501825915,0.0,0.0,1.0,0.0,0.0,model4,9.0,False,1128.0
376,2015-02-18T05:00:00Z,41.0,175.40154534242802,436.85759327122736,99.6005346542707,39.54195294782279,17.534056955882093,43.64489551636285,9.986167289355024,5.840692051732503,0.0,0.0,1.0,0.0,0.0,model4,9.0,False,1131.0
377,2015-02-18T08:00:00Z,41.0,174.14994875738893,436.5772492235556,100.22701485040756,39.88090627485673,17.4703810820788,42.427845439755004,9.823669777770952,6.011429714693675,0.0,0.0,1.0,0.0,0.0,model4,9.0,False,1134.0
378,2015-02-18T11:00:00Z,41.0,172.93289577031086,436.866174436798,101.81713866864551,39.650650603309394,18.792742699665858,39.85974236053478,10.477262118580263,6.268190880031471,0.0,0.0,1.0,0.0,0.0,model4,9.0,False,1137.0
379,2015-02-18T14:00:00Z,41.0,171.6934355394173,435.1551326660679,102.43444827800276,39.208237073614335,17.403424527886205,38.86540484548364,10.18358012593938,6.114646513006607,0.0,0.0,1.0,0.0,0.0,model4,9.0,False,1140.0
380,2015-02-18T17:00:00Z,41.0,171.88410744285457,432.6041899328658,101.71556788550122,39.0958148420277,18.413499413465022,37.13878095130421,9.839377097836676,5.640784815734564,0.0,0.0,0.0,0.0,0.0,model4,9.0,False,1143.0
381,2015-02-18T20:00:00Z,41.0,173.01750857772856,438.49398348838025,101.46071416681549,39.71875052872655,18.68180476128103,49.26767694471221,9.818098999216248,5.342384150393521,0.0,0.0,0.0,0.0,0.0,model4,9.0,False,1146.0
382,2015-02-18T23:00:00Z,41.0,171.48798210822966,443.66810750996683,101.74167656452579,40.38830592612613,19.678367986990413,50.43526885018281,9.761037911670524,5.0555776600444124,0.0,0.0,0.0,0.0,0.0,model4,9.0,False,1149.0
383,2015-02-19T02:00:00Z,41.0,170.96756527527182,442.1290910795816,102.75638131594464,41.17720688791149,17.84839562604489,50.62116329191437,8.935155672617851,5.7097852944570215,0.0,0.0,0.0,0.0,0.0,model4,9.0,False,1152.0
384,2015-02-19T05:00:00Z,41.0,170.0275813032865,443.2404934562382,101.38380397985752,40.80330202340439,17.59645079955523,57.69422296700629,9.622860313153817,6.0205519221593615,0.0,0.0,0.0,0.0,0.0,model4,9.0,False,1155.0
385,2015-02-19T08:00:00Z,41.0,168.12626024093692,446.525172140314,100.17767684757878,40.40873562934062,18.22076414784945,59.055072222725755,10.042647814002407,5.914172846949152,0.0,0.0,0.0,0.0,0.0,model4,9.0,False,1158.0
386,2015-02-19T11:00:00Z,41.0,168.69752228281675,442.42114762018457,100.85861136211872,41.23226007021894,16.896830303135797,61.56577606072731,9.882446170251967,5.930006372595347,0.0,0.0,0.0,0.0,0.0,model4,9.0,False,1161.0
387,2015-02-19T14:00:00Z,41.0,169.7720550312546,449.62515238713996,99.52216077213293,41.70670449897747,18.20961847123152,60.73958571485674,9.759132558510082,5.629055018361576,0.0,0.0,0.0,0.0,0.0,model4,9.0,False,1164.0
388,2015-02-19T17:00:00Z,41.0,168.91664152338996,450.5911418765693,99.13969033587065,42.23379084705465,16.976021864510333,59.607051000726955,10.196907962718466,5.429593418857778,0.0,0.0,0.0,0.0,0.0,model4,9.0,False,1167.0
389,2015-02-19T20:00:00Z,41.0,168.99989984544476,446.9295486573722,98.45307199838129,42.542864786294594,16.527981370913214,48.67087996241356,10.450268650511918,4.993235476828576,0.0,0.0,0.0,0.0,0.0,model4,9.0,False,1170.0
390,2015-02-19T23:00:00Z,41.0,169.3993078838337,449.58947632945296,96.94230081914864,41.630524058665685,15.378070629231381,48.79749479230337,9.972046267891784,5.445414353868327,0.0,0.0,0.0,0.0,0.0,model4,9.0,False,1173.0
391,2015-02-20T02:00:00Z,41.0,170.04859697146264,457.581801255924,97.1467493794936,40.98095509899401,16.213174817855013,45.94590412733245,10.24448151504028,5.029312922777291,0.0,0.0,0.0,0.0,0.0,model4,9.0,False,1176.0
392,2015-02-20T05:00:00Z,41.0,171.54467207333602,457.2597597000522,98.695300435643,41.103677151133965,15.1812190464267,38.48349504982604,9.93228121202681,4.240441600355078,0.0,0.0,0.0,0.0,0.0,model4,9.0,False,1179.0
393,2015-02-20T08:00:00Z,41.0,173.20649702149933,454.6140785705295,100.57831072591455,41.07594522607198,14.944700279718926,37.49891516412956,10.025328624625656,4.427451076607138,0.0,0.0,0.0,0.0,0.0,model4,9.0,False,1182.0
394,2015-02-20T11:00:00Z,41.0,172.44080338142845,456.6764419259405,99.01082001159948,39.31788155005057,14.456034710498171,37.64774271360412,9.266764959974843,5.263354168864659,0.0,0.0,0.0,0.0,0.0,model4,9.0,False,1185.0
395,2015-02-20T14:00:00Z,41.0,174.223785787974,455.1214171508237,99.0303937736818,38.97665394861146,13.620048949035835,36.32413982021299,9.126031038812718,5.463004818107157,0.0,0.0,0.0,0.0,0.0,model4,9.0,False,1188.0
396,2015-02-20T17:00:00Z,41.0,175.68146346234056,459.81730100235535,99.10886600788643,38.05823930588069,12.227931121117793,42.449918126241535,9.111142787944312,5.404475870302321,0.0,0.0,0.0,0.0,0.0,model4,9.0,False,1191.0
397,2015-02-20T20:00:00Z,41.0,176.9196792483153,458.2916268203357,100.25707280559263,37.87991414044743,13.313194741355042,45.63181242348954,10.040751210487207,5.280963728269566,0.0,0.0,0.0,0.0,0.0,model4,9.0,False,1194.0
398,2015-02-20T23:00:00Z,41.0,177.05211040150525,455.2962028697449,102.20727669670453,37.97914922837215,12.670674340066855,44.251815321686145,10.273240066690766,5.200959678772127,0.0,0.0,0.0,1.0,0.0,model4,9.0,False,1197.0
399,2015-02-21T02:00:00Z,41.0,174.83560221215203,459.2479000658969,101.75646650686072,37.82458351830223,11.99176155958328,47.823366306003216,10.468233764528438,6.283465753662807,0.0,0.0,0.0,1.0,0.0,model4,9.0,False,1200.0
400,2015-02-21T05:00:00Z,41.0,174.5348686153254,458.43985902248016,102.09556767420506,37.32305282424704,13.541712983193527,46.879180407483176,10.95149934599907,6.1648222560023225,0.0,0.0,0.0,1.0,0.0,model4,9.0,False,1203.0
401,2015-02-21T08:00:00Z,41.0,173.35487597097446,464.4657378774927,101.55195061511446,37.91214680286245,13.398168314001728,50.26424182670784,10.331598507847325,6.850543961198741,0.0,0.0,0.0,1.0,0.0,model4,9.0,False,1206.0
402,2015-02-21T11:00:00Z,41.0,174.516710764901,469.78647274909446,102.15709556234665,39.31689464460433,14.113433866820257,43.8860593401703,10.758560483254008,6.36156743576858,0.0,0.0,0.0,1.0,0.0,model4,9.0,False,1209.0
403,2015-02-21T14:00:00Z,41.0,172.9274792473425,466.8053689497153,101.6115766992938,39.67038244344101,14.1699069002621,46.112563086893736,11.855784117308525,6.634099857222197,0.0,0.0,0.0,1.0,0.0,model4,9.0,False,1212.0
404,2015-02-21T17:00:00Z,41.0,174.13895092101222,462.51298286402044,101.710743763266,40.210130668018216,14.701266750227244,44.235835304811324,12.57445232291057,7.220346253407892,0.0,0.0,0.0,1.0,0.0,model4,9.0,False,1215.0
405,2015-02-21T20:00:00Z,41.0,172.15971711854908,463.6997781481313,102.26012135028635,40.80895279003725,15.422479587295092,45.923106839595526,11.723642539012756,7.365297499007464,0.0,0.0,0.0,1.0,0.0,model4,9.0,False,1218.0
406,2015-02-21T23:00:00Z,41.0,173.421209096083,458.00122460499597,100.4080804674108,41.187441147022135,15.58333515658621,48.82136140765329,11.374401035732735,7.127390203469816,0.0,0.0,0.0,0.0,0.0,model4,9.0,False,1221.0
407,2015-02-22T02:00:00Z,41.0,174.49425504319802,450.83629887723424,100.06855857291404,40.953177914016855,16.026567106023702,44.61634317777299,10.686138637546613,6.130125533465155,0.0,0.0,0.0,0.0,0.0,model4,9.0,False,1224.0
408,2015-02-22T05:00:00Z,41.0,173.3772828273544,453.4646475051517,99.62055955583142,41.13980219666809,15.129392591265946,45.6363310101927,10.1346313147205,6.134919118546464,0.0,0.0,0.0,0.0,0.0,model4,9.0,False,1227.0
409,2015-02-22T08:00:00Z,41.0,174.68986034076374,443.3783898356292,99.55051360965656,40.90078033502101,15.126507449103322,40.5631011330017,10.596311516561622,5.661134950050329,0.0,0.0,0.0,0.0,0.0,model4,9.0,False,1230.0
410,2015-02-22T11:00:00Z,41.0,173.30301089233842,442.81810453776876,98.68618270164578,39.95821334142524,15.792840595587116,40.69188408638547,9.616538777042331,5.903428662796639,0.0,0.0,0.0,0.0,0.0,model4,9.0,False,1233.0
411,2015-02-22T14:00:00Z,41.0,171.47343125889347,439.449438814086,98.61702569177322,39.71425452767136,15.74207152112608,43.21470179944253,9.95288930776225,5.25656298346979,0.0,0.0,0.0,0.0,0.0,model4,9.0,False,1236.0
412,2015-02-22T17:00:00Z,41.0,170.00120872617478,441.9290465490346,99.2632061618001,40.0191443527855,16.701085240889043,45.51527832483695,9.948693086148193,4.310836858594389,0.0,0.0,0.0,0.0,0.0,model4,9.0,False,1239.0
413,2015-02-22T20:00:00Z,41.0,170.26575797931534,441.7728819238851,97.81839675171335,39.526341640343006,17.102443150337006,44.741231017238036,9.821878402970981,4.521591903996521,0.0,0.0,0.0,0.0,0.0,model4,9.0,False,1242.0
414,2015-02-22T23:00:00Z,41.0,168.95785050030648,448.65001199507515,97.18545151066559,39.562360329987264,17.460771709754926,44.128348904040756,10.146375169485953,4.760132941108042,0.0,0.0,0.0,0.0,0.0,model4,9.0,False,1245.0
415,2015-02-23T02:00:00Z,41.0,168.59627196472354,451.21864191479983,96.6842086131658,39.83026275276215,16.900139199193088,46.09628072913151,10.171831063153226,4.9236260946625885,0.0,0.0,0.0,0.0,0.0,model4,9.0,False,1248.0
416,2015-02-23T05:00:00Z,41.0,170.36827101811411,449.912709589973,96.76028086094843,40.662838680343754,17.951075049371408,47.43324561411754,10.342192885894553,6.142408037527296,0.0,0.0,0.0,0.0,0.0,model4,9.0,False,1251.0
417,2015-02-23T08:00:00Z,41.0,169.61748921423995,456.1538058060002,95.82185496463934,40.326245097863335,17.343063192974114,46.28068490112874,9.935017008912752,6.097430877503388,0.0,0.0,0.0,0.0,0.0,model4,9.0,False,1254.0
418,2015-02-23T11:00:00Z,41.0,169.6212768175912,460.5447987535009,96.05407611232992,40.95648461042287,16.34436803149902,52.0127110868364,10.285330273580827,5.729306242352706,0.0,0.0,0.0,0.0,0.0,model4,9.0,False,1257.0
419,2015-02-23T14:00:00Z,41.0,171.820345646326,462.0894307521472,96.5157149283432,40.80007434706693,16.000005100781127,50.10390284906161,10.029256816231078,5.862426343689956,0.0,0.0,0.0,0.0,0.0,model4,9.0,False,1260.0
420,2015-02-23T17:00:00Z,41.0,170.410719703022,462.2299438963497,97.02708856145227,40.73325009006616,16.279883511476793,46.81607365739762,8.856404500736721,5.800954894758863,0.0,0.0,0.0,0.0,0.0,model4,9.0,False,1263.0
421,2015-02-23T20:00:00Z,41.0,169.47578528592845,463.3066768498044,96.97044509646886,40.14152887961699,16.56050938443466,43.23579996391828,8.974387900998618,5.741031934935968,0.0,0.0,0.0,0.0,0.0,model4,9.0,False,1266.0
422,2015-02-23T23:00:00Z,41.0,169.72306987735598,459.16324992269836,97.90442143335936,40.20899879341518,16.33414648090909,45.35949981952239,8.368631267654225,5.618597410293703,0.0,0.0,0.0,0.0,0.0,model4,9.0,False,1269.0
423,2015-02-24T02:00:00Z,41.0,169.12220691852175,461.6680642852268,97.13922873109935,39.77985685924871,16.63885737098759,46.94541844782861,9.15132565861491,5.6396058570372025,0.0,0.0,0.0,0.0,0.0,model4,9.0,False,1272.0
424,2015-02-24T05:00:00Z,41.0,168.36567441273485,460.4550433310137,95.62854828361824,38.77089534093704,15.395693270348842,53.46931762129609,9.15576096833876,3.9151448638987394,0.0,0.0,0.0,0.0,0.0,model4,9.0,False,1275.0
425,2015-02-24T08:00:00Z,41.0,167.34819624565716,455.8495385137404,95.78367691285135,38.74582468291531,16.343300299468375,55.62385581199385,9.047193990127749,3.9147068443629847,0.0,0.0,0.0,0.0,0.0,model4,9.0,False,1278.0
426,2015-02-24T11:00:00Z,41.0,169.14905832926217,448.98121545779816,94.82580331073208,38.8305970524125,17.143721649440767,50.163913173463314,8.797494863325177,3.9219095775336235,0.0,0.0,0.0,0.0,0.0,model4,9.0,False,1281.0
427,2015-02-24T14:00:00Z,41.0,168.87252999720292,452.3508748484729,95.1439741125536,39.33501580716917,17.25718725959848,49.67120076998222,8.20038925121719,4.220909376574602,0.0,0.0,0.0,0.0,0.0,model4,9.0,False,1284.0
428,2015-02-24T17:00:00Z,41.0,169.68584717342117,452.6705309174882,94.47363166962369,38.906341635097725,15.53834423212453,51.04400273083036,7.681903480513829,3.906543547540055,0.0,0.0,0.0,0.0,0.0,model4,9.0,False,1287.0
429,2015-02-24T20:00:00Z,41.0,170.87066802901742,454.25595777897,95.10292429769515,39.255710152919285,13.041190883830788,52.44700221243424,8.259466967834554,3.8515351967788214,0.0,0.0,0.0,0.0,0.0,model4,9.0,False,1290.0
430,2015-02-24T23:00:00Z,41.0,169.7085955723861,456.8367588016341,95.84488886073669,39.51777879874065,13.71104096417698,51.312134363201686,9.065557594884943,4.0858752089607,0.0,0.0,0.0,0.0,0.0,model4,9.0,False,1293.0
431,2015-02-25T02:00:00Z,41.0,168.27565365353172,446.11390436256113,96.52886246231267,39.66370205716422,14.341076018090096,51.11216401179918,8.388415531607611,4.02532934335833,0.0,0.0,0.0,0.0,0.0,model4,9.0,False,1296.0
432,2015-02-25T05:00:00Z,41.0,167.9164335665889,444.45582107807036,98.04640799661536,40.31039406541653,15.099728480932708,43.50173509564,8.379277877332827,4.004103020620416,0.0,0.0,0.0,0.0,0.0,model4,9.0,False,1299.0
433,2015-02-25T08:00:00Z,41.0,168.81700959991238,445.8457874424936,98.92356008728235,40.36536020863785,14.804168880924413,43.66172666728559,8.272395019717992,3.8465945498618495,0.0,0.0,0.0,0.0,0.0,model4,9.0,False,1302.0
434,2015-02-25T11:00:00Z,41.0,167.50312572771617,442.50644156902354,100.12510591719531,40.309502150749545,13.80893959078991,48.57723073868167,7.778106018961451,3.8337722714710942,0.0,0.0,0.0,0.0,0.0,model4,9.0,False,1305.0
435,2015-02-25T14:00:00Z,41.0,167.67102709240862,450.4288777150248,101.82294716639342,40.815888415186585,13.97088653473492,55.968340697036886,8.673023164249381,4.190941683779512,0.0,0.0,0.0,0.0,0.0,model4,9.0,False,1308.0
436,2015-02-25T17:00:00Z,41.0,167.5835085607315,450.35900144567694,102.25957779939395,41.43366756355377,13.79444201881623,58.673132657385594,8.44294096754406,4.351479052383859,0.0,0.0,0.0,0.0,0.0,model4,9.0,False,1311.0
437,2015-02-25T20:00:00Z,41.0,165.41752190968526,447.22291314851526,101.8195139435488,41.76042083895946,13.915082601101826,57.3402708828345,8.326780863949612,3.9014308541151386,0.0,0.0,0.0,0.0,0.0,model4,9.0,False,1314.0
438,2015-02-25T23:00:00Z,41.0,167.11820580121625,438.6066839675942,101.48305543788366,40.96996325775205,13.28810677454898,60.56070948930945,8.111989798671464,4.107940278280508,0.0,0.0,0.0,0.0,0.0,model4,9.0,False,1317.0
439,2015-02-26T02:00:00Z,41.0,169.92256840651112,436.54683917935205,102.66177885570112,41.35803588390293,12.087625649996276,64.29388473206667,8.802046900726802,3.8744052058844254,0.0,0.0,0.0,0.0,0.0,model4,9.0,False,1320.0
440,2015-02-26T05:00:00Z,41.0,172.8538318565043,442.94631016856056,101.45239979489789,41.23529957914594,13.818182033266575,63.7207517439901,8.86774892175252,3.7993311683001134,0.0,0.0,0.0,0.0,0.0,model4,9.0,False,1323.0
441,2015-02-26T08:00:00Z,41.0,173.99023922543847,449.0099705663726,101.10745743140062,40.755057749485786,14.275500009945947,67.77427572429586,8.834733571421083,4.985887387294842,0.0,0.0,0.0,0.0,0.0,model4,9.0,False,1326.0
442,2015-02-26T11:00:00Z,41.0,175.62845836853833,461.7311939363131,100.88468768677272,40.87709392511769,14.612223292632699,72.91404933565468,8.77108793997524,5.498396436137407,0.0,0.0,0.0,0.0,0.0,model4,9.0,False,1329.0
443,2015-02-26T14:00:00Z,41.0,175.7114953704875,453.17677731937766,99.33874505977566,40.12971199450096,14.036646437809232,68.46587305499203,8.524981472441644,4.967317897811613,0.0,0.0,0.0,0.0,0.0,model4,9.0,False,1332.0
444,2015-02-26T17:00:00Z,41.0,176.37355343510217,450.9967619996322,98.2668784674543,38.7013365017829,14.587396084412616,65.2456333762317,9.610456969798122,5.111853428482332,0.0,0.0,0.0,0.0,0.0,model4,9.0,False,1335.0
445,2015-02-26T20:00:00Z,41.0,179.16618589055454,450.9217762594158,99.25845324449072,38.91500802552743,12.373480797905874,64.1768522572831,9.166558541537842,5.2587943718426144,0.0,0.0,0.0,0.0,0.0,model4,9.0,False,1338.0
446,2015-02-26T23:00:00Z,41.0,179.3854081915427,461.803341378008,100.30202148196518,39.46926710210219,13.06528166465908,65.95303383305975,10.159026877647896,5.7088174873457405,0.0,0.0,0.0,0.0,0.0,model4,9.0,False,1341.0
447,2015-02-27T02:00:00Z,41.0,175.4138194207241,468.4648488104635,99.83579091440909,39.266229008729866,17.69960613669763,60.17472264066814,9.06714911068794,5.671205686484164,0.0,0.0,0.0,0.0,0.0,model4,9.0,False,1344.0
448,2015-02-27T05:00:00Z,41.0,172.24606517596982,465.26464360097486,100.84210342476307,39.37847912837226,16.638363585588262,61.01183207772558,9.145045573268774,5.808939424399343,0.0,0.0,0.0,0.0,0.0,model4,9.0,False,1347.0
449,2015-02-27T08:00:00Z,41.0,170.17801987674827,469.1214375539759,100.9606450757164,39.76492829010013,17.066310137703546,60.761873171329384,9.214691291015123,5.301873677785293,0.0,0.0,0.0,0.0,0.0,model4,9.0,False,1350.0
450,2015-02-27T11:00:00Z,41.0,169.14712012902922,458.87043272891884,101.41007197552256,40.32506497090435,16.341276779778088,50.7879874994945,9.212678588930856,5.437589277684653,0.0,0.0,0.0,0.0,0.0,model4,9.0,False,1353.0
451,2015-02-27T14:00:00Z,41.0,169.01427024456234,465.8594773258004,100.96648988992308,40.83499678194438,18.202240728200053,51.17242802761515,7.979969136039572,5.660764197519941,0.0,0.0,0.0,0.0,0.0,model4,9.0,False,1356.0
452,2015-02-27T17:00:00Z,41.0,169.5954662074887,469.9218790182592,100.95484285608174,41.600224609985645,17.872230258635067,52.97715408322627,7.029866766921786,4.885472636099459,0.0,0.0,0.0,0.0,0.0,model4,9.0,False,1359.0
453,2015-02-27T20:00:00Z,41.0,169.27686139993642,476.3258169005864,100.6226822971257,41.36937521188789,20.64507060810001,51.163274223910854,7.736024428700107,4.986716118155488,0.0,0.0,0.0,0.0,0.0,model4,9.0,False,1362.0
454,2015-02-27T23:00:00Z,41.0,168.59228346872695,471.78688343921226,99.31643915125294,41.01317191532614,20.15465596617204,46.89799598927056,6.443581855614347,4.546122542936964,0.0,0.0,0.0,0.0,0.0,model4,9.0,False,1365.0
455,2015-02-28T02:00:00Z,41.0,170.9020600120634,474.947132494582,99.67534268268619,40.624866338992256,18.884496432992968,43.170714428991744,6.48510643931118,4.663043474516114,0.0,0.0,0.0,0.0,0.0,model4,9.0,False,1368.0
456,2015-02-28T05:00:00Z,41.0,170.77618071697583,476.86731389012624,99.89495475538014,39.90614745935128,18.524614443036945,44.290362080811626,6.0283833632122885,5.088305133797396,0.0,0.0,0.0,0.0,0.0,model4,9.0,False,1371.0
457,2015-02-28T08:00:00Z,41.0,174.141063219391,468.7605772812111,99.58286993049579,40.1119331786089,17.458352639124882,39.77508689178942,7.564417782275058,4.8665211290015975,0.0,0.0,0.0,0.0,0.0,model4,9.0,False,1374.0
458,2015-02-28T11:00:00Z,41.0,172.04803907756076,469.0454832744729,98.93647018817775,39.5318507924733,18.08562124273413,39.76996348783461,7.873839990126887,5.074186191436395,0.0,0.0,0.0,0.0,0.0,model4,9.0,False,1377.0
459,2015-02-28T14:00:00Z,41.0,171.42348739806886,468.01485425771926,99.94409435032135,39.064495612860505,16.111708198949884,45.29137639605692,8.651014849269941,4.803737988051274,0.0,0.0,0.0,0.0,0.0,model4,9.0,False,1380.0
460,2015-02-28T17:00:00Z,41.0,170.02333432874158,457.51759100879104,100.29051918737841,38.85730286791821,16.629658608578705,47.95147738746049,8.890800374179607,5.320860674856479,0.0,0.0,0.0,0.0,0.0,model4,9.0,False,1383.0
461,2015-02-28T20:00:00Z,41.0,170.55629821798146,451.7137443424159,100.48786180113329,38.613615174533074,13.429333191632324,50.716023695300294,8.213475888378401,5.1190542691352965,0.0,0.0,0.0,0.0,0.0,model4,9.0,False,1386.0
462,2015-02-28T23:00:00Z,41.0,167.7399632230242,452.25435939241487,99.72070943244724,38.75305983455322,14.99260339136446,48.042227968152076,8.80917633150775,5.3575669254316765,0.0,0.0,0.0,0.0,0.0,model4,9.0,False,1389.0
463,2015-03-01T02:00:00Z,41.0,168.2140253174354,446.7841268124008,100.03802589501352,38.94979372509936,13.95552864730025,48.756511816895895,9.50137574329662,5.427961139979912,0.0,0.0,0.0,0.0,0.0,model4,9.0,False,1392.0
464,2015-03-01T05:00:00Z,41.0,167.45505187868454,447.67658693215117,99.69567974926795,39.622381257191904,14.129081750083726,48.42705520135085,9.465608909112117,5.087947400652347,0.0,0.0,0.0,0.0,0.0,model4,9.0,False,1395.0
465,2015-03-01T08:00:00Z,41.0,165.26388131832869,448.986834924552,99.74816207585758,40.14657045395378,12.286170486283028,51.11438899464349,8.423127154452876,4.999337452835401,0.0,0.0,0.0,0.0,0.0,model4,9.0,False,1398.0
466,2015-03-01T11:00:00Z,41.0,165.139553624036,453.8139802178545,99.6153397868718,39.71755332890457,12.700255742404961,51.53949091811056,8.300741727750234,4.416333527928017,0.0,0.0,0.0,0.0,0.0,model4,9.0,False,1401.0
467,2015-03-01T14:00:00Z,41.0,165.5178999734332,450.9881869902826,99.26618350925173,40.25346771992228,16.43087347702996,46.5454876801237,8.196154211077207,4.606839333422575,0.0,0.0,0.0,0.0,0.0,model4,9.0,False,1404.0
468,2015-03-01T17:00:00Z,41.0,163.68073005688944,463.972808039792,99.13759517336399,40.63665460888835,15.96990981170418,46.338831110391006,9.68473325283508,3.837030964731415,0.0,0.0,0.0,0.0,0.0,model4,9.0,False,1407.0
469,2015-03-01T20:00:00Z,41.0,162.9555676775391,469.73534380824265,98.13188437215841,40.59242382794683,15.00837421530938,41.1756100813044,10.168255475074774,4.0631908349431685,0.0,0.0,0.0,0.0,0.0,model4,9.0,False,1410.0
470,2015-03-01T23:00:00Z,41.0,166.20730203113166,470.88068169275397,99.28423272289369,40.70868770662412,14.91241204561332,46.59230302477293,9.768759458946292,3.9242194205597203,0.0,0.0,0.0,0.0,0.0,model4,9.0,False,1413.0
471,2015-03-02T02:00:00Z,41.0,167.29278633866537,476.25943560778944,98.39687979211384,40.65462001966893,15.62742413398168,51.5688615970375,9.1791310538857,3.9531772115166564,0.0,0.0,0.0,0.0,0.0,model4,9.0,False,1416.0
472,2015-03-02T05:00:00Z,41.0,167.96154658140566,476.1258721092256,99.16998761796823,40.01633334446522,15.420195317419848,52.93802810801536,10.376509254938922,4.966347189982487,0.0,0.0,0.0,0.0,0.0,model4,9.0,False,1419.0
473,2015-03-02T08:00:00Z,41.0,168.64689723104672,473.09278004917945,98.27563870775928,39.786889903184644,16.491075482485126,54.55295825887984,10.891383951926922,4.983228350728374,0.0,0.0,0.0,0.0,0.0,model4,9.0,False,1422.0
474,2015-03-02T11:00:00Z,41.0,169.93637740435992,463.9689053403088,97.98201033362137,40.06234956473801,16.333885549904522,61.06515266375534,11.218163699905048,5.0308080051590585,0.0,0.0,0.0,0.0,0.0,model4,9.0,False,1425.0
475,2015-03-02T14:00:00Z,41.0,169.87663237525575,460.7645989292728,97.37603803597591,39.318422593537456,12.731873404644947,59.63206071581745,11.182436528885352,5.317076199418255,0.0,0.0,0.0,0.0,0.0,model4,9.0,False,1428.0
476,2015-03-02T17:00:00Z,41.0,171.7235174040693,450.45291136725996,99.20975409046032,39.44012114474962,11.2309215491309,58.54725801773464,10.477570348638837,5.831158557403767,0.0,0.0,0.0,0.0,0.0,model4,9.0,False,1431.0
477,2015-03-02T20:00:00Z,41.0,172.12399526703922,443.8677656401756,98.23228284995962,39.56819063549595,11.62372343887738,59.471515680818605,11.202049070540607,5.936923896321077,0.0,0.0,0.0,0.0,0.0,model4,9.0,False,1434.0
478,2015-03-02T23:00:00Z,41.0,171.2942364423721,443.4216108255246,98.70336699809162,39.58654214340886,11.046419571926961,54.49622199244197,11.586444589850393,6.167807730623715,0.0,0.0,0.0,0.0,0.0,model4,9.0,False,1437.0
479,2015-03-03T02:00:00Z,41.0,171.07832250947868,441.6589629926538,99.04367355034336,39.72317153438462,11.0800751795825,48.34117786724872,11.856446157012858,6.274233700394043,0.0,0.0,0.0,0.0,0.0,model4,9.0,False,1440.0
480,2015-03-03T05:00:00Z,41.0,172.74463338214736,446.2201474245848,98.59961204689124,40.474903602236,11.863090818731036,56.06275484557378,12.061891598075695,5.603600932491835,0.0,0.0,0.0,0.0,0.0,model4,9.0,False,1443.0
481,2015-03-03T08:00:00Z,41.0,172.88531906551998,453.49586737309335,99.76480016667921,40.30629146237081,10.383855605957512,60.820015794906126,11.601170920250855,5.598865200288875,0.0,0.0,0.0,0.0,0.0,model4,9.0,False,1446.0
482,2015-03-03T11:00:00Z,41.0,173.15476376712346,453.42284568684335,100.93108419736996,40.27217786622674,9.815326453399534,60.33148779905135,11.798309471170645,5.604454080498762,0.0,0.0,0.0,0.0,0.0,model4,9.0,False,1449.0
483,2015-03-03T14:00:00Z,41.0,171.8166433568295,457.3985176997378,101.36495785248604,41.09575691713687,11.586897610138193,60.66469505815459,11.286680386586525,5.36412611723362,0.0,0.0,0.0,0.0,0.0,model4,9.0,False,1452.0
484,2015-03-03T17:00:00Z,41.0,173.1771080065447,463.59787412888016,101.11737500820179,40.821912218519984,11.744423394019249,58.69115246105913,10.997051176481161,5.31120710622192,0.0,0.0,0.0,0.0,0.0,model4,9.0,False,1455.0
485,2015-03-03T20:00:00Z,41.0,173.04693509248742,472.8376148121133,104.11704282394324,40.8542948403794,13.772565176050014,59.7203874421959,9.581995960570902,5.184764276519461,0.0,0.0,0.0,0.0,0.0,model4,9.0,False,1458.0
486,2015-03-03T23:00:00Z,41.0,173.78178672400355,470.53869526906965,103.27052218541431,41.358895096934226,13.56158419706657,62.15291217377189,9.49803704059454,5.6571184724645365,0.0,0.0,0.0,0.0,0.0,model4,9.0,False,1461.0
487,2015-03-04T02:00:00Z,41.0,171.13050621899478,475.2610175976094,103.40104598754749,41.144028672697026,14.772053302141757,60.83739282121372,9.466110193918134,5.453112087124215,0.0,0.0,0.0,0.0,0.0,model4,9.0,False,1464.0
488,2015-03-04T05:00:00Z,41.0,167.54719768667366,469.6728234120098,103.17473128498362,41.351083123581034,15.57703890528302,55.55723836631335,9.188285210367939,5.6935112110677615,0.0,0.0,0.0,0.0,0.0,model4,9.0,False,1467.0
489,2015-03-04T08:00:00Z,41.0,166.41933403331737,464.80185343365946,101.9804986493091,41.683467137245216,16.33494740539189,50.327929877557104,10.567266391505648,5.5738988024183085,0.0,0.0,0.0,0.0,0.0,model4,9.0,False,1470.0
490,2015-03-04T11:00:00Z,41.0,165.70529822101983,468.23094232379714,101.57015255547144,41.76365961246525,16.330617320019048,45.8827878847221,10.773281217936717,5.618268773686545,0.0,0.0,0.0,0.0,0.0,model4,9.0,False,1473.0
491,2015-03-04T14:00:00Z,41.0,165.26607686672062,459.22565964897456,101.80502125891458,40.99029080363239,15.82860743805245,50.969994992515524,11.911905873160348,5.4963099720588815,0.0,0.0,0.0,0.0,0.0,model4,9.0,False,1476.0
492,2015-03-04T17:00:00Z,41.0,160.57938038280997,451.0723218236506,102.13696655003048,40.404374031481936,17.92783890508209,55.5803785208554,12.503006511452995,5.522646395530796,0.0,0.0,0.0,0.0,0.0,model4,9.0,False,1479.0
493,2015-03-04T20:00:00Z,41.0,161.31490821148589,442.0931664354881,101.56740688402478,40.29352703620935,18.784824768239158,48.24680816002693,12.757780616853532,5.4464044641185305,0.0,0.0,0.0,0.0,0.0,model4,9.0,False,1482.0
494,2015-03-04T23:00:00Z,41.0,160.31253674814656,449.8893423843738,103.53478582454242,39.972023395696894,18.645879740370926,51.18080571502722,13.871307259829841,4.574518479255084,0.0,0.0,0.0,0.0,0.0,model4,9.0,False,1485.0
495,2015-03-05T02:00:00Z,41.0,161.36773109301276,447.8135126344968,103.43249490971095,40.277276121652434,18.389823916185872,49.521090538496935,13.60184753206738,4.546766924302628,0.0,0.0,0.0,0.0,0.0,model4,9.0,False,1488.0
496,2015-03-05T05:00:00Z,41.0,164.03507774606786,445.2966480492078,104.1613946125964,40.03408541737935,18.294096616828973,52.54739910610331,12.923891160560036,4.4760336608510265,1.0,0.0,0.0,0.0,0.0,model4,9.0,False,1491.0
497,2015-03-05T08:00:00Z,41.0,165.09599903885191,446.7734571742877,105.43488579118872,39.646283821354906,17.81460810774143,52.2082166242879,11.595430182705574,4.744373546792949,1.0,0.0,0.0,0.0,0.0,model4,9.0,False,1494.0
498,2015-03-05T11:00:00Z,41.0,167.421532222903,442.79430430501884,105.3037427895836,39.282910314600436,18.886792917703247,53.754859322596204,11.125228118805213,4.7627471289233645,1.0,0.0,0.0,0.0,0.0,model4,9.0,False,1497.0
499,2015-03-05T14:00:00Z,41.0,168.40977291907163,445.12159143663706,104.97003105939487,38.784966044565344,18.485370807877818,53.893842064986075,9.912474180395227,4.962837061023611,1.0,0.0,0.0,0.0,0.0,model4,9.0,False,1500.0
500,2015-03-05T17:00:00Z,41.0,172.96849061606454,450.0918251569061,104.25823437863251,39.18928441494809,15.146858754847589,50.3935237803156,9.79853551574264,4.847499325919639,1.0,0.0,0.0,0.0,0.0,model4,9.0,False,1503.0
501,2015-03-05T20:00:00Z,41.0,171.57842985775142,457.56010259676236,103.58130009186436,39.6489225926126,12.377125681342685,54.23145617242589,9.02193749790289,5.1079695169526085,1.0,0.0,0.0,0.0,0.0,model4,9.0,False,1506.0
502,2015-03-05T23:00:00Z,41.0,173.56447682448075,452.9630108608789,101.10818381804413,39.874121556225575,14.281999382933408,51.900995668687884,7.442806528273931,5.20772282588919,1.0,0.0,0.0,0.0,0.0,model4,9.0,False,1509.0
503,2015-03-06T02:00:00Z,41.0,173.16307030991462,457.1225356955733,100.2753741212876,39.976976356825475,14.912917115290249,51.998308326541526,7.959984969012656,5.280955137434146,1.0,0.0,0.0,0.0,0.0,model4,9.0,False,1512.0
504,2015-03-06T05:00:00Z,41.0,172.35224039057442,456.3032425743546,99.93369425384752,39.8971241369357,14.788222643244147,47.224346650863524,7.933294650212963,4.95165835915457,0.0,0.0,0.0,0.0,0.0,model4,9.0,False,1515.0
505,2015-03-06T08:00:00Z,41.0,173.2960900461068,457.6590051267257,99.32053942784124,40.199615385152285,14.85866611234968,49.59826850340068,8.058065911620886,5.246362803766568,0.0,0.0,0.0,0.0,0.0,model4,9.0,False,1518.0
506,2015-03-06T11:00:00Z,41.0,172.6891138416507,466.2472716522649,99.3421915431436,41.22519487080295,15.797310840523439,45.287792603220346,7.65734035084539,5.230994148834086,0.0,0.0,0.0,0.0,0.0,model4,9.0,False,1521.0
507,2015-03-06T14:00:00Z,41.0,172.417327469992,467.22717216135993,99.05439739165293,41.949509937383496,16.129202910248242,41.79436905466785,8.157363852033608,4.845810876832235,0.0,0.0,0.0,0.0,0.0,model4,9.0,False,1524.0
508,2015-03-06T17:00:00Z,41.0,172.72529580648853,472.3466721315515,98.51969191743072,42.48920481934272,14.881741483833046,41.740432300131786,7.07691364533378,4.633375607526927,0.0,0.0,0.0,0.0,0.0,model4,9.0,False,1527.0
509,2015-03-06T20:00:00Z,41.0,173.55825533395992,468.2119442559503,97.8456496672521,41.908593166452896,15.405264533963173,38.644041924485,7.776472618724495,4.930905480416954,0.0,0.0,0.0,0.0,0.0,model4,9.0,False,1530.0
510,2015-03-06T23:00:00Z,41.0,172.16787211670555,472.4585335765409,98.55754015672943,41.443347279333416,15.265116870443686,43.24587725843037,8.35995928413012,4.8226850517334325,0.0,0.0,0.0,0.0,0.0,model4,9.0,False,1533.0
511,2015-03-07T02:00:00Z,41.0,173.85454833248428,462.8426087606836,99.81012707453041,41.59142557459908,15.689608195833705,45.01752128370858,8.322052400179196,4.80519586854182,0.0,0.0,0.0,0.0,0.0,model4,9.0,False,1536.0
512,2015-03-07T05:00:00Z,41.0,174.33559993685031,469.10577316587717,98.62947710570258,41.49685773808835,15.539983408163195,43.85941062115962,7.921413673850298,4.8455301173204735,0.0,0.0,0.0,0.0,0.0,model4,9.0,False,1539.0
513,2015-03-07T08:00:00Z,41.0,173.67602083586965,463.2547942565059,98.96660006586193,41.52251008432917,15.693214723326664,42.86024355932156,7.740917516341968,4.1706807514374775,0.0,0.0,0.0,0.0,0.0,model4,9.0,False,1542.0
514,2015-03-07T11:00:00Z,41.0,173.40826322624562,461.1969320093795,98.19292055358177,41.071631510931866,14.549929176542113,43.232836919955474,8.306515594610286,3.662525906553504,0.0,0.0,0.0,0.0,0.0,model4,9.0,False,1545.0
515,2015-03-07T14:00:00Z,41.0,174.00738357520817,467.8455403144857,97.86487455047414,40.98143043589521,15.493498297591849,48.47683443805701,7.842280226958282,3.511724713923665,0.0,0.0,0.0,0.0,0.0,model4,9.0,False,1548.0
516,2015-03-07T17:00:00Z,41.0,172.0411268721844,464.1103429072232,96.06914355434543,40.576010771139714,15.828675198586641,46.80106464590799,9.44165233350009,3.252254894747828,0.0,0.0,0.0,0.0,0.0,model4,9.0,False,1551.0
517,2015-03-07T20:00:00Z,41.0,173.4076829877711,466.9592258433304,96.86826842834787,40.72010928537392,16.223098242416178,50.26733151313693,9.050375711964454,3.0805930087321967,0.0,0.0,0.0,0.0,0.0,model4,9.0,False,1554.0
518,2015-03-07T23:00:00Z,41.0,172.48157709152352,457.43559870464867,98.03490928020464,40.913809992643095,15.641729749631429,47.6435301318258,10.177589124116594,3.181999420089068,0.0,0.0,0.0,0.0,0.0,model4,9.0,False,1557.0
519,2015-03-08T02:00:00Z,41.0,173.4416140131329,459.57245423363435,96.71346278770064,41.45165239768404,14.855217629926916,45.82499336514157,9.79771064230778,4.139574549404916,0.0,0.0,0.0,0.0,0.0,model4,9.0,False,1560.0
520,2015-03-08T05:00:00Z,41.0,172.97077909189466,449.60229570632856,97.39301065643532,41.723073718003725,14.898332214063382,49.07558987622996,9.804600462844336,4.135916727810344,0.0,0.0,0.0,0.0,0.0,model4,9.0,False,1563.0
521,2015-03-08T08:00:00Z,41.0,174.2721996454197,452.8948953490236,98.58466087646863,41.51483480996083,14.959692868126723,48.61353753802085,10.39299725601485,4.334953695984658,0.0,0.0,0.0,0.0,0.0,model4,9.0,False,1566.0
522,2015-03-08T11:00:00Z,41.0,172.81416495829734,461.98325510884524,99.11135843328668,41.78009335608691,14.748768586265681,54.23668300555357,10.342413390072258,4.405009857853368,0.0,0.0,0.0,0.0,0.0,model4,9.0,False,1569.0
523,2015-03-08T14:00:00Z,41.0,172.9158387666926,460.29041360212113,100.17117670036482,41.6564339986236,13.717463800899004,48.46433841732828,10.695225087899047,4.4079913808204685,0.0,0.0,0.0,0.0,0.0,model4,9.0,False,1572.0
524,2015-03-08T17:00:00Z,41.0,173.71146628026818,456.91892466584665,102.7138786736116,41.70582974389625,12.978916533356127,49.07609222425229,9.141912301466867,4.446565853539491,0.0,0.0,0.0,0.0,0.0,model4,9.0,False,1575.0
525,2015-03-08T20:00:00Z,41.0,171.20276633386118,451.1653379465186,102.68024486447835,41.58651903422887,12.443893808523006,45.56164662525733,9.241995283921003,4.334224813377704,0.0,0.0,0.0,0.0,0.0,model4,9.0,False,1578.0
526,2015-03-08T23:00:00Z,41.0,172.3664371249619,455.6190793159348,102.07140560828327,41.131023811176135,11.113229105053787,45.54872299305947,8.302693323315259,4.592594596665345,0.0,0.0,0.0,0.0,0.0,model4,9.0,False,1581.0
527,2015-03-09T02:00:00Z,41.0,172.91977496405102,448.4966329786529,103.63089754178888,40.20340720958925,12.920860614576895,55.037944835877454,7.977529593663576,3.6669145625764688,0.0,1.0,0.0,0.0,0.0,model4,9.0,False,1584.0
528,2015-03-09T05:00:00Z,41.0,172.52864397460655,455.8549850389609,102.744140613248,39.92330907946753,13.408313415409605,54.29609116763714,8.692168620189229,3.701589724051712,0.0,1.0,0.0,0.0,0.0,model4,9.0,False,1587.0
529,2015-03-09T08:00:00Z,41.0,171.80375916251808,452.5058638321922,101.43396749505042,40.21557753762679,14.001585820294807,53.999051757447866,9.65159860097572,3.7755836082063112,0.0,1.0,0.0,0.0,0.0,model4,9.0,False,1590.0
530,2015-03-09T11:00:00Z,41.0,173.25824622403996,435.4452599476049,101.76604904049023,39.85295114074389,14.479375325635646,49.36791617401986,9.289560500002283,3.8996613259513264,0.0,1.0,0.0,0.0,0.0,model4,9.0,False,1593.0
531,2015-03-09T14:00:00Z,41.0,174.0211689393018,437.69192899598886,100.83318206791277,40.25704330694589,14.656023697000625,50.979226089342134,8.959169152125742,4.135221439115977,0.0,1.0,0.0,0.0,0.0,model4,9.0,False,1596.0
532,2015-03-09T17:00:00Z,41.0,173.71249963806125,442.02313158692397,99.95024600964106,40.858242362526546,14.87034165358368,54.02539555287033,8.645071972967749,4.496462130743633,0.0,1.0,0.0,0.0,0.0,model4,9.0,False,1599.0
533,2015-03-09T20:00:00Z,41.0,174.20683341263265,447.66715643366547,100.35464165398844,41.17602441272998,14.818327022062087,54.918112261004495,9.10895322690832,4.3550207039770426,0.0,1.0,0.0,0.0,0.0,model4,9.0,False,1602.0
534,2015-03-09T23:00:00Z,41.0,171.58855536940675,446.16766528652175,99.5822992965815,41.707652978627905,17.74601449594322,54.219590246331435,9.467883106263669,4.422733481142847,0.0,1.0,0.0,0.0,0.0,model4,9.0,False,1605.0
535,2015-03-10T02:00:00Z,41.0,171.90927652518417,457.76277894411993,98.23613061561156,41.36346074529281,16.791905153341492,46.516266153041705,8.85543882236932,4.615913535587048,0.0,0.0,0.0,0.0,0.0,model4,9.0,False,1608.0
536,2015-03-10T05:00:00Z,41.0,171.53999443454066,455.8564030299055,99.33653526796972,40.93376291347179,17.348925721418134,44.584349599899866,8.98866688997718,4.683257347092094,0.0,0.0,0.0,0.0,0.0,model4,9.0,False,1611.0
537,2015-03-10T08:00:00Z,41.0,170.36131318425169,459.3759089925464,99.64298409503859,40.843084844130345,16.30344786480385,50.350041596624145,8.464767550270045,4.5674983730311265,0.0,0.0,0.0,0.0,0.0,model4,9.0,False,1614.0
538,2015-03-10T11:00:00Z,41.0,168.99244078395532,465.12054692826416,99.80434081673815,41.140144233792,16.774649213889447,42.632253183742336,8.958286582431342,4.392515210216981,0.0,0.0,0.0,0.0,0.0,model4,9.0,False,1617.0
539,2015-03-10T14:00:00Z,41.0,168.21683972531608,458.41698140706666,101.08167070151235,40.0158822824954,16.199136434230198,43.26020102906848,9.340072538005677,4.9197365006519,0.0,0.0,0.0,0.0,0.0,model4,9.0,False,1620.0
540,2015-03-10T17:00:00Z,41.0,165.98900738382034,454.41344261828806,100.60182020973629,39.57590174275971,17.465614802828465,43.342765517737405,9.386877417118418,4.990322236939585,0.0,0.0,0.0,0.0,0.0,model4,9.0,False,1623.0
541,2015-03-10T20:00:00Z,41.0,168.08947029363173,454.70510273066947,98.81836311925898,39.5452701099465,18.691501021618414,42.65385615348713,9.983027472906626,5.225197190977412,0.0,0.0,0.0,0.0,0.0,model4,9.0,False,1626.0
542,2015-03-10T23:00:00Z,41.0,170.10169503247016,461.20900518544266,99.80030357858385,39.15199824982642,17.12287239259661,51.555442619531576,9.834773377468704,4.876351194621419,0.0,0.0,0.0,0.0,0.0,model4,9.0,False,1629.0
543,2015-03-11T02:00:00Z,41.0,168.802925942781,467.5641789714064,101.77859287546288,39.674779631908656,16.91980910006955,59.444236010501655,10.557778784237783,4.861188273137465,0.0,0.0,0.0,0.0,0.0,model4,9.0,False,1632.0
544,2015-03-11T05:00:00Z,41.0,168.6440448758204,468.7176078692983,100.46255430425772,40.04206488208658,16.923815092903777,59.860176829728466,11.040618024246983,4.803658049681879,0.0,0.0,0.0,0.0,0.0,model4,9.0,False,1635.0
545,2015-03-11T08:00:00Z,41.0,169.64042404983053,469.955539328303,100.78800142159382,39.804667387100466,17.754419345853293,55.91476507055054,10.507036123212496,4.948840137094139,0.0,0.0,0.0,0.0,0.0,model4,9.0,False,1638.0
546,2015-03-11T11:00:00Z,41.0,171.1186093602155,473.7897656450669,100.46874850519194,39.3361969973644,16.781826645098118,57.5157715792825,11.03334037197493,4.867188903891528,0.0,0.0,0.0,0.0,0.0,model4,9.0,False,1641.0
547,2015-03-11T14:00:00Z,41.0,171.1862930560631,476.03389789339286,98.87914480237549,40.14055782375056,17.891853217353585,59.61282338715954,10.976654483765818,4.182273622598292,0.0,0.0,0.0,0.0,0.0,model4,9.0,False,1644.0
548,2015-03-11T17:00:00Z,41.0,175.71120456521209,482.15378751297743,99.99873548947077,39.55082930775564,17.01515959247089,55.40722825856735,10.725853553280492,4.037940725577738,0.0,0.0,0.0,0.0,0.0,model4,9.0,False,1647.0
549,2015-03-11T20:00:00Z,41.0,172.8425510567219,479.8815911932357,101.34920235787122,39.31826080108152,17.256616421002494,57.509576430889894,9.70087591257622,4.230353001767304,0.0,0.0,0.0,0.0,0.0,model4,9.0,False,1650.0
550,2015-03-11T23:00:00Z,41.0,172.61338960401974,470.0407713750362,99.9678471278889,39.15211376401953,16.41389339220009,55.32505393492711,10.11669392990208,4.401012596719997,0.0,0.0,0.0,0.0,0.0,model4,9.0,False,1653.0
551,2015-03-12T02:00:00Z,41.0,172.72486430379666,455.8355848592272,98.69990718112871,39.31293303841808,15.319507476776097,50.68746638753989,9.590979591901485,4.483316210126435,0.0,0.0,0.0,0.0,0.0,model4,9.0,False,1656.0
552,2015-03-12T05:00:00Z,41.0,174.3954066587239,449.1135561316141,98.58307585788458,39.40649216733478,15.706659502822655,53.54048134522984,9.630252529125238,4.567365413706135,0.0,0.0,0.0,0.0,0.0,model4,9.0,False,1659.0
553,2015-03-12T08:00:00Z,41.0,171.273832709016,443.831074777128,98.34053158247721,38.952767912430026,17.923437950093344,52.71844605972795,9.443621381859078,5.041920023500888,0.0,0.0,0.0,0.0,0.0,model4,9.0,False,1662.0
554,2015-03-12T11:00:00Z,41.0,167.86993729183132,439.2738486194134,98.52762915663122,38.90274369055486,18.74185316713508,50.157608942983465,8.053859377174417,4.820807943356097,0.0,0.0,0.0,0.0,0.0,model4,9.0,False,1665.0
555,2015-03-12T14:00:00Z,41.0,167.32610166730967,441.5923004301561,99.77019858480837,39.09584863870381,17.589837713341502,47.03665201825245,8.348616893999674,4.944505348709,0.0,0.0,0.0,0.0,0.0,model4,9.0,False,1668.0
556,2015-03-12T17:00:00Z,41.0,165.35635741493297,438.6200124576533,98.54846941985642,39.18915249898542,15.643954187231186,43.98993875753255,8.347460607500915,4.6711971898230615,0.0,0.0,0.0,0.0,0.0,model4,9.0,False,1671.0
557,2015-03-12T20:00:00Z,41.0,166.38923654106168,430.5949037439666,97.74077289304032,39.13458247204427,15.404150490987778,43.596104441556655,8.314164936062967,4.373850117097066,0.0,0.0,0.0,0.0,0.0,model4,9.0,False,1674.0
558,2015-03-12T23:00:00Z,41.0,166.43189279776942,443.0708128485647,97.62246437154707,39.16161863648642,15.61798430571922,54.44070067630943,7.693592035343745,4.160404229865891,0.0,0.0,0.0,0.0,0.0,model4,9.0,False,1677.0
559,2015-03-13T02:00:00Z,41.0,165.66593151526908,448.3358912072232,98.49624767086159,38.966748870471314,15.371939860061323,51.41283818600174,7.907868608819305,3.9960491486231486,0.0,0.0,0.0,0.0,0.0,model4,9.0,False,1680.0
560,2015-03-13T05:00:00Z,41.0,163.69866101512517,451.4900835539878,100.33525197200693,39.20190536022262,15.084315730895035,48.39932831705654,7.9823880803334175,4.4486146704093175,0.0,0.0,0.0,0.0,0.0,model4,9.0,False,1683.0
561,2015-03-13T08:00:00Z,41.0,165.245075567314,453.12531321671065,100.83874673274865,39.75998462113385,13.65671148543746,47.30529690177799,8.168517347489221,3.617592313418168,0.0,0.0,0.0,0.0,0.0,model4,9.0,False,1686.0
562,2015-03-13T11:00:00Z,41.0,166.4930241117163,455.5142867491538,101.09718494668415,40.23899498393348,12.711044653172278,46.37238657443515,8.670238989759719,4.1062367142777685,0.0,0.0,0.0,0.0,0.0,model4,9.0,False,1689.0
563,2015-03-13T14:00:00Z,41.0,166.9902530504753,454.4203819709034,101.28668261485029,40.17833319955557,12.449831212594868,45.64132591912768,8.379267655275315,4.168677465629456,0.0,0.0,0.0,0.0,0.0,model4,9.0,False,1692.0
564,2015-03-13T17:00:00Z,41.0,167.4951891257246,446.9185690928099,103.16827430614711,40.22317426070658,14.354544968747796,50.5871570391119,8.237836595164792,4.200226438765516,0.0,0.0,0.0,0.0,0.0,model4,9.0,False,1695.0
565,2015-03-13T20:00:00Z,41.0,166.08464396060637,454.42498100206114,103.44048936421585,40.155748778757584,13.990290659258484,45.44753401867751,8.077525833069457,4.485303008040432,0.0,0.0,0.0,0.0,0.0,model4,9.0,False,1698.0
566,2015-03-13T23:00:00Z,41.0,166.5284741430839,451.5821041756552,106.03242571765257,40.206792293425,14.910401503052045,42.243965930397344,8.920897757863829,4.374771047738527,0.0,0.0,0.0,0.0,0.0,model4,9.0,False,1701.0
567,2015-03-14T02:00:00Z,41.0,166.58391253569746,457.64866055474783,106.00564225880105,39.860491190325725,14.592688364855585,46.97178398659123,9.118726627989824,4.5049867538269055,0.0,0.0,0.0,0.0,0.0,model4,9.0,False,1704.0
568,2015-03-14T05:00:00Z,41.0,166.8470090061924,460.8002900536252,106.2301206861533,39.43621763169109,13.665640033623474,46.528122515653756,8.793535621648754,4.628881482557495,0.0,0.0,0.0,0.0,0.0,model4,9.0,False,1707.0
569,2015-03-14T08:00:00Z,41.0,168.559434833858,458.6466566051846,105.31533320307005,39.17264624952738,13.715008477200735,47.129058878620974,9.368236897516722,5.025210485457444,0.0,0.0,0.0,0.0,0.0,model4,9.0,False,1710.0
570,2015-03-14T11:00:00Z,41.0,168.92108882565446,453.26133728975634,105.17629013238675,38.889957013900755,14.432669954092605,51.24995228186658,9.06954402377247,4.4655136358222505,0.0,0.0,0.0,0.0,0.0,model4,9.0,False,1713.0
571,2015-03-14T14:00:00Z,41.0,169.84927751752213,451.6441409684043,104.31420021324726,39.337331426344704,15.780138388566446,56.69582151663764,9.96630554726106,4.9854488347013435,0.0,0.0,0.0,0.0,0.0,model4,9.0,False,1716.0
572,2015-03-14T17:00:00Z,41.0,169.01670430949991,456.2776268900318,103.85098680188169,39.448496694988776,14.276053024197559,54.68727733470582,10.344290009984373,5.117824129258099,0.0,0.0,0.0,0.0,0.0,model4,9.0,False,1719.0
573,2015-03-14T20:00:00Z,41.0,170.8255700129344,450.3751306892256,105.14225039866886,40.510528851501405,14.346646466463847,57.7196933356584,9.634783965161514,5.615907751104529,0.0,0.0,0.0,0.0,0.0,model4,9.0,False,1722.0
574,2015-03-14T23:00:00Z,41.0,172.00814054861144,448.8290000945472,102.60950757303549,40.39546025149152,13.515029910682356,55.16030008731161,8.446637039190097,5.633548909544557,0.0,0.0,0.0,0.0,0.0,model4,9.0,False,1725.0
575,2015-03-15T02:00:00Z,41.0,172.859644033288,443.42386203320785,102.38450764777023,40.60000846726796,13.974282217752895,50.12355901207215,8.165010831088855,5.797054892938997,0.0,0.0,0.0,0.0,0.0,model4,9.0,False,1728.0
576,2015-03-15T05:00:00Z,41.0,174.47595982627243,447.5704553686031,99.84733374777893,39.734990238808386,12.331316183072145,54.667881157205706,9.329836931535727,6.022848560636118,0.0,0.0,0.0,0.0,0.0,model4,9.0,False,1731.0
577,2015-03-15T08:00:00Z,41.0,171.87549107339646,446.5628311942947,100.09070682011075,39.283832596691276,13.193042774880256,56.35657247180621,9.780576205949162,5.97715137239469,0.0,0.0,0.0,0.0,0.0,model4,9.0,False,1734.0
578,2015-03-15T11:00:00Z,41.0,174.53559040264423,448.8973062624921,100.82971654348458,39.78993304010295,12.612746089421947,58.86572758611522,10.390569656426836,6.2895970023491525,0.0,0.0,0.0,0.0,0.0,model4,9.0,False,1737.0
579,2015-03-15T14:00:00Z,41.0,173.0261807567902,450.6825829227008,100.92920889099504,39.21049080542379,11.734044004265074,58.42041386648598,9.994957804410069,6.454883655188682,0.0,0.0,0.0,0.0,0.0,model4,9.0,False,1740.0
580,2015-03-15T17:00:00Z,41.0,173.00034202887326,456.80307558375364,98.42207958625755,39.647937984240926,11.58225628869796,59.27124551337671,10.519395464711161,6.577447484093697,0.0,0.0,0.0,0.0,0.0,model4,9.0,False,1743.0
581,2015-03-15T20:00:00Z,41.0,172.83398595459312,452.1832508517763,97.99556808142134,38.62918107106788,11.0893440858666,66.37772313608042,10.204017224271787,5.92974833928695,0.0,0.0,0.0,0.0,0.0,model4,9.0,False,1746.0
582,2015-03-15T23:00:00Z,41.0,171.5204272031891,453.774095203251,99.05053667802143,38.88742044996749,11.013184313139341,65.51277843176297,10.662020374002351,6.415036123457692,0.0,0.0,0.0,0.0,0.0,model4,9.0,False,1749.0
583,2015-03-16T02:00:00Z,41.0,170.25403279925075,455.4582379569329,98.52518851373142,38.5459954562668,10.377274016597363,66.97055424613521,10.306814616130957,6.552288971788405,0.0,0.0,0.0,0.0,0.0,model4,9.0,False,1752.0
584,2015-03-16T05:00:00Z,41.0,170.85006665978275,450.08628207449516,100.36273371462609,38.511633191762,11.764524180329726,63.19788680916536,10.111185261434253,6.568796707382091,0.0,0.0,0.0,0.0,0.0,model4,9.0,False,1755.0
585,2015-03-16T08:00:00Z,41.0,171.18334930493072,456.97481101482595,99.71654881113152,39.69782251492262,13.335717295608662,66.06030269761267,10.230804382544797,6.594244532184651,0.0,0.0,0.0,0.0,0.0,model4,9.0,False,1758.0
586,2015-03-16T11:00:00Z,41.0,170.18192170500876,456.39196596175344,98.78129971934679,39.33517349039272,12.371418642214882,61.01520308761078,10.263433868287413,6.742823403796513,0.0,0.0,0.0,0.0,0.0,model4,9.0,False,1761.0
587,2015-03-16T14:00:00Z,41.0,171.16046413667613,452.3911545965728,97.618417862567,40.48673181449664,12.979490359756156,57.54418529614679,11.90973185102828,6.964342087018402,0.0,0.0,0.0,0.0,0.0,model4,9.0,False,1764.0
588,2015-03-16T17:00:00Z,41.0,171.65671414016236,444.29160808690636,99.4840991491548,42.15651010904916,13.182131492111822,54.57883771678957,10.998593349310038,8.976453408598397,0.0,0.0,0.0,0.0,0.0,model4,9.0,False,1767.0
589,2015-03-16T20:00:00Z,41.0,171.78728408918474,449.9708816444765,99.07991516614749,43.60010024499426,13.482665748045024,43.84240253820784,11.099759883105204,8.93677468050956,0.0,0.0,0.0,0.0,0.0,model4,9.0,False,1770.0
590,2015-03-16T23:00:00Z,41.0,174.13607773450954,452.49080504510033,98.68142853173802,45.58509125103838,14.439241871970513,45.34256494070132,10.638263735977514,9.483792831373961,0.0,0.0,0.0,0.0,0.0,model4,9.0,False,1773.0
591,2015-03-17T02:00:00Z,41.0,174.96345217013405,445.5466612905785,98.06640149437456,47.092866053285256,15.066789065417767,45.88435205813496,10.749151010453184,8.629339384050096,0.0,0.0,0.0,0.0,0.0,model4,9.0,False,1776.0
592,2015-03-17T05:00:00Z,41.0,174.19682018665748,437.59928389012174,98.06785314943914,48.736226889929505,14.051588547686887,52.94796990715904,10.433438469059997,6.608203670271754,0.0,0.0,0.0,0.0,0.0,model4,9.0,False,1779.0
593,2015-03-17T08:00:00Z,41.0,175.0296975011356,433.47274996574095,98.12818838753712,49.54313576612992,12.502818365394006,48.122702508268226,10.227555396503242,6.395194950822497,0.0,0.0,0.0,0.0,0.0,model4,9.0,False,1782.0
594,2015-03-17T11:00:00Z,41.0,173.05344864011192,445.0535180254397,97.89556077098969,51.049847348744876,13.458760817725599,62.078383484049404,9.662521074352652,5.421898791007683,0.0,0.0,0.0,0.0,0.0,model4,9.0,False,1785.0
595,2015-03-17T14:00:00Z,41.0,171.69466449124,439.8724027476263,98.76946332109743,51.10044343253554,13.273370139682655,64.77850138495474,6.8494525058826525,5.567436806541908,0.0,0.0,0.0,0.0,0.0,model4,9.0,False,1788.0
596,2015-03-17T17:00:00Z,41.0,170.49142683315253,442.4352156417983,98.91495769343868,50.77799931650937,13.03350561144028,64.71841543057259,7.266358967592892,4.3493214481395865,0.0,0.0,0.0,0.0,0.0,model4,9.0,False,1791.0
597,2015-03-17T20:00:00Z,41.0,169.01190978036996,443.92462189098944,99.00399524158024,50.72837587663746,13.227653744888563,64.75083050183589,7.398064319351668,4.445257984404129,0.0,0.0,0.0,0.0,0.0,model4,9.0,False,1794.0
598,2015-03-17T23:00:00Z,41.0,166.5225898877704,434.4789897835186,99.06624057858221,49.8647969343896,10.832058521148696,59.434749219417704,8.199289659942622,4.008599382842219,0.0,0.0,0.0,0.0,0.0,model4,9.0,False,1797.0
599,2015-03-18T02:00:00Z,41.0,164.86454362496076,436.16111487390197,99.37265622257584,49.71201166969464,11.278524828542686,59.57760461828294,8.1975779808178,4.676189221463242,0.0,0.0,0.0,0.0,0.0,model4,9.0,False,1800.0
600,2015-03-18T05:00:00Z,41.0,166.72956309946653,442.42651074590754,100.04660858674556,50.07189461847332,13.103383760417948,56.81156940498044,8.819920593156805,4.542515847100066,0.0,0.0,0.0,0.0,0.0,model4,9.0,False,1803.0
601,2015-03-18T08:00:00Z,41.0,164.68170694885112,446.45721336567976,99.85492624863072,50.071710755029024,13.873615581132045,58.28975528153486,8.909239578834221,4.5143364429529464,0.0,0.0,0.0,0.0,0.0,model4,9.0,False,1806.0
602,2015-03-18T11:00:00Z,41.0,165.81891729600022,445.3734769505607,99.79932291557829,49.53993053504664,13.720403649342275,49.09039150826357,8.458746613539319,4.438085272969505,0.0,0.0,0.0,0.0,0.0,model4,9.0,False,1809.0
603,2015-03-18T14:00:00Z,41.0,164.17637043790288,453.0086006169475,99.91790605883163,48.86801761672464,14.631799439725285,44.27210266387476,8.572270749932372,4.956046473419487,0.0,0.0,0.0,0.0,0.0,model4,9.0,False,1812.0
604,2015-03-18T17:00:00Z,41.0,165.80125171361445,453.4060504028291,99.51985371312557,47.13732443818113,15.91057942673926,46.16954501910836,9.38786768131377,5.756626698118637,0.0,0.0,0.0,0.0,0.0,model4,9.0,False,1815.0
605,2015-03-18T20:00:00Z,41.0,166.98802390212435,456.5645600341548,99.62006200949793,46.17061632621861,15.818355440051375,47.35108069960732,9.480520268900296,6.052089572208716,0.0,0.0,0.0,0.0,0.0,model4,9.0,False,1818.0
606,2015-03-18T23:00:00Z,41.0,167.4531427033908,459.98520801929664,100.09519582127552,44.8010211915972,16.394492124815073,51.9554888692867,10.240021590343344,6.442984480311623,0.0,0.0,0.0,0.0,0.0,model4,9.0,False,1821.0
607,2015-03-19T02:00:00Z,41.0,167.6429682618149,464.5306092711226,98.82994704175412,43.5329992162883,16.27811870185412,51.239194141998674,10.556167932333294,6.359835597113509,0.0,0.0,0.0,0.0,0.0,model4,9.0,False,1824.0
608,2015-03-19T05:00:00Z,41.0,166.94259098229617,465.1284189477314,97.83179365269771,42.48904727955224,16.985559562053748,47.88972294675139,9.409106460664331,5.956747187232196,0.0,0.0,0.0,0.0,0.0,model4,9.0,False,1827.0
609,2015-03-19T08:00:00Z,41.0,168.99791662213553,455.4400568140117,97.91993152887235,41.54082623184569,15.27178528784153,50.15628416989564,9.703639764876767,5.08755326888238,0.0,0.0,0.0,0.0,0.0,model4,9.0,False,1830.0
610,2015-03-19T11:00:00Z,41.0,170.07882797161002,446.6607100061302,98.38721126503395,40.43626762038277,15.949606853865054,50.54456059771208,9.890460067969363,3.7745038044151933,0.0,0.0,0.0,0.0,0.0,model4,9.0,False,1833.0
611,2015-03-19T14:00:00Z,41.0,172.96638842798916,451.3009311584385,97.67746190098777,39.85092279008214,14.087303967254211,53.55696495988205,10.218263582820382,4.057323862430343,0.0,0.0,0.0,0.0,0.0,model4,9.0,False,1836.0
612,2015-03-19T17:00:00Z,41.0,170.88255333745678,452.85042565615953,98.09588670621768,39.65041585203392,15.181459737863984,51.149874573848344,9.572831163493873,4.509435314683404,0.0,0.0,0.0,0.0,0.0,model4,9.0,False,1839.0
613,2015-03-19T20:00:00Z,41.0,171.2712836219797,455.1122111066731,98.53619992341088,38.98633497447661,15.495714184043932,52.525120665538225,10.727493840300246,4.648796363075676,0.0,0.0,0.0,0.0,0.0,model4,9.0,False,1842.0
614,2015-03-19T23:00:00Z,41.0,171.53926306038787,454.11574689569807,98.95899777233772,39.71332739095463,15.979155207453125,50.557197251614866,9.985924066753428,5.014222934728732,0.0,0.0,0.0,0.0,0.0,model4,9.0,False,1845.0
615,2015-03-20T02:00:00Z,41.0,171.16448414106887,456.27356113957177,100.53531442114051,39.691916163733175,14.895790783901893,49.889355964520256,10.029888612158333,4.990022020298168,0.0,0.0,0.0,0.0,0.0,model4,9.0,False,1848.0
616,2015-03-20T05:00:00Z,41.0,170.3673534846775,457.186256379178,101.03156401191237,39.579417456795646,13.2416446058289,52.82167402572873,10.161446750264817,5.042304980658263,0.0,0.0,0.0,0.0,0.0,model4,9.0,False,1851.0
617,2015-03-20T08:00:00Z,41.0,169.8209483261266,462.4083956061876,102.46497031680565,39.3716395640628,13.560449918454983,47.50591472497371,9.417948990871649,5.121790459114177,0.0,0.0,0.0,0.0,0.0,model4,9.0,False,1854.0
618,2015-03-20T11:00:00Z,41.0,169.15303031667636,461.4467974144905,102.66758247206423,39.480514160695186,13.287493416967585,44.51912981929586,9.361870420314922,5.2574395082633165,0.0,0.0,0.0,0.0,0.0,model4,9.0,False,1857.0
619,2015-03-20T14:00:00Z,41.0,167.27171359190578,463.47478277297216,102.98479614668028,39.35729394488275,13.49046777824589,51.764591849568006,8.789060827469957,4.674600051730726,0.0,0.0,0.0,0.0,0.0,model4,9.0,False,1860.0
620,2015-03-20T17:00:00Z,41.0,169.28020737372964,463.6336139114498,102.27117653980076,39.8104528135917,11.711100536501258,57.413789334790344,8.681977079988595,4.341385463592148,0.0,0.0,0.0,0.0,0.0,model4,9.0,False,1863.0
621,2015-03-20T20:00:00Z,41.0,168.69432904918492,457.698646356575,101.06862794112105,40.50945239176401,12.091450203498065,59.937357101501206,7.575474891706319,4.007680145534764,0.0,0.0,0.0,0.0,0.0,model4,9.0,False,1866.0
622,2015-03-20T23:00:00Z,41.0,167.62669754145892,460.25410951698893,100.04571305698968,39.9363209549541,11.860476388437238,61.603934049865295,7.277882844748738,4.026036868701207,0.0,0.0,0.0,0.0,0.0,model4,9.0,False,1869.0
623,2015-03-21T02:00:00Z,41.0,167.95929400024662,458.59876193940653,99.77689399171673,40.1849248910595,11.704896468323172,66.83368650819797,6.416905460991857,4.379319551855879,0.0,0.0,0.0,0.0,0.0,model4,9.0,False,1872.0
624,2015-03-21T05:00:00Z,41.0,165.6884777939831,458.8014872144662,99.79587697859938,40.10332469738593,12.367834995611243,63.14698069579962,6.7101517497298655,4.34398632443155,0.0,0.0,0.0,0.0,0.0,model4,9.0,False,1875.0
625,2015-03-21T08:00:00Z,41.0,166.9323889061991,455.3230176723472,98.51527867809044,40.09749066413038,12.662167026562512,64.52478571661416,6.807434474901522,4.289421085313832,0.0,0.0,0.0,0.0,0.0,model4,9.0,False,1878.0
626,2015-03-21T11:00:00Z,41.0,166.30513737200366,450.94046366843855,98.1826772099161,39.77525279500278,15.098200056299774,67.29954995072228,6.574151908152306,4.094035737787667,0.0,0.0,0.0,0.0,0.0,model4,9.0,False,1881.0
627,2015-03-21T14:00:00Z,41.0,166.97729854205446,444.8240328036457,100.09897003253202,39.948006918062056,15.341466715077017,58.04079691503452,7.811500018867965,4.033106527459655,0.0,0.0,0.0,0.0,0.0,model4,9.0,False,1884.0
628,2015-03-21T17:00:00Z,41.0,165.6335055795221,445.50593825660513,101.146544668322,39.810940009997054,15.032520333862035,54.28513510219472,7.746699607107152,3.913213480097142,0.0,0.0,0.0,0.0,0.0,model4,9.0,False,1887.0
629,2015-03-21T20:00:00Z,41.0,165.69611075041018,454.0291973961116,101.61533342712696,38.93887587505456,14.120443281207931,52.81630376407609,7.792635304946932,4.298497724718361,0.0,0.0,0.0,0.0,0.0,model4,9.0,False,1890.0
630,2015-03-21T23:00:00Z,41.0,166.22623266919575,454.1233958978611,101.78646857252205,38.4651385011734,14.122511757432553,50.135883845981844,8.308209824835009,3.913797710585665,0.0,0.0,0.0,0.0,0.0,model4,9.0,False,1893.0
631,2015-03-22T02:00:00Z,41.0,167.5604211764393,448.7154295157653,101.32304883225626,38.77825360820896,14.915784956923261,41.2984543414371,8.674025518802432,4.394458729614718,0.0,0.0,0.0,0.0,0.0,model4,9.0,False,1896.0
632,2015-03-22T05:00:00Z,41.0,168.79244335841483,450.1271221770725,99.16015541799344,38.6628605201396,14.763891394953115,41.94626063518618,9.60908446341108,4.568105453121509,0.0,0.0,0.0,0.0,0.0,model4,9.0,False,1899.0
633,2015-03-22T08:00:00Z,41.0,169.30531865204753,448.31433308669165,100.01563868177172,38.31275243284948,15.157929748796935,46.683777062983395,9.231100058667943,4.418098064817214,0.0,0.0,0.0,0.0,0.0,model4,9.0,False,1902.0
634,2015-03-22T11:00:00Z,41.0,167.63507766375886,453.3635873346833,101.49138115503305,38.00119654880979,12.969679190345845,42.22192213754234,10.091225253317825,4.406081643277308,0.0,0.0,0.0,0.0,0.0,model4,9.0,False,1905.0
635,2015-03-22T14:00:00Z,41.0,170.16523780920514,456.43029998831565,99.58968324485687,37.69082619525822,16.01568764756231,44.203040725440204,10.278859255229232,4.641721763555538,0.0,0.0,0.0,0.0,0.0,model4,9.0,False,1908.0
636,2015-03-22T17:00:00Z,41.0,172.3843639458231,454.767407456138,98.95626012685827,38.079775594457935,17.361937098005438,47.72720051296098,10.136524014523443,4.846171649298554,0.0,0.0,0.0,0.0,0.0,model4,9.0,False,1911.0
637,2015-03-22T20:00:00Z,41.0,171.02657072475168,444.08093402879234,98.3208880492334,39.15302918246379,18.8756596042392,45.002591470232716,11.085817333987578,4.826892201009982,0.0,0.0,0.0,0.0,0.0,model4,9.0,False,1914.0
638,2015-03-22T23:00:00Z,41.0,171.37358315371313,446.8840766006604,98.97206553513512,39.80448897643237,18.176493059671635,46.52067901546515,11.031813001522124,5.3094320293560076,0.0,0.0,0.0,0.0,0.0,model4,9.0,False,1917.0
639,2015-03-23T02:00:00Z,41.0,168.98193358449112,451.6298998028859,100.67105287098306,39.88837776329493,18.43417594546695,47.4391948582709,11.399835653516142,4.723079341392472,0.0,0.0,0.0,0.0,0.0,model4,9.0,False,1920.0
640,2015-03-23T05:00:00Z,41.0,167.60393884997748,447.6589739727246,102.50115569764463,40.18163219524113,19.78613000096812,47.888620701277,9.952070176706282,4.673404419736287,0.0,0.0,0.0,0.0,0.0,model4,9.0,False,1923.0
641,2015-03-23T08:00:00Z,41.0,167.2211301570201,457.07914318534404,103.43305553776085,40.601553253980825,19.198877616377644,44.690055847276966,10.397309643122972,5.562112992075663,0.0,0.0,0.0,0.0,0.0,model4,9.0,False,1926.0
642,2015-03-23T11:00:00Z,41.0,166.93870270268033,454.0898293074937,101.11598898055142,41.09729876643959,19.477234353193268,47.57308908348675,10.402701249677076,5.395574108476287,0.0,0.0,0.0,0.0,0.0,model4,9.0,False,1929.0
643,2015-03-23T14:00:00Z,41.0,164.70160120811613,447.5052298953182,101.28579869179748,40.543181206082906,16.378103484510664,46.9775097712234,9.966425849768713,5.770141707511464,0.0,0.0,0.0,0.0,0.0,model4,9.0,False,1932.0
644,2015-03-23T17:00:00Z,41.0,163.71914518323015,448.3807512572618,101.92405879293804,40.777005646223394,15.658533185041964,43.56774235716307,10.537210036612676,6.004771428160226,0.0,0.0,0.0,0.0,0.0,model4,9.0,False,1935.0
645,2015-03-23T20:00:00Z,41.0,164.57982720818316,448.6426839271783,101.84713606690187,39.74049418207665,14.333284757121316,47.64439602112607,10.286498525805786,6.241480462987603,0.0,0.0,0.0,0.0,0.0,model4,9.0,False,1938.0
646,2015-03-23T23:00:00Z,41.0,165.80493005544986,441.37503910795,101.74750339501014,39.21172686900009,15.32771643562033,42.05286294817866,10.593344417210073,5.974489811461775,0.0,0.0,0.0,0.0,0.0,model4,9.0,False,1941.0
647,2015-03-24T02:00:00Z,41.0,165.2766509389324,443.4673462701608,100.8620404885768,39.001735054316,16.634967482462358,43.07090943724536,10.840416361144817,6.209530539403298,0.0,0.0,0.0,0.0,0.0,model4,9.0,False,1944.0
648,2015-03-24T05:00:00Z,41.0,168.30493303210397,450.2842072715662,101.64739676322115,39.2362680443576,15.191290757382756,45.95416717166356,12.134586893737216,6.3358511150934635,0.0,0.0,0.0,0.0,0.0,model4,9.0,False,1947.0
649,2015-03-24T08:00:00Z,41.0,168.83189921113504,446.789868058584,100.22621390138616,39.2582958136088,16.53353801416167,44.128941322915715,12.022690929274898,5.527717452220934,0.0,0.0,0.0,0.0,0.0,model4,9.0,False,1950.0
650,2015-03-24T11:00:00Z,41.0,171.81368215065936,445.5558920173453,100.25330440514273,38.89248900561001,15.417977311946707,45.07487835529336,12.103990160545989,5.565978532970205,0.0,0.0,0.0,0.0,0.0,model4,9.0,False,1953.0
651,2015-03-24T14:00:00Z,41.0,173.2862860484502,444.53322501929927,100.280172067529,39.80951485743429,17.293968865980663,44.73093701030972,12.369256391241837,4.923715631416441,0.0,0.0,0.0,0.0,0.0,model4,9.0,False,1956.0
652,2015-03-24T17:00:00Z,41.0,174.01397166625532,437.79884423747626,99.72885059923388,39.42845368213019,16.15453250403716,46.24083001846621,12.132934428552025,4.490206751981273,0.0,0.0,0.0,0.0,0.0,model4,9.0,False,1959.0
653,2015-03-24T20:00:00Z,41.0,171.9654162334926,444.2202841729432,100.70989415520515,40.491930003754064,18.27330189747897,43.37116407813299,11.542077029630804,5.437137974464881,0.0,0.0,0.0,0.0,0.0,model4,9.0,False,1962.0
654,2015-03-24T23:00:00Z,41.0,170.7008677691379,444.5978079214323,100.75806764107422,41.18535126207088,19.90564116204911,43.509543226264924,12.146838125121315,5.180274927882326,0.0,0.0,0.0,0.0,0.0,model4,9.0,False,1965.0
655,2015-03-25T02:00:00Z,41.0,173.72661434027472,442.5195573067371,101.35401281205348,41.44071580829458,19.25575613768688,41.31271829810279,12.024671736939087,4.788870247818373,0.0,0.0,0.0,0.0,0.0,model4,9.0,False,1968.0
656,2015-03-25T05:00:00Z,41.0,175.21753261708213,437.32170802104446,101.38640307378503,41.20198495323568,19.8963147153179,37.09798769748249,10.983701724146883,4.843401576616569,0.0,0.0,0.0,0.0,0.0,model4,9.0,False,1971.0
657,2015-03-25T08:00:00Z,41.0,174.4989482575679,436.57512704223353,101.61364732142559,41.134067084120005,19.01260483449302,35.618199532475586,10.61228673843202,4.935536219017492,0.0,0.0,0.0,0.0,0.0,model4,9.0,False,1974.0
658,2015-03-25T11:00:00Z,41.0,172.73563166535538,445.3830688925378,103.2990784499175,41.40641675288303,19.17347709850354,34.57578346708378,10.203512073894741,4.745202528029291,0.0,0.0,0.0,0.0,0.0,model4,9.0,False,1977.0
659,2015-03-25T14:00:00Z,41.0,170.57318864738784,452.1184061010861,103.19033291937772,41.80478993925145,17.615399553314372,35.45712158486496,9.567765905679034,4.729502055322915,0.0,0.0,0.0,0.0,0.0,model4,9.0,False,1980.0
660,2015-03-25T17:00:00Z,41.0,167.51335284366775,460.8081617357877,102.55067905897607,41.77736487708317,18.710736219680808,32.163944240856786,9.52252455584432,4.81250840021008,0.0,0.0,0.0,0.0,0.0,model4,9.0,False,1983.0
661,2015-03-25T20:00:00Z,41.0,170.48674944814647,454.4489860997136,102.47057444911293,41.92683564574336,17.914044785384032,35.04443112006363,9.668219285753805,3.564960379074844,0.0,0.0,0.0,0.0,0.0,model4,9.0,False,1986.0
662,2015-03-25T23:00:00Z,41.0,171.11386326474204,453.1418872443178,100.37572778193972,41.62964325389226,16.039251047591566,36.31678063445892,9.192231582215696,3.716721651003643,0.0,0.0,0.0,0.0,0.0,model4,9.0,False,1989.0
663,2015-03-26T02:00:00Z,41.0,169.9599751700309,454.0990270943104,99.68778939858299,41.52947100007629,14.203375676536384,41.28159063398195,8.319522825417474,3.8422750395944494,0.0,0.0,0.0,0.0,0.0,model4,9.0,False,1992.0
664,2015-03-26T05:00:00Z,41.0,168.5609408694402,450.16355923071694,97.54992733283962,41.22690275142835,14.994131974585473,47.61933140803788,8.106578470371144,3.975555659269869,0.0,0.0,0.0,0.0,0.0,model4,9.0,False,1995.0
665,2015-03-26T08:00:00Z,41.0,167.79788078371882,451.5531542856397,97.29742099175556,40.97360676639101,15.250755082333102,48.79659244124238,7.797138747372457,3.791625366768264,0.0,0.0,0.0,0.0,0.0,model4,9.0,False,1998.0
666,2015-03-26T11:00:00Z,41.0,169.03434277702928,448.40623322027153,96.44173196478243,41.22626992097709,15.986773535141337,49.704243606536544,6.68209934074629,3.877641585232016,0.0,0.0,0.0,0.0,0.0,model4,9.0,False,2001.0
667,2015-03-26T14:00:00Z,41.0,169.07628620314017,448.13884704463806,97.35774945127626,40.1783188601742,15.99697574364077,48.67589342471368,7.4536884148906815,4.410014305323334,0.0,0.0,0.0,0.0,0.0,model4,9.0,False,2004.0
668,2015-03-26T17:00:00Z,41.0,171.11513795870488,437.88466612172164,98.02587342147145,39.89151397491497,14.473941993921954,46.84679499244427,7.755218359996924,4.410972272402447,0.0,0.0,0.0,0.0,0.0,model4,9.0,False,2007.0
669,2015-03-26T20:00:00Z,41.0,169.74954072554203,440.8242645771119,98.1516932115308,39.783922166033705,13.835610477945714,45.03244331894674,7.1399928086927,4.357233530557527,0.0,0.0,0.0,0.0,0.0,model4,9.0,False,2010.0
670,2015-03-26T23:00:00Z,41.0,171.53324938341214,448.9341662241347,98.8133822678376,40.81403942425195,15.893038388027616,51.0579381397139,6.998858648441379,4.957222306827289,0.0,0.0,0.0,0.0,0.0,model4,9.0,False,2013.0
671,2015-03-27T02:00:00Z,41.0,172.3493625596495,446.0206332136682,98.31664856950577,40.79623675874046,15.531014249277742,49.00610336421546,6.875125591997751,5.406230058266837,0.0,0.0,0.0,0.0,0.0,model4,9.0,False,2016.0
672,2015-03-27T05:00:00Z,41.0,170.8436887145667,448.45963711618316,99.45223292363369,41.388031612645534,13.190936727318554,43.8847734243468,6.537302539214384,5.095911671020871,0.0,0.0,0.0,0.0,0.0,model4,9.0,False,2019.0
673,2015-03-27T08:00:00Z,41.0,171.17356456925313,448.026314322488,99.62661430376193,42.56659130662096,12.976886042155282,44.85478953481263,6.9584483591996245,5.653435106562028,0.0,0.0,0.0,0.0,0.0,model4,9.0,False,2022.0
674,2015-03-27T11:00:00Z,41.0,170.9232397464728,450.3751453763037,101.30023325515153,42.53449285572793,13.687028711967649,43.151994157142475,8.763022285395722,5.569218135469145,0.0,0.0,0.0,0.0,0.0,model4,9.0,False,2025.0
675,2015-03-27T14:00:00Z,41.0,174.9573497258958,451.09213497744605,100.90944845924864,43.13277830784048,16.77476666957987,44.23092016768781,8.463525611069706,4.867723645424153,0.0,0.0,0.0,0.0,0.0,model4,9.0,False,2028.0
676,2015-03-27T17:00:00Z,41.0,175.42581500644988,461.3853355995793,101.43507292910023,43.01674620533998,18.535515835332852,47.02258059352605,8.515076572601112,4.9772415537123935,0.0,0.0,0.0,0.0,0.0,model4,9.0,False,2031.0
677,2015-03-27T20:00:00Z,41.0,175.21276102347932,464.79907787673835,102.15037191201094,42.3526286588445,19.207959029,46.87870841309515,8.445746893104912,5.442611781222547,0.0,0.0,0.0,0.0,0.0,model4,9.0,False,2034.0
678,2015-03-27T23:00:00Z,41.0,173.28927302658053,457.35529367371504,102.43804184328869,41.22815439110692,18.988844917144178,44.31582957431308,8.148135942875008,5.403815544043766,0.0,0.0,0.0,0.0,0.0,model4,9.0,False,2037.0
679,2015-03-28T02:00:00Z,41.0,173.12623109658924,454.5082560034066,103.20416320457159,41.059946443287465,19.10700465510169,42.48006755956239,9.069974926723242,4.928139829119961,0.0,0.0,0.0,0.0,0.0,model4,9.0,False,2040.0
680,2015-03-28T05:00:00Z,41.0,172.0395342056321,459.27296651856864,103.1462762361796,40.82500205727296,19.924565379349588,48.86812551259922,9.261365048808322,5.104869851350801,0.0,0.0,0.0,0.0,0.0,model4,9.0,False,2043.0
681,2015-03-28T08:00:00Z,41.0,170.4104257894268,450.2686860586096,103.13269880666245,39.80420568024933,20.800530395658818,58.1645752415716,9.110440835313632,3.968254355212433,0.0,0.0,0.0,0.0,0.0,model4,9.0,False,2046.0
682,2015-03-28T11:00:00Z,41.0,169.77833098173687,446.6592502547553,100.61937948416256,39.62280861493709,20.659184396472376,58.10124545732223,8.414488623401361,4.255737384664664,0.0,0.0,0.0,0.0,0.0,model4,9.0,False,2049.0
683,2015-03-28T14:00:00Z,41.0,167.907609928737,442.46467234619104,100.33136420553238,39.378420288483774,18.182855378320557,57.74734628843014,9.439188779442727,5.155555702621113,0.0,0.0,0.0,0.0,0.0,model4,9.0,False,2052.0
684,2015-03-28T17:00:00Z,41.0,167.02921513781598,436.17746245739767,99.34842362536007,39.562566572583044,15.858594084683325,53.521405219254724,9.318517708948313,5.26875892133994,0.0,0.0,0.0,0.0,0.0,model4,9.0,False,2055.0
685,2015-03-28T20:00:00Z,41.0,167.4576085183168,432.5491118999108,97.67696391300542,39.77625061825133,15.520335368531597,52.18470321199541,9.290925222813136,5.0351848365450005,0.0,0.0,0.0,0.0,0.0,model4,9.0,False,2058.0
686,2015-03-28T23:00:00Z,41.0,167.07853416877447,432.3280398251132,98.72774871671068,40.26728357142615,14.03183962385587,53.60827194640377,10.059268723511305,4.911418566407382,0.0,0.0,0.0,0.0,0.0,model4,9.0,False,2061.0
687,2015-03-29T02:00:00Z,41.0,166.3830911220664,439.70850427702453,98.07031423334108,40.00948991427014,14.954756198223205,57.60177199813386,9.661367179616859,4.852630069754195,0.0,0.0,0.0,0.0,0.0,model4,9.0,False,2064.0
688,2015-03-29T05:00:00Z,41.0,168.28711315310963,437.8142517962049,97.81021544384987,40.141992627868056,16.492337077536043,49.8401905279091,9.402293467118977,4.645784747347585,0.0,0.0,0.0,0.0,0.0,model4,9.0,False,2067.0
689,2015-03-29T08:00:00Z,41.0,170.01760526355645,443.2407013177025,97.72869013543158,39.98522663500561,15.586236897597786,40.11135052653609,10.626411907260255,5.032502283393532,0.0,0.0,0.0,0.0,0.0,model4,9.0,False,2070.0
690,2015-03-29T11:00:00Z,41.0,171.50590480024604,441.039076000809,98.21955890872988,40.083226919956864,14.94455287123367,44.38217952087963,10.366303779505287,4.975802340696624,0.0,0.0,0.0,0.0,0.0,model4,9.0,False,2073.0
691,2015-03-29T14:00:00Z,41.0,170.75989181138945,440.7324835043866,96.66181918865976,40.40289579729249,14.440933529526935,44.29075585210945,10.72470974351188,4.03508246344213,0.0,0.0,0.0,0.0,0.0,model4,9.0,False,2076.0
692,2015-03-29T17:00:00Z,41.0,169.84797943391334,440.59035289501946,96.43754655095785,40.84935533878326,15.9126945494123,42.862796958780926,10.611121757293915,3.9193232462240792,0.0,0.0,0.0,0.0,0.0,model4,9.0,False,2079.0
693,2015-03-29T20:00:00Z,41.0,169.3692137452186,437.9237637282828,97.06050739815572,41.769681826063156,17.43750462397917,44.0520598122736,10.674950365668314,4.255296278325413,0.0,0.0,0.0,0.0,0.0,model4,9.0,False,2082.0
694,2015-03-29T23:00:00Z,41.0,168.383428584369,437.8540067938729,96.20168649521852,41.810589921212056,17.690720868440962,41.526820622340274,9.56112787170508,4.110712267370007,0.0,0.0,0.0,0.0,0.0,model4,9.0,False,2085.0
695,2015-03-30T02:00:00Z,41.0,170.31525810370334,429.0229884833322,97.15937505703974,42.304088180572364,17.245741965700216,37.276412660677664,9.599723594296046,4.272328321202171,0.0,0.0,0.0,0.0,0.0,model4,9.0,False,2088.0
696,2015-03-30T05:00:00Z,41.0,169.11795919406342,425.04842224464034,97.5415316386908,41.969061852594365,14.920595057749988,38.01926234319696,9.685480260229967,4.642497250813614,0.0,0.0,0.0,0.0,0.0,model4,9.0,False,2091.0
697,2015-03-30T08:00:00Z,41.0,168.33713618137682,429.1540198705339,97.63371825890587,41.9240167094956,15.223848682349931,40.26439624218517,8.319011771152406,4.466955156518688,0.0,0.0,0.0,0.0,0.0,model4,9.0,False,2094.0
698,2015-03-30T11:00:00Z,41.0,168.52396676511708,425.7336188315376,99.90812664037088,41.743835973630304,15.319239749038527,38.50156770658965,11.492311168204026,4.191864205267389,0.0,0.0,0.0,0.0,0.0,model4,9.0,False,2097.0
699,2015-03-30T14:00:00Z,41.0,169.1264303900176,430.3710312660076,101.09438780485443,41.66491821184773,14.798271872714936,41.50472650690241,10.72615569869925,4.167314941533145,0.0,0.0,0.0,0.0,0.0,model4,9.0,False,2100.0
700,2015-03-30T17:00:00Z,41.0,170.01376514424015,430.9418021592221,101.74973361733757,41.343913628239406,13.127473512954873,41.92498477818242,10.918928099554496,4.613091750981048,0.0,0.0,0.0,0.0,0.0,model4,9.0,False,2103.0
701,2015-03-30T20:00:00Z,41.0,169.58467390575913,435.6640133757847,101.78094906903496,40.43917411804803,11.167027561305504,42.153759469826795,10.704061227582157,4.035764399615934,0.0,0.0,0.0,0.0,0.0,model4,9.0,False,2106.0
702,2015-03-30T23:00:00Z,41.0,169.82643919037167,431.08712076091774,101.4596761438185,40.211051237136225,11.904536760575475,44.94429625990822,10.884220058091977,4.522095926152878,0.0,0.0,0.0,0.0,0.0,model4,9.0,False,2109.0
703,2015-03-31T02:00:00Z,41.0,168.45202164770598,430.9232871780798,99.73399901243215,40.72441675694023,11.257619925737613,45.3198459633896,10.867050393082245,4.6069067154059775,0.0,0.0,0.0,0.0,0.0,model4,9.0,False,2112.0
704,2015-03-31T05:00:00Z,41.0,169.42979139384582,439.17104459938537,99.24249101443485,40.98373314916697,14.139989029079926,47.84014793214131,10.897856762551527,4.457006074000088,0.0,0.0,0.0,0.0,0.0,model4,9.0,False,2115.0
705,2015-03-31T08:00:00Z,41.0,171.49627948133914,431.97904092556007,98.87333665923893,40.933538778314826,14.363183137471294,50.311230890960175,11.172690266482425,4.291768744780061,0.0,0.0,0.0,0.0,0.0,model4,9.0,False,2118.0
706,2015-03-31T11:00:00Z,41.0,171.61799813754553,442.5361817843572,95.91348493599621,41.32286587308678,14.273088444809616,49.89003866388594,8.449557033907558,4.344163865063698,0.0,0.0,0.0,0.0,0.0,model4,9.0,False,2121.0
707,2015-03-31T14:00:00Z,41.0,169.124992641255,438.0637113541332,96.95078266205824,41.07340036654213,15.878748555937724,50.129238632415905,7.961927301656586,5.611441432002691,0.0,0.0,0.0,0.0,0.0,model4,9.0,False,2124.0
708,2015-03-31T17:00:00Z,41.0,168.8691628646899,436.75221807866274,95.99964059472704,40.84022008182604,16.232781890454874,49.20533832631561,7.7565339961482325,5.337515633262644,0.0,0.0,0.0,0.0,0.0,model4,9.0,False,2127.0
709,2015-03-31T20:00:00Z,41.0,170.52158481331816,435.7982767454332,96.14002071194021,40.72910844575394,15.696091590147093,49.27958111810964,8.039262865109349,5.357796555283686,0.0,0.0,0.0,0.0,0.0,model4,9.0,False,2130.0
710,2015-03-31T23:00:00Z,41.0,172.7541090994537,443.80360775901306,98.13268693128016,40.78024916405685,15.458671584077187,45.89306358191182,10.747507119059069,4.873359169197287,0.0,0.0,0.0,0.0,0.0,model4,9.0,False,2133.0
711,2015-04-01T02:00:00Z,41.0,172.7850821293845,444.754590301275,98.50872979259495,39.687972205181524,16.167952444648545,51.96851957161466,10.54693692062487,4.6897788576761865,0.0,0.0,0.0,0.0,0.0,model4,9.0,False,2136.0
712,2015-04-01T05:00:00Z,41.0,171.28664482464984,438.72975873718,99.48938711477257,39.95093897372654,14.693835722765325,52.209716591722966,10.59220460596088,5.200017466953091,0.0,0.0,0.0,0.0,0.0,model4,9.0,False,2139.0
713,2015-04-01T08:00:00Z,41.0,168.59409266025662,443.1323923092058,99.76126471370924,39.8690760048503,14.529606110941925,51.146636161728246,10.316343385195536,5.387581770880868,0.0,0.0,0.0,0.0,0.0,model4,9.0,False,2142.0
714,2015-04-01T11:00:00Z,41.0,166.61760023704667,441.3575293959977,102.48708574232776,40.178647135899936,14.584812974004588,50.30500757637265,10.296377018592988,5.762399149940858,0.0,0.0,0.0,0.0,0.0,model4,9.0,False,2145.0
715,2015-04-01T14:00:00Z,41.0,167.89448690647845,447.5443266385002,102.88600066106072,40.60896993897664,12.945868628583838,50.91886544148181,10.215535575771074,4.712195320675352,0.0,0.0,0.0,0.0,0.0,model4,9.0,False,2148.0
716,2015-04-01T17:00:00Z,41.0,168.32377325784947,453.9468422274023,102.74020269703114,40.117706580772186,12.546746756822536,49.83111232110113,10.647210918346918,5.101366601199026,0.0,0.0,0.0,0.0,0.0,model4,9.0,False,2151.0
717,2015-04-01T20:00:00Z,41.0,170.29579995485614,450.5063104914323,103.37107821756523,40.06836350800671,15.877849433819888,50.57591168070772,10.846787395744338,5.25765841986802,0.0,0.0,0.0,0.0,0.0,model4,9.0,False,2154.0
718,2015-04-01T23:00:00Z,41.0,169.2443024465116,457.9962222937062,102.60842991025163,40.09260627351421,14.97784002883477,58.12067273904269,9.769421870798563,5.226115087212868,0.0,0.0,0.0,0.0,0.0,model4,9.0,False,2157.0
719,2015-04-02T02:00:00Z,41.0,170.02215581017634,457.9335435612396,103.9367130232058,40.411900855636674,14.633061287010994,51.70847280105199,9.714046839729338,4.8919652440699934,0.0,0.0,0.0,0.0,0.0,model4,9.0,False,2160.0
720,2015-04-02T05:00:00Z,41.0,170.07689865134913,458.0253250975943,103.54106283127165,40.437222647649506,14.306166211587556,59.097823797304876,9.922613717614409,4.414172773247915,0.0,0.0,0.0,0.0,0.0,model4,9.0,False,2163.0
721,2015-04-02T08:00:00Z,41.0,169.60637460476948,457.21880299471655,103.30868712090843,40.72680532732287,17.73903307650997,56.61569806807974,10.592503449830652,4.270182049863367,0.0,0.0,0.0,0.0,0.0,model4,9.0,False,2166.0
722,2015-04-02T11:00:00Z,41.0,169.92370169312184,456.77846597816216,101.29338115358948,39.93200287458286,17.992349989140493,61.19832706040472,9.793449289552788,3.7060854944830486,0.0,0.0,0.0,0.0,0.0,model4,9.0,False,2169.0
723,2015-04-02T14:00:00Z,41.0,170.4511076899229,451.1013795798538,100.60936300018172,40.23813583738143,17.948713069668432,59.3220608975453,9.537007078920604,3.9147756944408174,0.0,0.0,0.0,0.0,0.0,model4,9.0,False,2172.0
724,2015-04-02T17:00:00Z,41.0,171.11469001596353,450.47113926235033,100.87476672322134,41.037187435083254,18.813322859480948,59.45715669286521,8.822191276199398,4.054755814447268,0.0,0.0,0.0,0.0,0.0,model4,9.0,False,2175.0
725,2015-04-02T20:00:00Z,41.0,169.5574972769006,453.27526946090967,100.33288188877657,40.85760788426321,16.607540279263546,58.03984486270529,8.270900856200171,4.004955091755727,0.0,0.0,0.0,0.0,0.0,model4,9.0,False,2178.0
726,2015-04-02T23:00:00Z,41.0,166.7770283178472,447.54966158280297,100.86717053690384,40.82481621478818,16.914851034079227,50.98260024807275,8.05125396022599,4.463135872557837,0.0,0.0,0.0,0.0,0.0,model4,9.0,False,2181.0
727,2015-04-03T02:00:00Z,41.0,165.48790638655075,452.1530289201355,98.83057196385029,40.99008634626488,19.59237078058592,50.60350562740613,8.278710020375424,4.450406888317986,0.0,0.0,0.0,0.0,0.0,model4,9.0,False,2184.0
728,2015-04-03T05:00:00Z,41.0,168.34115483430583,450.2106676919892,98.62417050897331,41.167671002755405,20.53354194782689,40.30503977815165,9.677072562666597,5.0494945157484965,0.0,0.0,0.0,0.0,0.0,model4,9.0,False,2187.0
729,2015-04-03T08:00:00Z,41.0,170.1127524058829,452.81942317428,99.2738196222725,41.67454299650631,17.32651618500598,42.982131254570376,9.188091611585063,5.164796016541877,0.0,0.0,0.0,0.0,0.0,model4,9.0,False,2190.0
730,2015-04-03T11:00:00Z,41.0,168.6391497020282,447.9587788730674,100.51414009181404,42.006873672467094,16.944548682533895,38.20146372779009,10.072692321129015,5.055909129972012,0.0,0.0,1.0,0.0,0.0,model4,9.0,False,2193.0
731,2015-04-03T14:00:00Z,41.0,168.11729990368352,444.51171337060026,99.94404644950028,41.66038501119753,17.006359961572482,41.85276447025305,10.92847668009789,5.00413726441914,0.0,0.0,1.0,0.0,0.0,model4,9.0,False,2196.0
732,2015-04-03T17:00:00Z,41.0,166.29726198716963,439.0882014395031,101.00393864008936,41.29159572741962,16.79002310320944,41.79567298542769,10.90002280442879,4.467516494583784,0.0,0.0,1.0,0.0,0.0,model4,9.0,False,2199.0
733,2015-04-03T20:00:00Z,41.0,166.21184327649962,436.0007875955167,101.23849642650744,41.75646290125624,17.42922321538383,43.81963161436758,11.047990850969878,4.20967479727933,0.0,0.0,1.0,0.0,0.0,model4,9.0,False,2202.0
734,2015-04-03T23:00:00Z,41.0,169.34704923939287,430.7583539815002,99.02622534608507,41.89408757379199,17.803696101510702,40.88420892055839,10.967789753671873,3.7864647877540643,0.0,0.0,1.0,0.0,0.0,model4,9.0,False,2205.0
735,2015-04-04T02:00:00Z,41.0,168.99014410532467,433.80669642638816,99.96112961669328,41.77212309521453,14.46994810777414,45.91441715890194,10.437638296914164,3.9301348722190927,0.0,0.0,1.0,0.0,0.0,model4,9.0,False,2208.0
736,2015-04-04T05:00:00Z,41.0,167.77655804327696,443.4228300489461,100.07632751058516,41.01646643953846,13.117173901695526,49.39332556303054,9.919893188673411,3.836774764279405,0.0,0.0,1.0,0.0,0.0,model4,9.0,False,2211.0
737,2015-04-04T08:00:00Z,41.0,167.6494518606759,434.018156514649,100.15271961621457,40.30256098003999,13.1362514128828,51.77646624367701,9.639796130836773,3.642246043624558,0.0,0.0,1.0,0.0,0.0,model4,9.0,False,2214.0
738,2015-04-04T11:00:00Z,41.0,170.3287385606094,441.3967025279412,99.2776564023132,39.84266896593656,13.717546904458988,53.34729440221072,8.818658655724425,3.9429079648844287,0.0,0.0,0.0,0.0,0.0,model4,9.0,False,2217.0
739,2015-04-04T14:00:00Z,41.0,170.12402395909416,447.0675361512589,99.45485380849593,40.1030901216889,13.525910763406264,54.876441338698044,7.899699891321408,4.0071883477687935,0.0,0.0,0.0,0.0,0.0,model4,9.0,False,2220.0
740,2015-04-04T17:00:00Z,41.0,172.16108712721362,445.8434998547732,99.35909472494605,40.57314234449685,12.49862957563081,54.42220627504937,7.937134491350753,4.121994047581817,0.0,0.0,0.0,0.0,0.0,model4,9.0,False,2223.0
741,2015-04-04T20:00:00Z,41.0,172.1810163206021,452.9184402132856,99.65862874136957,40.576343844389896,11.98215945085014,56.37783535401263,7.901454114419407,4.415159186839495,0.0,0.0,0.0,0.0,0.0,model4,9.0,False,2226.0
742,2015-04-04T23:00:00Z,41.0,171.22321314381492,460.2218831679637,98.75506589411327,40.582136950314016,11.683663041233833,60.09077276528058,8.714775266552737,4.636778744417396,0.0,0.0,0.0,0.0,0.0,model4,9.0,False,2229.0
743,2015-04-05T02:00:00Z,41.0,171.98674206115868,447.20041117992133,98.36005240754196,41.31339442525569,11.266570720208705,67.09621475327073,10.051230472312632,5.211337891702159,0.0,0.0,0.0,0.0,0.0,model4,9.0,False,2232.0
744,2015-04-05T05:00:00Z,41.0,170.98551837722803,440.5587461942997,97.9653596741044,41.5881540230146,14.786180510114301,65.62745591843051,9.165786012188676,4.762300220488234,0.0,0.0,0.0,0.0,0.0,model4,9.0,False,2235.0
745,2015-04-05T08:00:00Z,41.0,170.48788295134233,457.8280994631739,97.67175761861937,41.7868645972784,14.832570895233333,69.60789401284309,9.509021101401618,4.560504957621618,0.0,0.0,0.0,0.0,0.0,model4,9.0,False,2238.0
746,2015-04-05T11:00:00Z,41.0,169.22495058900617,453.6082980586831,97.21032386676407,41.684350012264794,14.159165729218055,69.3693059141405,9.45345792975276,4.4666038838607935,0.0,0.0,0.0,0.0,0.0,model4,9.0,False,2241.0
747,2015-04-05T14:00:00Z,41.0,170.5011230548213,459.04958856081794,98.31990134793007,41.675004089603625,15.518803371749193,70.36027361746008,10.245465688495944,4.417038768448488,0.0,0.0,0.0,0.0,0.0,model4,9.0,False,2244.0
748,2015-04-05T17:00:00Z,41.0,169.83754361198768,460.0289308404081,97.07527819339926,41.928838112620724,15.550103803476036,70.41459180084664,10.219687403119883,4.301482623616992,0.0,0.0,0.0,0.0,0.0,model4,9.0,False,2247.0
749,2015-04-05T20:00:00Z,41.0,167.31260546125282,457.8246312915104,96.21311981721304,42.17247917162699,15.765215864237893,67.46573089628747,9.982530393218992,3.9820692762547214,0.0,0.0,0.0,0.0,0.0,model4,9.0,False,2250.0
750,2015-04-05T23:00:00Z,41.0,166.35672406415668,456.5080239015688,99.58152833777828,41.520027911855905,15.427973346214097,65.04266292622229,10.884893846452556,4.134818420016419,0.0,0.0,0.0,0.0,0.0,model4,9.0,False,2253.0
751,2015-04-06T02:00:00Z,41.0,166.81616444784953,468.7704774663025,100.8189303767898,40.76162965696307,17.06049142950073,54.154809296980865,10.163455574059897,3.415613221653764,0.0,0.0,0.0,0.0,0.0,model4,9.0,False,2256.0
752,2015-04-06T05:00:00Z,41.0,166.98356058079167,470.2480206246617,100.3515698793042,40.447264906971824,14.30131215165136,53.597863627693975,10.55884764215895,4.085116352447647,0.0,0.0,0.0,0.0,0.0,model4,9.0,False,2259.0
753,2015-04-06T08:00:00Z,41.0,169.19805092762257,460.7904777789819,100.1286955315436,40.1463285404766,15.258534942762028,48.774963584824675,10.233677907766404,4.1928703427026965,0.0,0.0,0.0,0.0,0.0,model4,9.0,False,2262.0
754,2015-04-06T11:00:00Z,41.0,171.18341767275913,459.1786043267658,100.29967487472521,39.718135245312695,15.731676256512234,54.29595766364053,10.963796646554515,4.819037234371777,0.0,0.0,0.0,0.0,0.0,model4,9.0,False,2265.0
755,2015-04-06T14:00:00Z,41.0,171.1129717993925,447.8318377845052,99.14033577471687,39.716797274796136,15.187793062342456,55.64361593231185,10.633953138455585,4.7460310617459935,0.0,0.0,0.0,0.0,0.0,model4,9.0,False,2268.0
756,2015-04-06T17:00:00Z,41.0,171.34914781492128,446.8367107044909,100.14652743616548,39.441298569490336,14.720800983772804,54.97722578968096,10.127757121324876,4.697654625754124,0.0,0.0,0.0,0.0,0.0,model4,9.0,False,2271.0
757,2015-04-06T20:00:00Z,41.0,173.0267876050336,451.38736942751837,100.28565748492173,38.43356605842017,14.275680679385696,59.572753430062896,9.676678945859347,4.796355799913685,0.0,0.0,0.0,0.0,0.0,model4,9.0,False,2274.0
758,2015-04-06T23:00:00Z,41.0,174.4274486234046,448.2315575459047,97.82460510108015,38.85458143654747,13.380481583351571,59.66316984841314,7.963577417912044,5.0249785853998965,0.0,0.0,0.0,0.0,0.0,model4,9.0,False,2277.0
759,2015-04-07T02:00:00Z,41.0,173.59447437734016,443.7742460785488,97.10642396919857,38.83935401195525,11.353418696572582,57.53875644781304,7.301425755546844,5.144633877160722,0.0,0.0,0.0,0.0,0.0,model4,9.0,False,2280.0
760,2015-04-07T05:00:00Z,41.0,174.14764852550232,440.91346172107717,97.60009390787529,38.769085515431826,11.768907247293331,58.695928974566144,7.401625185637902,4.610736204028827,0.0,0.0,0.0,0.0,0.0,model4,9.0,False,2283.0
761,2015-04-07T08:00:00Z,41.0,174.85653897474793,439.4483812938405,97.58745117789923,38.93645945209535,13.012350632956712,54.57840443017364,7.557543069851331,4.682796337378746,0.0,0.0,0.0,0.0,0.0,model4,9.0,False,2286.0
762,2015-04-07T11:00:00Z,41.0,171.5360831981099,443.9535126664605,98.60266107436628,39.714451768125656,14.020797026941409,49.40834919021168,7.800411817972598,4.580526884652413,0.0,0.0,0.0,0.0,0.0,model4,9.0,False,2289.0
763,2015-04-07T14:00:00Z,41.0,169.88217564415137,450.1001021724797,99.00434250192929,40.043350267773576,14.70091873657954,44.140540302414074,7.491239936335957,5.651727810732143,0.0,0.0,0.0,0.0,0.0,model4,9.0,False,2292.0
764,2015-04-07T17:00:00Z,41.0,168.16430722578517,449.5298183111734,98.53309163579594,40.29640079266952,15.818107188540028,50.135375487145396,8.055687752932366,5.762250152011554,0.0,0.0,0.0,0.0,0.0,model4,9.0,False,2295.0
765,2015-04-07T20:00:00Z,41.0,168.4717763955209,444.53827060500083,99.02950289957592,40.81311982433907,14.770919611917892,46.34638221763372,8.420664065518219,5.686543970647707,0.0,0.0,0.0,0.0,0.0,model4,9.0,False,2298.0
766,2015-04-07T23:00:00Z,41.0,165.4634524280411,440.7030741927074,98.26196038996586,39.82316994780751,16.57762320715355,44.00126798535534,9.529572278112584,6.068830009971155,0.0,0.0,0.0,0.0,0.0,model4,9.0,False,2301.0
767,2015-04-08T02:00:00Z,41.0,163.85653740536966,437.7058339666205,97.4857513584816,40.01979702785922,17.342525436679278,46.03326459574018,9.413623077902557,5.955663046684776,0.0,0.0,0.0,0.0,0.0,model4,9.0,False,2304.0
768,2015-04-08T05:00:00Z,41.0,164.8983542442115,438.1945328680073,98.88062545124356,40.52986171270182,17.90966339373335,42.00208268172879,9.786929568991198,5.905214774007027,0.0,0.0,0.0,0.0,0.0,model4,9.0,False,2307.0
769,2015-04-08T08:00:00Z,41.0,164.77354567040814,442.0937110700302,99.19662447116998,40.68813213610695,16.94957026474354,43.60459117169546,9.857500688214133,5.922930190661697,0.0,0.0,0.0,0.0,0.0,model4,9.0,False,2310.0
770,2015-04-08T11:00:00Z,41.0,166.25016708030032,437.67123254813345,97.86060004321862,40.580538307500994,17.253160771707382,46.19997548220108,9.582658263757878,5.521276013063164,0.0,0.0,0.0,0.0,0.0,model4,9.0,False,2313.0
771,2015-04-08T14:00:00Z,41.0,166.29217748548118,432.799998984402,98.98343119904318,40.14459910018327,16.347472182215785,43.1969338389729,10.380719578377237,4.486453702191152,0.0,0.0,0.0,0.0,0.0,model4,9.0,False,2316.0
772,2015-04-08T17:00:00Z,41.0,168.5476355678194,433.72529197756876,100.14898698814741,38.860438922945725,16.494174787520365,44.52966805956649,11.420855570068614,5.218402278443173,0.0,0.0,0.0,0.0,0.0,model4,9.0,False,2319.0
773,2015-04-08T20:00:00Z,41.0,169.37727886983012,432.0893146202135,98.958772645834,39.14319870687982,18.18627017231259,47.896388477412025,11.462073339145231,4.981444361370016,0.0,0.0,0.0,0.0,0.0,model4,9.0,False,2322.0
774,2015-04-08T23:00:00Z,41.0,171.5872458534264,437.8613972074588,100.13825290698436,40.50840441415114,16.20284764611765,49.81905575215358,10.548171229696996,4.550053088044447,0.0,0.0,0.0,0.0,0.0,model4,9.0,False,2325.0
775,2015-04-09T02:00:00Z,41.0,172.99685493676805,441.2588889388518,101.16856900019421,40.58833890811679,14.55038901376164,49.632961028357094,10.366915603641822,5.108214218370834,0.0,0.0,0.0,0.0,0.0,model4,9.0,False,2328.0
776,2015-04-09T05:00:00Z,41.0,171.06903214936918,449.3411590695214,99.42902716811787,40.48173389733657,14.429216728121554,53.00520771805968,10.426041174834037,5.310651422448116,0.0,0.0,0.0,0.0,0.0,model4,9.0,False,2331.0
777,2015-04-09T08:00:00Z,41.0,168.33345235395072,445.5710723981063,98.90337174651265,40.38500606543997,14.510248532144015,54.37185276294364,10.468580228393193,6.184856202603664,0.0,0.0,0.0,0.0,0.0,model4,9.0,False,2334.0
778,2015-04-09T11:00:00Z,41.0,167.3935941621081,448.23807578161217,99.51536184298936,39.95158403952468,15.233139658936595,61.09251796133727,9.682828247080106,6.709685942426907,0.0,0.0,0.0,0.0,0.0,model4,9.0,False,2337.0
779,2015-04-09T14:00:00Z,41.0,167.26890093530432,456.22809323256143,97.89823887481852,39.792243202471646,15.157088110656336,63.7208503822071,9.813893249015841,6.8404944496565125,0.0,0.0,0.0,0.0,0.0,model4,9.0,False,2340.0
780,2015-04-09T17:00:00Z,41.0,163.78152420246505,460.01602652593584,97.00335310262686,40.48973081567785,15.542642438030331,56.52132123955278,7.9969502398016115,5.988000350787723,0.0,0.0,0.0,0.0,0.0,model4,9.0,False,2343.0
781,2015-04-09T20:00:00Z,41.0,162.36259796796008,460.9259418499571,97.26261428808763,39.42897230157823,12.854728044483053,51.626679667815246,7.86042985585926,6.594736252079017,0.0,0.0,0.0,0.0,0.0,model4,9.0,False,2346.0
782,2015-04-09T23:00:00Z,41.0,163.08109371571467,455.5986445695297,98.29673533469642,39.03803027628985,13.182466936981163,52.55024799312974,7.93186116045796,6.738821886535852,0.0,0.0,0.0,0.0,0.0,model4,9.0,False,2349.0
783,2015-04-10T02:00:00Z,41.0,164.40241397917478,458.8075897857795,99.38675954857015,38.76282787878896,14.229884115115937,52.784869483977225,10.02990510297102,6.5245265192719675,0.0,0.0,0.0,0.0,0.0,model4,9.0,False,2352.0
784,2015-04-10T05:00:00Z,41.0,163.8455927332013,447.4561162481437,100.15506654153968,38.561940135195066,14.299764137137112,53.4853445457475,9.84204233327543,6.631375471990943,0.0,0.0,0.0,0.0,0.0,model4,9.0,False,2355.0
785,2015-04-10T08:00:00Z,41.0,164.95427032372726,447.2802462728801,101.44369857017557,38.98338773658225,13.637461181920347,53.59874797819533,10.080713066472798,5.970026142161756,0.0,0.0,0.0,0.0,0.0,model4,9.0,False,2358.0
786,2015-04-10T11:00:00Z,41.0,165.77175591102286,452.1900998042843,102.09117996540985,40.73044341234696,12.06292619293687,45.08861307852625,10.265765801550607,6.406869073540112,0.0,0.0,0.0,0.0,0.0,model4,9.0,False,2361.0
787,2015-04-10T14:00:00Z,41.0,164.89978909461036,445.9617192551863,101.73291780176753,40.15226606713611,12.806665296229598,42.173476998938696,9.641960074802752,6.502338335883559,0.0,0.0,0.0,0.0,0.0,model4,9.0,False,2364.0
788,2015-04-10T17:00:00Z,41.0,167.02579163510032,450.15381739898146,102.35232951899954,40.77302017997178,10.421222982541881,44.138431674320145,9.587476403826873,6.8294035830569255,0.0,0.0,0.0,0.0,0.0,model4,9.0,False,2367.0
789,2015-04-10T20:00:00Z,41.0,166.91512605265575,451.30440322825376,102.46787296588622,40.97279397924376,11.986978946061251,49.01854911607588,9.843236896259313,6.67059138661362,0.0,0.0,0.0,0.0,0.0,model4,9.0,False,2370.0
790,2015-04-10T23:00:00Z,41.0,165.668306900462,453.8026926483913,101.15911199382884,40.054724779351695,12.917567630920795,51.827304696683036,10.441232628637206,6.737893809364087,0.0,0.0,0.0,0.0,0.0,model4,9.0,False,2373.0
791,2015-04-11T02:00:00Z,41.0,163.82355300582626,448.8799344590971,99.0162518955623,39.73733057419841,12.463800871086182,49.64524041746233,8.617387047356203,6.537960900801012,0.0,0.0,0.0,0.0,0.0,model4,9.0,False,2376.0
792,2015-04-11T05:00:00Z,41.0,163.01572777416288,452.4106800932973,98.11480967333642,39.39826384016998,13.172356532928292,53.788384294051454,8.7284234442292,6.33401889606971,0.0,0.0,0.0,0.0,0.0,model4,9.0,False,2379.0
793,2015-04-11T08:00:00Z,41.0,163.0751293184296,461.2943699318534,97.0106644957123,38.90636066435642,13.334647766651257,57.6146899734994,7.869472738641452,6.279224328271254,0.0,0.0,0.0,0.0,0.0,model4,9.0,False,2382.0
794,2015-04-11T11:00:00Z,41.0,164.2784422900236,459.14467555934164,96.74882474411874,37.95380062449531,15.013553235874207,59.95632425750343,7.4246973891333425,5.008616492767461,0.0,0.0,0.0,0.0,0.0,model4,9.0,False,2385.0
795,2015-04-11T14:00:00Z,41.0,168.71850772541455,460.9524760008144,97.1890537883024,38.186104591489695,17.553647736770053,59.068421396620465,7.297471185279515,4.810376877101474,0.0,0.0,0.0,0.0,0.0,model4,9.0,False,2388.0
796,2015-04-11T17:00:00Z,41.0,169.13065964029832,455.5223375514918,96.86828645654812,37.946535550221896,17.475021887625857,58.89896797764145,6.6150711354355165,4.485469127177161,0.0,0.0,0.0,0.0,0.0,model4,9.0,False,2391.0
797,2015-04-11T20:00:00Z,41.0,170.08887234472755,463.2482995975698,98.91228226834663,38.946887586454814,16.42280416902725,61.026539522259256,8.110989467036951,4.1404843985448965,0.0,0.0,0.0,0.0,0.0,model4,9.0,False,2394.0
798,2015-04-11T23:00:00Z,41.0,172.1985703125039,460.98365832221657,99.07773333958271,39.953330033539366,15.458121048214213,59.04181993783371,8.112378967424062,4.0373247271464,0.0,0.0,0.0,0.0,0.0,model4,9.0,False,2397.0
799,2015-04-12T02:00:00Z,41.0,173.92027396442055,463.8567721440725,99.63258566622984,39.774381351417496,15.03272026779099,58.22632154500678,8.438474922010599,4.408496193610406,0.0,0.0,0.0,0.0,0.0,model4,9.0,False,2400.0
800,2015-04-12T05:00:00Z,41.0,175.87732378966453,466.3941077277354,98.90270359955669,40.35605770876313,13.286461541095187,50.862531525076506,9.125728603354263,4.41287871855957,0.0,0.0,0.0,0.0,0.0,model4,9.0,False,2403.0
801,2015-04-12T08:00:00Z,41.0,174.25661370823283,461.26335015639296,99.25830160965893,40.96668850527778,14.308681681118234,48.37831926894525,9.721238103653816,4.529996097231892,0.0,0.0,0.0,0.0,0.0,model4,9.0,False,2406.0
802,2015-04-12T11:00:00Z,41.0,172.91676342236408,459.5212267445346,99.29133325180977,40.933037081025184,13.64053413856459,45.89404892181576,9.825855431894988,4.717255664569937,0.0,0.0,0.0,0.0,0.0,model4,9.0,False,2409.0
803,2015-04-12T14:00:00Z,41.0,169.5776579561828,460.325367901968,99.50945027071535,40.78235314103439,11.213472610702677,45.49404445467837,9.808411748684113,5.0240431670214605,0.0,0.0,0.0,0.0,0.0,model4,9.0,False,2412.0
804,2015-04-12T17:00:00Z,41.0,170.83185672340912,457.4789841130803,99.92015413643624,40.81703899739396,12.649477804761071,52.68910859649653,9.812083778389754,4.7292820028339975,0.0,0.0,0.0,0.0,0.0,model4,9.0,False,2415.0
805,2015-04-12T20:00:00Z,41.0,171.98451379273732,454.12273909184006,97.97628520232125,40.76417540306432,13.512105546610627,51.29078365285085,8.453258135313742,4.9634514709736735,0.0,0.0,0.0,0.0,0.0,model4,9.0,False,2418.0
806,2015-04-12T23:00:00Z,41.0,170.42240574985937,455.409918224415,98.06662458381454,40.42208465367475,13.112295153174546,49.93079732716127,7.983828170743807,4.806289285988576,0.0,0.0,0.0,0.0,0.0,model4,9.0,False,2421.0
807,2015-04-13T02:00:00Z,41.0,170.09742056678868,455.3215438258741,97.78864016752894,41.19241235278757,12.857271549221645,52.02605305392231,7.370341237607581,4.863669095692191,0.0,0.0,0.0,0.0,0.0,model4,9.0,False,2424.0
808,2015-04-13T05:00:00Z,41.0,170.4354548284737,451.5872550876818,100.5005660869792,41.16965100749857,12.280370004423554,53.96696293753496,6.6387920276802745,5.783751205165744,0.0,0.0,0.0,0.0,0.0,model4,9.0,False,2427.0
809,2015-04-13T08:00:00Z,41.0,171.23957744155769,452.8948889915657,100.94091650279283,40.743239739857,14.497409331155787,51.127496455076475,6.228344187619951,5.5294198804716,0.0,0.0,0.0,0.0,0.0,model4,9.0,False,2430.0
810,2015-04-13T11:00:00Z,41.0,171.01195136646353,452.11553224502546,99.6682922704146,40.2308658766946,16.520454032467438,49.41748508213395,6.324543254120076,5.4436145020049596,0.0,0.0,0.0,0.0,0.0,model4,9.0,False,2433.0
811,2015-04-13T14:00:00Z,41.0,170.22855916314822,446.37618611433686,100.34780207632014,40.00744670295736,17.31380241701607,54.73696552303057,6.492412239790608,5.466431232180991,0.0,0.0,0.0,0.0,0.0,model4,9.0,False,2436.0
812,2015-04-13T17:00:00Z,41.0,170.83864563857625,453.9117356441987,99.55776312258837,39.969004218283814,17.42420067575913,49.27522471874486,7.043217462218985,5.538103811861894,0.0,0.0,0.0,0.0,0.0,model4,9.0,False,2439.0
813,2015-04-13T20:00:00Z,41.0,169.535430411253,449.5927311267295,98.90893763276141,40.396351667179076,17.19068945339907,42.08529512644906,7.8085795610551525,5.651060261955997,0.0,0.0,0.0,0.0,0.0,model4,9.0,False,2442.0
814,2015-04-13T23:00:00Z,41.0,168.8866688049596,444.0475077891168,98.61200345009917,40.953399534376025,17.444771269279393,46.448072803849385,8.70367844826172,6.026890508662588,0.0,0.0,0.0,0.0,0.0,model4,9.0,False,2445.0
815,2015-04-14T02:00:00Z,41.0,168.17611380151232,443.9742462403193,99.40450485527741,40.735009527549906,17.028066779347547,51.5008783025449,9.72642338166573,5.560121038153769,0.0,0.0,0.0,0.0,0.0,model4,9.0,False,2448.0
816,2015-04-14T05:00:00Z,41.0,168.73268238422668,441.16482481978966,98.54412570839571,41.047644379376244,17.510158750911017,55.759866653861216,9.250095744399772,4.733693968067592,0.0,0.0,0.0,0.0,0.0,model4,9.0,False,2451.0
817,2015-04-14T08:00:00Z,41.0,169.05085349449845,438.1718567064903,96.91486542284395,40.89018843608765,15.519054524435079,58.42547039733829,9.429651462619557,4.711626958866719,0.0,0.0,0.0,0.0,0.0,model4,9.0,False,2454.0
818,2015-04-14T11:00:00Z,41.0,167.9021666428536,437.8079666518245,99.27917447618569,41.512274442105216,13.967011554626994,61.55288923001917,11.538501360759922,4.524210844934956,0.0,0.0,0.0,0.0,0.0,model4,9.0,False,2457.0
819,2015-04-14T14:00:00Z,41.0,170.54164768629857,440.44068288285547,99.76457621145323,42.24348348729506,13.295458927922384,56.587985192498245,12.114114421895135,3.739219666433355,0.0,0.0,0.0,0.0,0.0,model4,9.0,False,2460.0
820,2015-04-14T17:00:00Z,41.0,169.50919062565427,441.3664281125822,100.60890111770864,42.324430201696366,11.927724704636292,58.210480447002496,13.72773470335337,3.963644014479388,0.0,0.0,0.0,0.0,0.0,model4,9.0,False,2463.0
821,2015-04-14T20:00:00Z,41.0,167.63632728839676,437.1951369564603,100.75817908003988,41.741607019354326,11.908708569603474,58.737575124198635,13.454645121436515,3.8371176913048246,0.0,0.0,0.0,0.0,0.0,model4,9.0,False,2466.0
822,2015-04-14T23:00:00Z,41.0,168.10335491717174,441.53540944217406,102.5709230481391,41.04032339589994,11.642992837026565,57.3844887399817,13.020901056488734,4.357144067587096,0.0,0.0,0.0,0.0,0.0,model4,9.0,False,2469.0
823,2015-04-15T02:00:00Z,41.0,169.19785500537074,437.63089079835515,103.08305866573288,41.33103171953364,13.037413956503944,51.654119967091205,12.5704041002093,4.928796159544456,0.0,0.0,0.0,0.0,0.0,model4,9.0,False,2472.0
824,2015-04-15T05:00:00Z,41.0,169.056456112454,444.417010466016,103.31742435563152,40.592121542355315,12.290432764377071,46.03468736065837,12.544988413882006,4.924622981263839,0.0,0.0,0.0,0.0,0.0,model4,9.0,False,2475.0
825,2015-04-15T08:00:00Z,41.0,169.66298800496568,444.04954851965516,105.46665173467449,40.4021855870121,12.173474490834938,39.25735860756893,11.275251040472247,5.251110549445082,0.0,0.0,0.0,0.0,0.0,model4,9.0,False,2478.0
826,2015-04-15T11:00:00Z,41.0,172.0383788191401,443.39978034349787,103.76403926450988,40.415894932812904,10.994272888284733,32.942233734507276,10.239808812713123,5.2806916184771335,0.0,0.0,0.0,0.0,0.0,model4,9.0,False,2481.0
827,2015-04-15T14:00:00Z,41.0,173.2084883530244,441.70344196549127,102.41828877736522,40.109969841505425,11.943173397704244,33.32747438761006,11.768893799008696,5.389736897105715,0.0,0.0,0.0,0.0,0.0,model4,9.0,False,2484.0
828,2015-04-15T17:00:00Z,41.0,171.23970358447212,434.4107924173584,102.32973108226524,39.347331980566295,12.850228882133733,28.62421963761309,10.114493184037801,5.355240852210359,0.0,0.0,0.0,0.0,0.0,model4,9.0,False,2487.0
829,2015-04-15T20:00:00Z,41.0,174.04966608988846,432.9057210133905,102.59671956066505,39.327345118201634,12.423318947370172,32.62685792275235,9.914225121758244,5.511301196255622,0.0,0.0,0.0,0.0,0.0,model4,9.0,False,2490.0
830,2015-04-15T23:00:00Z,41.0,173.58829300315531,443.3361706356269,101.7133517235643,39.4839567231406,12.844633611202852,41.9962772981767,10.047737328789854,4.776446838131953,0.0,0.0,0.0,0.0,0.0,model4,9.0,False,2493.0
831,2015-04-16T02:00:00Z,41.0,172.62762329103387,442.58580848132544,101.071105823464,38.85996183019999,12.031101728342552,42.22019158738322,9.977191562972452,4.601854982157301,0.0,0.0,0.0,0.0,0.0,model4,9.0,False,2496.0
832,2015-04-16T05:00:00Z,41.0,171.0474297840471,439.1211057278437,99.79586947889156,38.68987390657031,13.73407406692324,41.95598379973409,10.478523996983373,4.559258948440613,0.0,0.0,0.0,0.0,0.0,model4,9.0,False,2499.0
833,2015-04-16T08:00:00Z,41.0,170.22237781213508,439.20820358452363,98.68817480790644,38.872694216067735,13.48650427645288,42.15668258174093,9.874933629467106,4.436492776147519,0.0,0.0,0.0,0.0,0.0,model4,9.0,False,2502.0
834,2015-04-16T11:00:00Z,41.0,169.82813014368298,441.12630171638915,98.10070220114412,39.01662831605623,14.162602364004755,48.967670882633584,9.962836095391411,4.887278512367427,0.0,0.0,0.0,0.0,0.0,model4,9.0,False,2505.0
835,2015-04-16T14:00:00Z,41.0,166.66585554800068,446.99692412631714,97.44857139096564,39.124337569756364,12.223411911597257,51.71778678869057,8.564614977584569,4.894641681943481,1.0,0.0,0.0,0.0,0.0,model4,9.0,False,2508.0
836,2015-04-16T17:00:00Z,41.0,168.97169742551833,447.6912278746129,98.01070191058466,39.90268760452585,13.788608519308456,51.0084440901389,9.005296425438475,4.746678456676112,1.0,1.0,0.0,0.0,0.0,model4,9.0,False,2511.0
837,2015-04-16T20:00:00Z,41.0,167.52320594516328,452.11023921190076,98.96432858335484,39.84897604349808,12.796948933744133,45.720286976739686,9.296935973242736,4.431962579600809,1.0,1.0,0.0,0.0,0.0,model4,9.0,False,2514.0
838,2015-04-16T23:00:00Z,41.0,168.94499526215225,446.984997246496,98.28056334005043,39.78518684011977,13.922463946639786,41.454877250304094,8.827966165161365,4.713306297406961,1.0,1.0,0.0,0.0,0.0,model4,9.0,False,2517.0
839,2015-04-17T02:00:00Z,41.0,170.84893572833886,452.81749607213936,98.63950580297634,40.592040583106154,15.237705878545228,43.41523190787834,9.962710014497988,4.380360174189837,1.0,1.0,0.0,0.0,0.0,model4,9.0,False,2520.0
840,2015-04-17T05:00:00Z,41.0,171.4871501119501,454.5740538820516,100.21291794801719,41.32837098268091,13.882359136931735,43.96129439148427,9.747337576543043,4.0256285228162,1.0,1.0,0.0,0.0,0.0,model4,9.0,False,2523.0
841,2015-04-17T08:00:00Z,41.0,172.02433612927587,459.7125093505716,100.85036725300768,41.52478296472428,15.396773804288928,44.97549931009257,9.760952104375157,3.806120230151535,1.0,1.0,0.0,0.0,0.0,model4,9.0,False,2526.0
842,2015-04-17T11:00:00Z,41.0,171.5898616595246,452.2222696348813,100.92175572261856,40.89464786422989,15.522969268460765,42.88278963475192,10.304747037323072,3.6347077138426345,1.0,1.0,0.0,0.0,0.0,model4,9.0,False,2529.0
843,2015-04-17T14:00:00Z,41.0,172.0596916577009,455.2165454794362,101.27613125240582,41.103255605507606,15.806505326673708,42.722715355606226,10.229228813339608,4.403283360348177,0.0,1.0,0.0,0.0,0.0,model4,9.0,False,2532.0
844,2015-04-17T17:00:00Z,41.0,170.31797115360663,459.25632848514425,100.330669312752,41.239316385561686,14.52782810108468,43.956341168153926,9.345253774232301,4.487755177331771,0.0,0.0,0.0,0.0,0.0,model4,9.0,False,2535.0
845,2015-04-17T20:00:00Z,41.0,171.6213103373833,458.638577041157,99.24731148503281,40.818542850826894,15.290643021246009,45.22967620040145,10.069436159662018,4.7388175050932135,0.0,0.0,0.0,0.0,0.0,model4,9.0,False,2538.0
846,2015-04-17T23:00:00Z,41.0,171.66988732127862,452.2672834837722,98.24204413552569,41.158868137098715,17.053229206877827,44.03839285019343,10.874039834664762,4.611406460683835,0.0,0.0,0.0,0.0,0.0,model4,9.0,False,2541.0
847,2015-04-18T02:00:00Z,41.0,169.39767476865214,445.2844143335955,97.17074145520502,40.084192670901906,16.696024334018723,42.38856942422872,10.612326079099287,4.704876422216005,0.0,0.0,0.0,0.0,0.0,model4,9.0,False,2544.0
848,2015-04-18T05:00:00Z,41.0,171.02649093484953,446.7642482158333,96.77315967291884,39.59235326405322,19.162880725460948,47.268774478496255,10.360676922552903,4.694046751512642,0.0,0.0,0.0,0.0,0.0,model4,9.0,False,2547.0
849,2015-04-18T08:00:00Z,41.0,170.0256326097483,436.74054078693877,96.32267713102553,40.280646187535226,18.02261918598835,49.81725729195675,10.328629241937412,5.2973686785736405,0.0,0.0,0.0,0.0,0.0,model4,9.0,False,2550.0
850,2015-04-18T11:00:00Z,41.0,172.188239502326,447.3670385527877,96.74322520227051,40.36009757873096,17.89335040677443,51.07098660172838,9.732020576454653,5.697618121311389,0.0,0.0,0.0,0.0,0.0,model4,9.0,False,2553.0
851,2015-04-18T14:00:00Z,41.0,172.04730658491508,436.0585266815266,98.85359512662407,40.571727063886726,18.406999262967748,50.534838688978006,11.19963106924001,5.388988523848356,0.0,0.0,0.0,0.0,0.0,model4,9.0,False,2556.0
852,2015-04-18T17:00:00Z,41.0,171.9313847841407,438.7669699360658,99.4508464596355,40.580223148024224,18.382524438986298,50.209137638317564,11.384859826597385,5.523336515449784,0.0,0.0,0.0,0.0,0.0,model4,9.0,False,2559.0
853,2015-04-18T20:00:00Z,41.0,171.37046508896367,436.43128930312537,100.1442303482157,41.53477428160361,18.557282930187746,50.18497761303816,11.446993057168903,5.534338715114568,0.0,0.0,0.0,0.0,0.0,model4,9.0,False,2562.0
854,2015-04-18T23:00:00Z,41.0,169.34384626573012,445.520456457936,100.70833690127985,40.94157407940649,17.89408863018523,56.40241907078211,11.082671933735456,5.544117305171118,0.0,0.0,0.0,0.0,0.0,model4,9.0,False,2565.0
855,2015-04-19T02:00:00Z,41.0,169.3651042262378,448.781049023078,101.44470986132325,42.20338254922365,17.333014774175428,55.10512307648508,10.43376112312658,5.54030411331089,0.0,0.0,0.0,0.0,0.0,model4,9.0,False,2568.0
856,2015-04-19T05:00:00Z,41.0,168.53085977874434,455.0068198746878,102.68380046576937,41.85857616105485,14.681120547784932,57.36436029544257,11.135712174670324,5.799200983194683,0.0,0.0,0.0,0.0,0.0,model4,9.0,False,2571.0
857,2015-04-19T08:00:00Z,41.0,171.42048343408,458.5832888253483,101.35913863659658,40.86907901598085,16.092230006890915,53.2185591057435,12.43571880896654,5.509970218981185,0.0,0.0,0.0,0.0,0.0,model4,9.0,False,2574.0
858,2015-04-19T11:00:00Z,41.0,169.90148187906618,452.5443599839634,102.54582803331832,40.95890646975534,15.101309920103905,53.2635011663929,12.763843674249964,5.281302130340327,0.0,0.0,0.0,0.0,0.0,model4,9.0,False,2577.0
859,2015-04-19T14:00:00Z,41.0,170.86231913594762,452.03578921694486,101.63545454029804,40.591461258800415,13.794014356252678,61.4705568274246,13.514945383929625,4.995532276031239,0.0,0.0,0.0,0.0,0.0,model4,9.0,False,2580.0
860,2015-04-19T17:00:00Z,41.0,172.7981168781887,441.0696269021514,101.06349434472412,40.154535843869226,14.141757586243362,64.93633587103969,13.376062183461725,5.021076778876919,0.0,0.0,0.0,0.0,0.0,model4,9.0,False,2583.0
861,2015-04-19T20:00:00Z,41.0,172.18598924004712,443.4338172736668,101.87689034745428,39.844301086889615,13.553312698789195,64.99470690432622,12.677947633693748,4.754874434163462,0.0,0.0,0.0,0.0,0.0,model4,9.0,False,2586.0
862,2015-04-19T23:00:00Z,41.0,173.383454291425,431.4013596440371,102.79997417424791,40.35605181785049,12.182046083033589,63.73831648080564,11.90977079978943,4.673091076724433,0.0,0.0,0.0,0.0,0.0,model4,9.0,False,2589.0
863,2015-04-20T02:00:00Z,41.0,174.00531561417432,437.30630333661003,102.90639609701456,40.070300236267684,11.929854847594779,65.42631588149946,11.310225497154207,4.081593167634685,0.0,0.0,0.0,0.0,0.0,model4,9.0,False,2592.0
864,2015-04-20T05:00:00Z,41.0,174.00102671791905,434.0308650384345,100.73113265979326,39.97349949766723,12.65468158686548,62.70914000659339,10.613806383810957,4.395166495492217,0.0,0.0,0.0,0.0,0.0,model4,9.0,False,2595.0
865,2015-04-20T08:00:00Z,41.0,171.45001987231288,442.69833642810363,102.71858636320269,40.490857076230604,11.87590346112811,65.45720619654794,9.40469054164853,4.595896444692368,0.0,0.0,0.0,0.0,0.0,model4,9.0,False,2598.0
866,2015-04-20T11:00:00Z,41.0,169.35330271703984,447.6444515396013,102.59270127316292,40.54538761116567,12.927821261737005,66.38467608579496,9.341407757374476,4.3454668341557925,0.0,0.0,0.0,0.0,0.0,model4,9.0,False,2601.0
867,2015-04-20T14:00:00Z,41.0,169.59646975829324,452.5196162460288,102.15305838689478,40.17299305971525,13.159546847867215,56.78927774664381,6.631383845984043,5.19883725504105,0.0,0.0,0.0,0.0,0.0,model4,9.0,False,2604.0
868,2015-04-20T17:00:00Z,41.0,167.97158519884604,461.9028132925041,102.23060996258451,40.14992979289328,12.69280774920562,53.199454510545756,7.092062835483168,4.827950623594293,0.0,0.0,0.0,0.0,0.0,model4,9.0,False,2607.0
869,2015-04-20T20:00:00Z,41.0,167.04816380623322,463.59356645676513,101.27409097302663,39.977992408479686,12.625438996415815,57.59383660099569,7.798984964068444,4.7254246324223885,0.0,0.0,0.0,0.0,0.0,model4,9.0,False,2610.0
870,2015-04-20T23:00:00Z,41.0,166.99467734689168,469.8438923554023,100.08806381911077,39.833737185362786,12.348476080918855,49.76058390683325,8.992975088711926,5.534348773668153,0.0,0.0,0.0,0.0,0.0,model4,9.0,False,2613.0
871,2015-04-21T02:00:00Z,41.0,166.18690416916343,459.81872482436097,100.14568651709926,39.42802487121222,12.848822754188983,54.87597746461518,9.159952671607561,5.58233309651247,0.0,0.0,0.0,0.0,0.0,model4,9.0,False,2616.0
872,2015-04-21T05:00:00Z,41.0,166.86337121497,448.12519809700837,99.93128162321385,40.7555722423351,12.60316067879647,55.43058632526598,9.611008736806848,5.5180075686136165,0.0,0.0,0.0,0.0,0.0,model4,9.0,False,2619.0
873,2015-04-21T08:00:00Z,41.0,166.86367928759643,449.626476476798,98.27699257639972,39.856861108576666,12.310394160898678,60.95089658380974,9.875101938440473,5.750912555601528,0.0,0.0,0.0,0.0,0.0,model4,9.0,False,2622.0
874,2015-04-21T11:00:00Z,41.0,167.93618191370803,448.2429823523102,98.49274683774824,40.0262736536793,14.017482489780752,61.94065990926466,10.164466769271026,5.661200467197631,0.0,0.0,0.0,0.0,0.0,model4,9.0,False,2625.0
875,2015-04-21T14:00:00Z,41.0,169.28859907641305,446.4146298833169,98.57337105613323,41.15817380661096,15.166613648458743,61.20933228131234,11.162277883413921,5.631144065497152,0.0,0.0,0.0,0.0,0.0,model4,9.0,False,2628.0
876,2015-04-21T17:00:00Z,41.0,169.75260797482858,443.6000421432376,97.9387765189854,40.984089583950684,16.21510353022974,57.83775365481599,10.866606960761654,6.121518870823044,0.0,0.0,0.0,0.0,0.0,model4,9.0,False,2631.0
877,2015-04-21T20:00:00Z,41.0,170.37265110611045,440.8728352000892,98.48653038154544,41.3055668328816,15.732175665306954,53.43385367098673,10.561495585377788,6.175938060261197,0.0,0.0,0.0,0.0,0.0,model4,9.0,False,2634.0
878,2015-04-21T23:00:00Z,41.0,171.50580503638133,441.22081939531233,101.14279719641137,41.03836403117009,14.922280478813414,53.825291222958356,10.705487677872537,5.5966285613449696,0.0,0.0,0.0,0.0,0.0,model4,9.0,False,2637.0
879,2015-04-22T02:00:00Z,41.0,172.02643270080085,447.92687590159517,100.25418671991068,40.95474226157699,13.984508917618342,51.21438179006905,10.855571228753252,5.5461897705828305,0.0,0.0,0.0,0.0,0.0,model4,9.0,False,2640.0
880,2015-04-22T05:00:00Z,41.0,170.13172924068954,459.2515334146427,100.84303143895616,39.735034841892144,14.506411792052289,47.11735897762392,10.399042269307065,5.4764084580186685,0.0,0.0,0.0,0.0,0.0,model4,9.0,False,2643.0
881,2015-04-22T08:00:00Z,41.0,171.66643293708583,454.9705116030751,101.58982747831732,39.58102610449362,14.712666243476331,42.15905162826085,10.10186727730209,5.489907389223009,0.0,0.0,0.0,0.0,0.0,model4,9.0,False,2646.0
882,2015-04-22T11:00:00Z,41.0,171.5917963699157,452.99895272194664,100.22306549100908,39.56846343777401,12.538430828260775,38.814907001285206,9.423218191632325,5.8171984428142585,0.0,0.0,0.0,0.0,0.0,model4,9.0,False,2649.0
883,2015-04-22T14:00:00Z,41.0,169.92646678113664,451.5199027006902,100.85366290157135,38.895476932046186,11.866858045510027,39.57666027262761,8.441014561792095,4.909495106284831,0.0,0.0,0.0,0.0,0.0,model4,9.0,False,2652.0
884,2015-04-22T17:00:00Z,41.0,169.05729585236037,443.5121677658754,101.27888106718927,39.60075307497277,10.060612868465524,44.836981407632464,8.667209430457968,4.857507858746163,0.0,0.0,0.0,0.0,0.0,model4,9.0,False,2655.0
885,2015-04-22T20:00:00Z,41.0,170.15012404161422,447.4547473791207,100.78245291651709,39.4410289790532,10.721159344589305,44.11304753420272,8.585547061608862,4.906706718721708,0.0,0.0,0.0,0.0,0.0,model4,9.0,False,2658.0
886,2015-04-22T23:00:00Z,41.0,168.10146998259722,449.6224890880889,100.56032852750498,39.52247149581643,11.490928817218421,48.31318034659685,7.95424876734877,4.81769509642473,0.0,0.0,0.0,0.0,0.0,model4,9.0,False,2661.0
887,2015-04-23T02:00:00Z,41.0,168.60759049100864,448.87719311338316,101.43265112699171,39.54424047011923,12.413071965937093,51.59674909325487,7.561881800660816,4.645612647617604,0.0,0.0,0.0,0.0,0.0,model4,9.0,False,2664.0
888,2015-04-23T05:00:00Z,41.0,168.42929961519428,443.6506887612818,101.73918289650295,40.44988515130512,13.62577339003422,55.3268657489157,7.771897768287465,4.51161525172575,0.0,0.0,0.0,0.0,0.0,model4,9.0,False,2667.0
889,2015-04-23T08:00:00Z,41.0,165.81825274283312,428.92427911641363,101.95632332358231,41.28506401590355,13.214421039049208,57.462985506093176,7.7870823406885625,4.442553339921405,0.0,0.0,0.0,0.0,0.0,model4,9.0,False,2670.0
890,2015-04-23T11:00:00Z,41.0,165.25489567103287,415.1587407797289,102.04585033006201,41.308392223923285,14.970453141832122,63.22656805597044,8.665636673686356,4.349350936331986,0.0,0.0,0.0,0.0,0.0,model4,9.0,False,2673.0
891,2015-04-23T14:00:00Z,41.0,164.5547458598,415.4736198454423,102.01035350840759,41.26025875093479,14.19797918054041,64.69357758342949,8.352654857597015,4.351016928081196,0.0,0.0,0.0,0.0,0.0,model4,9.0,False,2676.0
892,2015-04-23T17:00:00Z,41.0,165.16285662083558,409.17330573332845,101.68128281954357,40.3531631261814,14.544065312310948,69.62337452469744,8.866117947877902,4.461107735000546,0.0,0.0,0.0,0.0,0.0,model4,9.0,False,2679.0
893,2015-04-23T20:00:00Z,41.0,164.2001652063031,394.5044794658876,102.50837719457238,39.68811558529934,14.310165230938509,67.45915377767247,8.910461763736025,4.475394949662343,0.0,0.0,0.0,0.0,0.0,model4,9.0,False,2682.0
894,2015-04-23T23:00:00Z,41.0,166.19385057664846,387.40754722775284,102.36913156891472,39.7684496427051,15.130066749219296,57.944264171025885,9.096336158625,5.29898198471474,0.0,0.0,0.0,0.0,0.0,model4,9.0,False,2685.0
895,2015-04-24T02:00:00Z,41.0,165.71629433353962,377.9907905956708,103.13950924668544,40.07951421936296,15.660568713222064,50.81373839240944,10.700404103047461,5.901593168807371,0.0,0.0,0.0,0.0,0.0,model4,9.0,False,2688.0
896,2015-04-24T05:00:00Z,41.0,166.287334260513,361.2326452094911,102.84147204115351,39.304021244293686,14.304586365376215,45.82899359483752,11.012604951764855,5.784254122724508,0.0,0.0,0.0,0.0,0.0,model4,9.0,False,2691.0
897,2015-04-24T08:00:00Z,41.0,167.3453808800925,360.7521920370477,102.451301375769,38.587186908289965,13.927106167111411,47.3427973854086,10.754712982425726,5.411283528867768,0.0,0.0,0.0,0.0,0.0,model4,9.0,False,2694.0
898,2015-04-24T11:00:00Z,41.0,167.7537535880368,355.8628144362979,102.27470749422855,38.56786777418157,13.064807612521957,50.32159608720004,10.111236043789956,5.125826340125943,0.0,0.0,0.0,0.0,0.0,model4,9.0,False,2697.0
899,2015-04-24T14:00:00Z,41.0,166.93636169702958,352.02711638596526,100.36867261787144,38.371708172658906,13.520251671967404,44.60293305283555,11.355921053505366,5.053045967051117,0.0,0.0,0.0,0.0,0.0,model4,9.0,False,2700.0
900,2015-04-24T17:00:00Z,41.0,169.42717787328266,355.53093154644586,100.34169143361521,39.6805579798866,15.577156827881591,44.25615279756839,11.022110264267416,5.933426131735227,0.0,0.0,0.0,0.0,0.0,model4,9.0,False,2703.0
901,2015-04-24T20:00:00Z,41.0,170.21054894579495,355.86127821504755,98.74815249065139,39.880399338022336,15.446716404841574,44.24203253672389,11.427482918903479,5.820201708427986,0.0,0.0,0.0,0.0,0.0,model4,9.0,False,2706.0
902,2015-04-24T23:00:00Z,41.0,169.30040583724158,353.5060965116783,96.72033016882946,39.92706620537389,14.799419834546162,42.015956026543506,10.820095211944924,5.079335651411162,0.0,0.0,0.0,0.0,0.0,model4,9.0,False,2709.0
903,2015-04-25T02:00:00Z,41.0,170.39783730001372,352.16767135549685,95.23100512656934,39.16188423922525,13.823993883021979,41.4495880040765,8.457771661547849,4.6498987341067775,0.0,0.0,0.0,0.0,0.0,model4,9.0,False,2712.0
904,2015-04-25T05:00:00Z,41.0,172.61306774761002,367.7652843450181,95.71137863422855,39.71649568435839,14.728418349734053,49.674638918034134,8.808081557531773,5.0205533302384735,0.0,0.0,0.0,0.0,0.0,model4,9.0,False,2715.0
905,2015-04-25T08:00:00Z,41.0,173.46859692791267,379.19156746088237,95.35238193985364,39.87572884888617,15.099134392077735,57.516110352012774,8.812157283945826,5.0810464075764985,0.0,0.0,0.0,0.0,0.0,model4,9.0,False,2718.0
906,2015-04-25T11:00:00Z,41.0,172.92721090397995,394.70261288717415,95.24054814221027,39.559228203088715,14.797358931345176,51.54060306221485,9.239446549350244,4.972108517179404,0.0,0.0,0.0,0.0,0.0,model4,9.0,False,2721.0
907,2015-04-25T14:00:00Z,41.0,175.61632568889493,400.2681305439656,96.06710428518808,39.9473659063153,15.575242503469253,53.948634062756575,8.154414111998681,5.347213172776893,0.0,0.0,0.0,0.0,0.0,model4,9.0,False,2724.0
908,2015-04-25T17:00:00Z,41.0,172.86865110449466,410.8111311988318,96.7950730563171,38.64417892371221,14.509657898694485,54.43558927644391,8.504029272625806,4.218843929178502,0.0,0.0,0.0,0.0,0.0,model4,9.0,False,2727.0
909,2015-04-25T20:00:00Z,41.0,172.715800930406,419.8812668377352,97.00114251656916,38.61036192495922,14.619835041040414,52.41415430968383,8.082262064400771,4.410424740429028,0.0,0.0,0.0,0.0,0.0,model4,9.0,False,2730.0
910,2015-04-25T23:00:00Z,41.0,173.58794896284516,427.33162574166283,98.39683453170895,39.34405066244565,14.580321688261476,51.69877420926857,8.192056433821506,5.068804857176389,0.0,0.0,0.0,0.0,0.0,model4,9.0,False,2733.0
911,2015-04-26T02:00:00Z,41.0,172.38141026860214,442.15744643547066,99.00175074986635,39.738650715206354,14.57618664561508,50.11887810483629,8.48418630782988,4.878935129023584,0.0,0.0,0.0,0.0,0.0,model4,9.0,False,2736.0
912,2015-04-26T05:00:00Z,41.0,170.4436914597146,441.45335115975183,100.00301654062693,39.16902993615269,14.837842890264511,45.31360424893471,9.236307297752912,4.612404636002191,0.0,0.0,0.0,0.0,0.0,model4,9.0,False,2739.0
913,2015-04-26T08:00:00Z,41.0,169.7867202716802,446.06781651349854,101.22291248603253,39.31066487877392,14.788886680769062,44.939111126188706,9.27034414935627,5.144754201221399,0.0,0.0,0.0,0.0,0.0,model4,9.0,False,2742.0
914,2015-04-26T11:00:00Z,41.0,171.11081604567366,449.72340033986876,101.5534313502648,38.89955159396853,16.276002595550228,45.482238245537864,9.007419689940754,5.249351683159668,0.0,0.0,0.0,0.0,0.0,model4,9.0,False,2745.0
915,2015-04-26T14:00:00Z,41.0,170.24209335747287,458.8625955114092,102.40601820306543,38.64363896662692,14.372972121629429,49.647411270557186,8.984802086056115,4.852478013222083,0.0,0.0,0.0,0.0,0.0,model4,9.0,False,2748.0
916,2015-04-26T17:00:00Z,41.0,172.04380127325769,453.83072159434164,100.7426794413274,38.560391479095024,14.655102621306007,58.34218282517252,9.970072394579919,4.982562169554238,0.0,0.0,0.0,0.0,0.0,model4,9.0,False,2751.0
917,2015-04-26T20:00:00Z,41.0,171.40939509216426,452.5006131100783,102.07519130753565,39.383334255936326,14.456505127504911,56.52813962470945,9.82721979447648,5.558258827415568,0.0,0.0,0.0,0.0,0.0,model4,9.0,False,2754.0
918,2015-04-26T23:00:00Z,41.0,170.92868735061703,450.251461723504,102.14572455975744,39.529813335874024,13.79722118947529,59.11905050566024,10.123079393591519,5.670065745668013,0.0,0.0,0.0,0.0,0.0,model4,9.0,False,2757.0
919,2015-04-27T02:00:00Z,41.0,171.25296240862878,448.44428114419463,102.06326315139962,39.554764263066076,13.623143606573931,58.58976285950296,9.949365110521724,5.86353006928977,0.0,0.0,0.0,0.0,0.0,model4,9.0,False,2760.0
920,2015-04-27T05:00:00Z,41.0,169.76884470224812,454.3272228500631,100.56915849519636,40.57976825251385,12.847680657909008,56.33433482445036,9.258965836904492,6.225076195784112,0.0,0.0,0.0,0.0,0.0,model4,9.0,False,2763.0
921,2015-04-27T08:00:00Z,41.0,169.8036231532071,452.5555992637195,100.12259196991677,41.49278425997469,13.069865825914318,62.166831278811635,9.451019504775962,5.590034441489097,0.0,0.0,0.0,0.0,0.0,model4,9.0,False,2766.0
922,2015-04-27T11:00:00Z,41.0,170.25830155114312,452.3904446131843,100.25567788687391,42.01495756121703,10.409915412335453,60.84630028072461,9.261086357207553,5.314168192932916,0.0,0.0,0.0,0.0,0.0,model4,9.0,False,2769.0
923,2015-04-27T14:00:00Z,41.0,169.19916301837998,443.9513813323757,100.77981568779022,42.02922125992589,12.523905340899232,55.89798536232486,9.501253318252596,5.324007448621955,0.0,0.0,0.0,0.0,0.0,model4,9.0,False,2772.0
924,2015-04-27T17:00:00Z,41.0,167.80608610259242,451.72819935790255,101.28688672599208,41.84744098819407,11.885947870620676,47.736145304274274,9.30271377598909,5.5989059634505685,0.0,0.0,0.0,0.0,0.0,model4,9.0,False,2775.0
925,2015-04-27T20:00:00Z,41.0,168.36014876837368,458.97796098888193,101.78489135444195,40.508204707952,12.20846087275038,46.94369053170106,9.6405996190644,5.742498883401074,0.0,0.0,0.0,0.0,0.0,model4,9.0,False,2778.0
926,2015-04-27T23:00:00Z,41.0,168.03164596472382,459.8278101112385,101.13585992966743,39.82752277105406,12.035860339096935,45.46958117594059,9.197541146119782,5.317826720877574,0.0,0.0,0.0,0.0,0.0,model4,9.0,False,2781.0
927,2015-04-28T02:00:00Z,41.0,167.44481242653185,453.43606064224036,100.8874231134713,39.55131072145252,12.62210554838246,45.77498071795169,9.462993136682906,5.1327621552813785,0.0,0.0,0.0,0.0,0.0,model4,9.0,False,2784.0
928,2015-04-28T05:00:00Z,41.0,167.72995881443094,454.0507320908711,100.54849066747623,38.917908394520566,12.675893191468726,46.15987279524964,10.126177832738056,4.450002031249745,0.0,0.0,0.0,0.0,0.0,model4,9.0,False,2787.0
929,2015-04-28T08:00:00Z,41.0,169.95286012423904,456.6260948768077,101.41843490058734,38.81252342262487,13.399816295173965,36.82644805838928,9.85911351691972,4.396306367149802,0.0,0.0,0.0,0.0,0.0,model4,9.0,False,2790.0
930,2015-04-28T11:00:00Z,41.0,169.483467536977,462.1600297756248,101.54736005544795,38.78662772603068,14.158463187980859,43.655669199667436,10.091245912726054,4.343036608764367,0.0,0.0,0.0,0.0,0.0,model4,9.0,False,2793.0
931,2015-04-28T14:00:00Z,41.0,170.12183767084122,467.4027870562011,100.2736727041583,38.56343064338135,12.321010378286106,42.087017745740546,10.04767593136841,4.741320028649801,0.0,0.0,0.0,0.0,0.0,model4,9.0,False,2796.0
932,2015-04-28T17:00:00Z,41.0,169.7553475806249,463.2447852898097,100.85381829004177,39.60241619068732,13.18452659404392,47.10866973220835,9.505099927372918,4.575280237129529,0.0,0.0,0.0,0.0,0.0,model4,9.0,False,2799.0
933,2015-04-28T20:00:00Z,41.0,169.77852872705515,459.6127368395218,99.70828579370294,40.35425625546407,12.995079616202073,51.6008275290829,8.59756637104,4.012248461298,0.0,0.0,0.0,0.0,0.0,model4,9.0,False,2802.0
934,2015-04-28T23:00:00Z,41.0,171.2913150475165,462.5610890843717,99.03591526540826,39.74071560205073,14.024919647956553,54.36291025391391,8.996580880165421,4.235536284425066,0.0,0.0,0.0,0.0,0.0,model4,9.0,False,2805.0
935,2015-04-29T02:00:00Z,41.0,173.22285279306422,464.8268097260244,99.22288317453051,40.373735813772356,13.555443443643648,55.39725866686353,10.707724472562132,4.379901677459738,0.0,0.0,0.0,0.0,0.0,model4,9.0,False,2808.0
936,2015-04-29T05:00:00Z,41.0,176.64288394562908,460.6199283981391,100.23131668604664,40.34887431081274,12.96896573610312,56.25135133656878,9.929325770847438,4.256957371262073,0.0,0.0,0.0,0.0,0.0,model4,9.0,False,2811.0
937,2015-04-29T08:00:00Z,41.0,175.77143337506317,455.2139817711962,98.84541697850752,39.48292548658861,12.771153890128147,55.6903536950773,10.274581473960557,4.160902756590967,0.0,0.0,0.0,0.0,0.0,model4,9.0,False,2814.0
938,2015-04-29T11:00:00Z,41.0,175.29778153888225,448.30992289323785,99.1982829375605,39.46061524322193,12.748048240573082,54.94787210984688,10.536831790132595,4.380013784804101,0.0,0.0,0.0,0.0,0.0,model4,9.0,False,2817.0
939,2015-04-29T14:00:00Z,41.0,175.8443744074688,450.2720009227476,99.24586249408472,39.65641073346888,12.269226257777335,57.26862632807932,10.643934251335413,3.884085202349664,0.0,0.0,0.0,0.0,0.0,model4,9.0,False,2820.0
940,2015-04-29T17:00:00Z,41.0,177.56372262363124,457.8250916582078,100.55969086373743,39.18969420921611,11.78782258060096,56.0173251708245,11.238799379499419,3.6938466965528143,0.0,0.0,0.0,0.0,0.0,model4,9.0,False,2823.0
941,2015-04-29T20:00:00Z,41.0,178.021701508894,449.2767533263457,100.21512243623712,38.95387067203632,11.539057716850333,58.92463837502503,11.782910161372753,3.7578082313595456,0.0,0.0,0.0,0.0,0.0,model4,9.0,False,2826.0
942,2015-04-29T23:00:00Z,41.0,176.42912458604889,446.92841029005587,100.29624028206358,39.95042349016721,11.744998369721994,54.17446964736763,12.145393553485468,3.948152852988365,0.0,0.0,0.0,0.0,0.0,model4,9.0,False,2829.0
943,2015-04-30T02:00:00Z,41.0,174.83470067003455,453.90297410358863,100.38499859558935,40.07558194565471,14.594262832787845,54.078174641911716,10.292230126488473,3.8988756991758566,0.0,0.0,0.0,0.0,0.0,model4,9.0,False,2832.0
944,2015-04-30T05:00:00Z,41.0,173.55638080762378,454.781514039994,99.96429363590643,40.34694532252411,15.559137891272126,52.90907519522104,10.549924778379447,4.447656178229626,0.0,0.0,0.0,0.0,0.0,model4,9.0,False,2835.0
945,2015-04-30T08:00:00Z,41.0,175.1733453451109,452.88448007957084,101.46873378065293,41.1253591982219,17.099431005837868,53.52382997138462,9.850703844965881,4.416850463925877,0.0,0.0,0.0,0.0,0.0,model4,9.0,False,2838.0
946,2015-04-30T11:00:00Z,41.0,178.0959632228647,456.97787810762014,101.35725530943684,40.946929732413075,17.79954790391641,51.17378257130726,10.15613795398972,4.263890004417761,0.0,0.0,0.0,0.0,0.0,model4,9.0,False,2841.0
947,2015-04-30T14:00:00Z,41.0,179.95762134521175,448.1575955054457,101.27515428300931,40.82363186259744,20.520180996557556,51.73654935754959,10.239889004473447,4.33853251926718,0.0,0.0,0.0,0.0,0.0,model4,9.0,False,2844.0
948,2015-04-30T17:00:00Z,41.0,180.05105849087496,439.8786967904763,100.25866838285471,40.861843682375394,20.106235223395267,49.3286621181645,9.29300052579243,4.294833344162419,0.0,0.0,0.0,0.0,0.0,model4,9.0,False,2847.0
949,2015-04-30T20:00:00Z,41.0,183.19407622017258,445.9414537744948,100.11502692301303,41.00617606714534,22.40639380492868,44.88727890984106,8.867276359920977,4.6013502981149665,0.0,0.0,0.0,0.0,0.0,model4,9.0,False,2850.0
950,2015-04-30T23:00:00Z,41.0,184.28574075201686,445.63869952637367,100.69950748037529,40.74780026750498,22.341747538906716,44.74555320617776,9.463478624854414,4.334461685587336,0.0,0.0,0.0,0.0,0.0,model4,9.0,False,2853.0
951,2015-05-01T02:00:00Z,41.0,189.06772428836675,437.1161366513772,101.29264081110344,40.921229735269854,20.912231021419686,43.892929436023636,9.944159722559178,4.7813901171576845,0.0,0.0,0.0,0.0,0.0,model4,9.0,False,2856.0
952,2015-05-01T05:00:00Z,41.0,190.7843686946505,436.8561373750702,100.6201213620955,41.3429644463152,19.06839333113001,44.192377057630345,10.100593241693339,4.84979319547882,0.0,0.0,0.0,0.0,0.0,model4,9.0,False,2859.0
953,2015-05-01T08:00:00Z,41.0,190.09508066525296,437.08712769697013,100.02708427736971,41.166116670284296,18.543117030611427,43.54581730989294,9.92727962408402,4.75355131804587,1.0,0.0,0.0,0.0,0.0,model4,9.0,True,2862.0
954,2015-05-01T11:00:00Z,41.0,190.80419848650283,433.89951658198714,99.96676888797464,41.24112871448294,18.467280606577198,48.2397926264658,9.256543576816927,5.133480282605468,1.0,0.0,0.0,0.0,0.0,model4,9.0,True,2865.0
955,2015-05-01T14:00:00Z,41.0,190.39180246924832,445.86450854437965,99.97879208815823,41.68976504682475,15.954332595110412,53.19650886397458,8.933489574178324,5.058359019232797,1.0,0.0,0.0,0.0,0.0,model4,9.0,True,2868.0
956,2015-05-01T17:00:00Z,41.0,192.27614890394867,445.96300520226237,99.67616214556044,41.73561044822385,15.51321573084585,52.90687116576692,9.714305152796587,4.983035935060206,1.0,0.0,0.0,0.0,0.0,model4,9.0,True,2871.0
957,2015-05-01T20:00:00Z,41.0,189.55220601551025,448.35826359753855,99.93044761867901,42.35943595318311,16.9829426168979,56.64272354311236,9.724433004530306,4.921743393482805,1.0,0.0,0.0,0.0,0.0,model4,9.0,True,2874.0
958,2015-05-01T23:00:00Z,41.0,189.58197173377275,449.8606712208913,101.04668616369541,42.032688185402776,16.767403699508506,59.55623237059509,10.09468531909698,5.137142888607698,1.0,0.0,0.0,0.0,0.0,model4,9.0,True,2877.0
959,2015-05-02T02:00:00Z,41.0,187.46002516786254,456.24483101397993,100.37837602940529,41.00786657846839,15.495439799191846,57.046942426748416,11.770587944077208,4.951907931847342,1.0,0.0,0.0,0.0,0.0,model4,9.0,True,2880.0
960,2015-05-02T05:00:00Z,41.0,186.91135811099636,455.6483615171672,99.60639110954115,39.74132155475441,16.39240948478953,61.59225404005964,12.028453676999435,5.049067017331061,1.0,0.0,0.0,1.0,0.0,model4,9.0,True,2883.0
961,2015-05-02T08:00:00Z,41.0,186.68147767108337,464.57880834524076,98.90173928482795,39.70584776445328,16.58430081094587,62.72330449021826,12.168961505329893,4.95270440973262,0.0,0.0,0.0,1.0,0.0,model4,9.0,False,2886.0
962,2015-05-02T11:00:00Z,41.0,182.925917895133,470.8364157430643,96.97971119309489,40.59161458222474,16.730239341914025,55.99423504321968,12.567960670208034,5.401951667389445,0.0,0.0,0.0,1.0,0.0,model4,9.0,False,2889.0
963,2015-05-02T14:00:00Z,41.0,179.97974706382942,465.5064144146245,97.39373280134086,40.61572930967733,17.870012409614464,56.256692929808814,12.565682644763651,5.274268390751977,0.0,0.0,0.0,1.0,0.0,model4,9.0,False,2892.0
964,2015-05-02T17:00:00Z,41.0,177.24237649787028,468.20688289619767,98.42938234725888,40.101728726793475,17.080586824699786,54.93294239476917,12.280961322635624,5.646877519773892,0.0,0.0,0.0,1.0,0.0,model4,9.0,False,2895.0
965,2015-05-02T20:00:00Z,41.0,175.90506321193374,466.5947721321558,98.70031631271816,38.840590740762465,13.82867548749839,51.361827881404075,12.294080198537426,5.430855816974453,0.0,0.0,0.0,1.0,0.0,model4,9.0,False,2898.0
966,2015-05-02T23:00:00Z,41.0,173.48373838712442,465.1262822152723,97.620012553829,38.90578762629618,14.179340959123394,49.40015712344932,10.553129402194019,5.543432989044713,0.0,0.0,0.0,1.0,0.0,model4,9.0,False,2901.0
967,2015-05-03T02:00:00Z,41.0,169.81001119139816,457.55441553109694,97.2886378223456,39.52959295379913,13.434318959190714,51.335779932894276,9.023621034598046,5.547983940900714,0.0,0.0,0.0,1.0,0.0,model4,9.0,False,2904.0
968,2015-05-03T05:00:00Z,41.0,166.40829894270783,461.4458521729517,97.53154405110264,40.55819967087197,10.890685621242039,46.862971182995345,8.765808405474068,5.154591089797785,0.0,0.0,0.0,0.0,0.0,model4,9.0,False,2907.0
969,2015-05-03T08:00:00Z,41.0,162.49940197514758,458.63460596022486,96.38741691058337,40.62903503365895,9.272760410529619,48.39681956634779,9.215432082844117,5.188105116373409,0.0,0.0,0.0,0.0,0.0,model4,9.0,False,2910.0
970,2015-05-03T11:00:00Z,41.0,165.07369581246755,454.8485505298684,97.85251314830576,39.47569907890197,12.450353869714329,47.310099201330786,10.301888721085168,4.40546220102737,0.0,0.0,0.0,0.0,0.0,model4,9.0,False,2913.0
971,2015-05-03T14:00:00Z,41.0,164.64121484775112,450.0620855663018,97.2784177802162,39.30521952527518,14.54533319607175,43.46125210224746,10.523646621010023,4.376814422700674,0.0,0.0,0.0,0.0,0.0,model4,9.0,False,2916.0
972,2015-05-03T17:00:00Z,41.0,165.09022549266942,449.4675668922561,97.695810719864,39.616464437778646,15.609235290476176,51.0778544048445,11.218129143349648,4.124201121311949,0.0,0.0,0.0,0.0,0.0,model4,9.0,False,2919.0
973,2015-05-03T20:00:00Z,41.0,164.98050817079726,453.1887877341259,97.310659896887,39.73736943037545,16.486966711708163,51.76150536899765,11.117688059682763,3.889768861030844,0.0,0.0,0.0,0.0,0.0,model4,9.0,False,2922.0
974,2015-05-03T23:00:00Z,41.0,166.92214466656029,453.5798073001948,97.70034225436596,39.746776905047156,16.89822511140231,55.72822675777864,11.316274021539414,4.1670700608060285,0.0,0.0,0.0,0.0,0.0,model4,9.0,False,2925.0
975,2015-05-04T02:00:00Z,41.0,166.8113605949635,462.2232268068681,97.63109067553397,39.50336124801305,17.141538358159153,52.76397355443961,11.058212408455276,4.098929280872407,0.0,0.0,0.0,0.0,0.0,model4,9.0,False,2928.0
976,2015-05-04T05:00:00Z,41.0,168.19209162847304,455.4399154944071,99.95027073116152,38.87499739931311,16.963294275239253,55.00963230312679,11.411356515460966,3.7297124376965054,0.0,0.0,0.0,0.0,0.0,model4,9.0,False,2931.0
977,2015-05-04T08:00:00Z,41.0,172.17614009199588,449.5677672174455,101.04259365128168,38.79105722534137,16.45856287775891,51.86849136811886,10.859685294776659,3.598788151641931,0.0,0.0,0.0,0.0,0.0,model4,9.0,False,2934.0
978,2015-05-04T11:00:00Z,41.0,172.42935458015236,453.1643272524109,101.77071758572056,39.08891462677482,16.33480756870333,53.39581658210136,10.140358615008484,4.299241619087835,0.0,0.0,0.0,0.0,0.0,model4,9.0,False,2937.0
979,2015-05-04T14:00:00Z,41.0,174.30770373812462,450.00569224104765,102.4650403351587,38.448652790714966,16.12971427585072,55.43152057789397,9.736079779137693,4.395409923975134,0.0,0.0,0.0,0.0,0.0,model4,9.0,False,2940.0
980,2015-05-04T17:00:00Z,41.0,173.8028909323587,445.6926149314729,100.8531323990967,38.35929604041883,14.894230768533205,49.95225830946499,9.458037522061106,4.966525902676442,0.0,0.0,0.0,0.0,0.0,model4,9.0,False,2943.0
981,2015-05-04T20:00:00Z,41.0,176.01809279429517,444.3528777126253,101.06072686851242,39.23723666417817,17.518011412764498,50.40768371977345,9.538290518015193,5.218502783065876,0.0,0.0,0.0,0.0,0.0,model4,9.0,False,2946.0
982,2015-05-04T23:00:00Z,41.0,173.85407549529359,442.50845217886916,101.98265041773266,39.42458637967096,18.331027716725238,46.18188431533572,10.6481870393643,5.773619859220389,0.0,0.0,0.0,0.0,0.0,model4,9.0,False,2949.0
983,2015-05-05T02:00:00Z,41.0,174.25822991553085,436.25744236356536,101.35415772271163,39.6098105699231,17.707150090046152,44.659078470293906,11.170790983126263,6.10666069663233,0.0,0.0,0.0,0.0,0.0,model4,9.0,False,2952.0
984,2015-05-05T05:00:00Z,41.0,175.19484719189495,443.5406074240065,99.96322449851999,39.68876198965441,17.456355565352972,42.8689693498986,10.774996981032512,6.231542195482267,0.0,0.0,0.0,0.0,0.0,model4,9.0,False,2955.0
985,2015-05-05T08:00:00Z,41.0,171.94906924813577,448.4370554987578,99.7851273138229,39.57601444994774,17.651033681154246,44.78098811786447,10.660670532802195,6.231496288615857,0.0,0.0,0.0,0.0,0.0,model4,9.0,False,2958.0
986,2015-05-05T11:00:00Z,41.0,168.59995757779527,445.9541860926167,98.56545713030388,39.74420220887063,16.98666396856755,41.61032760182443,9.585591900846753,5.664408830578972,0.0,0.0,0.0,0.0,0.0,model4,9.0,False,2961.0
987,2015-05-05T14:00:00Z,41.0,166.60841318691047,453.17900191753125,98.09072076533712,39.487105191612464,15.820165606639733,38.304037556076665,9.592938681121872,6.005033244289049,0.0,0.0,0.0,0.0,0.0,model4,9.0,False,2964.0
988,2015-05-05T17:00:00Z,41.0,164.45112491719559,454.8478101442978,98.25432561619152,40.444680432832975,16.81681860273197,37.321679601291535,9.479003508393758,6.262767759328308,0.0,0.0,0.0,0.0,0.0,model4,9.0,False,2967.0
989,2015-05-05T20:00:00Z,41.0,162.71867491721278,451.0291665708327,97.11258329031092,40.38882840962489,11.525806324574402,36.17297294029155,10.080652700424293,6.144680262949718,0.0,0.0,0.0,0.0,0.0,model4,9.0,False,2970.0
990,2015-05-05T23:00:00Z,41.0,164.798155161642,451.17892300871927,96.46494171038856,40.19753488383758,12.53697391162297,39.38663626876807,8.648713850396263,5.446860924193978,0.0,0.0,0.0,0.0,0.0,model4,9.0,False,2973.0
991,2015-05-06T02:00:00Z,41.0,164.7967465460292,453.0085525934674,97.32979481316671,40.12442550828696,12.97568393033751,36.99726847826732,7.598628464982183,5.222167415651687,0.0,0.0,0.0,0.0,0.0,model4,9.0,False,2976.0
992,2015-05-06T05:00:00Z,41.0,164.17588028261375,448.58617505230285,98.07440180730934,40.31645319236966,12.977951634096724,42.781061433899325,9.612524549863904,5.162850136441447,0.0,0.0,0.0,0.0,0.0,model4,9.0,False,2979.0
993,2015-05-06T08:00:00Z,41.0,164.76322075886634,450.38046452570546,98.39989354529095,40.092651762392286,14.324331705959635,44.86423268968032,10.702202772322801,5.1214279731763845,0.0,0.0,0.0,0.0,0.0,model4,9.0,False,2982.0
994,2015-05-06T11:00:00Z,41.0,166.4731630895813,449.32061612579986,99.82991236633025,39.93552739409135,14.514521805079744,44.38856993523726,11.2067016934628,5.6967909544070405,0.0,0.0,0.0,0.0,0.0,model4,9.0,False,2985.0
995,2015-05-06T14:00:00Z,41.0,166.95120273684253,448.4596701139832,99.20125717146331,40.154913786987926,14.507542528323393,43.94610826492213,11.199553815627883,5.470919538670769,0.0,0.0,0.0,0.0,0.0,model4,9.0,False,2988.0
996,2015-05-06T17:00:00Z,41.0,169.03509902847466,451.98655478812964,99.928179649014,40.34037064289579,14.187963922057445,45.12269895910683,11.085096401321595,5.444481511114278,0.0,0.0,0.0,0.0,0.0,model4,9.0,False,2991.0
997,2015-05-06T20:00:00Z,41.0,169.03356742991272,454.8171457224405,101.7921274727242,39.562209680811584,16.140275578478047,58.550373308653384,11.118878338710472,5.532785028609163,0.0,0.0,0.0,0.0,0.0,model4,9.0,False,2994.0
998,2015-05-06T23:00:00Z,41.0,168.33242905115972,453.26813865704383,99.73432105878277,39.866899526392494,17.392216952068413,57.29291208489197,11.746585736896211,5.484262076880362,0.0,0.0,0.0,0.0,0.0,model4,9.0,False,2997.0
999,2015-05-07T02:00:00Z,41.0,169.68511073781892,450.0822546660354,99.38119875609928,39.92430580083441,16.846618238158474,58.78773831568863,11.833822478303635,5.730007466553342,0.0,0.0,0.0,0.0,0.0,model4,9.0,False,3000.0
1000,2015-05-07T05:00:00Z,41.0,169.13788310580887,446.08623694216567,97.34537004883923,40.2074833967822,16.479684297877835,59.48339394609233,11.05477099061801,5.828726284123751,0.0,0.0,0.0,0.0,0.0,model4,9.0,False,3003.0
1001,2015-05-07T08:00:00Z,41.0,168.7412201233176,439.64374074498124,97.74961672980312,40.8494806173774,15.575599436058868,57.66597696403564,9.8946118068144,5.936219125890123,0.0,0.0,0.0,0.0,0.0,model4,9.0,False,3006.0
1002,2015-05-07T11:00:00Z,41.0,167.1743252722288,441.1190935384909,97.99053328077171,40.616296038824686,15.610596580856258,59.59311930449388,10.80760480652314,5.583114768503361,0.0,0.0,0.0,0.0,0.0,model4,9.0,False,3009.0
1003,2015-05-07T14:00:00Z,41.0,168.31081130634698,438.2349696405682,99.16284809465029,41.46947603000744,15.068161851564614,59.24829071521305,12.76041723064022,5.551893394554901,0.0,0.0,0.0,0.0,0.0,model4,9.0,False,3012.0
1004,2015-05-07T17:00:00Z,41.0,166.56423428803575,444.1498518887457,98.16757538095794,40.10175278638022,15.615725484564676,61.340119530796024,13.311044729187536,5.3475061078790835,0.0,0.0,0.0,0.0,0.0,model4,9.0,False,3015.0
1005,2015-05-07T20:00:00Z,41.0,166.7935041206281,446.8665831885791,97.9673181022616,40.3979179942052,13.765095204287984,46.57802967501726,12.59764887824014,5.250640342943516,0.0,0.0,0.0,0.0,0.0,model4,9.0,False,3018.0
1006,2015-05-07T23:00:00Z,41.0,167.31698416541238,444.3000486125279,98.98045582144128,39.71302104310034,15.143071611954449,48.586312529471314,12.038364600402815,5.532815344140428,0.0,0.0,0.0,0.0,0.0,model4,9.0,False,3021.0
1007,2015-05-08T02:00:00Z,41.0,165.42352721835164,450.46040613693566,99.51416741346519,39.73491674539885,16.525194806331438,47.43789203013211,12.005398913641136,5.208541770596092,0.0,0.0,0.0,0.0,0.0,model4,9.0,False,3024.0
1008,2015-05-08T05:00:00Z,41.0,163.73394322634982,459.61883940899736,102.09641813337768,39.760197326136726,19.19985107917268,41.78730047298609,11.621803003936465,5.084011866703172,0.0,0.0,0.0,0.0,0.0,model4,9.0,False,3027.0
1009,2015-05-08T08:00:00Z,41.0,164.95247577957332,459.22172625005686,101.84824338385158,39.19492562119434,20.199518192584094,41.26218983202021,11.440350237762306,4.814664816749048,0.0,0.0,0.0,0.0,0.0,model4,9.0,False,3030.0
1010,2015-05-08T11:00:00Z,41.0,167.797850848221,458.0605770751149,99.6660302715667,39.67704560379345,21.563284315958075,39.13041593481321,10.816394865334015,4.733645369302331,0.0,0.0,0.0,0.0,0.0,model4,9.0,False,3033.0
1011,2015-05-08T14:00:00Z,41.0,169.5276169127307,456.2498966755481,99.22150679645115,39.45528913232936,22.29543974336932,43.64598773186953,8.250248468316848,4.3883140435887205,0.0,0.0,0.0,0.0,0.0,model4,9.0,False,3036.0
1012,2015-05-08T17:00:00Z,41.0,170.20871473403122,441.9553091013408,100.62608547863607,39.730690804662,21.26308370580609,45.18712838095567,7.49756714322861,3.9972196057378175,0.0,0.0,0.0,0.0,0.0,model4,9.0,False,3039.0
1013,2015-05-08T20:00:00Z,41.0,170.6752215760125,437.4721940081695,100.79096293987128,39.587139702856,22.92596212713818,45.04647510995686,7.012493164637549,3.900795684729776,0.0,0.0,0.0,0.0,0.0,model4,9.0,False,3042.0
1014,2015-05-08T23:00:00Z,41.0,169.14337832731366,445.34277979653007,101.56629694084869,39.266075520184415,21.258454927359093,51.736148067400606,6.874960967223315,3.884600556725672,0.0,0.0,0.0,0.0,0.0,model4,9.0,False,3045.0
1015,2015-05-09T02:00:00Z,41.0,169.79078385842274,441.3756223052559,101.1903023691024,39.84740911094246,20.237220407124525,52.74300818299668,7.94849469466592,4.360031170280618,0.0,0.0,0.0,0.0,0.0,model4,9.0,False,3048.0
1016,2015-05-09T05:00:00Z,41.0,172.38731538120328,438.00774369048116,99.39960300627735,39.072689654214756,16.994793290734506,50.324696743592405,7.404222676637389,4.844880632623108,0.0,0.0,0.0,0.0,0.0,model4,9.0,False,3051.0
1017,2015-05-09T08:00:00Z,41.0,172.72961453248485,435.8564679831435,98.53886660075632,39.05329475461642,15.856566417538323,50.23678905139456,7.875342433082636,5.1057103587117085,0.0,0.0,0.0,0.0,0.0,model4,9.0,False,3054.0
1018,2015-05-09T11:00:00Z,41.0,172.66756855553638,437.85467100896363,98.41768885789033,39.11444874919233,16.242824886533167,55.90808553175301,8.022690397839519,5.1257940754943885,0.0,0.0,0.0,0.0,0.0,model4,9.0,False,3057.0
1019,2015-05-09T14:00:00Z,41.0,170.89327691012457,435.2395882906028,98.66858840137222,39.57551746513843,14.980206273708472,55.75910576586489,8.140657872930321,5.089974252759568,0.0,0.0,0.0,0.0,0.0,model4,9.0,False,3060.0
1020,2015-05-09T17:00:00Z,41.0,170.78228988974848,442.4816647876625,99.14193631856148,39.75229713334761,15.800358285325684,54.3966869303908,8.733596373629231,5.057963090544784,0.0,0.0,0.0,0.0,0.0,model4,9.0,False,3063.0
1021,2015-05-09T20:00:00Z,41.0,168.9314510741047,437.9433878893322,99.28707894611051,40.37593510030673,13.423103150435152,57.862844223727066,9.094580341031437,5.3348037728386055,0.0,0.0,0.0,0.0,0.0,model4,9.0,False,3066.0
1022,2015-05-09T23:00:00Z,41.0,170.5064181751999,436.3627979386297,98.53255962456845,41.20124133705718,13.385781487321832,50.85022507840024,9.477942036595207,4.878709486981995,0.0,0.0,0.0,0.0,0.0,model4,9.0,False,3069.0
1023,2015-05-10T02:00:00Z,41.0,171.8225455149126,441.7521175287776,96.88862805780498,40.35715044568246,13.588536307348873,51.8896115249163,10.241404471377358,4.684928519895725,1.0,0.0,0.0,0.0,0.0,model4,9.0,False,3072.0
1024,2015-05-10T05:00:00Z,41.0,171.34385321856234,438.511526130893,97.29134626727716,41.008098521755336,13.659393620540678,52.15632313416649,10.22551091591538,4.013164476355567,1.0,0.0,0.0,0.0,0.0,model4,9.0,False,3075.0
1025,2015-05-10T08:00:00Z,41.0,171.06993141266568,442.3912703800168,97.29748994345415,41.195125605916346,13.652375960691819,52.215594558923556,10.097780097301687,4.185716262907816,1.0,0.0,0.0,0.0,0.0,model4,9.0,False,3078.0
1026,2015-05-10T11:00:00Z,41.0,169.72667514181674,433.77248138146604,98.36768770551912,41.26656461080249,12.790454597423535,45.54006689076058,9.844611220389966,4.271528385565036,1.0,0.0,0.0,0.0,0.0,model4,9.0,False,3081.0
1027,2015-05-10T14:00:00Z,41.0,170.42019516253524,438.7254240293624,97.71817183536423,40.74959665941779,14.040448057502074,42.22666823279955,9.791448039433783,4.59710542439825,1.0,0.0,0.0,0.0,0.0,model4,9.0,False,3084.0
1028,2015-05-10T17:00:00Z,41.0,169.735608066921,440.5867310401575,95.9111902718668,40.88779273694495,15.668493791945922,40.11122233696757,8.561631457257638,4.456515629049086,1.0,0.0,0.0,0.0,0.0,model4,9.0,False,3087.0
1029,2015-05-10T20:00:00Z,41.0,172.08736848988025,452.4487033064648,95.11613357234444,40.162405848089264,16.263475611449767,39.60838254232541,8.077342410377122,4.3868509615881335,1.0,0.0,0.0,0.0,0.0,model4,9.0,False,3090.0
1030,2015-05-10T23:00:00Z,41.0,172.5027581881176,451.60304305318704,96.1913614029068,40.46863672902535,15.780771779537716,44.76561605175817,8.362592470403044,4.6009657445465075,1.0,0.0,0.0,0.0,0.0,model4,9.0,False,3093.0
1031,2015-05-11T02:00:00Z,41.0,171.6180964097319,455.33567491858736,96.9596673855599,40.16437157364452,16.351488708796005,47.96504589328376,9.517549830747553,4.829424747853883,0.0,0.0,0.0,0.0,0.0,model4,9.0,False,3096.0
1032,2015-05-11T05:00:00Z,41.0,171.2816502018726,463.3833658788697,97.18864701964014,40.2639338063379,16.620812281918624,49.7058215193175,9.59090856575235,4.790954890500606,0.0,0.0,0.0,0.0,0.0,model4,9.0,False,3099.0
1033,2015-05-11T08:00:00Z,41.0,168.597112116367,465.98851220963127,98.57747385408186,39.886971604339045,18.171231200767433,47.18296205431793,10.351208296769963,4.880115741122546,0.0,0.0,0.0,0.0,0.0,model4,9.0,False,3102.0
1034,2015-05-11T11:00:00Z,41.0,168.03239493011418,469.7429994960813,100.1278777403083,39.18169663274304,17.63851985788816,47.768991997223466,11.360111361129393,5.3078573278931085,0.0,0.0,0.0,0.0,0.0,model4,9.0,False,3105.0
1035,2015-05-11T14:00:00Z,41.0,167.11147355052427,472.47845371842726,100.93702823355876,39.573184336101214,16.589110756057437,47.60589935963666,11.393197294856774,5.1640953270202266,0.0,0.0,0.0,0.0,0.0,model4,9.0,False,3108.0
1036,2015-05-11T17:00:00Z,41.0,167.84899184046483,471.2376911986559,101.70944264903672,39.190888595876494,14.074529853470693,47.6313218731729,11.389684439916827,5.1750261315683215,0.0,0.0,0.0,0.0,0.0,model4,9.0,False,3111.0
1037,2015-05-11T20:00:00Z,41.0,166.2037469951187,465.10920522915916,102.16292866984564,39.922309897356406,12.648849818031122,45.10138236057464,11.017336607054546,5.085300912049692,0.0,0.0,0.0,0.0,0.0,model4,9.0,False,3114.0
1038,2015-05-11T23:00:00Z,41.0,163.81456571896524,468.7067813419822,101.78598892217936,39.534559211526016,13.744453442981026,37.35604497521585,10.8351095181424,4.718297612993268,0.0,0.0,0.0,0.0,0.0,model4,9.0,False,3117.0
1039,2015-05-12T02:00:00Z,41.0,165.2965515294818,469.38902060018,103.96065727575669,39.86182691415778,13.142644254579025,41.20749089969364,7.6277529906349,4.640851862670411,0.0,0.0,0.0,0.0,0.0,model4,9.0,False,3120.0
1040,2015-05-12T05:00:00Z,41.0,165.79500048211864,466.43914444717143,103.39138357916849,39.442407492791475,12.964121256786596,39.01490673361528,8.343532915047755,4.434737293972628,0.0,0.0,0.0,0.0,0.0,model4,9.0,False,3123.0
1041,2015-05-12T08:00:00Z,41.0,168.9736352170715,459.90337265033514,103.44273613581792,39.81071704320081,12.608403940820189,43.28514281546687,7.435023111970921,3.852370340325279,0.0,0.0,0.0,0.0,0.0,model4,9.0,False,3126.0
1042,2015-05-12T11:00:00Z,41.0,169.03082956584782,462.09462017849603,101.32010010137544,41.32968453921569,12.337007942156095,38.510880132603326,6.767135523139107,4.101023979566784,0.0,0.0,0.0,0.0,0.0,model4,9.0,False,3129.0
1043,2015-05-12T14:00:00Z,41.0,169.798258843554,455.4712732298544,99.58054379247805,41.917400889171134,13.224870008883489,40.71621971060766,8.713530479953668,4.762194784059253,0.0,0.0,0.0,0.0,0.0,model4,9.0,False,3132.0
1044,2015-05-12T17:00:00Z,41.0,169.86381907158682,453.41586619099394,98.07426843833484,42.031926820545365,14.053278283307394,42.62943988365364,8.97398077954152,4.8429028599829715,0.0,0.0,0.0,0.0,0.0,model4,9.0,False,3135.0
1045,2015-05-12T20:00:00Z,41.0,170.98375758602708,456.2174698195662,97.2294947352544,41.33299191993945,13.814505494540866,42.14239519572895,9.138321247780775,5.201122208576818,0.0,0.0,0.0,0.0,0.0,model4,9.0,False,3138.0
1046,2015-05-12T23:00:00Z,41.0,171.898514816627,451.0875001758375,98.87285489951712,41.882050103649696,11.75984158142366,42.51194287622854,12.177735993109984,5.2533068978131965,0.0,0.0,0.0,0.0,0.0,model4,9.0,False,3141.0
1047,2015-05-13T02:00:00Z,41.0,171.56662323806947,444.66215496320837,97.14249812502537,41.29896130376858,13.643606973980761,31.1489227114686,12.852267499929646,5.929120147652927,0.0,0.0,0.0,0.0,0.0,model4,9.0,False,3144.0
1048,2015-05-13T05:00:00Z,41.0,172.8951536521167,437.65509420687835,97.4945023069625,41.6523400976,14.310097490300755,29.874088570598587,13.386208745395196,5.8995429251627565,0.0,0.0,0.0,0.0,0.0,model4,9.0,False,3147.0
1049,2015-05-13T08:00:00Z,41.0,170.82003863827418,440.52002463808327,96.99033877225656,41.67704128630665,14.30447907407291,30.35556500750147,13.880162611231635,5.8737477519607175,0.0,0.0,0.0,0.0,0.0,model4,9.0,False,3150.0
1050,2015-05-13T11:00:00Z,41.0,169.55288458522492,436.72842951049864,96.69859312492304,40.305606688655615,15.391400952329645,29.413342351034398,14.024266251421206,5.660536741732286,0.0,0.0,0.0,0.0,0.0,model4,9.0,False,3153.0
1051,2015-05-13T14:00:00Z,41.0,168.81619795901258,440.61758919678107,98.37340071646628,38.72073319481279,15.011385557583182,28.82438858379975,13.124523165788041,4.885460622004406,0.0,0.0,0.0,0.0,0.0,model4,9.0,False,3156.0
1052,2015-05-13T17:00:00Z,41.0,170.43219183409934,446.968410374634,100.58307903162451,38.569561225380134,14.697765349230554,30.822919722315287,15.263461325257753,5.044508209765024,0.0,0.0,0.0,0.0,0.0,model4,9.0,False,3159.0
1053,2015-05-13T20:00:00Z,41.0,168.61154897301168,448.8671809663168,101.16511426010237,39.51613193561808,15.03148624664406,33.528956730470625,15.428208217011258,5.154482105519559,0.0,0.0,0.0,0.0,0.0,model4,9.0,False,3162.0
1054,2015-05-13T23:00:00Z,41.0,169.44604534696958,452.7095524818608,99.75968589883028,38.56605922267124,15.027970462985694,32.87746556674619,13.824315379648047,5.140637574935584,0.0,0.0,0.0,0.0,0.0,model4,9.0,False,3165.0
1055,2015-05-14T02:00:00Z,41.0,167.50716430319954,446.85753995691016,100.11361501088652,39.29569750278394,14.306571356296336,41.42117125114363,13.489569727833073,4.526059350014807,0.0,0.0,0.0,0.0,0.0,model4,9.0,False,3168.0
1056,2015-05-14T05:00:00Z,41.0,165.00416895886102,451.07380259544334,100.02375926250002,39.00591530112193,14.549114841370086,39.899115922669175,12.714586253637915,5.037208752600137,0.0,0.0,0.0,0.0,0.0,model4,9.0,False,3171.0
1057,2015-05-14T08:00:00Z,41.0,166.0536639771272,445.6448897947039,100.24992229771593,38.80740661009424,15.004729026333775,48.957033800901954,12.651483246562593,5.641300937916353,0.0,0.0,0.0,0.0,0.0,model4,9.0,False,3174.0
1058,2015-05-14T11:00:00Z,41.0,166.44187417005932,444.509887865608,101.04700505975157,38.77501215911485,14.267391763545053,51.48703595981573,12.306654536265006,5.759238498027193,0.0,0.0,0.0,0.0,0.0,model4,9.0,False,3177.0
1059,2015-05-14T14:00:00Z,41.0,168.22676353610638,443.6803704918137,100.58066523510149,39.83528569098985,14.966762257038233,59.38533341421803,12.544190366129095,5.915728588437152,0.0,0.0,0.0,0.0,0.0,model4,9.0,False,3180.0
1060,2015-05-14T17:00:00Z,41.0,166.40362250202523,439.2327191582392,99.56405206246977,39.661357704941636,14.090173535101204,57.988394102483326,9.918414100392011,5.738166551266497,0.0,0.0,0.0,0.0,0.0,model4,9.0,False,3183.0
1061,2015-05-14T20:00:00Z,41.0,166.4833945364733,436.6976582089714,100.58857184721191,39.67990539118856,13.575011166863518,56.06611155527187,9.704880844492974,5.716261414828192,0.0,0.0,0.0,0.0,0.0,model4,9.0,False,3186.0
1062,2015-05-14T23:00:00Z,41.0,167.1142088983835,430.31877094051856,99.1587387196063,39.741496260103176,14.131114892756825,55.244408782222145,9.76150671465207,5.463752729959337,0.0,0.0,0.0,0.0,0.0,model4,9.0,False,3189.0
1063,2015-05-15T02:00:00Z,41.0,169.15092886782043,435.0624013847061,100.21805920373302,39.843346485485036,13.925097089013095,50.71747609791996,8.904802708851191,5.906826367751327,0.0,0.0,0.0,0.0,0.0,model4,9.0,False,3192.0
1064,2015-05-15T05:00:00Z,41.0,169.303790651307,434.55855261977797,101.1759601501523,39.350312537180685,12.390165321536248,51.07879638253654,9.159957727208516,5.500098394514109,0.0,0.0,0.0,0.0,0.0,model4,9.0,False,3195.0
1065,2015-05-15T08:00:00Z,41.0,169.9550253631589,440.4142782593743,101.20741614095104,39.34213699243496,12.054404326970785,43.654797069627065,8.15894062829014,4.884080467487945,0.0,0.0,0.0,0.0,0.0,model4,9.0,False,3198.0
1066,2015-05-15T11:00:00Z,41.0,171.07564951856597,443.89304382526944,100.10473576531159,39.481768162840865,13.769139650063364,41.98633438484079,9.346444147147732,4.7191992709989465,0.0,0.0,0.0,0.0,0.0,model4,9.0,False,3201.0
1067,2015-05-15T14:00:00Z,41.0,171.44803510182763,441.0906122250663,98.57340184083117,38.68306118614828,14.743595086267815,30.331424416425467,10.837174825159074,4.335316541468706,0.0,0.0,0.0,0.0,0.0,model4,9.0,False,3204.0
1068,2015-05-15T17:00:00Z,41.0,172.07005562345054,446.44104214946833,98.40641523288313,39.177796916071216,14.733406640224448,41.285782673172356,10.179767810846512,4.850873033206729,0.0,0.0,0.0,0.0,0.0,model4,9.0,False,3207.0
1069,2015-05-15T20:00:00Z,41.0,173.6572620213334,446.8022223635237,97.27251404639676,38.67066615624193,14.920244830303984,47.123353371358796,9.410684974763443,4.5392568618685285,0.0,0.0,0.0,0.0,0.0,model4,9.0,False,3210.0
1070,2015-05-15T23:00:00Z,41.0,172.7546051092662,442.9739549957264,97.82787630732187,38.92418543811354,16.07227947594161,50.88770578859118,9.080979252871556,4.635107844903337,0.0,0.0,0.0,0.0,0.0,model4,9.0,False,3213.0
1071,2015-05-16T02:00:00Z,41.0,174.89991942976792,443.9165723902557,96.95199949439831,39.09348908826672,16.852070738878783,51.94943560194268,8.856431682287466,4.180671723073846,0.0,0.0,0.0,0.0,0.0,model4,9.0,False,3216.0
1072,2015-05-16T05:00:00Z,41.0,175.84895416368198,446.22387782373715,97.04606999649825,39.23265345490524,17.022247324623553,51.33512033670363,8.644076089291646,4.31149942864313,0.0,0.0,0.0,0.0,0.0,model4,9.0,False,3219.0
1073,2015-05-16T08:00:00Z,41.0,176.03208239622123,447.8157592058792,96.39742586616778,39.69682293049063,17.351470531429072,51.17690172713541,8.391500243443243,4.561214247758627,0.0,0.0,0.0,0.0,0.0,model4,9.0,False,3222.0
1074,2015-05-16T11:00:00Z,41.0,174.33091709697254,450.4012190675357,97.24846209678684,39.575102452248466,16.697249596480848,50.909074425409,7.635661580697842,4.328043051102866,0.0,0.0,0.0,0.0,0.0,model4,9.0,False,3225.0
1075,2015-05-16T14:00:00Z,41.0,171.65089221970612,455.6931011062085,98.95498991680078,40.04473610764657,16.505346876638953,51.395093247796964,5.304197629917418,4.403003788028462,0.0,0.0,0.0,0.0,0.0,model4,9.0,False,3228.0
1076,2015-05-16T17:00:00Z,41.0,172.64444671298278,451.70522214378013,100.30486386932087,40.270234895529974,16.660133358139532,46.47742799589269,6.217505115005023,3.8692129026223085,0.0,0.0,0.0,0.0,0.0,model4,9.0,False,3231.0
1077,2015-05-16T20:00:00Z,41.0,172.66869244124157,446.46944619735314,98.88022207509852,40.233214060875405,16.95430630833724,45.61314586529478,7.89379794251178,4.231043131616533,0.0,0.0,0.0,0.0,0.0,model4,9.0,False,3234.0
1078,2015-05-16T23:00:00Z,41.0,173.2255527627718,453.2272458003309,100.08629075971778,40.033888228328344,15.566078736058072,41.31715094495702,8.264061444129805,4.275201266748522,0.0,0.0,0.0,0.0,0.0,model4,9.0,False,3237.0
1079,2015-05-17T02:00:00Z,41.0,172.0893840316703,448.03314537639847,101.26366394751652,39.509138742471045,16.459327576324554,41.21390673297975,8.200554885412966,4.19395140917582,0.0,0.0,0.0,0.0,0.0,model4,9.0,False,3240.0
1080,2015-05-17T05:00:00Z,41.0,170.36791108313955,443.3039951845722,101.02992597799995,39.81541715777525,17.140644890048932,48.28584032334112,9.32267327976292,4.198147027071814,0.0,0.0,0.0,0.0,0.0,model4,9.0,False,3243.0
1081,2015-05-17T08:00:00Z,41.0,169.06453991605815,441.6149782002234,101.22300052273116,39.37445206543271,16.923711362067426,47.50270516329691,10.000270945763916,3.981989655472329,0.0,0.0,0.0,0.0,0.0,model4,9.0,False,3246.0
1082,2015-05-17T11:00:00Z,41.0,169.24995520502202,434.20567893322976,102.3945768039933,39.99324969793528,17.071170273638963,47.845936458368854,10.174792000589424,4.059739967447611,0.0,0.0,0.0,0.0,0.0,model4,9.0,False,3249.0
1083,2015-05-17T14:00:00Z,41.0,169.01082985328546,430.05850550474037,103.26185694190274,39.753438755198545,16.566089740946868,47.064899596853245,10.268960942600833,3.882602296608942,0.0,0.0,0.0,0.0,0.0,model4,9.0,False,3252.0
1084,2015-05-17T17:00:00Z,41.0,167.55638598577892,423.9765518530163,101.9392129960426,39.72841415041136,16.831774360526815,44.28710349055153,10.154519416603463,4.140988337559369,0.0,0.0,0.0,0.0,0.0,model4,9.0,False,3255.0
1085,2015-05-17T20:00:00Z,41.0,168.14880155808862,425.5089403150308,103.35313016683077,38.89640391130804,18.034046023021187,42.05404065558199,8.48701297084139,4.996044449027048,0.0,0.0,0.0,0.0,0.0,model4,9.0,False,3258.0
1086,2015-05-17T23:00:00Z,41.0,166.58520460939704,427.0040751397066,102.62167024121905,39.404172570263064,17.76346873134206,42.829204706599,8.543699665697806,5.594627628633653,0.0,0.0,0.0,0.0,0.0,model4,9.0,False,3261.0
1087,2015-05-18T02:00:00Z,41.0,164.31362058958078,431.6405019014314,101.29900044217376,39.727479564922476,14.48858011820955,49.6376372883731,8.499603931869796,5.883215530673671,0.0,0.0,0.0,0.0,0.0,model4,9.0,False,3264.0
1088,2015-05-18T05:00:00Z,41.0,165.3474515609405,432.31156532811036,101.21164534728935,40.3091722553054,14.462840431282565,45.66930894680386,7.000028562199508,6.063658319014262,0.0,0.0,0.0,0.0,0.0,model4,9.0,False,3267.0
1089,2015-05-18T08:00:00Z,41.0,165.602698825405,432.81083258698163,102.68942995511354,40.53748114426449,15.520266774660769,54.5180771845145,7.03569185500767,6.432080167996213,0.0,0.0,0.0,0.0,0.0,model4,9.0,False,3270.0
1090,2015-05-18T11:00:00Z,41.0,167.371741579618,436.0374607545647,101.9847281661896,40.50192515339292,15.368049156076298,52.49493653712141,7.1802737919219695,6.686677002217648,0.0,0.0,0.0,0.0,0.0,model4,9.0,False,3273.0
1091,2015-05-18T14:00:00Z,41.0,168.225306066402,434.9688540124041,100.19714719165287,40.47779621114829,15.74409683056281,58.083652502091894,7.37625308548584,6.743428615938264,0.0,0.0,0.0,0.0,0.0,model4,9.0,False,3276.0
1092,2015-05-18T17:00:00Z,41.0,169.46275914635504,439.4436477818194,99.45143044520685,40.310281511124685,15.346956399806249,58.40270947241858,7.828190592723613,6.5280770017589225,0.0,0.0,0.0,0.0,0.0,model4,9.0,False,3279.0
1093,2015-05-18T20:00:00Z,41.0,166.29275200702466,442.9279174354144,99.44578052721545,41.511171535368035,13.972987591187284,60.16866650679225,8.099595929305085,5.496264046143973,0.0,0.0,0.0,0.0,0.0,model4,9.0,False,3282.0
1094,2015-05-18T23:00:00Z,41.0,168.35450217886083,442.27347622242513,99.73439100666971,41.253789948562606,15.756924418285706,66.14451227629952,8.08954638881945,4.878455519468137,0.0,0.0,0.0,0.0,0.0,model4,9.0,False,3285.0
1095,2015-05-19T02:00:00Z,41.0,170.19725691223385,447.6069052815917,100.27436003842564,41.04828566443693,16.054483329109313,69.77625625938704,9.494442577319765,5.188524192310589,0.0,0.0,0.0,0.0,0.0,model4,9.0,False,3288.0
1096,2015-05-19T05:00:00Z,41.0,169.4083476975672,455.8202579475052,100.58650146369736,41.00696093515822,15.534795235048668,69.05256379882769,11.42105181140952,5.578939219877597,0.0,0.0,0.0,0.0,0.0,model4,9.0,False,3291.0
1097,2015-05-19T08:00:00Z,41.0,169.1860832279384,455.5420797361537,100.24812402340322,40.720189362892974,13.858093001296055,62.94466285116165,11.727946160889804,6.182568423028448,0.0,0.0,0.0,0.0,0.0,model4,9.0,False,3294.0
1098,2015-05-19T11:00:00Z,41.0,167.55440943375868,457.94011406859914,99.20571429338464,40.38330598213128,14.925659150834017,63.053864466082885,11.678987232235976,5.698932816361997,0.0,0.0,0.0,0.0,0.0,model4,9.0,False,3297.0
1099,2015-05-19T14:00:00Z,41.0,166.70366607021091,459.22244744865736,100.0321444807157,41.10703401728529,15.048386839945932,63.725358988599005,11.906527214352653,6.292235677264872,0.0,0.0,0.0,0.0,0.0,model4,9.0,False,3300.0
1100,2015-05-19T17:00:00Z,41.0,165.30199910785532,457.14975598084914,100.51376617226525,40.311499051194296,14.441328315960494,65.038066311369,11.762057797596785,7.601649956886871,0.0,0.0,0.0,0.0,0.0,model4,9.0,False,3303.0
1101,2015-05-19T20:00:00Z,41.0,166.21025378430596,454.52833254130996,101.14057307507065,40.14709370779972,14.082153641824984,63.65431470849478,12.204380694577232,7.586905859015579,0.0,0.0,0.0,0.0,0.0,model4,9.0,False,3306.0
1102,2015-05-19T23:00:00Z,41.0,165.09470192834766,459.33928898707876,101.89149616538229,40.182464064828295,11.902415746485286,57.56671238462988,12.561986284592972,7.748946563566648,0.0,0.0,0.0,0.0,0.0,model4,9.0,False,3309.0
1103,2015-05-20T02:00:00Z,41.0,164.2426958578148,455.0593575390921,103.05353794937432,40.21806101384643,11.106663348403597,53.83890338882945,11.844953764096624,7.706667697128315,0.0,0.0,0.0,0.0,0.0,model4,9.0,False,3312.0
1104,2015-05-20T05:00:00Z,41.0,166.24562155503332,445.6768906688452,101.82859946255304,39.829031113491226,12.17176216953594,53.02647569123611,10.544926900929084,7.225282868051154,0.0,0.0,0.0,0.0,0.0,model4,9.0,False,3315.0
1105,2015-05-20T08:00:00Z,41.0,166.47096956618375,447.80664460657164,100.5096912727692,39.6681129008025,13.005536633479268,53.99826913541179,9.432168659648141,6.367988913009426,0.0,0.0,0.0,0.0,0.0,model4,9.0,False,3318.0
1106,2015-05-20T11:00:00Z,41.0,168.72042960377334,444.31485651562485,99.4800855912156,39.441904738952616,12.223458170065973,54.92244843324601,11.673627776300291,6.490360400800612,0.0,0.0,0.0,0.0,0.0,model4,9.0,False,3321.0
1107,2015-05-20T14:00:00Z,41.0,168.82404427414968,443.0311379289517,100.7987143197305,38.135267945459795,11.491267959953706,49.033986720631674,12.32970674386457,5.792378806947931,0.0,0.0,0.0,0.0,0.0,model4,9.0,False,3324.0
1108,2015-05-20T17:00:00Z,41.0,169.30514543428248,445.996857038613,101.144666039861,39.039556902379715,11.142922604758153,46.38982312539041,12.48402294689036,4.367591198573348,0.0,0.0,0.0,0.0,0.0,model4,9.0,False,3327.0
1109,2015-05-20T20:00:00Z,41.0,168.3110816434909,449.10721951579245,101.12027391022689,39.31404850308087,11.939476914320785,46.56432729876622,11.892654206016507,4.679770644769507,0.0,0.0,0.0,0.0,0.0,model4,9.0,False,3330.0
1110,2015-05-20T23:00:00Z,41.0,168.1987642575874,441.9282786761652,100.43164873475924,39.63809271305004,11.757046096839339,45.38601556814179,11.490289251846555,4.522662244875857,1.0,0.0,0.0,0.0,0.0,model4,9.0,False,3333.0
1111,2015-05-21T02:00:00Z,41.0,167.955876173179,445.1248375976239,99.82276100452286,39.54407013146752,11.583273795215066,43.48192367761753,11.33496519550447,4.252350419262341,1.0,0.0,0.0,0.0,0.0,model4,9.0,False,3336.0
1112,2015-05-21T05:00:00Z,41.0,164.8252099366869,454.3899468984491,101.20170327780485,39.23837059829665,13.127036330757495,48.22625086390264,11.395146003958008,4.410652862593762,1.0,0.0,0.0,0.0,0.0,model4,9.0,False,3339.0
1113,2015-05-21T08:00:00Z,41.0,166.29886093742672,449.6133029665632,100.46119990131115,39.97048263962172,13.355960203699489,51.076922064713344,11.968858545543881,4.707379909050902,1.0,0.0,0.0,0.0,0.0,model4,9.0,False,3342.0
1114,2015-05-21T11:00:00Z,41.0,165.50187706934872,451.5322464135176,103.78976938565592,40.2654509466674,12.86284480309356,52.686687542387425,9.148528193531936,4.53489012871704,1.0,0.0,0.0,0.0,0.0,model4,9.0,False,3345.0
1115,2015-05-21T14:00:00Z,41.0,166.43185828618363,457.23141503101465,102.24591217843887,41.07283918455909,14.699915543520286,48.99729381951986,8.554878992101635,3.9270798381058873,1.0,0.0,0.0,0.0,0.0,model4,9.0,False,3348.0
1116,2015-05-21T17:00:00Z,41.0,168.03836444592014,451.04410573366056,102.52953671349285,41.20175646402177,15.63271424179072,51.52271440898224,8.606326422992082,4.077754077716702,1.0,0.0,0.0,0.0,0.0,model4,9.0,False,3351.0
1117,2015-05-21T20:00:00Z,41.0,169.78343862333247,454.72011231954366,103.45557650219166,40.2887689659271,14.335199890778535,52.69774818619538,9.065417198131088,4.0793144724304,1.0,0.0,0.0,0.0,0.0,model4,9.0,False,3354.0
1118,2015-05-21T23:00:00Z,41.0,169.60895900660358,458.69810731545954,103.72929134302936,40.621553518451364,15.270051402034929,50.610648770564644,9.000640793229334,4.367192035318957,0.0,0.0,0.0,0.0,0.0,model4,9.0,False,3357.0
1119,2015-05-22T02:00:00Z,41.0,169.10272238034653,450.1982054080788,102.74259254890265,40.40701953384717,15.347126594368895,50.126998637458755,9.23134834535853,4.210463108240396,0.0,0.0,0.0,0.0,0.0,model4,9.0,False,3360.0
1120,2015-05-22T05:00:00Z,41.0,170.9213569487836,447.5461353965696,102.37463353142012,40.17192513620622,12.650474600523749,48.81923275123802,9.11986956394369,4.139109957512966,0.0,0.0,0.0,0.0,0.0,model4,9.0,False,3363.0
1121,2015-05-22T08:00:00Z,41.0,171.2391954224619,448.69671221974335,102.90828873876279,39.74215111472185,12.519842082182127,44.71051724324434,8.38100206042303,4.247286443358414,0.0,0.0,0.0,0.0,0.0,model4,9.0,False,3366.0
1122,2015-05-22T11:00:00Z,41.0,170.11671989985987,446.86004242064627,101.21644891456192,39.087341808756044,12.679895736493759,42.63652655464893,8.567321463634052,4.837431518008978,0.0,0.0,0.0,0.0,0.0,model4,9.0,False,3369.0
1123,2015-05-22T14:00:00Z,41.0,171.019782254182,446.19872570326623,100.9586625709398,38.51408227613701,13.213431989841226,42.13831166856699,8.89054780952119,5.161990286166566,0.0,0.0,0.0,0.0,0.0,model4,9.0,False,3372.0
1124,2015-05-22T17:00:00Z,41.0,170.69308414423597,453.4080875364376,102.0502904297435,37.720828338345754,12.659443493468649,45.04781104820003,8.870808654672386,5.096382006994894,0.0,0.0,0.0,0.0,0.0,model4,9.0,False,3375.0
1125,2015-05-22T20:00:00Z,41.0,170.22928053342432,451.67141651627713,100.70156607066204,38.1746394257971,13.033690488239644,43.753084937058105,8.568834965584706,5.549930768408219,0.0,0.0,0.0,0.0,0.0,model4,9.0,False,3378.0
1126,2015-05-22T23:00:00Z,41.0,171.83607999264916,450.21133141817353,100.07842308094072,37.29398372889077,12.729969196620926,42.79708976244346,8.920663443427337,5.0254169375661,0.0,0.0,0.0,0.0,0.0,model4,9.0,False,3381.0
1127,2015-05-23T02:00:00Z,41.0,170.51617628049914,455.43612496867684,101.7387440639988,37.4979253055149,15.351242428845312,43.89024362296359,10.184741038499581,5.218867324238311,0.0,0.0,0.0,0.0,0.0,model4,9.0,False,3384.0
1128,2015-05-23T05:00:00Z,41.0,171.09429411017774,455.37568017440634,101.11770411681387,37.802036163591524,15.376765867376225,39.1752287197428,10.72413473927358,5.426053130327006,0.0,0.0,0.0,0.0,0.0,model4,9.0,False,3387.0
1129,2015-05-23T08:00:00Z,41.0,169.1611372585569,452.43796696137343,102.56653623262709,38.13811921990285,15.292196433357141,40.97173407985621,10.644305999774243,5.449938936112424,0.0,0.0,0.0,0.0,0.0,model4,9.0,False,3390.0
1130,2015-05-23T11:00:00Z,41.0,170.21027491541068,456.5814646937096,102.37081618721504,38.56732367998885,15.472871348926244,40.312224418913694,10.819504500971453,5.312603935959026,0.0,0.0,0.0,0.0,0.0,model4,9.0,False,3393.0
1131,2015-05-23T14:00:00Z,41.0,168.77695536717172,460.3391532540789,102.73265552254044,38.42009462824125,13.610999840180547,41.61566224711245,10.16457979020119,5.441123732996068,0.0,0.0,0.0,0.0,0.0,model4,9.0,False,3396.0
1132,2015-05-23T17:00:00Z,41.0,168.65560374695926,456.817908775554,102.09029693482442,38.91702173212461,14.715937359919668,37.693385436703906,10.39290744893852,5.215079576208562,0.0,0.0,0.0,0.0,0.0,model4,9.0,False,3399.0
1133,2015-05-23T20:00:00Z,41.0,166.9206472364057,461.0235935082188,102.37662643031702,39.12018349496027,15.592102662866855,41.21153448773521,10.270127047483124,5.563816269415341,0.0,0.0,0.0,0.0,0.0,model4,9.0,False,3402.0
1134,2015-05-23T23:00:00Z,41.0,165.89139054509982,461.0160562174936,102.23446765921742,39.12545158633232,15.412487336346464,41.79687327697087,11.24741478053555,5.3772045267169455,0.0,0.0,0.0,0.0,0.0,model4,9.0,False,3405.0
1135,2015-05-24T02:00:00Z,41.0,164.82734682256722,458.8390646073822,101.2276409287012,39.32993335155294,14.836297606140269,54.47469876697518,10.26666425579008,5.194756962157656,0.0,0.0,0.0,0.0,0.0,model4,9.0,False,3408.0
1136,2015-05-24T05:00:00Z,41.0,167.06131611449075,457.0133757577839,100.26381112233804,39.69573831727549,18.264188946299086,55.217317351943215,11.364384343122582,5.097917129923621,0.0,0.0,0.0,0.0,0.0,model4,9.0,False,3411.0
1137,2015-05-24T08:00:00Z,41.0,167.84551175172862,459.2569233587624,98.52447200228924,39.341107041865,18.143669684779773,54.963007632364025,11.526116757255275,5.390325239600546,0.0,0.0,0.0,0.0,0.0,model4,9.0,False,3414.0
1138,2015-05-24T11:00:00Z,41.0,167.970812082938,447.93442238139977,99.8486523674137,38.748567594116786,17.913022972035662,60.280569104258184,12.287703109566277,5.477353092554476,0.0,0.0,0.0,0.0,0.0,model4,9.0,False,3417.0
1139,2015-05-24T14:00:00Z,41.0,167.86062513026476,448.084888908603,100.45686202921762,39.302725479147895,17.460132604053225,60.654843797422465,12.302619046807376,4.98723942318094,0.0,0.0,0.0,0.0,0.0,model4,9.0,False,3420.0
1140,2015-05-24T17:00:00Z,41.0,168.21447247623263,456.5639222073581,100.36634841741228,38.497891881426334,16.9463543709539,62.03060789163351,12.01988002557852,5.457480778187689,0.0,0.0,0.0,0.0,0.0,model4,9.0,False,3423.0
1141,2015-05-24T20:00:00Z,41.0,172.11126270754647,453.700670624164,100.02268634569323,38.00748765968396,16.386819299165587,62.36253201794813,11.722643429785002,4.802101294463516,0.0,0.0,0.0,0.0,0.0,model4,9.0,False,3426.0
1142,2015-05-24T23:00:00Z,41.0,172.85221283263007,451.7847500715409,100.31122525934536,37.9982698635979,16.380019722178332,62.47816618283778,10.396927656938434,4.864926631969288,0.0,0.0,0.0,0.0,0.0,model4,9.0,False,3429.0
1143,2015-05-25T02:00:00Z,41.0,174.6817558981169,452.51991642546966,101.01984359293631,37.834957781612026,14.073750580850827,50.03873430222418,10.511258611546591,4.981148279056402,0.0,0.0,0.0,0.0,0.0,model4,9.0,False,3432.0
1144,2015-05-25T05:00:00Z,41.0,172.53365933472267,456.0470877559651,101.38965583461581,37.74259279351494,10.41680390086626,53.264514691690046,9.143352248548734,4.8995421137661115,0.0,0.0,0.0,0.0,0.0,model4,9.0,False,3435.0
1145,2015-05-25T08:00:00Z,41.0,171.25285659533628,461.2627928590586,102.47669400617072,38.017443960062366,12.08277422716018,50.536804492820536,8.416212976034222,4.484941767096405,0.0,0.0,0.0,0.0,0.0,model4,9.0,False,3438.0
1146,2015-05-25T11:00:00Z,41.0,171.2075414803749,472.55863307496315,101.61610910946078,38.76559192768881,12.555684508648383,38.75642552827548,7.470946199457821,4.4016543621845585,0.0,0.0,0.0,0.0,0.0,model4,9.0,False,3441.0
1147,2015-05-25T14:00:00Z,41.0,169.17748881194808,468.80484284778686,100.27793807309492,38.74840234552185,15.873932937092908,39.15135668053097,8.103169358383807,4.503852598544023,0.0,0.0,0.0,0.0,0.0,model4,9.0,False,3444.0
1148,2015-05-25T17:00:00Z,41.0,168.3978959076484,460.9893403770316,101.30681320295378,39.32299365867409,15.18020923768384,40.91448724566503,9.15557123022378,3.8020891578313654,0.0,0.0,0.0,0.0,0.0,model4,9.0,False,3447.0
1149,2015-05-25T20:00:00Z,41.0,167.11253162736304,460.5841889209207,100.30761033468056,39.17575159484246,14.206433468285375,39.98704949545104,9.64060065104398,3.6241685220190716,0.0,0.0,0.0,0.0,0.0,model4,9.0,False,3450.0
1150,2015-05-25T23:00:00Z,41.0,167.27725237450912,460.4548373089818,99.88929182762257,38.554075075000064,13.341877737282973,43.08407249058717,10.174889285041216,4.336911998143445,0.0,0.0,0.0,0.0,0.0,model4,9.0,False,3453.0
1151,2015-05-26T02:00:00Z,41.0,168.29606278086192,461.3722389118927,97.5403244827752,38.57382476845447,13.266469748839302,46.60985780398756,10.73179357638401,5.1088759523576135,0.0,0.0,0.0,0.0,0.0,model4,9.0,False,3456.0
1152,2015-05-26T05:00:00Z,41.0,168.23102585939762,456.47250802397036,98.3656307760835,38.501677813712156,14.065791577383964,42.398763761265954,10.368790239651773,5.22591284486808,0.0,0.0,0.0,0.0,0.0,model4,9.0,False,3459.0
1153,2015-05-26T08:00:00Z,41.0,170.39672899164313,453.17189974271554,99.39828603464436,38.16872439815352,14.395419121433337,43.681675747605716,11.101172127428393,5.724613076931948,0.0,0.0,0.0,0.0,0.0,model4,9.0,False,3462.0
1154,2015-05-26T11:00:00Z,41.0,171.69489294800283,453.3003634054592,99.54077639225977,38.212097541434034,14.60508013090308,47.901028025427024,11.094765014664524,5.7680103344605484,0.0,0.0,0.0,0.0,0.0,model4,9.0,False,3465.0
1155,2015-05-26T14:00:00Z,41.0,172.4926509507145,447.54525674255683,100.47827594984473,38.757795818582785,11.687084946992927,48.023841544302904,10.665189899413882,6.208568066979447,0.0,0.0,0.0,0.0,0.0,model4,9.0,False,3468.0
1156,2015-05-26T17:00:00Z,41.0,172.9858845178968,449.10371020239006,98.67177091299207,39.295135170546594,12.403200950006244,45.76250549913705,9.191118541486835,6.3404193031988445,0.0,0.0,0.0,0.0,0.0,model4,9.0,False,3471.0
1157,2015-05-26T20:00:00Z,41.0,173.52374902244395,445.6373323766216,100.016730152991,40.140441837726605,13.318528171470168,41.98451657146598,9.062361737030097,6.506307400103633,0.0,1.0,0.0,0.0,0.0,model4,9.0,False,3474.0
1158,2015-05-26T23:00:00Z,41.0,174.71850161805165,448.51593791737986,101.57806240926165,40.30235320058289,15.270796888328949,38.86674969171461,9.288948382665478,6.313919300439483,0.0,1.0,0.0,0.0,0.0,model4,9.0,False,3477.0
1159,2015-05-27T02:00:00Z,41.0,173.43373216368968,448.9254786189279,101.1710895974428,40.44783246629064,16.025095564817928,37.85507536718954,8.840005006290559,5.714329738309281,0.0,1.0,0.0,0.0,0.0,model4,9.0,False,3480.0
1160,2015-05-27T05:00:00Z,41.0,173.52677733899623,453.29093195503236,100.83301774425631,40.703135749855434,15.714799817126524,39.16669346830455,9.175418700002185,5.555122885877216,0.0,1.0,0.0,0.0,0.0,model4,9.0,False,3483.0
1161,2015-05-27T08:00:00Z,41.0,171.42957222147248,459.54170697939605,99.89608584618065,40.80683982063904,15.590728953687892,45.33987323442855,8.612723735598639,5.03285424791029,0.0,1.0,0.0,0.0,0.0,model4,9.0,False,3486.0
1162,2015-05-27T11:00:00Z,41.0,171.98878179777498,457.37330547600266,99.7882699279916,40.45369813997335,15.957287508840865,41.61826088806443,8.538517697223826,4.900993947788533,0.0,1.0,0.0,0.0,0.0,model4,9.0,False,3489.0
1163,2015-05-27T14:00:00Z,41.0,173.53144093173077,467.8791050580989,98.5217338273428,40.85765917933957,15.04307521241318,44.013362483219176,9.296523028254107,5.076115143411439,0.0,1.0,0.0,0.0,0.0,model4,9.0,False,3492.0
1164,2015-05-27T17:00:00Z,41.0,172.63079632699416,466.28543505952314,98.3511845989506,41.133586533977606,14.764319175760699,47.01422483539834,9.370518326058095,5.54606776892707,0.0,1.0,0.0,0.0,0.0,model4,9.0,False,3495.0
1165,2015-05-27T20:00:00Z,41.0,170.85031678418375,455.8006395368779,98.05664578988392,40.540252790398604,14.385368103075914,58.03501450784081,9.18493388188997,5.450011285032693,0.0,0.0,0.0,0.0,0.0,model4,9.0,False,3498.0
1166,2015-05-27T23:00:00Z,41.0,169.37249926523566,451.62346748332016,97.1090537587034,40.826367804461704,11.749320757347922,59.460261885943225,8.46909425912197,5.2688965345345125,0.0,0.0,0.0,0.0,0.0,model4,9.0,False,3501.0
1167,2015-05-28T02:00:00Z,41.0,169.7785607411236,453.636729226539,99.73588170007879,40.822804417665296,11.618531309805947,59.184452869451334,8.63511462217838,5.132215688290696,0.0,0.0,0.0,0.0,0.0,model4,9.0,False,3504.0
1168,2015-05-28T05:00:00Z,41.0,171.45905856162074,449.2858338572551,100.92210513432444,40.23177811689164,13.503068651191779,58.37702373042675,9.819330750113963,5.112570249370836,0.0,0.0,0.0,0.0,0.0,model4,9.0,False,3507.0
1169,2015-05-28T08:00:00Z,41.0,173.29863278161545,442.2881075587347,100.3154667753063,39.90410432129046,13.162500811397178,52.044562428418544,10.37731044697656,5.218128245625612,0.0,0.0,0.0,0.0,0.0,model4,9.0,False,3510.0
1170,2015-05-28T11:00:00Z,41.0,169.61602986438743,443.8260453282227,98.48707929678629,40.04834525627018,13.023321517421895,52.19221030494223,11.574781282849901,5.549612276481725,0.0,0.0,0.0,0.0,0.0,model4,9.0,False,3513.0
1171,2015-05-28T14:00:00Z,41.0,170.14143439957186,439.2563693283522,100.00014785121321,38.89297514643741,14.254243443459814,44.75170849093173,11.131302732357067,4.895363665752416,0.0,0.0,0.0,0.0,0.0,model4,9.0,False,3516.0
1172,2015-05-28T17:00:00Z,41.0,168.88040986872588,442.0191682080398,101.28670795532793,37.83660035712843,14.979432523431784,47.068307781871894,11.157218296190925,4.169309526061458,0.0,0.0,0.0,0.0,0.0,model4,9.0,False,3519.0
1173,2015-05-28T20:00:00Z,41.0,170.8530406414226,451.0577821333557,100.61138646256852,38.173528325195406,15.05414298088684,36.195158853237174,11.343909610768677,4.419879674314722,0.0,0.0,0.0,0.0,0.0,model4,9.0,False,3522.0
1174,2015-05-28T23:00:00Z,41.0,169.82025485675376,456.5309289064077,100.03179007383778,38.648594134067494,15.629354306464643,40.04998172010344,10.976019914322672,4.151484949986348,0.0,0.0,0.0,0.0,0.0,model4,9.0,False,3525.0
1175,2015-05-29T02:00:00Z,41.0,169.6913962995967,453.0268630139129,98.64345640201724,38.95909940200651,15.558140510708034,39.44985597370349,10.550191600933942,4.374594559832923,0.0,0.0,0.0,0.0,0.0,model4,9.0,False,3528.0
1176,2015-05-29T05:00:00Z,41.0,167.83712291682914,455.62994482266816,97.72606954864443,39.36609842489053,14.848266173428568,39.905406994472024,9.262953516185835,4.534920308942104,0.0,0.0,0.0,0.0,0.0,model4,9.0,False,3531.0
1177,2015-05-29T08:00:00Z,41.0,167.48423272463492,467.576567830189,97.95294680745138,39.60556993008552,14.23422497387146,46.319349495345705,8.304052783971963,4.2418341974473535,0.0,0.0,0.0,0.0,0.0,model4,9.0,False,3534.0
1178,2015-05-29T11:00:00Z,41.0,166.42782376572282,462.3135484499573,99.8850965207168,40.138363600197096,16.2340281381702,50.235355950633576,7.64770601940149,3.8072480018420474,0.0,0.0,0.0,0.0,0.0,model4,9.0,False,3537.0
1179,2015-05-29T14:00:00Z,41.0,166.90024475251232,462.9845156037466,99.294330345662,40.748034828386466,15.862371491146117,50.78249587805964,8.685875551268962,3.727738801583607,0.0,0.0,0.0,0.0,0.0,model4,9.0,False,3540.0
1180,2015-05-29T17:00:00Z,41.0,168.52728270730537,462.5153020647432,98.59597209810528,41.50680307230344,15.709605914147215,47.23374214751957,8.253958740457437,3.4479409458154384,0.0,0.0,0.0,0.0,0.0,model4,9.0,False,3543.0
1181,2015-05-29T20:00:00Z,41.0,167.0789433718763,466.74722711245613,101.08013540864263,41.46995719399785,15.887569509976554,47.532396485209425,10.099843028488504,3.7185327613795263,0.0,0.0,0.0,0.0,0.0,model4,9.0,False,3546.0
1182,2015-05-29T23:00:00Z,41.0,166.97454112447832,456.2163387466485,103.06479127901696,41.068317730116476,17.774735001941806,53.198468523293975,11.818891232880054,4.055171409947288,0.0,0.0,0.0,0.0,0.0,model4,9.0,False,3549.0
1183,2015-05-30T02:00:00Z,41.0,168.2734023303346,447.75416581660454,103.1400834332425,40.64185415377758,18.40882258496267,57.01743371168666,12.120420452243488,4.274880206488455,0.0,0.0,0.0,0.0,0.0,model4,9.0,False,3552.0
1184,2015-05-30T05:00:00Z,41.0,168.21751472339886,442.58183431472963,103.2630244451534,40.5264210672819,17.136074983064766,60.27905437809196,12.696832521538475,4.550472145070269,0.0,0.0,0.0,0.0,0.0,model4,9.0,False,3555.0
1185,2015-05-30T08:00:00Z,41.0,166.7615078873399,437.72002232081985,103.92498093322467,40.512576961960285,17.32404591300347,53.53350018994831,12.598347110472915,4.5490117769934,0.0,0.0,0.0,0.0,0.0,model4,9.0,False,3558.0
1186,2015-05-30T11:00:00Z,41.0,170.47414796616675,441.5340536422384,104.42447329094247,39.74658674187664,15.631151019696588,55.05392430846285,11.775755652725332,4.8131866115233946,0.0,0.0,0.0,0.0,0.0,model4,9.0,False,3561.0
1187,2015-05-30T14:00:00Z,41.0,169.47526066304204,439.61575293130386,104.46576307882505,39.709031651319016,15.939235853863115,56.42075275775189,11.019077821704004,4.714241895101745,0.0,0.0,0.0,0.0,0.0,model4,9.0,False,3564.0
1188,2015-05-30T17:00:00Z,41.0,168.8681191800681,438.9641772643277,103.73807666353943,39.784260833122026,15.731098573429039,59.94240939051591,12.050966739191814,4.596380184778184,0.0,0.0,0.0,0.0,0.0,model4,9.0,False,3567.0
1189,2015-05-30T20:00:00Z,41.0,169.6780291289749,434.92001641118605,101.1592543123545,39.61370467939936,15.725993565711525,59.9113405220924,11.407508105466846,4.068114277336348,0.0,0.0,0.0,0.0,0.0,model4,9.0,False,3570.0
1190,2015-05-30T23:00:00Z,41.0,170.1819537229452,440.18698157342635,98.87974653010252,39.085711156619894,13.394131615060106,54.639127405906045,9.282317276596796,4.509728686282283,0.0,0.0,0.0,0.0,0.0,model4,9.0,False,3573.0
1191,2015-05-31T02:00:00Z,41.0,169.4202009966554,446.3855276344205,100.40866240646605,38.80616603623685,12.992673930295606,53.823534556907425,9.440861418748517,4.2254621459257535,0.0,0.0,0.0,0.0,0.0,model4,9.0,False,3576.0
1192,2015-05-31T05:00:00Z,41.0,167.42790021936162,452.8325755051946,99.08241446998726,38.69895211047965,14.856943512244227,55.771110188578646,9.300159579690847,3.853346110971557,0.0,0.0,0.0,0.0,0.0,model4,9.0,False,3579.0
1193,2015-05-31T08:00:00Z,41.0,168.32298956439234,452.0177818443119,98.71607282875894,39.197835670823814,14.590359026280627,54.72719431962554,9.42480531651626,4.3025664030260495,0.0,0.0,0.0,0.0,0.0,model4,9.0,False,3582.0
1194,2015-05-31T11:00:00Z,41.0,165.37476063263946,460.9727711612645,98.42769909699172,39.174436389157,15.328855463326551,61.15898704822622,9.781141442642706,4.771301480347791,0.0,0.0,0.0,0.0,0.0,model4,9.0,False,3585.0
1195,2015-05-31T14:00:00Z,41.0,167.1807157749077,463.2271525756798,97.35643178190777,38.574301200827676,16.73829874438654,67.97306321912679,10.403458158309146,4.730938319249795,0.0,0.0,0.0,0.0,0.0,model4,9.0,False,3588.0
1196,2015-05-31T17:00:00Z,41.0,166.13042895584294,457.84047222300484,97.04927372217315,38.805396338728826,16.702643021016282,67.77527429601415,9.85261413888034,5.071004900257403,0.0,0.0,0.0,0.0,0.0,model4,9.0,False,3591.0
1197,2015-05-31T20:00:00Z,41.0,166.0589083742907,460.6138821378526,96.76198610403162,38.904975196941365,15.905939764200534,65.16782301285923,9.862138176796668,5.17037181767075,0.0,0.0,0.0,0.0,0.0,model4,9.0,False,3594.0
1198,2015-05-31T23:00:00Z,41.0,165.78498209356437,466.7145887203145,97.56499406649573,39.44935262186324,16.132969467541766,63.535724966079776,10.677254782492776,5.7450937070064185,0.0,0.0,0.0,0.0,0.0,model4,9.0,False,3597.0
1199,2015-06-01T02:00:00Z,41.0,167.2769531117304,469.4201023995129,96.13895953923715,39.35207788779643,16.418473305693723,63.569736223306435,9.396843574496,6.1055430259582195,0.0,0.0,0.0,0.0,0.0,model4,9.0,False,3600.0
1200,2015-06-01T05:00:00Z,41.0,169.3448430042117,473.66359007992935,98.0885391523588,38.538888387202064,14.963881356745315,60.44923009302618,9.702846812244717,6.403625123254533,0.0,0.0,0.0,0.0,0.0,model4,9.0,False,3603.0
1201,2015-06-01T08:00:00Z,41.0,169.07412488384884,467.5929601357572,98.08612775343708,37.78284502511202,14.500172539690034,62.945885862141715,10.055151311529443,6.01927263249054,0.0,0.0,0.0,0.0,0.0,model4,9.0,False,3606.0
1202,2015-06-01T11:00:00Z,41.0,173.68308924196708,456.737817526075,98.15819832688078,37.772462278960674,13.835086466927278,55.760319298151686,9.62435219739096,5.819194649471253,0.0,0.0,0.0,0.0,0.0,model4,9.0,False,3609.0
1203,2015-06-01T14:00:00Z,41.0,173.2340544695355,457.3001501912625,99.55828556875286,38.479874371322936,11.948621244549336,44.958714099909535,8.874715611129911,6.026448473363639,0.0,0.0,0.0,0.0,0.0,model4,9.0,False,3612.0
1204,2015-06-01T17:00:00Z,41.0,175.47744758016583,459.37759128216913,99.75341488236631,37.945809118965286,10.838121051569397,41.18557754831804,8.693876190154588,6.058684773240429,0.0,0.0,0.0,0.0,0.0,model4,9.0,False,3615.0
1205,2015-06-01T20:00:00Z,41.0,173.77810608411025,456.44173946718763,101.18738616696484,38.03418207994735,12.030623140004563,49.51479129415921,8.277270206087737,6.131986656537008,0.0,0.0,0.0,0.0,0.0,model4,9.0,False,3618.0
1206,2015-06-01T23:00:00Z,41.0,174.93777378750178,450.7704779349847,101.68957052625021,38.23972501041219,11.278536147990653,50.2291446472801,7.625666402814358,5.3431099338532375,0.0,0.0,0.0,0.0,0.0,model4,9.0,False,3621.0
1207,2015-06-02T02:00:00Z,41.0,174.51412449724955,446.38603239159625,101.76732386462557,39.24813047833501,11.685811335885148,46.03408649342255,8.01601566044031,5.352449668295517,0.0,0.0,0.0,0.0,0.0,model4,9.0,False,3624.0
1208,2015-06-02T05:00:00Z,41.0,177.10238478506332,439.01328704640287,100.6239531582398,40.1555665641384,12.580060226871801,39.14913651819667,8.861160221708834,4.781005656136465,0.0,0.0,0.0,0.0,0.0,model4,9.0,False,3627.0
1209,2015-06-02T08:00:00Z,41.0,177.84539397754173,437.64522909296517,100.01384927479408,40.44809351311178,12.209262101268887,44.01801628084834,8.078899026133541,4.668933979181274,0.0,0.0,0.0,0.0,0.0,model4,9.0,False,3630.0
1210,2015-06-02T11:00:00Z,41.0,174.47399019188114,441.9838423003199,100.26885246162851,40.845973527230036,12.209117390613825,47.97454494300073,7.919908029145135,4.115068462359348,0.0,0.0,0.0,0.0,0.0,model4,9.0,False,3633.0
1211,2015-06-02T14:00:00Z,41.0,172.6715189427938,446.6030822627651,98.82817362275708,41.222280409977756,12.35885159918411,52.1262617803466,9.25992797718042,4.299977825838382,0.0,0.0,0.0,0.0,0.0,model4,9.0,False,3636.0
1212,2015-06-02T17:00:00Z,41.0,170.27824889392485,448.09218230717084,98.41045645194544,40.95428721622943,13.08137571232976,60.46271451409771,9.694614865392284,4.384432354311553,0.0,0.0,0.0,0.0,0.0,model4,9.0,False,3639.0
1213,2015-06-02T20:00:00Z,41.0,172.5092251300795,446.0285700192767,97.72933022971857,41.206958527389176,12.695665187386705,59.99504406803175,9.336197759070227,4.483069234343931,0.0,0.0,0.0,0.0,0.0,model4,9.0,False,3642.0
1214,2015-06-02T23:00:00Z,41.0,171.407723660571,447.85428793844915,96.55712297037144,41.30847052346429,12.306833539090205,59.93891227932958,8.748657383693857,4.341019357605954,0.0,0.0,0.0,0.0,0.0,model4,9.0,False,3645.0
1215,2015-06-03T02:00:00Z,41.0,170.36930093284874,452.00949547531286,95.40779928972952,41.306385087914094,12.536753269330022,62.71748195821287,9.345689849182852,4.3146348044625285,0.0,0.0,0.0,0.0,0.0,model4,9.0,False,3648.0
1216,2015-06-03T05:00:00Z,41.0,165.99513722373277,451.5398450471213,96.39573870421856,41.16313616391318,12.014857216791803,63.35522989424121,9.16203873881144,4.389295691234938,0.0,0.0,0.0,0.0,0.0,model4,9.0,False,3651.0
1217,2015-06-03T08:00:00Z,41.0,167.54494085334537,455.73237601377815,96.66416951496493,40.806844079643156,13.291191370602329,57.7944185436576,9.60913850720664,4.629934470176922,0.0,0.0,0.0,0.0,0.0,model4,9.0,False,3654.0
1218,2015-06-03T11:00:00Z,41.0,167.9524649296175,452.96037719539146,95.57514441650032,41.06327001471065,12.799391112335687,55.43898157006571,9.739870533820227,4.551606303826889,0.0,0.0,0.0,0.0,0.0,model4,9.0,False,3657.0
1219,2015-06-03T14:00:00Z,41.0,168.13299058528062,444.6773885616671,96.32270937380257,39.59862827723857,13.36168113893931,51.77782081907469,9.124793027240198,4.840587758888678,0.0,0.0,0.0,0.0,0.0,model4,9.0,False,3660.0
1220,2015-06-03T17:00:00Z,41.0,169.43348089112547,444.8914926897789,97.03468336750096,39.809063388720226,12.961725757953674,42.381823155452864,8.993801802531493,4.563040068929503,0.0,0.0,0.0,0.0,0.0,model4,9.0,False,3663.0
1221,2015-06-03T20:00:00Z,41.0,168.53244559405138,443.4088719509826,97.95268858127493,39.64909449485243,13.138509958732536,40.171299699544406,9.472223241680043,4.2436186812280425,0.0,0.0,0.0,0.0,0.0,model4,9.0,False,3666.0
1222,2015-06-03T23:00:00Z,41.0,169.01654583098025,438.3045963310322,97.865211225192,39.80572825209058,13.067173054748945,45.07627652406993,9.661240055018498,4.196260277273976,0.0,0.0,0.0,0.0,0.0,model4,9.0,False,3669.0
1223,2015-06-04T02:00:00Z,41.0,168.80621282002684,435.5884170059628,98.6286287423588,39.15651108878342,13.14506625005928,40.746471338764884,8.944113133568463,3.8514573778282255,0.0,0.0,0.0,0.0,0.0,model4,9.0,False,3672.0
1224,2015-06-04T05:00:00Z,41.0,170.84534852769218,440.66846121590385,97.26598129276108,39.28777073855707,12.372553787576663,42.78385564007122,8.340539592916722,3.916959943982188,0.0,0.0,0.0,0.0,0.0,model4,9.0,False,3675.0
1225,2015-06-04T08:00:00Z,41.0,170.0906378991886,442.15367947705306,95.80075556376636,39.41028336226982,11.761256271610328,51.73418287557612,9.76859213323599,3.8086746479278912,0.0,0.0,0.0,0.0,0.0,model4,9.0,False,3678.0
1226,2015-06-04T11:00:00Z,41.0,170.58735431037883,445.06180199071406,96.55794000838075,39.159501296974405,12.135306257100575,64.03456798529764,9.526748714949058,3.8228831967920964,0.0,0.0,0.0,0.0,0.0,model4,9.0,False,3681.0
1227,2015-06-04T14:00:00Z,41.0,168.96596573342148,442.0418674482106,95.84171371644017,39.559688119406964,14.137636169560293,66.1743061503809,9.509985882128671,3.6348966017804014,0.0,0.0,0.0,0.0,0.0,model4,9.0,False,3684.0
1228,2015-06-04T17:00:00Z,41.0,170.8343783974626,448.4748061039576,96.2901653248882,39.87296335723463,15.542201859284992,71.94276119708337,10.555227054332832,3.883477126050885,0.0,0.0,0.0,0.0,0.0,model4,9.0,False,3687.0
1229,2015-06-04T20:00:00Z,41.0,171.00182110866584,451.3381532306173,96.00591906688885,38.995029947805435,15.188253255097036,69.54986422153588,10.245999485985315,4.532381574623398,0.0,0.0,0.0,0.0,0.0,model4,9.0,False,3690.0
1230,2015-06-04T23:00:00Z,41.0,171.25818384271122,456.3021818874844,97.2518351016748,38.79245842423697,15.472676051339311,71.16706162940271,10.896247190272193,4.642581488519391,0.0,0.0,0.0,0.0,0.0,model4,9.0,False,3693.0
1231,2015-06-05T02:00:00Z,41.0,170.35405425053796,454.6193311245965,97.46699745147859,38.973876479380884,15.349535078404973,73.53355720112285,10.356249736087353,5.241630206825702,0.0,0.0,0.0,0.0,0.0,model4,9.0,False,3696.0
1232,2015-06-05T05:00:00Z,41.0,170.79366113102859,448.37990178761413,99.21161555965594,39.32306793804028,14.701089852534404,74.56626942383674,10.920039600749247,5.859684803482082,0.0,0.0,0.0,0.0,0.0,model4,9.0,False,3699.0
1233,2015-06-05T08:00:00Z,41.0,168.8346452513201,446.68107943175863,100.28992530089823,39.78318570922801,15.607274314345956,69.43166843804003,9.718576643980516,5.901970146325308,0.0,0.0,0.0,0.0,0.0,model4,9.0,False,3702.0
1234,2015-06-05T11:00:00Z,41.0,169.91402345569898,446.0234279001889,99.35998984556382,39.673023276008344,15.638339128125924,58.418858969326436,9.919279347291043,6.232207093376638,0.0,0.0,0.0,0.0,0.0,model4,9.0,False,3705.0
1235,2015-06-05T14:00:00Z,41.0,171.31243435759922,451.17855501029516,101.40803128891493,40.35316842907917,14.515789662674074,55.81879887360515,9.26719991198978,6.36029472888236,0.0,0.0,0.0,0.0,0.0,model4,9.0,False,3708.0
1236,2015-06-05T17:00:00Z,41.0,169.99951947414803,450.3127220815378,102.15428995367702,40.66773858540992,13.172244090765115,49.53591816458583,8.627676589167013,6.631210168986338,0.0,0.0,0.0,0.0,0.0,model4,9.0,False,3711.0
1237,2015-06-05T20:00:00Z,41.0,169.18814554276145,453.144149833114,101.87385475142338,41.94433334566717,13.414336955214006,54.31128124517034,9.161173882132752,6.066294214583751,0.0,0.0,0.0,0.0,0.0,model4,9.0,False,3714.0
1238,2015-06-05T23:00:00Z,41.0,169.38295456344576,455.97827236294785,100.63040774622951,41.92250927712837,13.76743815750842,45.24788967235129,9.070590130437674,5.950064518926964,0.0,0.0,0.0,0.0,0.0,model4,9.0,False,3717.0
1239,2015-06-06T02:00:00Z,41.0,169.2782778279471,455.569329967897,101.70314711702532,42.22234448930161,15.083500614239563,44.52514672469676,9.517742660173026,5.644852271646714,0.0,0.0,0.0,0.0,0.0,model4,9.0,False,3720.0
1240,2015-06-06T05:00:00Z,41.0,169.39835072083068,456.4787491046612,100.64000460527714,41.81312139726892,15.643661949256382,42.266530942070226,9.342719712439678,5.241925579116752,0.0,0.0,0.0,0.0,0.0,model4,9.0,False,3723.0
1241,2015-06-06T08:00:00Z,41.0,170.23487827313107,451.78429473289566,100.65490023584664,41.84392450903067,15.315201817651687,43.87381138406746,9.22217857402882,5.293845432171604,0.0,0.0,0.0,0.0,0.0,model4,9.0,False,3726.0
1242,2015-06-06T11:00:00Z,41.0,169.41915913699717,453.4168116625485,99.80683993152842,41.594108878679094,15.010393888221696,47.61827358341233,10.036785376950792,5.32763323216591,0.0,0.0,0.0,0.0,0.0,model4,9.0,False,3729.0
1243,2015-06-06T14:00:00Z,41.0,170.2604619744842,452.4497506208541,98.99576417421301,41.496601438975,14.341952465455222,46.93394567761077,12.778606703173153,5.1351701481978465,0.0,0.0,0.0,0.0,0.0,model4,9.0,False,3732.0
1244,2015-06-06T17:00:00Z,41.0,170.08879168680969,447.8829407413181,95.63142663195049,40.527111325911115,14.176512080759304,48.195203722493,13.696702569334883,4.443861983672432,0.0,0.0,0.0,0.0,0.0,model4,9.0,False,3735.0
1245,2015-06-06T20:00:00Z,41.0,170.40069018377488,444.8644659374602,95.78266898029626,40.14997939900215,13.693815982884407,43.90959704888712,13.768851729777731,4.274473794727784,0.0,0.0,0.0,0.0,0.0,model4,9.0,False,3738.0
1246,2015-06-06T23:00:00Z,41.0,169.4510703797655,443.64723243450084,95.85811577974913,40.453623481302685,13.456591983510432,47.70153777805828,13.661913975781715,4.335566971348307,0.0,0.0,0.0,0.0,0.0,model4,9.0,False,3741.0
1247,2015-06-07T02:00:00Z,41.0,171.89185563725587,447.7071763053711,95.46998355546646,40.003312813555006,14.173407746218315,43.90153210796473,13.411769882928688,3.917564326143335,0.0,0.0,0.0,0.0,0.0,model4,9.0,False,3744.0
1248,2015-06-07T05:00:00Z,41.0,171.1498795635689,446.2065798048737,94.97296883346084,40.07396378663991,13.09006298562964,44.43327745026247,13.259624371678646,4.196438759682587,0.0,0.0,0.0,0.0,0.0,model4,9.0,False,3747.0
1249,2015-06-07T08:00:00Z,41.0,171.29531881915645,448.834495076081,94.83860597981881,39.89484980210149,12.8332400465744,44.43060223500026,12.870261098713565,4.128632009411668,0.0,0.0,0.0,0.0,0.0,model4,9.0,False,3750.0
1250,2015-06-07T11:00:00Z,41.0,170.5827806745154,441.1789418067301,96.41526077811277,40.20018352326162,13.21603887202821,43.38834822024183,12.983777179801786,3.9911593943110764,0.0,0.0,0.0,0.0,0.0,model4,9.0,False,3753.0
1251,2015-06-07T14:00:00Z,41.0,172.1877689859994,442.25956428708986,97.415674895658,39.800766845953476,13.629519053783838,42.94938758268715,11.045815872782764,3.923645625119542,0.0,0.0,0.0,0.0,0.0,model4,9.0,False,3756.0
1252,2015-06-07T17:00:00Z,41.0,172.9769101175613,439.9218217387776,99.79782912660572,40.20890604886357,13.847705176861961,43.276235608026994,8.398448268895995,4.0920391617122345,0.0,0.0,0.0,0.0,0.0,model4,9.0,False,3759.0
1253,2015-06-07T20:00:00Z,41.0,175.25527289577366,447.8494758338137,98.7722538660922,40.47890240552358,14.330427960724215,46.08138950028125,8.799921787124251,4.201399338645574,0.0,0.0,0.0,0.0,0.0,model4,9.0,False,3762.0
1254,2015-06-07T23:00:00Z,41.0,176.74967612358262,443.5173566821337,99.59538633119776,40.61913437209755,14.183283543001645,43.69137034235201,8.757896191713186,4.326815963409524,0.0,0.0,0.0,0.0,0.0,model4,9.0,False,3765.0
1255,2015-06-08T02:00:00Z,41.0,172.63513728412357,434.43348184097516,99.04867106186607,40.65050925833616,17.707540309899365,49.470408297172405,8.3424214304071,4.468934610897434,0.0,0.0,0.0,0.0,0.0,model4,9.0,False,3768.0
1256,2015-06-08T05:00:00Z,41.0,174.34624781171172,432.1936769364733,98.95695449927523,41.065419911885,17.90121100355647,50.792498063905285,8.304013950237259,4.278117691601753,0.0,0.0,0.0,0.0,0.0,model4,9.0,False,3771.0
1257,2015-06-08T08:00:00Z,41.0,175.84475759735852,434.174385856743,99.36495021604874,41.079115715204296,17.580172676107484,55.32603802044246,8.02837072337914,4.250491074490931,0.0,0.0,0.0,0.0,0.0,model4,9.0,False,3774.0
1258,2015-06-08T11:00:00Z,41.0,177.0980248342315,439.928003558541,99.06353576087926,40.96675303844216,18.3977778465854,54.778360513974064,7.410701547692289,4.165903170149772,0.0,0.0,0.0,0.0,0.0,model4,9.0,False,3777.0
1259,2015-06-08T14:00:00Z,41.0,174.56849259751576,433.7039390160791,97.64613021327999,41.28389996685979,18.654367579136988,56.2489279458102,6.160852280352918,3.9560386433646912,0.0,0.0,0.0,0.0,0.0,model4,9.0,False,3780.0
1260,2015-06-08T17:00:00Z,41.0,172.64053638068677,430.3762162725351,98.36511782124252,41.42533542064497,18.816594952155725,56.938481454543066,7.331425648208341,3.6424747823463033,0.0,0.0,0.0,0.0,0.0,model4,9.0,False,3783.0
1261,2015-06-08T20:00:00Z,41.0,170.53356415853574,425.40867413827584,98.59620976902052,41.47117867881871,18.132726248846122,50.47226097364982,7.295750779857914,3.5985876618571884,0.0,0.0,0.0,0.0,0.0,model4,9.0,False,3786.0
1262,2015-06-08T23:00:00Z,41.0,169.83382367358533,430.7495983116036,98.3589979253534,40.23145192474207,17.549678071997526,52.29315089983793,7.151404076712412,4.420170758660223,0.0,0.0,0.0,0.0,0.0,model4,9.0,False,3789.0
1263,2015-06-09T02:00:00Z,41.0,173.504540472637,440.7907325259082,97.49598750253458,40.209688530324,12.606799467238062,49.30045124774024,7.446888618798338,4.334558373050266,0.0,0.0,0.0,0.0,0.0,model4,9.0,False,3792.0
1264,2015-06-09T05:00:00Z,41.0,173.09369582378292,442.03460342114715,98.0611811229221,39.87105104600008,15.082449717652946,52.1640621415665,8.656170378191277,4.262366896333175,0.0,0.0,0.0,0.0,0.0,model4,9.0,False,3795.0
1265,2015-06-09T08:00:00Z,41.0,169.86411254814413,444.4477598733559,97.27518917794296,39.32706502194007,15.788520131102588,50.07701101291679,9.681473295189038,4.382737391591205,0.0,0.0,0.0,0.0,0.0,model4,9.0,False,3798.0
1266,2015-06-09T11:00:00Z,41.0,167.71874053932032,446.9461588687247,97.26539784127851,39.83027778081161,16.015076354718786,51.45647409770498,9.750803774410636,4.67124284446951,0.0,0.0,0.0,0.0,0.0,model4,9.0,False,3801.0
1267,2015-06-09T14:00:00Z,41.0,168.58247590722584,450.778743895008,97.63132233253395,40.149710882778905,17.735872174693906,48.21511125779175,10.183541762231501,5.043012553391456,0.0,0.0,0.0,0.0,0.0,model4,9.0,False,3804.0
1268,2015-06-09T17:00:00Z,41.0,170.68857150520347,449.22725934533895,97.55648395144115,40.54724074175473,19.04670134822689,52.369800919759214,10.371916657339359,5.436819637569964,0.0,0.0,0.0,0.0,0.0,model4,9.0,False,3807.0
1269,2015-06-09T20:00:00Z,41.0,171.9181928922046,443.2463526255657,99.01666182427765,39.89551716028513,19.376838121161658,55.371133384260204,10.571485445038947,5.329418837769245,0.0,0.0,0.0,0.0,0.0,model4,9.0,False,3810.0
1270,2015-06-09T23:00:00Z,41.0,172.39068809772564,444.4235850016888,99.76644327857876,40.71074598287037,19.43637186564668,54.654399371964296,11.291847270101677,4.869494145821196,0.0,0.0,0.0,0.0,0.0,model4,9.0,False,3813.0
1271,2015-06-10T02:00:00Z,41.0,173.53284944234954,442.37467915545466,100.701415407171,41.00707124410915,20.374891086802595,56.59176314941936,12.04582745260416,4.891481586834497,0.0,0.0,0.0,0.0,0.0,model4,9.0,False,3816.0
1272,2015-06-10T05:00:00Z,41.0,173.35164270743255,450.62012676422216,101.8828676382732,41.47883748059185,18.334398921541823,53.44398387150333,11.693542788837881,5.203947055159198,0.0,0.0,0.0,0.0,0.0,model4,9.0,False,3819.0
1273,2015-06-10T08:00:00Z,41.0,174.24392007518287,448.32767369097746,103.16407537921387,42.378066065287825,17.402313408632825,58.57541532877573,10.706873476937732,4.7931945351986975,0.0,0.0,0.0,0.0,0.0,model4,9.0,False,3822.0
1274,2015-06-10T11:00:00Z,41.0,175.35564857347245,444.68598051338455,104.53041784273815,42.38870568765313,16.287445336542046,55.71130287788592,10.560140669595134,4.43136537905574,0.0,0.0,0.0,0.0,0.0,model4,9.0,False,3825.0
1275,2015-06-10T14:00:00Z,41.0,176.2288138059951,446.0558098892432,104.9563560614158,41.585469236322325,15.1905445801772,61.17116946717272,10.269158628615395,4.523139226172198,0.0,0.0,0.0,0.0,0.0,model4,9.0,False,3828.0
1276,2015-06-10T17:00:00Z,41.0,173.98462013621628,451.271181980653,105.1944153145078,40.35366233718347,15.995446599968762,55.801662277260846,10.19727685959407,4.588368771399213,0.0,0.0,0.0,0.0,0.0,model4,9.0,False,3831.0
1277,2015-06-10T20:00:00Z,41.0,171.03877124504834,455.8514195107308,104.7635461992968,40.07684956117232,17.268004907911084,54.5809989777353,9.733082843994016,5.011278342242544,0.0,0.0,0.0,0.0,0.0,model4,9.0,False,3834.0
1278,2015-06-10T23:00:00Z,41.0,170.35169794961237,457.8304113037137,102.87281374240831,40.2671806295267,17.072714517696518,56.99590989060529,10.353126009369,4.87801180493218,0.0,0.0,0.0,0.0,0.0,model4,9.0,False,3837.0
1279,2015-06-11T02:00:00Z,41.0,169.96668816811425,455.2578255951397,103.97816671199922,40.57842896501723,15.978870754344294,58.23517892487305,9.320386997282265,5.0462897247073455,0.0,0.0,0.0,0.0,0.0,model4,9.0,False,3840.0
1280,2015-06-11T05:00:00Z,41.0,168.76269482788504,451.3099976459615,102.38166181162777,39.52845835526225,15.999731693848755,56.355537832585405,8.970234275645707,4.653475619599001,0.0,0.0,0.0,0.0,0.0,model4,9.0,False,3843.0
1281,2015-06-11T08:00:00Z,41.0,171.00206110169745,451.7260216205513,101.96621348578505,39.398115332072614,16.298864203141928,53.44243029063589,8.620870806212162,4.569112973805312,0.0,0.0,0.0,0.0,0.0,model4,9.0,False,3846.0
1282,2015-06-11T11:00:00Z,41.0,172.2565893675777,447.97577758501177,100.5540874743712,38.94224046212364,15.330643191952749,56.65721441846304,8.781363316910047,4.4890491939405175,0.0,0.0,0.0,0.0,0.0,model4,9.0,False,3849.0
1283,2015-06-11T14:00:00Z,41.0,172.23702559535568,447.05281137113775,99.87321761789637,39.69899685555074,14.939653330886168,51.48483416275343,11.496700762398865,5.007905401319448,0.0,0.0,0.0,0.0,0.0,model4,9.0,False,3852.0
1284,2015-06-11T17:00:00Z,41.0,173.25743106662037,447.83591014050796,98.74844602603895,40.327814704847654,13.071543991822633,55.373479399928634,11.070009157126298,4.866248817445851,0.0,0.0,0.0,0.0,0.0,model4,9.0,False,3855.0
1285,2015-06-11T20:00:00Z,41.0,176.24367588888782,447.9045494631612,98.05102040027315,41.257167025096436,11.372661270996142,56.11585150345326,11.25980734720115,4.472666006037501,0.0,0.0,0.0,0.0,0.0,model4,9.0,False,3858.0
1286,2015-06-11T23:00:00Z,41.0,174.79510539561954,441.4267468570001,98.43645923739813,41.2141149583005,12.681986403520837,53.74850955452251,11.081979177418726,4.452300000640924,0.0,1.0,0.0,0.0,0.0,model4,9.0,False,3861.0
1287,2015-06-12T02:00:00Z,41.0,173.0405355891937,446.1213314409051,96.54920168202534,40.97681267762356,12.742476043603606,53.06682454684662,10.319947090268476,4.76280290418392,0.0,1.0,0.0,0.0,0.0,model4,9.0,False,3864.0
1288,2015-06-12T05:00:00Z,41.0,172.33572972342643,447.9506304150686,97.40366840269905,41.412277114196755,15.460458855753995,54.54434524065114,11.084869634492565,4.4792204751652385,0.0,1.0,0.0,0.0,0.0,model4,9.0,False,3867.0
1289,2015-06-12T08:00:00Z,41.0,168.92154216406124,443.490053289128,97.92210126640585,40.689039788228456,16.82856085423494,56.13080594484339,11.509965671609695,5.4072309848576765,0.0,1.0,0.0,0.0,0.0,model4,9.0,False,3870.0
1290,2015-06-12T11:00:00Z,41.0,167.41145840780413,447.6798441094247,98.26708706983128,41.66796262243504,16.32513262501927,55.89801754222028,11.217207414936464,5.9531432044711305,0.0,1.0,0.0,0.0,0.0,model4,9.0,False,3873.0
1291,2015-06-12T14:00:00Z,41.0,166.5444205214923,449.790345025344,98.22859326325516,40.98896910338989,15.539142628307502,55.41086816007896,8.074279714615628,5.838791907643906,0.0,1.0,0.0,0.0,0.0,model4,9.0,False,3876.0
1292,2015-06-12T17:00:00Z,41.0,167.12602781924474,458.01380996563796,100.1130112411295,40.87595576307014,15.405292860320316,55.51283408599996,9.032594589747813,5.779846611821302,0.0,1.0,0.0,0.0,0.0,model4,9.0,False,3879.0
1293,2015-06-12T20:00:00Z,41.0,166.32933775908296,458.2678277876413,101.15644352817898,39.726976108158816,14.846267258450446,53.77574202512528,9.291120788482512,6.0058824706776335,0.0,1.0,0.0,0.0,0.0,model4,9.0,False,3882.0
1294,2015-06-12T23:00:00Z,41.0,165.2148427362267,460.18420778650335,100.5309266964267,38.72857222277479,16.224565005139315,59.545719386371076,9.550107287410707,6.415760413472179,0.0,0.0,0.0,0.0,0.0,model4,9.0,False,3885.0
1295,2015-06-13T02:00:00Z,41.0,166.5495116367238,462.1931532856395,100.69375868917007,38.560929043410376,17.083149238251277,58.98577797302593,9.701643799323886,5.971516297090738,0.0,0.0,0.0,0.0,0.0,model4,9.0,False,3888.0
1296,2015-06-13T05:00:00Z,41.0,167.63173160537642,461.84745343606164,100.41906256074525,39.25013055033842,14.473929388185164,60.29235326768107,10.074602066338985,6.510791095423883,0.0,0.0,0.0,0.0,0.0,model4,9.0,False,3891.0
1297,2015-06-13T08:00:00Z,41.0,169.63895108422818,464.8791622485466,100.22157838453856,39.60311351660364,12.356055227784735,56.01868747019304,10.130940078787175,5.913089068410617,0.0,0.0,1.0,0.0,0.0,model4,9.0,False,3894.0
1298,2015-06-13T11:00:00Z,41.0,169.36600604246598,466.3986116717379,100.51961030041493,38.78468637088355,15.272856703683546,58.040240227070036,10.854841970339209,4.994795613713489,0.0,0.0,1.0,0.0,0.0,model4,9.0,False,3897.0
1299,2015-06-13T14:00:00Z,41.0,169.71401359712925,467.50075722179673,100.17707815640236,38.3367982055336,14.993808801136474,59.65216034981494,11.07781523714551,4.974042564734621,0.0,0.0,1.0,0.0,0.0,model4,9.0,False,3900.0
1300,2015-06-13T17:00:00Z,41.0,168.632301320316,462.18368939056364,98.3617110277978,38.22611890382762,15.263193140922505,55.71139898496227,10.625749084853659,4.890643966333284,0.0,0.0,1.0,0.0,0.0,model4,9.0,False,3903.0
1301,2015-06-13T20:00:00Z,41.0,167.0838884410183,462.48466547083115,96.6843097342272,39.07403096071532,14.757191744116021,55.357890060244216,9.748425167429973,5.068935872368028,0.0,0.0,1.0,0.0,0.0,model4,9.0,False,3906.0
1302,2015-06-13T23:00:00Z,41.0,168.8152016869049,458.90544569924486,97.12330348117004,40.09113172376206,12.567325171346493,49.27918863108107,9.616129773268973,5.359323053405081,0.0,0.0,1.0,0.0,0.0,model4,9.0,False,3909.0
1303,2015-06-14T02:00:00Z,41.0,168.93028603319104,455.1249722275584,97.53271796647287,39.98175168610409,12.108760839903436,48.04578060562173,9.139209265324352,5.387112903212788,0.0,0.0,1.0,0.0,0.0,model4,9.0,False,3912.0
1304,2015-06-14T05:00:00Z,41.0,170.01336864641078,453.43854144755164,98.23555677530571,39.123729438319494,12.886900394244387,48.44370103329287,9.38124400038368,4.832058815610962,0.0,0.0,1.0,0.0,0.0,model4,9.0,False,3915.0
1305,2015-06-14T08:00:00Z,41.0,168.13116957067137,451.49143622821856,98.01043076624849,39.517765262383406,14.620127547339196,46.419384352804,9.108746693441145,4.920905188539113,0.0,0.0,0.0,0.0,0.0,model4,9.0,False,3918.0
1306,2015-06-14T11:00:00Z,41.0,169.60316910364045,450.97307686508805,96.47098614525007,39.03679844041467,12.5367152908981,40.81454784317703,8.776947134215103,4.894981427937299,0.0,0.0,0.0,0.0,0.0,model4,9.0,False,3921.0
1307,2015-06-14T14:00:00Z,41.0,169.69722442932363,450.5647312046544,96.58430868868099,39.883604848378134,13.074770143500281,38.44498034134253,9.186057594009707,4.499630095068151,0.0,0.0,0.0,0.0,0.0,model4,9.0,False,3924.0
1308,2015-06-14T17:00:00Z,41.0,170.4994783242422,453.2122997250231,96.41856345655741,40.52114485204915,12.8732752884483,42.581170954366456,8.547423116158148,4.5625811215799565,0.0,0.0,0.0,0.0,0.0,model4,9.0,False,3927.0
1309,2015-06-14T20:00:00Z,41.0,171.26232390849978,452.11319764361366,96.40090604322405,40.51383687164832,12.460062110494592,42.444316276673284,9.078812122879,4.3413573682323605,0.0,0.0,0.0,0.0,0.0,model4,9.0,False,3930.0
1310,2015-06-14T23:00:00Z,41.0,170.97709804383146,456.1495643273716,97.18533460316702,40.61311019166788,12.625041140909472,46.70707774558957,9.303257739573503,3.0378170910628803,0.0,0.0,0.0,0.0,0.0,model4,9.0,False,3933.0
1311,2015-06-15T02:00:00Z,41.0,169.36419402116502,459.1437378076473,96.9008489625652,40.22343841907191,12.191749664481721,46.39869541777993,9.260292439964658,3.6320610099288326,0.0,0.0,0.0,0.0,0.0,model4,9.0,False,3936.0
1312,2015-06-15T05:00:00Z,41.0,168.6617646154521,457.46839551313525,94.777621150275,40.97614036700285,11.989911342536018,43.59856659088127,7.921194641330852,3.9827251640534898,0.0,0.0,0.0,0.0,0.0,model4,9.0,False,3939.0
1313,2015-06-15T08:00:00Z,41.0,170.50810965453363,460.36072245295014,95.04188443438595,41.12994506238207,9.810613417019283,40.694746750456616,8.850619709329614,4.2805984146710685,0.0,0.0,0.0,0.0,0.0,model4,9.0,False,3942.0
1314,2015-06-15T11:00:00Z,41.0,167.8810217167161,453.7435025634915,96.50496676444351,41.966035679439294,10.13834949910668,42.99038889129408,8.641732785850845,4.325447968597854,0.0,0.0,0.0,0.0,0.0,model4,9.0,False,3945.0
1315,2015-06-15T14:00:00Z,41.0,168.47094444848454,453.042521160686,95.52956031552168,41.37392893454388,9.961603944700103,42.37858044647925,8.798542938563108,4.8211987464259485,0.0,0.0,0.0,0.0,0.0,model4,9.0,False,3948.0
1316,2015-06-15T17:00:00Z,41.0,167.92025333161988,445.9981149910967,96.98479068960968,41.15673481472385,11.166611411293369,37.36796713561174,9.56439818420548,4.869375129295486,0.0,0.0,0.0,0.0,0.0,model4,9.0,False,3951.0
1317,2015-06-15T20:00:00Z,41.0,169.16369792735213,448.2116172611365,97.74055653750513,41.34817175011924,11.835329974899926,36.330582181346436,9.062953679170462,5.4705189044518185,0.0,0.0,0.0,0.0,0.0,model4,9.0,False,3954.0
1318,2015-06-15T23:00:00Z,41.0,169.7515828791608,446.82127551049103,96.91095055857087,41.12527320246417,11.47222007950693,28.286269105597878,9.67045071799238,5.518297444207811,0.0,0.0,0.0,0.0,0.0,model4,9.0,False,3957.0
1319,2015-06-16T02:00:00Z,41.0,171.29477585928475,441.28294199753236,98.75262385344715,41.29368276835215,14.442766117964627,40.087678566456994,10.571964137447187,5.108285485987469,0.0,0.0,0.0,0.0,0.0,model4,9.0,False,3960.0
1320,2015-06-16T05:00:00Z,41.0,171.55864057754366,443.9355317634038,100.47564310143892,40.97566043239497,14.24420729290452,47.495284078592405,10.317222011570248,4.867118566232503,0.0,0.0,0.0,0.0,0.0,model4,9.0,False,3963.0
1321,2015-06-16T08:00:00Z,41.0,172.93031463595523,440.3761162214656,100.21160330999169,40.65046321443753,14.717316852407036,47.600808390400374,9.664724482620523,5.485350031059103,0.0,0.0,0.0,0.0,0.0,model4,9.0,False,3966.0
1322,2015-06-16T11:00:00Z,41.0,174.5773612598563,442.0677788263777,100.04502671545806,40.35859218851349,14.112463158182555,49.71993919947971,10.102298307635886,5.267916602643144,0.0,0.0,0.0,0.0,0.0,model4,9.0,False,3969.0
1323,2015-06-16T14:00:00Z,41.0,172.65669358895767,447.0383414369938,101.46430963969223,40.970271881299475,14.930046818034885,53.89433193269945,9.265739251176656,4.9965170239226255,0.0,0.0,0.0,0.0,0.0,model4,9.0,False,3972.0
1324,2015-06-16T17:00:00Z,41.0,173.48008847856514,450.4921379805817,100.12401651620738,41.22850328026401,14.109264251293002,52.71130443070554,10.456382832033636,5.0129014653745365,0.0,0.0,0.0,0.0,0.0,model4,9.0,False,3975.0
1325,2015-06-16T20:00:00Z,41.0,171.99921216132222,449.8660412584482,99.74488411538908,40.92164141518758,14.485856816901018,53.3200859181306,10.43099634375243,4.467591927660302,0.0,0.0,0.0,0.0,0.0,model4,9.0,False,3978.0
1326,2015-06-16T23:00:00Z,41.0,173.98069997288303,454.48334632628286,100.47926976287712,41.03568404075446,15.187474590544396,56.49624336424752,9.625170421962542,4.409836480443538,0.0,0.0,0.0,0.0,0.0,model4,9.0,False,3981.0
1327,2015-06-17T02:00:00Z,41.0,172.7166747806863,457.05603263632963,98.48637531163685,41.35726458491885,13.118478909962736,45.897274867316504,9.290167381182464,4.879103484941607,0.0,0.0,0.0,0.0,0.0,model4,9.0,False,3984.0
1328,2015-06-17T05:00:00Z,41.0,171.72250360142613,460.0494216740072,98.5254978530204,41.71621448928228,13.994782625460351,41.10389102345936,9.165821309392065,5.007997415571613,0.0,0.0,0.0,0.0,0.0,model4,9.0,False,3987.0
1329,2015-06-17T08:00:00Z,41.0,170.81482055944718,457.7058531780162,99.78422441427605,41.75125844859127,13.602415600463006,44.61396734348667,9.905445876965027,4.63081125961246,0.0,0.0,0.0,0.0,0.0,model4,9.0,False,3990.0
1330,2015-06-17T11:00:00Z,41.0,171.83791655547824,458.27246046863473,98.86491474035728,41.74959880358174,12.928412573307885,43.09882933250417,9.77818211179817,4.5678738471886735,0.0,0.0,0.0,0.0,0.0,model4,9.0,False,3993.0
1331,2015-06-17T14:00:00Z,41.0,173.01830600683812,449.38121111051805,98.93288048889372,41.46751037421149,12.137620567667186,41.149356350564254,10.16367385023702,4.6227082137707285,0.0,0.0,0.0,0.0,0.0,model4,9.0,False,3996.0
1332,2015-06-17T17:00:00Z,41.0,171.53411076265758,449.65207449400094,98.72376828509684,41.217283527482266,12.246307308787609,41.8806306911531,9.14696515422478,4.528449269462392,0.0,0.0,0.0,0.0,0.0,model4,9.0,False,3999.0
1333,2015-06-17T20:00:00Z,41.0,173.11830348767137,440.6911149308741,99.62336746954136,40.438687416814325,12.266536184024035,48.16899741042847,9.563975975699922,5.6216163138079285,0.0,0.0,0.0,0.0,0.0,model4,9.0,False,4002.0
1334,2015-06-17T23:00:00Z,41.0,172.45839582540833,439.65885083138716,98.80483343886243,40.14232752605975,11.631814011653445,47.051295015704966,10.320312181164283,5.783787013322445,0.0,0.0,0.0,0.0,0.0,model4,9.0,False,4005.0
1335,2015-06-18T02:00:00Z,41.0,172.96900145600574,442.22133624360606,100.00133304623483,40.11388006200971,13.316587917719055,49.08391727049218,10.195879093451916,5.466660883475258,0.0,0.0,0.0,0.0,0.0,model4,9.0,False,4008.0
1336,2015-06-18T05:00:00Z,41.0,173.87808025514667,429.7858508895135,99.23085806605286,39.483157205237376,13.107656385772724,47.71896032870022,10.018818075872565,5.403022060467094,0.0,0.0,0.0,0.0,0.0,model4,9.0,False,4011.0
1337,2015-06-18T08:00:00Z,41.0,174.713256632981,435.4344814259304,97.37456906636358,39.44893079872698,13.0003267398298,49.44136590301709,9.490957138933664,5.294468615581258,0.0,0.0,0.0,0.0,0.0,model4,9.0,False,4014.0
1338,2015-06-18T11:00:00Z,41.0,170.6550317369829,442.00572961116217,97.52820151660013,39.4297017284428,16.176872762051705,50.81066530294341,9.569905269249183,5.289101974915043,0.0,0.0,0.0,0.0,0.0,model4,9.0,False,4017.0
1339,2015-06-18T14:00:00Z,41.0,169.76844049428243,442.34909118922246,98.73215908076756,39.677876937455686,16.102479199549038,51.74606164306528,9.93642511797921,5.707030127220722,0.0,0.0,0.0,0.0,0.0,model4,9.0,False,4020.0
1340,2015-06-18T17:00:00Z,41.0,169.66249743918604,448.8822704428625,99.47108762700027,39.48971395313825,16.302725249171992,56.15858047345682,9.770815683218737,6.289014046597544,0.0,0.0,0.0,0.0,0.0,model4,9.0,False,4023.0
1341,2015-06-18T20:00:00Z,41.0,171.0289969629164,460.1913183035994,98.58165904820929,39.743603995582134,17.146216519005232,49.6193154158326,9.51020921498764,5.356384534499758,0.0,0.0,0.0,0.0,0.0,model4,9.0,False,4026.0
1342,2015-06-18T23:00:00Z,41.0,169.9229013127145,457.97742093037215,100.38694309377131,40.65438805349503,17.624886023929054,49.346088410122995,8.869329842311751,5.809453266567494,0.0,0.0,0.0,0.0,0.0,model4,9.0,False,4029.0
1343,2015-06-19T02:00:00Z,41.0,168.25570491189822,457.5909418608711,99.83951484290476,40.47352799041853,16.459151693774484,47.61550137539025,8.745690352913831,6.002299790406841,0.0,0.0,0.0,0.0,0.0,model4,9.0,False,4032.0
1344,2015-06-19T05:00:00Z,41.0,167.08282632697055,466.8786990993081,99.57252599803164,40.012626299690226,15.531125274911432,40.59222176721076,9.944489614220252,6.1366725597994725,0.0,0.0,0.0,0.0,0.0,model4,9.0,False,4035.0
1345,2015-06-19T08:00:00Z,41.0,164.91078546398424,465.1358905783197,99.9621828245773,39.20697481508864,15.297357013871029,39.5810689563673,10.527903404485434,6.2389410643820264,0.0,0.0,0.0,0.0,0.0,model4,9.0,False,4038.0
1346,2015-06-19T11:00:00Z,41.0,167.6723415583117,454.9219207015651,100.63097078468849,39.25835080059573,12.967383664854193,45.616331638856856,10.370311726723944,6.281729398897811,0.0,0.0,0.0,0.0,0.0,model4,9.0,False,4041.0
1347,2015-06-19T14:00:00Z,41.0,167.5960291314563,460.7794416330059,99.00920458400694,39.58037990940935,16.380386991091214,43.26873383903552,9.745503182786626,6.271082733953405,0.0,0.0,0.0,0.0,0.0,model4,9.0,False,4044.0
1348,2015-06-19T17:00:00Z,41.0,168.7522590116447,456.9957213236637,99.53638197241337,39.524268279680655,15.959918051818464,50.330608070256005,9.985536679351206,5.623478223634965,0.0,0.0,0.0,0.0,0.0,model4,9.0,False,4047.0
1349,2015-06-19T20:00:00Z,41.0,167.53003833321162,452.58027349089326,101.03173452158079,40.32682357100745,14.776547704004328,50.06485405307036,10.9407401985183,5.882526023222607,0.0,0.0,0.0,0.0,0.0,model4,9.0,False,4050.0
1350,2015-06-19T23:00:00Z,41.0,168.08872339988702,456.4842226716845,100.09556037937513,39.93693189250793,14.253032580019806,49.54263746571578,10.713794097848732,5.621935197254523,0.0,0.0,0.0,0.0,0.0,model4,9.0,False,4053.0
1351,2015-06-20T02:00:00Z,41.0,169.3470580398573,451.6075402044431,98.70489883800276,40.565015187356266,16.23648185102223,51.52393424739934,11.76375001327669,5.562841468397108,0.0,0.0,0.0,0.0,0.0,model4,9.0,False,4056.0
1352,2015-06-20T05:00:00Z,41.0,168.93444746084992,451.47264820526743,100.0933432420434,41.70139075679083,16.228387417523766,53.185895061699426,11.499469693039945,5.456566805392768,0.0,0.0,0.0,0.0,0.0,model4,9.0,False,4059.0
1353,2015-06-20T08:00:00Z,41.0,169.336240769428,451.87526681073166,100.68600227005872,42.03688668773622,16.25034777720534,56.40284088595337,10.573497109527633,4.784849208812993,0.0,0.0,0.0,0.0,0.0,model4,9.0,False,4062.0
1354,2015-06-20T11:00:00Z,41.0,168.3654175287739,458.3187738072224,102.28668235219317,42.09905037910686,16.797549462751903,56.557491266762504,10.792289829487073,4.658443691255123,0.0,0.0,0.0,0.0,0.0,model4,9.0,False,4065.0
1355,2015-06-20T14:00:00Z,41.0,167.65985683735343,456.47580821986196,103.27096380296842,42.101673747602376,13.776270857605455,58.606562774542596,10.172140098613603,4.511596245683113,0.0,0.0,0.0,0.0,0.0,model4,9.0,False,4068.0
1356,2015-06-20T17:00:00Z,41.0,168.14667489942832,444.6326176312817,101.9646951760091,42.626697323715895,14.128730326055525,54.57386546624116,10.28384980513526,4.717889222251487,0.0,0.0,0.0,0.0,0.0,model4,9.0,False,4071.0
1357,2015-06-20T20:00:00Z,41.0,168.23112030528628,445.1712368049834,101.2546069655172,42.18389311235413,13.894044772972276,56.74924006391176,9.775666170208401,4.738135264072798,0.0,0.0,0.0,0.0,0.0,model4,9.0,False,4074.0
1358,2015-06-20T23:00:00Z,41.0,166.09405448921112,445.4138425739331,101.3427679510085,42.3447995379029,13.877598477388766,57.318402685269106,9.870644394098123,5.023129548139665,0.0,0.0,0.0,0.0,0.0,model4,9.0,False,4077.0
1359,2015-06-21T02:00:00Z,41.0,167.10901922797913,446.9504021317997,103.4229518132138,41.83618848865047,11.229565951495838,57.90489399427722,8.175620703805105,4.845451820470508,0.0,0.0,0.0,0.0,0.0,model4,9.0,False,4080.0
1360,2015-06-21T05:00:00Z,41.0,169.2295322966319,445.2615901988501,102.08786026579416,40.89108247221337,12.798604619181585,56.05813403290373,7.952093864513817,4.657848071556634,0.0,0.0,0.0,0.0,0.0,model4,9.0,False,4083.0
1361,2015-06-21T08:00:00Z,41.0,170.16773592126884,446.1518706087052,103.21624737700527,41.50997857159049,12.056916776048649,52.03877783089428,8.844872616748967,4.429488795425619,0.0,0.0,0.0,0.0,0.0,model4,9.0,False,4086.0
1362,2015-06-21T11:00:00Z,41.0,171.30663843489245,453.5817543497032,101.64419383054224,41.05390836216197,11.013014234602638,51.58466354761113,8.21047355982564,4.498326088297734,0.0,0.0,0.0,0.0,0.0,model4,9.0,False,4089.0
1363,2015-06-21T14:00:00Z,41.0,173.59023992054153,446.9327156029195,100.44917807709614,40.70218253167006,10.246785991846533,51.46597968819906,9.79027306195438,4.605590135202302,0.0,0.0,0.0,0.0,0.0,model4,9.0,False,4092.0
1364,2015-06-21T17:00:00Z,41.0,172.0849932297931,455.53033706630106,101.67466367450324,40.01479782897061,10.695685616631684,45.42673141339594,9.569212402006212,4.283880824248805,0.0,0.0,0.0,0.0,0.0,model4,9.0,False,4095.0
1365,2015-06-21T20:00:00Z,41.0,171.11132307298772,452.12080004659515,102.50002079487759,39.987006065563186,10.35837655874426,44.69409018566935,9.774075152725805,4.528262185538619,0.0,0.0,0.0,0.0,0.0,model4,9.0,False,4098.0
1366,2015-06-21T23:00:00Z,41.0,170.72793693236017,446.6670486562294,102.91403024020262,39.714027537393434,11.87679761750925,44.90486191030325,10.005930039989037,3.8537214325276223,0.0,0.0,0.0,0.0,0.0,model4,9.0,False,4101.0
1367,2015-06-22T02:00:00Z,41.0,168.60729027960681,449.8372956914631,101.43655005264236,39.51383931433572,12.246082536413045,44.27538094746806,11.37003143155273,3.9646244359667775,0.0,0.0,0.0,0.0,0.0,model4,9.0,False,4104.0
1368,2015-06-22T05:00:00Z,41.0,166.89871162301426,447.9929649922026,101.77684976540479,40.10525686217814,10.496469449300854,43.84992000474696,10.920868451659116,4.289507400090707,0.0,0.0,0.0,0.0,0.0,model4,9.0,False,4107.0
1369,2015-06-22T08:00:00Z,41.0,165.47904151158434,443.84848241530716,101.19456011513759,40.10065396279902,10.514620133759653,45.10831090429798,10.435893551505623,4.454215728255844,0.0,0.0,0.0,0.0,0.0,model4,9.0,False,4110.0
1370,2015-06-22T11:00:00Z,41.0,165.7812309691296,430.442139910168,102.23256710969402,40.726978802162755,10.79794650508958,41.72766392092538,10.625494709416918,4.815838003601422,0.0,0.0,0.0,0.0,0.0,model4,9.0,False,4113.0
1371,2015-06-22T14:00:00Z,41.0,165.61047392073633,435.69846057047636,103.63310739837593,40.868738519852116,10.836519611854612,40.855812638105284,9.111023116910914,4.609655261176611,0.0,1.0,0.0,0.0,0.0,model4,9.0,False,4116.0
1372,2015-06-22T17:00:00Z,41.0,167.8352435561842,430.8842638826872,102.90816334836546,41.1248863397515,12.15156844273374,43.74555966440914,9.511978348115438,4.736327863050278,0.0,1.0,0.0,0.0,0.0,model4,9.0,False,4119.0
1373,2015-06-22T20:00:00Z,41.0,166.57688018027622,438.5648571199074,103.12089152268896,41.755882748112285,13.841386017826448,45.83972637899056,9.564010781301725,4.985256343871958,0.0,1.0,0.0,0.0,0.0,model4,9.0,False,4122.0
1374,2015-06-22T23:00:00Z,41.0,168.02760486268582,430.7896297540621,103.80875802140172,41.89786350780508,12.493840369646325,49.58827050998145,9.597433652809883,4.8437932595971365,0.0,1.0,0.0,0.0,0.0,model4,9.0,False,4125.0
1375,2015-06-23T02:00:00Z,41.0,170.7953823587805,431.61278273847915,105.31427331123388,41.60701955302022,12.51867150295175,50.761890322984506,8.296863216001231,5.248193956552505,0.0,1.0,0.0,0.0,0.0,model4,9.0,False,4128.0
1376,2015-06-23T05:00:00Z,41.0,173.4103685107084,432.66153824006835,106.0942554065174,41.46149501445281,13.744470350161462,53.589987812356405,7.852572958776902,4.8952753413921775,0.0,1.0,0.0,0.0,0.0,model4,9.0,False,4131.0
1377,2015-06-23T08:00:00Z,41.0,175.07594443158146,440.52417492919676,107.44861018471684,40.607027451860986,12.995667535866964,55.16959182253664,8.949441788514381,5.147356019809531,0.0,1.0,0.0,0.0,0.0,model4,9.0,False,4134.0
1378,2015-06-23T11:00:00Z,41.0,174.86330248177012,445.5589917293735,106.52444972113804,39.99725350505087,13.044121180882408,52.65846678693183,9.837128164923683,4.795726385700488,0.0,1.0,0.0,0.0,0.0,model4,9.0,False,4137.0
1379,2015-06-23T14:00:00Z,41.0,174.76956856874568,439.39256942267883,105.60665758409424,40.36607060059273,12.830626554134364,53.656087405259115,11.428446759368859,5.043620616485085,0.0,0.0,0.0,0.0,0.0,model4,9.0,False,4140.0
1380,2015-06-23T17:00:00Z,41.0,173.56690473781617,444.87366144403603,105.46077859859207,40.35142611697887,12.371758792256534,52.753385520045825,11.279447163460276,4.8563070361064735,0.0,0.0,0.0,0.0,0.0,model4,9.0,False,4143.0
1381,2015-06-23T20:00:00Z,41.0,172.6593713116014,441.35804824063143,104.54762082803774,40.902573063107184,13.07585017101756,52.8700673325282,11.232050959414478,5.003988814200566,0.0,0.0,0.0,0.0,0.0,model4,9.0,False,4146.0
1382,2015-06-23T23:00:00Z,41.0,174.21030777853423,448.9404005855281,103.2821497575153,40.660831000052426,13.058494036145527,44.967661802250674,11.046564124834905,5.070920480699686,0.0,0.0,0.0,0.0,0.0,model4,9.0,False,4149.0
1383,2015-06-24T02:00:00Z,41.0,173.60839662382625,449.31366683761183,104.48337677137808,41.66606028908689,13.465882867468085,44.416544789724156,11.337366567028436,4.918792032704342,0.0,0.0,0.0,0.0,0.0,model4,9.0,False,4152.0
1384,2015-06-24T05:00:00Z,41.0,172.38442086325364,447.6976256828515,103.29990078943092,41.616978272084346,13.463444570741975,42.05960204619122,11.937558397648926,5.162520099941034,0.0,0.0,0.0,0.0,0.0,model4,9.0,False,4155.0
1385,2015-06-24T08:00:00Z,41.0,170.73201399701998,441.62422843857087,100.28488409742172,42.339528165561326,13.835961827834652,41.89940329843051,10.515509336147918,4.817186793544567,0.0,0.0,0.0,0.0,0.0,model4,9.0,False,4158.0
1386,2015-06-24T11:00:00Z,41.0,171.20495534658562,439.9336059140001,100.48749453565428,42.88594075810764,13.747052976581788,40.767937918211395,9.991324757179433,5.0141890805734155,0.0,0.0,0.0,0.0,0.0,model4,9.0,False,4161.0
1387,2015-06-24T14:00:00Z,41.0,169.95465284443736,441.3861921491088,101.09690632411444,43.11391937059335,14.428533179285305,50.63704995460467,8.57421861368355,5.120509882008365,0.0,0.0,0.0,0.0,0.0,model4,9.0,False,4164.0
1388,2015-06-24T17:00:00Z,41.0,169.5583951259585,439.31189355551146,102.06668425846537,43.46818390555493,14.46009289758322,51.45966208353728,9.108258556428305,5.045484450538608,0.0,0.0,0.0,0.0,0.0,model4,9.0,False,4167.0
1389,2015-06-24T20:00:00Z,41.0,171.38004643662433,439.0771009940877,101.85224940960111,42.50177573723225,12.302976611739545,58.36970547645218,8.776479768175331,4.5753386027469976,0.0,0.0,0.0,0.0,0.0,model4,9.0,False,4170.0
1390,2015-06-24T23:00:00Z,41.0,170.39598976330458,444.07592108134,100.66703987865652,41.97903995065382,12.49415732674023,63.04368000195283,9.53787538095493,4.8450437763463485,0.0,0.0,0.0,0.0,0.0,model4,9.0,False,4173.0
1391,2015-06-25T02:00:00Z,41.0,166.03970995069486,446.69090754301897,99.0311111874717,40.771812792499006,16.104491581162367,65.10360889949467,7.61010952375088,5.071843559618972,0.0,0.0,0.0,0.0,0.0,model4,9.0,False,4176.0
1392,2015-06-25T05:00:00Z,41.0,165.84417896427368,445.817134688602,99.45830941421328,40.58253415169597,15.554784997198071,66.50970966620099,7.438440234533234,4.86219113921643,0.0,0.0,0.0,0.0,0.0,model4,9.0,False,4179.0
1393,2015-06-25T08:00:00Z,41.0,167.81690520702722,443.61007395872804,100.2666950180419,40.82577328301338,17.4162242040282,66.8953668053739,6.999041440798553,4.8357301317313635,0.0,0.0,0.0,0.0,0.0,model4,9.0,False,4182.0
1394,2015-06-25T11:00:00Z,41.0,166.6564882193988,445.32203097302255,100.91825904179376,40.00750341026383,17.70787750892146,68.0642080503681,7.880693156651263,4.784890462204539,0.0,0.0,0.0,0.0,0.0,model4,9.0,False,4185.0
1395,2015-06-25T14:00:00Z,41.0,167.18705579936918,450.67732323727967,101.20388735603402,39.245880464131645,17.36835923892507,62.78167350395771,8.001858887968208,4.129248194748043,0.0,0.0,0.0,0.0,0.0,model4,9.0,False,4188.0
1396,2015-06-25T17:00:00Z,41.0,166.65389937079897,445.90087451458436,100.33088868817528,39.22512034253381,17.985509679160614,63.44697003998599,7.212228351847634,4.1510723193059995,0.0,0.0,0.0,0.0,0.0,model4,9.0,False,4191.0
1397,2015-06-25T20:00:00Z,41.0,166.83819918538228,447.2578263847231,99.54652397374191,39.87584124122953,17.683272528641826,56.0384270942084,7.0833724739281045,4.873128404160328,0.0,0.0,0.0,0.0,0.0,model4,9.0,False,4194.0
1398,2015-06-25T23:00:00Z,41.0,166.88738812432243,450.14509886077485,98.84422217320105,40.260363368771074,17.282687558831803,60.91100048995218,8.443977324807555,4.717624587108252,0.0,0.0,0.0,0.0,0.0,model4,9.0,False,4197.0
1399,2015-06-26T02:00:00Z,41.0,171.67957123981938,446.9295824109604,98.32132842754257,41.320776337229006,15.255482251192095,60.45962466875335,8.14853683437364,4.381719320309989,0.0,0.0,0.0,0.0,0.0,model4,9.0,False,4200.0
1400,2015-06-26T05:00:00Z,41.0,170.69956683218612,456.33637531164635,99.18575386464714,41.19927836230005,14.462784772401669,60.863053556143186,8.903510664404257,5.065937257835868,0.0,0.0,0.0,0.0,0.0,model4,9.0,False,4203.0
1401,2015-06-26T08:00:00Z,41.0,170.1109371068219,461.62286430464513,98.45059745238692,40.852342720843865,12.084861248601513,60.653935356414785,9.348533004481613,5.066236149383536,0.0,0.0,0.0,0.0,0.0,model4,9.0,False,4206.0
1402,2015-06-26T11:00:00Z,41.0,172.14098278450103,456.7246499086354,97.28880387729626,41.492751884846406,11.990321015235386,60.692942639615914,8.433140940512361,5.151252165136075,0.0,0.0,0.0,0.0,0.0,model4,9.0,False,4209.0
1403,2015-06-26T14:00:00Z,41.0,171.30848807487797,453.5213306476528,96.0164423809038,41.0105830243522,12.392203439694073,58.569449291646,8.066116536441477,5.755214171818394,0.0,0.0,0.0,0.0,0.0,model4,9.0,False,4212.0
1404,2015-06-26T17:00:00Z,41.0,170.87150653854454,461.29862525227134,96.45167366408162,41.47200501292445,12.708959570907972,54.99213006651045,8.614850316584484,5.892755061156692,0.0,0.0,0.0,0.0,0.0,model4,9.0,False,4215.0
1405,2015-06-26T20:00:00Z,41.0,171.28498446543458,461.07718904487257,97.11666473045588,40.93860658088817,13.602694319001616,56.94236461885464,8.776895631583438,5.531756307322373,0.0,0.0,0.0,0.0,0.0,model4,9.0,False,4218.0
1406,2015-06-26T23:00:00Z,41.0,171.189076683766,452.0557946691749,98.82932599378051,40.974220883223865,13.946065475690208,51.01434357146668,7.539842353286684,5.588580082135318,0.0,0.0,0.0,0.0,0.0,model4,9.0,False,4221.0
1407,2015-06-27T02:00:00Z,41.0,171.2760453345024,449.18038469748205,98.93229026757088,40.418795341627494,11.954319877548112,47.98399952452442,8.144186210739743,5.560528030080955,0.0,0.0,0.0,0.0,0.0,model4,9.0,False,4224.0
1408,2015-06-27T05:00:00Z,41.0,171.82983309968984,440.50101066453055,96.85108810570586,41.050305714318654,12.025086026831515,49.042808651549166,8.25748653575653,5.129671355150801,0.0,0.0,0.0,0.0,0.0,model4,9.0,False,4227.0
1409,2015-06-27T08:00:00Z,41.0,170.91217373047968,440.7236250381942,97.59203515097984,40.770865117144865,12.255581577391887,49.93744498828701,7.8160247439282,5.236909869977628,0.0,0.0,0.0,0.0,0.0,model4,9.0,False,4230.0
1410,2015-06-27T11:00:00Z,41.0,168.0889455618184,444.74845328255793,98.46631622522074,40.922410237662405,13.040450618825721,49.606009920294724,9.605255963264645,4.842303117307353,0.0,0.0,0.0,0.0,0.0,model4,9.0,False,4233.0
1411,2015-06-27T14:00:00Z,41.0,170.4985507343379,441.98173236689865,99.45091561325836,41.22097403523811,13.8559272994885,51.084794390097244,9.423220764143414,4.475240051097104,0.0,0.0,0.0,0.0,0.0,model4,9.0,False,4236.0
1412,2015-06-27T17:00:00Z,41.0,170.8404793935549,437.2772563740377,100.09582586919683,40.693526792393335,13.934713911149974,57.906056845472925,10.000388708952313,4.364678522827087,0.0,0.0,0.0,0.0,0.0,model4,9.0,False,4239.0
1413,2015-06-27T20:00:00Z,41.0,170.95136240577276,436.43125136173035,101.17304111935444,40.232698667807696,13.168946454445102,56.11623272066685,10.630239204902846,4.637813803358591,0.0,0.0,0.0,0.0,0.0,model4,9.0,False,4242.0
1414,2015-06-27T23:00:00Z,41.0,170.09680552151258,439.40222457700935,101.80529278265915,39.77653006232508,17.83822165176473,53.49492747362112,10.872194367226992,5.174730775921524,0.0,0.0,0.0,0.0,0.0,model4,9.0,False,4245.0
1415,2015-06-28T02:00:00Z,41.0,168.18491775568862,445.2288886556098,101.82478256406358,39.301449373893725,17.46894175705223,60.58445465331107,10.974962455072243,5.315739966777458,0.0,0.0,0.0,0.0,0.0,model4,9.0,False,4248.0
1416,2015-06-28T05:00:00Z,41.0,168.44694736056525,445.6238232133377,100.75576652900757,39.285306431694906,17.76316488990722,56.20703332887261,12.574011368181514,5.234798271245248,0.0,0.0,0.0,0.0,0.0,model4,9.0,False,4251.0
1417,2015-06-28T08:00:00Z,41.0,169.55322143331543,445.6332342274549,100.63843940071173,39.791102548118786,18.318787110005495,57.02029223135228,12.721040579901247,5.393168550600011,0.0,0.0,0.0,0.0,0.0,model4,9.0,False,4254.0
1418,2015-06-28T11:00:00Z,41.0,172.2686955751183,443.89148773511323,99.77980592645622,39.67762914427932,17.557174090319325,59.36247673646333,11.98316992078132,5.132359726872775,0.0,0.0,0.0,0.0,0.0,model4,9.0,False,4257.0
1419,2015-06-28T14:00:00Z,41.0,169.961178439955,449.24877924251035,99.45488795861894,40.367892174509755,18.362452945961717,59.10199260512745,12.760247429687233,5.0466979255216415,0.0,0.0,0.0,0.0,0.0,model4,9.0,False,4260.0
1420,2015-06-28T17:00:00Z,41.0,170.06010104004392,452.9379323478411,99.2861257210208,39.807294066733434,19.069465768376034,51.1231378532835,12.78690974196466,4.7856170060582635,0.0,0.0,0.0,0.0,0.0,model4,9.0,False,4263.0
1421,2015-06-28T20:00:00Z,41.0,168.3592334513416,456.1532679887851,98.6825585687457,40.174235262497355,19.91125866041488,50.366195844599005,14.652462408572429,4.6236363183336975,0.0,0.0,0.0,0.0,0.0,model4,9.0,False,4266.0
1422,2015-06-28T23:00:00Z,41.0,170.57366785776296,460.6860736977992,98.01537107306127,40.32845487786209,16.427394835306046,52.21435556907369,15.75317069297357,4.686736664281834,0.0,0.0,0.0,0.0,0.0,model4,9.0,False,4269.0
1423,2015-06-29T02:00:00Z,41.0,170.33713665012237,453.0350154569642,99.64966019549313,40.62427714766172,16.728683322459062,46.9893813623829,16.010867417334072,4.431098942270501,0.0,0.0,0.0,0.0,0.0,model4,9.0,False,4272.0
1424,2015-06-29T05:00:00Z,41.0,170.36364196208712,455.86840945149214,101.03813399061536,39.94366933908804,16.753846575495345,51.19934163598426,14.546977178498453,4.72889318740092,0.0,0.0,0.0,0.0,0.0,model4,9.0,False,4275.0
1425,2015-06-29T08:00:00Z,41.0,171.56238982698082,455.0172031386784,102.12793953132444,39.36154952900096,17.70207965191003,46.07209871215382,14.646652679471867,4.40719221627895,0.0,0.0,0.0,0.0,0.0,model4,9.0,False,4278.0
1426,2015-06-29T11:00:00Z,41.0,168.611265707399,462.7496129551837,102.70907286901337,39.161014654518794,18.613676378301534,42.360928385389,14.164840224192467,4.69585986221592,0.0,0.0,0.0,0.0,0.0,model4,9.0,False,4281.0
1427,2015-06-29T14:00:00Z,41.0,169.8050616140349,457.47208331419966,102.42962784275952,37.892771611435286,17.14249688787575,44.0915950501424,13.958788408951065,4.339719417826848,0.0,0.0,0.0,0.0,0.0,model4,9.0,False,4284.0
1428,2015-06-29T17:00:00Z,41.0,171.90299531388862,458.85323944984924,103.0041212276522,37.9464916423096,15.52054698310496,43.64875872749351,13.667251454952885,5.443194518542732,0.0,0.0,0.0,0.0,0.0,model4,9.0,False,4287.0
1429,2015-06-29T20:00:00Z,41.0,173.06273104964782,458.0766796188036,102.32195437896921,38.011804079415306,14.889114471260235,50.599342447802584,11.859074163732979,5.789549420645419,0.0,0.0,0.0,0.0,0.0,model4,9.0,False,4290.0
1430,2015-06-29T23:00:00Z,41.0,172.11675903326537,452.7707518879877,103.26317170129292,37.94918156179247,14.68349572953049,49.04241593040743,9.61479145659071,5.254202571909012,0.0,0.0,0.0,0.0,0.0,model4,9.0,False,4293.0
1431,2015-06-30T02:00:00Z,41.0,173.42625683073516,455.673883299229,101.85891631266878,38.1639985325285,13.7290175106094,47.491485710829046,9.4371316185127,5.2644075348237385,0.0,0.0,0.0,0.0,0.0,model4,9.0,False,4296.0
1432,2015-06-30T05:00:00Z,41.0,172.26308767892533,459.39336147320887,102.78243528471613,37.485663682288866,13.71747857271546,47.236521521602896,8.829166176796855,5.560218362473768,0.0,0.0,0.0,0.0,0.0,model4,9.0,False,4299.0
1433,2015-06-30T08:00:00Z,41.0,172.55468472247867,464.55174226729866,101.59133162264573,38.30208589355926,13.502704425750599,51.91406560073233,9.438787253511515,6.023503662981763,0.0,0.0,0.0,0.0,0.0,model4,9.0,False,4302.0
1434,2015-06-30T11:00:00Z,41.0,174.2313251407525,463.4361560800018,101.65935695600945,38.43595668807308,12.780562553270125,53.658588368301686,10.583221033937251,5.906093653566402,0.0,0.0,0.0,0.0,0.0,model4,9.0,False,4305.0
1435,2015-06-30T14:00:00Z,41.0,175.00982071068645,469.2939328666809,103.01256509601416,39.12961385455771,13.84497298377396,49.45790804244388,10.812381660134175,6.054406514535914,0.0,0.0,0.0,0.0,0.0,model4,9.0,False,4308.0
1436,2015-06-30T17:00:00Z,41.0,173.9273317274158,465.4953695579834,101.63813735904984,38.89999245021431,14.054770514789036,52.7202385107866,11.018553768978569,5.419582901215834,0.0,0.0,0.0,0.0,0.0,model4,9.0,False,4311.0
1437,2015-06-30T20:00:00Z,41.0,174.2914712906224,462.8424582825426,101.201592055258,38.61294049399978,13.592722439918024,46.199041263332326,11.229053240557025,5.414214615316356,0.0,0.0,0.0,0.0,0.0,model4,9.0,False,4314.0
1438,2015-06-30T23:00:00Z,41.0,174.593643640128,471.25359605386177,100.7405503377428,39.103438077951076,13.671339469821875,50.10600507148457,11.024291263643676,5.42983356150272,0.0,0.0,0.0,0.0,0.0,model4,9.0,False,4317.0
1439,2015-07-01T02:00:00Z,41.0,173.9401746875739,471.92846349926873,99.77837952238063,39.66913687999092,15.132362813666036,49.70394733711886,11.369296660341925,5.616847063336074,0.0,0.0,0.0,0.0,0.0,model4,9.0,False,4320.0
1440,2015-07-01T05:00:00Z,41.0,175.93037456247012,468.2972757494362,100.03042321925548,40.19520368166838,15.273738663913198,45.90710788691083,11.251958693441145,4.9530283274424125,0.0,0.0,0.0,0.0,0.0,model4,9.0,False,4323.0
1441,2015-07-01T08:00:00Z,41.0,173.55585139398738,460.29685454496484,99.09528348205632,39.73024199404861,14.711192532907035,44.35823615069194,11.547207147655074,4.769219022897449,0.0,0.0,0.0,0.0,0.0,model4,9.0,False,4326.0
1442,2015-07-01T11:00:00Z,41.0,173.62343327762935,460.93810783011634,98.4485222498865,38.94967272495275,14.334557956707025,42.609358465686434,10.52327334332132,4.9893259509828845,0.0,0.0,0.0,0.0,0.0,model4,9.0,False,4329.0
1443,2015-07-01T14:00:00Z,41.0,173.97561400761612,457.2637438804651,97.63910647379095,38.25340283355001,14.36314404500908,44.694980584928366,9.219885386210457,4.837868219407159,0.0,0.0,0.0,0.0,0.0,model4,9.0,False,4332.0
1444,2015-07-01T17:00:00Z,41.0,175.16337588774277,465.7147866490212,97.25729133574387,38.319666221183894,14.143752440794625,44.751225131523675,9.099735939634414,4.897206913756624,0.0,0.0,0.0,0.0,0.0,model4,9.0,False,4335.0
1445,2015-07-01T20:00:00Z,41.0,175.56425528817144,469.38348546241247,96.40359456280248,38.415473412717034,14.669549869962811,45.681404336792404,9.343916335812233,4.572863725348023,0.0,0.0,0.0,0.0,0.0,model4,9.0,False,4338.0
1446,2015-07-01T23:00:00Z,41.0,175.4643726194308,463.63883022152123,95.54763466064074,38.394398223273136,13.978474408039567,40.46041306303967,9.365275571113786,4.863896819841919,0.0,0.0,0.0,0.0,0.0,model4,9.0,False,4341.0
1447,2015-07-02T02:00:00Z,41.0,175.02891724017366,460.69150090532236,95.24383856568718,38.477082230777945,13.420141465572605,43.039836237971286,9.681209139715612,5.025890158824602,0.0,0.0,0.0,0.0,0.0,model4,9.0,False,4344.0
1448,2015-07-02T05:00:00Z,41.0,172.3132973440059,466.24667032141764,94.36008468231803,39.632875792280345,13.510759077679918,46.638643165329206,9.294354686453543,5.456682817045087,0.0,0.0,0.0,0.0,0.0,model4,9.0,False,4347.0
1449,2015-07-02T08:00:00Z,41.0,173.76878050933925,468.13974590991984,95.79652576576431,39.603764682659175,13.20796332949821,46.44076869561186,10.628087874234273,5.364974889054674,0.0,0.0,0.0,0.0,0.0,model4,9.0,False,4350.0
1450,2015-07-02T11:00:00Z,41.0,174.74435627164158,459.0209741182898,97.23984428073773,40.94153506496429,12.406346113916216,51.56371442821397,12.640830653570086,5.676036699012754,0.0,0.0,0.0,0.0,0.0,model4,9.0,False,4353.0
1451,2015-07-02T14:00:00Z,41.0,173.8508330743129,463.5729202727137,96.58160511227587,41.34430170274506,11.563677821206404,51.145463645605275,12.766094699076808,5.3308014146655145,0.0,0.0,0.0,0.0,0.0,model4,9.0,False,4356.0
1452,2015-07-02T17:00:00Z,41.0,173.41678695942082,458.226294237112,98.00372579031944,41.25200617325695,12.196128815771782,47.843186806709916,13.492973326262168,5.029327357128508,0.0,0.0,0.0,0.0,0.0,model4,9.0,False,4359.0
1453,2015-07-02T20:00:00Z,41.0,172.8397229968153,458.10636849602446,100.01426002436388,41.66115319156727,10.758732783250373,52.007721828837994,12.580139063235329,5.088062785160608,0.0,0.0,0.0,0.0,0.0,model4,9.0,False,4362.0
1454,2015-07-02T23:00:00Z,41.0,173.05880140365613,456.3754139514192,100.96147055728859,41.76851074915997,11.546021133693733,51.39039317279318,12.513826439945465,4.935766478006833,0.0,0.0,0.0,0.0,0.0,model4,9.0,False,4365.0
1455,2015-07-03T02:00:00Z,41.0,173.51312358645603,460.42210103464936,101.85574109909685,41.401373740778936,11.730322399125418,49.522272469897935,12.06100806148654,4.848991278437839,0.0,0.0,0.0,0.0,0.0,model4,9.0,False,4368.0
1456,2015-07-03T05:00:00Z,41.0,174.45011150637546,451.8525068539871,102.31272522160131,39.61566298175767,12.095589164359767,47.88127860819239,11.855576806955344,5.446287410797231,0.0,0.0,0.0,0.0,0.0,model4,9.0,False,4371.0
1457,2015-07-03T08:00:00Z,41.0,174.98063341955466,454.3625618141143,103.15653898337277,39.90988795710964,12.68324718285008,46.452737911298605,11.262515217472075,5.828998266470702,0.0,0.0,0.0,0.0,0.0,model4,9.0,False,4374.0
1458,2015-07-03T11:00:00Z,41.0,174.8253697297499,459.60886294404776,100.93219559428512,39.460599904581706,15.078415858019204,41.9774128889243,10.569268184091602,5.081344521215999,0.0,0.0,0.0,0.0,0.0,model4,9.0,False,4377.0
1459,2015-07-03T14:00:00Z,41.0,173.13535620781212,465.0564614352457,100.96913482747686,40.08982364100864,15.69328409474716,44.792711936515424,10.531197568674033,5.133011033516186,0.0,0.0,0.0,0.0,0.0,model4,9.0,False,4380.0
1460,2015-07-03T17:00:00Z,41.0,173.55761202213858,454.29376316808816,99.3888406098223,40.32966229174221,15.247166353080607,55.96092404786645,9.910150422934263,5.611342905952759,0.0,0.0,0.0,0.0,0.0,model4,9.0,False,4383.0
1461,2015-07-03T20:00:00Z,41.0,172.29807687563564,440.4793580963662,98.65187800763364,40.14715629998572,16.912567177447766,60.49202334555736,9.80419535137884,5.391933302409549,0.0,0.0,0.0,0.0,0.0,model4,9.0,False,4386.0
1462,2015-07-03T23:00:00Z,41.0,168.2344977204863,441.9184246065333,98.01854788544728,39.62170896787211,18.75788297487936,60.8993480496377,9.680334411609527,5.833087569398439,0.0,0.0,0.0,0.0,0.0,model4,9.0,False,4389.0
1463,2015-07-04T02:00:00Z,41.0,168.4614888293114,442.02821628165896,98.95665247676509,39.50255591290202,19.07550272586121,62.244464870382025,9.782919035335619,6.1673870006898275,0.0,0.0,0.0,0.0,0.0,model4,9.0,False,4392.0
1464,2015-07-04T05:00:00Z,41.0,167.418074844914,441.1143066805645,98.27444513967329,40.70637991581484,18.926809066221065,60.995599778944424,10.078698063448826,5.308000465932003,0.0,0.0,0.0,0.0,0.0,model4,9.0,False,4395.0
1465,2015-07-04T08:00:00Z,41.0,167.4284551581274,434.9819104788787,97.4628866215596,40.93273329388056,19.065928369539748,62.515144918049344,8.788197595782082,5.1046353982150885,0.0,0.0,0.0,0.0,0.0,model4,9.0,False,4398.0
1466,2015-07-04T11:00:00Z,41.0,166.43161388329287,438.11790927718806,99.55417721226047,40.71203285947701,17.005180108224938,62.96129340135622,8.777651165499536,5.092657625341016,0.0,0.0,0.0,0.0,0.0,model4,9.0,False,4401.0
1467,2015-07-04T14:00:00Z,41.0,167.97272163114962,424.5608361742068,101.44911996612095,40.101738852172254,17.245586805082247,56.5087030936127,9.578455327558402,6.031438815930216,0.0,0.0,0.0,0.0,0.0,model4,9.0,False,4404.0
1468,2015-07-04T17:00:00Z,41.0,166.91552794202403,429.40354099059954,101.79938544068848,40.208951626726495,16.656686642303754,51.095430111777794,9.564936858559443,5.453072134339414,0.0,0.0,0.0,0.0,0.0,model4,9.0,False,4407.0
1469,2015-07-04T20:00:00Z,41.0,167.68821677110026,436.7491316565815,103.28497425744101,40.02097120506332,16.186349241512264,42.51959159299029,10.722740769732626,5.319923941816191,0.0,0.0,0.0,0.0,0.0,model4,9.0,False,4410.0
1470,2015-07-04T23:00:00Z,41.0,173.60525238484558,443.0290336367963,104.34104559593607,40.4649505123405,15.522983789508295,51.20415355917001,10.126222111797787,4.638306736547126,0.0,0.0,0.0,0.0,0.0,model4,9.0,False,4413.0
1471,2015-07-05T02:00:00Z,41.0,173.2202090488564,445.69621945392316,104.25036713549713,41.05019035806561,14.62362408165302,51.748001393681115,9.918590348160382,4.333663668369678,0.0,0.0,0.0,0.0,0.0,model4,9.0,False,4416.0
1472,2015-07-05T05:00:00Z,41.0,173.8632800748489,443.27448956868403,105.50432243033508,41.68941223392989,14.22960311183342,53.88846085164769,9.605445928849207,4.7643767097502,0.0,0.0,0.0,0.0,0.0,model4,9.0,False,4419.0
1473,2015-07-05T08:00:00Z,41.0,172.47164400976052,443.8701842343654,104.45992579653507,40.55459365592946,13.812697204280115,52.54580636829151,10.048364903539788,5.0890806379941775,0.0,0.0,0.0,0.0,0.0,model4,9.0,False,4422.0
1474,2015-07-05T11:00:00Z,41.0,172.43045426850296,440.52324130989473,102.70431180481516,40.76778597486384,14.785814790371244,50.6262276817311,10.469833457299162,5.1008336050646825,0.0,0.0,0.0,0.0,0.0,model4,9.0,False,4425.0
1475,2015-07-05T14:00:00Z,41.0,173.47857153072758,444.8067065368842,102.06514451838636,40.75801613989002,15.018483334268296,49.18143857697378,9.606709236644187,3.994187293480648,0.0,0.0,0.0,0.0,0.0,model4,9.0,False,4428.0
1476,2015-07-05T17:00:00Z,41.0,171.98646791573518,451.01093046496595,102.31695952978943,41.035447148188965,15.744390779274127,47.484547994115246,9.461299536797485,4.058967516134614,0.0,0.0,0.0,0.0,0.0,model4,9.0,False,4431.0
1477,2015-07-05T20:00:00Z,41.0,172.1855742081657,453.0674497462613,100.25861554153929,40.56368312132757,14.94708692141434,45.178661067309115,8.413079030674114,4.880138221826477,0.0,0.0,0.0,0.0,0.0,model4,9.0,False,4434.0
1478,2015-07-05T23:00:00Z,41.0,170.23880024326118,446.36666885249747,99.0141504617906,40.50228200521124,12.474908208922725,39.83123291252996,8.484901487732952,5.72732874076995,0.0,0.0,0.0,0.0,0.0,model4,9.0,False,4437.0
1479,2015-07-06T02:00:00Z,41.0,172.20292331896758,442.77731925579513,99.1132682457662,39.32365623003015,14.266192435597052,46.47784110167924,8.858356040122535,6.223987579227733,0.0,0.0,0.0,0.0,0.0,model4,9.0,False,4440.0
1480,2015-07-06T05:00:00Z,41.0,173.60030914817975,447.2612485435213,98.92279240429305,38.44973076224797,13.41825966116238,46.38794133546687,8.064430903594364,5.656920601848848,0.0,0.0,1.0,0.0,0.0,model4,9.0,False,4443.0
1481,2015-07-06T08:00:00Z,41.0,171.58050916648898,459.10135399015434,100.1156402274375,38.478519749504976,14.355071221213755,52.661904353036356,8.319482307171803,5.720143932389394,0.0,0.0,1.0,0.0,0.0,model4,9.0,False,4446.0
1482,2015-07-06T11:00:00Z,41.0,169.66463334401328,461.83450010430124,101.86130728932146,39.0191596738477,14.116207028715225,52.67651278182568,8.837310725639046,6.1268239585471695,0.0,0.0,1.0,0.0,0.0,model4,9.0,False,4449.0
1483,2015-07-06T14:00:00Z,41.0,169.78453707768222,466.05399839656906,101.36471745247152,39.148316018576786,14.630548684105687,55.09441181303397,9.033649457960939,6.184734335319508,0.0,0.0,1.0,0.0,0.0,model4,9.0,False,4452.0
1484,2015-07-06T17:00:00Z,41.0,170.52571578424653,462.1137402045526,102.46490849657778,38.8778995121907,15.091778233531027,59.23717676487325,9.006910604567036,6.322118620743892,0.0,0.0,1.0,0.0,0.0,model4,9.0,False,4455.0
1485,2015-07-06T20:00:00Z,41.0,169.01674798498553,464.4730502099445,103.7038910734306,39.003291972002934,16.89817875427969,61.568118318580105,8.189133930995503,5.988689023804858,0.0,0.0,1.0,0.0,0.0,model4,9.0,False,4458.0
1486,2015-07-06T23:00:00Z,41.0,167.58031494357633,458.05980592222926,105.06549778129884,39.220326977332654,16.832516955249858,64.95138790838007,7.708094393843707,5.467269347352383,0.0,0.0,1.0,0.0,0.0,model4,9.0,False,4461.0
1487,2015-07-07T02:00:00Z,41.0,166.206399123076,453.65247420917353,105.30325280567315,39.60179313573593,16.17732511552753,61.33774226464714,7.008753390180585,4.648251466403068,0.0,0.0,1.0,0.0,0.0,model4,9.0,False,4464.0
1488,2015-07-07T05:00:00Z,41.0,165.18597483684312,456.9544758295111,106.1141414041812,39.85634355460344,15.912716997783875,58.99214981372692,6.9188615315267175,4.655605254442975,0.0,0.0,0.0,0.0,0.0,model4,9.0,False,4467.0
1489,2015-07-07T08:00:00Z,41.0,164.91941691024962,447.0654551241212,106.27396033195043,40.518365394845524,17.39568512583888,54.41209426765458,7.1229279739029225,4.232303076612716,0.0,0.0,0.0,0.0,0.0,model4,9.0,False,4470.0
1490,2015-07-07T11:00:00Z,41.0,167.047319924503,436.1535547241796,105.30115663801328,39.89907222720674,16.86974253498241,56.95181348566029,7.9256559921082115,3.973483479764153,0.0,0.0,0.0,0.0,0.0,model4,9.0,False,4473.0
1491,2015-07-07T14:00:00Z,41.0,165.34412377831853,425.52956469481387,105.63937479533408,39.43049419991703,15.527902207005903,54.138637365228426,7.447874406297642,4.0607707839551415,0.0,0.0,0.0,0.0,0.0,model4,9.0,False,4476.0
1492,2015-07-07T17:00:00Z,41.0,164.39935460729822,429.90580710664915,105.5514020465786,39.1100440842515,15.340485933766944,56.63231150928538,7.467868916842245,3.7094880042745935,0.0,0.0,0.0,0.0,0.0,model4,9.0,False,4479.0
1493,2015-07-07T20:00:00Z,41.0,166.12780030004487,425.3901302221393,105.40266441182987,39.66553700450461,13.868885008104872,52.21057770707254,7.540275154090463,3.6609132488629514,0.0,0.0,0.0,0.0,0.0,model4,9.0,False,4482.0
1494,2015-07-07T23:00:00Z,41.0,168.2634459406229,435.0414631023772,105.89510574973349,39.202494205995436,14.981301667740233,53.86982375877802,7.498335464836822,3.4297637163285173,0.0,0.0,0.0,0.0,0.0,model4,9.0,False,4485.0
1495,2015-07-08T02:00:00Z,41.0,168.29536425340706,441.1098820538769,105.72509828009599,39.33595547957865,15.21165039935143,57.2207013251914,7.731193765283367,3.462670312270288,0.0,0.0,0.0,0.0,0.0,model4,9.0,False,4488.0
1496,2015-07-08T05:00:00Z,41.0,166.7069393936313,442.6842455045546,104.96423798023669,39.05573887562522,17.284026980345143,63.84932205808485,7.231106608782723,3.361682955350705,0.0,0.0,0.0,0.0,0.0,model4,9.0,False,4491.0
1497,2015-07-08T08:00:00Z,41.0,170.17347262243612,441.7715106770662,104.59080516187821,39.22472192235248,15.802897611760562,60.954904715753145,6.951410032602475,3.934722618866868,0.0,0.0,0.0,0.0,0.0,model4,9.0,False,4494.0
1498,2015-07-08T11:00:00Z,41.0,169.07601392825188,449.79695102893373,106.21174876090315,39.85340765896882,16.072986076797722,59.53668129861603,6.465513775087451,4.341189711412474,0.0,0.0,0.0,0.0,0.0,model4,9.0,False,4497.0
1499,2015-07-08T14:00:00Z,41.0,169.2227116345211,462.2458314058784,104.69568456383921,40.54231389488192,15.774775495149088,53.506348974020526,9.466280687008918,4.058425210350959,0.0,0.0,0.0,0.0,0.0,model4,9.0,False,4500.0
1500,2015-07-08T17:00:00Z,41.0,171.22813766181454,460.36684153255004,103.87199597411946,40.961150221522544,14.906512339024756,49.56465492812278,9.64884560615447,3.827482289788296,0.0,0.0,0.0,0.0,0.0,model4,9.0,False,4503.0
1501,2015-07-08T20:00:00Z,41.0,169.43154526740722,464.4085141223593,103.13447012781036,40.730905410692465,15.898206422997575,54.24578934551512,9.763318647911408,4.155809006631967,0.0,0.0,0.0,0.0,0.0,model4,9.0,False,4506.0
1502,2015-07-08T23:00:00Z,41.0,168.2818021901191,459.85248885828173,102.0871038047492,41.24954252676046,15.727435785879017,53.019141701767204,10.159582756742589,4.33219893027799,0.0,0.0,0.0,0.0,0.0,model4,9.0,False,4509.0
1503,2015-07-09T02:00:00Z,41.0,168.87650620785215,453.0921864561223,101.88655349573456,40.63688923556137,14.375608144656727,50.76469979435768,9.929228001034254,4.978278182898391,0.0,0.0,0.0,0.0,0.0,model4,9.0,False,4512.0
1504,2015-07-09T05:00:00Z,41.0,169.8348832807321,447.7869699052381,99.66974001899521,40.196468106497385,11.51149283933066,44.94842747778379,11.851415186997588,5.625995009560142,0.0,0.0,0.0,0.0,0.0,model4,9.0,False,4515.0
1505,2015-07-09T08:00:00Z,41.0,168.79798930900768,445.79466605748365,98.05700600180464,39.27457411402794,11.53006167421512,46.152377459158004,12.116201048174874,6.075818609155308,0.0,0.0,0.0,0.0,0.0,model4,9.0,False,4518.0
1506,2015-07-09T11:00:00Z,41.0,170.01865543491914,445.8702160797973,96.11266172012115,39.11304177691019,11.216848284650602,44.15806077399985,10.365061989612224,5.932789089447197,0.0,0.0,0.0,0.0,0.0,model4,9.0,False,4521.0
1507,2015-07-09T14:00:00Z,41.0,169.89866045053668,446.266751865796,97.51712020657658,38.673546424657744,11.392460406980494,45.2480638845681,9.655644773857807,6.070132604796626,0.0,0.0,0.0,0.0,0.0,model4,9.0,False,4524.0
1508,2015-07-09T17:00:00Z,41.0,169.11217145958926,442.8962626714128,97.91876471657505,38.079322357401466,12.43218362507466,46.42941828661797,9.803634128152538,6.248621618001248,0.0,0.0,0.0,0.0,0.0,model4,9.0,False,4527.0
1509,2015-07-09T20:00:00Z,41.0,171.2475753858862,440.1358811351165,98.64433988119104,37.45273561206081,13.711573730968867,43.05356325604106,10.306938489194835,6.041396810416554,0.0,0.0,0.0,0.0,0.0,model4,9.0,False,4530.0
1510,2015-07-09T23:00:00Z,41.0,171.40278127836729,436.88343814749385,95.9538250771103,37.674371050082065,13.605577537853534,44.02269818571993,11.346151047752445,6.019935197360216,0.0,0.0,0.0,0.0,0.0,model4,9.0,False,4533.0
1511,2015-07-10T02:00:00Z,41.0,169.48637540949125,444.35069874715913,96.49328613015899,37.83494017902797,13.756824174577115,45.325414433180896,12.411656790372,5.78647142394055,0.0,0.0,0.0,0.0,0.0,model4,9.0,False,4536.0
1512,2015-07-10T05:00:00Z,41.0,171.76603561508063,451.33857436844653,98.71068007365166,38.39381225490164,15.51184296556833,46.53509882847414,11.48821583974798,5.614803141131286,0.0,0.0,0.0,0.0,0.0,model4,9.0,False,4539.0
1513,2015-07-10T08:00:00Z,41.0,169.2536621210985,451.2556440003905,99.93159374246453,39.331364983643844,16.053379500355014,45.66206975415837,11.195602333026883,5.2107618251616366,0.0,0.0,0.0,0.0,0.0,model4,9.0,False,4542.0
1514,2015-07-10T11:00:00Z,41.0,168.42155107219725,453.2103386110335,99.93977075821905,38.58073355201037,16.824301068023242,46.05586125966384,11.20102056996164,5.6113758726121485,0.0,0.0,0.0,0.0,0.0,model4,9.0,False,4545.0
1515,2015-07-10T14:00:00Z,41.0,167.20801168846782,447.03851996177735,99.25624873564699,38.68281436429811,18.03308845920014,43.93481506852705,10.8729983627774,5.432005800035046,0.0,0.0,0.0,0.0,0.0,model4,9.0,False,4548.0
1516,2015-07-10T17:00:00Z,41.0,167.30462565047432,456.1172905755771,99.09474360204828,39.93163674620847,17.47364205742405,46.309267427551724,11.207097927550944,5.570819815651107,0.0,0.0,0.0,0.0,0.0,model4,9.0,False,4551.0
1517,2015-07-10T20:00:00Z,41.0,167.67008219346832,463.6481344689543,98.84533913447376,39.76709517404251,16.119206908504115,45.03665047779968,11.796735944451196,6.059904597108412,0.0,0.0,0.0,0.0,0.0,model4,9.0,False,4554.0
1518,2015-07-10T23:00:00Z,41.0,164.86791609037334,470.3069584128791,101.12051191612244,39.0640201365241,16.828522369248308,42.665236987738425,10.375256744096973,5.772887566513988,0.0,0.0,0.0,0.0,0.0,model4,9.0,False,4557.0
1519,2015-07-11T02:00:00Z,41.0,165.65678437707209,466.25184959731837,99.86851009744343,39.57410120094134,17.177964327151802,47.811732531658706,9.394136874518948,5.9521853436120775,0.0,0.0,0.0,0.0,0.0,model4,9.0,False,4560.0
1520,2015-07-11T05:00:00Z,41.0,164.54270912865704,460.7581360136914,100.91661372313943,39.50066289289318,15.401775453231911,48.83215260509041,9.638660673049436,5.992000603810495,0.0,0.0,0.0,0.0,0.0,model4,9.0,False,4563.0
1521,2015-07-11T08:00:00Z,41.0,165.7332585779543,464.41330808647064,101.01421973930228,38.97623735156778,17.021184424695143,54.96208365700679,10.077494899093068,5.840894608860992,0.0,0.0,0.0,0.0,0.0,model4,9.0,False,4566.0
1522,2015-07-11T11:00:00Z,41.0,166.62602786623063,466.9702975171062,101.52190649629118,38.89905664012864,16.494899169690257,56.09910400390058,10.239574597767746,5.0327728472965925,0.0,0.0,0.0,0.0,0.0,model4,9.0,False,4569.0
1523,2015-07-11T14:00:00Z,41.0,166.05553839786248,460.67964198575663,100.98616538261804,38.735807413966825,15.936640507479416,65.482406809949,10.663658840885306,5.007118382907325,0.0,0.0,0.0,0.0,0.0,model4,9.0,False,4572.0
1524,2015-07-11T17:00:00Z,41.0,166.59649161489403,457.8963780451554,100.824443068966,38.276242678695404,15.905384325985036,63.532808869941746,10.474528622940696,4.421004787474997,0.0,0.0,0.0,0.0,0.0,model4,9.0,False,4575.0
1525,2015-07-11T20:00:00Z,41.0,166.0068940224164,454.65696780037734,100.22600039705836,38.70527578390668,15.241998211614726,63.78269099280193,9.447545820190873,3.4995768004126746,0.0,0.0,0.0,0.0,0.0,model4,9.0,False,4578.0
1526,2015-07-11T23:00:00Z,41.0,169.19701850552738,444.4781561267384,99.54830708899229,38.57433059345377,14.142056766999051,68.19876634793896,8.4736459170853,3.8624535975937504,0.0,0.0,0.0,0.0,0.0,model4,9.0,False,4581.0
1527,2015-07-12T02:00:00Z,41.0,168.52663708218108,444.9744339784665,99.88408959834344,38.808550747726095,14.23444092112715,64.95383281791507,8.724247524265063,3.802735516838461,0.0,0.0,0.0,0.0,0.0,model4,9.0,False,4584.0
1528,2015-07-12T05:00:00Z,41.0,167.54968569397872,443.73616591846223,98.94872063543501,38.42264974920167,14.142977671865655,62.7083368687012,8.336740720386151,3.5229684010899383,0.0,0.0,0.0,0.0,0.0,model4,9.0,False,4587.0
1529,2015-07-12T08:00:00Z,41.0,167.55080683854496,447.59800409889084,98.26855555406028,38.555433075101476,11.946161373735693,57.58475459993327,8.8042520721458,3.462056390532416,0.0,0.0,0.0,0.0,0.0,model4,9.0,False,4590.0
1530,2015-07-12T11:00:00Z,41.0,167.09339961155442,446.7777282035858,99.24430853911743,39.37558520795107,12.153287054596026,55.89335189911399,9.608630376332908,4.068778465721148,0.0,0.0,0.0,0.0,0.0,model4,9.0,False,4593.0
1531,2015-07-12T14:00:00Z,41.0,169.9770949668356,452.792532794965,99.13830269838228,39.08866002869737,12.417573694248786,50.54834042605893,9.177499540871901,4.658790444929268,0.0,0.0,0.0,0.0,0.0,model4,9.0,False,4596.0
1532,2015-07-12T17:00:00Z,41.0,169.7591127688037,446.3745483014792,97.70999593438559,38.59266119626271,13.80001070942498,53.68633116450427,9.516817497535158,4.7758642675117535,0.0,0.0,0.0,0.0,0.0,model4,9.0,False,4599.0
1533,2015-07-12T20:00:00Z,41.0,170.1688839930948,444.8789828365107,99.4081583398184,39.07693297296903,17.293639806910097,50.02834953436614,11.219283825634204,5.146263703747675,0.0,0.0,0.0,0.0,0.0,model4,9.0,False,4602.0
1534,2015-07-12T23:00:00Z,41.0,168.4242753161443,457.5262474649388,100.80479639935795,38.98286873013489,17.254521027949508,44.33513883446314,11.114703173678915,4.978770913631363,0.0,0.0,0.0,0.0,0.0,model4,9.0,False,4605.0
1535,2015-07-13T02:00:00Z,41.0,168.43010158049213,456.881348136648,99.86681635323387,38.865454384443005,16.93401462043723,48.3239534888362,11.8002278618153,4.891265587903448,0.0,0.0,0.0,0.0,0.0,model4,9.0,False,4608.0
1536,2015-07-13T05:00:00Z,41.0,169.98725138969647,456.2963892946679,98.9387096817352,38.75714067978601,17.460123386369652,48.699897057794466,11.815784647927616,4.862145706017722,0.0,0.0,0.0,0.0,0.0,model4,9.0,False,4611.0
1537,2015-07-13T08:00:00Z,41.0,169.87571229640233,462.5254465733934,99.1861808842912,38.687656427638736,18.466189056437933,51.8352143263952,11.313990708044535,4.8145812031652016,0.0,0.0,0.0,0.0,0.0,model4,9.0,False,4614.0
1538,2015-07-13T11:00:00Z,41.0,169.40210847291826,454.4718268661617,99.2509869291303,37.469058136135075,19.505631785744807,52.63415466110708,11.745790362078973,4.483553271182236,0.0,0.0,0.0,0.0,0.0,model4,9.0,False,4617.0
1539,2015-07-13T14:00:00Z,41.0,168.0055571425511,453.61757816283637,100.3062097909349,37.771449014611356,19.29931986530087,49.3227795783603,11.625935252502485,4.0220900727324835,0.0,0.0,0.0,0.0,0.0,model4,9.0,False,4620.0
1540,2015-07-13T17:00:00Z,41.0,166.84575558036008,455.5371813703542,101.05318660007616,38.37127961224735,18.361486659601567,45.347507093514736,11.164626798483203,4.659248586419291,0.0,0.0,0.0,0.0,0.0,model4,9.0,False,4623.0
1541,2015-07-13T20:00:00Z,41.0,164.85474688271876,452.3907569531988,99.64058432172756,38.01376233366234,15.439677360652228,46.50571580319088,9.99971013649002,4.252386537832397,0.0,0.0,0.0,0.0,0.0,model4,9.0,False,4626.0
1542,2015-07-13T23:00:00Z,41.0,167.04329248084582,442.99063575465937,98.3051423541787,38.672501681164505,16.086102361626292,44.247130303844735,9.871150373335473,4.5543013867457205,0.0,0.0,0.0,0.0,0.0,model4,9.0,False,4629.0
1543,2015-07-14T02:00:00Z,41.0,168.96209939408408,442.8905116100746,99.1710370178583,38.77399544842311,16.655718042156735,39.57223610454611,9.60118122276442,4.537821718000481,0.0,0.0,0.0,0.0,0.0,model4,9.0,False,4632.0
1544,2015-07-14T05:00:00Z,41.0,168.6294806952256,448.0005646397745,101.30098649026405,39.17758930975428,15.824225496676672,42.09606536147253,10.108887177756687,4.39059178471328,0.0,0.0,0.0,0.0,0.0,model4,9.0,False,4635.0
1545,2015-07-14T08:00:00Z,41.0,170.08341957483475,435.1613675477726,100.51515602879827,39.83885689342075,14.081320342475006,31.648230989488173,10.607095153305252,5.717803909549183,0.0,0.0,0.0,0.0,0.0,model4,9.0,False,4638.0
1546,2015-07-14T11:00:00Z,41.0,171.4922684992545,444.06421202633385,98.46422006055523,40.79739497708282,13.919629317699385,39.84515436258812,9.805980294663367,5.226462118784681,0.0,0.0,0.0,0.0,0.0,model4,9.0,False,4641.0
1547,2015-07-14T14:00:00Z,41.0,172.5285311303138,450.8162543620714,97.57032969656132,41.37833479866311,12.778068810514526,45.82477563630832,9.80849779932671,5.4615658641421305,0.0,0.0,0.0,0.0,0.0,model4,9.0,False,4644.0
1548,2015-07-14T17:00:00Z,41.0,174.61191324231288,441.8918564551835,96.4777575982909,41.21082243265707,12.059113662601881,53.708427939640295,9.955305940932627,5.582518868102933,0.0,0.0,0.0,0.0,0.0,model4,9.0,False,4647.0
1549,2015-07-14T20:00:00Z,41.0,175.17460972414656,436.03035018821726,97.02724037916651,41.80948984498863,12.410401362734444,55.72668188986738,10.10156937191002,5.765744781290787,0.0,0.0,0.0,0.0,0.0,model4,9.0,False,4650.0
1550,2015-07-14T23:00:00Z,41.0,172.82834567879254,430.55149481219314,98.21322630561336,41.482382439093215,12.621520924973213,59.22994656966478,11.941242737086082,5.657985048445005,0.0,0.0,0.0,0.0,0.0,model4,9.0,False,4653.0
1551,2015-07-15T02:00:00Z,41.0,171.6033938246091,428.13141970252235,98.06784906707635,41.18501507725328,12.064825143185253,62.18752428622056,11.35580255578919,5.627101069277726,0.0,0.0,0.0,0.0,0.0,model4,9.0,False,4656.0
1552,2015-07-15T05:00:00Z,41.0,169.33879155745475,415.78904726385775,96.58685771090842,41.48720414299713,12.861758658347394,60.868990941636184,10.73373596202981,5.7104872878165125,0.0,0.0,0.0,0.0,0.0,model4,9.0,False,4659.0
1553,2015-07-15T08:00:00Z,41.0,168.01783354812068,410.0403594352112,98.10286723495828,41.97703596042689,12.818847972802804,67.32748735753461,10.211942774873872,5.010670100272704,0.0,0.0,0.0,0.0,0.0,model4,9.0,False,4662.0
1554,2015-07-15T11:00:00Z,41.0,166.499933899197,398.1094964771711,98.29726759218865,41.978799278068536,10.886074630065103,59.05173874292126,11.707912105565214,5.063078229809063,0.0,0.0,0.0,0.0,0.0,model4,9.0,False,4665.0
1555,2015-07-15T14:00:00Z,41.0,166.77407832369275,382.342364697463,98.86510663003574,41.367784681804025,11.299336374467607,46.8356419874965,11.88753890091992,5.044453141172324,0.0,0.0,0.0,0.0,0.0,model4,9.0,False,4668.0
1556,2015-07-15T17:00:00Z,41.0,166.5989682204539,383.8439406454833,101.32130836806442,41.164500429813415,12.070732300247572,46.68992664401907,12.232204566376753,4.710486451771014,0.0,0.0,0.0,0.0,0.0,model4,9.0,False,4671.0
1557,2015-07-15T20:00:00Z,41.0,165.42425785599298,383.23130458532194,100.7071194671188,41.278001609917695,12.089532735562107,49.8929197319637,12.159699872828288,4.576373092836754,0.0,0.0,0.0,0.0,0.0,model4,9.0,False,4674.0
1558,2015-07-15T23:00:00Z,41.0,163.55094767272138,384.57332701332166,99.46488290015446,41.34885526508869,15.709044458776125,52.480125672150834,10.82470264566161,4.874104997307589,0.0,0.0,0.0,0.0,0.0,model4,9.0,False,4677.0
1559,2015-07-16T02:00:00Z,41.0,164.77241802536346,380.78179552136004,99.2562736416402,41.23234460679222,16.556756864729405,47.02075753403289,10.920978605103594,5.921929271901551,0.0,0.0,0.0,0.0,0.0,model4,9.0,False,4680.0
1560,2015-07-16T05:00:00Z,41.0,166.62845685816592,379.1151611736687,99.44205020510613,40.68301579454011,16.53296932403784,49.276860687754834,10.929580730821543,6.067278566611355,0.0,0.0,0.0,0.0,0.0,model4,9.0,False,4683.0
1561,2015-07-16T08:00:00Z,41.0,168.87788572569963,377.5175720109223,98.62772840756752,39.916575690048646,18.25851443271959,44.10727241626474,11.410959607078988,6.215809830959734,0.0,0.0,0.0,0.0,0.0,model4,9.0,False,4686.0
1562,2015-07-16T11:00:00Z,41.0,170.8644665091787,378.59279234601996,99.749200102089,39.698919628070676,19.284277885274825,53.02970017936722,9.594748066034102,6.251208417966857,0.0,0.0,0.0,0.0,0.0,model4,9.0,False,4689.0
1563,2015-07-16T14:00:00Z,41.0,170.16640636577904,380.6152375141288,100.03308248546931,39.99528491432654,19.177021554270986,51.65520310187822,11.991717646755355,6.009751670947657,0.0,0.0,0.0,0.0,0.0,model4,9.0,False,4692.0
1564,2015-07-16T17:00:00Z,41.0,170.90312032883747,378.45283488248793,99.32460891471771,40.45902829373959,19.135392364121387,52.36678239010274,10.983763367033406,5.944014280893358,0.0,0.0,0.0,0.0,0.0,model4,9.0,False,4695.0
1565,2015-07-16T20:00:00Z,41.0,172.88089898635337,383.8634303701574,99.36610111998276,40.09749635850642,17.52265833222755,52.63628968942725,11.029054923548262,5.690180407096023,0.0,0.0,0.0,0.0,0.0,model4,9.0,False,4698.0
1566,2015-07-16T23:00:00Z,41.0,176.0752375249892,392.3991083622962,100.66312391217592,39.96034162177218,12.12888157627418,56.64931546194974,11.723959699202466,6.12518847193849,0.0,0.0,0.0,0.0,0.0,model4,9.0,False,4701.0
1567,2015-07-17T02:00:00Z,41.0,174.5701923031959,403.24837551576246,101.76688130676727,40.957593839090734,12.927923128372353,64.30075163437823,11.865176182613686,5.601153456077137,0.0,0.0,0.0,0.0,0.0,model4,9.0,False,4704.0
1568,2015-07-17T05:00:00Z,41.0,174.45480425450188,410.6808103704242,100.8401627487042,40.61041957910538,12.833252585481873,62.12388804844056,12.69777890523021,5.931404235492479,0.0,0.0,0.0,0.0,0.0,model4,9.0,False,4707.0
1569,2015-07-17T08:00:00Z,41.0,173.80194824788342,421.5733767408081,100.4493115036919,40.462477929517654,12.152028885743306,59.91484717225475,12.771186999475546,5.3019798750657845,0.0,0.0,0.0,0.0,0.0,model4,9.0,False,4710.0
1570,2015-07-17T11:00:00Z,41.0,172.1591023600333,423.0145925720517,101.28585263952145,40.62803652606323,11.001985156034648,51.02329698671272,13.121439616140902,5.221629120696648,0.0,0.0,0.0,0.0,0.0,model4,9.0,False,4713.0
1571,2015-07-17T14:00:00Z,41.0,171.68023263134154,440.1590777223879,100.6911254327698,40.39876462895575,10.488349243100435,57.13612642760622,10.959967889887496,5.3657886036579745,0.0,0.0,0.0,0.0,0.0,model4,9.0,False,4716.0
1572,2015-07-17T17:00:00Z,41.0,171.48437019117983,444.92148539537203,101.76172161567908,39.873180990144355,11.120314080700057,51.225628418544034,11.09513310481411,5.202362474473827,0.0,0.0,0.0,0.0,0.0,model4,9.0,False,4719.0
1573,2015-07-17T20:00:00Z,41.0,171.7063543994943,444.3103141723957,102.14378845718343,40.168393530466815,10.996885318177762,52.38090959721243,10.932636105696574,6.123211366050417,0.0,0.0,0.0,0.0,0.0,model4,9.0,False,4722.0
1574,2015-07-17T23:00:00Z,41.0,171.4625817172895,449.67464725993415,102.69789516156004,39.99121621379221,11.853372442584071,54.75626055989791,10.765433002988784,5.52519062958439,0.0,0.0,0.0,0.0,0.0,model4,9.0,False,4725.0
1575,2015-07-18T02:00:00Z,41.0,173.03510803402554,448.7615009452588,101.41373759709973,39.14560924654622,13.069042325315175,54.65820713600571,11.602940349610224,5.3329222390214905,0.0,0.0,0.0,0.0,0.0,model4,9.0,False,4728.0
1576,2015-07-18T05:00:00Z,41.0,174.56080658083482,446.72316319585883,101.93316626284883,40.50673179295765,13.465243763232571,54.496568375649936,12.226384401862935,5.177015431114515,0.0,0.0,0.0,0.0,0.0,model4,9.0,False,4731.0
1577,2015-07-18T08:00:00Z,41.0,172.57431051773915,450.6575397076339,101.30299587003825,40.95670686662978,13.395163200242465,56.07662484275854,13.042924204557073,5.471340955979052,0.0,0.0,0.0,0.0,0.0,model4,9.0,False,4734.0
1578,2015-07-18T11:00:00Z,41.0,172.04419337978,449.34372086021597,99.95275649829023,40.337775610461634,13.226672332435445,58.97670864055084,12.771795419521506,5.68231731018432,0.0,0.0,0.0,0.0,0.0,model4,9.0,False,4737.0
1579,2015-07-18T14:00:00Z,41.0,173.37774444101385,445.87718325070887,100.26240105739916,40.21338227504622,14.619134478694965,53.21300987714942,12.9781852290094,5.772784440972575,0.0,0.0,0.0,0.0,0.0,model4,9.0,False,4740.0
1580,2015-07-18T17:00:00Z,41.0,172.79702015462001,448.3949949921092,98.90551217096451,40.267039644299324,14.508803011409016,50.4223919172905,12.352925866201035,5.981049289988942,0.0,0.0,0.0,0.0,0.0,model4,9.0,False,4743.0
1581,2015-07-18T20:00:00Z,41.0,172.45217696282106,445.6505272583268,99.26649376807808,39.64393715448136,15.028973197189515,52.67257472918395,12.816183146127115,5.023111832885324,0.0,0.0,0.0,0.0,0.0,model4,9.0,False,4746.0
1582,2015-07-18T23:00:00Z,41.0,174.7090076489333,436.53326383850646,99.33461455681505,39.770658486087044,17.026493189522938,48.565649916596186,13.050547835128615,4.963412415626994,0.0,0.0,0.0,0.0,0.0,model4,9.0,False,4749.0
1583,2015-07-19T02:00:00Z,41.0,175.0035898547537,431.6770544258564,99.25771926081366,39.36182158544279,16.196147548216615,46.89511017379075,12.691272264603471,5.0972297777887325,0.0,0.0,0.0,0.0,0.0,model4,9.0,False,4752.0
1584,2015-07-19T05:00:00Z,41.0,172.22356993399768,440.3638630744389,100.00589216460848,38.681212904173506,16.466024261780525,47.40495205444126,11.116677935926383,4.866867862124243,0.0,0.0,0.0,0.0,0.0,model4,9.0,False,4755.0
1585,2015-07-19T08:00:00Z,41.0,174.25867276646147,442.8217001697585,101.05699185421759,38.22506220806317,16.109648773009194,49.087686715367795,9.675108510942488,4.227827853610851,0.0,0.0,0.0,0.0,0.0,model4,9.0,False,4758.0
1586,2015-07-19T11:00:00Z,41.0,175.12275547819553,450.24472790377706,100.3818446812241,38.189543173521116,15.617867847149872,44.104237102651865,9.550903843821462,4.186255804394231,0.0,0.0,0.0,0.0,0.0,model4,9.0,False,4761.0
1587,2015-07-19T14:00:00Z,41.0,172.8785094859884,443.3175099022962,101.33407466897177,38.284293563044784,16.647458087124225,43.652088161519785,10.121690940754396,4.179595116466781,0.0,0.0,0.0,0.0,0.0,model4,9.0,False,4764.0
1588,2015-07-19T17:00:00Z,41.0,171.7585810060224,445.7240015627646,100.54758094952196,38.28351528638906,16.686168100687855,43.85114391609309,10.739235264850842,4.049051885926247,0.0,0.0,0.0,0.0,0.0,model4,9.0,False,4767.0
1589,2015-07-19T20:00:00Z,41.0,173.48371947871146,451.808266513334,101.15488529007787,38.72609251370804,16.815164247857886,40.278761383519814,10.6906623748446,4.6865776497866,0.0,0.0,0.0,0.0,0.0,model4,9.0,False,4770.0
1590,2015-07-19T23:00:00Z,41.0,170.83870055940824,447.4593424260842,100.48805151716101,38.59213815564682,14.083795592950823,45.401917246149644,9.557365448491502,4.931800897412983,0.0,0.0,0.0,0.0,0.0,model4,9.0,False,4773.0
1591,2015-07-20T02:00:00Z,41.0,167.71834857927632,453.1036664969332,99.96140717707183,39.02379751819944,16.008465670653706,47.09023623544311,9.434940100550618,4.641874380332887,0.0,0.0,0.0,0.0,0.0,model4,9.0,False,4776.0
1592,2015-07-20T05:00:00Z,41.0,169.65696359525558,448.52722838635367,99.79332621401122,39.18757936843628,16.04660376499734,46.77205776483292,9.262115663569752,4.688712128226537,0.0,0.0,0.0,0.0,0.0,model4,9.0,False,4779.0
1593,2015-07-20T08:00:00Z,41.0,169.53086810706913,443.6303591587592,100.1331586401709,38.62902203876304,16.48637205351161,42.8399050800376,9.687992995205336,4.881067527386623,0.0,0.0,0.0,0.0,0.0,model4,9.0,False,4782.0
1594,2015-07-20T11:00:00Z,41.0,168.66648025875685,446.72909067224924,101.02420042051632,39.24179940713852,16.845096857908846,45.52938718152721,9.689409694162613,5.336927752470827,0.0,0.0,0.0,0.0,0.0,model4,9.0,False,4785.0
1595,2015-07-20T14:00:00Z,41.0,169.546414584068,454.04771559198304,99.34739723360178,39.80691616844343,15.129489334926898,47.202730222914155,9.605207817313731,5.230355763865832,0.0,0.0,0.0,0.0,0.0,model4,9.0,False,4788.0
1596,2015-07-20T17:00:00Z,41.0,168.37391565987792,458.0153700167741,100.61395426193044,39.91962386674829,15.258866204715725,51.39457316969799,9.118497330710829,5.120450366005241,0.0,0.0,0.0,0.0,0.0,model4,9.0,False,4791.0
1597,2015-07-20T20:00:00Z,41.0,167.71892570875195,458.3566917078912,98.80220208974475,39.93047013696256,15.776577607130616,49.921580278760786,9.502516292332183,4.648418538886103,0.0,0.0,0.0,0.0,0.0,model4,9.0,False,4794.0
1598,2015-07-20T23:00:00Z,41.0,165.60437503129998,462.51407053477936,99.53512080951592,40.291044063468966,16.785317747002853,44.07778954679554,10.085256521721947,4.548412679286503,0.0,0.0,0.0,0.0,0.0,model4,9.0,False,4797.0
1599,2015-07-21T02:00:00Z,41.0,167.69884210490363,462.0141655747442,101.99183704364883,39.44944754495412,14.360486111429358,43.9506716331569,10.181510829348717,5.398506369107958,0.0,0.0,0.0,0.0,0.0,model4,9.0,False,4800.0
1600,2015-07-21T05:00:00Z,41.0,167.986656441873,468.5224632027345,101.26909330253069,39.109272859853114,15.711102212492092,48.03573829977502,10.161653173133132,5.389074152988544,0.0,0.0,0.0,0.0,0.0,model4,9.0,False,4803.0
1601,2015-07-21T08:00:00Z,41.0,167.9902344428911,463.25436645191735,102.44696630448168,39.2336954976339,16.069386453725265,52.36401439770041,9.947720061890696,5.234059875265738,0.0,0.0,0.0,0.0,0.0,model4,9.0,False,4806.0
1602,2015-07-21T11:00:00Z,41.0,168.8019769417355,459.5766071256466,101.31127928464493,39.263028835582,16.194225029952204,53.551291034675245,10.76925069757606,4.7748198423013015,0.0,0.0,0.0,0.0,0.0,model4,9.0,False,4809.0
1603,2015-07-21T14:00:00Z,41.0,169.24175459601028,450.6842831656562,102.63519585421456,38.93325947243979,16.092816974950434,53.70465756440788,9.761731172569787,5.050329376681641,0.0,0.0,0.0,0.0,0.0,model4,9.0,False,4812.0
1604,2015-07-21T17:00:00Z,41.0,167.89400325971775,449.36120899124535,103.71462750709681,38.82718696486366,18.950524177458764,50.661079960613634,10.281900847223568,5.788910654740023,0.0,0.0,0.0,0.0,0.0,model4,9.0,False,4815.0
1605,2015-07-21T20:00:00Z,41.0,165.3368551779667,448.99050964746175,104.50445701447526,38.41044005388263,17.988583640381265,54.91377602319746,8.956700042241115,5.662346266870762,0.0,0.0,0.0,0.0,0.0,model4,9.0,False,4818.0
1606,2015-07-21T23:00:00Z,41.0,166.1293910797636,455.26602225719483,103.44312519232622,38.61655301236164,18.51334386625107,54.53808727459954,8.826146291876082,5.715229577456727,0.0,0.0,0.0,0.0,0.0,model4,9.0,False,4821.0
1607,2015-07-22T02:00:00Z,41.0,164.0017554460454,450.16540346846205,102.61255729324871,38.80686332047158,18.62503067657317,51.935287237528755,9.297607471584357,5.356053109411876,0.0,0.0,0.0,0.0,0.0,model4,9.0,False,4824.0
1608,2015-07-22T05:00:00Z,41.0,164.35159734384882,444.9243803420722,104.20003524535628,39.21151504942378,18.156258965141014,45.241836332079295,10.506996365088524,5.2742871362236965,0.0,0.0,0.0,0.0,0.0,model4,9.0,False,4827.0
1609,2015-07-22T08:00:00Z,41.0,165.15549060017722,446.47349971817175,102.68441142735732,39.131644065352006,17.734401713102766,44.454849124437075,10.477105281791443,5.389951716905762,0.0,0.0,0.0,0.0,0.0,model4,9.0,False,4830.0
1610,2015-07-22T11:00:00Z,41.0,166.01302216703664,445.11921283538237,103.173024027341,38.979785118198535,17.63729368880961,43.15997439315001,10.276913729890387,5.492614231319766,0.0,0.0,0.0,0.0,0.0,model4,9.0,False,4833.0
1611,2015-07-22T14:00:00Z,41.0,165.3339572923234,446.1436912043063,102.9705895927055,39.40149802485155,18.331490591305855,41.19746432918713,11.073201638992277,5.630393870234232,0.0,0.0,0.0,0.0,0.0,model4,9.0,False,4836.0
1612,2015-07-22T17:00:00Z,41.0,166.77431700324584,445.4973893892058,101.13527965450544,38.888029360733135,15.330598937206169,38.9450313254808,10.910957225201598,5.248312086975039,0.0,0.0,0.0,0.0,0.0,model4,9.0,False,4839.0
1613,2015-07-22T20:00:00Z,41.0,166.240768914147,444.19766027593874,100.94795044806216,39.297224999498724,16.659729753855913,31.75853451876477,10.819364337838971,6.030831773645782,0.0,0.0,0.0,0.0,0.0,model4,9.0,False,4842.0
1614,2015-07-22T23:00:00Z,41.0,169.52957864941897,437.12354737630056,101.09094951862065,39.2106073500526,16.18042905970897,30.61085862489964,10.712885875297395,5.870173212302547,0.0,0.0,0.0,0.0,0.0,model4,9.0,False,4845.0
1615,2015-07-23T02:00:00Z,41.0,170.79715022050837,440.7080936407307,100.5408945878731,39.38831668514001,15.411131742501324,34.28364504211159,9.805991647379033,5.493135309411605,0.0,0.0,0.0,0.0,0.0,model4,9.0,False,4848.0
1616,2015-07-23T05:00:00Z,41.0,168.05135107266233,444.23355328996286,99.51748790399046,39.32726851654862,15.086648955721586,45.68519156492169,8.379721043634158,5.454291568277194,0.0,0.0,0.0,0.0,0.0,model4,9.0,False,4851.0
1617,2015-07-23T08:00:00Z,41.0,166.34209251875004,448.4819561792746,100.32097005983731,40.36689882373233,14.108014351489635,45.9373293376468,9.205908122920038,5.70151512984254,0.0,0.0,0.0,0.0,0.0,model4,9.0,False,4854.0
1618,2015-07-23T11:00:00Z,41.0,166.14175201624667,447.5117660256439,100.54496166600964,40.204319595296795,14.051240371923368,46.3955171722255,9.531443102797487,5.5515981882329335,0.0,0.0,0.0,0.0,0.0,model4,9.0,False,4857.0
1619,2015-07-23T14:00:00Z,41.0,167.76855295632515,453.08503380811294,99.61630153627516,39.99294152792084,14.085988830049505,46.61673170368913,8.691713331191098,5.333522017425741,0.0,0.0,0.0,0.0,0.0,model4,9.0,False,4860.0
1620,2015-07-23T17:00:00Z,41.0,167.301260803931,453.5157312822125,99.70381521741552,40.473917718464044,15.684660308356767,46.117243951222974,8.899319171657828,4.793243304634259,0.0,0.0,0.0,0.0,0.0,model4,9.0,False,4863.0
1621,2015-07-23T20:00:00Z,41.0,169.34166776031532,455.7821076858803,101.60618341255936,40.345272975293,13.400467341670652,47.59027469169203,10.405901784192062,4.5866085068366536,0.0,0.0,0.0,0.0,0.0,model4,9.0,False,4866.0
1622,2015-07-23T23:00:00Z,41.0,167.85059026735166,454.9628418011837,101.34982758545769,39.80701393336511,13.001199889892671,47.68017799257603,10.504991980478842,4.6715144754107625,0.0,0.0,0.0,0.0,0.0,model4,9.0,False,4869.0
1623,2015-07-24T02:00:00Z,41.0,168.54360074123625,455.4605543805803,100.77624810814044,40.109397283922895,13.398937279047408,47.603951806488006,11.359588715905485,4.545887938231299,0.0,0.0,0.0,0.0,0.0,model4,9.0,False,4872.0
1624,2015-07-24T05:00:00Z,41.0,170.29320334797325,449.80961469305726,100.65574908224268,39.719254508224736,13.700270864002304,46.56284729919198,10.828730599451763,4.689691507862039,0.0,0.0,0.0,0.0,0.0,model4,9.0,False,4875.0
1625,2015-07-24T08:00:00Z,41.0,169.51567995715212,442.7225538989558,98.29380041140485,39.58836760248567,14.069434379646804,45.10194114781642,11.820281663722394,4.369373674254144,0.0,0.0,0.0,0.0,0.0,model4,9.0,False,4878.0
1626,2015-07-24T11:00:00Z,41.0,169.61665636852683,448.24867864365416,98.66055032759115,40.041787473949924,13.985692950575954,45.37914612980938,11.080086472350493,4.633514652642225,0.0,0.0,0.0,0.0,0.0,model4,9.0,False,4881.0
1627,2015-07-24T14:00:00Z,41.0,170.02208452749485,439.4782684524353,98.43827828273443,40.14581779035375,15.230613039106258,50.548999611182325,10.984057958625808,4.602156785391298,0.0,0.0,0.0,0.0,0.0,model4,9.0,False,4884.0
1628,2015-07-24T17:00:00Z,41.0,171.59433575580928,428.9435851139782,98.8735233357522,40.31772310779395,14.138678402122855,54.81703034604576,10.662727158736011,4.704231717474126,0.0,0.0,0.0,0.0,0.0,model4,9.0,False,4887.0
1629,2015-07-24T20:00:00Z,41.0,172.97535267813413,429.41477779718804,97.78855579813023,40.16562156676369,15.127159841044366,53.5958812023259,9.40642588355307,4.037895197841574,0.0,0.0,0.0,0.0,0.0,model4,9.0,False,4890.0
1630,2015-07-24T23:00:00Z,41.0,172.58274865487218,433.82029858969855,98.24894723476534,41.180422395376794,14.282198038245115,54.53545597250081,9.565409872469317,5.8380030776071274,0.0,0.0,0.0,0.0,0.0,model4,9.0,False,4893.0
1631,2015-07-25T02:00:00Z,41.0,172.10045014711812,431.36379130133935,100.87690407358515,40.954989182098615,15.187403643474374,59.72339753749362,10.415812988064246,6.174033906519238,0.0,0.0,0.0,0.0,0.0,model4,9.0,False,4896.0
1632,2015-07-25T05:00:00Z,41.0,172.16451430698876,432.0444507400533,102.25483128476904,41.388284014614406,14.340327033028546,55.33236225688674,10.930150206577109,5.87736440723014,0.0,0.0,0.0,0.0,0.0,model4,9.0,False,4899.0
1633,2015-07-25T08:00:00Z,41.0,173.33133009828197,439.4028575166526,105.23521389115372,40.78243179056044,15.080076235047295,56.36096763101613,8.102532290083422,5.666856894018452,0.0,0.0,0.0,0.0,0.0,model4,9.0,False,4902.0
1634,2015-07-25T11:00:00Z,41.0,171.73429354310449,435.8683480187424,105.32487032938991,40.825172217604056,16.164669957593848,54.031900902680384,7.778494351082362,5.558489509777707,0.0,0.0,0.0,0.0,0.0,model4,9.0,False,4905.0
1635,2015-07-25T14:00:00Z,41.0,170.5268329772499,439.4577692579461,105.31326181912569,40.42999266448814,14.752761282186007,51.80013880539836,7.7654331053405405,5.821521132121752,0.0,0.0,0.0,0.0,0.0,model4,9.0,False,4908.0
1636,2015-07-25T17:00:00Z,41.0,170.72741694810992,450.495040665902,105.16289304486851,40.4349978413349,13.328903747970136,46.04543235453513,8.224678971417067,5.708944424215952,0.0,0.0,0.0,0.0,0.0,model4,9.0,False,4911.0
1637,2015-07-25T20:00:00Z,41.0,169.0680475649744,444.6288801366346,104.92548232881613,40.85529020973349,12.199892399838385,49.0251930087327,8.228508398631229,5.771798792689962,0.0,0.0,0.0,0.0,0.0,model4,9.0,False,4914.0
1638,2015-07-25T23:00:00Z,41.0,169.12490058309172,448.5364885858978,103.59708676032587,40.28522774235486,13.960525062675725,49.10528694852653,8.929681626432558,3.7710506850952386,0.0,0.0,0.0,0.0,0.0,model4,9.0,False,4917.0
1639,2015-07-26T02:00:00Z,41.0,169.76196250554838,445.64413081759176,101.476291795021,41.30875260594346,12.83029091151341,46.71484826559257,7.674212174753269,3.3796799923214302,0.0,0.0,0.0,0.0,0.0,model4,9.0,False,4920.0
1640,2015-07-26T05:00:00Z,41.0,170.016979462562,449.9514432599348,99.34248490009004,40.83771682137762,13.082374885977075,46.640942019601574,9.428437462456086,4.82376256707665,0.0,0.0,0.0,0.0,0.0,model4,9.0,False,4923.0
1641,2015-07-26T08:00:00Z,41.0,170.61564315483682,452.5106160617757,97.44861368488763,41.24613236794517,11.67633802459684,47.21464198170659,8.927852061129194,5.187252207257654,0.0,0.0,0.0,0.0,0.0,model4,9.0,False,4926.0
1642,2015-07-26T11:00:00Z,41.0,171.4353012196205,447.8051445512565,97.02369555827877,41.300505384461815,10.52548978768437,50.25514477470666,8.851635686550297,5.225683352959738,0.0,0.0,0.0,0.0,0.0,model4,9.0,False,4929.0
1643,2015-07-26T14:00:00Z,41.0,168.6753915944176,456.86023176847135,97.92208030443331,40.86209426630551,12.794411452707255,48.8853146594299,8.926270089336828,5.409823371291262,0.0,0.0,0.0,0.0,0.0,model4,9.0,False,4932.0
1644,2015-07-26T17:00:00Z,41.0,167.51632980698938,451.4291730511294,97.50222508821999,40.33243047765775,13.888253827737945,50.21614032867375,8.412575705055485,5.64508073588364,0.0,0.0,0.0,0.0,0.0,model4,9.0,False,4935.0
1645,2015-07-26T20:00:00Z,41.0,166.7204662514585,453.281642285373,97.24916323453155,39.63825027306791,14.649353360532064,51.29401351276232,7.950994804240812,5.6085780670947045,0.0,0.0,0.0,0.0,0.0,model4,9.0,False,4938.0
1646,2015-07-26T23:00:00Z,41.0,167.54489492077283,446.0230805777175,99.53675609835449,38.90526729301649,15.879594753271293,53.498839684041606,9.111036390769744,6.561354790760123,0.0,0.0,0.0,0.0,0.0,model4,9.0,False,4941.0
1647,2015-07-27T02:00:00Z,41.0,165.0366588809651,447.4495990737394,99.30189165775656,38.07460299342532,17.268028502463785,46.74393637966357,9.339534492022322,6.37997796662722,0.0,0.0,0.0,0.0,0.0,model4,9.0,False,4944.0
1648,2015-07-27T05:00:00Z,41.0,164.05819563492116,443.0158646321572,99.05889018536371,37.84919071806856,16.71506051055864,48.58893733031525,8.411628698011857,5.623968180249967,0.0,0.0,0.0,0.0,0.0,model4,9.0,False,4947.0
1649,2015-07-27T08:00:00Z,41.0,163.84764178009232,441.3766176132389,99.61500606697795,37.287709999123756,16.649419792172026,48.1235638511469,8.360131507257643,5.092379745192876,0.0,0.0,0.0,0.0,0.0,model4,9.0,False,4950.0
1650,2015-07-27T11:00:00Z,41.0,164.25281468788418,440.6390840906649,99.07790705071648,36.579604393831396,18.597491279057774,46.319978805033635,9.726290754321678,4.504419713815633,0.0,0.0,0.0,0.0,0.0,model4,9.0,False,4953.0
1651,2015-07-27T14:00:00Z,41.0,166.41879602214848,433.92397711971466,99.36836409105192,38.09404689395336,17.574945331662022,41.421537502233356,9.96585383909206,5.5043559739847945,0.0,0.0,0.0,0.0,0.0,model4,9.0,False,4956.0
1652,2015-07-27T17:00:00Z,41.0,167.27051394493924,440.5228752620918,100.12157942894056,38.5820420483981,18.548211601190804,42.20057401214192,10.108649679698052,5.5973483419337535,0.0,0.0,0.0,0.0,0.0,model4,9.0,False,4959.0
1653,2015-07-27T20:00:00Z,41.0,166.98761056134887,447.789416493771,99.93683896154495,39.061645241299466,18.251170585016304,43.04537821702034,10.08058383574189,5.776117624758679,0.0,0.0,0.0,0.0,0.0,model4,9.0,False,4962.0
1654,2015-07-27T23:00:00Z,41.0,163.64831428975282,451.0306903320072,99.10088413609958,40.273794896306036,17.077370588427787,39.725984156473004,10.477567479672807,5.417654194244224,0.0,0.0,0.0,0.0,0.0,model4,9.0,False,4965.0
1655,2015-07-28T02:00:00Z,41.0,166.1239458623723,449.7083159020042,98.50285744441669,40.402291831973095,17.639722805292415,41.00517006510262,11.307423219050813,5.1398502808383215,0.0,0.0,0.0,0.0,0.0,model4,9.0,False,4968.0
1656,2015-07-28T05:00:00Z,41.0,166.88042488298183,448.9345880225185,97.36927574469186,40.99591370347349,18.193149423255374,42.67935368942617,11.704592693628735,5.297992201598982,0.0,0.0,0.0,0.0,0.0,model4,9.0,False,4971.0
1657,2015-07-28T08:00:00Z,41.0,166.88166565479034,446.5272604558505,97.92369928196564,41.339785562936726,19.61343361395944,49.345969064145756,11.537587917008505,5.296727493564847,0.0,0.0,0.0,0.0,0.0,model4,9.0,False,4974.0
1658,2015-07-28T11:00:00Z,41.0,166.12457885294225,450.9163588053156,98.8168154824119,41.97748290418517,18.850392273083287,47.20083759547906,10.97103557189156,5.142312877544192,0.0,0.0,0.0,0.0,0.0,model4,9.0,False,4977.0
1659,2015-07-28T14:00:00Z,41.0,167.7979236439067,447.5634627349887,99.90778147356261,40.97827340003853,19.55784197161627,51.36621198220746,11.586337461088975,4.822549541013123,0.0,0.0,0.0,0.0,0.0,model4,9.0,False,4980.0
1660,2015-07-28T17:00:00Z,41.0,169.20172403062432,441.40791343863634,99.42331936021687,40.68963726163809,18.293799048679148,50.59276734134625,11.845802555539999,5.2508957022629215,0.0,0.0,0.0,0.0,0.0,model4,9.0,False,4983.0
1661,2015-07-28T20:00:00Z,41.0,169.6838732950984,431.7133287172978,99.47025970480401,40.07171234704465,18.267056275729264,45.833979191946284,11.925352676994825,5.287602892337767,0.0,0.0,0.0,0.0,0.0,model4,9.0,False,4986.0
1662,2015-07-28T23:00:00Z,41.0,170.97842803152616,437.18863154181196,100.13243496288466,39.71558633555209,17.694516660351137,51.508027122878936,11.365234350312495,4.510301675552264,0.0,0.0,0.0,0.0,0.0,model4,9.0,False,4989.0
1663,2015-07-29T02:00:00Z,41.0,168.88427388215194,440.8382556759056,101.16048536332458,39.6447302069563,18.66576818943217,52.595469930102816,10.578469529741293,4.5353184706853655,0.0,0.0,0.0,0.0,0.0,model4,9.0,False,4992.0
1664,2015-07-29T05:00:00Z,41.0,167.1795687545445,437.98495001995,103.13244693998978,39.71927612018086,18.86461788707721,50.909911218298255,8.363821969129699,4.454307818233156,0.0,0.0,0.0,0.0,0.0,model4,9.0,False,4995.0
1665,2015-07-29T08:00:00Z,41.0,166.4243230413801,427.4760286106581,103.47622635442066,39.98901182755271,17.565500094818038,50.30751033267784,8.458336186757686,4.209710805666506,0.0,0.0,0.0,0.0,0.0,model4,9.0,False,4998.0
1666,2015-07-29T11:00:00Z,41.0,167.80714309642846,418.03244648654436,103.38551763585762,39.5593658003985,16.92268514480622,53.318612483070574,8.352065574854885,3.991818292176492,0.0,0.0,0.0,0.0,0.0,model4,9.0,False,5001.0
1667,2015-07-29T14:00:00Z,41.0,166.05418697455468,412.4658608587454,101.97735789414705,39.665756695792496,17.15736289711034,63.43240656706232,7.968464495298124,3.957122712272132,0.0,0.0,0.0,0.0,0.0,model4,9.0,False,5004.0
1668,2015-07-29T17:00:00Z,41.0,165.12557422973575,403.6216194923216,102.18059735207657,40.146740829271046,16.316284992058918,67.6503028720609,7.281740637931337,3.7971218998773564,0.0,0.0,0.0,0.0,0.0,model4,9.0,False,5007.0
1669,2015-07-29T20:00:00Z,41.0,166.99333588395825,399.38967101315353,102.53696803256388,39.91799234197157,16.22017581433362,68.09667662560666,7.5513121146207824,4.042987554698255,0.0,0.0,0.0,0.0,0.0,model4,9.0,False,5010.0
1670,2015-07-29T23:00:00Z,41.0,169.54838088787452,383.02173510173037,101.51421589280665,39.19607791359568,15.383061893567104,56.91896327965728,7.1963682914002325,4.152781084777104,0.0,0.0,0.0,0.0,0.0,model4,9.0,False,5013.0
1671,2015-07-30T02:00:00Z,41.0,170.24077860458402,372.26886590769135,101.19628750397136,39.82145189360124,12.639280142932638,48.79292050621844,7.5380277296889675,4.598728128641624,0.0,0.0,0.0,0.0,0.0,model4,9.0,False,5016.0
1672,2015-07-30T05:00:00Z,41.0,173.05648272791973,367.39526172913287,100.31676547153444,40.22933406472227,11.994482472999241,45.78413917780056,7.714324022629395,4.535511843714353,0.0,0.0,0.0,0.0,0.0,model4,9.0,False,5019.0
1673,2015-07-30T08:00:00Z,41.0,172.65320972880062,371.2930906858341,99.79907296494557,39.766576905263534,12.385522657245321,44.06228047625999,7.890136158293184,4.492412307092287,0.0,0.0,0.0,0.0,0.0,model4,9.0,False,5022.0
1674,2015-07-30T11:00:00Z,41.0,172.54695761104497,369.7131921887075,99.95404372330248,40.656931523974436,12.932295790013098,45.07643997621106,8.264362399636617,5.1331244057958605,0.0,0.0,0.0,0.0,0.0,model4,9.0,False,5025.0
1675,2015-07-30T14:00:00Z,41.0,173.40588784155437,370.72251072724487,98.96161247958841,41.60753579547433,11.25510155224581,30.62661659768108,8.937285885306355,5.6944184372291735,0.0,0.0,0.0,0.0,0.0,model4,9.0,False,5028.0
1676,2015-07-30T17:00:00Z,41.0,173.1249252986125,377.3264548449795,98.37593747874293,41.61081774601302,11.244609352014706,29.93607844401857,9.287368413465202,5.4663233967808615,0.0,0.0,0.0,0.0,0.0,model4,9.0,False,5031.0
1677,2015-07-30T20:00:00Z,41.0,173.07660725990257,371.8115345777628,97.81761239294228,42.456723180274594,12.637135591755984,34.319114193972936,9.345488544940693,4.949460670898402,0.0,0.0,0.0,0.0,0.0,model4,9.0,False,5034.0
1678,2015-07-30T23:00:00Z,41.0,172.47960253332818,376.0185097345871,96.45205701302136,42.660868508418154,13.036104850365966,34.41644633733721,9.278285101882359,5.051647041894387,0.0,0.0,0.0,0.0,0.0,model4,9.0,False,5037.0
1679,2015-07-31T02:00:00Z,41.0,175.1960941953569,380.2760297508132,97.09845810056484,41.655520145526616,13.984071879368795,38.718319819279536,9.35703279299594,5.320759909829371,0.0,0.0,0.0,0.0,0.0,model4,9.0,False,5040.0
1680,2015-07-31T05:00:00Z,41.0,173.85469555448742,387.4812129201191,97.55253470410926,41.038266177787754,13.734662263273954,40.942085906254896,9.18468879729284,5.575642781487655,0.0,0.0,0.0,0.0,0.0,model4,9.0,False,5043.0
1681,2015-07-31T08:00:00Z,41.0,174.45271213321163,395.46033016708236,97.61959070750808,41.74053161188387,12.515770165990016,56.458161122402345,8.923424517258466,5.6482624058627255,0.0,0.0,0.0,0.0,0.0,model4,9.0,False,5046.0
1682,2015-07-31T11:00:00Z,41.0,173.56165514173068,411.6211286756748,97.34265754441259,41.05422179712723,12.034404798355016,60.96059066770234,8.250629838234138,5.2523246690714895,0.0,0.0,0.0,0.0,0.0,model4,9.0,False,5049.0
1683,2015-07-31T14:00:00Z,41.0,171.8686205727142,413.40788080020485,97.0928642090981,39.66418331144745,13.081493601318488,58.980530460014975,9.34530195427183,4.790358150534117,0.0,0.0,0.0,0.0,0.0,model4,9.0,False,5052.0
1684,2015-07-31T17:00:00Z,41.0,172.38401032661037,419.56411177376714,97.20944089744177,39.91434913147866,13.198133369435759,60.59792002750818,9.454759412711956,4.878110211125919,0.0,0.0,0.0,0.0,0.0,model4,9.0,False,5055.0
1685,2015-07-31T20:00:00Z,41.0,171.08496358018155,436.5939263215564,97.8212083898472,40.181023534531604,11.968895215310063,51.91008232606308,9.412967914234573,5.331288451986029,0.0,0.0,0.0,0.0,0.0,model4,9.0,False,5058.0
1686,2015-07-31T23:00:00Z,41.0,170.94666137163063,446.8083814706091,99.15092113554329,40.16166353429613,11.75230895989348,59.529808433500214,9.106221870097599,5.170189413259009,0.0,0.0,0.0,0.0,0.0,model4,9.0,False,5061.0
1687,2015-08-01T02:00:00Z,41.0,168.844715478698,450.9296431523594,99.61255038277565,40.72705152296313,10.957199947404748,56.433948637981004,10.250813306500165,4.995168534636265,0.0,0.0,0.0,0.0,0.0,model4,9.0,False,5064.0
1688,2015-08-01T05:00:00Z,41.0,167.12260429279834,454.3802332246827,100.91091772877844,40.883735269880994,11.844586715864795,55.76417072673705,10.319097881506307,5.009303931155701,0.0,0.0,0.0,0.0,0.0,model4,9.0,False,5067.0
1689,2015-08-01T08:00:00Z,41.0,166.64281402957332,452.2411546572772,101.03209095635599,40.08768639113621,12.601515703222242,50.257119390603506,11.047177830594604,4.931932888912108,0.0,0.0,0.0,0.0,0.0,model4,9.0,False,5070.0
1690,2015-08-01T11:00:00Z,41.0,167.34996191610986,448.75565145816194,101.51566703505158,39.76578824013117,12.847879319408914,52.73728849190979,11.393859811344273,5.480407371319269,0.0,0.0,0.0,0.0,0.0,model4,9.0,False,5073.0
1691,2015-08-01T14:00:00Z,41.0,168.62168005132298,453.98189694879073,103.5215402360945,40.47323529552343,12.190372468277365,51.64703957509371,11.895437695130155,5.675503467143749,0.0,0.0,0.0,0.0,0.0,model4,9.0,False,5076.0
1692,2015-08-01T17:00:00Z,41.0,167.2557125185007,454.4578552286642,103.98544540436514,39.945276819728576,12.00960579037684,58.62082761911468,11.474117526718553,5.768043583177548,0.0,0.0,0.0,0.0,0.0,model4,9.0,False,5079.0
1693,2015-08-01T20:00:00Z,41.0,168.84813836121367,452.8277509616935,103.69588669605793,39.42784409460069,12.577994554442524,57.58686866999999,12.095495172638627,5.107565550655647,0.0,0.0,0.0,0.0,0.0,model4,9.0,False,5082.0
1694,2015-08-01T23:00:00Z,41.0,169.00205055799177,455.6622127431768,102.82391002309592,39.38694395224885,12.342358893632907,50.388100522738725,12.699765102595224,5.238713753510216,0.0,0.0,0.0,0.0,0.0,model4,9.0,False,5085.0
1695,2015-08-02T02:00:00Z,41.0,170.58841964800507,458.1096685430619,101.588417937129,39.97467259684765,12.108827470184856,47.598640669330294,12.835213735486144,5.658995063343387,0.0,0.0,0.0,0.0,0.0,model4,9.0,False,5088.0
1696,2015-08-02T05:00:00Z,41.0,171.2732474472017,459.66073636393236,101.81611564943735,39.18039120167421,12.614454140314928,47.13404217219736,12.891903252626829,5.755446206642067,0.0,0.0,0.0,0.0,0.0,model4,9.0,False,5091.0
1697,2015-08-02T08:00:00Z,41.0,174.02049150488412,456.52753078801004,102.54179820176212,40.14304181887314,14.543685819655714,48.38196558343225,12.450331020524649,6.053040597210687,0.0,0.0,0.0,0.0,0.0,model4,9.0,False,5094.0
1698,2015-08-02T11:00:00Z,41.0,174.93281152289464,455.4236690821955,101.96046604944924,40.09236534987589,16.05662144950411,45.06788176693274,13.580043633701456,5.735898704050912,0.0,0.0,0.0,0.0,0.0,model4,9.0,False,5097.0
1699,2015-08-02T14:00:00Z,41.0,175.13971776300124,460.1691618299528,101.98399851518171,39.577083685523775,17.627921084020286,48.21978727829274,11.778081849395615,5.54529212263522,0.0,0.0,0.0,0.0,0.0,model4,9.0,False,5100.0
1700,2015-08-02T17:00:00Z,41.0,174.8406903556985,456.86125088791016,102.54909202146273,38.98062493020832,18.371952387664702,40.28417526290421,12.245682083518991,5.557083714095096,0.0,0.0,0.0,0.0,0.0,model4,9.0,False,5103.0
1701,2015-08-02T20:00:00Z,41.0,173.82712940249004,462.53908056553985,102.30888155908144,38.57744518508058,18.534895028894766,42.65284297326761,12.511135021140115,5.6544494651370885,0.0,0.0,0.0,0.0,0.0,model4,9.0,False,5106.0
1702,2015-08-02T23:00:00Z,41.0,172.9116901346973,458.1295851108575,102.28916693296507,38.98693793511113,18.680797146848604,40.22039389422499,12.374819124189722,5.4192767011717775,0.0,0.0,0.0,0.0,0.0,model4,9.0,False,5109.0
1703,2015-08-03T02:00:00Z,41.0,173.73321060178267,454.3433602490096,102.59153537498115,38.294034897894335,18.091506871476213,44.65478539920603,11.221730627271647,4.911143745765127,0.0,0.0,0.0,0.0,0.0,model4,9.0,False,5112.0
1704,2015-08-03T05:00:00Z,41.0,175.87716221777518,448.2536399280755,101.41542618380328,39.15591561302286,17.27944240903611,47.364343786762994,12.109518017691247,4.524154959144778,0.0,0.0,0.0,0.0,0.0,model4,9.0,False,5115.0
1705,2015-08-03T08:00:00Z,41.0,173.4814936729516,453.53563776413256,99.33200764310213,38.395800569540526,18.48634577973721,46.07429803634729,12.583539153712685,4.331264021957523,0.0,0.0,0.0,0.0,0.0,model4,9.0,False,5118.0
1706,2015-08-03T11:00:00Z,41.0,171.4041366162196,451.3078131473347,98.6781487732492,39.860650805288245,17.076333796568402,46.89164719184385,11.11961994316559,5.692731691346671,0.0,0.0,0.0,0.0,0.0,model4,9.0,False,5121.0
1707,2015-08-03T14:00:00Z,41.0,170.17777773260337,450.43712587251815,97.19357988461249,41.25945210166257,16.17707100967615,39.52443935659828,10.561704555292136,6.171035869717658,0.0,0.0,0.0,0.0,0.0,model4,9.0,False,5124.0
1708,2015-08-03T17:00:00Z,41.0,171.22145027003037,450.79215560755625,96.04149152455645,43.06583472817839,15.248209424353414,39.15869544364158,9.920895857930345,6.23207858787791,0.0,0.0,0.0,0.0,0.0,model4,9.0,False,5127.0
1709,2015-08-03T20:00:00Z,41.0,171.479600170879,445.2545927167427,95.70967487677905,44.78231705604507,15.329085126027644,37.124516809594496,9.026905894007982,6.142084593466738,0.0,0.0,0.0,0.0,0.0,model4,9.0,False,5130.0
1710,2015-08-03T23:00:00Z,41.0,170.48139955384957,446.7682073123896,96.03917113678648,45.88823998604543,18.411975302390925,42.31232825285635,9.414661705525175,6.346933807178973,0.0,0.0,0.0,0.0,0.0,model4,9.0,False,5133.0
1711,2015-08-04T02:00:00Z,41.0,168.7368548057303,449.30819610904473,96.33967659170578,46.90477400640716,17.963759037487193,39.339691657772185,9.557247469962359,5.8489267511752425,0.0,0.0,0.0,0.0,0.0,model4,9.0,False,5136.0
1712,2015-08-04T05:00:00Z,41.0,166.27224794112473,453.37195487634034,95.8945593052037,47.73867614632335,17.62202517043788,35.436479878068084,8.833118483686556,5.191273928236012,0.0,0.0,0.0,0.0,0.0,model4,9.0,False,5139.0
1713,2015-08-04T08:00:00Z,41.0,166.63172204519375,451.20729191972885,97.47605370264615,48.88580955985985,15.76790613636219,34.997920250768466,9.092362452939438,3.9432391353834544,0.0,0.0,0.0,0.0,0.0,model4,9.0,False,5142.0
1714,2015-08-04T11:00:00Z,41.0,168.37115018713638,455.970778750018,98.77958748298336,48.643577696874544,16.154319073361002,42.99609896859339,9.262117436697439,4.275431170462522,0.0,0.0,0.0,0.0,0.0,model4,9.0,False,5145.0
1715,2015-08-04T14:00:00Z,41.0,170.40985497395425,450.36816926986353,99.05760138625023,48.6765689780351,18.16704770067053,43.84561018630772,9.209369530301178,4.352926982015043,0.0,0.0,0.0,0.0,0.0,model4,9.0,False,5148.0
1716,2015-08-04T17:00:00Z,41.0,170.57473000195543,454.5332134103506,98.64242353834986,48.63406682203643,18.509195018048747,44.98998866874362,8.849296816569812,4.721616752863314,0.0,0.0,0.0,0.0,0.0,model4,9.0,False,5151.0
1717,2015-08-04T20:00:00Z,41.0,168.9642365891794,454.75969015291633,99.20539926913028,48.877417132355916,18.751190381873645,42.817802353567146,8.449677459884683,4.6916583742440485,0.0,0.0,0.0,0.0,0.0,model4,9.0,False,5154.0
1718,2015-08-04T23:00:00Z,41.0,170.08623549940432,453.3986094266226,98.948913410283,49.31364648063289,15.722968867736533,43.66110781207224,8.430997568653218,4.558408298872807,0.0,0.0,0.0,0.0,0.0,model4,9.0,False,5157.0
1719,2015-08-05T02:00:00Z,41.0,170.0578502814581,450.9036830526497,99.10969955164192,49.21923911777957,15.515247199364135,43.934924324234345,8.426705791843196,4.344285910749415,0.0,0.0,0.0,0.0,0.0,model4,9.0,False,5160.0
1720,2015-08-05T05:00:00Z,41.0,170.75581951093804,451.3963662104037,98.48888216380124,49.930024622597806,15.904352292029829,43.88795732227352,8.939721299530577,5.249160024846312,0.0,0.0,0.0,0.0,0.0,model4,9.0,False,5163.0
1721,2015-08-05T08:00:00Z,41.0,169.33521816272528,453.3007391571331,97.8888860399136,49.89874821260918,16.551262293853572,42.5965783228069,8.032864793664691,5.107694257998942,0.0,0.0,0.0,0.0,0.0,model4,9.0,False,5166.0
1722,2015-08-05T11:00:00Z,41.0,168.7913587690234,443.2099674689103,97.69831208182934,49.21788555403234,17.10959054622694,39.038570067145116,9.274170601632482,5.773139779598122,0.0,0.0,0.0,0.0,0.0,model4,9.0,False,5169.0
1723,2015-08-05T14:00:00Z,41.0,166.67490393431478,447.1835093006786,97.80432574602965,48.39248296330314,16.10721969897033,39.45608516800228,10.565408584590724,6.306990334518447,0.0,0.0,0.0,0.0,0.0,model4,9.0,False,5172.0
1724,2015-08-05T17:00:00Z,41.0,166.29222005824698,447.49239276630254,98.77613221826422,46.88008897356353,16.08668465001249,42.308256720738676,10.366256576154884,7.198291008605088,0.0,0.0,0.0,0.0,0.0,model4,9.0,False,5175.0
1725,2015-08-05T20:00:00Z,41.0,166.6835124136542,449.99637288365136,98.93170952975709,46.16067323675122,15.807476504379293,43.888648239848415,10.645938076169404,6.979544499549746,0.0,0.0,0.0,0.0,0.0,model4,9.0,False,5178.0
1726,2015-08-05T23:00:00Z,41.0,166.1809257878012,438.1858268487193,100.51430033344792,44.75204593887685,15.704678012432005,47.52067647309888,10.518038126744443,6.528124226648643,0.0,0.0,0.0,0.0,0.0,model4,9.0,False,5181.0
1727,2015-08-06T02:00:00Z,41.0,167.14232148924938,439.7943655577303,99.87615708335495,43.882391043906935,16.358722272200552,51.24247015236941,10.659186303391166,6.874511972194664,0.0,0.0,0.0,0.0,0.0,model4,9.0,False,5184.0
1728,2015-08-06T05:00:00Z,41.0,168.10927267962177,439.95011086663084,102.3109385708477,41.974422713448185,15.903910514216385,56.949634536771384,10.335250882518075,5.706424790297817,0.0,0.0,0.0,0.0,0.0,model4,9.0,False,5187.0
1729,2015-08-06T08:00:00Z,41.0,168.00990376781496,436.32597186442763,103.18204189646616,40.849075722786466,15.099368647167385,56.707981721400316,11.534300452962244,4.998668789199313,0.0,0.0,0.0,0.0,0.0,model4,9.0,False,5190.0
1730,2015-08-06T11:00:00Z,41.0,167.00650330432254,446.5118879268532,103.59977916478336,40.45033092002402,14.049301376775713,56.493697429479894,10.478137368439713,4.594849111008847,0.0,0.0,0.0,0.0,0.0,model4,9.0,False,5193.0
1731,2015-08-06T14:00:00Z,41.0,166.79094121254332,443.4275533822567,104.06439765199006,40.035331619925905,11.83596609475407,55.88036756198157,9.142541672883619,4.351308521277624,0.0,0.0,0.0,0.0,0.0,model4,9.0,False,5196.0
1732,2015-08-06T17:00:00Z,41.0,168.44186735466258,437.9894015474258,104.81493489636314,40.29790496501881,12.282344941178794,54.27483671681284,9.086165076418316,3.9848856829763846,0.0,0.0,0.0,0.0,0.0,model4,9.0,False,5199.0
1733,2015-08-06T20:00:00Z,41.0,169.5443473714574,436.9267196680228,104.06839889713751,39.14073903899045,13.142281524820655,53.9146115887951,9.147141787765028,3.348561243147496,0.0,0.0,0.0,0.0,0.0,model4,9.0,False,5202.0
1734,2015-08-06T23:00:00Z,41.0,169.3542482081141,448.13335611141207,104.81725159766857,38.42579290714238,14.455913522914214,49.36431723334325,10.169746281447242,3.6066381572572834,0.0,0.0,0.0,0.0,0.0,model4,9.0,False,5205.0
1735,2015-08-07T02:00:00Z,41.0,167.23470196742574,451.9971159427682,104.4445224448961,38.01388328466693,13.917412441699842,46.52770760433573,10.503204736258816,4.296743411137523,0.0,0.0,0.0,0.0,0.0,model4,9.0,False,5208.0
1736,2015-08-07T05:00:00Z,41.0,167.24774513983454,450.9310758576351,103.80691047743127,37.950617783126134,13.826799565725985,39.510618078259604,10.110033737176927,4.052235953105484,0.0,0.0,0.0,0.0,0.0,model4,9.0,False,5211.0
1737,2015-08-07T08:00:00Z,41.0,169.49233975417417,450.4033346643112,103.21743618326477,37.69560417306849,15.652092339338045,39.01416598256547,9.099419347542023,4.2573704508634735,0.0,0.0,0.0,0.0,0.0,model4,9.0,False,5214.0
1738,2015-08-07T11:00:00Z,41.0,171.06704869972108,448.0606599999868,102.30038137756948,38.20611733072453,16.024006177499107,34.57670421410129,8.951987398083796,4.783571759629216,0.0,0.0,0.0,0.0,0.0,model4,9.0,False,5217.0
1739,2015-08-07T14:00:00Z,41.0,172.28248648839013,448.6827693183972,103.13568601055245,38.10818405172126,16.01748258674228,34.44482096672842,9.387609449089704,4.787012630329733,0.0,0.0,0.0,0.0,0.0,model4,9.0,False,5220.0
1740,2015-08-07T17:00:00Z,41.0,169.91126829518075,451.96423008280675,101.12618518602284,38.16888624973669,16.651967062738564,28.74335724685131,11.045364466523203,5.057543576971675,0.0,0.0,0.0,0.0,0.0,model4,9.0,False,5223.0
1741,2015-08-07T20:00:00Z,41.0,170.90357376987103,444.22834816421164,101.47495694367693,38.808461133479746,16.184540677612322,30.954239767586675,11.796723755165935,5.2192005504189485,0.0,0.0,0.0,0.0,0.0,model4,9.0,False,5226.0
1742,2015-08-07T23:00:00Z,41.0,172.09548278865867,441.79303845221517,100.3369311629083,39.47015854417602,14.91459103316648,27.064590103505783,10.505120381037749,5.031111853822976,1.0,0.0,0.0,0.0,0.0,model4,9.0,False,5229.0
1743,2015-08-08T02:00:00Z,41.0,172.21507578282657,440.84239786746537,100.57687710997972,40.021195989320454,14.763025470552574,27.486268023214826,10.337410569029233,4.151926111012937,1.0,0.0,0.0,0.0,0.0,model4,9.0,False,5232.0
1744,2015-08-08T05:00:00Z,41.0,171.0732026657281,434.07355136512916,99.11876769747744,40.486807076755795,14.453768666118808,35.08207124730957,10.459254018749984,4.0576524529895925,1.0,0.0,0.0,0.0,0.0,model4,9.0,False,5235.0
1745,2015-08-08T08:00:00Z,41.0,169.02434217537802,435.1851388232897,100.31506913051622,40.45504084976572,12.146985121056463,35.68841542515785,12.42918361620685,3.9304915012826274,1.0,0.0,0.0,0.0,0.0,model4,9.0,False,5238.0
1746,2015-08-08T11:00:00Z,41.0,168.96314458451886,430.5409756410994,101.70370592601986,39.71269287492709,11.866266275851721,39.578575271119455,13.02966834915955,3.6749875008695887,1.0,0.0,0.0,0.0,0.0,model4,9.0,False,5241.0
1747,2015-08-08T14:00:00Z,41.0,168.40805782481033,434.0804566750375,100.0660493526195,39.8796682974848,11.210836110287651,46.54687382419755,12.553800174462614,3.8655135815122255,1.0,0.0,0.0,0.0,0.0,model4,9.0,False,5244.0
1748,2015-08-08T17:00:00Z,41.0,168.8057108589555,438.1367082115012,101.1028146929198,39.9848989507091,10.000262370703066,52.00193372438138,11.169090580652766,4.175586409108886,1.0,0.0,0.0,0.0,0.0,model4,9.0,False,5247.0
1749,2015-08-08T20:00:00Z,41.0,169.44867105851802,447.4342743215,100.92904473963776,40.767995700195776,11.884695232050571,52.611842771294356,11.042125934525895,4.9470761834184405,1.0,0.0,0.0,0.0,0.0,model4,9.0,False,5250.0
1750,2015-08-08T23:00:00Z,41.0,169.81539801013358,447.6850112256938,99.67129639888836,39.632120700765185,13.721299679728107,51.948672168347166,11.466004974076204,5.73103376916381,0.0,0.0,0.0,0.0,0.0,model4,9.0,False,5253.0
1751,2015-08-09T02:00:00Z,41.0,170.62582587890608,442.83770722396224,99.54420675023712,39.58250729603949,14.045943783044246,53.38238209420408,12.111496146482484,5.712935309259249,0.0,0.0,0.0,0.0,0.0,model4,9.0,False,5256.0
1752,2015-08-09T05:00:00Z,41.0,172.5373946302792,448.60228212935164,100.17244831209221,39.568363972976655,13.822245541213697,47.56244778133342,11.5982657996423,5.935551432856456,0.0,0.0,0.0,0.0,0.0,model4,9.0,False,5259.0
1753,2015-08-09T08:00:00Z,41.0,175.68839423351275,446.38387171382567,98.0488174741087,39.94353802525917,13.154506602049988,48.36442829825716,9.8391837076361,5.931963618417822,0.0,0.0,0.0,0.0,0.0,model4,9.0,False,5262.0
1754,2015-08-09T11:00:00Z,41.0,174.2381797655518,449.4430648195527,96.73493228195416,40.46515617148019,13.863538602039087,49.09602088059229,9.085192109501012,5.934366957199215,0.0,0.0,0.0,0.0,0.0,model4,9.0,False,5265.0
1755,2015-08-09T14:00:00Z,41.0,175.97360114818204,441.5708756085047,97.00369374629858,40.73042173477681,13.599190701003824,46.61369092986385,9.098692766597233,5.9200699431400805,0.0,0.0,0.0,0.0,0.0,model4,9.0,False,5268.0
1756,2015-08-09T17:00:00Z,41.0,177.12704251118484,433.47060188452116,96.69772013563299,41.002001054344476,13.061673817188348,42.771009679052476,9.171930563979382,5.5455826527353835,0.0,0.0,0.0,0.0,0.0,model4,9.0,False,5271.0
1757,2015-08-09T20:00:00Z,41.0,176.14817278141123,436.8155659764295,97.98147987134467,39.90488509896112,11.937186322643194,47.36357657928233,9.494450078680591,5.018914543263675,0.0,0.0,0.0,0.0,0.0,model4,9.0,False,5274.0
1758,2015-08-09T23:00:00Z,41.0,176.67258075509054,438.6953143098017,99.00353842874833,40.34477739933304,9.685283530053363,48.986953214341604,9.052541761541583,4.566216549640786,0.0,0.0,0.0,0.0,0.0,model4,9.0,False,5277.0
1759,2015-08-10T02:00:00Z,41.0,177.3845633047361,440.7879531657455,98.84659836831324,40.652761806892755,8.177367508543709,46.43131015210625,8.565636716258778,4.8613672370244965,0.0,0.0,0.0,0.0,0.0,model4,9.0,False,5280.0
1760,2015-08-10T05:00:00Z,41.0,176.18592010761918,447.1072097870585,99.75356770184305,40.25123795601706,10.26299135799641,50.194186477798084,10.509620793547793,4.718934133677456,0.0,0.0,0.0,0.0,0.0,model4,9.0,False,5283.0
1761,2015-08-10T08:00:00Z,41.0,174.98962911261222,449.7048213857244,100.7274317663483,40.06650954691891,11.912671448911505,53.9700220962082,9.697472496992056,5.336322046572247,0.0,0.0,0.0,0.0,0.0,model4,9.0,False,5286.0
1762,2015-08-10T11:00:00Z,41.0,176.0093037991568,446.1409313079845,101.37139860788156,39.3985573048766,11.243941109764883,52.0922775697906,9.3599483034083,5.322123369781079,0.0,0.0,0.0,0.0,0.0,model4,9.0,False,5289.0
1763,2015-08-10T14:00:00Z,41.0,173.96438772645692,449.1356552652755,101.61586031273998,38.98006713110731,11.793837196190625,53.0056112015389,9.721855525679887,5.303329635823585,0.0,0.0,0.0,0.0,0.0,model4,9.0,False,5292.0
1764,2015-08-10T17:00:00Z,41.0,173.05942503485366,449.97622037445353,101.68433789423948,38.57773297822868,12.24627842386163,53.17681509120021,10.547673051986179,5.3312825019664505,0.0,0.0,0.0,0.0,0.0,model4,9.0,False,5295.0
1765,2015-08-10T20:00:00Z,41.0,172.3207112805219,445.1160836507589,102.003921865119,38.15631736301096,12.766376758562473,48.515087546842345,11.001860568805359,5.103018201629452,0.0,0.0,0.0,0.0,0.0,model4,9.0,False,5298.0
1766,2015-08-10T23:00:00Z,41.0,169.65709133431642,447.4272983756616,101.73814607732622,38.74976332171657,14.154340972892244,49.696371860733,11.23621114038264,4.921085674931307,0.0,0.0,0.0,0.0,0.0,model4,9.0,False,5301.0
1767,2015-08-11T02:00:00Z,41.0,170.1037753451191,450.85351520034203,102.5886122153465,38.37975351143818,15.610087184337434,49.83570106811053,10.44916463423418,4.630526680944257,0.0,0.0,0.0,0.0,0.0,model4,9.0,False,5304.0
1768,2015-08-11T05:00:00Z,41.0,169.1884947221063,448.5688731941038,102.19077112484858,38.39412733229089,14.899592898206501,53.91377464839975,8.789082683734426,4.505574696188457,0.0,0.0,0.0,0.0,0.0,model4,9.0,False,5307.0
1769,2015-08-11T08:00:00Z,41.0,167.42726571336252,450.3784182341809,102.59822131127224,38.758474545148296,13.599120938958034,50.4356799756701,9.32488300263327,3.8163228061449472,0.0,0.0,0.0,0.0,0.0,model4,9.0,False,5310.0
1770,2015-08-11T11:00:00Z,41.0,166.84195191811597,456.9294389700507,102.0274835023402,39.05479001128783,14.031438846651099,47.37558879178047,9.707209254620288,3.862868941205441,0.0,0.0,0.0,0.0,0.0,model4,9.0,False,5313.0
1771,2015-08-11T14:00:00Z,41.0,168.11906818371332,455.87169263122354,102.19542697468357,39.37063478474024,14.292425488566339,46.4268487870314,9.006551834434125,3.61351497226384,0.0,0.0,0.0,0.0,0.0,model4,9.0,False,5316.0
1772,2015-08-11T17:00:00Z,41.0,167.54339459020156,458.15489951585135,103.62187865659908,39.31502608599967,13.979550511720054,42.51908880310129,8.37017549919706,3.3609950416071266,0.0,0.0,0.0,0.0,0.0,model4,9.0,False,5319.0
1773,2015-08-11T20:00:00Z,41.0,165.8257397698541,454.57547864434457,102.44959182158794,39.49937302814165,13.992731121216092,43.801084317722214,7.34419465332626,4.041759216006128,0.0,0.0,0.0,0.0,0.0,model4,9.0,False,5322.0
1774,2015-08-11T23:00:00Z,41.0,165.88577463294217,458.2543138377298,101.92442624517328,38.69247447076604,13.677517428505213,48.021094109962604,8.036568133810517,4.564222906961292,0.0,0.0,0.0,0.0,0.0,model4,9.0,False,5325.0
1775,2015-08-12T02:00:00Z,41.0,163.3709148859241,451.43885337777647,101.9487407537722,38.5163044271319,11.991496478884432,54.48223694152772,8.313915963284265,4.361312285613361,0.0,0.0,0.0,0.0,0.0,model4,9.0,False,5328.0
1776,2015-08-12T05:00:00Z,41.0,162.82558962750102,446.58042320866133,102.65873403084669,39.01520348545771,12.15006584584441,48.0360074470941,8.650180007110928,4.596093770527356,0.0,0.0,0.0,0.0,0.0,model4,9.0,False,5331.0
1777,2015-08-12T08:00:00Z,41.0,163.24542171254413,441.60925306959183,101.12463223458865,39.0033024968297,11.60514108365352,47.289792958706855,9.516688090319727,4.639366935782931,0.0,0.0,0.0,0.0,0.0,model4,9.0,False,5334.0
1778,2015-08-12T11:00:00Z,41.0,163.83376684385618,446.73015150443604,101.96674631758663,39.22749233343642,11.286333162774152,51.29151655063104,9.218570340392898,4.685084057605147,0.0,0.0,0.0,0.0,0.0,model4,9.0,False,5337.0
1779,2015-08-12T14:00:00Z,41.0,164.67021660975047,450.57112657240737,102.03895673982392,39.25194549429169,13.541287127159665,49.38240826199916,9.321937713580603,4.8747269137585505,0.0,0.0,0.0,0.0,0.0,model4,9.0,False,5340.0
1780,2015-08-12T17:00:00Z,41.0,165.69226207558376,451.3611580547818,101.26200116276932,39.552166577791795,13.687243634267213,51.836683272511436,8.610414173923102,4.9478917763265065,0.0,0.0,0.0,0.0,0.0,model4,9.0,False,5343.0
1781,2015-08-12T20:00:00Z,41.0,164.54720804460902,451.1098159900428,100.1394596180492,39.89052381533218,14.964828119119895,52.57701493331268,9.910441604222587,4.373588675729627,0.0,0.0,0.0,0.0,0.0,model4,9.0,False,5346.0
1782,2015-08-12T23:00:00Z,41.0,166.30226912398558,440.39955013407723,100.8678969733168,40.65490694683211,14.68757286522892,47.081065430873224,9.556371344651646,4.423919274298486,0.0,0.0,0.0,0.0,0.0,model4,9.0,False,5349.0
1783,2015-08-13T02:00:00Z,41.0,169.56795182907587,443.59907830422287,101.15801837891998,40.62308469215484,15.372146234575286,41.88205821785501,9.412748484543087,4.366603375508122,1.0,0.0,0.0,0.0,0.0,model4,9.0,False,5352.0
1784,2015-08-13T05:00:00Z,41.0,170.76794241029498,449.5440932375407,99.38544779492004,40.91942589831172,14.584598932166536,49.03332825030962,9.476509633351489,4.402490681156778,1.0,0.0,0.0,0.0,0.0,model4,9.0,False,5355.0
1785,2015-08-13T08:00:00Z,41.0,170.54635716102268,448.762094497333,101.06671236884036,40.953274186472655,14.660979527226546,53.537449968059796,8.970549338126151,4.279715077168132,1.0,0.0,0.0,0.0,0.0,model4,9.0,False,5358.0
1786,2015-08-13T11:00:00Z,41.0,168.85979836679326,441.17976160231797,100.13625909679578,41.15608559896225,15.725491139727025,55.08307279713293,10.18878846067919,4.160345050098858,1.0,0.0,0.0,0.0,0.0,model4,9.0,False,5361.0
1787,2015-08-13T14:00:00Z,41.0,167.94276566337766,441.0978798537327,99.4970753744726,40.69622184204821,16.343764158871902,54.85960443214653,11.734388138048015,4.535082070301623,1.0,0.0,0.0,0.0,0.0,model4,9.0,False,5364.0
1788,2015-08-13T17:00:00Z,41.0,168.57967957976922,439.2565864198059,99.4258026246353,40.78809796355837,16.804627395285202,54.62753335904722,11.636658898764308,4.496063605339058,1.0,0.0,0.0,0.0,0.0,model4,9.0,False,5367.0
1789,2015-08-13T20:00:00Z,41.0,174.28066665641288,445.6454387886248,101.67573544647385,40.327070358314316,16.667072152393132,61.25781212997678,11.357642653337312,5.276777242075236,1.0,0.0,0.0,0.0,0.0,model4,9.0,False,5370.0
1790,2015-08-13T23:00:00Z,41.0,178.1613080066843,452.3037427870252,101.53572676266356,39.66332333152627,19.75511380928601,60.41426261714714,11.266000942447029,4.879388923006617,1.0,0.0,0.0,0.0,0.0,model4,9.0,False,5373.0
1791,2015-08-14T02:00:00Z,41.0,178.7303984280613,454.5891783335221,101.15829694900616,40.08424178174564,19.99426379225527,61.178287688114395,11.333429341868053,5.14292618172332,0.0,0.0,0.0,0.0,0.0,model4,9.0,False,5376.0
1792,2015-08-14T05:00:00Z,41.0,181.2924569751432,447.04801395546286,101.17640222513106,39.36658063651043,19.904924950062934,57.096436859508884,11.980901001475694,4.858231305110691,0.0,0.0,0.0,0.0,0.0,model4,9.0,False,5379.0
1793,2015-08-14T08:00:00Z,41.0,184.65739015263136,458.5144437531375,102.08695489551997,39.21294912498645,20.957098162159323,54.21060750873846,12.432793224333873,4.893438522492714,0.0,0.0,0.0,0.0,0.0,model4,9.0,False,5382.0
1794,2015-08-14T11:00:00Z,41.0,189.048851829709,459.4072964857328,101.04109682398727,38.53423622756682,18.177688068795053,50.82405443454389,12.160519219167604,4.900711999429982,0.0,0.0,0.0,0.0,0.0,model4,9.0,False,5385.0
1795,2015-08-14T14:00:00Z,41.0,189.29597724109058,463.7609351065215,101.76383276397348,38.90766100788528,15.823612116002948,50.26076781311457,10.69626427926268,4.783711789717403,0.0,0.0,0.0,0.0,0.0,model4,9.0,False,5388.0
1796,2015-08-14T17:00:00Z,41.0,190.5379577312239,464.5193714236762,101.81043845222963,38.71777423978058,15.090598542038,52.441612097687425,10.753092474932153,4.680081315227347,0.0,0.0,0.0,0.0,0.0,model4,9.0,False,5391.0
1797,2015-08-14T20:00:00Z,41.0,189.1128333795064,463.6349136065146,99.64328507680605,38.90486449134035,14.698243594229146,50.51935779184883,10.711735756627393,3.850055582263989,0.0,0.0,0.0,0.0,0.0,model4,9.0,False,5394.0
1798,2015-08-14T23:00:00Z,41.0,187.53559537330867,463.2371788264811,100.64580417845751,39.321362440064476,12.842155406734614,49.8909486755501,13.117231973457832,3.6034084346708894,0.0,0.0,0.0,0.0,0.0,model4,9.0,False,5397.0
1799,2015-08-15T02:00:00Z,41.0,188.98143445239293,465.2919026028545,100.86018934904644,38.73792001086653,13.534794340776436,49.81624317127272,13.338250751463047,3.7937147987725015,0.0,0.0,0.0,0.0,0.0,model4,9.0,False,5400.0
1800,2015-08-15T05:00:00Z,41.0,188.40685101806403,472.4184384127156,103.22475744159479,38.84436695672946,13.723439375157644,46.48182651511363,13.104189411901276,4.593133353685463,0.0,0.0,0.0,0.0,0.0,model4,9.0,False,5403.0
1801,2015-08-15T08:00:00Z,41.0,187.81192364662792,466.5453930121944,101.82952347053585,39.32823890693086,10.46396030610199,50.112775181701444,12.886295987901072,5.12624876583742,0.0,0.0,0.0,0.0,0.0,model4,9.0,False,5406.0
1802,2015-08-15T11:00:00Z,41.0,187.50543920026215,467.1450956815996,103.41853159115736,39.339381300051755,12.291224770981305,47.83735462280064,11.874851606107786,5.028914085316184,0.0,0.0,0.0,0.0,0.0,model4,9.0,False,5409.0
1803,2015-08-15T14:00:00Z,41.0,189.8276453477675,462.9684597683896,102.29908684515536,39.822087941017216,12.230418623722635,48.06298985984653,12.189084101073401,5.600159131017666,0.0,0.0,0.0,0.0,0.0,model4,9.0,False,5412.0
1804,2015-08-15T17:00:00Z,41.0,190.96435219544412,458.6618708037743,102.582755668261,39.27972953101602,11.467487086367038,46.1801716755807,12.38356548493192,6.147361916541293,0.0,0.0,0.0,0.0,0.0,model4,9.0,False,5415.0
1805,2015-08-15T20:00:00Z,41.0,188.13356164712812,455.6012937585855,103.4951735165674,39.4391063784671,15.764086865415205,39.53399984882191,11.727242827386055,6.299930684852876,0.0,0.0,0.0,0.0,0.0,model4,9.0,False,5418.0
1806,2015-08-15T23:00:00Z,41.0,186.74325963030202,446.7065103275302,101.85158523720636,39.790247380836135,17.048111671073688,48.96030751333523,10.139933309163348,6.327977865075889,0.0,0.0,0.0,0.0,0.0,model4,9.0,False,5421.0
1807,2015-08-16T02:00:00Z,41.0,182.77270123289608,449.10051970119264,100.72085995305905,39.47710817229346,16.802657894020665,49.63278081980521,11.385597674651795,6.134779506216488,0.0,0.0,0.0,0.0,0.0,model4,9.0,False,5424.0
1808,2015-08-16T05:00:00Z,41.0,180.33476528082932,442.74558422590036,99.22751719470743,39.619438270036,18.013258820110927,48.69821077523078,9.992312899626091,5.727795339924978,0.0,0.0,0.0,0.0,0.0,model4,9.0,False,5427.0
1809,2015-08-16T08:00:00Z,41.0,178.00492054447938,442.34467181992517,97.12049580478632,39.24749234323344,18.164016919085906,45.58029873914922,10.435974976568849,5.248913237814133,0.0,0.0,0.0,0.0,0.0,model4,9.0,False,5430.0
1810,2015-08-16T11:00:00Z,41.0,174.98617937751888,442.7359765056794,96.45692891800788,40.59908150667064,16.316978053048867,44.05349569074489,10.563811332229157,5.8039582527361215,0.0,0.0,0.0,0.0,0.0,model4,9.0,False,5433.0
1811,2015-08-16T14:00:00Z,41.0,172.48605681820354,439.78374505493247,97.65065371142865,39.939375956596365,16.893723688304032,44.603631128636415,11.23980082322587,5.1328387242777564,0.0,0.0,0.0,0.0,0.0,model4,9.0,False,5436.0
1812,2015-08-16T17:00:00Z,41.0,169.05990225808011,451.45732009972113,96.56363602167193,39.92112493549085,15.591113139260747,48.36684958133618,11.55691655047933,4.785283443521438,0.0,0.0,0.0,0.0,0.0,model4,9.0,False,5439.0
1813,2015-08-16T20:00:00Z,41.0,168.9714532008629,448.3222522415095,96.43289397609509,40.29768779244311,16.518289102757347,51.19479720640175,11.819248076267856,4.827636037496258,0.0,0.0,0.0,0.0,0.0,model4,9.0,False,5442.0
1814,2015-08-16T23:00:00Z,41.0,167.27510831979345,453.0002498244337,95.14486398935864,39.77882170635486,14.673055455376804,43.10714185412763,12.820419549492,4.870058186082064,0.0,0.0,0.0,0.0,0.0,model4,9.0,False,5445.0
1815,2015-08-17T02:00:00Z,41.0,167.22385620555337,455.1651207091039,96.91410980362951,40.65983433911631,15.213557727424547,43.564416409531816,12.627257837149026,4.577113008372359,0.0,0.0,0.0,0.0,0.0,model4,9.0,False,5448.0
1816,2015-08-17T05:00:00Z,41.0,169.42299420574474,460.126806380878,97.93920894247292,40.558986662412345,16.289994019528738,43.07660576826703,13.683756028929439,4.524728729185794,0.0,0.0,0.0,0.0,0.0,model4,9.0,False,5451.0
1817,2015-08-17T08:00:00Z,41.0,169.72931930914925,462.8013343071421,99.67754653953692,40.479991163679856,16.302711638315273,42.615646618039214,13.066396430520964,5.3335009534401525,0.0,0.0,0.0,0.0,0.0,model4,9.0,False,5454.0
1818,2015-08-17T11:00:00Z,41.0,169.27496953479124,467.78696018085503,99.6213642801356,39.149134642072674,15.91502104843089,46.53861806902448,12.863373524700215,4.849770684409823,0.0,0.0,0.0,0.0,0.0,model4,9.0,False,5457.0
1819,2015-08-17T14:00:00Z,41.0,169.36637039139453,473.70420378336286,99.72573038337794,38.857400369681436,14.856806286951239,44.25136860262757,12.397745069067035,5.143391809859682,0.0,0.0,0.0,0.0,0.0,model4,9.0,False,5460.0
1820,2015-08-17T17:00:00Z,41.0,167.34200753959934,471.87777911974297,99.34348109724262,39.009882317167175,15.430903066902511,44.07933627119974,11.844668076727073,4.945108033325994,0.0,0.0,0.0,0.0,0.0,model4,9.0,False,5463.0
1821,2015-08-17T20:00:00Z,41.0,168.89435119655946,473.05364851421723,99.50481672155908,38.32852580348132,15.30098514347378,42.482527429603344,11.269837588534653,4.626872614736243,0.0,0.0,0.0,0.0,0.0,model4,9.0,False,5466.0
1822,2015-08-17T23:00:00Z,41.0,169.3127843999788,476.8002878023683,102.23761310353628,38.63978938527185,15.6585159997351,39.472224263093096,8.810868882681396,4.727935842498579,0.0,0.0,0.0,0.0,0.0,model4,9.0,False,5469.0
1823,2015-08-18T02:00:00Z,41.0,170.31748738998996,470.0258777806048,101.5742012281907,38.145526790280854,15.367799594919255,38.94608236436178,8.254498404791997,4.514634307959387,0.0,0.0,0.0,0.0,0.0,model4,9.0,False,5472.0
1824,2015-08-18T05:00:00Z,41.0,169.0035645126669,463.40998514568423,101.16348789810921,38.437655702197866,13.845826467005606,43.883487354380634,7.995237039107847,4.77790783348342,0.0,0.0,0.0,0.0,0.0,model4,9.0,False,5475.0
1825,2015-08-18T08:00:00Z,41.0,168.1168260813296,461.82783600584105,101.1455258333518,38.669980797509155,14.517162158075125,44.70441724343807,7.381450743165042,4.765126728561738,0.0,0.0,0.0,0.0,0.0,model4,9.0,False,5478.0
1826,2015-08-18T11:00:00Z,41.0,169.7668070726001,452.2444044584909,101.00520248739012,39.00973811009949,15.976745527171856,43.24767146010403,7.136134073001381,4.561757466295033,0.0,0.0,0.0,0.0,0.0,model4,9.0,False,5481.0
1827,2015-08-18T14:00:00Z,41.0,167.86439493438886,450.12146552044464,100.18887476941299,39.08159243241703,14.911064384912779,41.61732296816103,7.361912339308128,4.4555997882828775,0.0,0.0,0.0,0.0,0.0,model4,9.0,False,5484.0
1828,2015-08-18T17:00:00Z,41.0,170.22420539473984,445.14511538169324,100.40291073758524,39.77203361578586,13.23832842637268,40.826616967243226,7.538355230281721,5.258750041364069,0.0,0.0,0.0,0.0,0.0,model4,9.0,False,5487.0
1829,2015-08-18T20:00:00Z,41.0,169.22235453794582,443.81021305248674,100.68191004631777,40.94301681040306,12.381997377917445,41.288259994363045,8.870135383591643,6.209567280129168,0.0,0.0,0.0,0.0,0.0,model4,9.0,False,5490.0
1830,2015-08-18T23:00:00Z,41.0,168.67327220570104,439.7154796699407,99.6092730358626,40.97966403200285,12.79127707665084,43.849857678293496,8.547144258717022,6.221521956077802,0.0,0.0,0.0,0.0,0.0,model4,9.0,False,5493.0
1831,2015-08-19T02:00:00Z,41.0,166.43908172582326,443.3709147323021,99.1808418858938,41.13555585635003,14.725426377625176,46.26273239988151,8.534813644378483,6.39109930401649,0.0,0.0,0.0,0.0,0.0,model4,9.0,False,5496.0
1832,2015-08-19T05:00:00Z,41.0,163.92008459407697,447.21392377415606,98.08865717604307,40.7233180939544,16.734464426778928,43.49016934146193,7.677941778676536,6.481168065116324,0.0,0.0,0.0,0.0,0.0,model4,9.0,False,5499.0
1833,2015-08-19T08:00:00Z,41.0,165.35562265473033,448.0580029425615,98.28762247249041,40.73096767283833,16.655352441739314,41.71074385081899,7.6496691979797315,5.972572168333696,0.0,0.0,0.0,0.0,0.0,model4,9.0,False,5502.0
1834,2015-08-19T11:00:00Z,41.0,164.9103911043942,450.4202214586482,98.18458858609651,41.037022879938604,16.022449058187767,39.025189842772214,7.8080031796611005,6.213624758434143,0.0,0.0,0.0,0.0,0.0,model4,9.0,False,5505.0
1835,2015-08-19T14:00:00Z,41.0,165.76395561639174,454.30811042530405,98.7661458766351,40.57240227991776,16.475897242006234,41.93494590357477,8.016056830909362,6.57475246704265,0.0,0.0,0.0,0.0,0.0,model4,9.0,False,5508.0
1836,2015-08-19T17:00:00Z,41.0,166.87375973752046,462.3366633002265,100.06421169798651,40.1608299540812,17.99297426845831,45.63955180858185,7.654173852813759,6.212919839376272,0.0,0.0,0.0,0.0,0.0,model4,9.0,False,5511.0
1837,2015-08-19T20:00:00Z,41.0,165.7872459183923,459.95085691302535,98.94094602763764,39.23711746446732,18.939707354723314,47.46631180190675,6.214177041705304,5.3706230366432735,0.0,0.0,0.0,0.0,0.0,model4,9.0,False,5514.0
1838,2015-08-19T23:00:00Z,41.0,164.8239434984696,458.0840881483305,100.25474910618676,39.552089008436695,19.82137807237648,47.415761692054346,6.985571810944675,5.543665627717417,0.0,0.0,0.0,0.0,0.0,model4,9.0,False,5517.0
1839,2015-08-20T02:00:00Z,41.0,167.3903263578853,453.05633359255785,99.732496558664,39.59446741240284,19.271184239018726,46.6337871055375,7.36313942223128,5.335133255044097,0.0,0.0,0.0,0.0,0.0,model4,9.0,False,5520.0
1840,2015-08-20T05:00:00Z,41.0,169.44711444990128,450.29168221249154,100.0264258584572,39.33503346106826,16.97480939327802,52.99106846891132,7.629746520369783,5.210348694189423,0.0,0.0,0.0,1.0,0.0,model4,9.0,False,5523.0
1841,2015-08-20T08:00:00Z,41.0,168.96966289737009,447.4654054133882,99.60902152956228,38.14980343108906,17.237903706419786,52.27967114486096,8.693343995089032,5.859934028585394,0.0,0.0,0.0,1.0,0.0,model4,9.0,False,5526.0
1842,2015-08-20T11:00:00Z,41.0,166.8021154718676,449.7899045046422,101.46136350698046,38.38423536584053,17.090024702714665,52.71274164862688,10.799922159327014,6.457909697337453,0.0,0.0,0.0,1.0,0.0,model4,9.0,False,5529.0
1843,2015-08-20T14:00:00Z,41.0,166.8686630196135,445.8663956586661,102.28191630476414,38.82522558444661,16.184578247138624,50.48666031518028,11.329691128639741,6.434731876269059,0.0,0.0,0.0,1.0,0.0,model4,9.0,False,5532.0
1844,2015-08-20T17:00:00Z,41.0,166.46969452826775,437.17686409523407,102.37559860961781,39.24706429295233,16.066057211899572,44.12152488403046,11.230687986660852,6.417910102663464,0.0,0.0,0.0,1.0,0.0,model4,9.0,False,5535.0
1845,2015-08-20T20:00:00Z,41.0,169.4836165682765,445.030394105926,102.90906598153576,39.07394910705412,15.373036985548401,47.175352433762995,11.253648988849278,6.218263784234785,0.0,0.0,0.0,1.0,0.0,model4,9.0,False,5538.0
1846,2015-08-20T23:00:00Z,41.0,173.60732126632476,450.0298790151639,102.98804654016209,37.97777181338006,14.947880132120087,44.50491853344884,12.088752873698251,6.415990593116223,0.0,0.0,0.0,1.0,0.0,model4,9.0,False,5541.0
1847,2015-08-21T02:00:00Z,41.0,171.72296558373287,449.82919648741193,102.5032477829261,37.4713135545986,14.412124148429715,43.79912657402213,12.58145070182163,6.6763628960871175,0.0,0.0,0.0,1.0,0.0,model4,9.0,False,5544.0
1848,2015-08-21T05:00:00Z,41.0,171.27226424217503,458.69055015679436,103.34757784909999,37.806254968296095,14.719579506925001,42.488616950501005,12.79695032469465,6.834710945309872,0.0,0.0,0.0,0.0,0.0,model4,9.0,False,5547.0
1849,2015-08-21T08:00:00Z,41.0,172.36057924036942,457.0901597178859,104.25850972790808,38.633769614446365,15.41360845705499,45.121194562702534,12.302437348203167,6.290776166271533,0.0,0.0,0.0,0.0,0.0,model4,9.0,False,5550.0
1850,2015-08-21T11:00:00Z,41.0,173.09452154431702,458.8127950042275,103.53318100056241,38.13741405134362,14.4958009653363,47.03290512094922,11.424592117035735,5.304927289724652,0.0,0.0,0.0,0.0,0.0,model4,9.0,False,5553.0
1851,2015-08-21T14:00:00Z,41.0,174.0378431038704,461.3547711242224,102.89067072917982,38.67556829979549,14.784719778750036,48.209510568358404,10.794728380005477,5.154018761413285,0.0,0.0,0.0,0.0,0.0,model4,9.0,False,5556.0
1852,2015-08-21T17:00:00Z,41.0,174.1751424743011,464.85245533819773,103.50981497364477,38.817378073587065,13.388873324118354,46.4451945159889,11.535704616155288,5.101844342050504,0.0,0.0,0.0,0.0,0.0,model4,9.0,False,5559.0
1853,2015-08-21T20:00:00Z,41.0,173.662067822099,462.6084147292092,103.78398753630724,38.92890101431714,13.223892461563844,45.25354202596154,11.060161680074136,5.016331797007661,0.0,0.0,0.0,0.0,0.0,model4,9.0,False,5562.0
1854,2015-08-21T23:00:00Z,41.0,171.30346696666945,456.45748705517707,103.93205844559296,39.4836546552836,12.867034747521824,54.19402916545431,10.545346783111793,4.462024411030666,0.0,0.0,0.0,0.0,0.0,model4,9.0,False,5565.0
1855,2015-08-22T02:00:00Z,41.0,174.3966161756944,461.6301659634168,105.67723350052799,40.46585120762897,13.751357944684068,59.034509679198635,9.5781158527082,4.1755729238534265,0.0,0.0,0.0,0.0,0.0,model4,9.0,False,5568.0
1856,2015-08-22T05:00:00Z,41.0,173.15264226929017,455.5488584335797,105.1931936484879,40.81724414910044,14.716544154263936,56.433237519449214,9.044518041156381,4.143517785005015,0.0,0.0,0.0,0.0,0.0,model4,9.0,False,5571.0
1857,2015-08-22T08:00:00Z,41.0,173.10362743085125,453.69511369671636,105.9597672478776,40.20132469713821,14.209093202140306,55.59719075022743,8.574035431096622,5.135804072172268,0.0,0.0,0.0,0.0,0.0,model4,9.0,False,5574.0
1858,2015-08-22T11:00:00Z,41.0,174.16361383506546,447.7321079228177,103.72298889882315,39.65454620688412,14.498601426547305,58.59315231236813,9.89932820304806,5.3124645614071335,0.0,0.0,0.0,0.0,0.0,model4,9.0,False,5577.0
1859,2015-08-22T14:00:00Z,41.0,173.20029737397658,434.6521869488468,103.37791604043487,39.5464443928466,14.402195645333082,61.90647858534231,9.893196727597406,5.138274294063996,0.0,0.0,0.0,0.0,0.0,model4,9.0,False,5580.0
1860,2015-08-22T17:00:00Z,41.0,171.68554245269797,430.7321380984162,103.38277931382765,38.73770573162305,14.786732416387546,58.70274281650029,9.833330321285073,5.031535058056507,0.0,0.0,0.0,0.0,0.0,model4,9.0,False,5583.0
1861,2015-08-22T20:00:00Z,41.0,170.71530458861676,435.4402772080478,103.46479174678718,39.09533118059365,15.191614840567306,60.07489360059992,9.933311391121826,5.1003899598092834,0.0,0.0,0.0,0.0,0.0,model4,9.0,False,5586.0
1862,2015-08-22T23:00:00Z,41.0,169.96299749038928,442.88279713099126,101.42791251598592,39.29338212197143,13.772572262343571,55.58475405071489,9.761239167279395,4.950273893185403,0.0,0.0,0.0,0.0,0.0,model4,9.0,False,5589.0
1863,2015-08-23T02:00:00Z,41.0,168.00732225544243,435.92299809886543,100.55150593817663,39.01425471064939,12.0097117611243,52.47968682397831,9.396818933533364,4.400589530775876,0.0,0.0,0.0,1.0,0.0,model4,9.0,False,5592.0
1864,2015-08-23T05:00:00Z,41.0,171.0536378672598,437.6305421399302,99.73462010173628,38.73215437653671,13.128939541840522,50.64272639472828,9.742185511320447,4.266255666812743,0.0,0.0,0.0,1.0,0.0,model4,9.0,False,5595.0
1865,2015-08-23T08:00:00Z,41.0,169.02610436976397,441.9653143060932,99.86312185229731,39.05301363896406,13.621198173882314,50.26752190996602,9.843416667298486,3.240114798934145,0.0,0.0,0.0,1.0,0.0,model4,9.0,False,5598.0
1866,2015-08-23T11:00:00Z,41.0,168.41964192713812,448.1694575939538,99.95350498617815,39.69469664272546,13.133912511343233,55.18710943064354,9.707448655807486,3.0382748506128805,0.0,0.0,0.0,1.0,0.0,model4,9.0,False,5601.0
1867,2015-08-23T14:00:00Z,41.0,170.37916526736842,459.4220638896637,98.2153971854998,39.5148399962289,13.550447054765401,45.95741633388591,11.43836193428128,3.171670490788192,0.0,0.0,0.0,1.0,0.0,model4,9.0,False,5604.0
1868,2015-08-23T17:00:00Z,41.0,170.8072262334467,463.50002681588586,96.7329843781136,39.55317907493082,14.188112599810994,45.38690589396482,10.109241002053722,3.0361849748663534,0.0,0.0,0.0,1.0,0.0,model4,9.0,False,5607.0
1869,2015-08-23T20:00:00Z,41.0,170.32769486353345,458.3264023606033,95.12929007587259,39.6715020514135,13.505769960033051,45.317309358891535,10.363180837311171,4.300332290557503,0.0,0.0,0.0,1.0,0.0,model4,9.0,False,5610.0
1870,2015-08-23T23:00:00Z,41.0,170.0367517735689,459.7974352100954,96.40278820626536,39.88178247315759,14.493009962029099,45.11185811644408,11.061015692504013,4.52472410598454,0.0,0.0,0.0,1.0,0.0,model4,9.0,False,5613.0
1871,2015-08-24T02:00:00Z,41.0,169.53410978688458,454.5421136889534,96.5349891307667,39.99112655741101,14.309446633380144,46.86034262395003,10.89114900951343,4.784080275107466,0.0,0.0,0.0,0.0,0.0,model4,9.0,False,5616.0
1872,2015-08-24T05:00:00Z,41.0,168.40848142081188,452.1897252235833,96.60044044496573,39.72342827255206,12.929642636588705,50.479971749164456,10.515531537142072,4.711865000800043,0.0,0.0,0.0,0.0,0.0,model4,9.0,False,5619.0
1873,2015-08-24T08:00:00Z,41.0,168.8317655536728,445.67685846985086,94.77094786938204,40.0270536082484,15.524918360326668,54.64779976913335,9.367556008736914,4.637002030687868,0.0,0.0,0.0,0.0,0.0,model4,9.0,False,5622.0
1874,2015-08-24T11:00:00Z,41.0,169.65883363172782,442.7554188131187,95.61935766724652,40.39974767045753,15.645529846424393,44.97318642881025,9.138203582547435,5.0292407423668095,0.0,0.0,0.0,0.0,0.0,model4,9.0,False,5625.0
1875,2015-08-24T14:00:00Z,41.0,166.89549912250038,441.2422331983518,96.82058054695456,40.42009982162927,16.201770588877658,46.62152617326401,7.468029305819153,5.154330327208992,0.0,0.0,0.0,0.0,0.0,model4,9.0,False,5628.0
1876,2015-08-24T17:00:00Z,41.0,166.6663278721821,437.5483374146677,96.6409249105405,40.767197318037184,17.39127982392777,46.7888563543213,7.911679478649147,5.5299047460711925,0.0,0.0,0.0,0.0,0.0,model4,9.0,False,5631.0
1877,2015-08-24T20:00:00Z,41.0,166.22758553469615,430.2854049361605,98.4950369994175,40.74709051055817,18.155387568138977,47.27949999611801,7.334267441084611,4.676171218309042,1.0,0.0,0.0,0.0,0.0,model4,9.0,False,5634.0
1878,2015-08-24T23:00:00Z,41.0,165.29629713721502,434.2589006631552,97.24234896150564,41.07842094413447,17.891759292622297,56.04453645350983,6.8281804136137145,4.486529610668219,1.0,0.0,0.0,0.0,0.0,model4,9.0,False,5637.0
1879,2015-08-25T02:00:00Z,41.0,164.54297803328578,440.8340730159402,98.15803713265707,40.778126601670756,17.939191734378888,53.796770275969116,8.197465329690488,4.393755469671163,1.0,0.0,0.0,0.0,0.0,model4,9.0,False,5640.0
1880,2015-08-25T05:00:00Z,41.0,166.0410130973321,448.5720475090138,99.29491598284888,40.747887123423844,18.963642706119217,55.33281047533446,8.336149252318526,4.503441963245033,1.0,0.0,0.0,0.0,0.0,model4,9.0,False,5643.0
1881,2015-08-25T08:00:00Z,41.0,166.3461921362387,450.08504376403886,100.32493180908972,40.85948340974009,15.975307904801287,58.59052725578642,8.904478643478715,4.947317413448858,1.0,0.0,0.0,0.0,0.0,model4,9.0,False,5646.0
1882,2015-08-25T11:00:00Z,41.0,164.89744651067983,448.73067840284807,99.78604322642849,40.29278763786288,15.324010553654439,58.55638187238672,9.32580591197557,4.832656228702634,1.0,0.0,0.0,0.0,0.0,model4,9.0,False,5649.0
1883,2015-08-25T14:00:00Z,41.0,166.7399107744154,453.4588399749482,97.74581707713644,40.33465059236648,14.448546510665706,63.032164470686475,11.556157544934713,4.625750758109428,1.0,0.0,0.0,0.0,0.0,model4,9.0,False,5652.0
1884,2015-08-25T17:00:00Z,41.0,164.643237526748,452.85603025484454,97.17780548899077,41.04028851300257,13.824606093685533,62.09314309638778,11.518106040722433,4.813402981232546,1.0,0.0,0.0,0.0,0.0,model4,9.0,False,5655.0
1885,2015-08-25T20:00:00Z,41.0,166.07782811844666,460.5118474541062,96.85488308612196,41.12132695292553,14.489921079226049,57.59397064597466,11.308121958535054,5.03367779827498,0.0,0.0,0.0,0.0,0.0,model4,9.0,False,5658.0
1886,2015-08-25T23:00:00Z,41.0,168.21903208779298,452.16932190463234,97.64258875565064,40.76175319809362,14.022271802440374,53.329895587615134,11.455557630130556,5.412321616356661,0.0,0.0,0.0,0.0,0.0,model4,9.0,False,5661.0
1887,2015-08-26T02:00:00Z,41.0,168.73669046138667,452.03492970409263,95.69185727304612,40.815594965946715,14.064336301324895,54.90714347902469,10.669519170795308,5.615110810399192,0.0,0.0,0.0,0.0,0.0,model4,9.0,False,5664.0
1888,2015-08-26T05:00:00Z,41.0,167.8407133801775,442.76101137588654,95.78051454208394,41.104943375507055,12.91820665655759,51.593280585241956,10.702580715634026,5.562603971443892,0.0,0.0,0.0,0.0,0.0,model4,9.0,False,5667.0
1889,2015-08-26T08:00:00Z,41.0,169.04736239936838,441.8342769977591,95.41849104819504,41.24939441511799,13.327771007677471,49.37293739215434,10.301979240872107,5.805459615901213,0.0,0.0,0.0,0.0,0.0,model4,9.0,False,5670.0
1890,2015-08-26T11:00:00Z,41.0,169.964361294321,439.6723409684954,96.41644952910409,40.91894879511897,13.22338254441087,50.21985778587067,10.097042324801958,6.286859091057874,0.0,0.0,0.0,0.0,0.0,model4,9.0,False,5673.0
1891,2015-08-26T14:00:00Z,41.0,170.85722965220978,430.6535125148776,99.0560757368194,41.26397477100602,14.139635728590319,41.69122701783731,8.926191179742672,6.582815843978157,0.0,0.0,0.0,0.0,0.0,model4,9.0,False,5676.0
1892,2015-08-26T17:00:00Z,41.0,174.11261251766499,429.103286190118,99.60302784644718,41.041419663470094,11.339062759333684,45.10954803172048,9.103043165798066,6.1985730005866575,0.0,0.0,0.0,0.0,0.0,model4,9.0,False,5679.0
1893,2015-08-26T20:00:00Z,41.0,173.63248149494407,426.98450582153794,99.35616176564342,40.437905423996746,9.857838346140293,54.200494131860474,9.045086079623966,6.414676206167304,0.0,0.0,0.0,0.0,0.0,model4,9.0,False,5682.0
1894,2015-08-26T23:00:00Z,41.0,173.44533096839626,430.39120666656066,100.00556342704769,40.492719516354896,9.858557570196432,54.002637882277746,8.799077960918734,6.014767501581918,0.0,0.0,0.0,0.0,0.0,model4,9.0,False,5685.0
1895,2015-08-27T02:00:00Z,41.0,176.327497358379,436.48565623430056,101.28809115811724,40.0163463287647,12.750298223543615,54.883154033980475,8.224023061350405,5.9631423323240975,0.0,0.0,0.0,0.0,0.0,model4,9.0,False,5688.0
1896,2015-08-27T05:00:00Z,41.0,175.2380238771357,435.24926225856,99.30411483421908,40.691380514651065,12.893524353325677,57.47782715646734,9.665269774633009,6.024007244433178,0.0,0.0,0.0,0.0,0.0,model4,9.0,False,5691.0
1897,2015-08-27T08:00:00Z,41.0,175.2058692421031,443.1878722288626,99.29000536130378,40.836847969649895,13.100270014245243,56.315088361525966,9.158699833822327,5.565177892884353,0.0,0.0,0.0,0.0,0.0,model4,9.0,False,5694.0
1898,2015-08-27T11:00:00Z,41.0,174.27989895521043,455.4881820758677,100.51424848533155,41.538539085065004,14.089783368656798,60.510808547247755,10.1386575746487,5.01384939946418,0.0,0.0,0.0,0.0,0.0,model4,9.0,False,5697.0
1899,2015-08-27T14:00:00Z,41.0,173.63317767820763,464.4220217964785,99.61376670287191,41.86481566999403,13.436477289973926,59.43174091593815,9.397163673150542,4.842510380425813,0.0,0.0,0.0,0.0,0.0,model4,9.0,False,5700.0
1900,2015-08-27T17:00:00Z,41.0,171.65024020495687,462.1497383581099,100.78241451420678,41.538690535844246,14.151643386153841,59.78817477990895,8.881540594986742,4.730541839299447,0.0,0.0,0.0,0.0,0.0,model4,9.0,False,5703.0
1901,2015-08-27T20:00:00Z,41.0,170.1305898387497,465.66500436471176,99.83316887569529,42.16469913430226,15.223401553405235,53.00751188635749,9.971683897357456,4.160228066100693,0.0,0.0,0.0,0.0,0.0,model4,9.0,False,5706.0
1902,2015-08-27T23:00:00Z,41.0,169.89311725268826,459.32139610214796,98.99166909436713,42.79860831398824,15.41240577293523,54.548075762288285,10.1580503019969,4.382749106596241,0.0,0.0,0.0,0.0,0.0,model4,9.0,False,5709.0
1903,2015-08-28T02:00:00Z,41.0,167.854015887594,457.80864900215767,99.2944595360913,43.42933565561192,11.671758936855314,56.38055089260604,10.020895981503294,3.5767495394097657,0.0,0.0,0.0,0.0,0.0,model4,9.0,False,5712.0
1904,2015-08-28T05:00:00Z,41.0,170.08123547575917,468.8596189713436,101.4115662453431,42.945916669664534,13.583741997367005,53.662036860837965,8.717413553939464,3.9239762991760663,0.0,0.0,0.0,0.0,0.0,model4,9.0,False,5715.0
1905,2015-08-28T08:00:00Z,41.0,168.1520417879048,465.70772428595683,102.27421336707191,42.5517614288769,13.306047250145529,54.71943362835977,9.341157916257137,3.847019978853851,0.0,0.0,0.0,0.0,0.0,model4,9.0,False,5718.0
1906,2015-08-28T11:00:00Z,41.0,169.81945782516942,455.4237087087925,100.49808834660502,42.30578474002572,13.320475971630941,51.21784026586065,9.31297505818147,3.5966497748844626,0.0,0.0,0.0,0.0,0.0,model4,9.0,False,5721.0
1907,2015-08-28T14:00:00Z,41.0,168.6453040928244,454.8984014796271,100.87208518717114,41.90215638906083,14.394458515863965,49.50076086426685,9.06750755691948,3.3077919000666487,0.0,0.0,0.0,0.0,0.0,model4,9.0,False,5724.0
1908,2015-08-28T17:00:00Z,41.0,168.0546829583437,458.1580100654349,99.26828306352958,42.00523676533569,15.194736607539394,48.6337211185241,9.698842555049273,3.6266895841379214,0.0,0.0,0.0,0.0,0.0,model4,9.0,False,5727.0
1909,2015-08-28T20:00:00Z,41.0,171.92203598653188,458.7785714511583,100.14152137138693,41.70179512341127,17.02525616505595,46.00728827484317,8.648689234536397,4.1606000405568055,0.0,0.0,0.0,0.0,0.0,model4,9.0,False,5730.0
1910,2015-08-28T23:00:00Z,41.0,174.39246713916077,460.9859819719151,100.04806289374176,41.07016716691306,17.831653664767533,46.66039029502985,8.268888098724599,3.753146274729841,0.0,0.0,0.0,0.0,0.0,model4,9.0,False,5733.0
1911,2015-08-29T02:00:00Z,41.0,176.24319627686546,454.06376221577415,99.34554401590452,41.155216468922966,18.265338915498024,44.96808221389619,8.223176585054114,3.799335658257377,0.0,0.0,0.0,0.0,0.0,model4,9.0,False,5736.0
1912,2015-08-29T05:00:00Z,41.0,178.40328739007683,443.0379756480162,97.94344529143929,41.42858713675405,19.938758338946947,41.3845213166149,8.388104629286838,3.546163037298688,0.0,0.0,0.0,0.0,0.0,model4,9.0,False,5739.0
1913,2015-08-29T08:00:00Z,41.0,182.33498845604853,447.96306237238406,97.58344056858141,40.92035567381253,20.616646254543024,40.23666556579178,7.339743446292462,4.064359727210676,0.0,0.0,0.0,0.0,0.0,model4,9.0,False,5742.0
1914,2015-08-29T11:00:00Z,41.0,184.71327873376785,451.08089285219046,98.83942740462395,40.74722681180965,21.50584025448635,39.9273237139389,7.390950192168508,4.105020939854712,0.0,0.0,0.0,0.0,0.0,model4,9.0,False,5745.0
1915,2015-08-29T14:00:00Z,41.0,187.199358980536,447.10079597440836,98.89049718519848,40.30748410301658,19.518836653298575,38.62944908031081,8.248873165734121,4.223202216530103,0.0,0.0,0.0,0.0,0.0,model4,9.0,False,5748.0
1916,2015-08-29T17:00:00Z,41.0,192.1424447458124,446.9157283184867,99.75246663417923,39.999544063576046,15.794466138250986,38.3663774446625,7.251566291393213,3.922647909371823,0.0,0.0,0.0,0.0,0.0,model4,9.0,False,5751.0
1917,2015-08-29T20:00:00Z,41.0,192.153090018128,443.10098505293365,99.62448557418777,39.55178178713255,14.361759869890768,37.32947038098003,8.444799667910077,3.6966647631499527,0.0,0.0,0.0,0.0,0.0,model4,9.0,False,5754.0
1918,2015-08-29T23:00:00Z,41.0,191.59220631603213,443.67268247500857,100.3492385266087,38.99532487059084,14.82271333176748,34.410219427475155,8.383836326302054,4.065985708400848,0.0,0.0,0.0,0.0,0.0,model4,9.0,False,5757.0
1919,2015-08-30T02:00:00Z,41.0,193.0198891956752,443.48645612307433,101.39557956491257,39.12410277538185,16.072763249508185,38.11520679354683,8.472298362213753,4.373310424440408,0.0,0.0,0.0,0.0,0.0,model4,9.0,False,5760.0
1920,2015-08-30T05:00:00Z,41.0,193.3595487905729,455.45943114489836,103.26830126131814,38.578915497826706,16.168488004117695,42.083179279097294,8.773614046456279,4.2207388951841525,0.0,0.0,0.0,0.0,0.0,model4,9.0,False,5763.0
1921,2015-08-30T08:00:00Z,41.0,192.9071161658634,452.5953512219063,102.22874352153492,38.92665852231885,16.010096304202285,42.8469182085227,8.991703707112013,4.2293564284713785,0.0,0.0,0.0,0.0,0.0,model4,9.0,False,5766.0
1922,2015-08-30T11:00:00Z,41.0,193.1463519660076,447.6090931691757,102.09424453557072,38.843090981594614,15.147052512944741,44.5438463767625,9.906658513318565,5.2111723185651915,0.0,0.0,0.0,0.0,0.0,model4,9.0,False,5769.0
1923,2015-08-30T14:00:00Z,41.0,192.84104382350225,451.45741361181166,102.0377002248838,39.22374591886425,15.87689844128319,48.80104724887942,10.913161396424185,5.235064435906195,0.0,0.0,0.0,0.0,0.0,model4,9.0,False,5772.0
1924,2015-08-30T17:00:00Z,41.0,192.5988566768589,459.29378735487916,102.94102860457843,39.227972738666594,14.487562582355121,48.42305040537237,11.761334645049558,5.184754315142127,0.0,0.0,0.0,0.0,0.0,model4,9.0,False,5775.0
1925,2015-08-30T20:00:00Z,41.0,192.51276416312302,455.9436352278255,103.02379820808588,39.48559950376315,13.876291178601127,53.63970199765039,11.155739842944255,4.855638226946134,0.0,0.0,0.0,0.0,0.0,model4,9.0,False,5778.0
1926,2015-08-30T23:00:00Z,41.0,190.97180805665351,453.5084123607155,102.1258726506152,39.736959250423546,16.01874189267938,56.271839894207275,11.319275648174507,4.542619509003816,0.0,0.0,0.0,0.0,0.0,model4,9.0,False,5781.0
1927,2015-08-31T02:00:00Z,41.0,187.4779443194116,461.21603761066626,102.27806331012792,39.47741006286369,16.447385361176035,54.051411596923685,11.585644661319227,4.633914199050544,0.0,0.0,0.0,0.0,0.0,model4,9.0,False,5784.0
1928,2015-08-31T05:00:00Z,41.0,185.5726084462405,452.50241431613983,101.38618485133087,39.34518845342139,15.147851405516453,53.67710102568322,10.793892571752927,4.858601984734159,0.0,0.0,0.0,0.0,0.0,model4,9.0,False,5787.0
1929,2015-08-31T08:00:00Z,41.0,183.7264646126722,456.860039366655,101.31564383463146,39.23301594873908,15.215131676098466,57.26128471384324,10.750657683011283,4.7408814817178975,0.0,0.0,0.0,0.0,0.0,model4,9.0,False,5790.0
1930,2015-08-31T11:00:00Z,41.0,180.57380038231042,456.97349702690923,101.54601987997528,39.5766001686023,15.519884668831349,55.98766030045062,9.74211355884941,4.2224995620835255,0.0,0.0,0.0,0.0,0.0,model4,9.0,False,5793.0
1931,2015-08-31T14:00:00Z,41.0,179.7344453393071,460.1085507162519,102.38601137530355,39.20591832870389,15.976628558626224,55.32111872617453,8.029293786090355,4.298226052199861,0.0,0.0,0.0,0.0,0.0,model4,9.0,False,5796.0
1932,2015-08-31T17:00:00Z,41.0,177.4137114892088,455.21148530053495,100.00565977342589,39.370867620046624,15.368694585245425,56.137928503613345,8.765506216412472,4.342026553494623,0.0,0.0,0.0,0.0,0.0,model4,9.0,False,5799.0
1933,2015-08-31T20:00:00Z,41.0,176.5574526927613,459.6569568374199,100.97201582641199,39.77336312082018,15.245509656560106,52.696290252652474,8.953949031739661,4.357140817772336,0.0,0.0,0.0,0.0,0.0,model4,9.0,False,5802.0
1934,2015-08-31T23:00:00Z,41.0,175.3183364768412,460.21158660707914,100.86020947772892,40.35551671653373,15.556369035638713,55.11082700789261,9.606322867344467,4.526855343534821,0.0,0.0,0.0,0.0,0.0,model4,9.0,False,5805.0
1935,2015-09-01T02:00:00Z,41.0,173.30165208448855,457.1301242128801,98.98737966665159,39.956795891520294,17.021550586066446,60.79347697401369,9.35027657775691,4.234717763555442,0.0,0.0,0.0,0.0,0.0,model4,9.0,False,5808.0
1936,2015-09-01T05:00:00Z,41.0,169.94889629157706,458.1311248071309,97.50443415233192,40.67204751909504,16.078969760716536,65.77400042962746,9.461485380382667,3.935031015925536,0.0,0.0,0.0,0.0,0.0,model4,9.0,False,5811.0
1937,2015-09-01T08:00:00Z,41.0,170.03900255110185,450.9736065488642,97.97547770760882,41.09662616456704,14.818878369608136,62.10550467749493,10.161211703178713,3.726765086731172,0.0,0.0,0.0,0.0,0.0,model4,9.0,False,5814.0
1938,2015-09-01T11:00:00Z,41.0,169.39373880472678,456.9413661479613,96.90296353188371,40.968989702729566,14.249841639826494,64.00624492767963,11.64472568568823,3.231220302331154,0.0,0.0,0.0,0.0,0.0,model4,9.0,False,5817.0
1939,2015-09-01T14:00:00Z,41.0,168.79285070933952,451.6768896744514,97.14565064482069,41.47143854753382,14.505134256160623,63.89728789010904,12.77351480684057,3.0958034465445827,0.0,0.0,0.0,0.0,0.0,model4,9.0,False,5820.0
1940,2015-09-01T17:00:00Z,41.0,168.65454998590113,445.3126872987794,98.867914796231,40.82343624500284,14.922454899065853,62.59721746337741,11.889228862761927,3.5385544050161686,0.0,0.0,0.0,0.0,0.0,model4,9.0,False,5823.0
1941,2015-09-01T20:00:00Z,41.0,167.66295631793076,449.2330727821311,98.95564318247692,40.9563512579948,15.741724946137525,61.67367741336968,12.257331446399007,4.105062722242306,0.0,0.0,0.0,0.0,0.0,model4,9.0,False,5826.0
1942,2015-09-01T23:00:00Z,41.0,168.40691267363434,455.0234458496205,99.70300338688904,40.43732974976969,15.229771484029396,62.44854475276782,12.246656183363203,4.027870897563906,0.0,0.0,0.0,0.0,0.0,model4,9.0,False,5829.0
1943,2015-09-02T02:00:00Z,41.0,172.13630679437267,451.05702660630106,100.51597403994137,40.44221274804878,14.567730414090926,57.379418715514,12.623877507339776,4.001011261402624,0.0,0.0,0.0,0.0,0.0,model4,9.0,False,5832.0
1944,2015-09-02T05:00:00Z,41.0,173.28516613258216,445.73515860666237,102.08299070793699,39.40033657338626,14.14286762406407,53.08176440791164,12.21713263109762,4.141650991514683,0.0,0.0,0.0,0.0,0.0,model4,9.0,False,5835.0
1945,2015-09-02T08:00:00Z,41.0,173.49322429378455,442.6765089285434,103.14984733370557,39.39617118305482,14.946310828342275,55.956727780188,12.2949438366298,4.1395619212880295,0.0,0.0,0.0,0.0,0.0,model4,9.0,False,5838.0
1946,2015-09-02T11:00:00Z,41.0,174.5558151675243,438.65389546713965,102.93966553350842,39.398326059942924,15.215744477049832,56.28361193321689,11.239862010763296,4.5276791777033285,0.0,0.0,0.0,0.0,0.0,model4,9.0,False,5841.0
1947,2015-09-02T14:00:00Z,41.0,174.78930606926284,440.12475848723676,101.27321980538252,39.66945967441091,13.83155699569381,55.600472202316475,10.417434215748386,5.557264426251024,0.0,0.0,0.0,0.0,0.0,model4,9.0,False,5844.0
1948,2015-09-02T17:00:00Z,41.0,174.3587183296217,445.8121079370565,100.28567248625272,40.006468267982825,14.212054603827973,54.8082813902702,10.728794988923145,5.413439312547027,0.0,0.0,0.0,0.0,0.0,model4,9.0,False,5847.0
1949,2015-09-02T20:00:00Z,41.0,174.06623131666274,443.7557317732208,99.36244221843448,39.62492279482528,12.927482812880804,57.551862830906856,11.001788851247193,5.043296675800756,0.0,0.0,0.0,0.0,0.0,model4,9.0,False,5850.0
1950,2015-09-02T23:00:00Z,41.0,174.3431302686227,446.1207125121724,99.524189498658,39.841759842724606,13.924430829488067,54.67384596102581,11.338575465896952,5.147351324014323,0.0,0.0,0.0,0.0,0.0,model4,9.0,False,5853.0
1951,2015-09-03T02:00:00Z,41.0,172.560114860034,450.63731179911764,99.84252209233965,39.79669116178577,13.096359695928829,54.70171208941032,10.671293115207057,5.200130672600689,0.0,0.0,0.0,0.0,0.0,model4,9.0,False,5856.0
1952,2015-09-03T05:00:00Z,41.0,172.4579441217851,450.8678652972408,100.76031042741295,40.376536115394494,13.297309753203955,55.197941264233506,11.099527153567005,5.289260989238642,0.0,0.0,0.0,0.0,0.0,model4,9.0,False,5859.0
1953,2015-09-03T08:00:00Z,41.0,173.27688862028245,457.5743773121888,98.951369241578,40.31327669965385,14.493870614286704,53.85891330416854,10.575715403502436,5.7095051828842225,0.0,0.0,0.0,0.0,0.0,model4,9.0,False,5862.0
1954,2015-09-03T11:00:00Z,41.0,172.3780087623407,458.0750897466996,99.86677942897859,39.97128599678943,14.496647570095424,50.03949046340872,10.462293705831678,5.486387004736646,0.0,0.0,0.0,0.0,0.0,model4,9.0,False,5865.0
1955,2015-09-03T14:00:00Z,41.0,171.8149463186235,452.63613658282884,102.17410041447008,39.57656251316251,14.011303944178016,48.58748488401745,10.629974365564614,4.423489542668895,0.0,0.0,0.0,0.0,0.0,model4,9.0,False,5868.0
1956,2015-09-03T17:00:00Z,41.0,171.14192089209138,451.624204699439,102.8790514782412,39.52731215117968,13.498635548728751,47.90244293952383,10.436960943843838,4.5297085254102365,0.0,0.0,0.0,0.0,0.0,model4,9.0,False,5871.0
1957,2015-09-03T20:00:00Z,41.0,171.58015264863982,444.7051231733415,103.00204365729574,39.41370610476257,13.352463488850875,45.27880280088671,9.234340035775306,4.818989043560771,0.0,0.0,0.0,0.0,0.0,model4,9.0,False,5874.0
1958,2015-09-03T23:00:00Z,41.0,170.83881124280174,437.9006377652939,104.48368722222156,39.70934188111618,12.09370334094218,43.838209616476,9.525437241041756,4.865560136442992,0.0,0.0,0.0,0.0,0.0,model4,9.0,False,5877.0
1959,2015-09-04T02:00:00Z,41.0,171.2190901108483,434.8623630321442,104.74969362001465,40.248541704208606,12.730231514528985,43.69278319436262,10.250072201112328,4.760167423321713,0.0,0.0,0.0,0.0,0.0,model4,9.0,False,5880.0
1960,2015-09-04T05:00:00Z,41.0,171.94906669538884,438.11204436049456,102.92161719937364,40.20370110634488,14.879002123736553,38.671764650186226,10.358663635737267,4.639176743686965,0.0,0.0,0.0,0.0,0.0,model4,9.0,False,5883.0
1961,2015-09-04T08:00:00Z,41.0,170.9892703029519,434.6102730075431,103.43737048721891,40.43479701090504,13.556611471043006,34.56545427720368,9.904025471874595,4.573490922801925,0.0,0.0,0.0,0.0,0.0,model4,9.0,False,5886.0
1962,2015-09-04T11:00:00Z,41.0,169.5281945264968,442.29738596522003,103.08496293739502,40.38722740035738,13.764917574834518,41.20741346150066,10.158693389310935,5.501292768707796,0.0,0.0,0.0,0.0,0.0,model4,9.0,False,5889.0
1963,2015-09-04T14:00:00Z,41.0,170.03457438712783,439.3145020798252,100.80667688231188,40.095374057672466,15.129807435857586,43.626941365584145,10.739629803968963,5.376768113550295,0.0,0.0,0.0,0.0,0.0,model4,9.0,False,5892.0
1964,2015-09-04T17:00:00Z,41.0,168.8707136108849,441.4322175272598,101.00764663441149,40.298270749275716,17.501917141207837,46.966112299553366,10.602682169006174,5.250667723578943,0.0,0.0,0.0,0.0,0.0,model4,9.0,False,5895.0
1965,2015-09-04T20:00:00Z,41.0,169.33390186181663,445.79012132436605,100.48983737237934,40.60644839784286,17.721234696480753,49.071513434139824,11.430748812984676,5.01314278115689,0.0,0.0,0.0,0.0,0.0,model4,9.0,False,5898.0
1966,2015-09-04T23:00:00Z,41.0,168.22873353602742,445.47051373030195,98.4232494218158,40.54848044508957,18.899722468949832,46.67515464492639,9.734358867833077,5.134063380579693,0.0,0.0,0.0,0.0,0.0,model4,9.0,False,5901.0
1967,2015-09-05T02:00:00Z,41.0,168.16519290733274,445.15223126311,97.22000413858852,40.477000506348645,18.940741273947143,46.338873422139464,8.851105039815133,5.268532801173842,0.0,0.0,0.0,0.0,0.0,model4,9.0,False,5904.0
1968,2015-09-05T05:00:00Z,41.0,167.60123143598645,449.7452175572885,98.23573943979194,40.89546397286241,16.958133603926367,46.47759674778243,9.015062139358983,5.133587650226113,0.0,0.0,0.0,0.0,0.0,model4,9.0,False,5907.0
1969,2015-09-05T08:00:00Z,41.0,167.6506515917424,451.79470571085363,99.4878692337554,40.76217111082183,16.431155375152482,48.23212690082786,9.831323681109383,4.818811939958962,0.0,0.0,0.0,0.0,0.0,model4,9.0,False,5910.0
1970,2015-09-05T11:00:00Z,41.0,170.4847963144595,446.75547291236313,100.14672292095129,41.35352294773777,15.819423904259553,43.535208199745206,9.526964279448835,4.151041840490902,0.0,0.0,0.0,0.0,0.0,model4,9.0,False,5913.0
1971,2015-09-05T14:00:00Z,41.0,170.62545354055334,449.7416242564792,102.07232333526831,41.332903468924265,15.203649940612035,46.4718123988717,8.878676138227307,4.415286741592002,0.0,0.0,0.0,0.0,0.0,model4,9.0,False,5916.0
1972,2015-09-05T17:00:00Z,41.0,172.56380930568466,451.6443276037303,102.079831495112,40.84682223360553,13.547915168538813,45.5515708259866,9.026546195990095,4.991300348726576,0.0,0.0,0.0,0.0,0.0,model4,9.0,False,5919.0
1973,2015-09-05T20:00:00Z,41.0,172.63462118873912,452.82716265021827,102.813737434907,40.605311960171214,14.517473125432847,40.22847500702536,8.142265240516341,4.828486592019673,0.0,0.0,0.0,0.0,0.0,model4,9.0,False,5922.0
1974,2015-09-05T23:00:00Z,41.0,175.02395628120632,455.14733779101226,102.39123926491051,40.36665583375675,12.132966792750022,39.21686223826253,8.699943319987112,5.134645220553317,0.0,0.0,0.0,0.0,0.0,model4,9.0,False,5925.0
1975,2015-09-06T02:00:00Z,41.0,176.50363781788897,453.8156606708113,103.1053990547415,40.05091005477974,14.695392869919093,38.139305569915145,8.435175473640307,5.0129821732066855,0.0,0.0,0.0,0.0,0.0,model4,9.0,False,5928.0
1976,2015-09-06T05:00:00Z,41.0,173.88345438999968,451.9069196833026,102.71609149068009,39.481161833326,17.30340439759417,39.63358220281351,9.349434323196476,4.821397144235228,0.0,0.0,0.0,0.0,0.0,model4,9.0,False,5931.0
1977,2015-09-06T08:00:00Z,41.0,173.22002541551075,453.068848259247,102.13834594997086,38.69232990676115,17.605981266164015,36.564277666702964,9.073737626590237,5.209234737438826,0.0,0.0,0.0,0.0,0.0,model4,9.0,False,5934.0
1978,2015-09-06T11:00:00Z,41.0,170.78802186617528,444.4200258967315,101.42677541464451,38.68791730248014,19.044381182252874,44.64989942118478,10.192615732161592,4.96797848215166,0.0,0.0,0.0,0.0,0.0,model4,9.0,False,5937.0
1979,2015-09-06T14:00:00Z,41.0,171.2712182063388,444.1050313228184,100.67087562773114,38.93432041590836,18.879010542272425,41.964118086391935,10.498454527332793,4.827496965330796,0.0,0.0,0.0,0.0,0.0,model4,9.0,False,5940.0
1980,2015-09-06T17:00:00Z,41.0,171.74716997357538,442.9670209470835,100.38746905263365,38.68629079262219,17.642688817136293,43.37851333611032,11.030851406384423,5.494325666729607,0.0,0.0,0.0,0.0,0.0,model4,9.0,False,5943.0
1981,2015-09-06T20:00:00Z,41.0,172.054174870238,442.9062596121824,99.80737805786707,38.788958501145245,17.981290121740837,47.79684831116611,10.840269426449842,5.558131909574525,0.0,0.0,0.0,0.0,0.0,model4,9.0,False,5946.0
1982,2015-09-06T23:00:00Z,41.0,170.61074153919878,439.1094604252712,100.09810467980871,38.421215573377644,18.389121233439433,49.950874940787344,10.498309675667032,5.801396935548119,0.0,0.0,0.0,0.0,0.0,model4,9.0,False,5949.0
1983,2015-09-07T02:00:00Z,41.0,168.96413532901545,440.75809414967523,99.96203352392628,38.78420539346028,15.406709919244376,52.3484594961111,10.524830209780244,5.937559593098106,0.0,0.0,0.0,0.0,0.0,model4,9.0,False,5952.0
1984,2015-09-07T05:00:00Z,41.0,170.80249586669055,440.2112423814475,100.13043376248812,38.259943924766716,13.710816221874984,51.08892166281541,9.987329901044598,6.2960274849718045,0.0,0.0,0.0,0.0,0.0,model4,9.0,False,5955.0
1985,2015-09-07T08:00:00Z,41.0,171.94319110951866,445.2073091222194,99.22810255871882,38.4303479519036,13.893923629338806,55.05355037387647,9.776184917418476,5.993874756797148,0.0,0.0,0.0,0.0,0.0,model4,9.0,False,5958.0
1986,2015-09-07T11:00:00Z,41.0,172.93146426048912,455.71716760071365,99.46498652438324,37.96704633519789,11.734206638357762,51.87479651756597,8.827201860988232,6.1495255362006365,0.0,0.0,0.0,0.0,0.0,model4,9.0,False,5961.0
1987,2015-09-07T14:00:00Z,41.0,170.63916942601918,455.4216819924048,98.94155169267212,37.87227546714411,12.182444469518261,49.87132941667017,7.771255246443741,6.0763463161055995,0.0,0.0,0.0,0.0,0.0,model4,9.0,False,5964.0
1988,2015-09-07T17:00:00Z,41.0,168.64467055899175,455.1935098268601,98.77803981763424,38.24817547490596,13.42084128898598,47.765996695258636,6.7320661303515585,5.4284920065576525,0.0,0.0,0.0,0.0,0.0,model4,9.0,False,5967.0
1989,2015-09-07T20:00:00Z,41.0,166.90499664274833,462.1718572824185,99.9630574063797,38.492412423757855,11.379927626536093,48.45838216571782,7.806600434120339,5.903063211243135,0.0,0.0,0.0,0.0,0.0,model4,9.0,False,5970.0
1990,2015-09-07T23:00:00Z,41.0,167.98284938044776,473.2441158016552,100.49350440756348,39.314539591828215,11.264936781113509,46.850143267553044,7.968024005023885,5.870024381877612,0.0,0.0,0.0,0.0,0.0,model4,9.0,False,5973.0
1991,2015-09-08T02:00:00Z,41.0,167.75323700842003,474.1114534316856,100.62982229515188,38.983227727965776,11.071241852532065,43.74707796224101,7.941838314215735,5.747037770004991,0.0,0.0,0.0,0.0,0.0,model4,9.0,False,5976.0
1992,2015-09-08T05:00:00Z,41.0,168.93922022785304,471.7855593370785,100.51935365579169,39.316935300927504,12.871675711112053,46.05414874772434,7.617321652488068,5.371194653413656,0.0,0.0,0.0,0.0,0.0,model4,9.0,False,5979.0
1993,2015-09-08T08:00:00Z,41.0,166.51023478611782,468.1551368162671,101.096244970948,39.824955672220646,12.351312121983733,43.63233604683538,7.232454115700778,5.3604797159762105,0.0,0.0,0.0,0.0,0.0,model4,9.0,False,5982.0
1994,2015-09-08T11:00:00Z,41.0,167.375765953042,462.7123492663237,101.45507841144143,40.24647009638217,12.548384655198069,42.61234025116748,7.00942146426626,5.071467780115098,0.0,0.0,0.0,0.0,0.0,model4,9.0,False,5985.0
1995,2015-09-08T14:00:00Z,41.0,166.66216082577387,473.12595908755975,101.0468523071695,39.938877544058755,12.82909338110985,50.75031292200656,8.59381572097742,5.116162689192839,0.0,0.0,0.0,0.0,0.0,model4,9.0,False,5988.0
1996,2015-09-08T17:00:00Z,41.0,168.49598949001015,474.5334363070624,101.86390246787269,40.22616565151147,12.863415248027072,52.99604785785166,8.413892835589014,5.287920761704255,0.0,0.0,0.0,0.0,0.0,model4,9.0,False,5991.0
1997,2015-09-08T20:00:00Z,41.0,168.7859059845804,470.03180112901697,100.5492076293845,39.96731274687953,12.396258812097699,53.20747725547884,8.536316740931223,4.969225877109163,0.0,0.0,0.0,0.0,0.0,model4,9.0,False,5994.0
1998,2015-09-08T23:00:00Z,41.0,168.43250821206334,458.7794010699906,99.85491503783342,38.95330032354284,15.134811813168847,52.057944787906074,8.363772211938826,4.187933365495134,0.0,0.0,0.0,0.0,0.0,model4,9.0,False,5997.0
1999,2015-09-09T02:00:00Z,41.0,170.1865545463331,463.1693089904758,99.49397751056809,39.08154293420521,16.616900566177485,50.87390746216717,8.197621117152464,4.666190233985996,0.0,0.0,0.0,0.0,0.0,model4,9.0,False,6000.0
2000,2015-09-09T05:00:00Z,41.0,169.5326802468944,468.92577503293273,99.59643017778654,38.998161782784585,15.145919236354626,50.54086440683214,8.600991801280221,4.740833355021908,0.0,0.0,0.0,0.0,0.0,model4,9.0,False,6003.0
2001,2015-09-09T08:00:00Z,41.0,175.06094365217334,465.04491471699964,100.58301380074013,38.926590637955755,18.930487503883715,52.84058376579112,9.19640521694491,4.691261415541397,0.0,0.0,0.0,0.0,0.0,model4,9.0,False,6006.0
2002,2015-09-09T11:00:00Z,41.0,177.5832696534494,466.904631445664,100.70056484668908,39.26775761348676,21.068213885618228,52.148750717821656,8.831510216099655,4.697136588415523,0.0,0.0,0.0,0.0,0.0,model4,9.0,False,6009.0
2003,2015-09-09T14:00:00Z,41.0,181.81615121746967,459.4809111216266,100.8156388733507,39.70367747491357,19.79413841389945,43.1378001759135,7.567207516640461,5.1025566298006595,0.0,0.0,0.0,0.0,0.0,model4,9.0,False,6012.0
2004,2015-09-09T17:00:00Z,41.0,183.1386430761532,460.1573038921761,99.67735639150601,39.29852240460753,18.703115268461087,43.04166883197625,8.554664574070276,4.886587639443485,0.0,0.0,0.0,0.0,0.0,model4,9.0,False,6015.0
2005,2015-09-09T20:00:00Z,41.0,186.75267465627084,455.13435960747137,100.24923505710123,38.585565192515716,20.940808012692553,41.59681888437658,7.707233249778348,5.0677769218642785,0.0,0.0,0.0,0.0,0.0,model4,9.0,False,6018.0
2006,2015-09-09T23:00:00Z,41.0,189.6780160536104,457.2049066549192,99.97428878833132,39.252523834560044,17.65510773842155,40.35857108927532,8.901115753714079,5.0800236393020235,0.0,0.0,0.0,0.0,0.0,model4,9.0,False,6021.0
2007,2015-09-10T02:00:00Z,41.0,191.2584684844947,458.3107778054997,100.58469302521877,39.55039497326019,17.436453074960685,41.13863417415918,8.615663874761143,4.9580775353485524,0.0,0.0,0.0,0.0,0.0,model4,9.0,False,6024.0
2008,2015-09-10T05:00:00Z,41.0,194.95042453847432,450.5872047422925,99.44527972948148,40.27884795622257,16.113985471624467,44.214742325180644,8.620393727981076,4.938795081382704,0.0,0.0,0.0,0.0,0.0,model4,9.0,False,6027.0
2009,2015-09-10T08:00:00Z,41.0,192.9922841271041,454.6240724282949,98.13425476183671,39.86761779193413,16.27021924571525,42.99235108584143,8.112674659119692,5.149159446335278,0.0,0.0,0.0,0.0,0.0,model4,9.0,False,6030.0
2010,2015-09-10T11:00:00Z,41.0,190.56774914417176,455.5237500613704,97.12851297755256,38.78828686650273,17.123702528021724,42.38755806774196,7.612597306060264,4.931724342533877,0.0,0.0,0.0,0.0,0.0,model4,9.0,False,6033.0
2011,2015-09-10T14:00:00Z,41.0,190.72282745176682,461.4938837263266,97.05357347791669,38.185753759044225,16.86015126300039,46.16380381966741,8.13254181839392,4.533490804561642,0.0,0.0,0.0,0.0,0.0,model4,9.0,False,6036.0
2012,2015-09-10T17:00:00Z,41.0,189.47258857445016,453.0445622971282,98.60941634222748,38.760675756185385,18.085745167421106,45.236859675535534,8.334656247646695,4.904465878271082,0.0,0.0,0.0,0.0,0.0,model4,9.0,False,6039.0
2013,2015-09-10T20:00:00Z,41.0,189.44145046799287,453.02493609770653,99.21098742229314,39.34637123935653,14.89431575240028,45.77979535672823,9.565680302278118,4.497933104639338,0.0,0.0,0.0,0.0,0.0,model4,9.0,False,6042.0
2014,2015-09-10T23:00:00Z,41.0,190.22463268614302,449.70093984871215,99.40205479945429,39.390877818099455,15.60370599274591,48.083108435645094,8.414467539413973,4.606802651252111,0.0,0.0,0.0,0.0,0.0,model4,9.0,False,6045.0
2015,2015-09-11T02:00:00Z,41.0,188.20305728954705,449.17161659252633,99.25992613986188,39.209734690926005,15.373609699822149,47.13203485759132,8.498044732380444,4.461491197366032,0.0,0.0,0.0,0.0,0.0,model4,9.0,False,6048.0
2016,2015-09-11T05:00:00Z,41.0,180.184553259658,450.3802765726834,100.45511333986046,39.629273150507395,25.255607905277305,42.80671434662753,9.362945889237043,5.221104469796179,0.0,0.0,0.0,0.0,0.0,model4,9.0,False,6051.0
2017,2015-09-11T08:00:00Z,41.0,176.82786442297862,448.3653134620369,102.47588344019613,39.26909614853869,26.12380284783801,42.31279004088165,11.125206620849534,5.433780053103478,0.0,0.0,0.0,0.0,0.0,model4,9.0,False,6054.0
2018,2015-09-11T11:00:00Z,41.0,177.8667735443712,447.29768962067567,101.73605407807962,40.50583426901646,25.604089445663305,42.75379297628418,11.786077939353385,5.758702844743742,0.0,0.0,0.0,0.0,0.0,model4,9.0,False,6057.0
2019,2015-09-11T14:00:00Z,41.0,173.95570893030262,437.86407954785415,101.1262963595412,40.71675697390559,25.615609154704376,33.87659678810494,12.381842575359723,5.63585184088558,0.0,0.0,0.0,0.0,0.0,model4,9.0,False,6060.0
2020,2015-09-11T17:00:00Z,41.0,172.75389063938565,442.2365781420562,101.73444294067484,40.73564207876717,27.22896061046001,33.0957432367357,13.846850506566488,5.630322633304386,0.0,0.0,0.0,0.0,0.0,model4,9.0,False,6063.0
2021,2015-09-11T20:00:00Z,41.0,169.7514947716971,446.3624250951737,100.86968598190629,40.51543344020926,25.71587772907229,34.40773179775648,13.875501685438698,5.721926650392451,0.0,0.0,0.0,0.0,0.0,model4,9.0,False,6066.0
2022,2015-09-11T23:00:00Z,41.0,166.858181653482,448.54675999563034,101.24023062677713,40.57709537925655,23.66050424288248,33.14260632787535,13.969485625945792,5.888569148960465,0.0,0.0,0.0,0.0,0.0,model4,9.0,False,6069.0
2023,2015-09-12T02:00:00Z,41.0,166.23843490655,443.9994844216214,101.83972166071554,41.321404244675676,23.505383888174304,32.7821603111128,14.240668742645044,6.201431098992425,0.0,0.0,0.0,0.0,0.0,model4,9.0,False,6072.0
2024,2015-09-12T05:00:00Z,41.0,172.17968674646758,444.9594689739085,101.8056346486129,41.30985292177693,16.899646612878946,38.169886031111744,13.610805292208767,5.892756239554397,0.0,0.0,0.0,0.0,0.0,model4,9.0,False,6075.0
2025,2015-09-12T08:00:00Z,41.0,172.1103020469391,443.9866614211888,98.83792379916514,42.2119292318714,15.196696988705748,37.183060301994814,12.292166135782145,5.124243017797128,0.0,0.0,0.0,0.0,0.0,model4,9.0,False,6078.0
2026,2015-09-12T11:00:00Z,41.0,170.89609863322863,438.7572377907714,99.7316542845266,41.47386393822247,14.695498254765903,37.792144112431004,11.81034635531002,5.120420216729957,0.0,0.0,0.0,0.0,0.0,model4,9.0,False,6081.0
2027,2015-09-12T14:00:00Z,41.0,171.6718240301382,446.8307009109224,102.13941354306229,41.677669021692736,15.040689362399455,40.15351211737861,10.983092790706944,5.302197148165082,0.0,0.0,0.0,0.0,0.0,model4,9.0,False,6084.0
2028,2015-09-12T17:00:00Z,41.0,173.73381186124215,441.7637849817981,100.75940842251757,41.107502617239454,13.614143159042824,42.82799887811986,8.890874326109195,5.315309462373991,0.0,0.0,0.0,0.0,0.0,model4,9.0,False,6087.0
2029,2015-09-12T20:00:00Z,41.0,173.54003696204862,438.21048011964194,101.50591685542773,42.644874926572406,13.839204535412236,47.0933771258025,8.063252895308857,6.1597484089511,0.0,0.0,0.0,0.0,0.0,model4,9.0,False,6090.0
2030,2015-09-12T23:00:00Z,41.0,173.17767436534024,432.5578715337585,101.57326658875952,42.42670641382612,14.03755914397884,50.971150832633924,8.828367729247034,6.157027884712651,0.0,0.0,0.0,0.0,0.0,model4,9.0,False,6093.0
2031,2015-09-13T02:00:00Z,41.0,170.90997687839678,432.39356398683236,100.58303328742994,41.453222062858366,15.417084763094197,51.383019482339144,9.057217977310305,6.185499255310089,0.0,0.0,0.0,0.0,0.0,model4,9.0,False,6096.0
2032,2015-09-13T05:00:00Z,41.0,168.40885667249125,436.4882488187915,99.25669547957735,40.31388107963559,15.63775842622011,51.959938187724745,10.551564889163554,6.0138014754190925,0.0,0.0,0.0,0.0,0.0,model4,9.0,False,6099.0
2033,2015-09-13T08:00:00Z,41.0,168.70701006747117,436.2026788944447,98.60786652423808,39.384889000676,17.02487993454135,52.55609634527982,11.265648942530945,6.746545304059256,0.0,0.0,0.0,0.0,0.0,model4,9.0,False,6102.0
2034,2015-09-13T11:00:00Z,41.0,167.77236590596183,429.5620643051738,100.399724857359,39.4056417468425,17.698856782410928,59.846247805665854,12.352860881311006,6.727574992319478,0.0,0.0,0.0,0.0,0.0,model4,9.0,False,6105.0
2035,2015-09-13T14:00:00Z,41.0,167.21509384806816,425.4571539665905,99.85621646366472,39.27241669326929,17.187246787199168,58.073271882909225,12.540009177288466,6.495695967770388,0.0,0.0,0.0,0.0,0.0,model4,9.0,False,6108.0
2036,2015-09-13T17:00:00Z,41.0,167.2158501981423,425.7881422305258,99.64074362246694,39.75634864342981,15.8443479289751,57.62567935996882,13.33883778913605,6.621955450128156,0.0,0.0,0.0,0.0,0.0,model4,9.0,False,6111.0
2037,2015-09-13T20:00:00Z,41.0,167.7810254930061,423.56843754848916,99.87474475697763,39.01380627153775,15.710949283243089,55.886866095686464,13.289052486856404,5.7978927629760735,0.0,0.0,0.0,0.0,0.0,model4,9.0,False,6114.0
2038,2015-09-13T23:00:00Z,41.0,169.00686881874148,432.56390540437417,100.16930179886695,37.94705450663321,15.933710084071308,56.326119817264974,12.81255496915005,6.030979190628365,0.0,0.0,0.0,0.0,0.0,model4,9.0,False,6117.0
2039,2015-09-14T02:00:00Z,41.0,170.59105178712582,430.6460658794496,102.03202931891045,38.20289047174626,14.600852473659634,55.328130736050774,14.193162866114864,5.9262383825108005,0.0,0.0,0.0,0.0,0.0,model4,9.0,False,6120.0
2040,2015-09-14T05:00:00Z,41.0,170.68026674672853,434.04497359137036,102.1546838675398,38.48669805258045,14.439785032273422,55.847922287507856,13.21097359948394,6.208679860039298,0.0,0.0,0.0,0.0,0.0,model4,9.0,False,6123.0
2041,2015-09-14T08:00:00Z,41.0,169.19491145381778,434.6193344958572,104.54195271740431,38.91179924282881,14.303179159578386,57.436399723983094,11.520912343332894,5.686094673483162,0.0,0.0,0.0,0.0,0.0,model4,9.0,False,6126.0
2042,2015-09-14T11:00:00Z,41.0,168.31382575151912,442.4184805159005,103.06245954193741,38.720052590235035,13.950043729362099,48.77757404064076,11.900833106283276,5.3626508560701485,0.0,0.0,0.0,0.0,0.0,model4,9.0,False,6129.0
2043,2015-09-14T14:00:00Z,41.0,168.2364639945446,440.5130827728463,102.72173716232876,38.85180989443467,14.253508533095884,47.21874231780354,11.538269444769735,5.306908101550869,0.0,0.0,0.0,0.0,0.0,model4,9.0,False,6132.0
2044,2015-09-14T17:00:00Z,41.0,167.54627462183132,448.70055549654603,103.3382726392024,38.81925122075604,14.682065230211325,46.369444065923396,10.27153439034054,5.414202123531918,0.0,0.0,0.0,0.0,0.0,model4,9.0,False,6135.0
2045,2015-09-14T20:00:00Z,41.0,166.5039617089579,450.3242154246048,101.77311118167327,38.06096498421083,14.711437595406613,42.978803385246216,10.686082257405133,4.557079738456887,0.0,0.0,0.0,0.0,0.0,model4,9.0,False,6138.0
2046,2015-09-14T23:00:00Z,41.0,166.01621626323333,451.06115975799554,103.68747237362352,39.12757860738244,13.697501330117626,39.52149056977653,14.629117591061352,4.54048013917874,0.0,0.0,0.0,0.0,0.0,model4,9.0,False,6141.0
2047,2015-09-15T02:00:00Z,41.0,164.84325051812112,461.38852073209296,104.37940754590107,39.27936848204806,13.79252992194427,43.70438631690885,14.306375107709913,4.532682446978769,0.0,0.0,0.0,0.0,0.0,model4,9.0,False,6144.0
2048,2015-09-15T05:00:00Z,41.0,166.56394787587587,448.38585506491205,110.12856417180204,39.11258822802347,13.779137147247456,46.94193512440725,17.82912953630434,4.559893518185052,0.0,0.0,0.0,0.0,0.0,model4,9.0,False,6147.0
2049,2015-09-15T08:00:00Z,41.0,169.65043654415362,444.7074955601039,112.62100915036658,39.61753485227009,13.711521390259332,47.27803718188986,18.40862813346809,4.402883497899959,0.0,0.0,0.0,0.0,0.0,model4,9.0,False,6150.0
2050,2015-09-15T11:00:00Z,41.0,169.99780589889133,453.24507709563215,115.19793749972759,39.2574834485166,13.172746343668615,49.595855600188656,17.615813728731467,5.476832154092929,0.0,0.0,0.0,0.0,0.0,model4,9.0,False,6153.0
2051,2015-09-15T14:00:00Z,41.0,171.36670928707892,458.37033797809477,118.07089127345695,39.316206502294,14.899894148411253,50.20075262926606,16.868324049803082,6.44861891171347,0.0,0.0,0.0,0.0,0.0,model4,9.0,False,6156.0
2052,2015-09-15T17:00:00Z,41.0,170.70237619579834,455.0147699681156,120.69533556228501,39.47641582885856,14.494906664116545,52.496920934546594,16.113584660759336,6.097065561491919,0.0,0.0,0.0,0.0,0.0,model4,9.0,False,6159.0
2053,2015-09-15T20:00:00Z,41.0,173.4259773399854,464.7371206267137,125.42435721025309,40.033504813037574,15.252149217955527,51.55016959242747,13.29674292410043,6.118171786277437,0.0,0.0,0.0,0.0,0.0,model4,9.0,False,6162.0
2054,2015-09-15T23:00:00Z,41.0,174.2866260494884,466.95906673626234,127.01765005864245,40.129616680789795,15.926649228255705,52.0454225306596,10.849506432221846,6.106580668081014,0.0,0.0,0.0,0.0,0.0,model4,9.0,False,6165.0
2055,2015-09-16T02:00:00Z,41.0,176.65841994292512,460.3176405411328,127.36763866706428,39.87154163187103,15.957630273787114,49.60450989981768,10.464972305797422,6.2555314049162245,0.0,0.0,0.0,0.0,0.0,model4,9.0,False,6168.0
2056,2015-09-16T05:00:00Z,41.0,175.2194746480092,467.35122910101694,125.8587414829022,40.40826371755715,16.91821283321013,51.44526278789521,9.107912616429473,5.915833508232533,0.0,0.0,0.0,0.0,0.0,model4,9.0,False,6171.0
2057,2015-09-16T08:00:00Z,41.0,175.3165795811514,473.37927574754997,125.19148123541427,40.15826949930635,16.068141228759412,46.61289697560599,9.802098922852524,6.305995811713822,0.0,0.0,0.0,0.0,0.0,model4,9.0,False,6174.0
2058,2015-09-16T11:00:00Z,41.0,176.55459652729738,462.85106500601165,125.6769047615765,40.7977661189364,15.226599369792686,51.19591148822636,9.964374857658829,5.659902736709464,0.0,0.0,0.0,0.0,0.0,model4,9.0,False,6177.0
2059,2015-09-16T14:00:00Z,41.0,177.70658140170426,462.32048976212997,125.87038379369585,41.02568496550151,12.860705211438773,51.66497845126656,10.73935124646525,4.955708444413839,0.0,0.0,0.0,0.0,0.0,model4,9.0,False,6180.0
2060,2015-09-16T17:00:00Z,41.0,177.76487888576145,461.8374402865194,126.45362903515554,40.860511348052256,13.244697392907874,52.29574254160983,11.444259134372633,5.019515985559503,0.0,0.0,0.0,0.0,0.0,model4,9.0,False,6183.0
2061,2015-09-16T20:00:00Z,41.0,173.5133170142955,464.2231458977165,126.42078048630086,39.9886936134413,15.161535505402233,56.52401613143007,10.896551866125572,6.725157022521924,0.0,0.0,0.0,0.0,0.0,model4,9.0,False,6186.0
2062,2015-09-16T23:00:00Z,41.0,172.3208880043887,461.1594331320848,125.72780400346892,39.48861148854575,14.647079366807619,58.07293945535468,10.142452242996015,6.547481585140505,0.0,0.0,0.0,0.0,0.0,model4,9.0,False,6189.0
2063,2015-09-17T02:00:00Z,41.0,169.05342963837097,458.6228696632968,122.55164994976386,39.712484303527816,15.500100175930458,65.1190712647508,14.734792623738835,6.410601238281388,0.0,0.0,0.0,0.0,0.0,model4,9.0,False,6192.0
2064,2015-09-17T05:00:00Z,41.0,168.83821699267602,455.994139950086,118.63905477865863,39.49485824149254,14.796806008019715,60.876276392797784,17.20674059987444,6.360112785010744,0.0,0.0,0.0,0.0,0.0,model4,9.0,False,6195.0
2065,2015-09-17T08:00:00Z,41.0,166.99610932335563,446.36528309614573,115.06963272569557,39.79728895992593,14.373006379155091,63.89574038697463,19.218860996115765,5.996135398584143,0.0,0.0,0.0,0.0,0.0,model4,9.0,False,6198.0
2066,2015-09-17T11:00:00Z,41.0,167.12362399991414,455.6110851183808,111.78974440675256,39.63334113762503,16.998378833974975,61.06878110661356,19.312952706148,5.685488452942798,0.0,0.0,0.0,0.0,0.0,model4,9.0,False,6201.0
2067,2015-09-17T14:00:00Z,41.0,165.85054249366698,450.835983073718,110.51289007722214,39.069943061581604,16.823744996803025,60.19039702271085,18.381415499005858,5.622666403254424,0.0,0.0,0.0,0.0,0.0,model4,9.0,False,6204.0
2068,2015-09-17T17:00:00Z,41.0,168.07783901089684,449.5091268219802,107.00916089200123,39.45562976508237,17.643221667536235,58.629226330461734,16.43292703752253,6.180576270976862,0.0,0.0,0.0,0.0,0.0,model4,9.0,False,6207.0
2069,2015-09-17T20:00:00Z,41.0,169.2518279301589,441.5099687753013,102.64696395562711,39.78435543234309,17.574899330208346,50.442331558422424,13.259634121204028,4.385571868934743,0.0,0.0,0.0,0.0,0.0,model4,9.0,False,6210.0
2070,2015-09-17T23:00:00Z,41.0,168.3702755089464,445.92248382579413,99.67970760723507,39.89158890894705,16.991806162193278,55.00937291441402,10.114784080681327,4.1552510105427,0.0,0.0,0.0,0.0,0.0,model4,9.0,False,6213.0
2071,2015-09-18T02:00:00Z,41.0,170.42124994506054,449.2677658970266,99.73327738476485,39.23713611598571,15.000976444660134,50.24679114356469,9.357301345187746,4.307587663527198,0.0,0.0,0.0,0.0,0.0,model4,9.0,False,6216.0
2072,2015-09-18T05:00:00Z,41.0,169.83154407232186,444.8632026374473,99.05022834604286,39.31925619052386,15.224115140850476,51.99486931075365,9.98008802652021,4.308474629362573,0.0,0.0,0.0,0.0,0.0,model4,9.0,False,6219.0
2073,2015-09-18T08:00:00Z,41.0,172.04813367849442,455.2805054556491,101.1661546888106,39.3720432233499,15.497392605043585,51.05769877211472,9.95835332575842,4.41997024393786,0.0,0.0,0.0,0.0,0.0,model4,9.0,False,6222.0
2074,2015-09-18T11:00:00Z,41.0,172.4092585553629,450.0357114856868,101.41625246277573,39.756294839843534,12.922499872964686,50.739929725143575,10.639350307719234,4.881920652765232,0.0,0.0,0.0,0.0,0.0,model4,9.0,False,6225.0
2075,2015-09-18T14:00:00Z,41.0,172.7230433552953,450.8451157167789,97.27824293455126,39.86898302885314,13.025559721623813,52.56592293215585,10.344598084092544,4.830694973187935,0.0,0.0,0.0,0.0,0.0,model4,9.0,False,6228.0
2076,2015-09-18T17:00:00Z,41.0,170.41041551277058,450.2230099550366,95.63146384358944,38.53340468130482,12.929236670483773,51.6317801380897,10.838661947698405,4.762990799020939,0.0,0.0,0.0,0.0,0.0,model4,9.0,False,6231.0
2077,2015-09-18T20:00:00Z,41.0,170.2317321187777,443.66343840522245,96.61070281138564,38.73966085516378,11.70979696898103,51.264815739673224,11.999590752966164,4.776478689806262,0.0,0.0,0.0,0.0,0.0,model4,9.0,False,6234.0
2078,2015-09-18T23:00:00Z,41.0,168.93108547996877,432.5716136847792,96.09242184128172,38.65697046808971,13.703153939931786,47.28008754930012,11.770565269298446,4.784494550472958,0.0,0.0,0.0,0.0,0.0,model4,9.0,False,6237.0
2079,2015-09-19T02:00:00Z,41.0,167.327372137522,432.78348680649856,96.28605499617235,39.39970685884182,15.268389685861932,44.452993259932356,12.512402837119152,5.010518591864411,0.0,0.0,0.0,0.0,0.0,model4,9.0,False,6240.0
2080,2015-09-19T05:00:00Z,41.0,167.47639978031378,441.5292660469052,97.3282101122515,39.74125986081814,15.367554443576285,46.535792564007046,12.159907799297386,5.1621931822649145,0.0,0.0,0.0,0.0,0.0,model4,9.0,False,6243.0
2081,2015-09-19T08:00:00Z,41.0,165.1457862110321,440.2294655859484,96.78308330253547,39.43784639851194,14.314653653327769,43.82254465246217,12.677768810906565,5.542681233886997,0.0,0.0,0.0,0.0,0.0,model4,9.0,False,6246.0
2082,2015-09-19T11:00:00Z,41.0,165.09988304486743,435.7197699216165,96.29491785694417,39.095521215389034,14.076208027376001,49.18030405695429,11.938583751876555,5.1450137233771125,0.0,0.0,0.0,0.0,0.0,model4,9.0,False,6249.0
2083,2015-09-19T14:00:00Z,41.0,164.8544915166953,441.12822771962135,99.38763715217564,39.22835321206483,13.900531903209707,51.67113084213339,11.68548759109993,5.426752275181806,0.0,0.0,0.0,0.0,0.0,model4,9.0,False,6252.0
2084,2015-09-19T17:00:00Z,41.0,165.49009846343162,448.8800485470931,100.9891636882482,40.10937523917062,15.019497590155654,59.181511490707216,10.569151563571232,4.611058284372539,0.0,0.0,0.0,0.0,0.0,model4,9.0,False,6255.0
2085,2015-09-19T20:00:00Z,41.0,164.80343178005486,453.0375315588125,100.12383478557872,40.4275292209742,15.57947168358829,58.638887373860435,10.011382150419962,4.84168943359632,0.0,0.0,0.0,0.0,0.0,model4,9.0,False,6258.0
2086,2015-09-19T23:00:00Z,41.0,167.96200046008528,456.1821460495234,100.28332554902694,40.15906894711497,16.638471307021025,55.43409245508389,9.608417997978924,5.021148632049374,0.0,0.0,0.0,0.0,0.0,model4,9.0,False,6261.0
2087,2015-09-20T02:00:00Z,41.0,169.96640468706318,446.8508269227353,101.36069182594143,39.74525207123391,15.611113911380484,58.13680081431077,8.91832198829773,5.080309443881081,0.0,0.0,0.0,0.0,0.0,model4,9.0,False,6264.0
2088,2015-09-20T05:00:00Z,41.0,171.5155947507287,440.6567827742289,101.35873175049805,38.99345488651127,15.240908033766456,55.68385748926988,9.279035457713736,5.186472092565147,0.0,0.0,0.0,0.0,0.0,model4,9.0,False,6267.0
2089,2015-09-20T08:00:00Z,41.0,172.48680517207092,439.2914744659065,100.96091595318813,38.8370274689619,15.131378121974606,56.01171162073671,8.117236793282004,4.7586587212420985,0.0,0.0,0.0,0.0,0.0,model4,9.0,False,6270.0
2090,2015-09-20T11:00:00Z,41.0,171.30218256171653,444.8581916094343,101.78996921128706,38.55683325293568,17.224863906376395,51.64205145103941,9.492271995376953,4.6838325982818585,0.0,0.0,0.0,0.0,0.0,model4,9.0,False,6273.0
2091,2015-09-20T14:00:00Z,41.0,170.180635197051,440.21156477648077,100.77448432563163,38.90050880974293,17.289857495331795,47.572982138659704,8.929131398636233,4.408517716742748,0.0,0.0,0.0,0.0,0.0,model4,9.0,False,6276.0
2092,2015-09-20T17:00:00Z,41.0,169.22074114710173,443.5907639611247,99.62319842497992,38.40332846130745,15.76032629304844,49.82291293026734,9.88701741604943,4.7255762639475645,0.0,0.0,0.0,0.0,0.0,model4,9.0,False,6279.0
2093,2015-09-20T20:00:00Z,41.0,171.27286472153082,447.5683590905391,99.98605205994936,37.93141977181365,16.100266313840187,51.937615060177,9.929732768870943,4.26392369730613,0.0,0.0,0.0,0.0,0.0,model4,9.0,False,6282.0
2094,2015-09-20T23:00:00Z,41.0,168.55078949926198,451.95377289079215,100.21089819238593,38.48623505580205,15.91484786651208,55.11919940340531,9.964003066245962,4.558795346449542,0.0,0.0,0.0,0.0,0.0,model4,9.0,False,6285.0
2095,2015-09-21T02:00:00Z,41.0,168.61226403680132,457.5996929469512,98.05838052052704,38.2043947836655,16.32256241471656,50.29951508431058,10.323700318294843,4.146015309686404,0.0,0.0,0.0,0.0,0.0,model4,9.0,False,6288.0
2096,2015-09-21T05:00:00Z,41.0,167.77690748050574,458.3484938245868,98.98645159253128,38.768343487906535,17.14836025598546,51.89590199685411,10.314721662051939,4.240503786085248,0.0,0.0,0.0,0.0,0.0,model4,9.0,False,6291.0
2097,2015-09-21T08:00:00Z,41.0,167.71856683526659,456.75588510093513,98.59117914600849,38.29453723367629,17.488170122367976,50.32083495482903,10.241707552083508,4.318122262481252,0.0,0.0,0.0,0.0,0.0,model4,9.0,False,6294.0
2098,2015-09-21T11:00:00Z,41.0,167.65688697517803,453.7754444212397,98.57329194801184,38.81798559684115,15.438353176294164,51.24639280164503,8.736654612513172,4.428616073905278,0.0,0.0,0.0,0.0,0.0,model4,9.0,False,6297.0
2099,2015-09-21T14:00:00Z,41.0,169.38304420190002,446.76276623831666,99.51624580045427,38.785692400575755,14.986874995294885,55.90089813383037,9.606275318463506,4.341666917255217,0.0,0.0,0.0,0.0,0.0,model4,9.0,False,6300.0
2100,2015-09-21T17:00:00Z,41.0,169.04219182045082,441.7892718565098,101.22377237668665,38.980827399763314,15.889490609121944,47.90840610543472,8.85306541063976,4.067714665076222,0.0,0.0,0.0,0.0,0.0,model4,9.0,False,6303.0
2101,2015-09-21T20:00:00Z,41.0,171.2017333962786,438.66218480153435,102.082165269518,39.445216623300425,16.626800295807033,43.929717657324964,9.042263583936114,4.270539708849989,0.0,0.0,0.0,0.0,0.0,model4,9.0,False,6306.0
2102,2015-09-21T23:00:00Z,41.0,172.20192812107334,433.09778513393127,101.83358600900465,39.03526931674649,15.317945078073526,40.26779723484511,9.569997741753722,4.079345680798831,0.0,0.0,0.0,0.0,0.0,model4,9.0,False,6309.0
2103,2015-09-22T02:00:00Z,41.0,171.0575063266195,432.4419781724134,103.00362010812538,39.15003612290422,14.876652037864973,39.891063094436774,9.349622470746832,4.8795657047262635,0.0,0.0,0.0,0.0,0.0,model4,9.0,False,6312.0
2104,2015-09-22T05:00:00Z,41.0,172.55007115347732,435.54774444027163,102.49193394200536,39.051350915240974,13.834472951676435,44.173025031464384,9.536628360027454,4.623331730881938,0.0,0.0,0.0,0.0,0.0,model4,9.0,False,6315.0
2105,2015-09-22T08:00:00Z,41.0,173.09272900684158,439.30509711523,103.31389286555773,39.639377772226936,12.979530897043006,46.7933971750696,10.150317309188981,4.647720274765498,0.0,0.0,0.0,0.0,0.0,model4,9.0,False,6318.0
2106,2015-09-22T11:00:00Z,41.0,174.94128651789453,444.84315240043816,103.37820429081593,39.12036457656219,12.815179848466814,47.641380808361596,10.323037728182973,4.77947222658532,0.0,0.0,0.0,0.0,0.0,model4,9.0,False,6321.0
2107,2015-09-22T14:00:00Z,41.0,174.77825140087052,457.2246773919597,102.85224968217928,38.84441479852423,15.301654038028948,44.276439967626544,10.339612479776383,4.849880520782347,0.0,0.0,0.0,0.0,0.0,model4,9.0,False,6324.0
2108,2015-09-22T17:00:00Z,41.0,174.7756161443333,454.740846351869,102.18694806878187,38.95114920212861,14.906449638688636,42.7725136649364,10.505971246489077,5.229686805317502,0.0,0.0,0.0,0.0,0.0,model4,9.0,False,6327.0
2109,2015-09-22T20:00:00Z,41.0,172.79837107332557,461.20211343333517,101.5333440250042,38.56496381971503,14.200634307118074,53.868973232911024,9.975720715460202,5.015590336296653,0.0,0.0,0.0,0.0,0.0,model4,9.0,False,6330.0
2110,2015-09-22T23:00:00Z,41.0,172.2052385486689,464.1529775888271,102.25052730019743,38.23648973946355,13.85655484882323,50.800942554640685,9.738140759285344,5.2627001122726265,0.0,0.0,0.0,0.0,0.0,model4,9.0,False,6333.0
2111,2015-09-23T02:00:00Z,41.0,172.61506610387283,464.40713682533067,101.47612140892812,38.14537577930496,14.013648294163485,51.3801194999484,9.470412010817787,4.5535733653541,0.0,0.0,0.0,0.0,0.0,model4,9.0,False,6336.0
2112,2015-09-23T05:00:00Z,41.0,171.4450842976885,465.56743344202806,100.21660960061027,38.34239294019898,14.634026786957312,44.46046748205747,10.433686990862013,4.748332200192442,0.0,0.0,0.0,0.0,0.0,model4,9.0,False,6339.0
2113,2015-09-23T08:00:00Z,41.0,171.9349460956965,461.88785651971915,99.49810355290366,38.74472533539634,15.347923950123654,45.94313241214609,9.814585843846757,4.962618207146506,0.0,0.0,0.0,0.0,0.0,model4,9.0,False,6342.0
2114,2015-09-23T11:00:00Z,41.0,171.3518739123065,463.4592623743636,99.87514366254871,38.9626131258109,16.024731627049743,47.55243335442571,9.822069842524886,4.819578975789882,0.0,0.0,0.0,0.0,0.0,model4,9.0,False,6345.0
2115,2015-09-23T14:00:00Z,41.0,170.64928850267316,451.04955256025414,98.42609756951158,38.22017462593449,14.500634494164276,53.608703566764966,9.439897537922917,4.811351820599596,0.0,0.0,0.0,0.0,0.0,model4,9.0,False,6348.0
2116,2015-09-23T17:00:00Z,41.0,170.58606711898491,449.96753018241725,98.79624088768016,38.57518712022909,15.513232262696473,53.30231390636655,9.386458600000434,4.6478676587860654,0.0,0.0,0.0,0.0,0.0,model4,9.0,False,6351.0
2117,2015-09-23T20:00:00Z,41.0,171.38606010680098,443.0658558041341,97.34225087290496,38.028578431597744,14.589962423277562,41.19862733988417,9.670038588800251,5.159386627972495,0.0,0.0,0.0,0.0,0.0,model4,9.0,False,6354.0
2118,2015-09-23T23:00:00Z,41.0,171.09352843223337,450.2939594412542,95.81463961749942,38.4064235428193,15.888028415888044,44.93866383878546,9.45047893693349,4.857597553346347,0.0,0.0,0.0,0.0,0.0,model4,9.0,False,6357.0
2119,2015-09-24T02:00:00Z,41.0,171.91392243379312,453.0800068551735,97.61727590981435,38.51473184307683,15.799779117798412,44.58744547895269,9.753911845994132,5.051096534094533,0.0,0.0,0.0,0.0,0.0,model4,9.0,False,6360.0
2120,2015-09-24T05:00:00Z,41.0,173.65679398118553,451.9552867795495,98.61944759697315,38.7416849452933,15.431005699174898,44.31194741385478,10.933788312357711,5.392097252143189,0.0,0.0,0.0,0.0,0.0,model4,9.0,False,6363.0
2121,2015-09-24T08:00:00Z,41.0,170.15070273621072,450.33538563958876,98.64652376703545,38.79473530689946,16.702547095176644,46.83711619615897,10.510910529291124,5.077894565756002,0.0,0.0,0.0,0.0,0.0,model4,9.0,False,6366.0
2122,2015-09-24T11:00:00Z,41.0,168.65546499785896,450.46300449052325,97.19480814729161,39.044721276423545,16.152639921856938,46.31171849269632,9.850152698624314,5.110190124620138,0.0,0.0,0.0,0.0,0.0,model4,9.0,False,6369.0
2123,2015-09-24T14:00:00Z,41.0,169.3730706432762,456.24780419172,98.62857127283395,40.03324137348497,15.813209774729593,39.171499929768636,9.95089580154738,4.654842130263343,0.0,0.0,0.0,0.0,0.0,model4,9.0,False,6372.0
2124,2015-09-24T17:00:00Z,41.0,170.2990008268288,455.0895518713482,97.35210562237856,39.896634869576246,14.791898924621165,42.051771389410035,10.473724411332203,4.660044044091778,0.0,0.0,0.0,0.0,0.0,model4,9.0,False,6375.0
2125,2015-09-24T20:00:00Z,41.0,168.61339729388703,458.0641857035052,97.24760791507305,40.05994548044927,14.860603927147233,42.22259822330455,10.546340533133627,4.275375459454924,0.0,0.0,0.0,0.0,0.0,model4,9.0,False,6378.0
2126,2015-09-24T23:00:00Z,41.0,171.3307471346131,449.93692898805125,97.67801905682572,40.46872119630021,14.94929979021304,38.39016335549357,11.102564055850882,4.2358598206996385,0.0,0.0,0.0,0.0,0.0,model4,9.0,False,6381.0
2127,2015-09-25T02:00:00Z,41.0,171.48996142273128,449.2797285755858,96.1727306885444,40.37706297409374,14.852014397414019,38.19307603167579,10.70479192259659,3.999008563954056,0.0,0.0,0.0,0.0,0.0,model4,9.0,False,6384.0
2128,2015-09-25T05:00:00Z,41.0,170.49722665514187,451.6512931407155,96.01820769172019,40.22309447592312,16.19847703624632,39.75895546991022,8.130192376947374,4.29901324112908,0.0,0.0,0.0,0.0,0.0,model4,9.0,False,6387.0
2129,2015-09-25T08:00:00Z,41.0,172.10167824072533,457.1880332620688,96.47517062846089,39.677530972889,15.158126974324365,35.98229727175528,8.446707076314999,4.234562346614708,0.0,0.0,0.0,0.0,0.0,model4,9.0,False,6390.0
2130,2015-09-25T11:00:00Z,41.0,171.45723987751992,456.27901990008246,96.6562650260182,39.464065747834134,15.784981849161852,47.3633959771916,9.808826494805391,4.223360409761508,0.0,0.0,0.0,0.0,0.0,model4,9.0,False,6393.0
2131,2015-09-25T14:00:00Z,41.0,169.68020591569712,458.0138401719399,96.34524572705601,38.79181727432007,16.227782883954614,46.54582289778885,9.883439864180144,4.598022772902275,0.0,0.0,0.0,0.0,0.0,model4,9.0,False,6396.0
2132,2015-09-25T17:00:00Z,41.0,168.6677658345206,445.27901470733804,97.8731289356287,38.422211011922435,16.137044947737017,60.37187890455634,9.838682062135584,4.513405651140956,0.0,0.0,0.0,0.0,0.0,model4,9.0,False,6399.0
2133,2015-09-25T20:00:00Z,41.0,171.71681970027575,440.26363094125406,99.92570838323401,39.066108197272094,18.22974275719346,58.911516972032786,10.300144513446345,5.511092900728295,0.0,0.0,0.0,0.0,0.0,model4,9.0,False,6402.0
2134,2015-09-25T23:00:00Z,41.0,170.4870640307604,443.03083704737037,100.99489245189443,39.15340766120788,18.972843188541226,63.540276473821976,9.377208357468898,5.6036185432864345,0.0,0.0,0.0,0.0,0.0,model4,9.0,False,6405.0
2135,2015-09-26T02:00:00Z,41.0,170.292234749585,437.902152636482,102.1284765155882,39.59854638718122,18.81991158226505,64.22971364493054,8.930173699623449,5.813155146244338,0.0,0.0,0.0,0.0,0.0,model4,9.0,False,6408.0
2136,2015-09-26T05:00:00Z,41.0,167.6950653249526,439.17247129460543,101.31462129196808,38.978770739337136,18.88994648771332,63.704119491051166,9.536381619337146,5.2290898102419865,0.0,0.0,0.0,0.0,0.0,model4,9.0,False,6411.0
2137,2015-09-26T08:00:00Z,41.0,171.2896561218624,433.14349610419936,100.99672036492215,38.92755177908994,20.793268639630128,62.73729779786778,10.16851392074332,5.250816823550999,0.0,0.0,0.0,0.0,0.0,model4,9.0,False,6414.0
2138,2015-09-26T11:00:00Z,41.0,173.64085117319885,432.82377573234606,101.96762713248914,39.09077226610717,20.46967386121285,54.19860738926941,8.696808515174261,5.2291067638385496,0.0,0.0,0.0,0.0,0.0,model4,9.0,False,6417.0
2139,2015-09-26T14:00:00Z,41.0,175.1068186359169,433.05073619100966,103.33087442020576,39.702029073278254,19.88233394594468,55.29138696023898,8.727832109382753,4.894626910832316,0.0,0.0,0.0,0.0,0.0,model4,9.0,False,6420.0
2140,2015-09-26T17:00:00Z,41.0,176.2776754655748,443.6745408506125,101.6146869567296,39.87755427885203,19.038862443432482,43.170671306862175,9.671775251790056,5.2426846102772,0.0,0.0,0.0,0.0,0.0,model4,9.0,False,6423.0
2141,2015-09-26T20:00:00Z,41.0,173.3130603931045,444.7832321799463,101.60536016820812,39.38589013757953,17.39806790202072,51.87017582938903,9.736715310353992,4.206594357630081,0.0,0.0,0.0,0.0,0.0,model4,9.0,False,6426.0
2142,2015-09-26T23:00:00Z,41.0,172.8618709609726,445.5229030838694,100.28302031994801,39.02726492784097,15.929911499036145,46.073682991130134,10.89255881720352,4.021707703267175,0.0,0.0,0.0,0.0,0.0,model4,9.0,False,6429.0
2143,2015-09-27T02:00:00Z,41.0,172.63758001750733,452.6653340747723,99.11925074304165,39.30573387681132,16.412063684545117,45.50809700254875,11.69484212346851,4.1288237821320894,0.0,0.0,0.0,0.0,0.0,model4,9.0,False,6432.0
2144,2015-09-27T05:00:00Z,41.0,172.5467386781381,448.54123810731204,100.84982668672951,39.60350162740918,16.034492014194,47.861819280427206,12.022741237860446,4.0747880891648665,0.0,0.0,0.0,0.0,0.0,model4,9.0,False,6435.0
2145,2015-09-27T08:00:00Z,41.0,171.33908887466748,451.85352465090347,100.76373388772345,39.599063077817256,13.79129408656574,48.44472037316101,11.454001885259313,4.082686809854232,0.0,0.0,0.0,0.0,0.0,model4,9.0,False,6438.0
2146,2015-09-27T11:00:00Z,41.0,169.35111694664704,452.9181445299031,100.98292764502938,39.37304089394157,13.058332842629975,48.411311553596704,11.781716046393864,4.558631138355572,0.0,0.0,0.0,0.0,0.0,model4,9.0,False,6441.0
2147,2015-09-27T14:00:00Z,41.0,168.79911890659668,451.3817612051085,99.99090160761688,38.7893841168943,12.51081712163456,50.39765709363927,11.178660666418645,4.731317758764186,0.0,0.0,0.0,0.0,0.0,model4,9.0,False,6444.0
2148,2015-09-27T17:00:00Z,41.0,168.08380411379372,452.5376744740152,101.35092026268616,39.268649602468365,13.544626385731005,51.669765370809394,10.802593955685749,4.335726379047169,0.0,0.0,0.0,0.0,0.0,model4,9.0,False,6447.0
2149,2015-09-27T20:00:00Z,41.0,167.71409350945032,459.07200307124185,100.25809495391779,39.35735428773201,13.584808202503574,47.991517660585565,9.960285380535954,4.1035688003364506,0.0,0.0,0.0,0.0,0.0,model4,9.0,False,6450.0
2150,2015-09-27T23:00:00Z,41.0,167.4077921213976,458.2862875733284,101.22823504442304,39.90791291013093,13.086151910156,51.110755694214475,8.276870817665618,4.4837258347787925,0.0,0.0,0.0,0.0,0.0,model4,9.0,False,6453.0
2151,2015-09-28T02:00:00Z,41.0,166.11281121498988,459.5552808323386,102.69103533548484,39.100662801434346,15.139443846677187,52.69959313319064,6.968807933512817,4.619795230297756,0.0,0.0,0.0,0.0,0.0,model4,9.0,False,6456.0
2152,2015-09-28T05:00:00Z,41.0,170.55294120220816,464.65070207124086,102.05538755032845,39.33708287895156,15.869597849548724,49.95057648523721,6.095703442784108,4.773052498501111,0.0,0.0,0.0,0.0,0.0,model4,9.0,False,6459.0
2153,2015-09-28T08:00:00Z,41.0,168.51636908366189,460.3912295506245,101.62706058814287,39.07644859873592,16.385503582838126,49.75609023358919,6.664909175811169,5.264822349473649,0.0,0.0,0.0,0.0,0.0,model4,9.0,False,6462.0
2154,2015-09-28T11:00:00Z,41.0,169.7364641008792,451.1942728587587,100.90287722716478,39.09763822884271,18.4520932600222,52.3068467320071,6.486048039581213,4.867414140809608,0.0,0.0,0.0,0.0,0.0,model4,9.0,False,6465.0
2155,2015-09-28T14:00:00Z,41.0,169.17790278924616,455.79668516574066,100.86149827103337,39.9191770986824,18.37544115416069,51.22210249938446,7.022946337200893,5.0080693708340105,0.0,0.0,0.0,0.0,0.0,model4,9.0,False,6468.0
2156,2015-09-28T17:00:00Z,41.0,170.94049233230288,457.50327591599023,100.26811625849732,39.26047851854951,19.13646435470069,50.44742211492734,6.340248938991321,5.015614875099329,0.0,0.0,0.0,0.0,0.0,model4,9.0,False,6471.0
2157,2015-09-28T20:00:00Z,41.0,172.80789967982145,456.136661229692,100.86403165557323,39.26853597727352,19.21555320569842,46.4557605971397,7.238632283554581,5.138877019705778,0.0,0.0,0.0,0.0,0.0,model4,9.0,False,6474.0
2158,2015-09-28T23:00:00Z,41.0,172.83372968467697,458.37304148387705,100.71318294349577,38.99825277536402,19.546504307748197,44.054658127408715,7.911102892045603,4.7631247233458724,0.0,0.0,0.0,0.0,0.0,model4,9.0,False,6477.0
2159,2015-09-29T02:00:00Z,41.0,174.34570357545962,456.0906705116375,99.29882785639809,38.9977291643614,17.879803750253142,40.54084890929807,8.115702589831594,4.404340784142471,0.0,0.0,0.0,0.0,0.0,model4,9.0,False,6480.0
2160,2015-09-29T05:00:00Z,41.0,173.14445265290402,456.7839672372174,99.38992252873379,39.122097877453896,16.696954945300366,46.58359201430825,8.094254739174405,4.574862637904153,0.0,0.0,0.0,0.0,0.0,model4,9.0,False,6483.0
2161,2015-09-29T08:00:00Z,41.0,174.76395091053047,454.27207043078425,99.5206223603177,40.57453354003804,15.61765625538182,51.69970133246542,8.222761050721164,4.844679987738272,0.0,0.0,0.0,0.0,0.0,model4,9.0,False,6486.0
2162,2015-09-29T11:00:00Z,41.0,175.02238856905137,455.04194220300883,99.76319339112939,40.298382532104725,14.272828333569489,50.45571586890415,8.347201028342067,5.167259995741577,0.0,0.0,0.0,0.0,0.0,model4,9.0,False,6489.0
2163,2015-09-29T14:00:00Z,41.0,177.03112634145214,448.72656645086573,99.19978848424685,39.98655306897039,13.865004863823607,48.701467052371406,9.266454908425727,4.786344300935632,0.0,0.0,0.0,0.0,0.0,model4,9.0,False,6492.0
2164,2015-09-29T17:00:00Z,41.0,176.91905512602318,449.10571248834435,100.71548219083036,40.07525292594473,13.804414646914985,45.512686939601146,9.943056648147136,4.8129057050643285,0.0,0.0,0.0,0.0,0.0,model4,9.0,False,6495.0
2165,2015-09-29T20:00:00Z,41.0,173.04135266352498,443.0923161537456,99.03367934630616,40.36985241795141,17.30937159882859,45.09827238151722,10.031114881017931,4.609203351174358,0.0,0.0,0.0,0.0,0.0,model4,9.0,False,6498.0
2166,2015-09-29T23:00:00Z,41.0,174.91661932485718,445.75959568843393,98.85244427486788,40.27663746901662,17.340188967899635,52.52288101096611,9.818888404306092,4.546585184996706,0.0,0.0,0.0,0.0,0.0,model4,9.0,False,6501.0
2167,2015-09-30T02:00:00Z,41.0,174.63798924784248,445.40657864379205,99.41378415206171,39.87908588031857,16.577842221555493,52.563566057215965,9.261859300458122,4.9220710772633565,0.0,0.0,0.0,0.0,0.0,model4,9.0,False,6504.0
2168,2015-09-30T05:00:00Z,41.0,172.7129583461309,441.0326135208357,98.55091130364036,39.05020298336133,18.35598398864701,45.0792056309266,9.385727154439586,4.771948665179026,0.0,0.0,0.0,0.0,0.0,model4,9.0,False,6507.0
2169,2015-09-30T08:00:00Z,41.0,170.78823816896562,443.7430711698372,97.90151140762951,38.03290189798177,18.87838924417202,40.23226910665302,9.460272980658164,3.871276966868423,0.0,0.0,0.0,0.0,0.0,model4,9.0,False,6510.0
2170,2015-09-30T11:00:00Z,41.0,169.21962000332704,452.21309960715377,98.10835558582242,38.34746823928935,18.065350208476392,39.30032525070065,9.554408841080502,3.9037173930960933,0.0,0.0,0.0,0.0,0.0,model4,9.0,False,6513.0
2171,2015-09-30T14:00:00Z,41.0,169.07344536238088,453.3541167591249,97.89387804551006,38.22686900935164,19.99143060199922,42.25109275336854,7.889063527486424,3.9275906935668963,0.0,0.0,0.0,0.0,0.0,model4,9.0,False,6516.0
2172,2015-09-30T17:00:00Z,41.0,168.50612366475934,459.79970996227684,96.78621326112288,39.02429023311518,18.59753516771116,46.0865027243912,7.959277224954892,4.1744484632177015,0.0,0.0,0.0,0.0,0.0,model4,9.0,False,6519.0
2173,2015-09-30T20:00:00Z,41.0,170.64277691895796,458.28830381924126,98.00250683010334,38.660072073948115,17.891420411775464,47.98040722477935,8.624403900154817,5.359209428503178,0.0,0.0,0.0,0.0,0.0,model4,9.0,False,6522.0
2174,2015-09-30T23:00:00Z,41.0,167.82684926407887,453.6225122315147,98.88910862558895,38.33074457714357,18.024814469854,44.52697243970543,8.981395531754153,5.367035368815303,0.0,0.0,0.0,0.0,0.0,model4,9.0,False,6525.0
2175,2015-10-01T02:00:00Z,41.0,168.06901127343545,455.47215350519537,99.74201359197457,38.844958442255226,18.065528037989267,47.1922659773925,9.749737340735855,5.188565384629495,0.0,0.0,0.0,0.0,0.0,model4,9.0,False,6528.0
2176,2015-10-01T05:00:00Z,41.0,168.6665321789134,461.507212839978,100.64130970702897,39.24592137370821,16.368648653138848,49.14677360249307,10.12046395035914,5.1021615499863735,0.0,0.0,0.0,0.0,0.0,model4,9.0,False,6531.0
2177,2015-10-01T08:00:00Z,41.0,168.60065315872518,461.1711399028016,100.83103545574468,39.742728715482,15.661465245254107,53.37744182528093,10.193471881426255,5.006596024907976,0.0,0.0,0.0,0.0,0.0,model4,9.0,False,6534.0
2178,2015-10-01T11:00:00Z,41.0,169.78561921536095,457.44740209758163,101.0036660987578,39.919843505530665,16.639494918871847,56.902086736751755,10.73905839403824,4.859964374580763,0.0,0.0,0.0,0.0,0.0,model4,9.0,False,6537.0
2179,2015-10-01T14:00:00Z,41.0,168.3070343547293,462.2192362918978,102.33350869477152,40.047481609663656,13.634890583706484,57.03031944691195,11.73303274736424,4.863585885550597,0.0,0.0,0.0,0.0,0.0,model4,9.0,False,6540.0
2180,2015-10-01T17:00:00Z,41.0,168.8913319505351,456.8373724769795,103.28810538761536,39.13402333068397,15.72145772904108,54.479795394470536,11.168868871853325,5.767493313661951,0.0,0.0,0.0,0.0,0.0,model4,9.0,False,6543.0
2181,2015-10-01T20:00:00Z,41.0,169.3587173893358,460.8236662022898,102.00156626306364,38.653189034021004,14.055928606484814,54.50295484704878,11.437820626978073,5.252099537568303,0.0,0.0,0.0,0.0,0.0,model4,9.0,False,6546.0
2182,2015-10-01T23:00:00Z,41.0,171.3501151453253,461.53985830984476,103.551808057315,38.48274982547904,12.577664038420744,55.02271712126398,12.634984925312304,5.532553342133513,0.0,0.0,0.0,0.0,0.0,model4,9.0,False,6549.0
2183,2015-10-02T02:00:00Z,41.0,170.9428224274205,458.2283793056536,102.9701287828288,38.37546042047994,14.133340689655707,54.349303983897656,12.347889773044347,5.909947976668708,0.0,0.0,0.0,0.0,0.0,model4,9.0,False,6552.0
2184,2015-10-02T05:00:00Z,41.0,172.0534681017186,451.4333967365361,102.98569719112966,38.533230191202826,15.956034614001135,55.916742571182574,12.539551176995698,6.170056593547031,0.0,0.0,0.0,0.0,0.0,model4,9.0,False,6555.0
2185,2015-10-02T08:00:00Z,41.0,175.6155300014838,458.8684592092899,103.38796529437477,39.064072227118295,16.991252545067653,51.354033103468865,12.077851298417569,6.713439391233371,0.0,0.0,0.0,0.0,0.0,model4,9.0,False,6558.0
2186,2015-10-02T11:00:00Z,41.0,177.07606485627412,458.3669607393911,104.0866114718177,38.6606080369421,16.130873038429634,48.43526444202393,11.760111917890644,6.675044175898491,0.0,0.0,0.0,0.0,0.0,model4,9.0,False,6561.0
2187,2015-10-02T14:00:00Z,41.0,181.39465031943953,456.7673470610473,103.66648233964636,38.984366448193114,17.785249736962317,46.19885228951715,11.02280573554264,6.938943842952144,0.0,0.0,0.0,0.0,0.0,model4,9.0,False,6564.0
2188,2015-10-02T17:00:00Z,41.0,182.2465977187075,451.82892736583887,102.98564022076886,39.73681562900539,16.253104003044836,49.90784998036896,10.96812941821584,6.113787627716127,0.0,0.0,0.0,0.0,0.0,model4,9.0,False,6567.0
2189,2015-10-02T20:00:00Z,41.0,187.3697787322308,451.9018629014583,103.09037214304249,40.60713736024896,18.822515150310927,46.07726774190529,10.839733548632536,5.429112430031536,0.0,0.0,0.0,0.0,0.0,model4,9.0,False,6570.0
2190,2015-10-02T23:00:00Z,41.0,189.49391038364803,451.6517446439588,99.57595705793487,40.3179747832892,18.80059013101696,42.765101222351106,10.647579693737637,5.602429712164545,0.0,0.0,0.0,0.0,0.0,model4,9.0,False,6573.0
2191,2015-10-03T02:00:00Z,41.0,191.57627901896802,453.9157706247564,99.47737360534805,40.34326981106815,16.098746046350847,42.9625434222816,10.590953997924856,5.1326089757736275,0.0,0.0,0.0,0.0,0.0,model4,9.0,False,6576.0
2192,2015-10-03T05:00:00Z,41.0,191.55043218655618,460.17429196033567,98.7604347938244,40.932761956015675,14.869003235322376,42.40908634265948,9.982038328235117,5.261128890571338,0.0,0.0,0.0,0.0,0.0,model4,9.0,False,6579.0
2193,2015-10-03T08:00:00Z,41.0,192.04914828017638,453.620914606645,99.70347343951909,39.75741880710286,14.710079362974108,43.71060100371759,10.026326357260118,4.595433241519035,0.0,0.0,0.0,0.0,0.0,model4,9.0,False,6582.0
2194,2015-10-03T11:00:00Z,41.0,191.6401138567734,461.08588191916425,97.65210257482815,40.384609844044334,17.831901057577483,45.11658693070466,9.374199435155063,4.552020470465705,0.0,0.0,0.0,0.0,0.0,model4,9.0,False,6585.0
2195,2015-10-03T14:00:00Z,41.0,190.79818912142213,466.1173988121019,96.88711184403965,39.93546930839501,17.68720416543773,46.526344567777976,9.315221992365,4.179931512316308,0.0,0.0,0.0,0.0,0.0,model4,9.0,False,6588.0
2196,2015-10-03T17:00:00Z,41.0,191.12919674817863,474.45168530238783,96.45237889560929,39.598956017519924,18.69256374409252,41.879518159718145,8.70657398136197,4.050609926777995,0.0,0.0,0.0,0.0,0.0,model4,9.0,False,6591.0
2197,2015-10-03T20:00:00Z,41.0,186.63269077742737,472.312481929915,96.36382422087792,39.329223660203965,17.278107572775813,44.894622695359075,8.974457633315431,4.149419575143556,0.0,0.0,0.0,0.0,0.0,model4,9.0,False,6594.0
2198,2015-10-03T23:00:00Z,41.0,185.7757128833684,477.2462746035998,97.30999146285404,40.161745411472346,17.630688732372146,44.2823006512496,7.577740817103104,3.5342868842772783,0.0,0.0,0.0,0.0,0.0,model4,9.0,False,6597.0
2199,2015-10-04T02:00:00Z,41.0,185.68130130818759,479.62318524396966,97.17778049011524,40.53901918721974,18.009993100478003,41.91307788928537,7.49584011228086,3.2404845222863656,0.0,0.0,0.0,0.0,0.0,model4,9.0,False,6600.0
2200,2015-10-04T05:00:00Z,41.0,185.67534878942607,470.12013411783835,96.99484786969406,38.63249056750449,17.974140338382032,45.38474792905714,10.071925474810227,3.873839435241933,0.0,0.0,0.0,0.0,0.0,model4,9.0,False,6603.0
2201,2015-10-04T08:00:00Z,41.0,182.62581391999248,474.3858971402497,96.26336885898235,39.00213704581861,18.642820943652307,41.05973281224529,9.94800449145697,4.439097792097084,0.0,0.0,0.0,0.0,0.0,model4,9.0,False,6606.0
2202,2015-10-04T11:00:00Z,41.0,183.3223369860064,474.4481787834889,96.68150244159443,39.089801255945396,15.39431625208533,40.45152583408023,9.584994759109266,4.713434486018474,0.0,0.0,0.0,0.0,0.0,model4,9.0,False,6609.0
2203,2015-10-04T14:00:00Z,41.0,180.05839587605382,466.72656397751365,96.67788112756156,39.15612225013196,14.887397806671824,40.47796436115462,9.053471850024069,4.772461802183262,0.0,0.0,0.0,0.0,0.0,model4,9.0,False,6612.0
2204,2015-10-04T17:00:00Z,41.0,178.0531281580936,458.0047091841298,97.06769392987628,39.34082960063919,13.259884896126852,47.60496173965801,9.4005550549282,5.00363211240924,0.0,0.0,0.0,0.0,0.0,model4,9.0,False,6615.0
2205,2015-10-04T20:00:00Z,41.0,176.3982254188486,458.7686372902825,98.33658685060638,39.40078197263685,14.657893031930099,50.30011125993265,10.039622980242283,5.297160892821935,0.0,0.0,0.0,0.0,0.0,model4,9.0,False,6618.0
2206,2015-10-04T23:00:00Z,41.0,172.94749605911113,451.14585661623306,98.08977273236604,38.20370882725537,14.733676960966372,53.972591891121255,10.595135823604585,6.025819673452393,0.0,0.0,0.0,0.0,0.0,model4,9.0,False,6621.0
2207,2015-10-05T02:00:00Z,41.0,171.3624577029822,441.41596954386864,98.65076646241751,37.8915601496981,13.055171010631867,55.195207967290614,10.751161397728172,6.5302163899319385,0.0,0.0,0.0,0.0,0.0,model4,9.0,False,6624.0
2208,2015-10-05T05:00:00Z,41.0,170.5137761242709,442.77074014873887,100.60290776581957,39.16102938111761,12.48374107897264,54.125119951573744,9.622150825178247,6.468670031858431,0.0,0.0,0.0,0.0,0.0,model4,9.0,False,6627.0
2209,2015-10-05T08:00:00Z,41.0,173.21394162594225,435.9387636840066,100.37611050115795,39.24039215263929,14.679712911253866,56.15666144397307,10.120356299239836,6.264464750317402,0.0,0.0,0.0,0.0,0.0,model4,9.0,False,6630.0
2210,2015-10-05T11:00:00Z,41.0,172.29741877217697,430.88410926286286,100.98641610018984,38.74089984741404,14.362828116321365,52.31067640407524,10.409073947484464,6.260813242724318,0.0,0.0,0.0,0.0,0.0,model4,9.0,False,6633.0
2211,2015-10-05T14:00:00Z,41.0,173.1920417030592,428.1286947457769,100.5348866719334,38.62111269610854,14.419071915884096,51.68487205901929,10.998608256970305,6.178040836947522,0.0,0.0,0.0,0.0,0.0,model4,9.0,False,6636.0
2212,2015-10-05T17:00:00Z,41.0,171.6954532240499,427.82012096665335,100.84090489850956,38.24056376440283,15.249706068027427,50.09163820608531,13.108301859955905,6.033749995729046,0.0,0.0,0.0,0.0,0.0,model4,9.0,False,6639.0
2213,2015-10-05T20:00:00Z,41.0,172.15719948367214,423.5269782282559,101.73943229530295,38.11146568748495,13.918017705421867,45.49664350187176,12.137833867127194,5.986713305541749,0.0,0.0,0.0,0.0,0.0,model4,9.0,False,6642.0
2214,2015-10-05T23:00:00Z,41.0,173.7838714842516,417.5800089170292,102.64002831974268,39.57712333910937,12.393545675066981,42.02543922269733,12.098832304971735,5.2458203418004965,0.0,0.0,0.0,0.0,0.0,model4,9.0,False,6645.0
2215,2015-10-06T02:00:00Z,41.0,172.88884701706428,422.5039128804752,102.56676090920601,40.36586369198979,13.040971868952596,43.07639360094703,12.240813125910304,4.762629272255814,0.0,0.0,0.0,0.0,0.0,model4,9.0,False,6648.0
2216,2015-10-06T05:00:00Z,41.0,172.45952593037987,425.6413821944647,102.19323161146696,39.828551255840495,13.301843424192333,43.80853102136955,12.094334450849287,4.540451457304167,0.0,0.0,0.0,0.0,0.0,model4,9.0,False,6651.0
2217,2015-10-06T08:00:00Z,41.0,170.25673569712998,427.84781557213313,102.89932838650215,39.53743206061132,10.642711883612419,43.61697099169484,11.630431727234692,4.415439625190194,0.0,0.0,0.0,0.0,0.0,model4,9.0,False,6654.0
2218,2015-10-06T11:00:00Z,41.0,169.1931214944243,418.8515559105912,103.62587161692396,39.22410308700483,10.74106100970655,41.72103695916838,12.726098433574656,4.3438462779711315,0.0,0.0,0.0,0.0,0.0,model4,9.0,False,6657.0
2219,2015-10-06T14:00:00Z,41.0,169.50333059758626,427.38650486782683,105.50687074565651,39.46265491156456,13.192817960504012,47.96016399433054,12.310680065316848,4.714122309343517,0.0,0.0,0.0,0.0,0.0,model4,9.0,False,6660.0
2220,2015-10-06T17:00:00Z,41.0,168.70807773932958,427.3209731693755,105.82692608337128,40.210604801320976,15.125504203918945,45.735224965552035,10.314626026275198,4.915943024720076,0.0,0.0,0.0,0.0,0.0,model4,9.0,False,6663.0
2221,2015-10-06T20:00:00Z,41.0,169.8854740779268,434.0933947102614,105.0289768212059,40.465484641752795,15.32791926998923,51.82365784270833,10.631527285489977,4.441769609615156,0.0,0.0,0.0,0.0,0.0,model4,9.0,False,6666.0
2222,2015-10-06T23:00:00Z,41.0,171.00710086369142,440.6480212253359,105.51609356847383,40.271142654490035,16.45610778316031,49.510242115533465,9.737379289066766,4.466982410747534,0.0,0.0,0.0,0.0,0.0,model4,9.0,False,6669.0
2223,2015-10-07T02:00:00Z,41.0,170.0968581021547,442.77768973646965,106.37421800256979,39.78185489511945,17.689242328400432,56.99287727563275,9.668163010032645,4.607589804211083,0.0,1.0,0.0,0.0,0.0,model4,9.0,False,6672.0
2224,2015-10-07T05:00:00Z,41.0,169.69166387057467,441.7855616711496,106.33988621500973,40.511136608986014,17.780626096627078,57.76791156794017,9.233459244378887,4.241034842692554,0.0,1.0,0.0,0.0,0.0,model4,9.0,False,6675.0
2225,2015-10-07T08:00:00Z,41.0,168.90518201375562,453.09513912139016,107.0504464484444,40.532053282611706,16.984476696927562,64.99846767091951,9.611025587233216,4.502409404262275,0.0,1.0,0.0,0.0,0.0,model4,9.0,False,6678.0
2226,2015-10-07T11:00:00Z,41.0,169.48692258364608,465.34691833508754,108.16419666225832,40.326914727857094,17.733555856879374,63.34988990270673,9.307225038267807,4.514389142625708,0.0,1.0,0.0,0.0,0.0,model4,9.0,False,6681.0
2227,2015-10-07T14:00:00Z,41.0,167.58742130061648,462.5161488889512,109.78000363516232,40.622487662105925,15.941919489564462,62.81129112397917,10.719087125518767,5.034264350700017,0.0,1.0,0.0,0.0,0.0,model4,9.0,False,6684.0
2228,2015-10-07T17:00:00Z,41.0,169.42103197909768,465.3890659328035,111.99189922950704,39.21236381078546,14.903019602944115,59.53828526586809,12.897391504402735,5.3395202751057145,0.0,1.0,0.0,0.0,0.0,model4,9.0,False,6687.0
2229,2015-10-07T20:00:00Z,41.0,168.7270183514534,458.37238395285726,114.95912974894985,39.13464233076266,15.677487330834904,58.534188334871395,13.247706825291418,5.552675920657605,0.0,1.0,0.0,0.0,0.0,model4,9.0,False,6690.0
2230,2015-10-07T23:00:00Z,41.0,168.0411764309345,453.22505219705323,116.27884336526155,39.206787869350855,14.505479013804688,59.93237818059005,12.995302182020069,5.728198730169586,0.0,1.0,0.0,0.0,0.0,model4,9.0,False,6693.0
2231,2015-10-08T02:00:00Z,41.0,170.51670527512613,448.5929212754159,118.33580014481016,38.926526697785135,13.35902268380584,53.07156467596261,13.516298542863526,5.636838863758409,0.0,0.0,0.0,0.0,0.0,model4,9.0,False,6696.0
2232,2015-10-08T05:00:00Z,41.0,171.58069873370118,446.1920769531673,120.16006214293571,39.1349843411995,12.968248917578613,53.32208758743394,12.732151453344047,5.80901344337896,0.0,0.0,0.0,0.0,0.0,model4,9.0,False,6699.0
2233,2015-10-08T08:00:00Z,41.0,170.44654463104442,442.51246302555677,122.45214465752431,39.2110173261385,13.583121060877604,46.21822658167932,11.150674570738028,6.112817082587906,0.0,0.0,0.0,0.0,0.0,model4,9.0,False,6702.0
2234,2015-10-08T11:00:00Z,41.0,168.85289301427045,433.40722754482215,124.46953636089373,40.272673211158335,12.710387095669649,43.40606899950959,11.065648352040787,5.959143847259357,0.0,0.0,0.0,0.0,0.0,model4,9.0,False,6705.0
2235,2015-10-08T14:00:00Z,41.0,168.10071860099654,429.1309014775577,124.7393869543875,40.19406950760829,13.100512353919996,41.39748239608677,10.255037234142009,5.298407239627742,0.0,0.0,0.0,0.0,0.0,model4,9.0,False,6708.0
2236,2015-10-08T17:00:00Z,41.0,166.69722413943137,429.4445737674826,123.92179680573359,41.30928529090472,14.683458903678785,43.195008810828725,9.268583313814748,4.618727994095155,0.0,0.0,0.0,0.0,0.0,model4,9.0,False,6711.0
2237,2015-10-08T20:00:00Z,41.0,166.07619151203596,433.3415735110044,124.55045419716558,41.64619506741153,14.232653044488744,42.39152985774314,9.0526030427111,4.294836440651018,0.0,0.0,0.0,0.0,0.0,model4,9.0,False,6714.0
2238,2015-10-08T23:00:00Z,41.0,164.32310588009082,436.68249474553977,126.61177312564966,41.41760196318588,14.251080200815576,38.41343233765826,8.682655348922838,4.723205323269187,0.0,0.0,0.0,0.0,0.0,model4,9.0,False,6717.0
2239,2015-10-09T02:00:00Z,41.0,164.28592089858947,434.4064785762024,126.03722738982228,41.45737661133462,14.104206324290605,47.072538545737636,8.15577083389891,4.379551654121581,0.0,0.0,0.0,0.0,0.0,model4,9.0,False,6720.0
2240,2015-10-09T05:00:00Z,41.0,165.29114476489076,435.7179515929979,125.90470704414534,41.19525171154246,15.460313725197198,46.4278887405381,8.502424564989393,4.305450873369069,0.0,0.0,0.0,0.0,0.0,model4,9.0,False,6723.0
2241,2015-10-09T08:00:00Z,41.0,167.08700203809832,425.4399116941523,125.38553104194875,40.983669979469866,18.103106754291296,39.87759752030984,9.419552682191851,3.6327971937332446,0.0,0.0,0.0,0.0,0.0,model4,9.0,False,6726.0
2242,2015-10-09T11:00:00Z,41.0,169.50948496947768,429.59019924485534,124.07450486480577,40.27263319944478,18.652145864936053,36.7197131562221,9.074127378765539,3.676896263210693,0.0,0.0,0.0,0.0,0.0,model4,9.0,False,6729.0
2243,2015-10-09T14:00:00Z,41.0,170.90046314965218,430.46513226649137,121.45849677196495,39.25073362139796,18.22759312590824,35.6235491967136,11.45706066817499,3.9727781546104737,0.0,0.0,0.0,0.0,0.0,model4,9.0,False,6732.0
2244,2015-10-09T17:00:00Z,41.0,173.0998154605564,439.58654588003577,119.124577422899,39.03729400223565,16.02741232524145,45.18319000346982,13.356844099039366,3.76534502405596,0.0,0.0,0.0,0.0,0.0,model4,9.0,False,6735.0
2245,2015-10-09T20:00:00Z,41.0,173.0546905470184,450.7729166350678,115.34442715643937,38.12469740212373,15.39959599018301,57.29868872184839,14.172277024004293,4.31698614463512,0.0,0.0,0.0,0.0,0.0,model4,9.0,False,6738.0
2246,2015-10-09T23:00:00Z,41.0,170.94860990415614,454.3410315546772,112.02107592326787,38.17125203281967,16.962812584080055,58.6955805354535,13.173941578153515,4.287077481953393,0.0,0.0,0.0,0.0,0.0,model4,9.0,False,6741.0
2247,2015-10-10T02:00:00Z,41.0,170.16392286658012,465.9061743778868,108.514593149826,38.63594792862333,17.313183865106243,55.596136846258155,13.904122437657454,4.447031799613141,0.0,0.0,0.0,0.0,0.0,model4,9.0,False,6744.0
2248,2015-10-10T05:00:00Z,41.0,168.6422188365261,462.667737276446,106.7885751463762,38.054263084354474,16.917631767830056,58.98665868392611,13.179710851502778,4.2182506966972975,0.0,0.0,0.0,0.0,0.0,model4,9.0,False,6747.0
2249,2015-10-10T08:00:00Z,41.0,167.59274571549588,470.7084980596096,104.42202157873602,37.154649211921395,14.156032985508066,56.679045932380454,11.220261265490349,5.358005322166504,0.0,0.0,0.0,0.0,0.0,model4,9.0,False,6750.0
2250,2015-10-10T11:00:00Z,41.0,166.40482054050574,464.0159037612773,100.69757675194559,37.713330254700224,14.669867534578664,61.84128430495457,9.323109685536645,5.719681114671384,0.0,0.0,0.0,0.0,0.0,model4,9.0,False,6753.0
2251,2015-10-10T14:00:00Z,41.0,166.20957082427216,467.4762526151611,100.30901302015572,38.5514173619486,16.992255705743382,62.336535643763895,9.255183748782398,5.7276591086023565,0.0,0.0,0.0,0.0,0.0,model4,9.0,False,6756.0
2252,2015-10-10T17:00:00Z,41.0,164.31670568837094,458.1380669214568,99.34428610322122,38.38023209917565,16.721641158888346,61.31456615376084,10.43013020980938,5.729170177716213,0.0,0.0,0.0,0.0,0.0,model4,9.0,False,6759.0
2253,2015-10-10T20:00:00Z,41.0,165.60868762195983,452.12187451165926,98.12896740130036,39.84245313255172,17.071345587172452,56.70595180688222,10.862988659927533,5.773408122846875,0.0,0.0,0.0,0.0,0.0,model4,9.0,False,6762.0
2254,2015-10-10T23:00:00Z,41.0,167.78753021279732,451.9685339973384,97.67120581008876,40.03221269476767,15.303024169594927,55.222444350223036,9.714215124527273,5.574470644685666,0.0,0.0,0.0,0.0,0.0,model4,9.0,False,6765.0
2255,2015-10-11T02:00:00Z,41.0,168.27226443112653,447.16268553488777,98.48300872257595,40.599914217369225,15.040490761249652,47.95138540940315,9.641396829765117,6.100418472957388,0.0,0.0,0.0,0.0,0.0,model4,9.0,False,6768.0
2256,2015-10-11T05:00:00Z,41.0,167.03589146175557,450.97424728503,97.55669374873793,41.219815661246884,16.002071785575293,50.7948774340541,8.73165244670156,6.325116041221516,0.0,0.0,0.0,0.0,0.0,model4,9.0,False,6771.0
2257,2015-10-11T08:00:00Z,41.0,166.6860833441696,446.5235155862754,97.49527122954365,42.30845729080296,15.909314862873895,50.7075990049236,8.814877065467499,5.050948790934754,0.0,0.0,0.0,0.0,0.0,model4,9.0,False,6774.0
2258,2015-10-11T11:00:00Z,41.0,165.95966280137282,453.8165120643776,97.6624475840489,42.09136403096701,14.467976917570635,48.88821465089116,8.620209462039893,5.232310502036668,0.0,0.0,0.0,0.0,0.0,model4,9.0,False,6777.0
2259,2015-10-11T14:00:00Z,41.0,165.74626925509628,452.17820142660486,97.78737290756472,42.38744918387654,11.626345629517813,47.023904382239245,8.818465962314463,5.476001028031074,0.0,0.0,0.0,0.0,0.0,model4,9.0,False,6780.0
2260,2015-10-11T17:00:00Z,41.0,165.78406948254838,449.0375189809317,98.94199480354686,42.984481541027336,10.958990315269403,52.969778100721065,9.27711346836225,5.6647346170009225,0.0,0.0,0.0,0.0,0.0,model4,9.0,False,6783.0
2261,2015-10-11T20:00:00Z,41.0,164.10482156418556,445.8457507650243,99.7024182934812,42.563617297241784,11.757113544304405,48.69268344604292,8.588959829729726,5.509497051086055,0.0,0.0,0.0,0.0,0.0,model4,9.0,False,6786.0
2262,2015-10-11T23:00:00Z,41.0,165.20138794057604,445.9347220640505,99.40949738756862,42.74226664711564,12.140008946330786,49.43008497555519,8.383711011925515,6.082367278999077,0.0,0.0,0.0,0.0,0.0,model4,9.0,False,6789.0
2263,2015-10-12T02:00:00Z,41.0,164.452228174307,444.962625428858,99.03660858434294,41.82361586465567,11.655313043019724,49.50649408857542,8.329110238889992,5.879914401953611,0.0,0.0,0.0,0.0,0.0,model4,9.0,False,6792.0
2264,2015-10-12T05:00:00Z,41.0,164.6269039560978,446.56405990055845,100.32913220167308,41.05826703901745,11.530490833051688,43.373846233942785,9.64113970237163,5.826390006503699,0.0,0.0,0.0,0.0,0.0,model4,9.0,False,6795.0
2265,2015-10-12T08:00:00Z,41.0,165.84724846689517,450.8573654475952,99.17385805351171,40.627408602270044,12.578951779120828,43.554659528693676,10.03299439194052,5.707163332915335,0.0,0.0,0.0,0.0,0.0,model4,9.0,False,6798.0
2266,2015-10-12T11:00:00Z,41.0,167.56476329104666,452.50140209538256,99.86948501447249,40.29794157151513,12.750134120948715,45.784852280667344,9.517119314969607,5.685607449603865,0.0,0.0,0.0,0.0,0.0,model4,9.0,False,6801.0
2267,2015-10-12T14:00:00Z,41.0,167.03333038101243,452.8332095018319,99.6652656929602,39.619972470511385,12.924767012493179,46.90105585674679,10.580053916872338,5.309357383214639,0.0,0.0,0.0,0.0,0.0,model4,9.0,False,6804.0
2268,2015-10-12T17:00:00Z,41.0,167.74367893994332,452.34329447711593,98.57719153894159,39.372096007326576,13.200536582365682,39.75026637511266,9.284761727063136,4.691085839295341,0.0,0.0,0.0,0.0,0.0,model4,9.0,False,6807.0
2269,2015-10-12T20:00:00Z,41.0,165.75029054566716,457.96061856662453,100.2483011019022,39.16083542191912,14.652845595200795,42.633876859503204,9.651089773325156,4.556113340876256,0.0,0.0,0.0,0.0,0.0,model4,9.0,False,6810.0
2270,2015-10-12T23:00:00Z,41.0,167.40825665281858,455.3060048637391,101.25953367325184,38.77661585683733,16.829225553351993,43.128377367485506,10.329627404075769,3.4298575101541524,0.0,0.0,0.0,0.0,0.0,model4,9.0,False,6813.0
2271,2015-10-13T02:00:00Z,41.0,167.13210362647462,457.01307807250396,101.92174049304128,39.53256053221549,16.755413270831685,45.440069227867404,10.24325678764512,4.043100662994903,0.0,0.0,0.0,0.0,0.0,model4,9.0,False,6816.0
2272,2015-10-13T05:00:00Z,41.0,168.35175821528625,452.4097620993209,100.18995588388269,40.28161916039668,15.448567094551235,49.45394641886365,9.230321099585806,3.8146620357482393,0.0,0.0,0.0,0.0,0.0,model4,9.0,False,6819.0
2273,2015-10-13T08:00:00Z,41.0,169.01333949428889,453.70783274016713,100.00838769697431,41.01152078189072,15.784753070253418,47.69010158546271,9.364701421577106,3.7671950693910015,0.0,0.0,0.0,0.0,0.0,model4,9.0,False,6822.0
2274,2015-10-13T11:00:00Z,41.0,166.39650461592154,456.1516211234929,98.40955437058255,42.01198266569423,16.475882052669736,45.28551396960603,10.94671332236378,3.802487837353744,0.0,0.0,0.0,0.0,0.0,model4,9.0,False,6825.0
2275,2015-10-13T14:00:00Z,41.0,166.05736593337642,455.0941595060184,98.59807025192428,42.1334971248174,16.632974966894245,46.70426490176664,10.100234629406646,4.3628897247649645,0.0,0.0,0.0,0.0,0.0,model4,9.0,False,6828.0
2276,2015-10-13T17:00:00Z,41.0,166.2953349542996,448.2742338923661,98.89734219307181,41.4314255995513,16.82679198931653,57.70360881130836,9.9651338954325,5.217584696739017,0.0,0.0,0.0,0.0,0.0,model4,9.0,False,6831.0
2277,2015-10-13T20:00:00Z,41.0,169.96578086123188,441.07133391956353,97.35328927853071,41.08190320715085,14.425003427790728,53.53838744520422,9.5926341951976,5.398157458937068,0.0,0.0,0.0,0.0,0.0,model4,9.0,False,6834.0
2278,2015-10-13T23:00:00Z,41.0,168.5249617622781,442.4146738337503,94.48937078491517,40.65535817007538,12.44919124871886,58.948057321832046,8.901866528845233,5.483300183834302,0.0,0.0,0.0,0.0,0.0,model4,9.0,False,6837.0
2279,2015-10-14T02:00:00Z,41.0,167.7477553959207,441.7046952953106,94.90694011369257,39.94268081279194,13.273632773537555,56.82821726797156,9.35753451652359,5.422347576698844,0.0,0.0,0.0,0.0,0.0,model4,9.0,False,6840.0
2280,2015-10-14T05:00:00Z,41.0,168.3610523861183,445.44313404493835,95.42111432921529,39.73028312243205,13.964189427808988,54.54123567282959,9.941948003186386,5.859811769831108,0.0,0.0,0.0,0.0,0.0,model4,9.0,False,6843.0
2281,2015-10-14T08:00:00Z,41.0,167.52306722616032,443.3010585164996,98.11057176040873,39.251856375808295,16.778800531216113,55.77248865299451,11.368582617753427,5.789345479583769,0.0,0.0,0.0,0.0,0.0,model4,9.0,False,6846.0
2282,2015-10-14T11:00:00Z,41.0,169.9819595996614,435.53153086957434,99.81767897029938,38.05841178359122,16.183603507726716,55.45783130800346,9.967431378870293,5.884474107997924,0.0,0.0,0.0,0.0,0.0,model4,9.0,False,6849.0
2283,2015-10-14T14:00:00Z,41.0,171.5974599322885,437.89163253694915,99.260057910183,38.02578149104662,15.456645692493314,56.499942445152044,10.00356048915409,5.501050125946988,0.0,0.0,0.0,0.0,0.0,model4,9.0,False,6852.0
2284,2015-10-14T17:00:00Z,41.0,170.12113581537463,450.47470167737686,100.18267331356523,38.58178817565407,16.320293804053357,44.565668256939404,10.676047331467775,5.273281485738657,0.0,0.0,0.0,0.0,0.0,model4,9.0,False,6855.0
2285,2015-10-14T20:00:00Z,41.0,170.4558432401331,454.5961188289695,102.27484366590141,38.70774994771558,16.661417918256273,44.477216972599145,10.977754022764987,5.156298937612001,0.0,0.0,0.0,0.0,0.0,model4,9.0,False,6858.0
2286,2015-10-14T23:00:00Z,41.0,169.4944103554951,457.82911516142434,103.62114996422049,39.86471007112939,17.064120136730303,35.843368955512716,9.48265178238567,5.514684362024841,0.0,0.0,0.0,0.0,0.0,model4,9.0,False,6861.0
2287,2015-10-15T02:00:00Z,41.0,170.44072368157953,452.41709748967344,102.53674022547196,39.50766605771703,16.443103024968032,40.24816923814118,9.986368440683119,5.479528640065948,0.0,0.0,0.0,0.0,0.0,model4,9.0,False,6864.0
2288,2015-10-15T05:00:00Z,41.0,169.75843240909816,456.5378037750437,101.82480318925371,39.51920506846177,16.707861812402413,41.197904325783455,10.04431286297741,5.380040018695186,0.0,0.0,0.0,0.0,0.0,model4,9.0,False,6867.0
2289,2015-10-15T08:00:00Z,41.0,170.54512591089403,460.5038720376443,100.00320843665074,40.39065794053794,13.560113536598283,40.44199051386153,9.523782718467718,5.6885096114861415,0.0,0.0,0.0,0.0,0.0,model4,9.0,False,6870.0
2290,2015-10-15T11:00:00Z,41.0,171.12358380125545,460.04959818500186,99.88632180239814,40.27153877686234,14.992530379883735,39.70136336517096,10.634961891042089,5.1172641352611645,0.0,0.0,0.0,0.0,0.0,model4,9.0,False,6873.0
2291,2015-10-15T14:00:00Z,41.0,170.66302405278137,457.6583419946077,99.15543894672743,39.99819410177757,14.932649162368564,38.49886550905582,10.822456696135369,5.867210694326693,0.0,0.0,0.0,0.0,0.0,model4,9.0,False,6876.0
2292,2015-10-15T17:00:00Z,41.0,174.7876344832547,457.9414418669462,98.27012338843595,39.703490626690396,15.003481286763565,39.21387392322626,10.16414572170185,5.903928608511668,0.0,0.0,0.0,0.0,0.0,model4,9.0,False,6879.0
2293,2015-10-15T20:00:00Z,41.0,173.35518203986717,455.45622376269165,96.04893973237787,39.071936137288546,18.422379626678087,47.81985724108277,8.440323043235288,6.186108245758928,0.0,0.0,0.0,0.0,0.0,model4,9.0,False,6882.0
2294,2015-10-15T23:00:00Z,41.0,174.71917243174823,447.26490711339835,96.10421284763805,38.522686216556224,18.34704889302196,49.626110402248536,8.253025576906573,5.944295016402866,0.0,0.0,0.0,0.0,0.0,model4,9.0,False,6885.0
2295,2015-10-16T02:00:00Z,41.0,175.09625087635868,450.54689149505134,95.99574509833107,38.68947848122029,18.02195196906723,47.78542825060921,7.801147913777398,6.5531831350218575,0.0,0.0,0.0,0.0,0.0,model4,9.0,False,6888.0
2296,2015-10-16T05:00:00Z,41.0,175.93960368590473,450.5460620157615,96.99324260083948,38.135382485507975,17.13996525348157,48.093543296799524,7.88577478198869,6.418011787415706,0.0,0.0,0.0,0.0,0.0,model4,9.0,False,6891.0
2297,2015-10-16T08:00:00Z,41.0,176.6036721188417,441.9106336242368,97.82130269975904,38.144208837686854,16.959715947763325,46.62521776293425,9.137833089308703,6.725521359352085,0.0,0.0,0.0,0.0,0.0,model4,9.0,False,6894.0
2298,2015-10-16T11:00:00Z,41.0,174.21149586157512,447.73370845706137,97.80558178282692,37.88404992308924,16.60053878422705,48.166705809717094,8.0090359077723,6.824247693453414,0.0,0.0,0.0,0.0,0.0,model4,9.0,False,6897.0
2299,2015-10-16T14:00:00Z,41.0,175.1893864208291,450.2116087782009,98.70212940392454,38.774796662545,16.349519765062993,49.07339964941618,8.046990361156789,7.149967894955791,0.0,0.0,0.0,0.0,0.0,model4,9.0,False,6900.0
2300,2015-10-16T17:00:00Z,41.0,171.86638850014717,453.1894665231578,99.16746464760479,40.121358082560455,15.301895822539134,49.79913157782021,7.913041046828084,8.009089938736299,0.0,0.0,0.0,0.0,0.0,model4,9.0,False,6903.0
2301,2015-10-16T20:00:00Z,41.0,172.59374074754658,450.2250645522877,100.32723891332836,42.44702686725904,11.848618329988652,41.97142685729476,8.755972127872209,8.816168213481507,0.0,0.0,0.0,0.0,0.0,model4,9.0,False,6906.0
2302,2015-10-16T23:00:00Z,41.0,173.12642892509442,453.6142224785392,101.19749611233364,43.664237401588935,11.241035512791576,42.928034592588375,9.206225096480985,9.125815687868636,0.0,0.0,0.0,0.0,0.0,model4,9.0,False,6909.0
2303,2015-10-17T02:00:00Z,41.0,172.1615006331306,459.24023506700286,102.66086447692035,45.60143447778732,11.996409108760044,44.639495231842396,9.373322857601392,8.996555884105938,0.0,0.0,0.0,0.0,0.0,model4,9.0,False,6912.0
2304,2015-10-17T05:00:00Z,41.0,172.50709256099503,454.436284092305,101.41968484954019,46.63764594786278,12.100406510018725,45.186667339023906,10.04726594301688,8.176569101883386,0.0,0.0,0.0,0.0,0.0,model4,9.0,False,6915.0
2305,2015-10-17T08:00:00Z,41.0,168.8125179495797,449.52946793539314,101.44507355815253,47.2529045696506,12.800702966607707,51.1112573609196,8.71570809497339,7.840583053532015,0.0,0.0,0.0,0.0,0.0,model4,9.0,False,6918.0
2306,2015-10-17T11:00:00Z,41.0,170.28514589548604,438.77833800312516,100.68354476564372,49.13637190323289,12.887985914542035,55.460927351080414,8.827210163190934,5.855348129216112,0.0,0.0,0.0,0.0,0.0,model4,9.0,False,6921.0
2307,2015-10-17T14:00:00Z,41.0,168.0610618827522,438.9870627311527,100.86891497680705,49.68877758983878,14.461664763651125,55.992523202895654,8.404966062785112,4.67220982269097,0.0,0.0,0.0,0.0,0.0,model4,9.0,False,6924.0
2308,2015-10-17T17:00:00Z,41.0,169.4605591699229,441.1950040828994,101.20710953172441,49.286694267319,14.203558346960973,58.17646504956654,9.413932576965882,4.57931114478792,0.0,0.0,0.0,0.0,0.0,model4,9.0,False,6927.0
2309,2015-10-17T20:00:00Z,41.0,170.6002416924787,450.13482583246804,100.66900918427912,49.069266712061605,14.239260066425329,64.85187976596393,8.412805251449491,4.2861116809032564,0.0,0.0,0.0,0.0,0.0,model4,9.0,False,6930.0
2310,2015-10-17T23:00:00Z,41.0,167.18284030281038,451.3646382951852,99.37762951379247,48.57114948649006,15.212424095990935,63.22568490091933,8.473679620684969,4.2580490927339945,0.0,0.0,0.0,0.0,0.0,model4,9.0,False,6933.0
2311,2015-10-18T02:00:00Z,41.0,167.43309119621213,449.1402339838007,97.9342375642306,48.495155255481365,14.990311020371607,60.763626588394956,9.173141825867996,3.7891063128010254,0.0,0.0,0.0,0.0,0.0,model4,9.0,False,6936.0
2312,2015-10-18T05:00:00Z,41.0,166.82927283803932,442.2489699580036,98.71008081182566,48.875759704955556,14.587078005990401,66.33947623625765,9.333422386908186,3.4806887456967743,0.0,0.0,0.0,0.0,0.0,model4,9.0,False,6939.0
2313,2015-10-18T08:00:00Z,41.0,169.7499984143525,456.5578259047882,97.71222748438407,48.912541240674784,14.718538168571515,63.002148484362976,9.57185452924425,4.0405171620780465,0.0,0.0,0.0,0.0,0.0,model4,9.0,False,6942.0
2314,2015-10-18T11:00:00Z,41.0,168.86127928139732,463.45137656679054,98.56164261715588,49.461363875700904,14.033828494076516,53.88671095368335,9.78825863354813,4.3048969982076475,0.0,0.0,0.0,0.0,0.0,model4,9.0,False,6945.0
2315,2015-10-18T14:00:00Z,41.0,168.46341492216084,459.62063721937517,99.22151779730378,49.32966240915374,13.298315669504328,53.02165433361946,10.827662809469073,4.613426898431866,0.0,0.0,0.0,0.0,0.0,model4,9.0,False,6948.0
2316,2015-10-18T17:00:00Z,41.0,166.5669352113591,454.4996071958177,99.1773150775264,48.9677070493465,13.452179310659591,54.26860851690773,9.973916029795854,5.330405417175651,0.0,0.0,0.0,0.0,0.0,model4,9.0,False,6951.0
2317,2015-10-18T20:00:00Z,41.0,165.86109415749772,451.30463378906563,99.52399163354714,47.4766016502636,12.614390486138525,47.90181363370162,9.966281352108338,6.06612031526397,0.0,0.0,0.0,0.0,0.0,model4,9.0,False,6954.0
2318,2015-10-18T23:00:00Z,41.0,166.56932595417342,443.7737790573023,99.65567522529885,47.17813422499042,12.717123538210863,52.51774586105032,10.256308500433056,6.174693174845867,0.0,0.0,0.0,0.0,0.0,model4,9.0,False,6957.0
2319,2015-10-19T02:00:00Z,41.0,167.4980202347013,441.2049704050836,99.49330233219791,45.72792894913764,12.655552055787034,54.60251502588218,9.200231637003187,6.612060284137797,0.0,0.0,0.0,0.0,0.0,model4,9.0,False,6960.0
2320,2015-10-19T05:00:00Z,41.0,167.24783801486709,454.6844692645788,100.50636858657973,44.652982638952466,13.076644611670964,52.37995027047719,8.985489664910872,6.996746143572437,0.0,0.0,0.0,0.0,0.0,model4,9.0,False,6963.0
2321,2015-10-19T08:00:00Z,41.0,167.30065104165718,445.085447335832,100.48483726436967,42.71548540279985,14.369517689141336,51.481931394080725,8.29531639059911,6.926821204591793,0.0,0.0,0.0,0.0,0.0,model4,9.0,False,6966.0
2322,2015-10-19T11:00:00Z,41.0,169.32233490373963,446.55969749974935,100.1135210116001,40.35386480990879,15.454971003952956,52.16314344097904,8.334988908956607,6.19516413321503,0.0,0.0,0.0,0.0,0.0,model4,9.0,False,6969.0
2323,2015-10-19T14:00:00Z,41.0,172.39383367081714,447.2554804008092,99.47665967739376,38.82149538614967,14.507927674797664,51.43397631889344,6.976913045841986,5.709042830549903,0.0,0.0,0.0,0.0,0.0,model4,9.0,False,6972.0
2324,2015-10-19T17:00:00Z,41.0,173.31488700376002,447.5972301061877,98.47898960156077,38.39406651959128,13.71844696380934,49.64800755955138,6.852685174437694,5.314838285789461,0.0,0.0,0.0,0.0,0.0,model4,9.0,False,6975.0
2325,2015-10-19T20:00:00Z,41.0,172.7632288770791,441.03478892451074,97.3074569839654,38.29311446000033,14.41345129704519,49.26067286491122,6.918339363015932,5.401436884095278,0.0,0.0,0.0,0.0,0.0,model4,9.0,False,6978.0
2326,2015-10-19T23:00:00Z,41.0,174.8583006740136,447.9457793017315,98.22204330924549,37.83490412495935,12.941014662914725,44.15880724444492,6.041175097556442,5.027389359198356,0.0,0.0,0.0,0.0,0.0,model4,9.0,False,6981.0
2327,2015-10-20T02:00:00Z,41.0,174.07063431671833,453.4704282568731,99.43623408937384,37.34611585730392,13.492315114789136,42.832153335869705,6.28059212014719,4.40243263435376,0.0,0.0,0.0,0.0,0.0,model4,9.0,False,6984.0
2328,2015-10-20T05:00:00Z,41.0,173.88331602712162,449.9239196687551,97.57316989470623,37.47473504203504,13.55398942357862,35.7283152678304,6.089817390565694,4.308032929055053,0.0,0.0,0.0,0.0,0.0,model4,9.0,False,6987.0
2329,2015-10-20T08:00:00Z,41.0,175.60245710414162,455.18530037716613,98.29019891827387,37.97493498087281,13.027649725777561,32.433743615189854,6.671824308009995,4.6423169114510765,0.0,0.0,0.0,0.0,0.0,model4,9.0,False,6990.0
2330,2015-10-20T11:00:00Z,41.0,174.98928489121818,456.092903049704,98.60473367213905,38.8267084054788,14.78035912933368,36.46981078924987,7.1570782300150535,4.863534916040393,0.0,0.0,0.0,0.0,0.0,model4,9.0,False,6993.0
2331,2015-10-20T14:00:00Z,41.0,172.55036346029968,458.56497253368457,97.83146644099523,39.56169859370805,16.607687953300257,45.59230942939414,7.432038894974669,4.689617668729448,0.0,0.0,0.0,0.0,0.0,model4,9.0,False,6996.0
2332,2015-10-20T17:00:00Z,41.0,172.29334547318905,454.52865841707717,97.74481409434904,39.74623710906955,16.81701701659271,46.449560346243665,8.260347002196944,4.826419645531661,0.0,0.0,0.0,0.0,0.0,model4,9.0,False,6999.0
2333,2015-10-20T20:00:00Z,41.0,171.07408083292182,465.1004111198348,98.95040264198572,39.9311879904386,17.062919151312588,48.95370108712754,8.657874064070231,4.870850510931104,0.0,0.0,0.0,0.0,0.0,model4,9.0,False,7002.0
2334,2015-10-20T23:00:00Z,41.0,170.07294935703518,469.5275325358005,97.85305471971918,39.90618478369482,16.347034954347492,49.28385414741618,8.693597952919768,5.102583085435209,0.0,0.0,0.0,0.0,0.0,model4,9.0,False,7005.0
2335,2015-10-21T02:00:00Z,41.0,169.17000068825604,465.610460261364,96.81691050423322,40.72848508560156,16.70401622274745,48.799475707744215,8.338411060417691,4.932423549321047,0.0,0.0,0.0,0.0,0.0,model4,9.0,False,7008.0
2336,2015-10-21T05:00:00Z,41.0,170.148053659302,461.68874823674963,96.77755003266036,40.00536148746918,17.014707471286293,49.30911541505592,9.251497465734786,5.9858562416764425,0.0,0.0,0.0,0.0,0.0,model4,9.0,False,7011.0
2337,2015-10-21T08:00:00Z,41.0,168.06423635320874,462.50637708858704,96.47927585839169,40.32366319362549,15.038415893514696,49.90548905528841,10.004691022010416,5.897253170290113,0.0,0.0,0.0,0.0,0.0,model4,9.0,False,7014.0
2338,2015-10-21T11:00:00Z,41.0,167.275077426769,465.2544912298628,97.01897668523618,40.68933315317362,12.593548926287365,46.79640513827301,9.980180966391682,5.7132328217617045,0.0,0.0,0.0,0.0,0.0,model4,9.0,False,7017.0
2339,2015-10-21T14:00:00Z,41.0,168.5600787627965,463.8153057152316,96.79025393564598,40.398730821933114,10.667155321121363,44.35115512949547,10.167519309496578,5.973056347503007,0.0,0.0,0.0,0.0,0.0,model4,9.0,False,7020.0
2340,2015-10-21T17:00:00Z,41.0,167.63209985312474,463.3380223327433,97.35966979681685,40.31624441258694,12.396639839965225,54.58913645320728,9.652516680054367,5.836388470719697,0.0,0.0,0.0,0.0,0.0,model4,9.0,False,7023.0
2341,2015-10-21T20:00:00Z,41.0,168.64276775666116,461.3004592329786,95.92204169757315,41.0623817896755,11.412609602296953,51.757999744613635,9.258710641193463,6.176196416828544,0.0,0.0,0.0,0.0,0.0,model4,9.0,False,7026.0
2342,2015-10-21T23:00:00Z,41.0,170.8151610381214,448.4279231573761,96.19607561952982,40.85445520985068,12.692508023652366,59.159182581871605,9.200215512862114,6.0070447026509175,0.0,0.0,0.0,0.0,0.0,model4,9.0,False,7029.0
2343,2015-10-22T02:00:00Z,41.0,170.7639024403,447.0023244592317,97.76052604098412,40.788944188762095,12.41285406729784,61.3588767380709,10.129702658664991,6.4147928253483615,0.0,0.0,0.0,0.0,0.0,model4,9.0,False,7032.0
2344,2015-10-22T05:00:00Z,41.0,170.37386536196576,447.316839390414,98.86275183390993,41.53580335307753,12.693688220497995,62.070467836619216,9.233580773030948,5.4023478836209655,0.0,0.0,0.0,0.0,0.0,model4,9.0,False,7035.0
2345,2015-10-22T08:00:00Z,41.0,168.47070822128774,445.6904802408129,98.74268494762659,41.561127197082044,16.929205055783196,60.94274763766922,7.949604772158067,5.1482693098029335,0.0,0.0,0.0,0.0,0.0,model4,9.0,False,7038.0
2346,2015-10-22T11:00:00Z,41.0,167.39241487792947,442.56658792515196,97.16206504104755,41.12240026680736,17.881763429879502,61.29426691625877,7.7029165796990835,5.0505925378500205,0.0,0.0,0.0,0.0,0.0,model4,9.0,False,7041.0
2347,2015-10-22T14:00:00Z,41.0,168.02468127306332,443.921977978318,96.76425374250786,41.25896284479936,18.311035877085786,57.177879256734684,7.818689648718432,5.062072146378479,0.0,0.0,0.0,0.0,0.0,model4,9.0,False,7044.0
2348,2015-10-22T17:00:00Z,41.0,169.57128742169175,447.65851247594077,97.73379664265036,40.828341469273155,17.685792582795166,49.184757473259964,8.318897857823984,5.1801836950309035,0.0,0.0,0.0,0.0,0.0,model4,9.0,False,7047.0
2349,2015-10-22T20:00:00Z,41.0,167.09804531574287,438.54938954454286,98.05273650054838,39.85409456070021,19.35296951865665,46.17503650337082,8.241155908682062,4.5932884968927645,0.0,0.0,0.0,0.0,0.0,model4,9.0,False,7050.0
2350,2015-10-22T23:00:00Z,41.0,163.74609906317176,450.617361745348,98.30825517421115,39.94919976346818,18.84577826946164,38.619637656402716,8.587143028721487,4.455426879646068,0.0,0.0,0.0,0.0,0.0,model4,9.0,False,7053.0
2351,2015-10-23T02:00:00Z,41.0,165.78741867200588,452.57400800799047,98.71104198681215,39.509958165794565,19.277133528691014,37.430410946456405,9.66791005389557,3.714267273214922,0.0,0.0,0.0,0.0,0.0,model4,9.0,False,7056.0
2352,2015-10-23T05:00:00Z,41.0,166.63165221375237,455.28618461643964,99.58634605231758,40.04982660618706,19.245711522568342,38.580588165946644,9.859505192563594,4.306386287822833,0.0,0.0,0.0,0.0,0.0,model4,9.0,False,7059.0
2353,2015-10-23T08:00:00Z,41.0,168.80485094758708,456.9068703330626,99.54375871659184,40.57898209020298,16.515473963304224,47.40728371154601,10.516431338976815,4.742261009972347,0.0,0.0,0.0,0.0,0.0,model4,9.0,False,7062.0
2354,2015-10-23T11:00:00Z,41.0,168.96879827026612,456.9747461898667,100.43931628643999,40.6845894797202,15.928324435520688,45.246459136861155,10.484397535414978,4.715209049064962,0.0,0.0,0.0,0.0,0.0,model4,9.0,False,7065.0
2355,2015-10-23T14:00:00Z,41.0,167.50627351269117,461.26790515805084,100.86096902189892,40.078842544762956,15.83125717310672,48.323650168065825,10.378048304179693,4.651239833642554,0.0,0.0,0.0,0.0,0.0,model4,9.0,False,7068.0
2356,2015-10-23T17:00:00Z,41.0,166.73404261757372,458.66053620743895,99.14796557709644,41.05940464199044,15.676663347934914,47.387229191287965,10.663242450416568,4.63761305289502,0.0,0.0,0.0,0.0,0.0,model4,9.0,False,7071.0
2357,2015-10-23T20:00:00Z,41.0,170.0221256666249,461.32464281106047,98.79832540843736,41.18171731363944,13.726973257306836,45.68729837260602,12.082028689563248,4.677719531471873,0.0,0.0,0.0,0.0,0.0,model4,9.0,False,7074.0
2358,2015-10-23T23:00:00Z,41.0,172.7884489059008,461.57549062637605,100.24641270649063,41.62823985089299,13.17434947935999,44.97822714281693,12.329054631817732,4.6508499061209925,0.0,0.0,0.0,0.0,0.0,model4,9.0,False,7077.0
2359,2015-10-24T02:00:00Z,41.0,171.5608951053854,451.9883948217922,99.56919775273329,41.519279575578494,13.063593244542586,52.88297226620549,11.480255914948668,4.5989253725483445,0.0,0.0,0.0,0.0,0.0,model4,9.0,False,7080.0
2360,2015-10-24T05:00:00Z,41.0,168.89637041407713,451.06642788485306,97.8566417223115,41.142247309127725,12.929208744947555,52.42438362923225,11.341381420592349,4.094887129533223,0.0,0.0,0.0,0.0,0.0,model4,9.0,False,7083.0
2361,2015-10-24T08:00:00Z,41.0,166.33088618087064,449.19822595450637,98.09986012360777,40.061929445303356,17.91315792964086,45.156665460022964,10.823091920431512,3.801042476474199,0.0,0.0,0.0,0.0,0.0,model4,9.0,False,7086.0
2362,2015-10-24T11:00:00Z,41.0,167.456396633691,446.0278609008988,97.35909464315183,39.73575152442713,17.54936191889666,44.89965578584582,10.851820901610148,3.6363425183563214,0.0,0.0,0.0,0.0,0.0,model4,9.0,False,7089.0
2363,2015-10-24T14:00:00Z,41.0,168.3584584490338,439.0271504981231,97.86447116306832,40.605884626176895,18.308713843717104,44.553359019108285,11.656802231711135,3.5087499719810418,0.0,0.0,0.0,0.0,0.0,model4,9.0,False,7092.0
2364,2015-10-24T17:00:00Z,41.0,169.21893030603982,446.7552190438775,98.70279452662399,40.386988208709546,18.60397598909431,55.85759238872997,11.441068522775664,3.58047639633085,0.0,0.0,0.0,0.0,0.0,model4,9.0,False,7095.0
2365,2015-10-24T20:00:00Z,41.0,168.47787609929904,446.736877365439,98.93448552389948,40.23691846993672,19.02404762093803,59.05820377949003,10.072245461318099,3.6136072023863552,0.0,0.0,0.0,0.0,0.0,model4,9.0,False,7098.0
2366,2015-10-24T23:00:00Z,41.0,166.91764234581132,446.7954405784659,98.3702604230316,40.303528674643545,17.807035408293164,58.80801237942336,9.68202231232136,4.782298760956837,0.0,0.0,0.0,0.0,0.0,model4,9.0,False,7101.0
2367,2015-10-25T02:00:00Z,41.0,168.04418500504616,456.0297930029863,97.27222089602816,39.9297585372808,18.94183922737797,52.17377154385415,9.244700384183322,5.410953694938852,0.0,0.0,0.0,0.0,0.0,model4,9.0,False,7104.0
2368,2015-10-25T05:00:00Z,41.0,170.3357561284826,451.8750645195132,97.08964838467804,39.5650159551264,19.500838687729573,54.8364331996436,9.8177989659388,5.4077639071193495,0.0,0.0,0.0,0.0,0.0,model4,9.0,False,7107.0
2369,2015-10-25T08:00:00Z,41.0,170.83215704579146,458.8776459405748,96.90707896808719,39.81092453177982,14.953637328032546,58.6898878992056,10.765504911790996,5.82802668620602,0.0,0.0,0.0,0.0,0.0,model4,9.0,False,7110.0
2370,2015-10-25T11:00:00Z,41.0,169.08977495555604,463.73639581528283,98.28060214116488,39.727245840963185,15.530639929764144,58.114648030197756,10.559670149589547,6.301444714041697,0.0,0.0,0.0,0.0,0.0,model4,9.0,False,7113.0
2371,2015-10-25T14:00:00Z,41.0,168.88055995260945,461.4060784931226,97.86799515840006,39.58427742926394,14.292134891339352,58.45312429248163,9.662517346623863,6.310515247300832,0.0,0.0,0.0,0.0,0.0,model4,9.0,False,7116.0
2372,2015-10-25T17:00:00Z,41.0,168.8600360802415,457.2134315939666,97.88320372728269,39.028428486633736,13.092079373947929,48.03746809669032,9.55106824989643,6.048408618435508,0.0,0.0,0.0,0.0,0.0,model4,9.0,False,7119.0
2373,2015-10-25T20:00:00Z,41.0,170.8735646010779,456.12683538112884,97.567494627169,38.93127681319442,15.006885852355616,46.75810287820224,9.62119818875713,6.472394345574862,0.0,0.0,0.0,0.0,0.0,model4,9.0,False,7122.0
2374,2015-10-25T23:00:00Z,41.0,171.9821960059084,458.40921645161797,95.73866128816655,38.45228745963593,17.91010222757139,47.66438502370337,9.685729944770973,5.4418578678016125,0.0,0.0,0.0,0.0,0.0,model4,9.0,False,7125.0
2375,2015-10-26T02:00:00Z,41.0,170.28090453590582,453.60406686554194,96.33995892707323,38.71812273512508,17.46236755689824,49.142725637486066,10.325006579039096,5.042166181334218,0.0,0.0,0.0,0.0,0.0,model4,9.0,False,7128.0
2376,2015-10-26T05:00:00Z,41.0,171.0827843286295,457.95994533159967,98.54440787005777,39.544749497939,17.569539450736553,46.21611238527956,10.710527748420793,5.9947243811289725,0.0,0.0,0.0,0.0,0.0,model4,9.0,False,7131.0
2377,2015-10-26T08:00:00Z,41.0,172.7669885637547,451.74213871602944,98.98170170082709,39.669167150683336,16.491384900865146,41.06348191469744,9.72358413349022,5.542043266659005,0.0,0.0,0.0,0.0,0.0,model4,9.0,False,7134.0
2378,2015-10-26T11:00:00Z,41.0,174.0417207486457,444.9488064648799,98.33296357057236,40.10539506590856,15.591912202271258,42.086545918083175,9.804862596937557,4.9999068266787186,0.0,0.0,0.0,0.0,0.0,model4,9.0,False,7137.0
2379,2015-10-26T14:00:00Z,41.0,173.00317746362438,450.41779768025236,100.08929059950123,40.08139289189352,16.195162828620695,38.023011412974036,10.667552840690297,5.050269302649414,0.0,0.0,0.0,0.0,0.0,model4,9.0,False,7140.0
2380,2015-10-26T17:00:00Z,41.0,176.01526234076553,451.5387759954798,99.23431902800785,40.17510940503643,17.968802764917886,40.1099774472444,11.622470263986425,5.218064384063677,0.0,0.0,0.0,0.0,0.0,model4,9.0,False,7143.0
2381,2015-10-26T20:00:00Z,41.0,172.43171307212285,456.5134102825612,99.34689288898042,40.76539931627968,19.011780290608964,40.44846449859504,12.244740660393187,4.902840368053133,0.0,0.0,0.0,0.0,0.0,model4,9.0,False,7146.0
2382,2015-10-26T23:00:00Z,41.0,172.82298426337502,450.6950221728836,100.1407297864298,41.08072487952496,16.634735962305673,40.78080711711133,12.080140827602904,6.2439760702227565,0.0,0.0,0.0,0.0,0.0,model4,9.0,False,7149.0
2383,2015-10-27T02:00:00Z,41.0,172.28998334754212,456.6712734052494,100.81247461923384,41.40756816256268,16.73063363529036,38.32816034014419,12.201968054357533,6.124626365815628,0.0,0.0,0.0,0.0,0.0,model4,9.0,False,7152.0
2384,2015-10-27T05:00:00Z,41.0,173.2031686187532,454.3524582052838,99.47787822906824,40.69322094179017,17.781478689899195,37.76418987396089,12.106653104021175,5.423069490289135,0.0,0.0,0.0,0.0,0.0,model4,9.0,False,7155.0
2385,2015-10-27T08:00:00Z,41.0,173.47299889517188,461.7595836746466,98.78089081263886,41.06897701594775,17.6060522387819,44.393479995457305,12.406564684569727,5.486212901246401,0.0,0.0,0.0,0.0,0.0,model4,9.0,False,7158.0
2386,2015-10-27T11:00:00Z,41.0,176.07864647220939,462.05119716661727,98.96863897575024,40.942120072208255,18.484104039797717,50.62713338206874,12.257060177624847,5.711977517094632,0.0,0.0,0.0,0.0,0.0,model4,9.0,False,7161.0
2387,2015-10-27T14:00:00Z,41.0,181.31570215101655,459.99322274564895,98.09160268953396,41.01847683250853,19.854739844258184,50.23801050968896,11.066532150403486,5.384361156562625,0.0,0.0,0.0,0.0,0.0,model4,9.0,False,7164.0
2388,2015-10-27T17:00:00Z,41.0,181.30222019065704,456.9813557281902,99.08376754221862,41.35792564813199,19.69086264764599,48.8036494270173,10.08949844969882,5.137013112800545,0.0,0.0,0.0,0.0,0.0,model4,9.0,False,7167.0
2389,2015-10-27T20:00:00Z,41.0,184.52055474874058,452.6672455849943,100.15623952879466,41.2845358157449,15.597607707960528,46.67147926366865,9.62608142819076,4.860295352679271,0.0,0.0,0.0,0.0,0.0,model4,9.0,False,7170.0
2390,2015-10-27T23:00:00Z,41.0,186.78084017786546,457.6955396806583,99.86775115999184,40.53596613753884,16.27910829738024,46.055867906706744,10.04274847064354,3.5231280413014607,0.0,0.0,0.0,0.0,0.0,model4,9.0,False,7173.0
2391,2015-10-28T02:00:00Z,41.0,191.77059162966682,459.5964480594265,98.13549810191809,40.81176114092694,12.646986799162136,53.97820490761461,9.32523695624377,4.373794818723954,0.0,0.0,0.0,0.0,0.0,model4,9.0,False,7176.0
2392,2015-10-28T05:00:00Z,41.0,193.25362547767503,462.96352235863037,96.12320571058298,41.26848811463734,13.286870354799476,52.20017139792161,10.042713480091843,4.440092758735411,0.0,0.0,0.0,0.0,0.0,model4,9.0,False,7179.0
2393,2015-10-28T08:00:00Z,41.0,195.72650587175255,456.87528532335335,96.04966368364755,40.65432499547804,12.114159288957259,47.21007598955211,9.984031190945384,4.603980689930485,1.0,0.0,0.0,0.0,0.0,model4,9.0,True,7182.0
2394,2015-10-28T11:00:00Z,41.0,195.96782748402862,465.74107068544197,96.69879099166329,40.976038746581786,11.88630988003126,38.63467328141401,10.497783391597814,4.679011011468659,1.0,0.0,0.0,0.0,0.0,model4,9.0,True,7185.0
2395,2015-10-28T14:00:00Z,41.0,194.80166376679432,458.5283989154418,97.16690984900706,40.98187041874318,11.075057888333369,52.040992452966364,10.506630256335434,4.6335693491977334,1.0,0.0,0.0,0.0,0.0,model4,9.0,True,7188.0
2396,2015-10-28T17:00:00Z,41.0,193.95834870513818,461.1270114838079,97.61721746859176,40.27203247456023,12.04492003691328,52.694581247747706,11.588875898057148,5.6193004500065005,1.0,0.0,0.0,0.0,0.0,model4,9.0,True,7191.0
2397,2015-10-28T20:00:00Z,41.0,195.43468833564185,461.0178933237469,97.63518542206249,39.95424785097145,11.007452612410152,54.627793010620785,11.24612569805442,6.0120558471358665,1.0,0.0,0.0,0.0,0.0,model4,9.0,True,7194.0
2398,2015-10-28T23:00:00Z,41.0,193.9456511734606,451.192485245205,98.71117053528013,40.196497830938675,11.785822366794937,58.930249982067785,10.741648991401016,5.7737880453275086,1.0,0.0,0.0,0.0,0.0,model4,9.0,True,7197.0
2399,2015-10-29T02:00:00Z,41.0,191.33499316156247,444.78614934666535,99.61469483306801,39.714356636398456,12.613188682769616,52.448751496932935,10.821535540583074,5.098823445690996,1.0,0.0,0.0,0.0,0.0,model4,9.0,True,7200.0
2400,2015-10-29T05:00:00Z,41.0,189.06355872145718,437.13730993979726,101.5453389065745,39.31200570312952,11.190927246858818,55.60119953512246,9.769078182498118,4.961644204847191,1.0,0.0,0.0,0.0,0.0,model4,9.0,True,7203.0
2401,2015-10-29T08:00:00Z,41.0,184.29490198037263,435.09263216699424,101.28488777373758,39.05993601597935,16.38786573634862,56.75345068215617,9.518233711264774,4.8773594989655935,0.0,0.0,0.0,0.0,0.0,model4,9.0,False,7206.0
2402,2015-10-29T11:00:00Z,41.0,181.77081152991082,436.0960921577972,101.50290825336485,37.88017838434999,17.782783700020467,56.76329456080162,9.709865123238083,4.968759425586801,0.0,0.0,0.0,0.0,0.0,model4,9.0,False,7209.0
2403,2015-10-29T14:00:00Z,41.0,179.30023136338332,446.49571258740747,100.56088195991792,37.31702133375563,17.672408877993067,50.755948251893756,9.95612007275431,4.852238600358937,0.0,0.0,0.0,0.0,0.0,model4,9.0,False,7212.0
2404,2015-10-29T17:00:00Z,41.0,177.55742379944687,446.57643528126806,100.58440981488708,37.54062772471851,16.888276395515597,49.85258137216463,9.30758155128906,4.4638129512962905,0.0,0.0,0.0,0.0,0.0,model4,9.0,False,7215.0
2405,2015-10-29T20:00:00Z,41.0,174.3742965933015,446.66945749940436,99.67468424576231,37.02502751567937,15.812090298044527,49.23371953288483,9.361327614647672,3.886592400157379,0.0,0.0,0.0,0.0,0.0,model4,9.0,False,7218.0
2406,2015-10-29T23:00:00Z,41.0,173.279685031794,441.8733513159497,98.81373294526227,37.044157371481745,15.906991842188836,56.80344381199689,9.085476718814354,3.882830500014496,0.0,0.0,0.0,0.0,0.0,model4,9.0,False,7221.0
2407,2015-10-30T02:00:00Z,41.0,172.26183386715772,447.0093863240773,99.04453288019259,37.40915912001264,17.236869973054134,59.11255578490579,8.907721495312412,4.242284066588389,0.0,0.0,0.0,0.0,0.0,model4,9.0,False,7224.0
2408,2015-10-30T05:00:00Z,41.0,171.1124185954273,454.74297088163047,100.26089575005615,37.40816282490847,16.372922051750624,57.712739832737896,8.379344661583449,4.391073222225352,0.0,0.0,0.0,0.0,0.0,model4,9.0,False,7227.0
2409,2015-10-30T08:00:00Z,41.0,171.4057391017071,454.1519280002625,99.94782747318882,37.18872079709932,14.244941066596134,56.0284418588242,8.53959711441553,4.600472229529141,0.0,0.0,0.0,0.0,0.0,model4,9.0,False,7230.0
2410,2015-10-30T11:00:00Z,41.0,170.41421814689681,447.3190605893074,99.15276195209483,38.43034910967812,12.889589454515633,56.32629823665239,8.752987727865673,4.390945509734685,0.0,0.0,0.0,0.0,0.0,model4,9.0,False,7233.0
2411,2015-10-30T14:00:00Z,41.0,168.87616816410298,445.44378145771896,99.00695391186886,38.105666843736046,13.338271872690154,54.346322221331526,8.860498695364859,4.805607409253101,0.0,0.0,0.0,0.0,0.0,model4,9.0,False,7236.0
2412,2015-10-30T17:00:00Z,41.0,169.81148196818182,440.7565733023658,96.85752745864063,37.77821211599596,17.24139212237232,54.39225958013196,9.19841946711879,4.609566387807816,0.0,0.0,0.0,0.0,0.0,model4,9.0,False,7239.0
2413,2015-10-30T20:00:00Z,41.0,169.94182548074605,443.79456356472616,97.14775050366819,38.556609749463135,18.982925316634976,55.638628864060784,9.118242072127098,4.862698418071824,0.0,0.0,0.0,0.0,0.0,model4,9.0,False,7242.0
2414,2015-10-30T23:00:00Z,41.0,168.28919460054962,448.2168294612027,97.4452785002533,39.469289006893156,17.944711355712446,45.8966449736474,9.062403198235536,5.492631218513858,0.0,0.0,0.0,0.0,0.0,model4,9.0,False,7245.0
2415,2015-10-31T02:00:00Z,41.0,169.00172360453996,448.0719322646815,96.79317281097369,38.96710300743518,17.34877780645119,43.9826033004733,8.528757936998861,5.500659798481922,0.0,0.0,0.0,0.0,0.0,model4,9.0,False,7248.0
2416,2015-10-31T05:00:00Z,41.0,167.8365630787961,443.9604852982049,95.17310093076334,39.13326787854893,17.991103995701643,43.34965918619209,7.577501390789803,5.437569251867799,0.0,0.0,0.0,0.0,0.0,model4,9.0,False,7251.0
2417,2015-10-31T08:00:00Z,41.0,170.91970651053146,443.0175903586197,95.54833549802579,39.8246948984834,19.84645039872536,45.46688298524696,7.69318004638441,5.4530267844721125,0.0,0.0,0.0,0.0,0.0,model4,9.0,False,7254.0
2418,2015-10-31T11:00:00Z,41.0,173.65222057214996,448.88783545491447,94.87017940991468,39.38269876839078,20.525910596938328,46.868840358357716,6.1892202974473225,5.368617314436596,0.0,0.0,0.0,0.0,0.0,model4,9.0,False,7257.0
2419,2015-10-31T14:00:00Z,41.0,173.48805687380928,449.01875884874016,94.53257358952185,40.51066400060263,19.990412742624137,47.39991395461334,7.746495901780674,4.955843184113609,0.0,0.0,0.0,0.0,0.0,model4,9.0,False,7260.0
2420,2015-10-31T17:00:00Z,41.0,171.11014571871462,443.5505157695948,96.19774647695792,41.058398298797705,18.09759225616919,51.53824916291929,7.2173700037401725,4.536869695598348,0.0,0.0,0.0,0.0,0.0,model4,9.0,False,7263.0
2421,2015-10-31T20:00:00Z,41.0,173.13765549062816,443.08465427905924,97.41545283924572,40.783172667385685,17.104396628013607,53.174228693056534,7.8984316396334435,4.403415542226486,0.0,0.0,0.0,0.0,0.0,model4,9.0,False,7266.0
2422,2015-10-31T23:00:00Z,41.0,170.87910713739754,443.1633134740637,97.74978633523769,40.478221285754316,20.42060289930017,53.2427096742337,8.309020223191471,4.177344939186703,0.0,0.0,0.0,0.0,0.0,model4,9.0,False,7269.0
2423,2015-11-01T02:00:00Z,41.0,169.46339820410745,436.0652685198613,98.32611873774442,40.450788161288926,20.381308207822386,52.20833610349751,8.81954498895724,4.251058509555864,0.0,0.0,0.0,0.0,0.0,model4,9.0,False,7272.0
2424,2015-11-01T05:00:00Z,41.0,169.43855368604403,442.03825438382796,99.16895597752169,40.30436340594709,20.870760160187302,54.5626015722959,8.903498758508256,4.197728054560218,0.0,0.0,0.0,0.0,0.0,model4,9.0,False,7275.0
2425,2015-11-01T08:00:00Z,41.0,168.28705889584384,443.6231778452192,100.11679477240706,40.34105049336826,19.262128157238113,52.37361252521345,9.971141210391524,3.8796495900749415,0.0,0.0,0.0,0.0,0.0,model4,9.0,False,7278.0
2426,2015-11-01T11:00:00Z,41.0,166.96324265510705,446.2270511219378,100.33681380640918,40.801862124181596,18.489298506101466,56.10454444180596,11.079392769501839,4.949090884948446,0.0,0.0,0.0,0.0,0.0,model4,9.0,False,7281.0
2427,2015-11-01T14:00:00Z,41.0,169.23737920263991,438.0644266820894,101.41668100272024,40.5219298810855,19.043235255440592,59.71906738721082,11.278465599550481,4.873849881499524,0.0,0.0,0.0,0.0,0.0,model4,9.0,False,7284.0
2428,2015-11-01T17:00:00Z,41.0,168.93781960906833,445.48156609677255,101.45019807643757,40.032247622862336,19.011691122195305,59.42919922715014,11.27313618556632,5.373673303833492,0.0,0.0,0.0,0.0,0.0,model4,9.0,False,7287.0
2429,2015-11-01T20:00:00Z,41.0,166.12553728208314,441.3599564391671,100.26125001576506,40.65566994435184,18.35039850459134,58.02721752807799,12.386611994829982,5.6690026773188364,0.0,0.0,0.0,0.0,0.0,model4,9.0,False,7290.0
2430,2015-11-01T23:00:00Z,41.0,169.46109687996528,450.59470804869017,100.30678135555712,40.28115924993382,15.293010587002644,60.17691472439641,12.854883604735374,5.455441269908425,0.0,0.0,0.0,0.0,0.0,model4,9.0,False,7293.0
2431,2015-11-02T02:00:00Z,41.0,170.26339979410562,452.3066771287432,100.14696719455786,40.6142699686895,16.45205746366528,58.81876822721604,12.542521216277953,5.207127477036791,0.0,0.0,0.0,0.0,0.0,model4,9.0,False,7296.0
2432,2015-11-02T05:00:00Z,41.0,171.53444640526888,451.9593680435256,99.626598162875,40.646368742208644,15.069733283531894,55.98098464090518,12.208135531360226,5.259943936843985,0.0,0.0,0.0,0.0,0.0,model4,9.0,False,7299.0
2433,2015-11-02T08:00:00Z,41.0,172.13008912896737,451.788090489416,98.76277670212816,40.567974175628684,14.952606271472561,61.800821801777666,11.709388846315045,5.130099317373946,0.0,0.0,0.0,0.0,0.0,model4,9.0,False,7302.0
2434,2015-11-02T11:00:00Z,41.0,173.35005217746325,453.645627335346,99.20791438407379,39.816933412602594,14.892137717581672,62.6667061154344,11.782449709463911,4.112758081891159,0.0,0.0,0.0,0.0,0.0,model4,9.0,False,7305.0
2435,2015-11-02T14:00:00Z,41.0,172.48888597132012,462.74445005798776,99.9767384530141,39.50329359124048,14.222964897545367,57.21374541902548,10.910253253239794,4.328628953130054,0.0,0.0,0.0,0.0,0.0,model4,9.0,False,7308.0
2436,2015-11-02T17:00:00Z,41.0,170.6105093406722,465.8570679417134,100.58503574027469,40.12306951458122,17.305271065236802,57.21919618110596,11.025064724181442,3.740659253998423,0.0,0.0,0.0,0.0,0.0,model4,9.0,False,7311.0
2437,2015-11-02T20:00:00Z,41.0,168.9326215564939,462.0289148448453,101.74673416854736,39.4040114722161,18.055079294393472,63.58059208163783,9.417427244213993,3.0691726910153285,0.0,0.0,0.0,0.0,0.0,model4,9.0,False,7314.0
2438,2015-11-02T23:00:00Z,41.0,170.265360656991,452.2356075652363,101.62570726898217,39.55419563152544,18.562686169004273,63.61983218543054,9.681451597231552,3.5710919794227682,0.0,0.0,0.0,0.0,0.0,model4,9.0,False,7317.0
2439,2015-11-03T02:00:00Z,41.0,170.0248079472133,454.314144660776,102.0204097013456,40.097338146148864,18.478744381892763,63.35503636653206,10.299240219358886,4.0136582817695805,0.0,0.0,0.0,0.0,0.0,model4,9.0,False,7320.0
2440,2015-11-03T05:00:00Z,41.0,169.740230941317,448.0281270563072,102.42590377684208,39.82262431252565,18.295423918471503,64.46322260613553,10.541030421444674,3.9578476642195217,0.0,0.0,0.0,0.0,0.0,model4,9.0,False,7323.0
2441,2015-11-03T08:00:00Z,41.0,168.52395193339316,447.6684659828524,102.03713561221407,39.453907374688036,17.800339904266735,59.78287075727082,10.377859854961091,4.04623490134707,0.0,0.0,0.0,0.0,0.0,model4,9.0,False,7326.0
2442,2015-11-03T11:00:00Z,41.0,166.3023200807668,437.99940855836127,100.27739375016169,39.47638845033315,16.736228343445013,51.757980849201886,10.700917916214193,4.1682869488999055,1.0,0.0,0.0,0.0,0.0,model4,9.0,False,7329.0
2443,2015-11-03T14:00:00Z,41.0,165.87832127643222,438.1814148407693,99.63267246532698,40.343099649613656,16.608275533748735,51.52833727802199,10.257027026314834,4.562760401539757,1.0,0.0,0.0,0.0,0.0,model4,9.0,False,7332.0
2444,2015-11-03T17:00:00Z,41.0,169.53377706643386,434.4195570352365,98.24719452948092,39.715586730629646,12.906083496900001,46.168697942495186,10.496230591961098,4.7886949713704094,1.0,0.0,0.0,0.0,0.0,model4,9.0,False,7335.0
2445,2015-11-03T20:00:00Z,41.0,172.19251354125512,441.2827552002025,97.25123730601513,39.57213745464655,10.865070561970905,39.99251996540861,10.255639261468351,5.091200979858537,1.0,0.0,0.0,0.0,0.0,model4,9.0,False,7338.0
2446,2015-11-03T23:00:00Z,41.0,169.42588477173055,452.35269891343313,96.65793629231428,39.16202377602182,10.184435906712784,45.45480591347101,11.232402634754848,5.073748145939629,1.0,0.0,0.0,0.0,0.0,model4,9.0,False,7341.0
2447,2015-11-04T02:00:00Z,41.0,170.5665994210485,450.9654386335592,95.75840346368132,38.22117282136089,8.547783545061941,45.72690047795717,10.838352548720396,4.560648863929956,1.0,0.0,0.0,0.0,0.0,model4,9.0,False,7344.0
2448,2015-11-04T05:00:00Z,41.0,169.83399492353163,451.0001786769094,96.64689380694277,38.23028588910055,9.259841488265048,55.78673701357263,11.267893635775213,4.574268024578129,1.0,0.0,0.0,0.0,0.0,model4,9.0,False,7347.0
2449,2015-11-04T08:00:00Z,41.0,168.87166280132388,447.95820007051077,97.11785878831785,38.449329933312534,9.788534557364835,55.9709235930361,11.096883412845605,4.604775818634635,1.0,0.0,0.0,0.0,0.0,model4,9.0,False,7350.0
2450,2015-11-04T11:00:00Z,41.0,170.27341189899886,449.26787174551697,97.08216674879496,39.02961082922997,10.253754511547221,56.73968224037136,11.021170790880936,5.065352790131383,0.0,0.0,0.0,0.0,0.0,model4,9.0,False,7353.0
2451,2015-11-04T14:00:00Z,41.0,169.78327121506211,442.4179423253454,97.76403612520744,38.483519960637715,10.800859105616262,58.1174456437941,11.29399444602753,4.4182583941093485,0.0,0.0,0.0,0.0,0.0,model4,9.0,False,7356.0
2452,2015-11-04T17:00:00Z,41.0,168.38415606173712,447.7605384455545,98.34326790027836,38.66510540027158,11.637856675350845,61.378504699536066,10.87795673780189,4.285526259240232,0.0,0.0,0.0,0.0,0.0,model4,9.0,False,7359.0
2453,2015-11-04T20:00:00Z,41.0,168.6682854891184,447.8419033735176,97.90837718544356,39.11915168163684,11.377757321122123,59.739294324432755,11.226422071309708,3.9655744670475688,0.0,0.0,0.0,0.0,0.0,model4,9.0,False,7362.0
2454,2015-11-04T23:00:00Z,41.0,167.68230075759632,444.1048230000808,98.83041836385316,39.50920848770776,12.716112463788305,56.30972387136505,9.138672349551928,3.705640461118527,0.0,0.0,0.0,0.0,0.0,model4,9.0,False,7365.0
2455,2015-11-05T02:00:00Z,41.0,169.01201259523975,443.88418218194846,98.39535574784685,39.94731589292184,15.5610435726352,57.67984316950732,9.43543130395719,3.5783238885206505,0.0,0.0,0.0,0.0,0.0,model4,9.0,False,7368.0
2456,2015-11-05T05:00:00Z,41.0,169.7512852344949,439.86965389696053,98.14048139959112,39.553777683896364,16.32980095505302,49.665729810752275,9.289792654396164,4.012191536510234,0.0,0.0,0.0,0.0,0.0,model4,9.0,False,7371.0
2457,2015-11-05T08:00:00Z,41.0,172.04101140343528,443.1805918085013,99.08531980434877,39.21935618875828,16.40139297247967,53.38194729341543,12.041111221196074,4.368825574792419,0.0,0.0,0.0,0.0,0.0,model4,9.0,False,7374.0
2458,2015-11-05T11:00:00Z,41.0,170.7001754430089,438.8266971012529,100.61334905637396,39.17464592097632,16.162032715228197,53.41279512376278,10.997936393808851,3.877352923842308,0.0,0.0,0.0,0.0,0.0,model4,9.0,False,7377.0
2459,2015-11-05T14:00:00Z,41.0,173.27332216856757,444.5105047869147,100.11397642139549,38.73158273014029,16.495305232543195,53.075067006757315,10.604410176904343,4.071582801877117,0.0,0.0,0.0,0.0,0.0,model4,9.0,False,7380.0
2460,2015-11-05T17:00:00Z,41.0,175.0319882300642,446.39926455559197,100.01422976717608,39.07158264337107,16.029208235859752,54.825674632197,11.54987229746446,4.050070734020754,0.0,0.0,0.0,0.0,0.0,model4,9.0,False,7383.0
2461,2015-11-05T20:00:00Z,41.0,176.06156469579685,448.5692866263972,100.90700401256471,38.057386016048326,16.419713054946836,54.07017817075363,10.887930024738786,4.5679086551404495,0.0,0.0,0.0,0.0,0.0,model4,9.0,False,7386.0
2462,2015-11-05T23:00:00Z,41.0,178.0615729050827,450.32020323841766,100.35498214278276,38.399674720484704,14.073983630336759,50.25078636306848,11.118848684011759,4.920510077049163,0.0,0.0,0.0,0.0,0.0,model4,9.0,False,7389.0
2463,2015-11-06T02:00:00Z,41.0,176.39392076301547,451.8552133254052,101.35124392183252,38.25487251972567,11.514640778059563,47.821817309441116,10.287572996113793,4.9177071933118635,0.0,0.0,0.0,0.0,0.0,model4,9.0,False,7392.0
2464,2015-11-06T05:00:00Z,41.0,176.09557427058076,458.90826546625124,100.1323879238938,39.47912188163344,10.01520799947637,42.11231135513636,10.99638802477507,5.358014907739759,0.0,0.0,0.0,0.0,0.0,model4,9.0,False,7395.0
2465,2015-11-06T08:00:00Z,41.0,173.95328155687022,457.5567902167203,99.8316973989277,40.119411786070266,11.423794869227883,37.48493226153627,8.349858349605494,5.402079484744197,0.0,0.0,0.0,0.0,0.0,model4,9.0,False,7398.0
2466,2015-11-06T11:00:00Z,41.0,174.7175105920874,463.8997801570973,100.91575007693659,39.41233846931961,12.014824276493055,43.532005887225026,9.755255925129532,6.3048695142697175,0.0,0.0,0.0,0.0,0.0,model4,9.0,False,7401.0
2467,2015-11-06T14:00:00Z,41.0,171.2456615912636,453.615890996038,99.99155288288618,39.71766251553846,13.726154913945676,51.28278504308543,9.878432315448368,6.071251715979542,0.0,0.0,0.0,0.0,0.0,model4,9.0,False,7404.0
2468,2015-11-06T17:00:00Z,41.0,173.05214021540212,444.8251470906324,102.5641739884837,39.81634563249088,15.5781688702859,49.95719204625392,11.146334415075216,6.109144005459231,0.0,0.0,0.0,0.0,0.0,model4,9.0,False,7407.0
2469,2015-11-06T20:00:00Z,41.0,170.06980170650732,437.8396565168823,101.11769921833422,41.087960655288775,15.437460589765394,50.123617016623875,12.742130929157712,5.535152536621259,0.0,0.0,0.0,0.0,0.0,model4,9.0,False,7410.0
2470,2015-11-06T23:00:00Z,41.0,169.20479490665338,433.8100250236589,101.15447562368252,40.22265963263133,15.678635905130507,50.82974983471786,12.58967674848092,5.87783114774764,0.0,0.0,0.0,0.0,0.0,model4,9.0,False,7413.0
2471,2015-11-07T02:00:00Z,41.0,167.73098296464175,434.1581132300945,100.29788218603142,39.92027030909492,16.826881809711825,52.38289589980773,12.891275053869832,6.001293105268547,0.0,0.0,0.0,0.0,0.0,model4,9.0,False,7416.0
2472,2015-11-07T05:00:00Z,41.0,167.52502115445063,438.99112610896753,100.6842443799143,39.424090367267546,17.188898958237335,55.38773102725357,12.319900914740613,5.722491019137252,0.0,0.0,0.0,0.0,0.0,model4,9.0,False,7419.0
2473,2015-11-07T08:00:00Z,41.0,167.5262687987028,446.3306691916706,100.9867072867918,39.43650647988396,17.192644979930208,59.78502614721128,12.337618367146625,5.330284978654684,0.0,0.0,0.0,0.0,0.0,model4,9.0,False,7422.0
2474,2015-11-07T11:00:00Z,41.0,167.56060424351153,444.6841960557432,100.54070354981378,39.91362529565677,16.612595729613332,57.48581944057618,11.222018727580323,4.8897239596947495,0.0,0.0,0.0,0.0,0.0,model4,9.0,False,7425.0
2475,2015-11-07T14:00:00Z,41.0,169.65739208663877,454.7270868048883,101.6133664003306,40.29035880784621,15.160249704022947,56.95565757142618,11.319405297753114,5.110284651094012,0.0,0.0,0.0,0.0,0.0,model4,9.0,False,7428.0
2476,2015-11-07T17:00:00Z,41.0,166.3822175479223,453.8472447682615,99.94715144580928,40.20866923649263,12.58603575498866,55.498482107243134,8.926293001146172,5.066227090016626,0.0,0.0,0.0,0.0,0.0,model4,9.0,False,7431.0
2477,2015-11-07T20:00:00Z,41.0,168.25412263656108,458.5475476023346,102.14701215005451,40.28506662803692,12.314874810689584,54.32451149243838,7.215200283479452,5.018051962234396,0.0,0.0,0.0,0.0,0.0,model4,9.0,False,7434.0
2478,2015-11-07T23:00:00Z,41.0,170.30692265314303,458.37843669238083,102.40223849049437,40.314047903582455,12.79014295133935,53.37647217734433,7.301643288177861,4.558798133466473,0.0,0.0,0.0,0.0,0.0,model4,9.0,False,7437.0
2479,2015-11-08T02:00:00Z,41.0,171.26064806847143,458.0502187273705,103.85351152375952,40.888666629581664,10.651676857045766,54.18714897279502,6.6074186392819465,4.352617418290208,0.0,0.0,0.0,0.0,0.0,model4,9.0,False,7440.0
2480,2015-11-08T05:00:00Z,41.0,172.37724093397145,452.8382086835177,103.5531818753749,40.332185348521094,12.449092895558884,54.68420130102606,7.304962951909008,4.553950414518753,0.0,0.0,0.0,0.0,0.0,model4,9.0,False,7443.0
2481,2015-11-08T08:00:00Z,41.0,172.9288768236348,443.6682363171289,103.61500211060944,40.585953728512735,13.179024448284895,54.53284774169307,7.200992488344142,4.694772298481523,0.0,0.0,0.0,0.0,0.0,model4,9.0,False,7446.0
2482,2015-11-08T11:00:00Z,41.0,172.66123415713025,431.8684147784864,102.27898460444672,40.860697230382506,13.144846397225182,54.9875023858605,8.252837684020095,4.044503656448297,0.0,0.0,0.0,0.0,0.0,model4,9.0,False,7449.0
2483,2015-11-08T14:00:00Z,41.0,172.05722164156734,417.1731372471546,102.32778159746462,40.99195994165553,13.270724822935266,56.12582130823226,8.096020623033874,3.819605483654101,0.0,0.0,0.0,0.0,0.0,model4,9.0,False,7452.0
2484,2015-11-08T17:00:00Z,41.0,172.49736538751893,412.35305145664637,101.24433925272095,40.344093216207206,12.149656075301065,55.986284172418344,8.682922861435962,4.303435633758802,0.0,0.0,0.0,0.0,0.0,model4,9.0,False,7455.0
2485,2015-11-08T20:00:00Z,41.0,173.3141608547239,403.9642191956348,101.809641415582,39.89698966988405,12.54635237059598,53.74892741604592,8.81959032933036,4.225900117169333,0.0,0.0,0.0,0.0,0.0,model4,9.0,False,7458.0
2486,2015-11-08T23:00:00Z,41.0,172.2309863568399,392.5101389534994,102.6230190384955,39.62368293593549,12.835156899466526,55.336561202113906,9.1905236940906,4.338729208561864,0.0,0.0,0.0,0.0,0.0,model4,9.0,False,7461.0
2487,2015-11-09T02:00:00Z,41.0,171.86073850062897,386.6043693873126,101.54474900274029,38.82998332467741,12.897536900804612,52.29384081630689,9.632941839434547,4.632906718821342,0.0,0.0,0.0,0.0,0.0,model4,9.0,False,7464.0
2488,2015-11-09T05:00:00Z,41.0,171.4539675398482,377.682381880428,101.41741232865013,39.71861505023097,12.653558433732373,46.45485594668218,8.982433799831957,4.556946956911028,0.0,0.0,0.0,0.0,0.0,model4,9.0,False,7467.0
2489,2015-11-09T08:00:00Z,41.0,171.13051255563067,367.1140158010914,102.76931552057093,38.957771602295644,11.056657737353095,38.739949446131504,10.31207423948784,4.883782551080281,0.0,0.0,0.0,0.0,0.0,model4,9.0,False,7470.0
2490,2015-11-09T11:00:00Z,41.0,172.3498117560161,366.7243621871056,103.28882300739916,38.510643877259156,12.804003888591149,44.96384232223472,9.69332024156041,4.8169208522471365,0.0,0.0,0.0,0.0,0.0,model4,9.0,False,7473.0
2491,2015-11-09T14:00:00Z,41.0,171.29190488523932,366.57713766944175,103.17833812756662,38.42815742798789,13.442502104990304,45.5345606696896,9.809849845669296,4.762383805315705,0.0,0.0,0.0,0.0,0.0,model4,9.0,False,7476.0
2492,2015-11-09T17:00:00Z,41.0,173.09490002113796,362.5112532305352,103.56100935270484,38.641402447258294,13.789847485856054,47.015455548200684,9.696268586217444,4.953851368517938,0.0,0.0,0.0,0.0,0.0,model4,9.0,False,7479.0
2493,2015-11-09T20:00:00Z,41.0,169.87212663524838,363.676501077368,102.76820873666168,39.07752651742655,14.878368242469387,52.212477507415954,9.887850468076305,5.43675473021033,0.0,0.0,0.0,0.0,0.0,model4,9.0,False,7482.0
2494,2015-11-09T23:00:00Z,41.0,171.8166243712915,362.7253924176087,100.93845707701216,38.94342971371341,15.310516449124696,50.52396688820893,10.991428300582475,5.671042062683468,0.0,0.0,0.0,0.0,0.0,model4,9.0,False,7485.0
2495,2015-11-10T02:00:00Z,41.0,172.867295673853,355.98716392552666,101.25681414927834,38.99892910392036,15.594155693077244,44.89815430107785,10.37280644842942,6.37190314764957,0.0,0.0,0.0,0.0,0.0,model4,9.0,False,7488.0
2496,2015-11-10T05:00:00Z,41.0,171.42970234750538,363.43389059347084,102.7698954208608,38.441437575038364,14.479124115416846,51.85122436002066,10.477468600299641,6.166372992633437,0.0,0.0,0.0,0.0,0.0,model4,9.0,False,7491.0
2497,2015-11-10T08:00:00Z,41.0,172.93758231882234,369.40278200403634,100.93251508061444,38.086662739814855,14.264773379641712,53.4655584811575,9.856813313196104,5.917847606852839,0.0,0.0,0.0,0.0,0.0,model4,9.0,False,7494.0
2498,2015-11-10T11:00:00Z,41.0,172.4423033101195,386.2808978110841,101.21442266024765,37.946488791625036,13.207472062537422,64.21056038672093,10.385598909773579,6.2762532245741065,0.0,0.0,0.0,0.0,0.0,model4,9.0,False,7497.0
2499,2015-11-10T14:00:00Z,41.0,172.7109309458051,401.8903368534873,100.31544321041477,38.039773556471246,12.964790588844528,67.01504332811547,10.537034848793262,6.8908760164012275,0.0,0.0,0.0,0.0,0.0,model4,9.0,False,7500.0
2500,2015-11-10T17:00:00Z,41.0,170.67827092090704,417.4675375599023,99.41433272998422,38.52854045887121,13.399158156111472,67.04500213214656,10.45303308174992,6.715941565931983,0.0,0.0,0.0,0.0,0.0,model4,9.0,False,7503.0
2501,2015-11-10T20:00:00Z,41.0,172.4329875602784,420.137793476335,99.54686169881559,38.03155816729257,12.273691244316735,62.97266867596459,10.284442446760123,6.400486937750465,0.0,0.0,0.0,0.0,0.0,model4,9.0,False,7506.0
2502,2015-11-10T23:00:00Z,41.0,169.26968706035836,433.7198719199373,100.65131601812216,38.91507428701984,12.151643298540616,57.89866797361689,9.582874504358633,6.487033138043548,0.0,0.0,0.0,0.0,0.0,model4,9.0,False,7509.0
2503,2015-11-11T02:00:00Z,41.0,167.6167095063581,441.84246880787657,103.8709867786298,39.554557319154256,11.659549574165954,47.924412259998604,13.101569105419767,5.670050923116709,0.0,0.0,0.0,0.0,0.0,model4,9.0,False,7512.0
2504,2015-11-11T05:00:00Z,41.0,167.40158127902484,442.3572554796687,105.71403219538358,39.84349741989434,11.535391428211836,46.745087388934145,16.480591570099033,6.074253609944696,0.0,0.0,0.0,0.0,0.0,model4,9.0,False,7515.0
2505,2015-11-11T08:00:00Z,41.0,167.4964553400766,450.9917475653824,109.64005001402286,40.416283991852175,12.043673747577744,39.43646847108703,18.826856042439356,5.8883889571097185,0.0,0.0,0.0,0.0,0.0,model4,9.0,False,7518.0
2506,2015-11-11T11:00:00Z,41.0,167.5692611147061,449.82017182225263,112.91733568330976,40.791181918565435,11.949285931393357,40.22440152416709,18.818483281171428,6.394779002242857,0.0,0.0,0.0,0.0,0.0,model4,9.0,False,7521.0
2507,2015-11-11T14:00:00Z,41.0,167.05803206168213,448.6507466254473,117.27823014425344,40.46090835865032,12.73973114407458,39.464008470710226,18.325262740363407,5.827363619176857,1.0,0.0,0.0,0.0,0.0,model4,9.0,False,7524.0
2508,2015-11-11T17:00:00Z,41.0,166.90279060192788,449.5809448040208,120.98460835481873,40.8913762532658,12.644305064554093,40.00330835887495,16.353781394330035,6.118840941721822,1.0,0.0,0.0,0.0,0.0,model4,9.0,False,7527.0
2509,2015-11-11T20:00:00Z,41.0,166.6622818288444,454.5079298716144,124.62667117464571,40.38466179459469,12.300385432739382,39.967695191998345,15.522951763684075,6.4544844858804185,1.0,0.0,0.0,0.0,0.0,model4,9.0,False,7530.0
2510,2015-11-11T23:00:00Z,41.0,166.93414197195847,451.1573215430152,127.87887081980976,39.59561660020671,12.702147988268411,42.44434252863575,12.95077801091228,6.4444056366113935,1.0,0.0,0.0,0.0,0.0,model4,9.0,False,7533.0
2511,2015-11-12T02:00:00Z,41.0,168.5056603213981,455.30735845045234,127.04478583415018,39.55494809152213,14.039685139057527,46.728838176518614,13.895501165970455,6.476723931643032,1.0,0.0,0.0,0.0,0.0,model4,9.0,False,7536.0
2512,2015-11-12T05:00:00Z,41.0,168.90832291570248,453.59070147486017,127.41733537347208,39.20072013862165,14.513730256273432,49.440705589286225,11.438462612686505,6.237068432327628,1.0,0.0,0.0,0.0,0.0,model4,9.0,False,7539.0
2513,2015-11-12T08:00:00Z,41.0,166.87293818653603,451.67605967464476,126.64338027569738,39.3052085852279,15.427543807029386,51.20423438556424,10.098742264752916,6.135240051433359,1.0,0.0,0.0,0.0,0.0,model4,9.0,False,7542.0
2514,2015-11-12T11:00:00Z,41.0,165.3020424295095,444.523409017445,126.95915607555479,39.20000958239179,15.103217241854553,47.68536795606373,10.385838441969607,4.956090367939146,1.0,0.0,0.0,0.0,0.0,model4,9.0,False,7545.0
2515,2015-11-12T14:00:00Z,41.0,164.65134044977682,446.7465696645525,125.43237791624756,39.33223308458233,16.88804277195356,47.44902892204648,11.583828974619262,4.8192958478452175,0.0,0.0,0.0,0.0,0.0,model4,9.0,False,7548.0
2516,2015-11-12T17:00:00Z,41.0,165.8451184836892,445.4707724267173,126.12393617573879,39.29829611191967,18.586130322342214,48.333627347270316,12.350835286660592,4.91102482376182,0.0,0.0,0.0,0.0,0.0,model4,9.0,False,7551.0
2517,2015-11-12T20:00:00Z,41.0,165.01919589672517,444.24365263405474,125.49790544082524,40.29126178017508,19.09280710156614,49.572969578248156,12.38430082698892,4.647674966826076,0.0,0.0,0.0,0.0,0.0,model4,9.0,False,7554.0
2518,2015-11-12T23:00:00Z,41.0,166.47678143667318,454.7547800937911,126.63601722950837,41.43065030457921,19.299738572472318,54.91512376846193,12.09584105178003,4.2941336012414135,0.0,0.0,0.0,0.0,0.0,model4,9.0,False,7557.0
2519,2015-11-13T02:00:00Z,41.0,164.79490064900355,461.3345977154431,126.0063428692206,41.9315121065851,18.05887948414904,52.42640166724537,11.960790147314231,4.082202477301154,0.0,0.0,0.0,0.0,0.0,model4,9.0,False,7560.0
2520,2015-11-13T05:00:00Z,41.0,165.77652218025517,463.91761312973915,122.95188707938308,42.189646384417436,18.257182822515844,54.31355257878602,14.532359030369985,3.7118961360828657,0.0,0.0,0.0,0.0,0.0,model4,9.0,False,7563.0
2521,2015-11-13T08:00:00Z,41.0,167.80793728212637,465.27235060630966,119.76255852669816,41.48845900957277,18.934547725012067,55.77361909527063,16.283721700297974,4.505699906154433,0.0,0.0,0.0,0.0,0.0,model4,9.0,False,7566.0
2522,2015-11-13T11:00:00Z,41.0,167.61498860225103,468.90154536645684,116.29073808996141,41.9831816026191,20.632735640589523,54.536961918179706,17.473503286288853,4.790921194034096,0.0,0.0,0.0,0.0,0.0,model4,9.0,False,7569.0
2523,2015-11-13T14:00:00Z,41.0,169.52033331833604,464.35671844100233,113.93184988406428,40.9077597756734,18.409967344763306,58.87883723420131,17.739534108586938,5.882402624189488,0.0,0.0,0.0,0.0,0.0,model4,9.0,False,7572.0
2524,2015-11-13T17:00:00Z,41.0,167.76806054975822,462.4177848489276,109.92436563395194,40.46387513833492,16.708616925042566,59.32972213114587,16.529719864128857,5.59556729810143,0.0,0.0,0.0,0.0,0.0,model4,9.0,False,7575.0
2525,2015-11-13T20:00:00Z,41.0,170.0017098677161,455.8442845902909,106.58680813611164,39.65806238455776,16.252330622197245,61.93208529964079,15.204383280550715,5.579533897093321,0.0,0.0,0.0,0.0,0.0,model4,9.0,False,7578.0
2526,2015-11-13T23:00:00Z,41.0,170.52403163220478,448.1891887149063,99.98407204119124,39.211318807102025,15.76624537930732,56.21906912083061,11.67053001935215,5.472386403533576,0.0,0.0,0.0,0.0,0.0,model4,9.0,False,7581.0
2527,2015-11-14T02:00:00Z,41.0,171.34168766684655,441.4879916065835,98.05036739084524,38.552532241632726,16.214059596244017,52.18532809067043,9.977907761943666,5.299645619588496,0.0,0.0,0.0,0.0,0.0,model4,9.0,False,7584.0
2528,2015-11-14T05:00:00Z,41.0,169.85164814787163,448.1442964607242,97.37089799795149,38.32729914422522,15.650395788921776,52.437484720540354,11.765151041133347,5.33100404972523,0.0,0.0,0.0,0.0,0.0,model4,9.0,False,7587.0
2529,2015-11-14T08:00:00Z,41.0,167.1413398357187,449.6430482316574,97.58664496240057,39.14708043708495,14.033387173784167,50.34918230136304,11.688682292402046,5.329339181966978,0.0,0.0,0.0,0.0,0.0,model4,9.0,False,7590.0
2530,2015-11-14T11:00:00Z,41.0,168.75682128376013,451.72823145482397,98.62336818077145,38.91399206894288,12.862165296047511,52.608994349872646,11.72126612003048,4.739348841097508,0.0,0.0,0.0,0.0,0.0,model4,9.0,False,7593.0
2531,2015-11-14T14:00:00Z,41.0,169.78622359209916,450.33514678719007,98.01617919515655,39.98067394495112,12.899582569761831,49.713231306129856,11.592840705906243,4.4183209065610125,0.0,0.0,0.0,0.0,0.0,model4,9.0,False,7596.0
2532,2015-11-14T17:00:00Z,41.0,172.2043916609365,452.2548425091708,98.4641585340093,39.90200493078584,13.091085005616154,48.649795962826616,11.742675329739235,4.234997342592899,0.0,0.0,0.0,0.0,0.0,model4,9.0,False,7599.0
2533,2015-11-14T20:00:00Z,41.0,170.27156800819432,449.3063865570072,98.49531982422293,39.93244408283324,14.117266962231527,54.049591448752395,11.451972071044095,4.119727102226086,0.0,0.0,0.0,0.0,0.0,model4,9.0,False,7602.0
2534,2015-11-14T23:00:00Z,41.0,169.21889860757358,452.4648672760543,100.70040327362786,39.78691477033529,14.349795898109912,52.74770002010191,11.158260616736893,4.296014230203581,0.0,0.0,0.0,0.0,0.0,model4,9.0,False,7605.0
2535,2015-11-15T02:00:00Z,41.0,171.50997390471295,452.12862674529447,100.55659860271669,39.38404995951364,15.675455022856186,52.14777328825418,11.230454798208148,4.2955732699140885,0.0,0.0,0.0,0.0,0.0,model4,9.0,False,7608.0
2536,2015-11-15T05:00:00Z,41.0,173.05645139916749,448.44085142300827,100.57619486432314,39.621338846959,15.649272262753506,48.37129882325417,9.713862908473267,4.145835902594151,0.0,0.0,0.0,0.0,0.0,model4,9.0,False,7611.0
2537,2015-11-15T08:00:00Z,41.0,173.9676184283743,446.5696428543295,101.33608359840623,39.38288307988983,14.74677279704085,54.44574218525923,10.421047494964267,4.116129004048332,0.0,0.0,0.0,0.0,0.0,model4,9.0,False,7614.0
2538,2015-11-15T11:00:00Z,41.0,171.976818072819,441.20785372448967,100.34658224114796,38.93142361825059,14.147140925451536,51.63774565192578,9.835161054838258,4.7153604784275664,0.0,0.0,0.0,0.0,0.0,model4,9.0,False,7617.0
2539,2015-11-15T14:00:00Z,41.0,170.07301250018298,446.4841840125417,102.3416968519736,39.2050404647594,16.24886047289197,52.51253735440554,11.232877613578232,4.526054578850268,0.0,0.0,0.0,0.0,0.0,model4,9.0,False,7620.0
2540,2015-11-15T17:00:00Z,41.0,169.62555361124637,445.7238952776094,103.39217882633085,39.248708459193786,15.69663628007453,51.25391055159436,11.475518537239948,4.537453525363384,0.0,0.0,0.0,0.0,0.0,model4,9.0,False,7623.0
2541,2015-11-15T20:00:00Z,41.0,171.09222654452262,453.34054174974204,103.19493069877537,39.29565193478985,14.670238418985894,41.41220866253615,10.962199208141964,4.5688828328686935,0.0,0.0,0.0,0.0,0.0,model4,9.0,False,7626.0
2542,2015-11-15T23:00:00Z,41.0,170.0614248081929,452.24172487272216,103.15374131692587,40.12891742315645,14.306919713101392,42.19892464062061,9.622351939065892,5.064756666912017,0.0,0.0,0.0,0.0,0.0,model4,9.0,False,7629.0
2543,2015-11-16T02:00:00Z,41.0,167.04744513985364,453.4171739378816,102.24700672792379,40.88989389098465,11.638389170928125,46.30410389732546,10.319428024323383,4.772840502987763,0.0,0.0,0.0,0.0,0.0,model4,9.0,False,7632.0
2544,2015-11-16T05:00:00Z,41.0,167.3071761335691,451.77988844803474,101.70052308188473,40.52330445912046,11.65146385868342,47.04803378884686,10.76215779427771,5.29076828137029,0.0,0.0,0.0,0.0,0.0,model4,9.0,False,7635.0
2545,2015-11-16T08:00:00Z,41.0,168.01033413506175,450.3909995034117,99.34631191298372,41.032618222764505,12.7688265179847,42.12803448815896,11.028143555345506,5.688727542816155,0.0,0.0,0.0,0.0,0.0,model4,9.0,False,7638.0
2546,2015-11-16T11:00:00Z,41.0,171.14172340393802,448.91475954623564,100.29171874968729,40.801125798550586,14.17946248887276,48.73641248971218,12.919952922993172,5.482573611472142,0.0,0.0,0.0,0.0,0.0,model4,9.0,False,7641.0
2547,2015-11-16T14:00:00Z,41.0,171.95821287675705,453.6000039800628,100.5234297490653,41.195218639611404,11.624837349262133,53.22328280172893,12.583921600118424,5.878176364647329,0.0,0.0,0.0,0.0,0.0,model4,9.0,False,7644.0
2548,2015-11-16T17:00:00Z,41.0,169.37175875923384,452.85763233891083,99.71615197854142,41.21128169318417,13.701192460660831,53.48821097005384,12.190964760757279,5.996401923605705,0.0,0.0,0.0,0.0,0.0,model4,9.0,False,7647.0
2549,2015-11-16T20:00:00Z,41.0,170.0606574083474,457.94752243505883,99.11045209032784,41.317534541540454,14.096546451557504,55.27339932071214,12.16561280931288,5.939184422484792,0.0,0.0,0.0,0.0,0.0,model4,9.0,False,7650.0
2550,2015-11-16T23:00:00Z,41.0,172.3332085203777,458.6251894481899,98.14858341790304,40.97571047614829,14.19139018648601,57.93319054522888,12.71132795379433,5.509670220768684,0.0,0.0,0.0,0.0,0.0,model4,9.0,False,7653.0
2551,2015-11-17T02:00:00Z,41.0,172.1135482890771,459.71629445496393,99.73855143247252,40.78258802854473,15.274175410155179,55.866266906083965,12.997002506584522,5.666909724817293,0.0,0.0,0.0,0.0,0.0,model4,9.0,False,7656.0
2552,2015-11-17T05:00:00Z,41.0,170.9984384273582,454.51612553892136,100.74790133200344,41.50108691981353,15.196253916750289,58.054806894749184,12.854999831321535,5.192036266333806,0.0,0.0,0.0,0.0,0.0,model4,9.0,False,7659.0
2553,2015-11-17T08:00:00Z,41.0,172.91213412302704,451.94117327808726,102.03789962196066,41.292439675753,14.870337041847318,56.49445582134924,12.57170369528424,5.0076202472838585,0.0,0.0,0.0,0.0,0.0,model4,9.0,False,7662.0
2554,2015-11-17T11:00:00Z,41.0,171.57311681863936,452.8933340439648,100.34043285133605,41.5015516280236,13.8495751446624,56.55721371519325,11.104494274138839,4.654601154882246,0.0,0.0,0.0,0.0,0.0,model4,9.0,False,7665.0
2555,2015-11-17T14:00:00Z,41.0,173.55024788030903,454.4810886222316,97.02891993632481,40.49055967392051,14.582794950630214,57.835577830411815,10.83171959672586,3.9551185735230536,0.0,0.0,0.0,0.0,0.0,model4,9.0,False,7668.0
2556,2015-11-17T17:00:00Z,41.0,178.18506137888087,451.0354327894794,96.36763917124986,41.1616388945711,13.249213008794618,58.1105370306857,10.775646626707164,4.069481429433932,0.0,0.0,0.0,0.0,0.0,model4,9.0,False,7671.0
2557,2015-11-17T20:00:00Z,41.0,177.03566618338033,447.69375561135115,97.45539185720749,42.2652554841115,13.793305005137926,54.685760189014395,11.59911107021162,4.546648516505663,0.0,0.0,0.0,0.0,0.0,model4,9.0,False,7674.0
2558,2015-11-17T23:00:00Z,41.0,175.8353263329486,445.9493921756393,98.42167212420445,41.88679477350056,14.651974833450847,51.052285742014845,11.446916367385422,4.6680940388515815,0.0,0.0,0.0,0.0,0.0,model4,9.0,False,7677.0
2559,2015-11-18T02:00:00Z,41.0,177.9529616989701,447.7175585265695,97.992671186229,41.14834657046836,13.962628350723994,50.644757130293144,11.175433197529712,5.229394673477717,0.0,0.0,0.0,0.0,0.0,model4,9.0,False,7680.0
2560,2015-11-18T05:00:00Z,41.0,175.6587450227756,450.62737412855256,97.49577106334374,40.99154515151272,16.813982101816645,48.423947334737214,10.573773433148821,5.3716233117227885,0.0,0.0,0.0,0.0,0.0,model4,9.0,False,7683.0
2561,2015-11-18T08:00:00Z,41.0,173.98002816122096,450.4103835249511,96.60164298219166,40.55805792067709,17.564972689821374,50.89548466661379,10.690736353847148,5.055555063688267,0.0,0.0,0.0,0.0,0.0,model4,9.0,False,7686.0
2562,2015-11-18T11:00:00Z,41.0,173.02377038398305,458.3979521842012,97.5151894258058,41.13005924411232,18.176900203623397,47.19778788677333,10.420559296005507,5.016453652830858,0.0,0.0,0.0,0.0,0.0,model4,9.0,False,7689.0
2563,2015-11-18T14:00:00Z,41.0,171.47350840967292,447.3187193867057,99.41916979139386,41.306593412102096,17.9265441173333,42.831885993139615,8.997940435862926,4.979913432124674,0.0,0.0,0.0,0.0,0.0,model4,9.0,False,7692.0
2564,2015-11-18T17:00:00Z,41.0,169.96177413555492,453.0317636093665,100.51420253662451,40.02139185629806,17.31284231571541,45.868508056075534,9.151887792602855,5.88538436075622,0.0,0.0,0.0,0.0,0.0,model4,9.0,False,7695.0
2565,2015-11-18T20:00:00Z,41.0,168.0039627686823,458.3228953182145,99.95026979899944,38.941229301747214,17.844888353301027,46.595362167520584,8.239835999271447,5.067136849474141,0.0,0.0,0.0,0.0,0.0,model4,9.0,False,7698.0
2566,2015-11-18T23:00:00Z,41.0,167.76956295515976,456.737355059539,99.931926416757,39.42811373817838,18.744141837746888,45.20738132110795,8.205363558613412,5.294483771901653,0.0,0.0,0.0,0.0,0.0,model4,9.0,False,7701.0
2567,2015-11-19T02:00:00Z,41.0,167.8512326623663,457.4716573753634,100.30075148591698,39.91841156581801,17.841137391136307,51.50295952795511,8.251386325656611,4.808205144242913,0.0,0.0,0.0,0.0,0.0,model4,9.0,False,7704.0
2568,2015-11-19T05:00:00Z,41.0,169.76325164032622,454.5222060063839,100.44408071963446,39.777608745156854,16.97406237994606,52.7507725501997,9.04932495884505,4.539708605199914,0.0,0.0,0.0,0.0,0.0,model4,9.0,False,7707.0
2569,2015-11-19T08:00:00Z,41.0,166.57887948601575,455.2371723684426,100.87695446339495,40.373209212989174,18.4806108053542,49.63295828001375,7.932952880856128,4.516161134746731,0.0,0.0,0.0,0.0,0.0,model4,9.0,False,7710.0
2570,2015-11-19T11:00:00Z,41.0,167.1091732956501,446.2373824275686,100.35624485984215,39.493211607336534,17.784652026307942,48.087680729763385,8.286365383521439,4.784850281308466,0.0,0.0,0.0,0.0,0.0,model4,9.0,False,7713.0
2571,2015-11-19T14:00:00Z,41.0,166.2433368905825,449.75760913727373,100.6349374448213,39.395731035011394,17.404640176083678,48.131558526393995,8.970477755242259,5.140986123370888,0.0,0.0,0.0,0.0,0.0,model4,9.0,False,7716.0
2572,2015-11-19T17:00:00Z,41.0,165.13264279682488,448.1989188957917,99.66814244291042,39.70829994125854,16.733723715211276,50.17739023728027,8.762509975692245,4.045432348279527,0.0,0.0,0.0,0.0,0.0,model4,9.0,False,7719.0
2573,2015-11-19T20:00:00Z,41.0,167.48192503548404,442.74135301663216,99.10453851274393,39.95137876511447,16.247242174127276,47.98070428008273,9.011550147556617,3.887781892010504,0.0,0.0,0.0,0.0,0.0,model4,9.0,False,7722.0
2574,2015-11-19T23:00:00Z,41.0,167.56375288515957,444.5032875703637,99.48391482216795,39.465631483562156,14.293250323049572,48.312769124400646,8.868790556172765,3.833418949264012,0.0,0.0,0.0,0.0,0.0,model4,9.0,False,7725.0
2575,2015-11-20T02:00:00Z,41.0,165.25273542753172,435.6435930649247,99.01901428345602,39.51725169980698,15.617611748702734,46.27723469884468,8.220153253004467,3.844443210042869,0.0,0.0,0.0,0.0,0.0,model4,9.0,False,7728.0
2576,2015-11-20T05:00:00Z,41.0,167.5403267312555,440.1005561205233,98.37129667742356,40.00091009027964,16.874054252392018,51.900714208772,9.403467719063126,4.260801038179282,0.0,0.0,0.0,0.0,0.0,model4,9.0,False,7731.0
2577,2015-11-20T08:00:00Z,41.0,171.34144822107396,441.0041561028049,98.66787406094463,39.73477049023268,14.705215348645055,58.727569912640064,9.682921146441704,4.544943563366021,0.0,0.0,0.0,0.0,0.0,model4,9.0,False,7734.0
2578,2015-11-20T11:00:00Z,41.0,169.28896433301438,444.4826573960331,99.0056007137679,40.181692883476174,15.688964218184495,60.10651219711318,9.540510982462974,4.502461547763788,0.0,0.0,0.0,0.0,0.0,model4,9.0,False,7737.0
2579,2015-11-20T14:00:00Z,41.0,168.59574371650442,443.6200605033274,97.52610646425362,39.7738422485891,16.083641113881537,61.77144051073738,10.075567423127657,4.374767081667676,0.0,0.0,0.0,0.0,0.0,model4,9.0,False,7740.0
2580,2015-11-20T17:00:00Z,41.0,167.62890418166936,448.9219737016574,97.56208130827969,40.712090936611055,15.766368063708839,62.05473041930815,9.823773526697401,4.92088985938482,0.0,0.0,0.0,0.0,0.0,model4,9.0,False,7743.0
2581,2015-11-20T20:00:00Z,41.0,166.960701254794,451.8633224748778,99.42715235059588,40.59878842500512,15.889735923955731,63.16968134464653,10.993171469512355,5.378304643859925,0.0,0.0,0.0,0.0,0.0,model4,9.0,False,7746.0
2582,2015-11-20T23:00:00Z,41.0,167.6698629430896,456.56882790302666,99.05655415488772,40.11358917015821,16.925058037773308,64.85129783791541,10.809225096054762,5.298896540461584,0.0,0.0,0.0,0.0,0.0,model4,9.0,False,7749.0
2583,2015-11-21T02:00:00Z,41.0,169.0088035844709,465.5526883649984,97.25949485544771,40.794814760570794,16.422950230655232,58.31848915522415,11.906468575569825,5.7513672671423866,0.0,0.0,0.0,0.0,0.0,model4,9.0,False,7752.0
2584,2015-11-21T05:00:00Z,41.0,166.37439878420528,463.463205951108,98.22628249847266,40.053035676497295,14.852973555844152,55.65088522506829,10.397009419088457,6.049262106713472,0.0,0.0,0.0,0.0,0.0,model4,9.0,False,7755.0
2585,2015-11-21T08:00:00Z,41.0,165.2632062219624,463.91926143777323,97.82734347929129,40.03776070982663,14.140267774590669,51.7290471843149,9.974472274839993,6.499084851441376,0.0,0.0,0.0,0.0,0.0,model4,9.0,False,7758.0
2586,2015-11-21T11:00:00Z,41.0,167.46879447946654,466.1008684285725,96.6913369870442,39.73383920142976,14.095899137106715,51.39508446195401,10.272767261899741,6.345940315391853,0.0,0.0,0.0,0.0,0.0,model4,9.0,False,7761.0
2587,2015-11-21T14:00:00Z,41.0,169.30545305796142,460.68031621121577,97.62769187457005,39.8156365190349,13.498206301443846,51.40845996068165,9.278027112337666,6.580917176279807,0.0,0.0,0.0,0.0,0.0,model4,9.0,False,7764.0
2588,2015-11-21T17:00:00Z,41.0,169.89745357701318,453.2416867002652,97.67330877377682,39.54190739555124,13.266554440824105,47.330728599991005,9.27462174933284,6.174678365284708,0.0,0.0,0.0,0.0,0.0,model4,9.0,False,7767.0
2589,2015-11-21T20:00:00Z,41.0,170.25508038225266,456.04550755788665,97.34281335204287,39.42598660553669,13.263223941323727,48.63233145841495,9.34875564557002,5.856206303570652,0.0,0.0,0.0,0.0,0.0,model4,9.0,False,7770.0
2590,2015-11-21T23:00:00Z,41.0,168.77724325987685,447.9545531577447,97.68918906062149,40.19919969847126,12.347617159520034,50.25294361660762,9.445709516082752,6.390723541453159,0.0,0.0,0.0,0.0,0.0,model4,9.0,False,7773.0
2591,2015-11-22T02:00:00Z,41.0,169.6907692920085,441.4563498740102,99.3333714878389,39.648552556497975,11.299323126867554,49.05799931441925,8.051926354957656,5.947698353292648,0.0,0.0,0.0,0.0,0.0,model4,9.0,False,7776.0
2592,2015-11-22T05:00:00Z,41.0,171.98582889144868,438.1156439658415,97.92732839059136,38.836230400636396,11.510176422281852,47.61215795655815,8.995110895177868,6.2355319175136845,0.0,0.0,0.0,0.0,0.0,model4,9.0,False,7779.0
2593,2015-11-22T08:00:00Z,41.0,172.36751621837757,438.6844533208965,98.97861531436048,38.53954778261756,10.530340181365242,44.76034332900751,9.601615107784669,5.4878918642229655,0.0,0.0,0.0,0.0,0.0,model4,9.0,False,7782.0
2594,2015-11-22T11:00:00Z,41.0,172.7843904839284,433.423642028861,98.67413332910827,38.98011668308767,10.479794128583881,41.72340521134452,9.940851055716069,5.6171211493836966,0.0,0.0,0.0,0.0,0.0,model4,9.0,False,7785.0
2595,2015-11-22T14:00:00Z,41.0,170.8388188529178,441.1756309432153,99.19481471344143,39.076805179209366,12.802475858201644,45.636337446697645,11.115673983489692,5.168637128440248,0.0,0.0,0.0,0.0,0.0,model4,9.0,False,7788.0
2596,2015-11-22T17:00:00Z,41.0,169.7799280961376,443.77725263040634,99.82560267889386,38.77297904172283,13.434007554989245,48.229139152059496,11.468945372385823,4.974863475358874,0.0,0.0,0.0,0.0,0.0,model4,9.0,False,7791.0
2597,2015-11-22T20:00:00Z,41.0,169.4354818412654,437.07859909599364,98.54616739369492,38.859514842234226,13.549583831859154,44.94394284910754,10.435228317280039,5.142045392218689,0.0,0.0,0.0,0.0,0.0,model4,9.0,False,7794.0
2598,2015-11-22T23:00:00Z,41.0,171.4459126845851,436.17563662079993,97.32820615859501,38.731345921437175,13.726770905712604,42.85677754668549,11.644854792719867,4.479990597799149,0.0,0.0,0.0,0.0,0.0,model4,9.0,False,7797.0
2599,2015-11-23T02:00:00Z,41.0,170.45400802892198,434.3196978221754,97.7338174788887,39.207481244734396,14.54187299727695,44.42770815316224,12.190718938103936,4.817550706868528,0.0,0.0,0.0,0.0,0.0,model4,9.0,False,7800.0
2600,2015-11-23T05:00:00Z,41.0,168.61677998164788,444.4477611722878,99.4491917826264,40.431958760179526,14.07197477027767,47.02562073007915,11.527121398894035,3.835570826733651,0.0,0.0,0.0,0.0,0.0,model4,9.0,False,7803.0
2601,2015-11-23T08:00:00Z,41.0,169.86249464302034,445.4884205482767,99.92138485188414,40.45826553259227,14.602898074352662,46.19473694499109,11.626446909065232,3.9731376747206766,0.0,0.0,0.0,0.0,0.0,model4,9.0,False,7806.0
2602,2015-11-23T11:00:00Z,41.0,168.1390488165324,447.4026952649414,101.7357747894968,40.698069442139385,15.38328066082376,44.394035610987856,10.590826284719428,3.957868863779888,0.0,0.0,0.0,0.0,0.0,model4,9.0,False,7809.0
2603,2015-11-23T14:00:00Z,41.0,170.29886243664484,443.50981098904833,100.37562052659617,41.52431280737504,14.490155978648627,38.88527719009943,10.00964106401585,4.1567506251901785,0.0,0.0,0.0,0.0,0.0,model4,9.0,False,7812.0
2604,2015-11-23T17:00:00Z,41.0,172.0889384575965,444.0586842653896,100.83233342979969,41.01915621087013,13.211444773157258,37.81716077449661,10.404638679187725,4.559032310956415,0.0,0.0,0.0,0.0,0.0,model4,9.0,False,7815.0
2605,2015-11-23T20:00:00Z,41.0,170.1927837376136,441.4986846943309,100.66288359911758,41.60474662755424,15.747909975488124,37.91719839936759,10.285343172488028,4.281925681953263,0.0,0.0,0.0,0.0,0.0,model4,9.0,False,7818.0
2606,2015-11-23T23:00:00Z,41.0,168.50214270003227,443.62999784192164,101.98930663025246,41.28559387519137,15.393026905836155,42.54652167472076,8.634978132305525,4.3781092930905805,0.0,0.0,0.0,0.0,0.0,model4,9.0,False,7821.0
2607,2015-11-24T02:00:00Z,41.0,169.5893572358853,453.2005934671287,102.17459035780405,40.08242640002418,15.084796052288954,43.13999491425882,9.213054480104637,5.065893921655071,0.0,0.0,0.0,0.0,0.0,model4,9.0,False,7824.0
2608,2015-11-24T05:00:00Z,41.0,169.1538066374384,445.7213101106392,102.61664036769062,40.76953220066325,15.419373029465106,49.458416307480675,10.399987481526,5.605905395749649,0.0,0.0,0.0,0.0,0.0,model4,9.0,False,7827.0
2609,2015-11-24T08:00:00Z,41.0,167.18781656022009,445.4430660923702,100.79371400087065,40.77627907268319,17.139438404361858,51.183622985897685,10.364689668551122,5.54413668438622,0.0,0.0,0.0,0.0,0.0,model4,9.0,False,7830.0
2610,2015-11-24T11:00:00Z,41.0,168.52309919929917,452.44863883634247,101.08026047980248,40.47612011955349,18.137799047826828,55.254651469144285,10.834887836569008,5.509811787171334,0.0,0.0,0.0,0.0,0.0,model4,9.0,False,7833.0
2611,2015-11-24T14:00:00Z,41.0,166.71129810567666,459.5799410483877,101.6098493108486,39.89522222569501,18.57679895350875,59.46378093377484,10.430463615747994,5.315036833726028,0.0,0.0,0.0,0.0,0.0,model4,9.0,False,7836.0
2612,2015-11-24T17:00:00Z,41.0,167.733396573094,454.69357562281374,100.9692708540947,39.924657192371114,20.09705906924415,71.97714173024127,9.965127720874596,6.1009725649742,0.0,0.0,0.0,0.0,0.0,model4,9.0,False,7839.0
2613,2015-11-24T20:00:00Z,41.0,172.74712309867851,458.1491309516204,101.04841558458835,39.62234313167541,20.436355778416868,70.64760589728645,9.95333327224954,6.145341446148608,0.0,0.0,0.0,0.0,0.0,model4,9.0,False,7842.0
2614,2015-11-24T23:00:00Z,41.0,175.71382196302474,462.08630681420317,99.89937946009985,39.067071497485536,21.236056367600455,68.22709448138464,10.460783464994591,6.419401590321229,0.0,0.0,0.0,0.0,0.0,model4,9.0,False,7845.0
2615,2015-11-25T02:00:00Z,41.0,176.079151922679,455.78597243788033,99.5958774186275,39.8004053526918,21.177172805467016,67.58138176449135,9.5526411310761,6.522043704312147,0.0,0.0,0.0,0.0,0.0,model4,9.0,False,7848.0
2616,2015-11-25T05:00:00Z,41.0,178.60550330667633,460.69244003458914,98.47824246496828,39.09628153538928,20.67983673245897,62.232638392094564,8.326739362755799,5.954630252451771,0.0,0.0,0.0,0.0,0.0,model4,9.0,False,7851.0
2617,2015-11-25T08:00:00Z,41.0,179.45239493060825,461.0740996597084,100.04693047229073,39.079096434687145,18.333615269089485,60.442392119808865,10.147723305726897,6.19268349864042,0.0,0.0,0.0,0.0,0.0,model4,9.0,False,7854.0
2618,2015-11-25T11:00:00Z,41.0,178.6582868917308,460.683799986196,99.08539629949827,38.730961303339356,17.459650575985428,62.89275998112317,9.512524942281146,6.530261308541298,0.0,0.0,0.0,0.0,0.0,model4,9.0,False,7857.0
2619,2015-11-25T14:00:00Z,41.0,178.88070049423837,453.91235692769584,100.56830122815634,38.719850800026265,16.67261855550615,60.731876204336565,9.924278670441444,6.5244327722649205,0.0,0.0,0.0,0.0,0.0,model4,9.0,False,7860.0
2620,2015-11-25T17:00:00Z,41.0,176.5610729382525,457.2555420166038,99.96118115461563,38.56529624948308,16.44838148947113,44.11039394862157,10.010899556235586,5.833525479206664,0.0,0.0,0.0,0.0,0.0,model4,9.0,False,7863.0
2621,2015-11-25T20:00:00Z,41.0,175.0418836027315,462.07640681168533,101.7812080071787,37.90042722634827,14.690463858283367,44.165597136331726,11.033500276222883,5.55725741034326,0.0,0.0,0.0,0.0,0.0,model4,9.0,False,7866.0
2622,2015-11-25T23:00:00Z,41.0,171.1588154862485,463.7878947377498,102.3502865840586,38.583310113544606,14.835280632096858,41.357644299835314,10.225706291595197,5.316009036624756,0.0,0.0,0.0,0.0,0.0,model4,9.0,False,7869.0
2623,2015-11-26T02:00:00Z,41.0,167.5512722398051,463.73795782761323,101.22434409344952,38.99988141117127,15.248054726174855,44.561886610612746,10.665483377985336,4.795810569946987,0.0,0.0,0.0,0.0,1.0,model4,9.0,False,7872.0
2624,2015-11-26T05:00:00Z,41.0,166.6220470590419,460.51446328320014,101.5610189998156,38.58374705512039,14.270169376925011,43.251087574424155,11.340465297873974,4.488539982040167,0.0,0.0,0.0,0.0,1.0,model4,9.0,False,7875.0
2625,2015-11-26T08:00:00Z,41.0,165.94908815551887,464.36222257837517,100.68385294173252,38.927226108938434,14.445954190734966,43.978402156041575,9.78915595820236,4.217104920916336,0.0,0.0,0.0,0.0,1.0,model4,9.0,False,7878.0
2626,2015-11-26T11:00:00Z,41.0,168.51566441792536,461.144646407788,101.34082282072498,38.96684378880426,16.004416942011222,37.69578090745213,9.773605569060356,3.5811407151746733,0.0,0.0,0.0,0.0,1.0,model4,9.0,False,7881.0
2627,2015-11-26T14:00:00Z,41.0,170.02328818761117,462.6402768921249,99.75590469398944,39.21846555042343,15.940370657769911,33.33251157630511,9.450579429403787,3.5496000467070137,0.0,0.0,0.0,0.0,1.0,model4,9.0,False,7884.0
2628,2015-11-26T17:00:00Z,41.0,170.7109481103631,463.02106068967623,99.71435319421259,39.55501526862083,16.035634989734714,32.847252207350095,9.145728248849746,3.2669147914495578,0.0,0.0,0.0,0.0,1.0,model4,9.0,False,7887.0
2629,2015-11-26T20:00:00Z,41.0,169.21882318337387,459.4875218360782,97.7411053269555,39.83791034938476,15.698852391744532,33.67653989895566,7.531062093956,3.3269255201520767,0.0,0.0,0.0,0.0,1.0,model4,9.0,False,7890.0
2630,2015-11-26T23:00:00Z,41.0,170.2967666980371,458.1048145917793,97.86588477479894,40.0932913043441,15.609399178332891,38.33324954147732,7.8289032386182775,3.42249722263928,0.0,0.0,0.0,0.0,1.0,model4,9.0,False,7893.0
2631,2015-11-27T02:00:00Z,41.0,172.89290881915778,463.9861501539042,99.83296635721243,39.87530654771022,14.117342366485158,33.81390053933531,7.834399004674629,3.3418525665150467,0.0,0.0,0.0,0.0,0.0,model4,9.0,False,7896.0
2632,2015-11-27T05:00:00Z,41.0,171.98750974872772,465.2946971949227,100.29803953746,39.77034017559978,13.747743232523847,38.30039951312891,7.333302063275628,3.868233207445284,0.0,0.0,0.0,0.0,0.0,model4,9.0,False,7899.0
2633,2015-11-27T08:00:00Z,41.0,170.87480744121675,466.40275173299375,100.37190729484408,39.856991784074246,15.191065455322034,43.35104676498813,7.196317106492834,3.7676621271389816,0.0,0.0,0.0,0.0,0.0,model4,9.0,False,7902.0
2634,2015-11-27T11:00:00Z,41.0,166.33354921502118,469.6201944864495,100.19743339129944,39.52404581190649,14.789407155001516,46.97158404193496,7.514739376173414,4.175428391716027,0.0,0.0,0.0,0.0,0.0,model4,9.0,False,7905.0
2635,2015-11-27T14:00:00Z,41.0,166.13886871623674,471.230172949989,100.88709345496632,40.08495704991624,14.52282747854135,52.07344099386557,7.410116041074543,5.135432720757782,0.0,0.0,0.0,0.0,0.0,model4,9.0,False,7908.0
2636,2015-11-27T17:00:00Z,41.0,165.07598587388568,463.2604855097328,100.64616164263245,40.031240453871106,14.127315898352986,58.72900772900782,7.907793045515717,5.100339153803873,0.0,0.0,0.0,0.0,0.0,model4,9.0,False,7911.0
2637,2015-11-27T20:00:00Z,41.0,164.49188425202811,460.77734326767967,101.4931095870657,40.33230972099646,13.98962352563812,65.28241410404739,8.129571391262258,4.910241562719476,0.0,0.0,0.0,0.0,0.0,model4,9.0,False,7914.0
2638,2015-11-27T23:00:00Z,41.0,163.635696419799,454.1965232104856,101.43235100764652,40.08738673368659,12.751367896958964,63.51487036362956,8.976120022098463,4.820323454649963,0.0,0.0,0.0,0.0,0.0,model4,9.0,False,7917.0
2639,2015-11-28T02:00:00Z,41.0,162.94960496220634,444.29131925835924,99.60962946529379,40.36519194322572,11.645448870094182,66.27819775190518,8.934696321067197,5.00604764662342,0.0,0.0,0.0,0.0,0.0,model4,9.0,False,7920.0
2640,2015-11-28T05:00:00Z,41.0,161.5369329877397,438.63975681848746,99.11692197284133,39.970579483912566,12.243313384042844,66.36877985920073,8.054723503379071,5.122597969939325,0.0,0.0,0.0,0.0,0.0,model4,9.0,False,7923.0
2641,2015-11-28T08:00:00Z,41.0,162.53671490315003,428.89120649951684,99.19559971995487,40.45429481937318,13.568931986609366,63.221537150442714,8.324670360908584,5.4445199991778495,0.0,0.0,0.0,0.0,0.0,model4,9.0,False,7926.0
2642,2015-11-28T11:00:00Z,41.0,164.388791709098,427.75486710621976,99.30924466805841,41.12605128569915,14.377662483730063,59.598490282216794,8.285767731537106,4.877674396250269,0.0,0.0,0.0,0.0,0.0,model4,9.0,False,7929.0
2643,2015-11-28T14:00:00Z,41.0,164.24587836681962,426.1278827004087,98.06188478148071,40.22973238540754,14.227016539387677,55.17148795307952,8.250695775622079,4.262672141658719,0.0,0.0,0.0,0.0,0.0,model4,9.0,False,7932.0
2644,2015-11-28T17:00:00Z,41.0,166.62954762143934,427.53350305009553,99.25641280771393,40.372154794000025,14.610751692045211,53.297129815180504,9.390795036090305,5.2160864625825125,0.0,0.0,0.0,0.0,0.0,model4,9.0,False,7935.0
2645,2015-11-28T20:00:00Z,41.0,166.30349027664934,431.9048259482953,99.20030734823573,39.62633500076903,14.608308171100285,48.98807753745497,9.190304518915328,5.663401014980142,0.0,0.0,0.0,0.0,0.0,model4,9.0,False,7938.0
2646,2015-11-28T23:00:00Z,41.0,170.01684897949247,440.57567981852685,97.68970046546059,39.47605327700143,16.202755567022614,53.36339397447536,8.810481986655194,5.90795296259194,0.0,0.0,0.0,0.0,0.0,model4,9.0,False,7941.0
2647,2015-11-29T02:00:00Z,41.0,169.7827318628416,440.743246697591,99.65731407076557,38.967281377596585,16.670797130680448,51.620456402630644,9.3550307463206,6.043128490885817,0.0,0.0,0.0,0.0,0.0,model4,9.0,False,7944.0
2648,2015-11-29T05:00:00Z,41.0,169.6572092679427,447.5332632577562,98.9830407709473,39.92258822815048,17.010395836375185,50.901490641058395,9.83284740241829,5.831845906914915,0.0,0.0,0.0,0.0,0.0,model4,9.0,False,7947.0
2649,2015-11-29T08:00:00Z,41.0,170.7867102175772,446.42694160079816,97.6784732193326,39.15691905091553,16.867257593456127,49.325667352207574,10.133905747536046,5.5030447803974125,0.0,0.0,0.0,0.0,0.0,model4,9.0,False,7950.0
2650,2015-11-29T11:00:00Z,41.0,170.38297379513546,439.35160485222684,98.04177164152969,39.35719946405135,15.886504345918393,46.83606664707335,10.388524271511175,5.642202473679656,0.0,0.0,0.0,0.0,0.0,model4,9.0,False,7953.0
2651,2015-11-29T14:00:00Z,41.0,169.62222080430158,441.62311370325193,99.18864875095241,39.222344993592735,15.906836909819152,46.66402977255501,10.19819958631868,5.7554448491420365,0.0,0.0,0.0,0.0,0.0,model4,9.0,False,7956.0
2652,2015-11-29T17:00:00Z,41.0,167.986335184561,449.66494085378304,99.82279585997016,39.535300106019285,15.508078192415507,46.03929411832725,9.325329085979057,4.974401294939923,0.0,0.0,0.0,0.0,0.0,model4,9.0,False,7959.0
2653,2015-11-29T20:00:00Z,41.0,169.3198636134249,449.6559542832536,98.91700732501623,40.12815667258303,15.401875905539189,45.299094450386704,9.584674537906485,4.428307036377372,0.0,0.0,0.0,0.0,0.0,model4,9.0,False,7962.0
2654,2015-11-29T23:00:00Z,41.0,166.71275123934763,442.857167953578,100.16386770855469,41.08259704733995,13.337326458914044,41.23063273628062,8.79115598104004,5.082438429131303,0.0,0.0,0.0,0.0,0.0,model4,9.0,False,7965.0
2655,2015-11-30T02:00:00Z,41.0,167.07391023074047,457.0335325790682,98.94915895070991,42.71998911367268,13.121269994876105,45.96247726251029,8.653670640840817,6.015465458312197,0.0,0.0,0.0,0.0,0.0,model4,9.0,False,7968.0
2656,2015-11-30T05:00:00Z,41.0,168.81974760443183,460.06486546320883,100.39025205244177,43.94802814069526,11.599487776802045,51.46922592209963,8.287150357844098,6.8974992816955165,0.0,0.0,0.0,0.0,0.0,model4,9.0,False,7971.0
2657,2015-11-30T08:00:00Z,41.0,169.0130943571481,466.08106185588235,101.73690957759598,45.340795825477066,9.906731812023605,47.061747487345855,8.073019759953045,6.969496090412881,0.0,0.0,0.0,0.0,0.0,model4,9.0,False,7974.0
2658,2015-11-30T11:00:00Z,41.0,168.28031029315653,470.9452527925914,100.34306443315012,46.54517045574497,10.636161774312418,48.1363127805267,10.056423671363165,6.948547914196428,0.0,0.0,0.0,0.0,0.0,model4,9.0,False,7977.0
2659,2015-11-30T14:00:00Z,41.0,168.58408213867185,461.46654422890464,99.19014125523987,48.128978336788215,11.859937307489286,55.82790681631113,10.654810317370606,6.1365369967812935,0.0,0.0,0.0,0.0,0.0,model4,9.0,False,7980.0
2660,2015-11-30T17:00:00Z,41.0,167.5307995014976,461.5065492534764,97.26000319178343,49.10785294583725,12.476728407428071,58.95848443710005,10.660086552095144,5.463628260023509,0.0,0.0,0.0,0.0,0.0,model4,9.0,False,7983.0
2661,2015-11-30T20:00:00Z,41.0,166.51328308941882,465.5250483760338,97.84421241737179,51.01972528134567,12.543659831719268,59.30608329294185,10.190539951713914,4.26122212212542,0.0,0.0,0.0,0.0,0.0,model4,9.0,False,7986.0
2662,2015-11-30T23:00:00Z,41.0,166.30400257170783,459.0726702277573,97.40738880775636,51.04807271670159,12.986472956630173,65.94634881989325,11.66055787693143,3.670967682521921,0.0,0.0,0.0,0.0,0.0,model4,9.0,False,7989.0
2663,2015-12-01T02:00:00Z,41.0,167.3153370113765,456.03351201135973,96.50462204219518,51.05320566455551,13.407152214005398,66.64116262083434,11.676556137299016,4.939470297445253,0.0,0.0,0.0,0.0,0.0,model4,9.0,False,7992.0
2664,2015-12-01T05:00:00Z,41.0,165.3524154004617,454.4617695441272,96.3921285472324,51.04952067844836,13.932701974380233,62.48737780059389,12.141398755734516,4.858646090044567,0.0,0.0,0.0,0.0,0.0,model4,9.0,False,7995.0
2665,2015-12-01T08:00:00Z,41.0,165.49456902983997,445.8388325398704,95.93752826521938,51.05075851217616,14.424169595167553,66.75259179021258,11.479925880688839,4.7681842249227016,0.0,0.0,0.0,0.0,0.0,model4,9.0,False,7998.0
2666,2015-12-01T11:00:00Z,41.0,168.3419752624239,447.36454975673036,96.92224175422214,50.66493535894181,16.511269893730567,66.7628889621286,10.39615019085674,5.441173609035984,0.0,0.0,0.0,0.0,0.0,model4,9.0,False,8001.0
2667,2015-12-01T14:00:00Z,41.0,169.96921792147282,454.3118322989601,97.80718340844713,51.05745493168386,16.06813596599973,63.626898796559296,10.406333492425832,5.677056141869388,0.0,0.0,0.0,0.0,0.0,model4,9.0,False,8004.0
2668,2015-12-01T17:00:00Z,41.0,171.74551613990224,454.5779497687061,98.991198210161,51.02451327303919,15.27528822860158,63.2531440116469,10.951185778759628,5.665662319393929,0.0,0.0,0.0,0.0,0.0,model4,9.0,False,8007.0
2669,2015-12-01T20:00:00Z,41.0,170.3129861222224,449.3657669369381,97.8974571880846,50.49494918157024,16.181615922845367,62.40790024914134,11.232138419093358,5.783962423431608,0.0,0.0,0.0,0.0,0.0,model4,9.0,False,8010.0
2670,2015-12-01T23:00:00Z,41.0,169.54315801517237,462.6608110957245,99.09179256377828,50.88430992301222,16.361948438357988,57.20702896002701,10.337713360412684,6.088598691300525,0.0,0.0,0.0,0.0,0.0,model4,9.0,False,8013.0
2671,2015-12-02T02:00:00Z,41.0,170.6512651025256,449.06540031774085,100.58593782539208,49.42480447113363,17.575578883585994,56.11389673551325,10.15782830353858,6.076239873712381,0.0,0.0,0.0,0.0,0.0,model4,9.0,False,8016.0
2672,2015-12-02T05:00:00Z,41.0,172.71566706977268,442.7582624692405,99.8839836850116,48.2019792042943,17.539192939581195,56.324738521797954,9.5470137606911,6.505597981060642,0.0,0.0,0.0,0.0,0.0,model4,9.0,False,8019.0
2673,2015-12-02T08:00:00Z,41.0,171.87286829766083,453.7628810565036,98.78292107408272,47.110277290827334,16.587814025317336,58.290188450612185,10.314710619036733,6.937790830818063,0.0,0.0,0.0,0.0,0.0,model4,9.0,False,8022.0
2674,2015-12-02T11:00:00Z,41.0,171.35394591117975,454.96203278407165,97.86954516561892,45.8349785603671,15.211936148693711,59.327476054052326,9.826313644352807,7.293033082716134,0.0,0.0,0.0,0.0,0.0,model4,9.0,False,8025.0
2675,2015-12-02T14:00:00Z,41.0,169.80642014929919,451.8404408551289,99.0943365645055,44.09051461287572,15.227247358365116,59.000453166845396,10.31707175625973,6.480906246014572,0.0,0.0,0.0,0.0,0.0,model4,9.0,False,8028.0
2676,2015-12-02T17:00:00Z,41.0,169.20091117905937,454.8662171345213,98.93865362346308,42.614914411482495,15.313877406261366,60.494012077792064,9.213774160930162,6.697482989375183,0.0,0.0,0.0,0.0,0.0,model4,9.0,False,8031.0
2677,2015-12-02T20:00:00Z,41.0,170.48313537687324,451.31473556354,100.19649487359352,40.87064163227699,14.240481406461955,61.604869251356774,8.999442422569471,6.231460576902683,0.0,0.0,0.0,0.0,0.0,model4,9.0,False,8034.0
2678,2015-12-02T23:00:00Z,41.0,169.05513361152646,447.4902083166937,100.12339653997627,38.86378228536994,17.497509338585697,59.624339256459855,8.46642862255778,5.038512739095913,0.0,0.0,0.0,0.0,0.0,model4,9.0,False,8037.0
2679,2015-12-03T02:00:00Z,41.0,168.46707732598577,455.2443405945507,99.19532862342764,37.994164965937316,17.87384047035803,59.00817192746705,7.817682175562853,5.205286099454137,0.0,0.0,0.0,0.0,0.0,model4,9.0,False,8040.0
2680,2015-12-03T05:00:00Z,41.0,165.72311751785654,463.5007248754359,99.47783364077459,38.26341719324389,18.73936894276364,54.98890081178134,7.95347258280254,5.226748527558604,0.0,0.0,0.0,0.0,0.0,model4,9.0,False,8043.0
2681,2015-12-03T08:00:00Z,41.0,165.72776576252934,459.85842853981836,100.98478109158651,37.670406637017756,19.238409619127868,48.20919109350229,6.655936143131738,4.794963923281167,0.0,0.0,0.0,0.0,0.0,model4,9.0,False,8046.0
2682,2015-12-03T11:00:00Z,41.0,164.39252742559862,460.2682075193548,100.56188722759931,37.66232287089905,20.06105317516016,44.808910422583935,7.772472600946804,4.681796547209037,0.0,0.0,0.0,0.0,0.0,model4,9.0,False,8049.0
2683,2015-12-03T14:00:00Z,41.0,166.94737367521108,461.1621436418063,100.13113083226584,37.65621758673221,21.371937656590408,47.76022216002171,7.130439735218446,5.392492866907347,0.0,1.0,0.0,0.0,0.0,model4,9.0,False,8052.0
2684,2015-12-03T17:00:00Z,41.0,165.7959524714621,456.37892908752593,100.98939146329201,38.4681691057686,21.76017524668065,42.16480451253216,7.620347777102134,5.679021131723796,0.0,1.0,0.0,0.0,0.0,model4,9.0,False,8055.0
2685,2015-12-03T20:00:00Z,41.0,168.45370571402032,458.2507823211063,101.41911125532428,38.56142273424371,23.070323081042233,47.81684484421845,7.933780028873046,5.3816515468433614,0.0,1.0,0.0,0.0,0.0,model4,9.0,False,8058.0
2686,2015-12-03T23:00:00Z,41.0,171.31608463953066,455.0076683752498,99.7917425129667,38.88851349997741,20.14524036893575,54.35643320264839,8.571850129175862,5.491785149033435,0.0,1.0,0.0,0.0,0.0,model4,9.0,False,8061.0
2687,2015-12-04T02:00:00Z,41.0,170.7513124394132,454.205426491356,99.05722467423928,40.43117241795082,20.12777638611804,50.89068376208365,9.311970026060674,5.537560973643983,0.0,1.0,0.0,0.0,0.0,model4,9.0,False,8064.0
2688,2015-12-04T05:00:00Z,41.0,172.6183164372211,451.20206001439936,98.26288971420429,39.89346967738592,18.57868123479685,52.38334478006609,9.273523088162195,5.3765003957342525,0.0,1.0,0.0,0.0,0.0,model4,9.0,False,8067.0
2689,2015-12-04T08:00:00Z,41.0,173.31003289338523,448.0818608194614,97.41286447438921,40.23366586981965,18.988700182422818,52.82330097313588,9.470624076536273,5.596153802438403,0.0,1.0,0.0,0.0,0.0,model4,9.0,False,8070.0
2690,2015-12-04T11:00:00Z,41.0,172.75719661810834,447.1710552857608,97.854094028299,40.7131540528069,17.412705428930973,52.99303523670154,8.877616923089251,5.537352535827731,0.0,1.0,0.0,0.0,0.0,model4,9.0,False,8073.0
2691,2015-12-04T14:00:00Z,41.0,171.27645765074612,446.04219401591934,98.45224642874479,40.69933050180522,16.569619697609838,50.47680503248118,9.705771330083106,5.131945364647129,0.0,0.0,0.0,0.0,0.0,model4,9.0,False,8076.0
2692,2015-12-04T17:00:00Z,41.0,172.69905158589637,448.84778469341654,96.53974549461054,40.84832054625247,15.478239922419732,54.032864127694,9.362531751481947,5.167591491442484,0.0,0.0,0.0,0.0,0.0,model4,9.0,False,8079.0
2693,2015-12-04T20:00:00Z,41.0,169.26965940344738,446.7972363795184,95.99740959178304,40.63050408884917,15.452769498001725,48.768746133670646,9.151841107744524,5.8537988596155826,0.0,0.0,0.0,0.0,0.0,model4,9.0,False,8082.0
2694,2015-12-04T23:00:00Z,41.0,168.69372482946795,448.8892606075428,98.30396704828169,41.16927686367516,15.748551281175404,42.04163230510162,10.124289726475586,5.474952066995004,0.0,0.0,0.0,0.0,0.0,model4,9.0,False,8085.0
2695,2015-12-05T02:00:00Z,41.0,167.09591262027834,447.43099850669364,99.24911285855332,40.53277500769829,13.38131057663497,44.36226178704886,9.503640702771024,5.1048896550427365,0.0,0.0,0.0,0.0,0.0,model4,9.0,False,8088.0
2696,2015-12-05T05:00:00Z,41.0,167.88747207793708,440.3962915251047,98.92558713762426,40.44765488394365,13.430746371954696,44.95325116540568,9.59601724681193,5.235557810317487,0.0,0.0,0.0,0.0,0.0,model4,9.0,False,8091.0
2697,2015-12-05T08:00:00Z,41.0,165.84649675039591,445.6715370359163,100.58598519285206,40.4742751276556,12.637059805664745,49.64010953983296,10.09767105189101,4.986072582960781,0.0,0.0,0.0,0.0,0.0,model4,9.0,False,8094.0
2698,2015-12-05T11:00:00Z,41.0,167.21472646122098,445.126899881911,100.75886933494041,39.740504027153065,12.317026403042707,50.28219079597182,10.223617625763175,5.217798245843925,0.0,0.0,0.0,0.0,0.0,model4,9.0,False,8097.0
2699,2015-12-05T14:00:00Z,41.0,165.1547469296785,450.45912961201856,99.49828802234856,39.27331380092619,11.758300912422024,49.8464439243868,9.585363280730977,5.374102687437117,0.0,0.0,0.0,0.0,0.0,model4,9.0,False,8100.0
2700,2015-12-05T17:00:00Z,41.0,164.67465060583103,444.500074410065,100.4801463585497,38.65918771198727,13.013845292986412,45.52547485389221,9.168744093199512,4.936807671613366,0.0,0.0,0.0,0.0,0.0,model4,9.0,False,8103.0
2701,2015-12-05T20:00:00Z,41.0,166.21551511828125,457.1271795629551,101.17300040631477,39.14855611380421,12.930850459533431,52.07372217015411,8.704159024317304,4.0109246314677485,0.0,0.0,0.0,0.0,0.0,model4,9.0,False,8106.0
2702,2015-12-05T23:00:00Z,41.0,163.19617452695329,460.2769873861161,99.79775865946142,39.423524236046795,14.443604784787386,52.270951014032434,7.912751490776968,4.136261991519687,0.0,0.0,0.0,0.0,0.0,model4,9.0,False,8109.0
2703,2015-12-06T02:00:00Z,41.0,163.327158630424,463.6217332442654,100.71028473694496,39.33894911322717,15.506966720389311,48.40277608182728,7.976050630262599,4.1930333680228005,0.0,0.0,0.0,0.0,0.0,model4,9.0,False,8112.0
2704,2015-12-06T05:00:00Z,41.0,163.33813829630097,473.94046628084885,100.86289421796724,39.533079291428564,15.463923648051319,41.06045820103747,9.857528334987725,4.420490788996835,0.0,0.0,0.0,0.0,0.0,model4,9.0,False,8115.0
2705,2015-12-06T08:00:00Z,41.0,164.13351948010475,471.16055805101996,101.26935012726636,39.30438268216096,14.623312519769962,39.183823691824756,9.758019555733423,4.395877653068335,0.0,0.0,0.0,0.0,0.0,model4,9.0,False,8118.0
2706,2015-12-06T11:00:00Z,41.0,165.49158124038487,462.2914919055712,101.38369230792914,39.464350530547186,16.275730067746778,43.33846444129799,10.276830319608216,4.248958071047036,0.0,0.0,0.0,0.0,0.0,model4,9.0,False,8121.0
2707,2015-12-06T14:00:00Z,41.0,169.64017061977628,462.4634680179094,102.00787523408165,40.32783619432404,19.049426309156765,43.91279103182821,10.072474325671632,4.301934365508084,0.0,0.0,0.0,0.0,0.0,model4,9.0,False,8124.0
2708,2015-12-06T17:00:00Z,41.0,170.3139701591716,464.37960340732,101.51170395877512,40.61741876012097,18.326915071959675,43.991449508873174,10.230294248857259,4.9592813904942,0.0,0.0,0.0,0.0,0.0,model4,9.0,False,8127.0
2709,2015-12-06T20:00:00Z,41.0,169.85796252275333,453.0900058298696,102.65604724236458,40.77826730459818,18.282812484511066,38.839123596848296,11.171999458361498,5.033767379934667,0.0,0.0,0.0,0.0,0.0,model4,9.0,False,8130.0
2710,2015-12-06T23:00:00Z,41.0,173.902280506607,445.395772038816,103.46075644183098,40.21912414558589,15.557123032858215,45.0928218830491,12.418223096874408,4.830808398876757,0.0,0.0,0.0,0.0,0.0,model4,9.0,False,8133.0
2711,2015-12-07T02:00:00Z,41.0,173.6137560756948,452.5490683860827,101.97605146938187,39.72048780336689,14.776845982685886,50.95650769512212,12.923284947919226,4.82897600630872,0.0,0.0,0.0,0.0,0.0,model4,9.0,False,8136.0
2712,2015-12-07T05:00:00Z,41.0,173.972699678361,452.22393654347803,100.27439046834769,39.41986457667985,15.563384482487896,51.4174467891466,13.45980851785728,4.78085763098263,0.0,0.0,0.0,0.0,0.0,model4,9.0,False,8139.0
2713,2015-12-07T08:00:00Z,41.0,175.44752262119766,457.9319161826557,99.36048853090078,39.346812036735024,15.463229589917937,57.661875660094616,13.302477976063125,5.223715061123273,0.0,0.0,0.0,0.0,0.0,model4,9.0,False,8142.0
2714,2015-12-07T11:00:00Z,41.0,172.0290508363966,460.2983908990545,98.47263858182104,38.89433384137881,16.381968073549412,56.30397403140381,13.127290186408453,5.831171669983072,0.0,0.0,0.0,0.0,0.0,model4,9.0,False,8145.0
2715,2015-12-07T14:00:00Z,41.0,171.6264029293945,457.2306255806354,98.42414131594332,38.85839069971364,15.758729554115243,59.62634481452486,13.173769966446596,6.424739206514478,0.0,0.0,0.0,0.0,0.0,model4,9.0,False,8148.0
2716,2015-12-07T17:00:00Z,41.0,172.329586393147,457.59904562716326,99.71827182815586,38.79165035314715,15.954059736925887,58.945872531817855,13.400596682004368,6.2797104098501375,0.0,0.0,0.0,0.0,0.0,model4,9.0,False,8151.0
2717,2015-12-07T20:00:00Z,41.0,173.61401800474468,466.40836481026673,96.0891930877915,38.84736180472514,15.544451125500204,57.96931388292589,13.140799694217224,6.2827917225206225,0.0,0.0,0.0,0.0,0.0,model4,9.0,False,8154.0
2718,2015-12-07T23:00:00Z,41.0,172.86057581662013,473.1566039617125,94.65739154627256,39.33517286897796,15.300369901645405,49.76065899360586,11.660521604131196,6.377612418870919,0.0,0.0,0.0,0.0,0.0,model4,9.0,False,8157.0
2719,2015-12-08T02:00:00Z,41.0,173.50557392978575,468.9701963364423,95.97376037479252,39.97194461268047,14.968885415513055,48.9816635097612,12.711565553942725,6.782355780874045,0.0,0.0,0.0,0.0,0.0,model4,9.0,False,8160.0
2720,2015-12-08T05:00:00Z,41.0,172.21345946710738,463.9855409476194,98.39885382319349,40.21608628847796,14.063523621998089,49.644743667203855,11.178783132124634,6.64536032479433,0.0,0.0,0.0,0.0,0.0,model4,9.0,False,8163.0
2721,2015-12-08T08:00:00Z,41.0,172.16547838003842,459.7114694298195,98.9647133688422,40.8584119357872,14.096185141428954,41.817560039179504,12.025920860515075,6.4584196288705265,0.0,0.0,0.0,0.0,0.0,model4,9.0,False,8166.0
2722,2015-12-08T11:00:00Z,41.0,176.2441239555426,464.0928975473704,99.65493366313959,42.15819377303157,12.994373248203011,44.03202818955327,12.560444971968751,5.722120025383528,0.0,0.0,0.0,0.0,0.0,model4,9.0,False,8169.0
2723,2015-12-08T14:00:00Z,41.0,173.553826224737,467.4990262390088,98.00902978510105,41.805749623442715,11.832467729780419,37.704720822357174,13.156005289397873,5.4654960870727205,0.0,0.0,0.0,0.0,0.0,model4,9.0,False,8172.0
2724,2015-12-08T17:00:00Z,41.0,174.41328671371483,467.35154095151603,95.64956557569796,41.407896401237394,12.19665642327673,41.26343927412695,12.899555174141351,5.389209341388818,0.0,0.0,0.0,0.0,0.0,model4,9.0,False,8175.0
2725,2015-12-08T20:00:00Z,41.0,173.30735403156498,459.74603546894684,97.08070214529137,41.4500622884734,11.891313439643856,39.885029322829396,14.028952056798694,5.663621035606678,0.0,0.0,0.0,0.0,0.0,model4,9.0,False,8178.0
2726,2015-12-08T23:00:00Z,41.0,173.99298617995854,455.60452599366477,97.78793650645092,41.24777683649732,12.014132018429976,40.844034004079646,14.390441149745874,5.708495966410433,0.0,0.0,0.0,0.0,0.0,model4,9.0,False,8181.0
2727,2015-12-09T02:00:00Z,41.0,172.28003681959075,451.1805791827804,97.8369140648161,41.06606307155325,14.714913138789107,37.19037694558126,13.762786579519007,5.242492316391699,0.0,0.0,0.0,0.0,0.0,model4,9.0,False,8184.0
2728,2015-12-09T05:00:00Z,41.0,174.51083153832053,454.59910148580656,98.60251205650472,40.75641011915996,13.934989473423727,37.14069494481141,14.61152963559518,5.180779241440429,0.0,0.0,0.0,0.0,0.0,model4,9.0,False,8187.0
2729,2015-12-09T08:00:00Z,41.0,174.82055269862232,451.3640416771944,98.18471964731741,40.84511580900453,14.290682801555405,38.19709843548912,14.009176163386336,5.2208569897460615,0.0,0.0,0.0,0.0,0.0,model4,9.0,False,8190.0
2730,2015-12-09T11:00:00Z,41.0,171.1545195452133,451.15085926015297,97.73300073274936,40.32770797119658,15.27894874808641,34.95855477118227,13.29342212933846,4.903085862593061,0.0,0.0,0.0,0.0,0.0,model4,9.0,False,8193.0
2731,2015-12-09T14:00:00Z,41.0,169.57148226332166,450.9064087118679,100.30012564412763,40.229266433328426,15.819001567458232,37.450821475627336,14.92192248376166,4.277127985665968,0.0,0.0,0.0,0.0,0.0,model4,9.0,False,8196.0
2732,2015-12-09T17:00:00Z,41.0,168.8656512390716,449.0164493110691,102.3783090615945,40.809380712432535,15.596336320912096,34.598734869258045,14.584219223126604,4.660223996933452,0.0,0.0,0.0,0.0,0.0,model4,9.0,False,8199.0
2733,2015-12-09T20:00:00Z,41.0,170.98719435624528,454.98563351873344,102.69558309365445,40.777072936075136,16.37395691813537,37.007213661974724,12.868356214657938,4.563491799034646,0.0,0.0,0.0,0.0,0.0,model4,9.0,False,8202.0
2734,2015-12-09T23:00:00Z,41.0,170.31930511509125,450.7966877992587,104.06716925731456,40.28662883526626,16.932889667385517,46.16426587102479,12.779238817898655,4.981687512148731,0.0,0.0,0.0,0.0,0.0,model4,9.0,False,8205.0
2735,2015-12-10T02:00:00Z,41.0,172.19634543422,451.0705272114066,103.25414601302286,40.40564257101225,15.781788057283602,46.69426818730953,13.354154057640608,4.954304174113278,0.0,0.0,0.0,0.0,0.0,model4,9.0,False,8208.0
2736,2015-12-10T05:00:00Z,41.0,170.04565752787022,449.38948559616,102.03858644717764,40.015501852010544,15.657490727357835,48.0049851116749,13.163410151909392,5.442122682164931,0.0,0.0,0.0,0.0,0.0,model4,9.0,False,8211.0
2737,2015-12-10T08:00:00Z,41.0,167.03181241562146,449.92593210022284,101.40577198531412,39.93106512599251,15.325179560463676,47.09213859734008,12.783395837642566,5.135235948979198,0.0,0.0,0.0,0.0,0.0,model4,9.0,False,8214.0
2738,2015-12-10T11:00:00Z,41.0,170.1033642001995,450.47656420373977,101.48646091262276,39.11707390391015,15.152997349951606,44.62739906798057,12.580447293307207,5.939192514132023,0.0,0.0,0.0,0.0,0.0,model4,9.0,False,8217.0
2739,2015-12-10T14:00:00Z,41.0,171.0362885773385,448.7492571474332,100.44660657983364,39.00359207901919,14.576164817223015,43.00142032560919,10.707634611929217,6.238573182727518,0.0,0.0,0.0,0.0,0.0,model4,9.0,False,8220.0
2740,2015-12-10T17:00:00Z,41.0,171.0678598337689,453.72337331021856,101.048264563841,38.69461441085161,14.330770663714047,45.01539762688952,10.605975549120476,5.816430987518317,0.0,0.0,0.0,0.0,0.0,model4,9.0,False,8223.0
2741,2015-12-10T20:00:00Z,41.0,167.75077796633275,455.9619137636085,99.58425545157309,38.549703606920616,14.10949342229152,53.508028890352,10.805356821220887,5.556020435436765,0.0,0.0,0.0,0.0,0.0,model4,9.0,False,8226.0
2742,2015-12-10T23:00:00Z,41.0,168.63926295848862,464.3776491919235,98.06358347585669,39.02710563928322,13.84365271546799,44.361544176152684,9.469569877937305,5.305721391572432,0.0,0.0,0.0,0.0,0.0,model4,9.0,False,8229.0
2743,2015-12-11T02:00:00Z,41.0,170.21613660492974,468.54387638286767,97.82021424539144,39.29470523253735,14.30617999838488,47.37460758635975,9.257127539878717,5.7593680288421005,0.0,0.0,0.0,0.0,0.0,model4,9.0,False,8232.0
2744,2015-12-11T05:00:00Z,41.0,171.56381876362087,469.91759985382913,97.24248994217524,40.37673775503284,14.112063033016016,48.32390658344689,9.576865706321042,5.523355764152603,0.0,0.0,0.0,0.0,0.0,model4,9.0,False,8235.0
2745,2015-12-11T08:00:00Z,41.0,170.945589002558,477.79152226896736,98.04097569757273,40.19289140210113,15.586034791247489,45.28974751114222,9.806353360930748,5.436523153886865,0.0,0.0,0.0,0.0,0.0,model4,9.0,False,8238.0
2746,2015-12-11T11:00:00Z,41.0,169.5368450107647,473.1345140213823,98.99750519963986,40.73283658851218,14.730015292287801,49.39995063680642,9.63040208495101,4.636271715937191,0.0,0.0,0.0,0.0,0.0,model4,9.0,False,8241.0
2747,2015-12-11T14:00:00Z,41.0,167.8965243358297,471.0703360021239,98.17760701553198,40.960998599987946,17.508555859136912,51.13930927328106,8.592256610110347,3.9487018657313104,0.0,0.0,0.0,0.0,0.0,model4,9.0,False,8244.0
2748,2015-12-11T17:00:00Z,41.0,165.27547339207325,467.10450809301534,96.19796369400221,40.79626832705125,18.442463469634863,51.874370032357,7.394448773071997,3.741787024642529,0.0,0.0,0.0,0.0,0.0,model4,9.0,False,8247.0
2749,2015-12-11T20:00:00Z,41.0,168.10722504026162,463.7457454960077,98.86827613886445,40.40914428736721,19.235014947842178,46.10816702993021,8.678225394937332,3.9530936689004217,0.0,0.0,0.0,0.0,0.0,model4,9.0,False,8250.0
2750,2015-12-11T23:00:00Z,41.0,167.74137286773953,460.16318330121055,99.15757153772152,40.24568743263252,20.047771813272952,49.1035938697741,8.610776021624996,3.973633657332992,0.0,0.0,0.0,0.0,0.0,model4,9.0,False,8253.0
2751,2015-12-12T02:00:00Z,41.0,165.82628495415463,458.2346633647401,100.08008111712986,39.37540699860926,18.68955951858492,46.713540832053106,9.144297104314758,3.4189086767417853,0.0,0.0,0.0,0.0,0.0,model4,9.0,False,8256.0
2752,2015-12-12T05:00:00Z,41.0,164.74545294865754,452.7915540927642,101.7749808303916,39.04526331854874,18.738423232913142,44.423695860189476,8.838932946509964,3.1747380642027974,0.0,0.0,0.0,0.0,0.0,model4,9.0,False,8259.0
2753,2015-12-12T08:00:00Z,41.0,167.596423627119,451.9275223278963,99.76219925891114,39.24085327191399,17.806578821782047,48.723807891405414,11.269298565115404,3.6331949978004254,0.0,0.0,0.0,0.0,0.0,model4,9.0,False,8262.0
2754,2015-12-12T11:00:00Z,41.0,168.46160780305001,456.0777105863892,100.06815972671578,39.65991980055561,18.138602609371084,52.591647965293724,11.489287028748649,3.75656387811975,0.0,0.0,0.0,0.0,0.0,model4,9.0,False,8265.0
2755,2015-12-12T14:00:00Z,41.0,172.7498881316655,456.0521987782547,101.35049833610547,39.87552566860892,16.49567579660937,52.030346790512816,11.814823634730336,3.7227786028210055,0.0,0.0,0.0,0.0,0.0,model4,9.0,False,8268.0
2756,2015-12-12T17:00:00Z,41.0,175.2451425276406,460.1004784074234,101.75674730643543,39.67538022461058,15.902672787502606,55.92187034054105,11.494303810456731,4.113581288476239,0.0,0.0,0.0,0.0,0.0,model4,9.0,False,8271.0
2757,2015-12-12T20:00:00Z,41.0,172.7528763029215,452.44511348504176,100.85123060656498,39.40264385019544,17.24752618711624,54.66555533504236,11.26617010396142,4.833906305618661,0.0,0.0,0.0,0.0,0.0,model4,9.0,False,8274.0
2758,2015-12-12T23:00:00Z,41.0,172.32621948041654,453.6436373960758,100.76981301830187,39.61273624201717,15.903399239946847,55.39690579949466,11.517522852793233,4.988409194904044,0.0,0.0,0.0,0.0,0.0,model4,9.0,False,8277.0
2759,2015-12-13T02:00:00Z,41.0,171.95300072486987,452.5717395373255,99.4249609132658,40.014837988883684,16.815890257103966,54.63035969283735,11.358125455956886,4.945295962361843,0.0,0.0,0.0,0.0,0.0,model4,9.0,False,8280.0
2760,2015-12-13T05:00:00Z,41.0,172.1819773809504,448.19673992229684,99.19590945341021,39.541239735269386,16.630655578536494,58.09554260089464,10.692037726475071,4.846373508159991,0.0,0.0,0.0,0.0,0.0,model4,9.0,False,8283.0
2761,2015-12-13T08:00:00Z,41.0,170.80685650490832,442.96139665536833,100.48228809074051,39.18961526272391,19.50224125988837,59.166335667073824,8.250220566926885,4.5275755403203535,0.0,0.0,0.0,0.0,0.0,model4,9.0,False,8286.0
2762,2015-12-13T11:00:00Z,41.0,169.61073257701364,441.6974216268229,100.56990943230544,38.87461812604033,19.245069241497763,53.675955211698415,8.544435194152008,4.280107382037832,0.0,0.0,0.0,0.0,0.0,model4,9.0,False,8289.0
2763,2015-12-13T14:00:00Z,41.0,166.46638069365054,441.51656103048373,99.44649853103529,38.25746375155808,17.907127109301427,53.65058220375058,8.705696652850271,4.220890422435413,0.0,0.0,0.0,0.0,0.0,model4,9.0,False,8292.0
2764,2015-12-13T17:00:00Z,41.0,165.29920493972034,435.3619809508222,99.72293752726604,38.48122887450045,17.658769263048345,47.07404147564458,9.389126939672616,4.141607717990022,0.0,0.0,0.0,0.0,0.0,model4,9.0,False,8295.0
2765,2015-12-13T20:00:00Z,41.0,165.9046070283101,435.9374969788736,98.55040210837171,39.42570452810405,16.667902733337883,46.197755507292825,8.780741594284098,3.5585942901585566,0.0,0.0,0.0,0.0,0.0,model4,9.0,False,8298.0
2766,2015-12-13T23:00:00Z,41.0,166.87722000678937,445.4761948049112,99.0348549794888,39.60595107458693,17.384575161441994,56.97845099434782,8.523934347751695,3.479396648225653,0.0,0.0,0.0,0.0,0.0,model4,9.0,False,8301.0
2767,2015-12-14T02:00:00Z,41.0,166.86797225478412,441.16762790939345,100.25133130997845,40.639340971192496,17.3324012843522,56.233994306383245,9.074944568441053,4.3599856049174335,0.0,0.0,0.0,0.0,0.0,model4,9.0,False,8304.0
2768,2015-12-14T05:00:00Z,41.0,166.4505262845741,449.92568724883597,99.45246217531331,41.5034852615036,17.525496196230733,56.28265660522578,9.572648837539328,4.330258998426837,0.0,0.0,0.0,0.0,0.0,model4,9.0,False,8307.0
2769,2015-12-14T08:00:00Z,41.0,167.0179078688596,445.4270702897087,100.87623188586174,41.883110654621674,14.204197827887704,53.24616045360609,10.38944249303182,4.252130099333515,0.0,0.0,0.0,0.0,0.0,model4,9.0,False,8310.0
2770,2015-12-14T11:00:00Z,41.0,167.9364793563834,447.1786792188697,101.13354918254845,43.26629366480626,14.130860980505025,55.25931422222303,10.85618338510062,4.477819307571886,0.0,0.0,0.0,0.0,0.0,model4,9.0,False,8313.0
2771,2015-12-14T14:00:00Z,41.0,168.33726003735822,444.40457688420616,101.91756973290396,45.01165599415478,14.5323803598601,55.36065425929282,10.946071977939589,4.414622466245637,0.0,0.0,0.0,0.0,0.0,model4,9.0,False,8316.0
2772,2015-12-14T17:00:00Z,41.0,167.19697783601475,447.1455804410234,101.4766491335643,46.17764241176561,13.590656680261462,54.473140470371284,10.724116687481727,3.7405715003406965,0.0,0.0,0.0,0.0,0.0,model4,9.0,False,8319.0
2773,2015-12-14T20:00:00Z,41.0,167.89142291364809,448.4066768848817,101.87306485199564,47.15878015231947,12.813696096221001,55.65096640120957,10.417566565050429,3.9518138010645116,0.0,0.0,0.0,0.0,0.0,model4,9.0,False,8322.0
2774,2015-12-14T23:00:00Z,41.0,167.7290653259136,440.1451200440789,101.46808482088169,48.34526711593146,15.045532372104898,42.45111828535322,11.265679348109016,3.8394535507424745,0.0,0.0,0.0,0.0,0.0,model4,9.0,False,8325.0
2775,2015-12-15T02:00:00Z,41.0,168.44216439551187,442.4554400560655,100.38334923832987,48.21414652959454,14.399492359555108,42.615132065492894,10.707394820628592,4.150859740888425,0.0,0.0,0.0,0.0,0.0,model4,9.0,False,8328.0
2776,2015-12-15T05:00:00Z,41.0,167.5721234646555,436.9656093506316,101.15784017642152,48.81115894470352,15.032958469037268,42.58837986317535,10.267038381293752,3.949482960644031,0.0,0.0,0.0,0.0,0.0,model4,9.0,False,8331.0
2777,2015-12-15T08:00:00Z,41.0,168.11011058899163,444.09247511647857,99.99252890297078,49.67423120876564,16.058592817894837,41.044095837561116,9.501710503757963,3.747743437625117,0.0,0.0,0.0,0.0,0.0,model4,9.0,False,8334.0
2778,2015-12-15T11:00:00Z,41.0,168.07518363947446,440.8544333196878,97.56860183876026,50.390274721037166,17.867428976682227,38.83667581409958,11.631788997637925,4.152094052217536,0.0,0.0,0.0,0.0,0.0,model4,9.0,False,8337.0
2779,2015-12-15T14:00:00Z,41.0,168.49191680338646,449.3614120583202,97.65509698438801,50.192605798751536,17.391368956560648,40.88211478795436,11.091675670524836,4.273447961518157,0.0,0.0,0.0,0.0,0.0,model4,9.0,False,8340.0
2780,2015-12-15T17:00:00Z,41.0,170.06658358965754,446.2147993734916,97.98960676668808,50.52619403696473,16.613646351640938,41.44193750657476,11.367330809448662,4.602374481573327,0.0,0.0,0.0,0.0,0.0,model4,9.0,False,8343.0
2781,2015-12-15T20:00:00Z,41.0,169.38488181041456,447.9952532804392,98.43999998779051,50.44377986189764,17.06994895306795,37.88141927418627,11.336476449048407,4.703849656358684,0.0,0.0,0.0,0.0,0.0,model4,9.0,False,8346.0
2782,2015-12-15T23:00:00Z,41.0,166.16551071955232,443.458022461911,98.66132709327913,49.96011581924547,15.690376610927146,41.48365779599774,10.520063311677026,4.849970436648566,0.0,0.0,0.0,0.0,0.0,model4,9.0,False,8349.0
2783,2015-12-16T02:00:00Z,41.0,167.6934032640501,440.6992912378026,99.38659004926336,49.465179054327315,17.500899627745113,42.58171996779514,10.271771947415225,5.76734774140454,0.0,0.0,0.0,0.0,0.0,model4,9.0,False,8352.0
2784,2015-12-16T05:00:00Z,41.0,170.83451569124108,444.4922467076017,97.86782424749376,48.07170654212322,17.017973585827967,44.14081795352278,10.371713681844133,6.96236831411366,0.0,0.0,0.0,0.0,0.0,model4,9.0,False,8355.0
2785,2015-12-16T08:00:00Z,41.0,170.71702715069088,440.42537338789595,98.3877513714813,46.149206075801814,16.345028784447326,48.002165539258826,10.905316851838734,8.310786198248444,0.0,0.0,0.0,0.0,0.0,model4,9.0,False,8358.0
2786,2015-12-16T11:00:00Z,41.0,170.7713672579305,446.35216766937583,99.74554235748043,44.0454836124874,14.390651397505405,51.74350147874687,7.4184456887082675,8.115225930654871,0.0,0.0,0.0,0.0,0.0,model4,9.0,False,8361.0
2787,2015-12-16T14:00:00Z,41.0,171.60813099312722,446.1666163508326,101.080899838132,42.94934230361514,15.335013916422813,52.03165108644846,9.302226222699153,7.868562961285553,0.0,0.0,0.0,0.0,0.0,model4,9.0,False,8364.0
2788,2015-12-16T17:00:00Z,41.0,169.87286428849595,448.16580147892165,99.99606948095823,41.2261056923969,15.315330996067125,52.94817683260405,9.681139714473504,7.294959092216778,0.0,0.0,0.0,0.0,0.0,model4,9.0,False,8367.0
2789,2015-12-16T20:00:00Z,41.0,170.60409043659476,452.5246466052581,99.87727227110365,40.34045855324964,16.492011990056547,55.27717318243866,10.025367114033687,6.345864303883487,0.0,0.0,0.0,0.0,0.0,model4,9.0,False,8370.0
2790,2015-12-16T23:00:00Z,41.0,172.65869548582302,455.1302020811005,99.73253775512646,39.003950483722456,14.90870379258338,51.51875163612788,10.254701893332165,5.9543889232236955,0.0,0.0,0.0,0.0,0.0,model4,9.0,False,8373.0
2791,2015-12-17T02:00:00Z,41.0,172.83941046253162,457.9002399745145,99.05515660952742,38.16027758314237,14.95464259577273,50.94962341546356,10.548095974638578,5.420674356496551,0.0,0.0,0.0,0.0,0.0,model4,9.0,False,8376.0
2792,2015-12-17T05:00:00Z,41.0,171.65599476747903,458.43862607953264,102.03404556809241,38.65028123301565,15.273674878983837,50.51061876599355,11.420419216687081,5.755293048997536,0.0,0.0,0.0,0.0,0.0,model4,9.0,False,8379.0
2793,2015-12-17T08:00:00Z,41.0,170.60171113839849,458.0619680531456,102.18781666610788,38.810688865779575,15.576817972237064,47.29819705690419,11.696903646498015,5.334185402197922,0.0,0.0,0.0,0.0,0.0,model4,9.0,False,8382.0
2794,2015-12-17T11:00:00Z,41.0,169.05717736361288,456.9793636268141,102.19362805622451,39.37156559719657,15.612515542540345,45.70778512532057,11.614133938092596,5.203400135250048,0.0,0.0,0.0,0.0,0.0,model4,9.0,False,8385.0
2795,2015-12-17T14:00:00Z,41.0,166.87252164551631,458.4124803082104,100.7873850399958,39.67137451166232,15.187646731727085,46.042364170416405,10.270575348628592,5.439997641916096,0.0,0.0,0.0,0.0,0.0,model4,9.0,False,8388.0
2796,2015-12-17T17:00:00Z,41.0,168.24384689397831,457.4639178225175,102.78149902222398,40.143249453580005,15.515165798252836,48.25662715964552,9.388977629604817,5.222083610004249,0.0,0.0,0.0,0.0,0.0,model4,9.0,False,8391.0
2797,2015-12-17T20:00:00Z,41.0,167.862000394946,456.21614423543775,103.97346024448784,40.17894447898732,14.143442677908919,47.53989822560276,9.378349681675273,5.152614297860258,0.0,0.0,0.0,0.0,0.0,model4,9.0,False,8394.0
2798,2015-12-17T23:00:00Z,41.0,166.51173394244847,452.0051136121714,103.32147366037529,39.761310278157744,14.367401815114741,53.734548873780795,9.55093236236818,4.952098892524294,0.0,0.0,0.0,0.0,0.0,model4,9.0,False,8397.0
2799,2015-12-18T02:00:00Z,41.0,165.30589210201813,451.9100588047305,103.18506064933172,40.30063376372528,12.913396784638664,54.92366904863921,9.635992121560324,4.661408940215177,0.0,0.0,0.0,0.0,0.0,model4,9.0,False,8400.0
2800,2015-12-18T05:00:00Z,41.0,165.492163585206,453.05778998395,101.65468543992466,40.38641311583513,12.24867423671665,49.400178453320564,8.700701974408092,4.821382642050034,0.0,0.0,0.0,0.0,0.0,model4,9.0,False,8403.0
2801,2015-12-18T08:00:00Z,41.0,165.96178808552833,451.6514110563118,100.29852928838676,40.6875863862538,12.238329475416414,49.3208180186843,7.94704314383749,5.114932190432049,0.0,0.0,0.0,0.0,0.0,model4,9.0,False,8406.0
2802,2015-12-18T11:00:00Z,41.0,166.4721538179564,448.10905235011063,100.22125244671145,40.16204427432586,12.371652452402207,50.66752506629067,7.93795920320676,5.131891131747592,0.0,0.0,0.0,0.0,0.0,model4,9.0,False,8409.0
2803,2015-12-18T14:00:00Z,41.0,167.22469242578717,450.77086934609633,98.02706773391796,39.392010643598354,13.487426253290767,53.33916565862139,8.625246551313305,5.240886335362218,0.0,0.0,0.0,0.0,0.0,model4,9.0,False,8412.0
2804,2015-12-18T17:00:00Z,41.0,167.34421006961,448.06951109218943,97.99414094713137,39.02868299228078,12.89229916405294,52.541365226378154,9.040388398406957,5.610419283698416,0.0,0.0,0.0,0.0,0.0,model4,9.0,False,8415.0
2805,2015-12-18T20:00:00Z,41.0,167.86678669534632,438.6809811624916,97.61398145644637,38.62683740808194,12.635915399343915,53.68426459102511,8.319546810124066,5.784762911202523,0.0,0.0,0.0,0.0,0.0,model4,9.0,False,8418.0
2806,2015-12-18T23:00:00Z,41.0,168.0701482486177,444.7529013980717,96.84016728761956,38.463100221988896,14.078563353908093,49.39782454352496,8.71141838827238,5.8955627448209045,0.0,0.0,0.0,0.0,0.0,model4,9.0,False,8421.0
2807,2015-12-19T02:00:00Z,41.0,169.0993992446376,449.8594952897603,97.07003703137518,38.35372575025654,15.501184041131866,49.225571072536326,8.976595527857848,5.7123567371278225,0.0,0.0,0.0,0.0,0.0,model4,9.0,False,8424.0
2808,2015-12-19T05:00:00Z,41.0,169.13396259677697,443.00364815506106,97.22912811815031,37.67593868954783,16.211571967461733,51.54472254929586,9.130413122315645,5.342103708906524,0.0,0.0,0.0,0.0,0.0,model4,9.0,False,8427.0
2809,2015-12-19T08:00:00Z,41.0,168.30226822927312,442.032498081878,98.36214603271348,37.87818205817146,16.643712584688593,53.467459975891856,9.368145099304844,5.127937707473689,0.0,0.0,0.0,0.0,0.0,model4,9.0,False,8430.0
2810,2015-12-19T11:00:00Z,41.0,169.57964067090782,441.8954290066403,99.18995201293623,38.979302104467024,16.917214633048847,52.979218848993426,9.423728817167227,6.220101094910972,0.0,0.0,0.0,0.0,0.0,model4,9.0,False,8433.0
2811,2015-12-19T14:00:00Z,41.0,170.45440821047154,430.5847319187706,101.8614149201766,39.51848237713015,15.390500278278164,45.21981555785846,8.899459796506207,5.893978207053992,0.0,0.0,0.0,0.0,0.0,model4,9.0,False,8436.0
2812,2015-12-19T17:00:00Z,41.0,170.44915070025309,435.9576165320325,100.88470937357985,39.29195446077155,15.905429005703736,46.3589206598555,8.368426056128358,5.9072594167743775,0.0,0.0,0.0,0.0,0.0,model4,9.0,False,8439.0
2813,2015-12-19T20:00:00Z,41.0,167.87906090154942,445.494872138538,100.82196195636543,39.694344493878496,17.295095538739883,48.12344355647973,8.936867850961809,5.680865691542745,0.0,0.0,0.0,0.0,0.0,model4,9.0,False,8442.0
2814,2015-12-19T23:00:00Z,41.0,169.64376664092657,449.33107186439133,101.44349619514408,40.77910364834306,15.740651007303187,49.94304617147192,8.238178031331257,5.026282069095869,0.0,0.0,0.0,0.0,0.0,model4,9.0,False,8445.0
2815,2015-12-20T02:00:00Z,41.0,169.33803229314157,439.50681897943895,102.70449707034729,41.041024189855435,14.968817091925855,50.38625459902297,7.419833887792237,5.148907659835338,0.0,0.0,0.0,0.0,0.0,model4,9.0,False,8448.0
2816,2015-12-20T05:00:00Z,41.0,168.76184049395025,440.33345556890646,101.9396080185982,40.81059296900985,15.322119332618609,49.68552906414094,8.192182136207709,5.4181296676392545,0.0,0.0,0.0,0.0,0.0,model4,9.0,False,8451.0
2817,2015-12-20T08:00:00Z,41.0,171.29362526772647,442.5063962225345,101.79031675214077,40.630554176977675,15.026352905476827,48.20737866188158,9.453788444713961,5.268405817114065,0.0,0.0,0.0,0.0,0.0,model4,9.0,False,8454.0
2818,2015-12-20T11:00:00Z,41.0,169.63430728379086,443.7711621684404,101.91512687539112,39.805300340185475,15.145987245076105,45.235628132998855,9.645747524794267,4.447721157276252,0.0,0.0,0.0,0.0,0.0,model4,9.0,False,8457.0
2819,2015-12-20T14:00:00Z,41.0,169.96937091034604,448.0553716177952,100.14215845946995,39.39248240282569,15.161000206770005,47.24844610504255,9.380274254368768,4.863634425266389,0.0,0.0,0.0,0.0,0.0,model4,9.0,False,8460.0
2820,2015-12-20T17:00:00Z,41.0,170.3601406035316,447.15548031841683,100.97604561355742,39.670454780838,14.284861651418414,45.89239023707963,9.74028529323883,4.164910827232223,0.0,0.0,0.0,0.0,0.0,model4,9.0,False,8463.0
2821,2015-12-20T20:00:00Z,41.0,174.90374869243308,442.9962502842402,101.01877578013156,39.55814852154619,13.278035256928014,40.89023966265891,9.695404355752498,4.321726735242268,0.0,0.0,0.0,0.0,0.0,model4,9.0,False,8466.0
2822,2015-12-20T23:00:00Z,41.0,175.2055137196065,435.3372499710293,102.34909720256657,39.795002084002206,14.67838699614778,40.027994471499284,9.756826467173596,4.5447494285677985,0.0,0.0,0.0,0.0,0.0,model4,9.0,False,8469.0
2823,2015-12-21T02:00:00Z,41.0,173.6194365929563,438.56180079680473,101.29430389385605,40.235242944039435,13.741947971289694,36.246689914574645,10.008897810997311,5.9795473105045165,0.0,0.0,0.0,0.0,0.0,model4,9.0,False,8472.0
2824,2015-12-21T05:00:00Z,41.0,174.0934689271886,441.81873886179153,102.35580438686964,40.68384392462029,14.273419217303374,34.14422048369981,9.43289384784362,5.7103282746202195,0.0,0.0,0.0,0.0,0.0,model4,9.0,False,8475.0
2825,2015-12-21T08:00:00Z,41.0,173.3276256019045,439.6431547183116,101.99873032433666,40.455589027346356,15.527530234700462,34.482793740762055,8.114952809975987,6.014635236896303,0.0,0.0,0.0,0.0,0.0,model4,9.0,False,8478.0
2826,2015-12-21T11:00:00Z,41.0,173.84159909807633,435.0100301847304,100.7246555848323,39.50566611930356,14.831421450661715,36.38197978390985,8.14673215656171,6.6443371642462985,0.0,0.0,0.0,0.0,0.0,model4,9.0,False,8481.0
2827,2015-12-21T14:00:00Z,41.0,173.2586946311949,434.4884162417759,100.32610995320371,39.30848477382897,14.64106228900506,37.724316391609776,8.411634688670949,6.6110938320329895,0.0,0.0,0.0,0.0,0.0,model4,9.0,False,8484.0
2828,2015-12-21T17:00:00Z,41.0,170.84985757207187,435.0059249948703,100.8739213665605,39.40427852471932,16.639263707224632,41.44381089315271,8.49229556647148,6.893041941148146,0.0,0.0,0.0,0.0,0.0,model4,9.0,False,8487.0
2829,2015-12-21T20:00:00Z,41.0,168.85453131352017,432.51364812041453,101.20877565054607,40.189544752693976,15.37278111247342,41.71446263218836,8.494900662706309,7.4680625376935605,0.0,0.0,0.0,0.0,0.0,model4,9.0,False,8490.0
2830,2015-12-21T23:00:00Z,41.0,168.5762608929553,442.1465248312101,98.91833359711923,40.16678680700613,16.547333583000462,51.72953310749296,9.451674697230724,7.5014083129387155,0.0,0.0,0.0,0.0,0.0,model4,9.0,False,8493.0
2831,2015-12-22T02:00:00Z,41.0,170.05901185167258,437.6585589122023,98.99787972136049,39.45414194269739,17.503049771780447,54.54165238047735,9.580498414218589,6.335031277011211,0.0,0.0,0.0,0.0,0.0,model4,9.0,False,8496.0
2832,2015-12-22T05:00:00Z,41.0,169.35777769768825,439.67827793248426,99.1588313940226,39.6939988142725,16.290120903668466,54.98383854743096,9.750541469475046,6.226419583785861,0.0,0.0,0.0,0.0,0.0,model4,9.0,False,8499.0
2833,2015-12-22T08:00:00Z,41.0,168.9363721457831,447.832568096848,99.78139337270471,40.32412234671552,15.056770075674539,56.48657459092431,10.381709815155881,5.9230516862014175,0.0,0.0,0.0,0.0,0.0,model4,9.0,False,8502.0
2834,2015-12-22T11:00:00Z,41.0,167.42652237644472,444.7929346499193,99.63556380153423,41.3386726458951,16.379561934951433,64.33754193100263,10.461942403568996,5.3608293659602895,0.0,0.0,0.0,0.0,0.0,model4,9.0,False,8505.0
2835,2015-12-22T14:00:00Z,41.0,168.00801357481868,441.94604054643577,100.52397698353435,41.732086856853726,16.785932434665053,61.38603710513009,10.109506595946842,4.955170557618595,0.0,0.0,0.0,0.0,0.0,model4,9.0,False,8508.0
2836,2015-12-22T17:00:00Z,41.0,172.2422513040593,442.17309309974746,99.78702826073645,42.13670739368099,17.230705910166876,62.00837957074894,10.534701812990738,4.763922239059017,0.0,0.0,0.0,0.0,0.0,model4,9.0,False,8511.0
2837,2015-12-22T20:00:00Z,41.0,171.88427329879863,444.31760230825967,98.871533690761,41.33695131720505,17.060174000062442,62.79899808083781,10.093362994473534,3.9645797876569264,0.0,0.0,0.0,0.0,0.0,model4,9.0,False,8514.0
2838,2015-12-22T23:00:00Z,41.0,171.63394804246602,433.3135830780062,100.58280845536814,40.81310731438619,14.38364470511875,63.4440681280555,9.21949965589885,4.0251010789820025,0.0,0.0,0.0,0.0,0.0,model4,9.0,False,8517.0
2839,2015-12-23T02:00:00Z,41.0,168.8786400193754,443.1982782512158,102.03314434008186,40.84104132605371,14.767730123771296,64.33953734629644,9.203582546243686,4.505012251381835,0.0,0.0,0.0,0.0,0.0,model4,9.0,False,8520.0
2840,2015-12-23T05:00:00Z,41.0,168.51005914646308,443.0311342287423,101.92912595000944,41.1711192078264,14.40582315419414,66.71190381732154,9.82000412461392,4.915865835570032,0.0,0.0,0.0,0.0,0.0,model4,9.0,False,8523.0
2841,2015-12-23T08:00:00Z,41.0,169.1049836135497,438.81976389776605,100.02517984149769,41.54169155327429,14.71533441821568,64.74297902849736,10.020530407051849,5.109994840030741,0.0,0.0,0.0,0.0,0.0,model4,9.0,False,8526.0
2842,2015-12-23T11:00:00Z,41.0,172.2942007820287,444.8260052190915,100.22126728341594,41.75357482764749,13.696996933806588,59.16435029063453,10.079328458556807,4.7144832403248795,0.0,0.0,0.0,0.0,0.0,model4,9.0,False,8529.0
2843,2015-12-23T14:00:00Z,41.0,171.91351124906518,441.0556231917122,101.95347315001,42.1290445278191,14.506963999455525,60.51795749756089,11.550773198634575,4.746352553111152,0.0,0.0,0.0,0.0,0.0,model4,9.0,False,8532.0
2844,2015-12-23T17:00:00Z,41.0,168.86099869579996,430.10863848532136,101.45866034783752,41.420507343455405,12.406262612476713,66.04204661721928,11.121945334694571,4.9190863711792545,0.0,0.0,0.0,0.0,0.0,model4,9.0,False,8535.0
2845,2015-12-23T20:00:00Z,41.0,169.90602060858782,427.73712505245317,102.07708937299697,40.98547686967492,13.61914978389081,65.23676834248094,11.14887302705178,5.154246792607714,0.0,0.0,0.0,0.0,0.0,model4,9.0,False,8538.0
2846,2015-12-23T23:00:00Z,41.0,169.39487552083463,433.6939707587604,102.19442250182014,40.09297891173638,14.157823492641134,64.17731158513368,11.288873745801757,5.946786245136366,0.0,0.0,0.0,0.0,0.0,model4,9.0,False,8541.0
2847,2015-12-24T02:00:00Z,41.0,170.51108818449399,431.5513777392264,100.65264667470612,40.44223116986855,13.194486078354466,61.40389863164067,11.166468931544873,5.895693758077935,0.0,0.0,0.0,0.0,0.0,model4,9.0,False,8544.0
2848,2015-12-24T05:00:00Z,41.0,170.7753507154895,433.493889031144,100.93057861513908,40.34173631637951,13.068750255209553,61.28668114735947,10.403504476680004,5.4248104695150605,0.0,0.0,0.0,0.0,0.0,model4,9.0,False,8547.0
2849,2015-12-24T08:00:00Z,41.0,170.84997144155187,436.38880803385683,102.98203463096706,39.94751453106481,12.97115528925993,62.48292778672594,9.66841770949739,5.173633557886194,0.0,0.0,0.0,0.0,0.0,model4,9.0,False,8550.0
2850,2015-12-24T11:00:00Z,41.0,166.90407946423613,441.1908502063948,103.01100592797424,39.78724530011791,14.47880768603613,61.036213620302675,9.4938414181501,5.1546537925791975,0.0,0.0,0.0,0.0,0.0,model4,9.0,False,8553.0
2851,2015-12-24T14:00:00Z,41.0,168.1381248582555,450.17422577790006,100.85743582641796,39.52174332035561,14.397363587228472,62.73992516992588,8.669830005649517,4.9940420745695695,0.0,0.0,0.0,0.0,0.0,model4,9.0,False,8556.0
2852,2015-12-24T17:00:00Z,41.0,169.72273479082736,462.99341067059606,101.19884450866779,39.289068775685074,17.055279223049187,50.49022792727087,8.161290954265091,5.01860565797387,0.0,0.0,0.0,0.0,0.0,model4,9.0,False,8559.0
2853,2015-12-24T20:00:00Z,41.0,167.11872032880953,467.70943221932123,100.6094687715699,39.080373771331175,16.431023569452968,47.55367594014879,7.909906445757843,5.109163344419319,0.0,0.0,0.0,0.0,0.0,model4,9.0,False,8562.0
2854,2015-12-24T23:00:00Z,41.0,167.8625306538911,459.0179910235148,102.261306025359,39.43632745347322,16.581540096645686,45.3091319124887,8.54576252624629,4.557974977455672,0.0,0.0,0.0,0.0,0.0,model4,9.0,False,8565.0
2855,2015-12-25T02:00:00Z,41.0,169.08889422384001,459.2958679827036,102.16207560938072,38.845120980169675,16.299706995716658,48.36620286458701,8.543593069738534,5.752119103649885,0.0,0.0,0.0,0.0,0.0,model4,9.0,False,8568.0
2856,2015-12-25T05:00:00Z,41.0,169.5847360609741,452.1439690345931,101.88329776174886,38.75613408577074,16.566664270910042,50.822276099333855,8.690902477400504,5.809981201477388,0.0,0.0,0.0,0.0,0.0,model4,9.0,False,8571.0
2857,2015-12-25T08:00:00Z,41.0,168.69528812977072,445.3352243704018,100.33182023710016,38.650904641397794,16.53574314215475,49.82261112083204,9.498094388318526,5.7346426773260974,0.0,0.0,0.0,0.0,0.0,model4,9.0,False,8574.0
2858,2015-12-25T11:00:00Z,41.0,171.45178778491933,436.7544731628412,100.76100819768021,38.32990808847883,15.39370224111912,48.52399787326499,9.368607771059665,5.789366999213443,0.0,0.0,0.0,0.0,0.0,model4,9.0,False,8577.0
2859,2015-12-25T14:00:00Z,41.0,169.4080681400493,431.48779293177626,101.12598317555506,38.72036320027744,15.817052536935362,43.68801681451375,8.569198656692235,5.943779352795643,0.0,0.0,0.0,0.0,0.0,model4,9.0,False,8580.0
2860,2015-12-25T17:00:00Z,41.0,169.65082810155096,428.7365725995185,101.73359930252016,38.94439111584463,13.31747137089226,44.48354868381078,10.05431585630562,6.216993305588027,0.0,0.0,0.0,0.0,0.0,model4,9.0,False,8583.0
2861,2015-12-25T20:00:00Z,41.0,170.836997508179,419.8790463128212,101.12608544090712,39.668260754461116,12.589252989995066,43.9938567291788,11.197014344839133,6.253423125284454,0.0,0.0,0.0,0.0,0.0,model4,9.0,False,8586.0
2862,2015-12-25T23:00:00Z,41.0,172.81958304330198,432.9923124277365,99.52790230816905,40.34909588930757,14.440731894140901,49.16240178775772,9.904746155246084,5.985662036168362,0.0,0.0,0.0,0.0,0.0,model4,9.0,False,8589.0
2863,2015-12-26T02:00:00Z,41.0,171.98614164768958,431.0612983636262,99.83705921104428,41.15283890552732,15.639331693226387,46.64439040497701,10.354097382478383,4.4621817771909065,0.0,0.0,0.0,0.0,0.0,model4,9.0,False,8592.0
2864,2015-12-26T05:00:00Z,41.0,170.22548201816122,430.98626969165184,100.37041767152832,40.92215409636059,16.995495686652642,43.84039891587471,11.035820754944544,4.438711874447166,0.0,0.0,0.0,0.0,0.0,model4,9.0,False,8595.0
2865,2015-12-26T08:00:00Z,41.0,171.37506222638746,435.9404936741336,101.51753995200971,40.384877736039186,16.76162318159459,48.13963797547884,10.242018390160037,4.712514628684824,0.0,0.0,0.0,0.0,0.0,model4,9.0,False,8598.0
2866,2015-12-26T11:00:00Z,41.0,170.8831800878305,438.1735422686885,101.58751855097893,40.374111400679936,15.816673430199193,48.32187359014979,10.173861442186585,4.503509448605376,0.0,0.0,0.0,0.0,0.0,model4,9.0,False,8601.0
2867,2015-12-26T14:00:00Z,41.0,170.78594623607847,437.30632184548415,102.50734538036792,39.77680689713778,15.283039701274722,47.775488402125255,10.386736829659206,4.4107857372955985,0.0,0.0,0.0,0.0,0.0,model4,9.0,False,8604.0
2868,2015-12-26T17:00:00Z,41.0,168.66421155504258,432.838090227542,102.21943910127935,39.224430797969774,15.621026008064428,45.61390305577152,10.122613972756472,4.488660892242592,0.0,0.0,0.0,0.0,0.0,model4,9.0,False,8607.0
2869,2015-12-26T20:00:00Z,41.0,169.5060759123025,440.6061452906503,103.49094945051829,38.92630930515203,15.486961235774155,43.52137087667979,8.703415939285449,4.935173068745119,0.0,0.0,0.0,0.0,0.0,model4,9.0,False,8610.0
2870,2015-12-26T23:00:00Z,41.0,166.37954857870216,434.42382765565833,104.50153492760795,38.79043137775096,14.080548120462337,37.16039636231028,9.838350814955662,4.8693152560199495,0.0,0.0,0.0,0.0,0.0,model4,9.0,False,8613.0
2871,2015-12-27T02:00:00Z,41.0,166.67499968838663,431.10685161051606,105.57983994376636,38.54707402177026,13.943424926407635,36.05005532653932,8.871820107088642,4.913590901092446,0.0,0.0,0.0,0.0,0.0,model4,9.0,False,8616.0
2872,2015-12-27T05:00:00Z,41.0,169.37317393332037,434.38104032385,105.4552987386038,39.29381706294996,13.210733797005002,35.77995502790146,8.340185923845532,5.501642867074642,0.0,0.0,0.0,0.0,0.0,model4,9.0,False,8619.0
2873,2015-12-27T08:00:00Z,41.0,166.48325419324556,437.2457586696058,104.50230529123988,40.14884738017255,14.083676590057928,32.65756445658467,9.002695443231254,5.523441397284745,0.0,0.0,0.0,0.0,0.0,model4,9.0,False,8622.0
2874,2015-12-27T11:00:00Z,41.0,166.13775077032653,437.7712501415422,104.48071787649044,40.566922139868105,14.853350448186012,34.40972230238238,9.213130883187343,6.018116491975349,0.0,0.0,0.0,0.0,0.0,model4,9.0,False,8625.0
2875,2015-12-27T14:00:00Z,41.0,167.75672495683418,440.4465167820713,102.35815534132985,40.731144928595455,14.774167811083775,33.73182897746585,10.581378192726069,5.958809242769378,0.0,0.0,0.0,0.0,0.0,model4,9.0,False,8628.0
2876,2015-12-27T17:00:00Z,41.0,168.05863684680946,450.2403176290026,101.44069362623388,42.06149718771868,14.358120912990756,43.03664823839782,10.201481946691434,5.279644393721633,0.0,0.0,0.0,0.0,0.0,model4,9.0,False,8631.0
2877,2015-12-27T20:00:00Z,41.0,167.0004470070381,447.9839429570604,100.00858919173477,42.34656615549928,15.062392123110973,43.40398136847111,10.21320631715075,4.6238826137761855,0.0,0.0,0.0,0.0,0.0,model4,9.0,False,8634.0
2878,2015-12-27T23:00:00Z,41.0,166.69200199514182,451.9691410425448,98.74291962841976,42.611047069704156,13.809805400988774,46.99458403016792,8.60196683354658,4.909624135328527,0.0,0.0,0.0,0.0,0.0,model4,9.0,False,8637.0
2879,2015-12-28T02:00:00Z,41.0,166.77882508435033,454.1618801952961,97.9026887649649,42.46851077987471,12.731502385582724,46.135184194407714,9.506995566623287,4.522447501375095,0.0,0.0,0.0,0.0,0.0,model4,9.0,False,8640.0
2880,2015-12-28T05:00:00Z,41.0,164.68205938505497,455.56156769467725,96.72217613385212,41.840388913967374,11.284414631332671,45.701817305174046,9.679997847971476,4.918875191405336,0.0,0.0,0.0,0.0,0.0,model4,9.0,False,8643.0
2881,2015-12-28T08:00:00Z,41.0,166.0058261948663,452.5256566856301,96.74124725819814,41.377538276042756,10.602316721415018,47.53100058976914,10.88853082498608,5.046507696373181,0.0,0.0,0.0,0.0,0.0,model4,9.0,False,8646.0
2882,2015-12-28T11:00:00Z,41.0,166.87738952639734,458.0877378771989,98.22042573040736,40.78822920974958,11.30101722557702,45.64691755887553,11.733838176366813,4.670572414805223,0.0,0.0,0.0,0.0,0.0,model4,9.0,False,8649.0
2883,2015-12-28T14:00:00Z,41.0,165.8403135154855,455.3907324347185,100.47285986822658,40.74196998978029,11.866159323248418,47.216527829210776,11.320309795707846,4.7670256270733375,0.0,0.0,0.0,0.0,0.0,model4,9.0,False,8652.0
2884,2015-12-28T17:00:00Z,41.0,167.6713022520523,446.82030216000993,101.04574721726351,40.14339061818729,12.325162902607826,38.18743579932011,10.747952132686416,4.56992631022962,0.0,0.0,0.0,0.0,0.0,model4,9.0,False,8655.0
2885,2015-12-28T20:00:00Z,41.0,169.20467525187166,456.12786046043794,101.95033103544188,39.82331385909315,12.541165628014722,48.2293299364758,10.391537529839637,4.332209916940611,0.0,0.0,0.0,0.0,0.0,model4,9.0,False,8658.0
2886,2015-12-28T23:00:00Z,41.0,168.7947839929666,448.9323870405642,102.7544882850276,39.433133923257216,13.508926209855002,52.10308819707714,10.33856760587328,3.8362265474514254,0.0,0.0,0.0,0.0,0.0,model4,9.0,False,8661.0
2887,2015-12-29T02:00:00Z,41.0,167.36806594531188,450.4933622441858,102.38909099368674,38.54004415765299,14.424216466496189,52.21505680644063,9.47976201177544,4.151236232401798,0.0,0.0,0.0,0.0,0.0,model4,9.0,False,8664.0
2888,2015-12-29T05:00:00Z,41.0,167.04454545544058,445.72826603417633,102.52194566340808,38.29920150641955,14.829523877296104,55.61449981093665,8.205296448824807,3.7061358335555386,0.0,0.0,0.0,0.0,0.0,model4,9.0,False,8667.0
2889,2015-12-29T08:00:00Z,41.0,166.29165530966654,440.24908379554915,101.90313788185348,38.01426734029953,15.396346429995914,58.03664714909181,7.976164650003404,3.5758470713105672,0.0,0.0,0.0,0.0,0.0,model4,9.0,False,8670.0
2890,2015-12-29T11:00:00Z,41.0,166.72025413460614,433.79371126745247,99.98665215264569,38.25585322293799,14.864187743942587,57.75222425383441,7.657651114259609,3.5434836987157827,0.0,0.0,0.0,0.0,0.0,model4,9.0,False,8673.0
2891,2015-12-29T14:00:00Z,41.0,167.62906106450575,442.0430712341104,99.11547931831764,37.51286790635975,14.163342970920976,60.182064144133065,7.513448642252183,3.665083088858368,0.0,0.0,0.0,0.0,0.0,model4,9.0,False,8676.0
2892,2015-12-29T17:00:00Z,41.0,165.69247484854168,444.58106225902947,100.23885980131624,38.18521572104454,15.251374644171548,61.36403504805193,9.547631557169042,4.185067971340442,0.0,0.0,0.0,0.0,0.0,model4,9.0,False,8679.0
2893,2015-12-29T20:00:00Z,41.0,165.90726704924518,436.63834526065176,99.86630329445913,37.95679030288617,17.622010034340835,52.08145772561944,10.096019499399432,4.1228117087208815,0.0,0.0,0.0,0.0,0.0,model4,9.0,False,8682.0
2894,2015-12-29T23:00:00Z,41.0,165.43989353911263,442.76712715582283,98.19187167696022,37.896284281810814,17.317698002153573,49.02806809516132,10.259437670292963,4.9154389903836435,0.0,0.0,0.0,0.0,0.0,model4,9.0,False,8685.0
2895,2015-12-30T02:00:00Z,41.0,165.11522606717932,442.714776515257,99.83173020561428,38.55071490926439,18.022130525752736,49.11238907816646,11.070763057144838,4.825664024854505,0.0,0.0,0.0,0.0,0.0,model4,9.0,False,8688.0
2896,2015-12-30T05:00:00Z,41.0,166.25396816435222,448.8126458057135,101.1059383182962,38.40261432073119,19.5564312523424,49.62689316796182,11.744874839402847,5.054394786582097,0.0,0.0,0.0,0.0,0.0,model4,9.0,False,8691.0
2897,2015-12-30T08:00:00Z,41.0,167.74970722459014,455.22423922094396,101.7626276668487,38.51412163737997,18.73948588189901,50.47475814988768,10.807141562120755,5.077035772226797,0.0,0.0,0.0,0.0,0.0,model4,9.0,False,8694.0
2898,2015-12-30T11:00:00Z,41.0,166.027766353773,458.973274216691,104.06116785414068,38.198223114723284,18.18077599541619,47.535524953963716,11.154367713049943,5.410451547014617,0.0,0.0,0.0,0.0,0.0,model4,9.0,False,8697.0
2899,2015-12-30T14:00:00Z,41.0,164.55030772779025,455.4260233018029,103.71537089347635,38.42321116176888,18.253582712182915,48.32057500555192,11.018762736573066,5.281115120267903,0.0,0.0,0.0,0.0,0.0,model4,9.0,False,8700.0
2900,2015-12-30T17:00:00Z,41.0,166.37606364247443,455.52029216799417,101.65193044866224,38.519183806596104,17.652295009254566,45.10768235868879,10.079698076401863,5.467797850159454,0.0,0.0,0.0,0.0,0.0,model4,9.0,False,8703.0
2901,2015-12-30T20:00:00Z,41.0,164.20914045634433,459.73324098778295,101.07147856306835,38.83155793076903,14.949753956344754,44.826174469690564,10.23262321934817,5.764933873182986,0.0,0.0,0.0,0.0,0.0,model4,9.0,False,8706.0
2902,2015-12-30T23:00:00Z,41.0,165.498479404623,459.731370969697,101.88266653138768,38.83524917423895,15.24727849489441,44.83379065097044,10.112671407402607,5.147989744411109,0.0,0.0,0.0,0.0,0.0,model4,9.0,False,8709.0
2903,2015-12-31T02:00:00Z,41.0,165.87595278993146,457.7561803334835,100.52484845523178,39.04125196309972,13.813331255796205,44.71224074294073,10.437625667609325,5.096123551620549,0.0,0.0,0.0,0.0,0.0,model4,9.0,False,8712.0
2904,2015-12-31T05:00:00Z,41.0,164.75189394029687,450.15922035667205,99.043950578491,39.13613428234357,11.102037307529152,45.591132524954546,9.583538925014581,4.743178219521997,0.0,0.0,0.0,0.0,0.0,model4,9.0,False,8715.0
2905,2015-12-31T08:00:00Z,41.0,166.1721090966684,445.11364039306915,99.976211292353,39.53573195260627,12.761296404830935,47.85672967346702,9.784203130206746,4.855955025732725,0.0,0.0,0.0,0.0,0.0,model4,9.0,False,8718.0
2906,2015-12-31T11:00:00Z,41.0,168.29587650183313,445.31647313690667,99.05216002184193,39.840089533275226,13.39485065765661,47.659453559894715,8.609516307282888,4.437893271839627,0.0,0.0,0.0,0.0,0.0,model4,9.0,False,8721.0
2907,2015-12-31T14:00:00Z,41.0,169.28659875278612,445.7495802164309,100.43712229471848,40.260039046809,13.146240090296429,46.14055842579354,9.135209614017649,4.1191540627173735,0.0,0.0,0.0,0.0,0.0,model4,9.0,False,8724.0
2908,2015-12-31T17:00:00Z,41.0,169.99034182937297,440.7769814072757,102.28890285377315,39.26442439685822,16.045257431724096,51.34455832781155,9.274230187407216,4.200361969339486,0.0,0.0,0.0,0.0,0.0,model4,9.0,False,8727.0
2909,2015-12-31T20:00:00Z,41.0,170.98380928067772,437.38993549189314,103.75394646200115,38.82983737745083,15.18312381289115,51.66301267303194,8.543330026484881,4.677457849806916,0.0,0.0,0.0,0.0,0.0,model4,9.0,False,8730.0
2910,2015-12-31T23:00:00Z,41.0,171.19137582894209,436.48234680131225,105.10740560523476,40.10504327732155,14.76063478940924,49.90736863156204,7.927228320772902,5.650791332971044,0.0,0.0,0.0,0.0,0.0,model4,9.0,False,8733.0
2911,2016-01-01T02:00:00Z,41.0,173.11066912712673,439.602375364178,104.91050492361995,39.80001628989381,14.226671969030516,49.80229067147918,6.879079675605103,5.636072002819143,0.0,0.0,0.0,0.0,0.0,model4,9.0,False,8736.0
2912,2016-01-01T05:00:00Z,41.0,173.77172074915612,445.41530242006553,104.8412544151047,39.09024033848075,13.875118077005364,49.211755774832106,6.713876346158568,5.931408641947839,0.0,0.0,0.0,0.0,0.0,model4,9.0,False,8739.0
