,datetime,machineID,voltmean,rotatemean,pressuremean,vibrationmean,voltsd,rotatesd,pressuresd,vibrationsd,error1count,error2count,error3count,error4count,error5count,model,age,failure,time_diff
0,2015-01-02T05:00:00Z,49.0,172.7948624262884,443.40739892590926,98.83029060265685,40.146594481709506,16.930473795981825,51.638014132709294,8.689815024430388,5.261179866527106,0.0,0.0,0.0,0.0,0.0,model1,15.0,False,3.0
1,2015-01-02T08:00:00Z,49.0,171.5722300684941,447.06186163483216,98.15094768739496,39.9564226495332,18.275948191964225,54.48096675532813,8.320274101213187,5.22081262128579,0.0,0.0,0.0,0.0,0.0,model1,15.0,False,6.0
2,2015-01-02T11:00:00Z,49.0,172.10413122056622,443.0930169507917,99.3986805453503,40.33154809991272,18.358138831468505,48.751075433716096,8.862016528507223,4.944601443105545,0.0,0.0,0.0,0.0,0.0,model1,15.0,False,9.0
3,2015-01-02T14:00:00Z,49.0,170.79284891174353,439.2983023984237,100.14474905356268,40.408897918841255,19.699247277557173,42.596842489126985,9.227779695202614,4.366070099354827,0.0,0.0,0.0,0.0,0.0,model1,15.0,False,12.0
4,2015-01-02T17:00:00Z,49.0,168.1597278577313,440.0877923262647,100.70421663593395,40.69418585455617,19.18399992439292,38.34831673068195,9.202695123573015,4.712262149179006,0.0,0.0,0.0,0.0,0.0,model1,15.0,False,15.0
5,2015-01-02T20:00:00Z,49.0,167.35406374149187,449.71819675010767,100.71925030447277,39.358945895584974,20.070852794034426,44.20645301086523,9.165069565947588,6.356211039957553,0.0,0.0,0.0,0.0,0.0,model1,15.0,False,18.0
6,2015-01-02T23:00:00Z,49.0,168.28611305801337,447.8275625023757,102.41181149064596,39.055863685460174,20.71220757992277,49.424736399598466,8.040654080106531,6.232376861688706,0.0,0.0,0.0,0.0,0.0,model1,15.0,False,21.0
7,2015-01-03T02:00:00Z,49.0,168.29078668591157,449.1789790295163,102.07694911946855,38.65267060145936,20.006296906944254,48.3168153777917,7.875611690486567,5.942911457155536,0.0,0.0,0.0,0.0,0.0,model1,15.0,False,24.0
8,2015-01-03T05:00:00Z,49.0,169.8422526683616,452.2605079333561,101.11980820689224,39.832106052473726,16.53525116152975,51.60261852569642,7.542201123572041,5.904743008568312,0.0,0.0,0.0,0.0,0.0,model1,15.0,False,27.0
9,2015-01-03T08:00:00Z,49.0,172.28809381916864,446.7479936673033,100.91373099925998,39.87156461385091,17.230782407421184,49.32058299703912,8.054815074460487,6.039144057572449,0.0,0.0,0.0,0.0,0.0,model1,15.0,False,30.0
10,2015-01-03T11:00:00Z,49.0,171.29133025768678,442.3055735477162,100.6005469341308,39.136895328494475,16.763721484823634,51.33276839792354,7.313295941417085,6.067114411760937,0.0,1.0,0.0,0.0,0.0,model1,15.0,False,33.0
11,2015-01-03T14:00:00Z,49.0,171.94052007788997,446.56704606363763,101.64333997171605,39.34422170300092,15.948076253404055,53.501066406454534,7.62399718661304,6.391084646773945,0.0,1.0,0.0,0.0,0.0,model1,15.0,False,36.0
12,2015-01-03T17:00:00Z,49.0,172.54228091280802,450.4502843492804,101.72191637574603,38.59795970039021,15.37900296485533,52.385317875254,7.194570408891432,6.232418909280219,0.0,1.0,0.0,0.0,0.0,model1,15.0,False,39.0
13,2015-01-03T20:00:00Z,49.0,172.44589773417567,450.58536429311636,101.87398882407035,39.80820789198077,15.464300636888359,47.88209422749678,7.52359368090092,5.163282836885751,0.0,1.0,0.0,0.0,0.0,model1,15.0,False,42.0
14,2015-01-03T23:00:00Z,49.0,172.10534462104678,456.5342079234487,100.21165303982502,39.418912650066474,17.086945426439947,45.97900632793539,8.323523580649036,5.562354936170486,0.0,1.0,0.0,0.0,0.0,model1,15.0,False,45.0
15,2015-01-04T02:00:00Z,49.0,172.4702212242778,458.21879617746316,101.72929128449314,38.85808218372358,17.049755394769477,45.42416976199237,9.232355441263305,5.453752310497607,0.0,1.0,0.0,0.0,0.0,model1,15.0,False,48.0
16,2015-01-04T05:00:00Z,49.0,170.290444261057,450.89504527518824,100.64605508263443,37.96919543242984,16.93834891228581,49.878138017589166,9.882282017593523,5.080707365241387,0.0,1.0,0.0,0.0,0.0,model1,15.0,False,51.0
17,2015-01-04T08:00:00Z,49.0,169.9717913746179,451.5039376801384,101.67854637934784,38.0153981899152,14.890709541920508,55.65461225398601,9.613492022519944,5.1113668433586525,0.0,1.0,0.0,0.0,0.0,model1,15.0,False,54.0
18,2015-01-04T11:00:00Z,49.0,170.8367439873749,453.8030702377516,102.01068009644683,38.14720134830336,15.289621511850154,59.01498289475077,9.539477487936953,5.205577770413006,0.0,0.0,0.0,0.0,0.0,model1,15.0,False,57.0
19,2015-01-04T14:00:00Z,49.0,172.41508569598415,449.6120894504697,100.5118099549424,37.88054371909939,14.261075678468025,62.38638038348985,9.765258551296537,4.751827421910336,0.0,0.0,0.0,0.0,0.0,model1,15.0,False,60.0
20,2015-01-04T17:00:00Z,49.0,172.0450699575134,457.7173333322256,101.77096905092355,38.469100812437155,14.785978450445773,67.63358267694419,11.179662251277296,5.2758001167157005,0.0,0.0,0.0,0.0,0.0,model1,15.0,False,63.0
21,2015-01-04T20:00:00Z,49.0,173.8954159624005,443.35745264890363,102.4145126578145,38.80304919842699,13.920317727124571,69.10153467948024,11.399513971854324,5.155655494717586,0.0,0.0,0.0,0.0,0.0,model1,15.0,False,66.0
22,2015-01-04T23:00:00Z,49.0,174.61880820936082,439.01253528142126,102.677414680065,38.81921381794999,13.120175775360599,67.1827336170117,11.698884324106604,4.573298268463751,0.0,0.0,0.0,0.0,0.0,model1,15.0,False,69.0
23,2015-01-05T02:00:00Z,49.0,174.24286983217462,439.32374993609596,101.09657873600193,39.36475386237365,13.624376037246961,67.0284029435969,11.060047537921813,5.345166655922674,0.0,0.0,0.0,0.0,0.0,model1,15.0,False,72.0
24,2015-01-05T05:00:00Z,49.0,175.18795061879268,445.69932768273,101.82913200900535,39.02775324347976,14.595654592315045,63.65002425062785,10.928800876737606,5.397337522082542,0.0,0.0,0.0,0.0,0.0,model1,15.0,False,75.0
25,2015-01-05T08:00:00Z,49.0,174.29339152642845,448.17517179002516,100.70059368938459,38.70548545075265,16.188553277042242,58.681020687050406,11.276626728607395,5.207592710098756,0.0,0.0,0.0,0.0,0.0,model1,15.0,False,78.0
26,2015-01-05T11:00:00Z,49.0,170.78260232281357,451.78589896006724,100.48407152918764,39.69206196911917,17.608856778858485,52.95034428726617,11.227534669285937,5.332505844492308,0.0,0.0,0.0,0.0,0.0,model1,15.0,False,81.0
27,2015-01-05T14:00:00Z,49.0,168.7619918655101,458.5323855843982,100.31449623887444,39.17381596476122,18.64237755293834,51.99175619879605,10.578543441306069,5.4847311619602905,0.0,0.0,0.0,0.0,0.0,model1,15.0,False,84.0
28,2015-01-05T17:00:00Z,49.0,168.62228051349086,451.3782867769382,98.76128499965981,37.949977491647466,19.30905300974948,52.25958521964021,8.75738284585528,5.598674719915836,0.0,0.0,0.0,0.0,0.0,model1,15.0,False,87.0
29,2015-01-05T20:00:00Z,49.0,166.90978793509026,467.3282800678567,98.08739009207106,37.88179518484026,18.689595961484734,52.248387394238826,8.580754250214701,5.860310275177341,0.0,0.0,0.0,0.0,0.0,model1,15.0,False,90.0
30,2015-01-05T23:00:00Z,49.0,165.2743171416944,473.8483196630601,98.74646639341,38.20414993271161,17.478412115657218,50.92855326986512,7.284611590008881,5.802389210928474,0.0,0.0,0.0,0.0,0.0,model1,15.0,False,93.0
31,2015-01-06T02:00:00Z,49.0,162.84494365758718,474.0194909125184,99.1973229187252,37.90723483687518,18.015228380805816,51.8479888563751,8.413239331111885,5.060558705204864,0.0,0.0,0.0,0.0,0.0,model1,15.0,False,96.0
32,2015-01-06T05:00:00Z,49.0,161.19587308342096,477.7903350362096,98.84915927377337,38.541056141746566,16.637278956765204,51.70155384353536,8.288055094296034,5.043052918430248,0.0,0.0,0.0,0.0,0.0,model1,15.0,False,99.0
33,2015-01-06T08:00:00Z,49.0,161.6443232860105,470.0588450782625,99.49887240980837,38.68072365990454,16.37768270372753,59.48286583098072,7.53724180578802,5.233944322344532,0.0,0.0,0.0,0.0,0.0,model1,15.0,False,102.0
34,2015-01-06T11:00:00Z,49.0,161.57509610654958,461.2333484015909,99.42606980561787,38.10399462744257,16.1876418466347,66.30417633777414,7.866675249826764,4.983857638219095,0.0,0.0,0.0,0.0,0.0,model1,15.0,False,105.0
35,2015-01-06T14:00:00Z,49.0,164.98088427637637,451.3004704784645,98.67005480445269,38.689966056580154,17.70796169693943,67.23498140288089,8.467738928075379,5.286096322904241,0.0,0.0,0.0,0.0,0.0,model1,15.0,False,108.0
36,2015-01-06T17:00:00Z,49.0,168.53022696509566,451.719025913865,98.0582904449567,39.275303280495656,18.948064647673107,63.80799621828943,8.327101600019951,4.571290042220424,0.0,0.0,0.0,0.0,0.0,model1,15.0,False,111.0
37,2015-01-06T20:00:00Z,49.0,165.8515107995759,446.5613600142092,97.59917605929695,38.92615815307977,19.906368256720608,57.06253685259118,7.556904986268426,4.0289204563589855,0.0,0.0,0.0,0.0,0.0,model1,15.0,False,114.0
38,2015-01-06T23:00:00Z,49.0,166.09547011367889,435.55451441690576,98.37857817500557,39.413940929032,19.62406991571449,53.554228498196146,8.888608761476066,4.323652318284089,0.0,0.0,0.0,0.0,0.0,model1,15.0,False,117.0
39,2015-01-07T02:00:00Z,49.0,169.13433985334783,434.1599618962063,97.54719110166825,39.37494318621264,18.876680090638985,54.606214472695996,8.880238617228255,4.363850937784304,0.0,0.0,0.0,0.0,0.0,model1,15.0,False,120.0
40,2015-01-07T05:00:00Z,49.0,172.16445797434864,428.77340825340406,98.8568714075681,39.12702445297102,18.79502016999906,49.39472066807416,8.620838949484925,4.636257955981329,0.0,0.0,0.0,0.0,0.0,model1,15.0,False,123.0
41,2015-01-07T08:00:00Z,49.0,172.46182553828018,436.29588817701034,97.8542806522638,39.72269952771153,18.300087859906963,47.651761775421285,8.888204670512811,4.811129625853098,0.0,0.0,0.0,0.0,0.0,model1,15.0,False,126.0
42,2015-01-07T11:00:00Z,49.0,173.1305979121811,442.7705973919851,96.67376453886808,40.304764014189686,18.76762792851726,44.18283501866515,8.792580784446718,5.271238532624108,0.0,0.0,0.0,0.0,0.0,model1,15.0,False,129.0
43,2015-01-07T14:00:00Z,49.0,169.83245245099104,451.9597113547328,97.99080573117362,40.106896951474134,18.369033079845945,42.85554087706078,9.109971853232548,5.092855506658112,0.0,0.0,0.0,0.0,0.0,model1,15.0,False,132.0
44,2015-01-07T17:00:00Z,49.0,168.3374673931043,443.4596460028957,97.83325445545441,40.685198111933865,17.182405297487954,42.91303018745532,9.10918646691502,4.766528680329016,0.0,0.0,0.0,0.0,0.0,model1,15.0,False,135.0
45,2015-01-07T20:00:00Z,49.0,171.86302319518882,435.4646352128409,97.25868509488977,41.44553878575143,15.051195409394207,40.46183262889213,9.45313422331338,4.684103292766428,0.0,0.0,0.0,0.0,0.0,model1,15.0,False,138.0
46,2015-01-07T23:00:00Z,49.0,171.36015129692933,445.2863394097364,95.98426495906936,40.96973231269437,14.995817214225841,43.876535351457385,9.056377368687766,4.641541016805983,0.0,0.0,0.0,0.0,0.0,model1,15.0,False,141.0
47,2015-01-08T02:00:00Z,49.0,171.73914907987043,445.69655630847717,96.06874517432915,41.59100806053663,16.27269066936049,42.06965969783783,8.350598427952436,4.659876031134723,0.0,0.0,0.0,0.0,0.0,model1,15.0,False,144.0
48,2015-01-08T05:00:00Z,49.0,170.33997945903317,443.40974353614905,96.92318075028912,42.10774102459296,15.965589486480315,47.07046604882589,9.433530566785377,4.1702684074883125,0.0,0.0,0.0,0.0,0.0,model1,15.0,False,147.0
49,2015-01-08T08:00:00Z,49.0,168.8802731831186,442.4979319306249,97.77463615169384,41.119953085063116,15.750471092058053,50.56740566631278,9.26808378104239,4.531073185267703,0.0,0.0,0.0,0.0,0.0,model1,15.0,False,150.0
50,2015-01-08T11:00:00Z,49.0,171.14713540882104,442.10262624855454,98.1161544883725,40.727541078177254,13.780150835867722,49.491711921728964,9.08331080871388,3.837375679528399,0.0,0.0,0.0,0.0,0.0,model1,15.0,False,153.0
51,2015-01-08T14:00:00Z,49.0,170.29162744209034,439.9996660434794,98.16164076838785,41.155513142353016,14.167848429607313,46.49436115244441,9.247734640580633,3.5773577243007337,0.0,0.0,0.0,0.0,0.0,model1,15.0,False,156.0
52,2015-01-08T17:00:00Z,49.0,166.44267509102175,441.1894210981569,98.1354052095236,41.31889817239678,17.301580719987548,48.234410950484076,9.344186141173187,4.083008731718263,0.0,0.0,0.0,0.0,0.0,model1,15.0,False,159.0
53,2015-01-08T20:00:00Z,49.0,164.92342872558888,448.8799950544789,99.08827415350859,41.10722007682233,16.81251167218558,51.137399138741046,8.87367091152376,4.13581655331354,0.0,0.0,0.0,0.0,0.0,model1,15.0,False,162.0
54,2015-01-08T23:00:00Z,49.0,166.4261786723036,446.6172399515344,100.22800574885723,41.53600607885428,17.99790159464989,48.53398007670403,7.829760539170902,4.373104237645172,0.0,0.0,0.0,0.0,0.0,model1,15.0,False,165.0
55,2015-01-09T02:00:00Z,49.0,166.6356546712784,442.753335152314,100.24238781787851,41.57971460367249,17.48991244714577,51.22883972549853,7.999128547148563,4.481034524218615,0.0,0.0,0.0,0.0,0.0,model1,15.0,False,168.0
56,2015-01-09T05:00:00Z,49.0,167.91704677694142,439.6309603843602,98.20754346408589,41.65974865815717,18.178193452619976,48.17256305347583,7.993475674032984,4.387459966140504,0.0,0.0,0.0,0.0,0.0,model1,15.0,False,171.0
57,2015-01-09T08:00:00Z,49.0,166.28308024410458,441.3651173543862,98.61830341561796,42.56669125622655,19.308095458857373,46.34913643968086,8.976233094598829,3.7812368987620095,0.0,0.0,0.0,0.0,0.0,model1,15.0,False,174.0
58,2015-01-09T11:00:00Z,49.0,163.2859675258909,447.2710358605712,98.92075158147243,42.32064754249891,19.06836194515978,50.09947167191409,9.23591444244954,3.8409998203338653,0.0,0.0,0.0,0.0,0.0,model1,15.0,False,177.0
59,2015-01-09T14:00:00Z,49.0,164.94784740910245,446.33792311650666,99.60234712927792,41.32651861966244,19.613718760238346,48.41138151322888,9.51933099921643,4.87687470908518,0.0,0.0,0.0,0.0,0.0,model1,15.0,False,180.0
60,2015-01-09T17:00:00Z,49.0,168.38693756213496,451.5659690668381,101.04184958574398,40.26246292772103,16.986009637295833,43.38920596913115,9.52948398972366,5.262677619841064,0.0,0.0,0.0,0.0,0.0,model1,15.0,False,183.0
61,2015-01-09T20:00:00Z,49.0,169.96920758126308,448.54614605652887,102.01758897680449,40.06418911450678,17.342345231955544,44.95652089291068,10.566306150471982,5.1314816231462785,0.0,0.0,0.0,0.0,0.0,model1,15.0,False,186.0
62,2015-01-09T23:00:00Z,49.0,170.01551390327586,448.304114971449,100.37801304688637,39.62127210139362,16.44628258639976,46.79729168464852,11.443776669475042,4.800074887124887,0.0,0.0,0.0,0.0,0.0,model1,15.0,False,189.0
63,2015-01-10T02:00:00Z,49.0,167.3283262967013,452.29946365564047,102.11246374702877,38.38127210202653,16.022302923334962,44.181867995954846,11.551276671182814,4.602017066559212,0.0,0.0,0.0,0.0,0.0,model1,15.0,False,192.0
64,2015-01-10T05:00:00Z,49.0,166.44311877110113,459.09102810726966,102.67586498513859,38.571849282540825,15.693757381944804,47.073232286732036,10.660696165031892,5.634154566003144,0.0,0.0,0.0,0.0,0.0,model1,15.0,False,195.0
65,2015-01-10T08:00:00Z,49.0,167.45119881020287,461.8600155787799,101.7791530765128,38.78188804299303,14.748966143100743,45.83462790179054,10.360019356170728,5.689526599621412,0.0,0.0,0.0,0.0,0.0,model1,15.0,False,198.0
66,2015-01-10T11:00:00Z,49.0,171.0274134055369,455.26912376832064,102.35822280343235,38.51270783823219,14.568507925629964,43.90134486208329,10.21677657031906,5.64862675727628,0.0,0.0,0.0,0.0,0.0,model1,15.0,False,201.0
67,2015-01-10T14:00:00Z,49.0,171.90730301954582,455.8742025491958,100.08717880752023,39.059579390690715,13.60459366178822,48.072113993226154,10.86109601959091,5.428454501951057,0.0,0.0,0.0,0.0,0.0,model1,15.0,False,204.0
68,2015-01-10T17:00:00Z,49.0,172.16984683504288,458.0852985049861,98.5851283860722,39.91804438747693,14.070254505801715,48.807777489187536,11.501953857530545,5.238428301661799,0.0,0.0,0.0,0.0,0.0,model1,15.0,False,207.0
69,2015-01-10T20:00:00Z,49.0,171.32255058158276,458.0423959261209,97.96501862360695,40.17874480325965,15.7692735818186,45.051738361643935,10.523597471083884,5.390239811989267,0.0,0.0,0.0,0.0,0.0,model1,15.0,False,210.0
70,2015-01-10T23:00:00Z,49.0,171.2052495720096,449.11916669732045,98.29856108541401,40.27481494935935,16.382908288989242,49.51556026519661,10.19470046164238,5.511920945567166,0.0,0.0,0.0,0.0,0.0,model1,15.0,False,213.0
71,2015-01-11T02:00:00Z,49.0,170.70297178572574,454.49266181562837,97.54166720235592,40.612800066879466,16.648944778000676,50.08169312618457,9.756600075301435,5.137324032276196,0.0,0.0,0.0,0.0,0.0,model1,15.0,False,216.0
72,2015-01-11T05:00:00Z,49.0,171.52918590240498,457.8083145256312,96.81685392764729,40.38049031934989,16.102109568336367,47.4633682279724,9.759628447712206,4.334907236454283,0.0,0.0,0.0,0.0,0.0,model1,15.0,False,219.0
73,2015-01-11T08:00:00Z,49.0,173.0179949032161,452.0445944617808,98.3727406942392,40.17888955800508,16.59510946098284,49.619791424210995,10.883932905753596,4.536709913663996,0.0,0.0,0.0,0.0,0.0,model1,15.0,False,222.0
74,2015-01-11T11:00:00Z,49.0,170.80102669229166,454.051532692344,97.94921425428228,40.3855898048462,16.487190532680174,49.31398862592454,10.89438675016885,4.527371271020866,0.0,0.0,0.0,0.0,0.0,model1,15.0,False,225.0
75,2015-01-11T14:00:00Z,49.0,173.52929511967946,449.80446309585153,98.94633485563746,40.83126025126719,19.208846928500247,46.82179275176082,10.842393954265,4.614303266947796,0.0,0.0,0.0,0.0,0.0,model1,15.0,False,228.0
76,2015-01-11T17:00:00Z,49.0,171.98449338189369,443.5059448757325,100.16989879592549,39.98071709678357,19.102172360060404,47.33975778993783,9.755951381125524,4.983276683939589,0.0,0.0,0.0,0.0,0.0,model1,15.0,False,231.0
77,2015-01-11T20:00:00Z,49.0,171.39735873312202,436.2686049191015,99.9497437180228,39.91843122690703,17.859546332782365,50.52174606054901,9.536084817864914,4.855212112167587,0.0,0.0,0.0,0.0,0.0,model1,15.0,False,234.0
78,2015-01-11T23:00:00Z,49.0,169.85420888964873,441.47874623628053,100.59646413523363,39.29329611399484,17.812349505196202,51.84455443279718,9.367710302130146,5.112266454238206,0.0,0.0,0.0,0.0,0.0,model1,15.0,False,237.0
79,2015-01-12T02:00:00Z,49.0,172.31240360826882,440.478610693273,100.84965229029746,39.87086255705667,16.90003984735526,50.3248159006431,9.020838926211935,5.154159247059456,0.0,0.0,0.0,0.0,0.0,model1,15.0,False,240.0
80,2015-01-12T05:00:00Z,49.0,173.54966666873005,424.45868071200056,101.2868410561376,39.76268557480073,18.16818864497849,51.99205127515538,9.297886050253592,5.0751477649520735,0.0,0.0,0.0,0.0,0.0,model1,15.0,False,243.0
81,2015-01-12T08:00:00Z,49.0,173.67986305845486,425.2251881574068,99.3087153763076,39.48422620176089,17.324083608844173,51.33749659083032,8.74962828928372,4.74348955156434,0.0,0.0,0.0,0.0,0.0,model1,15.0,False,246.0
82,2015-01-12T11:00:00Z,49.0,175.28621792905258,428.56274288250717,98.83917047658251,39.291006759766226,16.869942064271378,59.46410900819978,8.266026303329594,4.7987370950936405,0.0,0.0,0.0,0.0,0.0,model1,15.0,False,249.0
83,2015-01-12T14:00:00Z,49.0,172.73469359340518,429.743496345675,99.53239271903105,38.420280307149795,14.165346521805985,59.727047984434115,7.051593086892187,4.455561220886786,0.0,0.0,0.0,0.0,0.0,model1,15.0,False,252.0
84,2015-01-12T17:00:00Z,49.0,174.04723167451422,436.25259483158953,98.52883458993436,38.98244730085066,14.857709367761656,60.8029757330233,7.091086729694207,3.938670466971177,0.0,0.0,0.0,0.0,0.0,model1,15.0,False,255.0
85,2015-01-12T20:00:00Z,49.0,174.9172762267239,438.5647038334408,98.79996747442621,38.7209660058819,14.735879334191651,57.27001774203212,8.205115854858308,3.7210520068612403,0.0,0.0,0.0,0.0,0.0,model1,15.0,False,258.0
86,2015-01-12T23:00:00Z,49.0,176.58795848640514,440.2839920051945,98.94212686982824,39.504592325725405,13.307410240664112,53.21557332145921,7.971773106464491,3.368089199263804,0.0,0.0,0.0,0.0,0.0,model1,15.0,False,261.0
87,2015-01-13T02:00:00Z,49.0,177.0186187691043,435.2423676862595,97.1791989307218,38.72496290197883,12.829273477862953,53.261401737714564,8.07165023492211,3.454659197407256,0.0,0.0,0.0,0.0,0.0,model1,15.0,False,264.0
88,2015-01-13T05:00:00Z,49.0,175.00059564407584,445.72870952489995,97.82076379851169,38.4085812458635,11.393582210041457,50.46122628745328,7.8371980200787075,2.9074203307488244,0.0,0.0,0.0,0.0,0.0,model1,15.0,False,267.0
89,2015-01-13T08:00:00Z,49.0,175.87414843067697,440.71496144785965,97.21059133641329,38.95435104086614,11.358400504091025,51.916665065795705,8.392068434662798,3.4244426164693107,0.0,0.0,0.0,0.0,0.0,model1,15.0,False,270.0
90,2015-01-13T11:00:00Z,49.0,174.1759555053878,444.8446435492231,98.91213027816431,39.1462648269976,12.135940168252466,51.784711228258466,9.86688760296502,3.823748204045918,0.0,0.0,0.0,0.0,0.0,model1,15.0,False,273.0
91,2015-01-13T14:00:00Z,49.0,172.864617629369,441.78496350945466,98.67429926961452,39.836397791349405,13.63341553875483,56.16331467635642,10.026408532591333,3.6500972826652394,0.0,1.0,0.0,0.0,0.0,model1,15.0,False,276.0
92,2015-01-13T17:00:00Z,49.0,172.46364690144824,438.39628147970075,98.96186164767784,40.51557222982016,12.85572892106625,56.15613561934953,10.290356795438823,4.318691119693123,0.0,1.0,0.0,0.0,0.0,model1,15.0,False,279.0
93,2015-01-13T20:00:00Z,49.0,173.34557960566116,438.4069593938769,98.71117047488251,40.30684229835755,12.81700422324393,57.329384873351266,9.637586705006402,4.717913591266241,0.0,1.0,0.0,0.0,0.0,model1,15.0,False,282.0
94,2015-01-13T23:00:00Z,49.0,173.72698821470996,440.0458632019469,98.11343661162368,40.09177744262779,13.728001751927039,57.16759438102678,9.937437023624213,4.816802310686369,0.0,1.0,0.0,0.0,0.0,model1,15.0,False,285.0
95,2015-01-14T02:00:00Z,49.0,171.93426623122974,442.5529792478503,97.73387231975391,40.06239531534743,15.827661952630214,54.01844488293617,10.023601727862113,5.329183368451254,0.0,1.0,0.0,0.0,0.0,model1,15.0,False,288.0
96,2015-01-14T05:00:00Z,49.0,171.5058503251949,446.22208107034163,97.69885363094244,40.60449548516581,15.997267555408028,49.45332451208206,9.817706183073666,5.672403629899308,0.0,1.0,0.0,0.0,0.0,model1,15.0,False,291.0
97,2015-01-14T08:00:00Z,49.0,170.65452617667054,453.2341558648809,100.44872145880863,39.9730357927421,15.336318635703616,45.75954269257385,10.175763820853804,6.021847754606163,0.0,1.0,0.0,0.0,0.0,model1,15.0,False,294.0
98,2015-01-14T11:00:00Z,49.0,173.5943778926949,446.89584033384597,100.27954540934542,40.49127605036253,15.976860168804786,38.582802360355565,9.71443286645281,6.248921214489455,0.0,1.0,0.0,0.0,0.0,model1,15.0,False,297.0
99,2015-01-14T14:00:00Z,49.0,172.2189060996354,451.5144643460418,100.79251379667801,40.65552537125031,16.89425635874005,31.295817153666395,9.893783310752204,6.523009456178107,0.0,0.0,0.0,0.0,0.0,model1,15.0,False,300.0
100,2015-01-14T17:00:00Z,49.0,171.1680684126981,449.2958619617428,100.25358205621308,40.21687994038562,16.507460588841248,32.392017237255104,10.113717965689457,6.068544410541617,0.0,0.0,0.0,0.0,0.0,model1,15.0,False,303.0
101,2015-01-14T20:00:00Z,49.0,170.24767418459913,453.6836314053169,100.90229361415207,40.420581206401096,16.083783778776347,33.811048093375426,11.185824442845911,6.421336849861469,0.0,0.0,0.0,0.0,0.0,model1,15.0,False,306.0
102,2015-01-14T23:00:00Z,49.0,169.39157127145833,449.23521921042885,101.34440320257586,40.254834371392214,16.09019204918385,36.12349507828293,11.328251280961581,6.424110068891691,0.0,0.0,0.0,0.0,0.0,model1,15.0,False,309.0
103,2015-01-15T02:00:00Z,49.0,167.58276243458315,453.12346891357384,102.62309867913031,40.49610116138626,16.031512737870976,39.777503737866866,10.55095050416566,5.820348779546826,0.0,0.0,0.0,0.0,0.0,model1,15.0,False,312.0
104,2015-01-15T05:00:00Z,49.0,168.88161654827186,450.9622987078595,103.08498859228564,40.44516049122088,16.299356581978714,40.136731369617635,11.018721351393518,5.6447478945259295,0.0,0.0,0.0,0.0,0.0,model1,15.0,False,315.0
105,2015-01-15T08:00:00Z,49.0,169.07772720116898,453.9892859214895,102.54155417072157,40.49388943270915,16.428056236113342,40.86791330460583,10.323205787463287,5.114384619073906,0.0,0.0,0.0,0.0,0.0,model1,15.0,False,318.0
106,2015-01-15T11:00:00Z,49.0,165.24805357113163,452.95997433282076,101.7006308331854,40.00677506698844,17.6370903602652,42.88298155935737,10.096953585629477,4.680173659233547,0.0,0.0,0.0,0.0,0.0,model1,15.0,False,321.0
107,2015-01-15T14:00:00Z,49.0,168.21019855397384,449.784549749386,102.94011418175371,39.9839361543297,17.353932853761496,54.377091140458184,11.021864433442163,4.27214450558945,0.0,0.0,0.0,0.0,0.0,model1,15.0,False,324.0
108,2015-01-15T17:00:00Z,49.0,169.33828181444628,436.979509410068,103.33077242604976,40.00999773293821,17.972229676919092,67.74035510850125,12.146153171490493,4.601915768036129,0.0,0.0,0.0,0.0,0.0,model1,15.0,False,327.0
109,2015-01-15T20:00:00Z,49.0,166.74402981333432,429.7727641494139,101.9956042789362,39.68821941943485,19.22332371555756,68.22129676700993,11.37711367575782,3.8157107562032886,0.0,0.0,0.0,0.0,0.0,model1,15.0,False,330.0
110,2015-01-15T23:00:00Z,49.0,167.56877929258934,427.94797566230636,102.23235210270352,39.34996119876449,18.883790249435886,67.39265579609139,11.085033135097342,4.06133957598774,0.0,0.0,0.0,0.0,0.0,model1,15.0,False,333.0
111,2015-01-16T02:00:00Z,49.0,169.5898047359473,414.3677970541168,101.02656551929309,39.26829603109119,17.549633793086354,67.15763719459034,11.946126455867365,4.651162063627907,0.0,0.0,0.0,0.0,0.0,model1,15.0,False,336.0
112,2015-01-16T05:00:00Z,49.0,165.81523401658166,398.5534495198174,99.78753372026785,38.779739215111434,18.32638715758186,69.66760145641817,11.89729710685507,4.345196576347869,0.0,0.0,0.0,0.0,0.0,model1,15.0,False,339.0
113,2015-01-16T08:00:00Z,49.0,165.1517564534584,386.26077201535935,98.34452507112827,38.98877443944488,17.931305301082478,62.259602975559595,11.730585545593796,4.4242486732639135,0.0,0.0,0.0,0.0,0.0,model1,15.0,False,342.0
114,2015-01-16T11:00:00Z,49.0,165.96535326011818,378.8698657887958,99.12006348725029,38.83296836527718,14.901352669830676,60.659144304788285,11.93324986500784,4.42644494188336,0.0,0.0,0.0,0.0,0.0,model1,15.0,False,345.0
115,2015-01-16T14:00:00Z,49.0,165.9083561786726,374.3531891349477,97.39159479313587,38.294880517629366,14.876610458193946,55.429502605934104,10.043636768506913,4.44731309875178,0.0,0.0,0.0,0.0,0.0,model1,15.0,False,348.0
116,2015-01-16T17:00:00Z,49.0,166.84230558851203,380.8621425347805,96.95348228054213,37.30594767420003,15.838185599475873,58.66170064596686,8.208964251235786,4.481548067202401,0.0,0.0,0.0,0.0,0.0,model1,15.0,False,351.0
117,2015-01-16T20:00:00Z,49.0,168.90798445977575,374.8639090568348,96.45495791073108,38.37024276503253,13.878168008713665,59.00434587366497,8.774344124043424,5.2729867514786415,0.0,0.0,0.0,0.0,0.0,model1,15.0,False,354.0
118,2015-01-16T23:00:00Z,49.0,167.20965456352513,367.7671786785089,96.21993053018356,39.24531113173407,13.939530021370805,61.11474351288558,8.203310694557317,5.412744140995192,0.0,0.0,0.0,0.0,0.0,model1,15.0,False,357.0
119,2015-01-17T02:00:00Z,49.0,168.11340519383685,363.5941152463736,95.97611768949044,39.360823279376476,13.56862455831409,64.85885765357179,7.99367243075851,4.970005234994325,0.0,0.0,0.0,0.0,0.0,model1,15.0,False,360.0
120,2015-01-17T05:00:00Z,49.0,170.71807582584353,370.9557684967232,97.58877476183602,39.5677716623231,11.83471248405962,63.73160407252226,8.849748657014212,5.801616796812187,0.0,0.0,0.0,0.0,0.0,model1,15.0,False,363.0
121,2015-01-17T08:00:00Z,49.0,172.71841612175697,368.1606682145127,97.79925263308624,39.69770052854404,13.276250191952682,65.72234356544094,9.856548977277024,5.7981318014940015,0.0,0.0,0.0,0.0,0.0,model1,15.0,False,366.0
122,2015-01-17T11:00:00Z,49.0,175.43265205285408,360.8529256111717,96.88227104641014,39.60911714069888,14.262285118496662,63.64193104071762,9.497308324683592,6.0121728839052775,0.0,0.0,0.0,0.0,0.0,model1,15.0,False,369.0
123,2015-01-17T14:00:00Z,49.0,174.7881224134332,360.6241257702383,97.39865155761696,40.53904471858903,14.122922695351805,56.79370552330576,10.152855893197334,6.142935279955075,0.0,0.0,0.0,0.0,0.0,model1,15.0,False,372.0
124,2015-01-17T17:00:00Z,49.0,174.38907620007237,368.80182864423017,98.50150233943748,41.211854746510674,12.981835514060444,58.70556468355512,11.262805202958784,5.54491106869459,0.0,0.0,0.0,0.0,0.0,model1,15.0,False,375.0
125,2015-01-17T20:00:00Z,49.0,174.8799659000644,384.50304427654777,99.79738013870121,40.46644533481845,12.920483905543444,65.32703508852276,10.751385054389617,5.487965644810476,0.0,0.0,0.0,0.0,0.0,model1,15.0,False,378.0
126,2015-01-17T23:00:00Z,49.0,174.69301683002118,397.64230499304153,99.92565040374123,40.31364792505503,12.657536521777725,69.24863629679783,10.672046203008364,5.626484438092228,0.0,0.0,0.0,0.0,0.0,model1,15.0,False,381.0
127,2015-01-18T02:00:00Z,49.0,173.61696497886498,408.0749413533575,100.92285106129816,40.8165774950494,13.775727754545006,61.183230878564316,10.032292844781594,5.7433450089741065,0.0,0.0,0.0,0.0,0.0,model1,15.0,False,384.0
128,2015-01-18T05:00:00Z,49.0,174.02263042884712,411.40198750053526,100.19646779333272,41.33273210548028,13.446024495589688,61.15187939400217,9.344868488122225,5.386682595231784,0.0,0.0,0.0,0.0,0.0,model1,15.0,False,387.0
129,2015-01-18T08:00:00Z,49.0,172.7881099214734,426.02715134808136,101.16339934484041,41.01962224459045,12.138375252978433,62.528550137238405,8.608849910840098,5.3945895524068765,0.0,0.0,0.0,0.0,0.0,model1,15.0,False,390.0
130,2015-01-18T11:00:00Z,49.0,171.29215977742712,436.77501247756317,101.98518318623778,41.26156178415317,10.089605074255386,53.76367889020909,8.208428104827206,4.990720995381945,0.0,0.0,0.0,0.0,0.0,model1,15.0,False,393.0
131,2015-01-18T14:00:00Z,49.0,170.07926309590619,445.90011909433764,101.74795631177444,40.814651803941715,9.811702558779958,51.17658144942037,7.982708751949744,4.781899773829824,0.0,0.0,0.0,0.0,0.0,model1,15.0,False,396.0
132,2015-01-18T17:00:00Z,49.0,167.94742839662558,447.8863821104619,101.26281515418074,40.702316679282994,10.5045008470719,53.79783767136565,6.289390433968056,4.875593307200888,0.0,0.0,0.0,0.0,0.0,model1,15.0,False,399.0
133,2015-01-18T20:00:00Z,49.0,168.80345142864417,446.0332803504559,100.58550404841259,40.64927809289369,11.388206885573588,55.73588468351864,6.406571822277032,4.8423381664504905,0.0,0.0,0.0,0.0,0.0,model1,15.0,False,402.0
134,2015-01-18T23:00:00Z,49.0,168.21700495013974,440.79164679356626,99.78891279810848,40.263898085070814,12.21218073885046,51.81967574737026,7.250698293919437,4.9603271321718605,0.0,0.0,0.0,0.0,0.0,model1,15.0,False,405.0
135,2015-01-19T02:00:00Z,49.0,170.08490196545438,445.3124889057871,99.15053043374876,39.67010452926176,12.488768150360839,50.98937360764217,7.331116197929653,4.861728916208858,0.0,0.0,0.0,0.0,0.0,model1,15.0,False,408.0
136,2015-01-19T05:00:00Z,49.0,170.5949488062686,448.87473027410124,98.74218234966082,39.072121889996055,12.570524789852811,52.257928066897634,7.883355625434197,4.451494774868119,0.0,0.0,0.0,0.0,0.0,model1,15.0,False,411.0
137,2015-01-19T08:00:00Z,49.0,170.55978053579122,453.4891223028329,98.12963824509191,38.14389666382551,12.878347150202773,53.734851290238105,7.347318901477249,5.030213769401892,0.0,0.0,0.0,0.0,0.0,model1,15.0,False,414.0
138,2015-01-19T11:00:00Z,49.0,168.58427363223646,453.5734040858314,96.59883622320123,38.46845997605868,13.645209743296535,48.55084603189533,8.066258802040888,5.05867270530368,0.0,0.0,0.0,0.0,0.0,model1,15.0,False,417.0
139,2015-01-19T14:00:00Z,49.0,170.4761161656366,448.7109213158563,96.40687549843085,38.47487144908696,13.581943550783533,52.55557667221946,7.878944982688746,5.204557290621644,0.0,0.0,0.0,0.0,0.0,model1,15.0,False,420.0
140,2015-01-19T17:00:00Z,49.0,171.62080606010338,443.3853028554692,96.95390805439985,39.483788194716354,12.704076402297805,51.91608817538086,7.907392094118768,5.488183444221866,0.0,0.0,0.0,0.0,0.0,model1,15.0,False,423.0
141,2015-01-19T20:00:00Z,49.0,170.15999363336343,445.35218761908607,95.80686962497187,39.223864113910714,12.870996498578794,53.92764443935442,8.658723627644285,6.2934309495123175,0.0,0.0,0.0,0.0,0.0,model1,15.0,False,426.0
142,2015-01-19T23:00:00Z,49.0,171.52427816901854,449.8489205430802,96.89255726579808,39.43337645650399,12.06708736074867,53.96114838346148,8.720302194381127,6.21874916782848,0.0,0.0,0.0,0.0,0.0,model1,15.0,False,429.0
143,2015-01-20T02:00:00Z,49.0,169.5843592744421,446.8527007446753,98.24224585064705,40.12668227712997,12.567258999788988,58.160927548604384,8.751980311089968,6.071346818741689,0.0,0.0,0.0,0.0,0.0,model1,15.0,False,432.0
144,2015-01-20T05:00:00Z,49.0,169.3253055825626,451.0372319107743,97.8372148285611,40.28646273833451,13.164421790919075,65.65694010964488,9.110276984522491,6.362681281851264,0.0,0.0,0.0,0.0,0.0,model1,15.0,False,435.0
145,2015-01-20T08:00:00Z,49.0,169.0414959014871,442.9297532479145,97.4243213329554,41.04579164542025,15.403780328878765,60.0891801945783,9.175680583353877,5.582616939406005,0.0,0.0,0.0,0.0,0.0,model1,15.0,False,438.0
146,2015-01-20T11:00:00Z,49.0,172.43580625550788,443.29066622384033,99.05031328870234,40.26613644148753,16.90692615038515,62.014104490494006,9.07776617422114,5.7883699622098606,0.0,0.0,0.0,0.0,0.0,model1,15.0,False,441.0
147,2015-01-20T14:00:00Z,49.0,170.25603833159843,443.75779439757315,99.26128008515673,40.674789409997246,17.240264258880053,58.861522765759965,8.932857927786516,6.1798804569437005,0.0,0.0,0.0,0.0,0.0,model1,15.0,False,444.0
148,2015-01-20T17:00:00Z,49.0,170.00414220860438,449.0688659065622,99.25609614326798,40.11699657387183,17.33672955806134,60.52571705012288,9.13829155233675,6.262667474828652,0.0,0.0,0.0,0.0,0.0,model1,15.0,False,447.0
149,2015-01-20T20:00:00Z,49.0,167.2960944399812,448.1854281043367,100.76249802666763,40.42160373542386,18.339206100982874,56.67010765855765,7.774526212270881,5.286290266863607,0.0,0.0,0.0,0.0,0.0,model1,15.0,False,450.0
150,2015-01-20T23:00:00Z,49.0,166.23505555778505,451.55548413700063,101.47721417562096,40.42118667724275,18.32114883507514,60.367907248613605,7.776006432333963,5.127932537389425,0.0,0.0,0.0,0.0,0.0,model1,15.0,False,453.0
151,2015-01-21T02:00:00Z,49.0,165.0842355185551,457.68339024855766,101.68636922998749,39.64252204141182,18.813094912577487,61.92452588799707,8.684989909991998,5.3610314937020265,0.0,0.0,0.0,0.0,0.0,model1,15.0,False,456.0
152,2015-01-21T05:00:00Z,49.0,164.63453025964418,451.9135810734173,102.41612270093916,39.45966186659597,18.15647171377648,53.071122537241536,7.586259197923781,5.013040751934316,0.0,0.0,0.0,0.0,0.0,model1,15.0,False,459.0
153,2015-01-21T08:00:00Z,49.0,162.6599798101069,452.1078990860673,102.98073648905458,39.45445144530806,15.923847206007636,52.034583432710974,9.293397689673387,5.078895180342267,0.0,0.0,0.0,0.0,0.0,model1,15.0,False,462.0
154,2015-01-21T11:00:00Z,49.0,160.12735239167856,458.9637504841642,101.39883728756685,39.91523424688685,11.829560028135154,51.65162021686083,9.752363685905474,5.181724587870514,0.0,0.0,0.0,0.0,0.0,model1,15.0,False,465.0
155,2015-01-21T14:00:00Z,49.0,161.01516000064626,468.7266255865662,100.15632371945671,39.22952578092647,12.195877270984392,53.549968061373136,10.027458126218614,4.3806661309942205,0.0,0.0,0.0,0.0,0.0,model1,15.0,False,468.0
156,2015-01-21T17:00:00Z,49.0,161.73302551819754,469.8555872279512,100.34886658365365,39.748985395484546,13.806360335771613,51.4072057963506,10.17715063290568,4.5999174590128025,0.0,0.0,0.0,0.0,0.0,model1,15.0,False,471.0
157,2015-01-21T20:00:00Z,49.0,163.79517348677618,464.6466862058097,101.54873439749537,39.15623608547232,13.175220629149273,53.77023438637214,10.702845641863721,5.0190083891733295,0.0,0.0,0.0,0.0,0.0,model1,15.0,False,474.0
158,2015-01-21T23:00:00Z,49.0,163.3231267651179,453.1389354893982,100.06211920344437,39.026565106193225,13.780029468285663,59.0629277319721,10.828797863291399,4.935022530762749,0.0,0.0,0.0,0.0,0.0,model1,15.0,False,477.0
159,2015-01-22T02:00:00Z,49.0,167.27228211737733,446.16739411601685,100.47303358494564,38.98890833389247,14.119702588204367,53.50758508355123,10.080001455496523,4.894540970934731,0.0,0.0,0.0,0.0,0.0,model1,15.0,False,480.0
160,2015-01-22T05:00:00Z,49.0,166.38825571615817,444.6854753783361,99.86185151418564,38.74200400135647,13.800482946453144,53.80711257024706,10.015509049982839,4.624848843946946,0.0,0.0,0.0,0.0,0.0,model1,15.0,False,483.0
161,2015-01-22T08:00:00Z,49.0,168.21351470110946,448.1264996955462,99.41666729956566,38.44965589585969,13.166808376296425,58.97595552136364,8.441093929045433,4.923395050826416,0.0,0.0,0.0,0.0,0.0,model1,15.0,False,486.0
162,2015-01-22T11:00:00Z,49.0,168.6576750617704,436.9580281857248,101.2102658182763,38.26800154232986,16.118848993979032,59.966370140436744,8.041605109186067,4.631754495556402,0.0,0.0,0.0,0.0,0.0,model1,15.0,False,489.0
163,2015-01-22T14:00:00Z,49.0,169.72596510016433,428.8564988634896,101.98904594045864,38.44370127502073,16.08399508201679,53.61274366158922,7.833632165197544,4.855121028093167,0.0,0.0,0.0,0.0,0.0,model1,15.0,False,492.0
164,2015-01-22T17:00:00Z,49.0,168.0106886066679,426.03147374840034,102.90447472651371,37.79371215819649,16.72396513910061,49.300878109141166,8.169218553898741,3.9312488247288866,0.0,0.0,0.0,0.0,0.0,model1,15.0,False,495.0
165,2015-01-22T20:00:00Z,49.0,168.43396087650208,431.51317263304117,102.29155662572936,37.8733976513409,16.468411873620767,54.62414375811765,8.452081041315372,3.6792826197430952,0.0,0.0,0.0,0.0,0.0,model1,15.0,False,498.0
166,2015-01-22T23:00:00Z,49.0,167.928576978355,435.40456042876434,104.06336121234264,38.30920109727211,17.39400453114585,48.24628046696624,8.024979661018186,4.7553354642355,0.0,0.0,0.0,0.0,0.0,model1,15.0,False,501.0
167,2015-01-23T02:00:00Z,49.0,166.7205050784435,443.046199521712,102.9034250376345,38.45793058548479,16.556169593139742,53.08537200210045,8.713421282793052,4.720691788898115,0.0,0.0,0.0,0.0,0.0,model1,15.0,False,504.0
168,2015-01-23T05:00:00Z,49.0,166.8684081908799,449.28991467734113,103.00560718916124,38.126291890230796,16.51567836169923,53.39116564151374,8.648687275829507,4.93357125293463,0.0,0.0,0.0,0.0,0.0,model1,15.0,False,507.0
169,2015-01-23T08:00:00Z,49.0,166.38613149202405,443.7951239689669,104.18392582527949,38.262689417702006,16.648341681628562,48.733531231925,8.378613050706411,4.728137187052019,0.0,0.0,0.0,0.0,0.0,model1,15.0,False,510.0
170,2015-01-23T11:00:00Z,49.0,165.59060886760213,452.00145965790864,103.74761614978969,38.25953517989321,14.414589386197212,45.276534113059775,8.95607979966806,4.672644295363815,0.0,0.0,0.0,0.0,0.0,model1,15.0,False,513.0
171,2015-01-23T14:00:00Z,49.0,165.23502760135588,454.1893004046555,103.17548169620052,38.41803790533577,16.47845219104337,44.03530545199909,9.1034568025209,4.632599336399986,0.0,0.0,0.0,0.0,0.0,model1,15.0,False,516.0
172,2015-01-23T17:00:00Z,49.0,166.8840105096717,442.9450955476406,101.73137542969965,38.65621562312009,14.745587256450241,56.7823863953186,9.19706549102928,4.843643964982571,0.0,0.0,0.0,0.0,0.0,model1,15.0,False,519.0
173,2015-01-23T20:00:00Z,49.0,166.74043170687514,445.21712910656447,101.06068303537045,39.26301158154509,14.6989683966789,58.20822081397144,8.673296058354325,5.382513165494876,0.0,0.0,0.0,0.0,0.0,model1,15.0,False,522.0
174,2015-01-23T23:00:00Z,49.0,169.60328556948366,451.23435481415015,99.21491356658736,39.01535769085749,12.717725352231767,58.58416710493717,8.410893103317939,4.879697229260085,0.0,0.0,0.0,0.0,0.0,model1,15.0,False,525.0
175,2015-01-24T02:00:00Z,49.0,169.4612993429875,449.2294793274759,98.00397153529056,39.41445163379039,12.410236415638545,54.8572970069196,8.869948048991422,4.758721282846522,0.0,0.0,0.0,0.0,0.0,model1,15.0,False,528.0
176,2015-01-24T05:00:00Z,49.0,171.09255635077196,444.1323345875914,97.95697644371029,39.84462573740614,13.033513264585151,54.22262481832068,9.254360908657523,4.34362579370712,0.0,0.0,0.0,0.0,0.0,model1,15.0,False,531.0
177,2015-01-24T08:00:00Z,49.0,173.3462547460081,446.3078812692223,97.674094351327,39.880821593902155,14.327492705020662,55.38795553215778,8.974748893573508,4.205350704518319,0.0,0.0,0.0,0.0,0.0,model1,15.0,False,534.0
178,2015-01-24T11:00:00Z,49.0,174.3672252390644,447.2966192602812,98.05379865369923,40.02549738259911,13.366145151385696,53.09034610226274,9.895583897934447,4.2510672482842615,0.0,0.0,0.0,0.0,0.0,model1,15.0,False,537.0
179,2015-01-24T14:00:00Z,49.0,175.0659353610584,445.39825836004763,97.43110209964,39.745820995330035,13.830923119138776,55.722798527203615,10.990062661488901,4.132577971405542,0.0,0.0,0.0,0.0,0.0,model1,15.0,False,540.0
180,2015-01-24T17:00:00Z,49.0,176.2655058217083,457.5041267785252,97.56977440315029,39.75900124661895,14.101741964503505,42.021082229152896,10.599838116574752,4.264388805779404,0.0,0.0,0.0,0.0,0.0,model1,15.0,False,543.0
181,2015-01-24T20:00:00Z,49.0,176.6807643012608,461.039791332453,98.30142636194464,40.150689955340866,13.798339729202421,42.48115970965292,11.999447383519351,3.518459423066307,0.0,0.0,0.0,0.0,0.0,model1,15.0,False,546.0
182,2015-01-24T23:00:00Z,49.0,174.09308648590866,459.0887432368004,99.03839683472223,40.00954977388258,15.622502897559047,44.79501478986492,11.86367841331892,4.081397458207533,0.0,0.0,0.0,0.0,0.0,model1,15.0,False,549.0
183,2015-01-25T02:00:00Z,49.0,172.6163659113134,453.70625427043984,100.94567634355384,40.47613556010407,17.28698435316256,47.33902585932457,11.021672786207551,4.625546312682018,0.0,0.0,0.0,0.0,0.0,model1,15.0,False,552.0
184,2015-01-25T05:00:00Z,49.0,170.73017198725287,460.8374605479695,99.63063607304869,40.12969664138258,17.071949397832512,47.67045212361319,11.776979725290312,5.4122186468714055,0.0,0.0,0.0,0.0,0.0,model1,15.0,False,555.0
185,2015-01-25T08:00:00Z,49.0,167.971813579848,468.69693015931455,99.6052000407254,40.542955243114854,15.656356595122109,47.91306588128264,11.507915533317414,5.34795521150738,0.0,0.0,0.0,0.0,0.0,model1,15.0,False,558.0
186,2015-01-25T11:00:00Z,49.0,169.36658248374897,465.884340886596,100.7889195278042,39.82985016400364,17.157494394809394,48.116028159587536,11.750693909524571,6.017326994106492,0.0,0.0,0.0,0.0,0.0,model1,15.0,False,561.0
187,2015-01-25T14:00:00Z,49.0,168.39768296811587,461.42006143504966,101.1140963173262,39.664598255876015,14.452273338133988,50.424154497886036,11.121547042286005,6.159829123650768,0.0,0.0,0.0,0.0,0.0,model1,15.0,False,564.0
188,2015-01-25T17:00:00Z,49.0,164.8746539167145,460.28977407159346,101.1430559740013,39.019276939175626,16.55129779941586,51.645965587644355,12.16847960324694,6.1251416882166625,0.0,0.0,0.0,0.0,0.0,model1,15.0,False,567.0
189,2015-01-25T20:00:00Z,49.0,166.57124748706747,455.95841577095075,99.56837153620735,38.383310491627306,17.97347500040004,47.76392743566676,11.235149515104878,6.182543214635838,0.0,0.0,0.0,0.0,0.0,model1,15.0,False,570.0
190,2015-01-25T23:00:00Z,49.0,169.0187149354554,457.6507313632076,98.14134413431877,38.74890599789781,17.885485460189788,44.35309353073498,12.535679778776894,5.773995540032451,0.0,0.0,0.0,0.0,0.0,model1,15.0,False,573.0
191,2015-01-26T02:00:00Z,49.0,169.09829220344275,457.0707289657583,97.62775069378522,38.63346074246521,18.378785168881077,44.78819281672778,12.469444883326926,5.6671355969055295,0.0,0.0,0.0,0.0,0.0,model1,15.0,False,576.0
192,2015-01-26T05:00:00Z,49.0,169.9980787394062,452.6957462072304,99.54377687605499,39.47570468609354,18.82926213154711,45.200516195965086,11.772950281082327,5.268082830001744,0.0,0.0,0.0,0.0,0.0,model1,15.0,False,579.0
193,2015-01-26T08:00:00Z,49.0,172.24676167942783,444.07715869803917,97.811360055119,39.15575631214409,18.84537046241012,46.517053380807816,12.819707976302269,5.582333816553922,0.0,0.0,0.0,0.0,0.0,model1,15.0,False,582.0
194,2015-01-26T11:00:00Z,49.0,172.17775206264787,454.3646354188518,95.92005274030264,40.085711681727254,17.78898207609384,53.86358173602578,11.06520244219996,5.01132937591376,0.0,0.0,0.0,0.0,0.0,model1,15.0,False,585.0
195,2015-01-26T14:00:00Z,49.0,170.1593650474024,462.2573098116877,96.10244998170073,40.18023588858684,18.447265468785123,50.61060884722911,10.796888330033411,5.589891150424231,0.0,0.0,0.0,0.0,0.0,model1,15.0,False,588.0
196,2015-01-26T17:00:00Z,49.0,173.20039805068907,463.90197731807314,96.20901546559931,40.16857798199281,15.850400304039205,49.07238189185203,9.772547063867428,5.543275608401584,0.0,0.0,0.0,0.0,0.0,model1,15.0,False,591.0
197,2015-01-26T20:00:00Z,49.0,172.3944081187208,468.3240543317805,97.72109396217031,39.71775261061735,15.254112117745393,51.12055924531625,10.039151340145368,5.553236744693702,0.0,1.0,0.0,0.0,0.0,model1,15.0,False,594.0
198,2015-01-26T23:00:00Z,49.0,170.86803019193016,464.1884170894992,98.36490626663868,39.400387192634575,16.41523669787696,52.82431199099796,8.672206628297673,5.284533873968879,0.0,1.0,0.0,0.0,0.0,model1,15.0,False,597.0
199,2015-01-27T02:00:00Z,49.0,172.53541381097097,473.8498292310872,97.67156172436566,38.5398562475313,14.394954257408187,51.96713393105829,9.065803700502128,4.9936359370244245,0.0,1.0,0.0,0.0,0.0,model1,15.0,False,600.0
200,2015-01-27T05:00:00Z,49.0,174.35855788761725,478.91984826432997,98.2078603538464,37.77284998978404,16.12499641186937,49.03096603150893,10.568130032584133,4.950553862895335,0.0,1.0,0.0,0.0,0.0,model1,15.0,False,603.0
201,2015-01-27T08:00:00Z,49.0,172.40276346651004,481.5561910540083,99.95855754386156,38.633276161918396,16.026646110489807,40.42246590642512,9.928824880715345,5.758068281958408,0.0,1.0,0.0,0.0,0.0,model1,15.0,False,606.0
202,2015-01-27T11:00:00Z,49.0,174.03281704255608,471.3186720389005,100.3117653939297,38.65784256724512,18.450572777233727,39.99347846940066,9.743777907580922,5.8323908489274725,0.0,1.0,0.0,0.0,0.0,model1,15.0,False,609.0
203,2015-01-27T14:00:00Z,49.0,177.1980756983062,461.36169952379913,102.50490144608202,38.634443264071436,17.683630342421477,46.615345505772,10.284651644501134,5.080744291332252,0.0,1.0,0.0,0.0,0.0,model1,15.0,False,612.0
204,2015-01-27T17:00:00Z,49.0,175.45792905398915,459.7669721666957,103.03795648561359,39.1425907273885,18.059026609960032,49.44649968128553,10.226260703157488,4.979960858982767,0.0,1.0,0.0,0.0,0.0,model1,15.0,False,615.0
205,2015-01-27T20:00:00Z,49.0,172.49894011757183,449.537762781174,103.1153175640632,39.63304378687386,20.344116436521187,46.548760986922595,10.273724754889042,5.281211029686518,0.0,0.0,0.0,0.0,0.0,model1,15.0,False,618.0
206,2015-01-27T23:00:00Z,49.0,173.37321122081372,453.3012782853677,103.5007988907535,39.83673449738296,19.347039174585,47.47643487564988,11.497488354396046,5.403007943657383,0.0,0.0,0.0,0.0,0.0,model1,15.0,False,621.0
207,2015-01-28T02:00:00Z,49.0,171.31342639486053,448.9259558649044,104.6968658031603,40.445305764192966,19.88916472178568,42.58755185768982,10.724114123797793,5.242729970114336,0.0,0.0,0.0,0.0,0.0,model1,15.0,False,624.0
208,2015-01-28T05:00:00Z,49.0,168.3161711372898,446.9044914283039,103.95830246219556,40.754343311779174,17.735728417387644,43.320550407157896,10.388409762235332,4.793004192221382,0.0,0.0,0.0,0.0,0.0,model1,15.0,False,627.0
209,2015-01-28T08:00:00Z,49.0,169.06052978359043,444.2044112553292,102.11146404731608,39.87307500057925,18.548825883244838,44.95236185890835,11.809252993711645,3.8836829903878898,0.0,0.0,0.0,0.0,0.0,model1,15.0,False,630.0
210,2015-01-28T11:00:00Z,49.0,164.20041368332238,434.624776265686,103.02637647001448,39.60640894160429,15.63584741578957,52.53376146944471,12.258451098646786,3.6788427590293087,0.0,0.0,0.0,0.0,0.0,model1,15.0,False,633.0
211,2015-01-28T14:00:00Z,49.0,162.69263728190862,446.54263211073805,102.68030804933409,39.8702665961192,14.288530056508286,52.1763858889549,12.750989238756715,3.844869196591615,0.0,0.0,0.0,0.0,0.0,model1,15.0,False,636.0
212,2015-01-28T17:00:00Z,49.0,164.46407133699017,447.86379281006623,101.82922776063737,39.77854372990642,15.049765555039954,49.529458884502716,12.694761998359782,4.281422023932646,0.0,1.0,0.0,0.0,0.0,model1,15.0,False,639.0
213,2015-01-28T20:00:00Z,49.0,165.99171202070264,446.5592200678662,101.5415602509388,39.71619666654816,13.724180386332884,49.45300264907787,12.573245154844715,3.513671202747629,0.0,1.0,0.0,0.0,0.0,model1,15.0,False,642.0
214,2015-01-28T23:00:00Z,49.0,166.0316757489731,445.4784676486452,102.16307707287736,39.4870709556359,13.08657285299264,48.28369283139556,11.000314331840878,4.403281135325402,0.0,1.0,0.0,0.0,0.0,model1,15.0,False,645.0
215,2015-01-29T02:00:00Z,49.0,166.08435155311517,447.6248741715897,101.50558303813007,39.44606474323571,13.407073749255419,49.383666236392976,11.385897730105768,4.358419749987351,0.0,1.0,0.0,0.0,0.0,model1,15.0,False,648.0
216,2015-01-29T05:00:00Z,49.0,168.04877517647682,446.54247634168166,99.72514068799109,39.47017635372953,14.491647722820046,52.4021946735087,11.992239622312493,4.358700204698556,0.0,1.0,0.0,0.0,0.0,model1,15.0,False,651.0
217,2015-01-29T08:00:00Z,49.0,167.48347157601938,446.8087317168866,101.14664771643145,39.74169291754698,14.808963162955925,53.27257461801072,10.706799647550492,4.487947312036244,0.0,1.0,0.0,0.0,0.0,model1,15.0,False,654.0
218,2015-01-29T11:00:00Z,49.0,167.56046384468755,452.4006429861972,100.73163139073769,40.26434096244144,18.752993925480038,45.8823084383805,10.155792207777306,4.882928614892744,0.0,1.0,0.0,0.0,0.0,model1,15.0,False,657.0
219,2015-01-29T14:00:00Z,49.0,167.76657045813732,452.0584860064999,98.33245777790009,39.839530150048745,18.87526588670445,46.872718994245005,8.981665235038141,5.0527930913398516,0.0,1.0,0.0,0.0,0.0,model1,15.0,False,660.0
220,2015-01-29T17:00:00Z,49.0,166.75518589172884,452.95586293074615,99.94063586222208,39.48237601937857,18.085558053502567,47.47677537435672,10.605761631980203,5.232614962105979,0.0,0.0,0.0,0.0,0.0,model1,15.0,False,663.0
221,2015-01-29T20:00:00Z,49.0,166.40462304547648,460.6500962395227,99.21546626187893,39.76963612754792,18.75326517440557,58.33418847787652,10.506840304934776,5.589563505245359,0.0,0.0,0.0,0.0,0.0,model1,15.0,False,666.0
222,2015-01-29T23:00:00Z,49.0,164.84882655703672,463.400872759772,99.57415522773591,39.671714419931135,18.994285211319546,59.59585378706934,11.351496845768807,4.88410179151137,0.0,0.0,0.0,0.0,0.0,model1,15.0,False,669.0
223,2015-01-30T02:00:00Z,49.0,168.81347614076097,453.7207084033576,100.48102370631122,39.5762876045834,20.45096652061882,63.1420613303821,10.991242591056313,4.809500851295323,0.0,0.0,0.0,0.0,0.0,model1,15.0,False,672.0
224,2015-01-30T05:00:00Z,49.0,167.6285897628097,449.21651097792227,101.31107643138037,39.249948831234796,20.071507395932862,60.176742644597795,10.18493281944338,5.157000390201941,0.0,0.0,0.0,0.0,0.0,model1,15.0,False,675.0
225,2015-01-30T08:00:00Z,49.0,169.88347588575624,449.18420792570464,100.60899257455713,38.74581173280825,19.92192402095684,58.86859178979135,10.135354790339065,5.202797720418975,0.0,0.0,0.0,0.0,0.0,model1,15.0,False,678.0
226,2015-01-30T11:00:00Z,49.0,171.9566099913945,457.21154317703554,100.73342748584507,38.42477634880801,15.424443247411153,56.29747283519321,10.45906107957833,4.654678718836202,0.0,0.0,0.0,0.0,0.0,model1,15.0,False,681.0
227,2015-01-30T14:00:00Z,49.0,173.02895577804753,455.84424768570153,102.01085180425088,38.882760017003825,14.998221958846257,55.211836861061705,10.186352156712433,4.585913620357683,0.0,0.0,0.0,0.0,0.0,model1,15.0,False,684.0
228,2015-01-30T17:00:00Z,49.0,174.18876711102737,450.0754706241388,100.49020567421863,38.95780006388392,15.802930188190516,58.05969082288763,8.890553868981621,4.023082515443531,0.0,0.0,0.0,0.0,0.0,model1,15.0,False,687.0
229,2015-01-30T20:00:00Z,49.0,175.58512629327305,445.08825520527404,98.8535169508685,38.94009546340957,13.992720685798721,45.182246331918314,10.71676746936498,3.4835155737831025,0.0,0.0,0.0,0.0,0.0,model1,15.0,False,690.0
230,2015-01-30T23:00:00Z,49.0,177.15243676136677,442.10687012231546,97.76087802739299,39.30824063189932,14.3319497582061,44.00816010389076,10.30347166869542,3.791283650434087,0.0,0.0,0.0,0.0,0.0,model1,15.0,False,693.0
231,2015-01-31T02:00:00Z,49.0,173.97150052727108,447.1199590664071,96.58205892430945,39.48462764497711,13.735126255873466,40.234046659942,10.189647033358606,3.908798558880512,0.0,0.0,0.0,0.0,0.0,model1,15.0,False,696.0
232,2015-01-31T05:00:00Z,49.0,173.22025822813941,452.2787049950129,97.3584614751628,39.688947851121945,14.335156604225828,42.11006891519701,10.46354313599366,3.469516594840336,0.0,0.0,0.0,0.0,0.0,model1,15.0,False,699.0
233,2015-01-31T08:00:00Z,49.0,172.06652345651298,455.7267654170205,98.6519897652614,40.91470555056318,14.034159097220767,42.44802965019213,10.666994687250579,3.851083921447134,0.0,0.0,0.0,0.0,0.0,model1,15.0,False,702.0
234,2015-01-31T11:00:00Z,49.0,170.47349992675925,449.85294879011917,98.39779106166999,40.3253184450134,13.833725116947775,42.21048784200761,10.609931207047676,4.919795868562732,0.0,0.0,0.0,0.0,0.0,model1,15.0,False,705.0
235,2015-01-31T14:00:00Z,49.0,168.90778652497,448.6658928271969,98.41836414872343,40.6165672316506,14.925950083354074,40.92059441433826,10.326944255276967,5.060093242697139,0.0,0.0,0.0,0.0,0.0,model1,15.0,False,708.0
236,2015-01-31T17:00:00Z,49.0,167.67604967978676,460.2642139146103,98.55669837563732,40.7183542575228,14.543548684687742,41.348549214533776,11.138580654629157,5.194786068148627,0.0,0.0,0.0,0.0,0.0,model1,15.0,False,711.0
237,2015-01-31T20:00:00Z,49.0,166.37178201983576,463.1519673591196,100.83686817978085,40.53062984207453,14.525563516778526,40.07768362583529,10.150249970621774,5.233554634203927,0.0,0.0,0.0,1.0,0.0,model1,15.0,False,714.0
238,2015-01-31T23:00:00Z,49.0,165.3983515922016,461.8391493880189,101.2993617354614,40.17423292025264,12.584247060150066,37.492260951778725,9.533924947936953,5.029723170557932,0.0,0.0,0.0,1.0,0.0,model1,15.0,False,717.0
239,2015-02-01T02:00:00Z,49.0,165.5265832776683,468.9546587422794,101.93703175553092,40.11837064399289,12.705143795253964,38.126232848789655,9.110381180974894,5.082397986658059,0.0,0.0,0.0,1.0,0.0,model1,15.0,False,720.0
240,2015-02-01T05:00:00Z,49.0,166.22754263794656,460.9834065953943,100.9653032106737,40.10976881883777,11.953510193371574,39.01094977763564,9.880759097271989,5.021818824390408,0.0,0.0,0.0,1.0,0.0,model1,15.0,False,723.0
241,2015-02-01T08:00:00Z,49.0,167.33411745848116,455.8828190733257,100.47691906344973,39.32967804193542,12.901611191801994,38.64754685088052,9.523489026865636,4.211608631985167,0.0,0.0,0.0,1.0,0.0,model1,15.0,False,726.0
242,2015-02-01T11:00:00Z,49.0,167.5529654195815,457.04818730308546,99.99056070373709,39.608741005076425,13.57463040703506,39.484214852378614,9.349500906879259,3.2265615668563004,1.0,0.0,0.0,1.0,0.0,model1,15.0,False,729.0
243,2015-02-01T14:00:00Z,49.0,169.37738662950022,448.3822291158771,99.68435043980202,38.935706691173785,13.829049880140994,44.652112095516,9.187268865092571,2.7682591217699604,1.0,0.0,0.0,1.0,0.0,model1,15.0,False,732.0
244,2015-02-01T17:00:00Z,49.0,168.7105260899215,439.9797172198954,99.45019442620035,39.23243006428152,13.016850413871348,36.89379119363226,8.20051090291495,2.5087961686981792,1.0,0.0,0.0,1.0,0.0,model1,15.0,False,735.0
245,2015-02-01T20:00:00Z,49.0,170.14151324025832,438.2282956912285,99.2440187192898,40.020521348053215,12.752516352551773,42.791655838246825,7.1930458140863935,3.1608873938344866,1.0,0.0,0.0,0.0,0.0,model1,15.0,False,738.0
246,2015-02-01T23:00:00Z,49.0,171.153472772347,441.37776576558923,99.19537943225642,40.07201058728306,12.280094479154954,47.158165737878655,8.792494339001061,4.065132455532228,1.0,0.0,0.0,0.0,0.0,model1,15.0,False,741.0
247,2015-02-02T02:00:00Z,49.0,173.14705828202648,437.8604897540585,99.2138346526918,40.07936429384985,12.715614160173152,44.03367761102229,9.053805828824043,4.020810797812791,1.0,0.0,0.0,0.0,0.0,model1,15.0,False,744.0
248,2015-02-02T05:00:00Z,49.0,172.54883367476052,441.8873998082579,100.09930435712572,40.39082986929919,13.193511540995178,45.92643208200945,8.460681724193787,3.9533577719059374,1.0,0.0,0.0,0.0,0.0,model1,15.0,False,747.0
249,2015-02-02T08:00:00Z,49.0,169.2835466644939,441.8302014083629,99.93933562994341,40.90695986228569,13.097368080574446,47.19506390097355,9.120127510093154,4.556421319577991,1.0,0.0,0.0,0.0,0.0,model1,15.0,False,750.0
250,2015-02-02T11:00:00Z,49.0,171.8338099982314,442.17528564204,99.7261699998671,41.62733802831531,12.535335318919508,60.236310264139995,9.191160132092056,4.638503694607599,0.0,0.0,0.0,0.0,0.0,model1,15.0,False,753.0
251,2015-02-02T14:00:00Z,49.0,172.82706443328402,449.4437754869535,98.65911859468136,42.0067065103423,13.0078243932868,60.19964050956225,9.82828747466223,4.484137321153197,0.0,0.0,0.0,0.0,0.0,model1,15.0,False,756.0
252,2015-02-02T17:00:00Z,49.0,175.27268725464108,450.9177629578657,97.29370313588885,42.10766329741888,13.220095486530886,62.44727035316365,10.64653208144582,4.7656108702166105,0.0,0.0,0.0,0.0,0.0,model1,15.0,False,759.0
253,2015-02-02T20:00:00Z,49.0,173.59211299575924,449.9304853981224,97.81030370336016,41.385610087363965,13.958291661705832,57.882871053215425,11.160292157598192,5.183983062404762,0.0,0.0,0.0,0.0,0.0,model1,15.0,False,762.0
254,2015-02-02T23:00:00Z,49.0,172.60227710233613,451.5603573869728,97.88148230708693,40.30875579370768,15.177541030328712,56.85371815345394,10.02154495914384,5.950117807995743,0.0,0.0,0.0,0.0,0.0,model1,15.0,False,765.0
255,2015-02-03T02:00:00Z,49.0,169.97999639492144,447.7059289774354,97.60871859719305,40.53709401348614,15.30583090616131,64.21075160529315,9.881290803129527,6.604660065662519,0.0,0.0,0.0,0.0,0.0,model1,15.0,False,768.0
256,2015-02-03T05:00:00Z,49.0,170.73660254045367,450.1829784064405,98.17486958661385,40.75107762345417,15.220248657710028,63.3959885738685,9.318146439542163,6.629343138758258,0.0,0.0,0.0,0.0,0.0,model1,15.0,False,771.0
257,2015-02-03T08:00:00Z,49.0,170.8548668351259,457.6128988727118,98.29031866945898,39.7708473266624,15.236911482260973,64.43694929678423,9.546926417988058,6.897754708827424,0.0,0.0,0.0,0.0,0.0,model1,15.0,False,774.0
258,2015-02-03T11:00:00Z,49.0,172.51883170891045,459.48322275428717,98.67029411617563,39.36431341874757,17.82922436052483,58.25106789053819,9.34269509267373,6.593536179814095,0.0,0.0,0.0,0.0,0.0,model1,15.0,False,777.0
259,2015-02-03T14:00:00Z,49.0,172.2360977945512,454.18546760232897,98.92873512920029,39.24906751942439,17.734926465323735,57.716386564838075,9.022850070199725,6.5143719397057165,0.0,0.0,0.0,0.0,0.0,model1,15.0,False,780.0
260,2015-02-03T17:00:00Z,49.0,170.69430060491786,460.1707329586927,99.2790124414127,39.32692411778404,17.29712117130914,60.02205806487839,8.876282572297363,6.354614212393027,0.0,0.0,0.0,0.0,0.0,model1,15.0,False,783.0
261,2015-02-03T20:00:00Z,49.0,172.3762809509827,463.7912869795928,96.81395735597872,39.499918747167676,16.659206028194102,61.52223958291341,9.652614073727847,6.154661010866857,0.0,0.0,0.0,0.0,0.0,model1,15.0,False,786.0
262,2015-02-03T23:00:00Z,49.0,172.54975103132182,454.2563224119568,97.20338012069344,40.64562009839387,15.811310556576162,66.11008719189586,9.660588173768776,5.011257956394849,0.0,0.0,0.0,0.0,0.0,model1,15.0,False,789.0
263,2015-02-04T02:00:00Z,49.0,173.89546123540498,455.9847431859213,97.04168201370342,40.37982279423675,14.843551219489546,59.37689963260868,9.920069347274158,4.265312700869399,0.0,0.0,0.0,0.0,0.0,model1,15.0,False,792.0
264,2015-02-04T05:00:00Z,49.0,173.33177152002045,457.16625136822825,95.90709096814308,39.75166937808839,15.224170694821082,58.930768843234226,10.013599331031589,4.587664526551358,0.0,0.0,0.0,0.0,0.0,model1,15.0,False,795.0
265,2015-02-04T08:00:00Z,49.0,175.86556231633332,450.8001237268243,96.19719522690107,39.97780233150819,17.501299685246966,56.458266101837175,9.628235015256797,3.77550425456368,0.0,0.0,0.0,0.0,0.0,model1,15.0,False,798.0
266,2015-02-04T11:00:00Z,49.0,174.73342414124733,460.52761433902833,96.05144873425668,39.886084205462495,15.550465926451375,56.540450257601385,9.21655240323482,3.8941739903051364,0.0,0.0,0.0,0.0,0.0,model1,15.0,False,801.0
267,2015-02-04T14:00:00Z,49.0,173.31626264078278,464.8708089490355,96.34592973011034,39.80953319091726,14.378888764632402,54.29335957245325,9.175219687452435,4.454916218190586,0.0,0.0,0.0,0.0,0.0,model1,15.0,False,804.0
268,2015-02-04T17:00:00Z,49.0,174.87062255073502,464.5158466120909,97.30745486373655,39.03407795527533,14.310949148364086,51.226844698165216,9.786845853185772,4.600892314630658,0.0,0.0,0.0,0.0,0.0,model1,15.0,False,807.0
269,2015-02-04T20:00:00Z,49.0,173.7529538406427,462.36882025795614,99.70499566938436,39.19607348845906,14.970232331038535,50.97326251850816,8.572965076116034,4.855644189899997,0.0,0.0,0.0,0.0,0.0,model1,15.0,False,810.0
270,2015-02-04T23:00:00Z,49.0,173.82419940692725,465.40857124873895,98.76354818718771,39.06359352831629,15.469891359721975,43.912314540622255,8.631389610335424,4.888981909375857,0.0,0.0,0.0,0.0,0.0,model1,15.0,False,813.0
271,2015-02-05T02:00:00Z,49.0,173.85857985014854,465.33164825296274,99.65877404692007,38.65900752939541,15.755154482202856,41.36087541548285,8.487618068997165,5.730668596847616,0.0,0.0,0.0,0.0,0.0,model1,15.0,False,816.0
272,2015-02-05T05:00:00Z,49.0,175.46203334554562,455.52874677591797,100.01430199771757,38.70684353554281,15.227185025909147,47.6470314253245,9.119061828833766,5.49519721673088,0.0,0.0,0.0,0.0,0.0,model1,15.0,False,819.0
273,2015-02-05T08:00:00Z,49.0,173.19839798169522,451.6206436987465,99.7401865404903,38.28350802716806,12.417499976571676,51.837447088603156,9.625048847643628,5.532617148169021,0.0,0.0,0.0,0.0,0.0,model1,15.0,False,822.0
274,2015-02-05T11:00:00Z,49.0,170.44468396507378,437.4010922711743,98.0782936154619,38.89079311499545,12.384171510441938,45.31760617401597,10.100218671449632,5.943162071293793,0.0,0.0,0.0,0.0,0.0,model1,15.0,False,825.0
275,2015-02-05T14:00:00Z,49.0,168.1804161609931,440.3972438755832,98.74722762039828,39.28107323728093,13.8093246834776,46.89389214922996,10.095806412974156,6.155378542581824,0.0,0.0,0.0,0.0,0.0,model1,15.0,False,828.0
276,2015-02-05T17:00:00Z,49.0,167.76384553016638,434.3450115496924,97.8891173165258,39.469742584264495,16.13535027777703,41.95581489404195,9.300637472595113,6.003512711046072,0.0,0.0,0.0,0.0,0.0,model1,15.0,False,831.0
277,2015-02-05T20:00:00Z,49.0,166.82375709818197,436.84731801457696,97.30216191504923,39.76505539790208,17.623384699570416,42.42440274905567,9.196422413511488,5.900984091751767,0.0,0.0,0.0,0.0,0.0,model1,15.0,False,834.0
278,2015-02-05T23:00:00Z,49.0,168.7308068922973,440.0594205356145,96.8190557578993,39.95808065339689,19.391136790597614,47.27064575986226,9.36046382922541,6.017742255812397,0.0,0.0,0.0,0.0,0.0,model1,15.0,False,837.0
279,2015-02-06T02:00:00Z,49.0,169.2565396836536,436.28453416904006,95.50571645106199,40.625501157162354,19.242306245463343,47.691231114161646,9.237885759677217,5.282621387365492,0.0,0.0,0.0,0.0,0.0,model1,15.0,False,840.0
280,2015-02-06T05:00:00Z,49.0,169.34966133771857,434.4139730818444,94.77946226940287,40.993503394246396,20.33983489407429,53.49736271727254,8.441045939895703,5.166582815762228,0.0,0.0,0.0,0.0,0.0,model1,15.0,False,843.0
281,2015-02-06T08:00:00Z,49.0,172.13931997407337,427.3573515830208,93.27307248668184,41.24028802505385,20.524566198100327,57.92111100203324,8.139573737444055,5.028747340870779,0.0,0.0,0.0,0.0,0.0,model1,15.0,False,846.0
282,2015-02-06T11:00:00Z,49.0,174.53639766698268,417.6514420817089,94.04618068555544,40.59930082121025,20.232564003442512,63.04611580072131,8.401979757570066,4.9469251952660125,0.0,0.0,0.0,0.0,0.0,model1,15.0,False,849.0
283,2015-02-06T14:00:00Z,49.0,176.4441624792255,404.9956537761445,94.10869371825416,39.5594728340846,18.45884398978211,64.6360180531331,8.115648824417649,4.8432897174874965,0.0,0.0,0.0,0.0,0.0,model1,15.0,False,852.0
284,2015-02-06T17:00:00Z,49.0,175.121700442345,391.94717947938386,94.85453066515457,39.187347150141676,16.58294005051262,64.67680474837134,8.171163168047192,5.0537504515737615,0.0,0.0,0.0,0.0,1.0,model1,15.0,False,855.0
285,2015-02-06T20:00:00Z,49.0,175.1175518955634,388.1117273532552,93.56879352988057,39.00886619840562,15.659186811377973,59.35530571835063,7.8110504987855505,5.1471267063014094,0.0,0.0,0.0,0.0,1.0,model1,15.0,False,858.0
286,2015-02-06T23:00:00Z,49.0,173.5524168662397,385.38467698682337,95.47476560852016,38.99213138078378,13.737321875808652,52.710772709568005,8.800339894611149,4.882255268552326,0.0,0.0,0.0,0.0,1.0,model1,15.0,False,861.0
287,2015-02-07T02:00:00Z,49.0,173.65786729008119,375.56927500753164,95.53376336770624,38.75809646753767,13.801550707043875,53.17985650306049,8.438827981262001,4.681019239292478,0.0,0.0,0.0,0.0,1.0,model1,15.0,False,864.0
288,2015-02-07T05:00:00Z,49.0,171.9877435911768,375.15426203630165,96.75208030222065,39.26786661547791,12.836880146377025,49.72126654809337,8.597692765172981,5.400931649196617,0.0,0.0,0.0,0.0,1.0,model1,15.0,False,867.0
289,2015-02-07T08:00:00Z,49.0,169.1151548103229,372.16567816799596,98.72444756138144,39.82499608008619,12.169218313486867,51.786633144063714,7.947496475704439,5.298457440166872,0.0,0.0,0.0,0.0,1.0,model1,15.0,False,870.0
290,2015-02-07T11:00:00Z,49.0,167.29035755268458,375.04079203081824,98.61654727915115,40.120282358829435,10.755910873531642,51.61067249800184,7.872520973557415,5.455029218703723,0.0,0.0,0.0,0.0,1.0,model1,15.0,False,873.0
291,2015-02-07T14:00:00Z,49.0,166.87277644000892,379.39979545625283,98.8455501045103,41.306797574409536,11.829707134174411,56.251891323908794,8.212248350801614,5.066504018149345,0.0,0.0,0.0,0.0,1.0,model1,15.0,False,876.0
292,2015-02-07T17:00:00Z,49.0,165.31720618570697,375.26696589038767,98.60490604414042,42.33122110438072,11.883306110325167,60.274257368226564,8.03507490522439,4.425517119781217,0.0,0.0,0.0,0.0,0.0,model1,15.0,False,879.0
293,2015-02-07T20:00:00Z,49.0,165.61592933890532,368.02996790965483,100.6283523610166,41.46102593155438,10.958299897838442,60.30729780941478,7.682426954335213,4.6506617375316175,0.0,0.0,0.0,0.0,0.0,model1,15.0,False,882.0
294,2015-02-07T23:00:00Z,49.0,166.1835467851277,358.54536011950853,100.72802114236082,41.342728806254286,12.89899878649808,54.08815238940559,8.041223369732826,4.6809522393445055,0.0,0.0,0.0,0.0,0.0,model1,15.0,False,885.0
295,2015-02-08T02:00:00Z,49.0,165.91508640463724,360.35110774161393,101.48235483496008,41.696815174167135,13.383109713656184,53.60465472724804,7.481598855401687,4.490969293030706,0.0,0.0,0.0,0.0,0.0,model1,15.0,False,888.0
296,2015-02-08T05:00:00Z,49.0,168.10115717631098,368.94452102286425,100.76861203629964,41.21995431445467,15.513885521868506,62.714167825627925,7.302275538053667,4.124286213943239,0.0,0.0,0.0,0.0,0.0,model1,15.0,False,891.0
297,2015-02-08T08:00:00Z,49.0,170.4410105235981,388.94080747929604,99.09881143217552,41.34619923652559,15.905203812112608,72.11310955237194,8.003337557851028,3.958083461694036,0.0,0.0,0.0,0.0,0.0,model1,15.0,False,894.0
298,2015-02-08T11:00:00Z,49.0,170.03037795419084,400.00535721481896,100.23284217302108,41.2600911873416,15.916910751393605,73.7592929674428,8.737804258224529,3.620524404976032,0.0,0.0,0.0,0.0,0.0,model1,15.0,False,897.0
299,2015-02-08T14:00:00Z,49.0,171.95818379385582,402.613430659209,100.48651875292343,40.32313224965901,15.977474905278633,70.66486396390495,10.31068091897811,4.170868167651601,0.0,0.0,0.0,0.0,0.0,model1,15.0,False,900.0
300,2015-02-08T17:00:00Z,49.0,173.74419370828716,417.02956724054815,100.81163510761999,40.711760619682,16.345647187411803,61.03718095551253,10.148574724172189,4.874329477676794,0.0,0.0,0.0,0.0,0.0,model1,15.0,False,903.0
301,2015-02-08T20:00:00Z,49.0,175.4919747795345,422.1415152749022,99.71634412391045,41.575988699471175,16.236583068863986,54.16131485124356,10.162795180489852,4.628254637163031,0.0,0.0,0.0,0.0,0.0,model1,15.0,False,906.0
302,2015-02-08T23:00:00Z,49.0,177.30988183972966,432.6873047146175,99.48224735863519,42.22482291013323,15.314830378552866,50.28190012796721,10.742040247046546,4.733796870775446,0.0,0.0,0.0,0.0,0.0,model1,15.0,False,909.0
303,2015-02-09T02:00:00Z,49.0,175.2676718696705,449.74878256851235,100.88036866990964,41.528818251708685,16.53676051856064,43.98055885669348,11.592584492820174,4.8424270950988575,0.0,0.0,0.0,0.0,0.0,model1,15.0,False,912.0
304,2015-02-09T05:00:00Z,49.0,172.74224935628655,445.14619867995805,100.66550278559865,41.05877100210906,15.796318686123064,42.672850009133775,12.430365608626126,5.248168882885757,0.0,0.0,0.0,0.0,0.0,model1,15.0,False,915.0
305,2015-02-09T08:00:00Z,49.0,172.26264024979778,443.2753820817891,101.90777113457916,40.86601753575113,15.455053685170435,40.66205170842876,11.613281151206474,5.260305373624593,0.0,0.0,0.0,0.0,0.0,model1,15.0,False,918.0
306,2015-02-09T11:00:00Z,49.0,173.4852979830473,435.11742832697314,100.13475179367674,40.727326023995964,15.180763360123784,43.98677421328452,11.929618143350112,5.433370283237734,0.0,0.0,0.0,0.0,0.0,model1,15.0,False,921.0
307,2015-02-09T14:00:00Z,49.0,172.13223202263518,436.20527219783116,99.21783234624516,41.031186125991134,15.112740132502616,41.72572715251749,10.70310215324193,4.888291394888291,0.0,0.0,0.0,0.0,0.0,model1,15.0,False,924.0
308,2015-02-09T17:00:00Z,49.0,170.65007543860384,437.51914819689387,98.1276761598003,39.985725339694206,14.440468926265517,42.18309451095941,11.462078588528902,4.2403639786570135,0.0,0.0,0.0,0.0,0.0,model1,15.0,False,927.0
309,2015-02-09T20:00:00Z,49.0,168.39495831190754,444.3539188162026,98.81914572018393,39.512372724301976,14.796071875565147,47.443901433079716,11.464399719433215,4.110726441011167,0.0,0.0,0.0,0.0,0.0,model1,15.0,False,930.0
310,2015-02-09T23:00:00Z,49.0,166.48195863847945,450.18249738254343,98.20050806615477,38.77040981034357,13.028300259788963,51.053763401589755,10.39480528413393,3.707251351650893,0.0,0.0,0.0,0.0,0.0,model1,15.0,False,933.0
311,2015-02-10T02:00:00Z,49.0,168.03784993726904,443.31898633079595,96.17852390046231,39.315946984030774,12.470680534198086,47.89699132541998,8.944078029889605,4.1538406430524155,0.0,0.0,0.0,0.0,0.0,model1,15.0,False,936.0
312,2015-02-10T05:00:00Z,49.0,168.34258771891157,447.71683818308253,96.51721597572993,39.856177526934,13.359214762228394,51.77481837949504,8.701613539464525,3.957845635826041,0.0,0.0,0.0,0.0,0.0,model1,15.0,False,939.0
313,2015-02-10T08:00:00Z,49.0,165.53651902958003,453.21267913331434,99.53952759627072,40.01338121661906,13.772878886014636,58.53735243205097,13.148131781516645,4.484187724801767,0.0,0.0,0.0,0.0,0.0,model1,15.0,False,942.0
314,2015-02-10T11:00:00Z,49.0,165.16059692834767,458.6604309000584,104.96418464914672,39.923394839095664,14.945836461898866,53.86452629742581,17.08190028851149,4.354788870518395,0.0,0.0,0.0,0.0,0.0,model1,15.0,False,945.0
315,2015-02-10T14:00:00Z,49.0,164.25785889335128,464.4189954332062,108.89843531776964,39.342601902830616,13.772120593402304,57.28149365331096,18.117655670480865,5.146212599972552,0.0,0.0,0.0,0.0,0.0,model1,15.0,False,948.0
316,2015-02-10T17:00:00Z,49.0,164.72060313276825,464.4427486952367,114.16929811513123,39.07447312850157,13.440838722778235,57.7016037123315,17.556216057454588,5.296357908336538,0.0,0.0,0.0,0.0,0.0,model1,15.0,False,951.0
317,2015-02-10T20:00:00Z,49.0,166.306638575237,464.5499495073893,117.10971989724018,39.05631648834892,12.565810341116686,57.33676399027585,17.568640865152744,5.408227664003613,0.0,0.0,0.0,0.0,0.0,model1,15.0,False,954.0
318,2015-02-10T23:00:00Z,49.0,167.387107157101,454.9409871071399,120.71426648647093,39.24438235205021,13.127770757438677,56.746994146148694,17.060971279802548,5.432857564884952,0.0,0.0,0.0,0.0,0.0,model1,15.0,False,957.0
319,2015-02-11T02:00:00Z,49.0,167.41795702401572,453.587161960703,123.83563635520224,39.253348324668494,13.336414639244552,58.72360225591712,14.172308666125035,5.254022900925108,0.0,0.0,0.0,0.0,0.0,model1,15.0,False,960.0
320,2015-02-11T05:00:00Z,49.0,167.87981948091453,453.21719329012774,126.70814117368401,39.02033510803044,12.950507476256304,53.27368004388878,9.263277849154344,5.138799469463964,0.0,0.0,0.0,0.0,0.0,model1,15.0,False,963.0
321,2015-02-11T08:00:00Z,49.0,170.82789739254724,442.3900012956914,125.46623903141712,38.435252550369796,12.321544258272116,44.73488314810327,10.936915280089046,4.702059754738208,0.0,0.0,0.0,0.0,0.0,model1,15.0,False,966.0
322,2015-02-11T11:00:00Z,49.0,170.66633220742378,442.97561149531657,125.12815299000951,38.16289404691809,13.568952148378491,43.74772267895215,9.959216452525864,4.762844475174291,0.0,0.0,0.0,0.0,0.0,model1,15.0,False,969.0
323,2015-02-11T14:00:00Z,49.0,171.48184231215296,438.4313175427107,124.73252442056852,39.60818847097533,14.153296714134429,31.82221403914753,10.51261008833304,5.164524665572981,0.0,0.0,0.0,0.0,0.0,model1,15.0,False,972.0
324,2015-02-11T17:00:00Z,49.0,173.4350499864394,443.15418741888914,123.54514472275322,40.54827779438892,13.757715647421756,33.808679612632716,10.489924529170873,5.247954384270108,0.0,0.0,0.0,0.0,0.0,model1,15.0,False,975.0
325,2015-02-11T20:00:00Z,49.0,174.43697000908963,440.3513196567447,122.04328439686171,41.553293283663294,13.665538096065529,31.22185770850389,10.38926165512784,5.354227993863473,0.0,0.0,0.0,0.0,0.0,model1,15.0,False,978.0
326,2015-02-11T23:00:00Z,49.0,173.26233088003775,440.77551425775306,120.83965286708452,40.88742340601421,13.521628979935574,38.071942887978466,9.356151310481062,5.711283672161224,0.0,0.0,0.0,0.0,0.0,model1,15.0,False,981.0
327,2015-02-12T02:00:00Z,49.0,172.70707679889688,436.90038644298215,121.04067408075385,40.515659225881706,13.114225237310086,44.332165192065574,9.129191054171061,5.770953955059537,0.0,0.0,0.0,0.0,0.0,model1,15.0,False,984.0
328,2015-02-12T05:00:00Z,49.0,171.38086140080196,431.3753966276474,122.80241541797483,41.045172345544685,13.165119907478696,48.90500710000568,9.691493803942077,5.7397055963773385,0.0,0.0,0.0,0.0,0.0,model1,15.0,False,987.0
329,2015-02-12T08:00:00Z,49.0,170.51162579817958,438.9109099559367,121.53823420433744,41.50162980660107,13.004222040528418,55.58756782512486,10.587723532918584,5.724166588925924,0.0,0.0,0.0,0.0,0.0,model1,15.0,False,990.0
330,2015-02-12T11:00:00Z,49.0,169.07983963913102,430.0372187933635,118.2820179189617,42.43891178468892,11.105318402953637,61.60649011864646,11.032366020112844,5.512075177354496,0.0,0.0,0.0,0.0,0.0,model1,15.0,False,993.0
331,2015-02-12T14:00:00Z,49.0,170.84922027268954,437.6384539793389,115.80486686622216,41.75171856659351,12.224642506445921,66.22715661513082,11.069016901664007,5.462438522305303,0.0,0.0,0.0,0.0,0.0,model1,15.0,False,996.0
332,2015-02-12T17:00:00Z,49.0,170.08269198169387,432.718142752787,113.45606231113399,41.177149372582676,12.815624523602017,67.83962690641512,11.346283293796418,5.251559425079927,0.0,0.0,0.0,0.0,0.0,model1,15.0,False,999.0
333,2015-02-12T20:00:00Z,49.0,169.42354304326392,428.1850523316696,112.42762917341057,40.24932149700425,13.590010774704888,65.12725926944525,11.996478400025678,4.796982173478424,0.0,0.0,0.0,0.0,0.0,model1,15.0,False,1002.0
334,2015-02-12T23:00:00Z,49.0,169.88737728193982,427.7664697450229,108.85545151826857,40.36974745253089,14.206136993304675,61.806112022409714,13.654713225149449,4.616750946622388,0.0,0.0,0.0,0.0,0.0,model1,15.0,False,1005.0
335,2015-02-13T02:00:00Z,49.0,169.8291467129854,431.4228387079601,105.67689439522499,40.508004161408095,14.159660184926242,56.61001859403528,13.242221868599794,4.768711051421959,0.0,0.0,0.0,0.0,0.0,model1,15.0,False,1008.0
336,2015-02-13T05:00:00Z,49.0,170.06890679430143,430.97254674696006,102.30845340652384,40.00769910887149,14.567301697591605,55.21876514970879,7.961114905754464,4.577482311196229,0.0,0.0,0.0,0.0,0.0,model1,15.0,False,1011.0
337,2015-02-13T08:00:00Z,49.0,169.14164905064922,421.93816863010363,101.75823213392565,39.908478686213535,15.278439053738804,47.01466346866148,7.433307271199093,4.251164704779201,0.0,0.0,0.0,0.0,0.0,model1,15.0,False,1014.0
338,2015-02-13T11:00:00Z,49.0,171.8857010299511,431.483973639148,100.00335171303811,39.68492719357437,15.291110352848193,40.983317474929116,7.957052648778991,3.85429258465989,0.0,0.0,0.0,0.0,0.0,model1,15.0,False,1017.0
339,2015-02-13T14:00:00Z,49.0,170.64368811847004,429.0631566040426,98.86722992593529,39.25890751989349,16.459313308237196,41.14731266586601,7.754212781955657,3.527934576579946,0.0,0.0,0.0,0.0,0.0,model1,15.0,False,1020.0
340,2015-02-13T17:00:00Z,49.0,169.57790799599246,432.0211891895297,97.7003369855361,38.841654936446716,16.216258468680522,37.94545502203295,8.146025209119866,3.9492131020535854,0.0,0.0,0.0,0.0,0.0,model1,15.0,False,1023.0
341,2015-02-13T20:00:00Z,49.0,171.06802163457408,430.6691649858652,97.27897200377159,38.43152007042851,16.349979517326382,38.104773628272476,7.113624217269403,3.9992643298130255,0.0,0.0,0.0,0.0,0.0,model1,15.0,False,1026.0
342,2015-02-13T23:00:00Z,49.0,171.72763008105534,439.46024078879685,98.16884041486138,39.4635385005619,17.909147280985287,43.13036190894556,6.314995562954973,4.836290786801764,0.0,0.0,0.0,0.0,0.0,model1,15.0,False,1029.0
343,2015-02-14T02:00:00Z,49.0,172.74960207656238,447.55186883866037,97.37524226493755,39.50313157676752,17.85856415227908,46.59885127499069,8.828367282923844,4.487664232589983,0.0,0.0,0.0,0.0,0.0,model1,15.0,False,1032.0
344,2015-02-14T05:00:00Z,49.0,175.0769955699621,452.9085874759301,96.4947179449143,39.89359614351557,18.080748364223712,41.589540125208465,8.325029611690283,5.317912173703307,0.0,0.0,0.0,0.0,0.0,model1,15.0,False,1035.0
345,2015-02-14T08:00:00Z,49.0,176.87872412775792,449.1224808162088,96.31291986501068,40.05358158461959,17.740680888122938,47.86942009817501,9.740181650596242,5.6336096876479855,0.0,0.0,0.0,0.0,0.0,model1,15.0,False,1038.0
346,2015-02-14T11:00:00Z,49.0,173.15585435482942,458.41200583422267,96.36810246633634,39.91205641061749,19.76512415921265,53.622954536722794,9.748241617552065,5.776305660673418,0.0,0.0,0.0,0.0,0.0,model1,15.0,False,1041.0
347,2015-02-14T14:00:00Z,49.0,170.8596668583115,462.0277145922999,96.35365789386715,40.4484816140882,18.38204332463936,56.10007363151704,9.944258740487669,5.748394755904871,0.0,0.0,0.0,0.0,0.0,model1,15.0,False,1044.0
348,2015-02-14T17:00:00Z,49.0,171.16164865071354,460.80150955385847,98.1263620087056,40.859063547156666,18.43060682206213,55.348179801561365,10.248448503459043,5.874687860434978,0.0,0.0,0.0,0.0,0.0,model1,15.0,False,1047.0
349,2015-02-14T20:00:00Z,49.0,169.33655066210164,470.2574731669319,97.72423409582147,41.05161143628396,18.35698228231502,53.539776125576346,11.362065265434873,5.810650654502156,0.0,0.0,0.0,0.0,0.0,model1,15.0,False,1050.0
350,2015-02-14T23:00:00Z,49.0,168.66078000833485,467.5003372067667,97.74271282669656,40.80021076558219,17.822694278674184,53.08987411346954,11.398591079957779,5.2463453490842085,0.0,0.0,0.0,0.0,0.0,model1,15.0,False,1053.0
351,2015-02-15T02:00:00Z,49.0,168.6455578268115,464.24163112466834,98.21348719573463,40.857694226412846,17.989098230475058,52.79465787804374,11.08531206407076,5.2458429343427735,0.0,0.0,0.0,0.0,0.0,model1,15.0,False,1056.0
352,2015-02-15T05:00:00Z,49.0,168.16947744620643,470.9624244896635,98.49006350319249,40.27391522822297,16.887974480377355,51.506742100802384,11.89496746137267,4.840796976818991,0.0,0.0,0.0,0.0,0.0,model1,15.0,False,1059.0
353,2015-02-15T08:00:00Z,49.0,165.61403447991728,478.188113530592,98.64213491194498,40.24010780834,15.85079415508502,40.30491717203849,11.298534677862046,4.4984365172131575,0.0,1.0,0.0,0.0,0.0,model1,15.0,False,1062.0
354,2015-02-15T11:00:00Z,49.0,164.575889702524,467.19910616668767,99.75622952151156,41.086279396555426,17.058187411585028,45.991576979368546,11.60175472596423,5.450986443030443,0.0,1.0,0.0,0.0,0.0,model1,15.0,False,1065.0
355,2015-02-15T14:00:00Z,49.0,165.33708106582714,450.9711530984285,98.99122081061184,40.72268262348104,17.701653215915098,48.39355845603954,11.872115958657462,5.1796328115242956,0.0,1.0,0.0,0.0,0.0,model1,15.0,False,1068.0
356,2015-02-15T17:00:00Z,49.0,165.39212116366755,432.91152584766434,97.27550807164278,41.34605892955915,19.02606901557822,68.89811652076251,11.837995490582239,4.842016725112964,0.0,1.0,0.0,0.0,0.0,model1,15.0,False,1071.0
357,2015-02-15T20:00:00Z,49.0,165.03603351284573,419.38970213389086,97.48061435622743,42.034411502362936,18.953872976331454,67.23827141591258,10.828973329612744,4.659760775288135,0.0,1.0,0.0,0.0,0.0,model1,15.0,False,1074.0
358,2015-02-15T23:00:00Z,49.0,165.22195390882163,401.48958078797983,95.910163725392,41.59600362861667,17.728771149681073,73.14339826763566,11.6565881677369,4.81560057072746,0.0,1.0,0.0,0.0,0.0,model1,15.0,False,1077.0
359,2015-02-16T02:00:00Z,49.0,166.06070740531672,395.10930239193357,96.9386016061195,41.524397800088956,18.45606120866791,68.71959170840847,10.446881880445119,5.173698092861551,0.0,1.0,0.0,0.0,0.0,model1,15.0,False,1080.0
360,2015-02-16T05:00:00Z,49.0,164.54491436645012,379.5380828475782,96.54034806952451,42.25240564763433,17.995563991701122,59.861760144476996,9.521078291891486,5.023661912600806,0.0,1.0,0.0,0.0,0.0,model1,15.0,False,1083.0
361,2015-02-16T08:00:00Z,49.0,167.4294762915152,369.5991286279869,96.57809978146021,41.35704194657856,18.73431985356791,54.92880113243087,8.703704986682455,5.835142789457233,0.0,0.0,0.0,0.0,0.0,model1,15.0,False,1086.0
362,2015-02-16T11:00:00Z,49.0,170.89597158732215,360.24332408274125,95.51043036613632,40.50547922742019,16.55689915211217,44.194280801657065,7.794805475711822,4.800549051129575,0.0,0.0,0.0,0.0,0.0,model1,15.0,False,1089.0
363,2015-02-16T14:00:00Z,49.0,170.5377703655391,365.28493143467057,98.58432910588068,40.32099674538578,16.145672044775804,47.82199954140783,9.703379479113645,5.027499107367913,0.0,0.0,0.0,0.0,0.0,model1,15.0,False,1092.0
364,2015-02-16T17:00:00Z,49.0,170.95405683539803,370.78540428804985,102.60777874813006,39.45204915482848,14.689886892129245,43.040171621965214,13.135542180689313,4.83090379880428,0.0,0.0,0.0,0.0,0.0,model1,15.0,False,1095.0
365,2015-02-16T20:00:00Z,49.0,170.17542923382246,371.5953790313347,106.36628712080037,39.844105256333606,15.151066678383115,42.994339072199146,16.450625029891597,5.6070332172551804,0.0,1.0,0.0,0.0,0.0,model1,15.0,False,1098.0
366,2015-02-16T23:00:00Z,49.0,169.69956382548474,374.1388443972857,112.75039504729384,39.725044751983006,15.083733029215047,37.531971152379306,16.918664653995172,5.9124110438615025,0.0,1.0,0.0,0.0,0.0,model1,15.0,False,1101.0
367,2015-02-17T02:00:00Z,49.0,167.2536397460746,366.26820162482636,116.03381752015842,39.811300242682044,14.935818298183355,37.189800174325434,17.28363473950077,5.693823911328423,0.0,1.0,0.0,0.0,0.0,model1,15.0,False,1104.0
368,2015-02-17T05:00:00Z,49.0,168.57137646605688,368.6717999714002,120.0770009940906,39.44132649927526,15.675904322481106,38.95868510239478,16.739235924475413,5.474856705201197,0.0,1.0,0.0,0.0,0.0,model1,15.0,False,1107.0
369,2015-02-17T08:00:00Z,49.0,169.39894761523485,372.08086978525847,122.42584021656224,40.11562696727089,16.072552389255193,41.66788663733302,15.441786935332761,4.998578127398192,0.0,1.0,0.0,0.0,0.0,model1,15.0,False,1110.0
370,2015-02-17T11:00:00Z,49.0,169.13366048156954,379.59303559819125,126.14259888211173,39.95555024231831,15.066721350060813,44.71735705657095,10.527558126545866,5.373636896902388,0.0,1.0,0.0,0.0,0.0,model1,15.0,False,1113.0
371,2015-02-17T14:00:00Z,49.0,170.72550747956143,384.91237346554976,129.05369939153087,40.070118016815854,14.577395591393644,52.01926155956507,10.1352394421674,5.491705253349806,0.0,1.0,0.0,0.0,0.0,model1,15.0,False,1116.0
372,2015-02-17T17:00:00Z,49.0,170.400688924821,397.0031937534182,130.17978969628192,40.35337039401932,14.698430675224097,53.57532976001345,9.922016128525566,5.538529933002126,0.0,1.0,0.0,0.0,0.0,model1,15.0,False,1119.0
373,2015-02-17T20:00:00Z,49.0,170.81278026099105,403.8025295820385,129.10330176372184,39.28742220278421,14.082442189006018,60.67429495782113,9.973423901395707,5.055203819683907,0.0,0.0,0.0,0.0,0.0,model1,15.0,False,1122.0
374,2015-02-17T23:00:00Z,49.0,169.24524156906304,411.4380695762262,127.68749770174021,39.35371715708804,14.483097682407566,55.138560257576884,9.81778755199167,4.730653478333493,0.0,0.0,0.0,0.0,0.0,model1,15.0,False,1125.0
375,2015-02-18T02:00:00Z,49.0,172.2812287410313,429.9851415236827,126.68973521945664,38.71278713096598,14.433203335002384,55.41248843138722,9.737256209967898,4.783050502483246,0.0,0.0,0.0,0.0,0.0,model1,15.0,False,1128.0
376,2015-02-18T05:00:00Z,49.0,171.33759449601763,439.67096166742436,125.5785182958695,38.34598948720004,13.739441985953677,54.05943520020751,8.96954711415687,4.5347423286404105,0.0,0.0,0.0,0.0,0.0,model1,15.0,False,1131.0
377,2015-02-18T08:00:00Z,49.0,170.28489662430655,453.21360192814916,125.99216922378037,38.40930507791722,13.271367584447827,53.86859461939672,8.503043638333077,4.509306319028459,0.0,0.0,0.0,0.0,0.0,model1,15.0,False,1134.0
378,2015-02-18T11:00:00Z,49.0,170.9477188072062,461.25265420019883,125.79701197225565,38.60357118544751,13.206913302229946,51.861166408925534,8.489056218569917,4.130395367534642,0.0,0.0,0.0,0.0,0.0,model1,15.0,False,1137.0
379,2015-02-18T14:00:00Z,49.0,168.69698829911576,455.3227583509152,122.0756818738636,38.534087367462185,14.183309520781336,53.39366157364474,9.928119911378069,3.9342643830497273,0.0,0.0,0.0,0.0,0.0,model1,15.0,False,1140.0
380,2015-02-18T17:00:00Z,49.0,167.37331552301643,455.7283771599894,118.578510515641,38.67857547332304,13.953362594412036,56.273750379870975,9.67135910358441,3.910795186464668,0.0,0.0,0.0,0.0,0.0,model1,15.0,False,1143.0
381,2015-02-18T20:00:00Z,49.0,170.56920140146386,454.88183823042993,114.99195373994007,39.90128614466812,15.499884840392651,50.183564759775045,12.469160000982395,4.6175405539897465,0.0,0.0,0.0,0.0,0.0,model1,15.0,False,1146.0
382,2015-02-18T23:00:00Z,49.0,171.29493413765582,459.3415668926585,111.48430413092836,39.95742508711796,15.381612258165585,46.176422807742426,13.079776119826635,4.654517149115447,0.0,0.0,0.0,0.0,0.0,model1,15.0,False,1149.0
383,2015-02-19T02:00:00Z,49.0,169.88707739778712,453.5413249554925,109.3908055409459,40.48085483659626,14.707967583046743,54.09744311762209,12.841910977000001,4.416141343261819,0.0,0.0,0.0,0.0,0.0,model1,15.0,False,1152.0
384,2015-02-19T05:00:00Z,49.0,170.21737031041724,452.13262901819627,106.400259574906,40.90733040017882,14.591538164308822,50.88075136594322,12.572887489585517,4.564681833088549,0.0,0.0,0.0,0.0,0.0,model1,15.0,False,1155.0
385,2015-02-19T08:00:00Z,49.0,169.08215908702059,446.3583196270943,102.15898511680479,40.32170372965754,13.752631254194984,45.59860772285264,11.890289591979954,4.9692495262110565,0.0,0.0,0.0,0.0,0.0,model1,15.0,False,1158.0
386,2015-02-19T11:00:00Z,49.0,168.73886827273432,446.00665254005537,100.86121914205013,39.64210218997754,14.235962394497108,45.388946049831716,10.91315580015178,5.2879960775024815,0.0,0.0,0.0,0.0,0.0,model1,15.0,False,1161.0
387,2015-02-19T14:00:00Z,49.0,168.9537485350103,443.3323227203752,98.55971880618992,39.431081953435225,14.312602619645586,49.34641863438736,10.961072531795605,5.297925915839019,0.0,0.0,0.0,0.0,0.0,model1,15.0,False,1164.0
388,2015-02-19T17:00:00Z,49.0,172.8525204444073,449.26193738963246,96.89224514620052,39.40656461164848,14.704600723317785,50.438386101266715,10.5617718662325,5.28258047707656,0.0,0.0,0.0,0.0,0.0,model1,15.0,False,1167.0
389,2015-02-19T20:00:00Z,49.0,170.2657181932344,452.5830313635458,96.89539519301368,38.448202959729905,13.015189378138983,52.59962053409649,10.94957210150062,4.449876885050837,0.0,0.0,0.0,0.0,0.0,model1,15.0,False,1170.0
390,2015-02-19T23:00:00Z,49.0,171.09816536126803,456.01294851888537,96.31722010084015,38.13569089248948,12.681554179284415,52.32322041171769,10.906958027415431,4.432282620336308,1.0,0.0,0.0,0.0,0.0,model1,15.0,False,1173.0
391,2015-02-20T02:00:00Z,49.0,167.23315189306524,457.9257197344899,94.75235858832754,38.030438453247505,16.725687733635908,41.75556468432926,10.863911601205826,4.370565429985632,1.0,0.0,0.0,0.0,0.0,model1,15.0,False,1176.0
392,2015-02-20T05:00:00Z,49.0,168.96740390997817,461.4719178059392,95.00277389238241,37.38518201747392,17.89508360913631,43.15917882854953,11.030013822257812,3.8935748290526613,1.0,0.0,0.0,0.0,0.0,model1,15.0,False,1179.0
393,2015-02-20T08:00:00Z,49.0,169.043824068086,465.11309690082885,96.07782755629653,38.160946503796175,17.728367954623987,49.11031302387389,10.819100929024684,4.347009647384287,1.0,0.0,0.0,0.0,0.0,model1,15.0,False,1182.0
394,2015-02-20T11:00:00Z,49.0,168.0552327030085,458.4321858980418,94.264053622383,38.710140292067535,17.589470832608548,49.5017379631834,8.801668906758607,4.210311078747358,1.0,0.0,0.0,0.0,0.0,model1,15.0,False,1185.0
395,2015-02-20T14:00:00Z,49.0,167.5076170333145,464.00356928160704,95.4560325140466,39.15058350263384,17.568210710739926,45.203853484517495,8.114116579866543,4.159243844160343,1.0,0.0,0.0,0.0,0.0,model1,15.0,False,1188.0
396,2015-02-20T17:00:00Z,49.0,165.17853915156695,458.78124622274015,96.5160555172648,38.83159556567937,15.737452077409642,42.05556390658162,8.870887553379504,4.430645736394476,1.0,0.0,0.0,0.0,0.0,model1,15.0,False,1191.0
397,2015-02-20T20:00:00Z,49.0,164.00310127626182,454.69564655740163,96.26165504446823,38.3383065768824,16.31379389409841,41.38151044110197,8.524597109883333,4.455488956562418,1.0,0.0,0.0,0.0,0.0,model1,15.0,False,1194.0
398,2015-02-20T23:00:00Z,49.0,164.11182922483331,452.28601280095023,97.85812080372669,39.014013610762895,16.28597157236295,45.59721574840221,9.134804044031423,4.938916872714287,0.0,0.0,0.0,0.0,0.0,model1,15.0,False,1197.0
399,2015-02-21T02:00:00Z,49.0,166.20387209403268,449.92906623144796,99.42047836750557,38.86507262391865,12.935484365460384,45.6259661037516,9.89056847937814,5.3852021394069585,0.0,0.0,0.0,0.0,0.0,model1,15.0,False,1200.0
400,2015-02-21T05:00:00Z,49.0,164.33505282332786,442.59001041490507,99.55412437127596,39.88573683491778,9.877163239117612,47.935427411101294,9.811799689403216,5.725485927145217,0.0,0.0,0.0,0.0,0.0,model1,15.0,False,1203.0
401,2015-02-21T08:00:00Z,49.0,162.61155186335682,441.39395942388086,100.18986748054165,39.58561135356469,10.083379173501998,43.028269374940656,9.445522723271873,5.592741150656118,0.0,0.0,0.0,0.0,0.0,model1,15.0,False,1206.0
402,2015-02-21T11:00:00Z,49.0,164.63972566618375,444.9354593210653,100.88432363429695,39.67695962287871,12.5548238059694,42.414314031871534,9.004657160856869,5.736910214190526,0.0,0.0,0.0,0.0,0.0,model1,15.0,False,1209.0
403,2015-02-21T14:00:00Z,49.0,166.40519280485492,450.0556349410268,102.0756339469591,40.04146369910941,11.742021853736816,41.97633554824321,9.953479486594617,5.804869220678363,0.0,0.0,0.0,0.0,0.0,model1,15.0,False,1212.0
404,2015-02-21T17:00:00Z,49.0,167.92666603716916,448.5612963937451,102.25518366412264,39.97793077343816,15.35222796452215,44.03606141287125,9.391340485603273,5.452514317265859,0.0,0.0,0.0,0.0,0.0,model1,15.0,False,1215.0
405,2015-02-21T20:00:00Z,49.0,170.69046538057762,450.9747439385334,103.0502699446151,40.39248356000403,15.768537950274494,43.87141497474704,9.926464888354863,5.134638091903554,0.0,0.0,0.0,0.0,0.0,model1,15.0,False,1218.0
406,2015-02-21T23:00:00Z,49.0,171.62721599657328,451.81930174534494,101.89652444874308,40.194561110020096,16.414113027814214,39.21115475633961,9.929530815456546,5.172884689856257,0.0,0.0,0.0,0.0,0.0,model1,15.0,False,1221.0
407,2015-02-22T02:00:00Z,49.0,173.70534873503155,452.4873389617621,102.27299559790646,40.17304133583336,15.85007099905643,38.83756183726169,8.803928029403894,5.091224630868492,0.0,0.0,0.0,0.0,0.0,model1,15.0,False,1224.0
408,2015-02-22T05:00:00Z,49.0,174.45469962800163,453.8196874658162,102.77682810604018,39.240637614325706,15.601560079218402,35.39036464659357,10.089978982384377,4.683977508008787,0.0,0.0,0.0,0.0,0.0,model1,15.0,False,1227.0
409,2015-02-22T08:00:00Z,49.0,177.94612544443592,456.59718996858925,101.89605995876154,40.59875631160846,14.562085732112624,35.560371073970366,10.443162631733912,5.849778372858077,0.0,0.0,0.0,0.0,0.0,model1,15.0,False,1230.0
410,2015-02-22T11:00:00Z,49.0,176.39814721825368,451.5449213040531,101.70642131365955,40.077799662914906,13.858213497663105,39.08460577570736,10.522892282097855,5.982892077232761,0.0,0.0,0.0,0.0,0.0,model1,15.0,False,1233.0
411,2015-02-22T14:00:00Z,49.0,176.41301939706668,454.5366264844606,101.78910026013115,39.26660631808857,13.974402142501875,40.65297360537581,10.88974999753508,6.0311968196544905,0.0,0.0,0.0,0.0,0.0,model1,15.0,False,1236.0
412,2015-02-22T17:00:00Z,49.0,174.520785086694,456.40689098920797,100.86938294599571,39.86776928572656,12.123788705801275,39.75431413364775,10.968884389372473,6.038595335394251,0.0,0.0,0.0,0.0,0.0,model1,15.0,False,1239.0
413,2015-02-22T20:00:00Z,49.0,172.65216156699123,457.0749444619317,100.37599103840459,40.80937822833629,10.757469453661628,38.9377583601456,10.010534337579754,6.4155375283612095,0.0,0.0,0.0,0.0,0.0,model1,15.0,False,1242.0
414,2015-02-22T23:00:00Z,49.0,171.4125785361451,452.65750450479726,100.96352870523808,40.014237199831186,10.845009245567098,42.522400667998575,10.12145223204282,6.589127936530911,0.0,0.0,0.0,0.0,0.0,model1,15.0,False,1245.0
415,2015-02-23T02:00:00Z,49.0,170.47790795096796,451.19519424712416,100.02965001245217,40.5123579638374,11.549594105113973,41.63152074578457,10.036595128370447,6.288627327918789,0.0,0.0,0.0,0.0,0.0,model1,15.0,False,1248.0
416,2015-02-23T05:00:00Z,49.0,171.1251260588951,451.4565610635472,98.52634516691201,41.540215434078064,12.383409742736433,40.117838173114144,9.094678400230693,6.323924255087671,0.0,0.0,0.0,0.0,0.0,model1,15.0,False,1251.0
417,2015-02-23T08:00:00Z,49.0,169.3039694904486,444.5084839275283,98.20216822729412,40.343355324482495,10.732238697675006,40.98933151704903,9.867268246980576,5.327022021526886,0.0,0.0,0.0,0.0,0.0,model1,15.0,False,1254.0
418,2015-02-23T11:00:00Z,49.0,172.54510469435363,450.59246376740685,97.61564498642358,41.49423593075828,13.583642892106278,41.515259439046886,10.103314776413127,5.435772963252866,0.0,0.0,0.0,0.0,0.0,model1,15.0,False,1257.0
419,2015-02-23T14:00:00Z,49.0,174.03134651164368,443.2574388533401,96.18699919165036,41.49742913227644,14.02566306194896,40.12192071723192,7.76463255438573,5.39458213818064,0.0,0.0,0.0,0.0,0.0,model1,15.0,False,1260.0
420,2015-02-23T17:00:00Z,49.0,174.69652929785,440.3552789769479,96.33786056381872,41.31901904224847,14.029854265067135,41.85413955193491,7.820509057706087,5.314601150068183,0.0,0.0,0.0,0.0,0.0,model1,15.0,False,1263.0
421,2015-02-23T20:00:00Z,49.0,177.1019862716526,436.2158792492338,96.35455919720845,40.76921588500645,14.617223859948606,44.074817959760296,7.92717568705157,5.193431291096553,0.0,0.0,0.0,0.0,0.0,model1,15.0,False,1266.0
422,2015-02-23T23:00:00Z,49.0,176.69200966248974,442.17320303389266,96.27683521306672,41.48852080775803,14.641989087650495,43.14855468799416,7.6075986971559075,4.655224515166274,0.0,0.0,0.0,0.0,0.0,model1,15.0,False,1269.0
423,2015-02-24T02:00:00Z,49.0,177.12717965345712,447.5162176997162,97.13493793405806,41.887282439129976,13.426266568319216,47.91205235854458,8.392594391085265,5.038282712917797,0.0,0.0,0.0,0.0,0.0,model1,15.0,False,1272.0
424,2015-02-24T05:00:00Z,49.0,177.69596558047704,444.7975467594189,99.20119607011736,41.231363314046966,13.302995499854346,49.14140118966775,8.79195360680475,5.075782838908704,0.0,0.0,0.0,0.0,0.0,model1,15.0,False,1275.0
425,2015-02-24T08:00:00Z,49.0,177.13024497163838,442.2167200600118,101.21789890922096,40.92811596641244,14.740710056388854,46.031895257313,9.01451979462744,5.873605892601483,0.0,0.0,0.0,0.0,0.0,model1,15.0,False,1278.0
426,2015-02-24T11:00:00Z,49.0,174.00630720937767,443.8074025971795,101.61727976660194,40.474758542958,14.359310411214135,44.681652322352626,8.353650728278119,5.876230714288268,0.0,0.0,0.0,0.0,0.0,model1,15.0,False,1281.0
427,2015-02-24T14:00:00Z,49.0,172.0982312435909,441.05252988138494,102.96119248360836,41.48088479269811,14.880149498985677,42.89386874816777,8.81676052080086,5.8298259497293925,0.0,0.0,0.0,0.0,0.0,model1,15.0,False,1284.0
428,2015-02-24T17:00:00Z,49.0,172.0262119487477,441.43810989878233,103.50305399682951,41.74240405596972,14.485002874202365,39.457162972606696,9.136816031937627,5.976208865028868,0.0,0.0,0.0,0.0,0.0,model1,15.0,False,1287.0
429,2015-02-24T20:00:00Z,49.0,169.4348120078235,444.3589173031908,104.53059570113196,41.9917705763335,13.769211737094595,36.69720761131923,8.307369462377387,5.810284023771255,0.0,0.0,0.0,0.0,0.0,model1,15.0,False,1290.0
430,2015-02-24T23:00:00Z,49.0,169.49467905271328,446.27812588764397,104.33391159918459,41.9803161737448,13.623775455396252,39.77921214945457,9.31608761469791,5.728405832216697,0.0,0.0,0.0,0.0,0.0,model1,15.0,False,1293.0
431,2015-02-25T02:00:00Z,49.0,169.03817154102208,435.92401257180916,103.14776974511213,41.67202808848744,14.545299618123114,36.01431944154167,9.739226938187507,5.714114684030927,0.0,0.0,0.0,0.0,0.0,model1,15.0,False,1296.0
432,2015-02-25T05:00:00Z,49.0,168.1363998709614,433.3108093369551,102.64597710912577,41.14352650126154,13.934718386763565,39.64050656224658,9.288787782650171,5.872914690800822,0.0,0.0,0.0,0.0,0.0,model1,15.0,False,1299.0
433,2015-02-25T08:00:00Z,49.0,166.66850278751184,436.7580354708023,101.13470408286243,41.47604199580152,14.029485894032435,41.042719076357606,8.837572854390121,5.090134237068046,0.0,0.0,0.0,0.0,0.0,model1,15.0,False,1302.0
434,2015-02-25T11:00:00Z,49.0,169.3377200660484,436.2903558832778,101.67209687554848,41.081549875169905,15.45836940149621,42.15329949065017,9.0520637667579,4.670816146645488,0.0,0.0,0.0,0.0,0.0,model1,15.0,False,1305.0
435,2015-02-25T14:00:00Z,49.0,170.54815791767953,442.83305427264617,99.6143603770658,40.713735102800285,15.045539216957135,44.09663522501031,10.146537471135474,4.448559016022116,0.0,0.0,0.0,0.0,0.0,model1,15.0,False,1308.0
436,2015-02-25T17:00:00Z,49.0,170.38251331933387,446.6456023189344,100.16675354138123,40.59084988854635,15.095874466423748,45.394975869464595,9.96431395659746,4.674805290931699,0.0,0.0,0.0,0.0,0.0,model1,15.0,False,1311.0
437,2015-02-25T20:00:00Z,49.0,171.77202647321616,453.67618237807187,99.4850441551467,40.25281172088806,14.225473544054596,48.87880753698729,9.993283828681864,4.3079502351610985,0.0,0.0,0.0,0.0,0.0,model1,15.0,False,1314.0
438,2015-02-25T23:00:00Z,49.0,171.48999738950147,449.79558341847223,99.02705511573872,39.25180924265389,13.91285232339908,46.66184987981053,9.532828070744117,5.259104651687955,0.0,0.0,0.0,0.0,0.0,model1,15.0,False,1317.0
439,2015-02-26T02:00:00Z,49.0,172.26971534209332,458.22395016346536,97.94414843669264,38.60348320730755,13.083995073819905,46.77864030108862,11.131224871161406,4.7938047780170825,0.0,0.0,0.0,0.0,0.0,model1,15.0,False,1320.0
440,2015-02-26T05:00:00Z,49.0,171.9300681446473,471.24785264106697,96.36746773249044,38.791317774825565,12.92939833464252,40.22003449817114,10.974166437902452,4.8817122317511,0.0,0.0,0.0,0.0,0.0,model1,15.0,False,1323.0
441,2015-02-26T08:00:00Z,49.0,174.28979882453618,474.343269658609,96.13738771077207,39.08474514017864,10.66570568260024,40.16997130952157,10.610083862511752,5.351686159148122,0.0,0.0,0.0,0.0,0.0,model1,15.0,False,1326.0
442,2015-02-26T11:00:00Z,49.0,171.79742460487034,470.86007990597915,95.37635465760854,39.564357833236116,10.241882788740421,39.929085876390864,10.18411863667868,5.472440827267627,0.0,0.0,0.0,0.0,0.0,model1,15.0,False,1329.0
443,2015-02-26T14:00:00Z,49.0,173.55066620593257,467.9467300904171,96.44664983257765,39.38207508844658,11.444365757184773,43.879771557806826,9.196564924475947,5.419474675310212,0.0,0.0,0.0,0.0,0.0,model1,15.0,False,1332.0
444,2015-02-26T17:00:00Z,49.0,174.64389153666767,459.6569543540817,96.69796012352406,38.74458579964729,11.035918615173712,50.317466103045064,9.953865011336065,5.194590385984485,0.0,0.0,0.0,0.0,0.0,model1,15.0,False,1335.0
445,2015-02-26T20:00:00Z,49.0,174.2586892729903,445.2312216930912,97.42056291225585,37.76634820073324,11.260472852553795,55.11355276722952,10.407517412951595,5.661873621240843,0.0,0.0,0.0,0.0,0.0,model1,15.0,False,1338.0
446,2015-02-26T23:00:00Z,49.0,175.51206924306388,452.63496282453974,98.97734552999157,38.87933445424292,11.3477361190221,59.24858661403289,10.553993831052619,5.739891282769682,0.0,0.0,0.0,0.0,0.0,model1,15.0,False,1341.0
447,2015-02-27T02:00:00Z,49.0,176.61913029338547,447.4966259913399,99.75127408447979,39.70972943930449,12.315946488835607,60.959186582612105,9.128087760823156,6.102370020679334,0.0,0.0,0.0,0.0,0.0,model1,15.0,False,1344.0
448,2015-02-27T05:00:00Z,49.0,178.0196642652248,440.8080451707385,100.33894013058394,40.44090728296445,12.283152653874689,59.724482245302106,9.64425423285782,5.97806028042997,0.0,0.0,0.0,0.0,0.0,model1,15.0,False,1347.0
449,2015-02-27T08:00:00Z,49.0,180.09245261891888,440.5915745683364,101.87529003076479,41.41940797277243,12.39592259510864,59.03560063049417,9.65049520132918,6.6821016490373335,0.0,0.0,0.0,0.0,0.0,model1,15.0,False,1350.0
450,2015-02-27T11:00:00Z,49.0,179.0618167718417,447.52637119363123,101.96390079903313,43.12375908760573,12.209595507839884,62.34572236793658,9.64948993448852,8.800399811937972,0.0,0.0,0.0,0.0,0.0,model1,15.0,False,1353.0
451,2015-02-27T14:00:00Z,49.0,175.28212661071206,450.1541490439431,102.97256190873074,45.12661980750803,13.192221997267866,61.6670047602137,10.296528258266978,9.611457951440274,0.0,0.0,0.0,0.0,0.0,model1,15.0,False,1356.0
452,2015-02-27T17:00:00Z,49.0,174.12622029916812,453.9404060048742,101.32423234539436,46.79353699650358,13.395408849682862,57.99963400623028,10.684028557930628,8.94268516388759,0.0,0.0,0.0,0.0,0.0,model1,15.0,False,1359.0
453,2015-02-27T20:00:00Z,49.0,174.76277876796215,455.0198208406987,101.77504781100151,48.85275091037313,13.654468283462494,56.5603035617086,10.856257378178926,7.226097837726544,0.0,0.0,0.0,0.0,0.0,model1,15.0,False,1362.0
454,2015-02-27T23:00:00Z,49.0,173.47080720673546,444.4762008766723,100.57452367870134,49.96908314050909,13.694291156018837,53.41991430872811,10.994192703646476,5.853065243099934,0.0,0.0,0.0,0.0,0.0,model1,15.0,False,1365.0
455,2015-02-28T02:00:00Z,49.0,169.61307827009898,449.6675498114057,101.01411027549152,50.63333006695074,13.799654572303574,51.22604547335981,10.61729549082212,5.62258177879863,0.0,0.0,0.0,0.0,0.0,model1,15.0,False,1368.0
456,2015-02-28T05:00:00Z,49.0,167.4701373088294,450.9291871613042,101.53117659406229,51.454835257600486,13.380323010343472,48.479663511615534,9.568962579113057,4.948366678980972,0.0,0.0,0.0,0.0,0.0,model1,15.0,False,1371.0
457,2015-02-28T08:00:00Z,49.0,165.62229975003916,447.34382144628637,99.65921935857922,51.09651122171707,10.91391141438655,49.68122870039406,9.621535873432828,5.065133085968986,0.0,0.0,0.0,0.0,1.0,model1,15.0,True,1374.0
458,2015-02-28T11:00:00Z,49.0,167.10453789336088,441.7687160271401,100.68761212821384,49.71008793855035,11.860031837499696,53.76259371589572,9.52403698946052,4.45316661964579,0.0,0.0,0.0,0.0,1.0,model1,15.0,True,1377.0
459,2015-02-28T14:00:00Z,49.0,168.94221515101054,437.00416501968454,99.2595240761408,48.67304755925972,12.774504608291116,49.782288385117255,8.36045674312691,3.6867416561910384,0.0,0.0,0.0,0.0,1.0,model1,15.0,True,1380.0
460,2015-02-28T17:00:00Z,49.0,169.17703155919074,441.44623787604735,99.28856669071794,49.10773702719922,12.463867027259425,51.88202561000969,7.790600199767359,3.99327287797531,0.0,0.0,0.0,0.0,1.0,model1,15.0,True,1383.0
461,2015-02-28T20:00:00Z,49.0,167.7365837257139,442.7133145730848,98.32639795805136,49.57267308276501,11.827370743612947,48.48260442908367,8.674552850199934,4.395082940406703,0.0,0.0,0.0,0.0,1.0,model1,15.0,True,1386.0
462,2015-02-28T23:00:00Z,49.0,168.15775971352517,448.03763378162216,98.18378455875704,48.93612865057272,12.441030229318313,49.3598575525758,8.283458602802133,4.5897676779953605,0.0,0.0,0.0,0.0,1.0,model1,15.0,True,1389.0
463,2015-03-01T02:00:00Z,49.0,167.75057404457618,447.3239514002555,98.76844267852272,49.19240596108374,13.534581633468829,51.342705864062786,8.480859202115871,4.295001369589318,0.0,0.0,0.0,0.0,1.0,model1,15.0,True,1392.0
464,2015-03-01T05:00:00Z,49.0,169.4960733286982,447.90839282966795,98.908905733691,48.17321221204174,15.004561561004245,50.688527112067355,10.46440778781908,4.915981359333308,0.0,0.0,0.0,0.0,1.0,model1,15.0,True,1395.0
465,2015-03-01T08:00:00Z,49.0,169.55016354898174,453.0064360269858,98.88804097527492,47.350188610944656,15.691892382489364,48.998733975463104,11.642549612887175,5.607356934603748,0.0,0.0,0.0,0.0,0.0,model1,15.0,False,1398.0
466,2015-03-01T11:00:00Z,49.0,170.40094107871633,447.61570151359876,97.68082048609995,46.59220283284729,15.862099288462186,43.26168115383611,11.745430626611087,6.0895159056885815,0.0,0.0,0.0,0.0,0.0,model1,15.0,False,1401.0
467,2015-03-01T14:00:00Z,49.0,170.72545636762217,442.63077990414735,97.95657935471284,46.236190921520006,16.342495185381658,46.92400911453566,11.808305837969575,6.178158438004181,0.0,0.0,0.0,0.0,0.0,model1,15.0,False,1404.0
468,2015-03-01T17:00:00Z,49.0,170.0092742045386,438.33576684582135,98.3255234607991,43.792728478669964,16.49035969576769,45.66923859553451,11.519634559303539,7.157883740530758,0.0,0.0,0.0,0.0,0.0,model1,15.0,False,1407.0
469,2015-03-01T20:00:00Z,49.0,171.0131482383315,437.37181862917254,98.88651286079737,42.265951647238936,16.26038393920725,46.53898274997289,10.535450345220948,5.920777026770861,0.0,0.0,0.0,0.0,0.0,model1,15.0,False,1410.0
470,2015-03-01T23:00:00Z,49.0,168.91907146549812,436.03062661858115,100.87915646799013,42.21753661279791,17.488521302232236,44.873445210535365,11.55168187321214,6.1181794390330895,0.0,0.0,0.0,0.0,0.0,model1,15.0,False,1413.0
471,2015-03-02T02:00:00Z,49.0,170.17482064265084,432.5069499990705,100.03696178081384,40.889850339667774,16.866861877944,38.66992425554929,11.441584535939095,5.08389446680871,0.0,0.0,0.0,0.0,0.0,model1,15.0,False,1416.0
472,2015-03-02T05:00:00Z,49.0,168.08826485437947,430.5981476129287,100.03088704778135,40.484604106861056,17.09630342587593,37.749369870480216,9.812666516425457,5.104058406983556,0.0,0.0,0.0,0.0,0.0,model1,15.0,False,1419.0
473,2015-03-02T08:00:00Z,49.0,167.53780978706268,421.1747510029479,101.05371851344343,40.9515541826412,17.286199871502248,35.67161598360932,9.002995651508401,5.19543899314542,0.0,0.0,0.0,0.0,0.0,model1,15.0,False,1422.0
474,2015-03-02T11:00:00Z,49.0,166.30598868181445,424.81260646536697,101.38999153362991,41.18289607108755,16.43252885282488,39.5266918625036,8.559742195279808,5.4083066398581146,0.0,0.0,0.0,0.0,0.0,model1,15.0,False,1425.0
475,2015-03-02T14:00:00Z,49.0,164.73853390683362,427.20715864230414,102.06763776011124,40.28858248990097,16.05713537079927,38.05431573006157,9.006613958040159,5.382350905725693,0.0,0.0,0.0,0.0,0.0,model1,15.0,False,1428.0
476,2015-03-02T17:00:00Z,49.0,165.24505425987516,423.89465919417603,101.15740993215869,41.234766704606926,18.03829914705392,40.798058328001424,10.110380394682037,4.483000160033996,0.0,0.0,0.0,0.0,0.0,model1,15.0,False,1431.0
477,2015-03-02T20:00:00Z,49.0,165.271258958932,430.5123767176106,101.75297911123985,40.818422881448974,18.613856392254192,39.17943526879905,10.542056100899352,4.7312623515080805,0.0,0.0,0.0,0.0,0.0,model1,15.0,False,1434.0
478,2015-03-02T23:00:00Z,49.0,166.47747027735426,430.9178492419725,99.16686295244752,40.80034087452153,17.74427037841555,44.692177777433606,10.327236103694514,4.973581077467131,0.0,0.0,0.0,0.0,0.0,model1,15.0,False,1437.0
479,2015-03-03T02:00:00Z,49.0,167.59434388940588,432.0814283896178,100.28539475521532,40.68511518164792,16.907410367911744,46.931067492207575,10.978116076957042,4.747599314348268,0.0,0.0,0.0,0.0,0.0,model1,15.0,False,1440.0
480,2015-03-03T05:00:00Z,49.0,167.77218559575186,435.68023354819405,100.09353337852814,40.62624197300194,15.019556856873006,48.372315523529,11.440895818551235,5.323218355397653,0.0,0.0,0.0,0.0,0.0,model1,15.0,False,1443.0
481,2015-03-03T08:00:00Z,49.0,166.63217278813534,434.4935332875813,100.01698154069734,40.52552503891492,15.696008621667984,47.19020351806414,10.733567648655717,5.280107320716834,0.0,0.0,0.0,0.0,0.0,model1,15.0,False,1446.0
482,2015-03-03T11:00:00Z,49.0,167.22648776214763,431.41298137623744,100.02312110918078,40.73507661490999,16.621964379630462,50.14822398841876,11.238929167648832,5.020120794044809,0.0,0.0,0.0,0.0,0.0,model1,15.0,False,1449.0
483,2015-03-03T14:00:00Z,49.0,169.398997378741,434.0604775969688,98.83862626046104,41.347570127343296,15.571659907600152,49.686235061449295,11.345774670270664,4.923368465740782,0.0,0.0,0.0,0.0,0.0,model1,15.0,False,1452.0
484,2015-03-03T17:00:00Z,49.0,169.91385098371796,436.4293860016117,98.68911133165831,41.01302799360607,14.730720365716259,47.19042832665393,11.066642679335947,4.9010190490663685,0.0,0.0,0.0,0.0,0.0,model1,15.0,False,1455.0
485,2015-03-03T20:00:00Z,49.0,170.44429812916272,439.2472375696077,96.92147065004559,40.62503527727678,14.42959529890383,48.9705764746541,10.342938287606774,5.0362843323361295,0.0,0.0,0.0,0.0,0.0,model1,15.0,False,1458.0
486,2015-03-03T23:00:00Z,49.0,171.61701639893326,441.2632975984543,98.14784244626341,40.461857203320506,14.669578368216062,45.28866915572456,9.850438241822623,4.623328411322432,0.0,0.0,0.0,0.0,0.0,model1,15.0,False,1461.0
487,2015-03-04T02:00:00Z,49.0,172.40166300498896,441.1379139914021,98.59667543297951,40.771638221759964,15.477815543951142,43.11349234966068,9.569856964448547,4.674043454799098,0.0,0.0,0.0,0.0,0.0,model1,15.0,False,1464.0
488,2015-03-04T05:00:00Z,49.0,171.08602553034942,435.27504936323487,98.12680636227205,40.59139843638562,17.766223329269124,42.69102850269748,9.230300017150906,4.305870093922188,0.0,0.0,0.0,0.0,0.0,model1,15.0,False,1467.0
489,2015-03-04T08:00:00Z,49.0,170.60223040706958,438.9268413764818,98.30456007651442,40.23490896025789,17.637865292733824,43.24791445821091,9.288087613497176,4.594998997504232,0.0,0.0,0.0,0.0,0.0,model1,15.0,False,1470.0
490,2015-03-04T11:00:00Z,49.0,170.02250175049357,439.9264954944972,98.29378450588871,39.8687664271942,16.885273663957967,37.252143103448965,9.061739036540585,4.972413396921714,0.0,0.0,0.0,0.0,0.0,model1,15.0,False,1473.0
491,2015-03-04T14:00:00Z,49.0,168.37627988408894,444.97456182564963,98.29344636931464,39.83526144340887,16.53285438659495,39.81132174999299,8.090230507262763,4.940566704968293,0.0,0.0,0.0,0.0,0.0,model1,15.0,False,1476.0
492,2015-03-04T17:00:00Z,49.0,168.73634404385754,445.5433438307154,98.95105414931679,40.129427121258004,16.453319567301513,39.51137352585072,7.4563177776595655,4.9204150383950465,0.0,0.0,0.0,0.0,0.0,model1,15.0,False,1479.0
493,2015-03-04T20:00:00Z,49.0,167.6140112879595,443.27765096662284,100.21259886354231,40.96171981496631,16.160511424732775,47.55071454201561,7.679848500375116,4.5749790769315295,0.0,0.0,0.0,0.0,0.0,model1,15.0,False,1482.0
494,2015-03-04T23:00:00Z,49.0,168.6250840909085,442.5673929200095,99.00264491800392,40.58695145517967,16.0135232651709,46.578964327705634,8.141074792732674,4.4456416682015005,0.0,0.0,0.0,0.0,0.0,model1,15.0,False,1485.0
495,2015-03-05T02:00:00Z,49.0,167.71071522025474,444.3546015209152,98.18266652534487,40.502418724158105,15.030243560811082,48.489998012389314,7.626137728132408,5.30341282928402,0.0,0.0,0.0,0.0,0.0,model1,15.0,False,1488.0
496,2015-03-05T05:00:00Z,49.0,169.30477727605412,447.77224066136597,97.60202145858351,40.814594065186725,15.478175494059244,47.88027585781621,8.379882797130284,5.8776918718841635,0.0,0.0,0.0,0.0,0.0,model1,15.0,False,1491.0
497,2015-03-05T08:00:00Z,49.0,170.8796946206844,447.0844531969448,98.24463128474814,40.53356422200745,13.822220820115671,45.18839275033261,8.738247232527454,5.532272279953417,0.0,0.0,0.0,0.0,0.0,model1,15.0,False,1494.0
498,2015-03-05T11:00:00Z,49.0,172.45588621736576,456.28418004770464,99.48363054472817,40.25446543539235,14.243390249495866,48.6948806460581,8.866239904346852,5.606202576207459,0.0,0.0,0.0,0.0,0.0,model1,15.0,False,1497.0
499,2015-03-05T14:00:00Z,49.0,172.60510485485855,445.17103988036797,101.3020554050416,40.14828594281825,14.523503518931115,54.03400992168226,10.010202343270251,5.487548096294439,0.0,0.0,0.0,0.0,0.0,model1,15.0,False,1500.0
500,2015-03-05T17:00:00Z,49.0,171.4981618036033,447.03513371822197,102.27587516661215,40.52935106495568,15.430983449516544,52.23930217179932,9.873702637411697,5.604826247479193,0.0,0.0,0.0,0.0,0.0,model1,15.0,False,1503.0
501,2015-03-05T20:00:00Z,49.0,169.22861311911277,442.42723164532623,103.07106671843,40.16938584611475,17.19481526433972,53.149741067815796,9.950062045789489,5.514975324904125,0.0,0.0,0.0,0.0,0.0,model1,15.0,False,1506.0
502,2015-03-05T23:00:00Z,49.0,168.74845005691142,444.9479594918882,104.54494073334818,40.02760660389199,16.692889224129893,57.38685843779362,9.416460562583213,5.531600754157988,0.0,0.0,0.0,0.0,0.0,model1,15.0,False,1509.0
503,2015-03-06T02:00:00Z,49.0,168.26313171826024,438.85615677242737,105.17013797568504,39.56855285627011,18.02038765509584,58.0707928656625,8.881957460846534,4.908687200582317,0.0,0.0,0.0,0.0,0.0,model1,15.0,False,1512.0
504,2015-03-06T05:00:00Z,49.0,168.72185323460718,433.28051286847483,106.92209624547165,39.303143313836976,15.330205110310008,59.632067730481005,6.74282581420716,5.019467999411376,0.0,0.0,0.0,0.0,0.0,model1,15.0,False,1515.0
505,2015-03-06T08:00:00Z,49.0,168.59071707977876,433.2253577996593,105.11869380290577,39.39067959919392,16.768758709274554,60.87538902621478,8.2914157198541,4.933281814013123,0.0,0.0,0.0,0.0,0.0,model1,15.0,False,1518.0
506,2015-03-06T11:00:00Z,49.0,166.47729381992687,420.0216118115946,103.92040107708726,40.102206704054616,15.771453183170015,59.616045266920366,8.424087286470293,4.85655072177121,0.0,0.0,0.0,0.0,0.0,model1,15.0,False,1521.0
507,2015-03-06T14:00:00Z,49.0,165.85564266694158,432.95228588192384,103.66538266783311,40.48138278495082,15.34408886867202,61.37458099472286,8.365511604804713,5.234722968394861,0.0,0.0,0.0,0.0,0.0,model1,15.0,False,1524.0
508,2015-03-06T17:00:00Z,49.0,166.08077669346912,432.7379441983856,103.64890225710856,39.81556108362757,16.097415613966902,61.59477196896629,9.04195848491228,5.210063500527031,0.0,0.0,0.0,0.0,1.0,model1,15.0,False,1527.0
509,2015-03-06T20:00:00Z,49.0,167.99807349890304,430.52785892796373,103.25086951202715,39.71843337049425,15.467353870155025,56.0051841607251,8.865741571522204,5.634908092377576,0.0,0.0,0.0,0.0,1.0,model1,15.0,False,1530.0
510,2015-03-06T23:00:00Z,49.0,167.7709097043496,419.55450965822615,102.36006941308297,39.97183484776957,15.235848369486172,53.11406217809129,9.212580565285359,5.640298822966952,0.0,0.0,0.0,0.0,1.0,model1,15.0,False,1533.0
511,2015-03-07T02:00:00Z,49.0,169.55101277936984,429.4314276578434,102.32701654646529,39.46793815144552,14.320433259797941,61.432690162725535,9.364921301475835,6.0848803316412665,0.0,0.0,0.0,0.0,1.0,model1,15.0,False,1536.0
512,2015-03-07T05:00:00Z,49.0,169.84163517315432,433.703326698759,102.86342127365455,39.72520766182447,15.863112869221213,59.995814704885596,9.734641486607963,5.319420460616209,0.0,0.0,0.0,0.0,1.0,model1,15.0,False,1539.0
513,2015-03-07T08:00:00Z,49.0,169.92543903634433,436.0620030761866,103.11380537696638,39.80748862609462,16.33043227938798,58.510564488729926,9.457381063005974,5.889245858367636,0.0,0.0,0.0,0.0,1.0,model1,15.0,False,1542.0
514,2015-03-07T11:00:00Z,49.0,170.0180987700279,447.424505101686,102.75011325533777,39.062706432772416,16.324440598085474,51.14866538357954,9.688467797892493,5.934677369640754,0.0,0.0,0.0,0.0,1.0,model1,15.0,False,1545.0
515,2015-03-07T14:00:00Z,49.0,169.14511507163402,442.3546237076744,102.96067648402484,38.41312260818986,18.165846421172358,48.96490647653695,8.98516725030223,5.464420286630847,0.0,0.0,0.0,0.0,1.0,model1,15.0,False,1548.0
516,2015-03-07T17:00:00Z,49.0,169.32082866355282,451.8471097399951,102.18910303420314,39.111536332052545,15.952208829370205,57.48361990457799,8.660543884274446,5.693376556943294,0.0,0.0,0.0,0.0,0.0,model1,15.0,False,1551.0
517,2015-03-07T20:00:00Z,49.0,168.02583188233532,463.8461811723216,101.03524695175231,39.6204728948619,15.784033169279684,55.45401809870275,8.796478316418883,5.412402748781688,0.0,0.0,0.0,0.0,0.0,model1,15.0,False,1554.0
518,2015-03-07T23:00:00Z,49.0,169.60679548540932,468.2513857079352,101.15402263872608,39.51787508119186,16.77843123923807,50.473545390658025,8.618285988817544,5.780079669541715,0.0,0.0,0.0,0.0,0.0,model1,15.0,False,1557.0
519,2015-03-08T02:00:00Z,49.0,168.61719728215058,457.883161691445,100.07950627799916,40.62052305229221,16.233753813679936,47.47038877969994,8.251186526520378,5.240258797732113,0.0,0.0,0.0,0.0,0.0,model1,15.0,False,1560.0
520,2015-03-08T05:00:00Z,49.0,170.5814429980961,457.9089644286333,98.00795828371885,40.663347279728335,16.974114466816488,47.86420937665378,7.3265975094077085,5.124541367312505,0.0,0.0,0.0,0.0,1.0,model1,15.0,False,1563.0
521,2015-03-08T08:00:00Z,49.0,169.11475881536322,457.4104603828416,99.18531457448795,40.39198390552943,16.453905876109722,47.880853154139224,8.138877287849011,5.151464303853379,0.0,0.0,0.0,0.0,1.0,model1,15.0,False,1566.0
522,2015-03-08T11:00:00Z,49.0,169.99006446879787,457.71630108725617,99.09166181469635,40.66864176349424,16.800092470360912,50.15345907652841,8.448555355611946,4.689264223915809,0.0,0.0,0.0,0.0,1.0,model1,15.0,False,1569.0
523,2015-03-08T14:00:00Z,49.0,172.7412385469516,455.55477016006404,99.73344912600326,40.823457783625,15.051723986457072,52.84166910449749,9.480751890584472,4.919430170301276,0.0,0.0,0.0,0.0,1.0,model1,15.0,False,1572.0
524,2015-03-08T17:00:00Z,49.0,171.37927400339447,448.06407458181616,100.72420152702959,39.894998496611095,15.650107648863607,46.04583280355258,9.737120847823748,5.043716740104493,0.0,0.0,0.0,0.0,1.0,model1,15.0,False,1575.0
525,2015-03-08T20:00:00Z,49.0,174.18481794005254,441.2533868300159,101.0633697383917,39.72413721725981,15.69229874185441,41.08602695401113,10.984030237426676,5.083960397798724,0.0,0.0,0.0,0.0,1.0,model1,15.0,False,1578.0
526,2015-03-08T23:00:00Z,49.0,173.02577518518353,433.046525455868,100.85905830799842,39.99438184483797,15.379404731637988,44.691473727265,11.541461553299804,4.6206954025290665,0.0,0.0,0.0,0.0,1.0,model1,15.0,False,1581.0
527,2015-03-09T02:00:00Z,49.0,173.1933177732833,435.69322522462767,101.38421347390566,39.7840414776481,15.585236286236205,43.114852923636285,12.018581395560314,4.418418697062017,0.0,0.0,0.0,0.0,1.0,model1,15.0,False,1584.0
528,2015-03-09T05:00:00Z,49.0,169.43053900418218,437.3490085940755,101.65159363784616,39.55204057655512,15.894491059584857,43.52167385783471,11.686917633207596,4.479374717533697,0.0,0.0,0.0,0.0,0.0,model1,15.0,False,1587.0
529,2015-03-09T08:00:00Z,49.0,171.58791552909364,434.91915238918,100.44373009046906,40.062963462216075,14.248712617330645,43.85866488722441,11.549394747492562,3.8089284139890776,0.0,0.0,0.0,0.0,0.0,model1,15.0,False,1590.0
530,2015-03-09T11:00:00Z,49.0,170.7816883969123,435.7101893351982,101.46432714158556,39.935995621489376,14.092548002799663,49.455159994246465,11.338598973853953,3.792719268120485,0.0,0.0,0.0,0.0,0.0,model1,15.0,False,1593.0
531,2015-03-09T14:00:00Z,49.0,170.80390760778832,446.8331542929292,98.66391162093541,39.64972798325425,13.894887942322912,58.485885828996935,11.276652214562125,3.4753340317149743,0.0,0.0,0.0,0.0,0.0,model1,15.0,False,1596.0
532,2015-03-09T17:00:00Z,49.0,171.2058594735475,442.99192360567656,98.08079739961832,40.2346513184712,14.154812356589275,60.14187457146741,11.145151055063677,3.059971423393418,0.0,0.0,0.0,0.0,0.0,model1,15.0,False,1599.0
533,2015-03-09T20:00:00Z,49.0,171.07589639571242,444.33900389975463,98.35175788166686,39.182186716156146,12.895452211656703,62.36649467828802,9.794019890026142,4.014072719465455,0.0,0.0,0.0,0.0,0.0,model1,15.0,False,1602.0
534,2015-03-09T23:00:00Z,49.0,169.26387985018675,452.8281428467256,98.70448404260695,38.693464350026495,13.123732277205395,57.6229930599086,9.070062803209485,4.002353214531047,0.0,0.0,0.0,0.0,0.0,model1,15.0,False,1605.0
535,2015-03-10T02:00:00Z,49.0,170.202057471563,461.9137035337095,97.522316410463,37.88341218653912,13.351986161138749,59.153429006248324,9.645543027737787,4.227191467126245,0.0,0.0,0.0,0.0,0.0,model1,15.0,False,1608.0
536,2015-03-10T05:00:00Z,49.0,169.72376310506084,467.3210446666421,98.03441025630372,38.03696895402347,11.687206705686656,60.997242362361234,10.747792944409948,4.3720484991281525,0.0,0.0,0.0,0.0,0.0,model1,15.0,False,1611.0
537,2015-03-10T08:00:00Z,49.0,169.10246465002467,471.4829880186883,97.9722459002606,37.80783360451413,12.085106718419144,63.841592541085475,10.708039124487604,4.242735327963217,0.0,0.0,0.0,0.0,0.0,model1,15.0,False,1614.0
538,2015-03-10T11:00:00Z,49.0,167.55001150405712,459.8808905584682,97.21529872294123,37.54535586821907,13.270779953166,72.05379114312517,10.93261258343044,4.161051905605069,0.0,0.0,0.0,0.0,0.0,model1,15.0,False,1617.0
539,2015-03-10T14:00:00Z,49.0,167.6849587350409,448.8236924145584,97.8013925956066,37.48222481884758,13.478273437152405,65.15820790115666,10.348157268038312,4.368986680639504,0.0,0.0,0.0,0.0,0.0,model1,15.0,False,1620.0
540,2015-03-10T17:00:00Z,49.0,169.42387062659574,445.3639297046033,97.81188088388184,37.39884373092377,13.102083077601645,65.31009262584428,10.830550168193724,4.3339666967498145,0.0,0.0,0.0,0.0,0.0,model1,15.0,False,1623.0
541,2015-03-10T20:00:00Z,49.0,170.99610351978532,446.35009637446524,96.99983887782328,37.80155462683243,15.27513031262172,63.76644096057432,10.396183314088056,4.019716038498132,0.0,0.0,0.0,0.0,0.0,model1,15.0,False,1626.0
542,2015-03-10T23:00:00Z,49.0,173.98017187837684,452.4307480988832,96.42317637770486,37.77397898633925,17.70032798282079,66.27459050751696,10.16656386988124,3.994667533813789,0.0,0.0,0.0,0.0,0.0,model1,15.0,False,1629.0
543,2015-03-11T02:00:00Z,49.0,173.2455272122163,445.1689009279653,97.65204878474006,38.31936522474084,17.516782713614955,67.82998042698836,9.086084577943847,4.0035720569630735,0.0,0.0,0.0,0.0,0.0,model1,15.0,False,1632.0
544,2015-03-11T05:00:00Z,49.0,177.0403858228265,445.6586402709732,95.94653386930256,38.4395712469882,16.643907674029194,66.46091311704471,8.315870821933293,3.925200232670025,0.0,0.0,0.0,0.0,0.0,model1,15.0,False,1635.0
545,2015-03-11T08:00:00Z,49.0,177.17169134311914,446.4907385908889,97.46639390189912,38.43285989926615,16.384197217201848,61.738924077017906,8.989092891534812,3.845637149709789,0.0,0.0,0.0,0.0,0.0,model1,15.0,False,1638.0
546,2015-03-11T11:00:00Z,49.0,178.91110265701263,453.2238914968601,97.64065505399051,38.84620108310893,14.473393875056686,53.03645260960509,9.174992912607095,4.188929778319801,0.0,0.0,0.0,0.0,0.0,model1,15.0,False,1641.0
547,2015-03-11T14:00:00Z,49.0,179.61767155686542,454.1509254078333,98.05555397138659,38.275508952897226,14.48768122052818,54.16310158244952,8.73507410007258,4.609229712545416,0.0,0.0,0.0,0.0,0.0,model1,15.0,False,1644.0
548,2015-03-11T17:00:00Z,49.0,178.89833391522072,458.24855270984773,98.62903913878,38.304723329198225,15.233862475824676,54.258112401711124,8.227444756906616,4.592768397421715,0.0,0.0,0.0,0.0,0.0,model1,15.0,False,1647.0
549,2015-03-11T20:00:00Z,49.0,175.94139776608742,450.1435386361263,100.21040656996956,39.70912543162845,14.303072337981474,61.61836228865178,8.85664862063605,5.479791663488559,0.0,0.0,0.0,0.0,0.0,model1,15.0,False,1650.0
550,2015-03-11T23:00:00Z,49.0,173.61925929459989,446.4369157175848,101.83442287748801,41.11109040769061,11.095713743633572,61.819836958395726,9.159432138692695,6.154071510665197,0.0,0.0,0.0,0.0,0.0,model1,15.0,False,1653.0
551,2015-03-12T02:00:00Z,49.0,170.51045673468488,440.92770711641657,102.05178429215248,41.64450062111082,13.857531665137591,63.29398097007058,9.287361755954443,5.873142945896259,0.0,0.0,0.0,0.0,0.0,model1,15.0,False,1656.0
552,2015-03-12T05:00:00Z,49.0,168.6590387759353,436.7983123379237,102.91525593588389,41.73172943650164,12.857127399584455,60.691310861630036,8.136589881161388,5.9405949957320425,0.0,0.0,0.0,0.0,0.0,model1,15.0,False,1659.0
553,2015-03-12T08:00:00Z,49.0,169.12941160001708,437.97155004397234,103.04150243893116,41.95301396079734,12.886226111320589,62.2035044442701,9.729968838131835,6.098920610784013,0.0,0.0,0.0,0.0,0.0,model1,15.0,False,1662.0
554,2015-03-12T11:00:00Z,49.0,169.94054652738404,428.1641325803608,103.5053285553518,41.81486523948385,12.674488691025296,61.84994604873844,8.835290145328155,5.9695192170807525,0.0,0.0,0.0,0.0,0.0,model1,15.0,False,1665.0
555,2015-03-12T14:00:00Z,49.0,166.5037789270213,431.8908486680895,102.98991468911423,42.74618424031778,11.89546369390328,63.53097898536917,9.304641652363024,4.931933603543097,0.0,0.0,0.0,0.0,0.0,model1,15.0,False,1668.0
556,2015-03-12T17:00:00Z,49.0,166.4195302704567,428.67038006499007,102.2946831831414,42.68614466253732,11.231828873558277,61.28396962309486,9.191155068343473,5.2069134214768775,0.0,0.0,0.0,0.0,0.0,model1,15.0,False,1671.0
557,2015-03-12T20:00:00Z,49.0,167.31059599705785,433.20529671960264,98.86110959234637,41.37976895450194,12.305433038501082,58.369644613792296,11.07460598684363,5.3413058569149525,0.0,0.0,0.0,0.0,0.0,model1,15.0,False,1674.0
558,2015-03-12T23:00:00Z,49.0,166.84691757193488,433.7490160259362,97.19278978105864,40.72524607943957,12.518073775341447,54.872312140323174,10.980393310736575,4.603822049708786,0.0,0.0,0.0,0.0,0.0,model1,15.0,False,1677.0
559,2015-03-13T02:00:00Z,49.0,170.87593239703205,437.48102213692636,96.32721346659436,40.381285686718094,12.16267450364139,49.8640532976931,11.412534276950348,4.4450288954717205,0.0,0.0,0.0,0.0,0.0,model1,15.0,False,1680.0
560,2015-03-13T05:00:00Z,49.0,170.90600713982613,434.8825005235569,99.73802995733729,40.77666976444545,13.114073033330572,49.30567034303701,14.537640609716124,4.492145630320762,0.0,0.0,0.0,0.0,0.0,model1,15.0,False,1683.0
561,2015-03-13T08:00:00Z,49.0,167.49302430390864,429.71342754985886,101.76446761420507,39.99240818275738,15.580658281282167,48.52577119824746,16.04535178564135,4.854463870881409,0.0,0.0,0.0,0.0,0.0,model1,15.0,False,1686.0
562,2015-03-13T11:00:00Z,49.0,166.3864423530298,436.0519207814064,106.24089367656842,39.20718851318817,15.63378855890593,42.57457963516482,20.23610820784751,5.131578406795496,0.0,0.0,0.0,0.0,0.0,model1,15.0,False,1689.0
563,2015-03-13T14:00:00Z,49.0,167.60992156212657,436.982435512154,109.25525351291029,39.17582423073547,15.430588284141376,41.4331417416992,20.376750660917768,5.568831027408437,0.0,0.0,0.0,0.0,0.0,model1,15.0,False,1692.0
564,2015-03-13T17:00:00Z,49.0,166.45756618566054,440.1430455116905,112.11434969666814,38.820001337133974,15.423612491480224,39.02156355352467,20.82344437787268,5.44356972841491,0.0,0.0,0.0,0.0,0.0,model1,15.0,False,1695.0
565,2015-03-13T20:00:00Z,49.0,164.3286035038556,441.8011360350723,117.90440303272246,38.709088951468246,14.785758098815535,36.80666895074955,17.797413498888215,5.078822516272494,0.0,0.0,0.0,0.0,0.0,model1,15.0,False,1698.0
566,2015-03-13T23:00:00Z,49.0,166.45520014158873,438.88801593880515,121.77548192522178,38.114237974072424,16.35572156275303,35.30774294625236,14.938485420987599,4.749717817145137,0.0,0.0,0.0,0.0,0.0,model1,15.0,False,1701.0
567,2015-03-14T02:00:00Z,49.0,165.38280622541686,441.7648645686209,124.83112510952385,38.51801314051977,14.878939197219708,38.822296551805344,10.952958347728806,5.153051879197856,0.0,0.0,0.0,0.0,0.0,model1,15.0,False,1704.0
568,2015-03-14T05:00:00Z,49.0,164.7454575022199,444.1025684122234,126.9961634454532,37.835899460920466,14.100659462707801,39.11994186880211,11.872875781950588,4.664508635733334,0.0,0.0,0.0,0.0,0.0,model1,15.0,False,1707.0
569,2015-03-14T08:00:00Z,49.0,167.63182927026028,445.81357934022265,131.06559634927328,38.04994443658326,12.2512166221325,37.406800062566056,14.631384417196152,4.650450298334482,0.0,0.0,0.0,0.0,0.0,model1,15.0,False,1710.0
570,2015-03-14T11:00:00Z,49.0,168.22864561847024,444.3658184567932,132.0502596535264,38.44318683116089,11.79126220895908,38.95792258124153,15.35567730814385,4.981144311592662,0.0,0.0,0.0,0.0,0.0,model1,15.0,False,1713.0
571,2015-03-14T14:00:00Z,49.0,168.49574962197858,443.1119879199103,136.89670279208167,38.71407693117429,11.740780020813313,39.21792049183343,16.941192407208558,5.580484695851,0.0,0.0,0.0,0.0,0.0,model1,15.0,False,1716.0
572,2015-03-14T17:00:00Z,49.0,168.32263719537502,447.91680090185685,139.42258696456534,39.23455641315099,12.737184163808632,39.996071519912896,15.322808591410682,5.7383529462302025,0.0,0.0,0.0,0.0,0.0,model1,15.0,False,1719.0
573,2015-03-14T20:00:00Z,49.0,169.8767875869991,449.40595853924003,140.88415428522643,39.323882970192855,12.504082121447091,38.83984750725598,14.537137990703258,5.874622434348785,0.0,0.0,1.0,0.0,0.0,model1,15.0,False,1722.0
574,2015-03-14T23:00:00Z,49.0,169.35536746139204,449.8716267181072,142.5863365719346,39.20211253346928,11.786187077619546,37.87238182006945,13.19659722394012,6.017145263889828,0.0,0.0,1.0,0.0,0.0,model1,15.0,False,1725.0
575,2015-03-15T02:00:00Z,49.0,168.59038606785901,449.85979837302574,146.2892420561758,38.91236631590176,11.846474173784687,31.379718498261038,11.5414972212996,5.8871844649090574,0.0,0.0,1.0,0.0,0.0,model1,15.0,False,1728.0
576,2015-03-15T05:00:00Z,49.0,168.8355668731326,453.8852164021962,146.07886297077317,39.81827778980623,11.001212618928687,35.57997386808124,14.169898901288304,6.241922123219986,0.0,0.0,1.0,0.0,0.0,model1,15.0,False,1731.0
577,2015-03-15T08:00:00Z,49.0,169.79391112978118,456.5013909854372,142.15457239435455,39.790614629135156,11.238829735451882,34.73934215214585,16.065189963832776,6.016225466852263,0.0,0.0,1.0,1.0,0.0,model1,15.0,True,1734.0
578,2015-03-15T11:00:00Z,49.0,169.0282328247571,459.3456505131318,139.71412996281518,40.59570448159297,11.307395291703525,31.8768243950453,16.761364780613285,5.7249122932920375,0.0,0.0,1.0,1.0,0.0,model1,15.0,True,1737.0
579,2015-03-15T14:00:00Z,49.0,172.5207867387027,459.29373731630494,136.51688495160872,40.152828634552066,16.784865646359922,29.827419990427146,14.849921648184392,4.730097041744505,0.0,0.0,1.0,1.0,0.0,model1,15.0,True,1740.0
580,2015-03-15T17:00:00Z,49.0,172.83722850297215,452.1645261086239,134.68602162876604,39.869609279552066,16.909690007935936,36.14541264112023,15.337056852344089,4.43269078049094,0.0,0.0,1.0,1.0,0.0,model1,15.0,True,1743.0
581,2015-03-15T20:00:00Z,49.0,173.91388244634925,458.8253038258384,132.19125667137496,39.969023649651724,19.12501840984521,41.7072796972244,16.272805403022634,4.242679579300823,0.0,0.0,0.0,1.0,0.0,model1,15.0,True,1746.0
582,2015-03-15T23:00:00Z,49.0,172.98707258294223,467.4497381121522,130.85443551162987,40.142511229987065,18.83114863532191,45.77396478670164,16.177392792318766,4.134261182756052,0.0,0.0,0.0,1.0,0.0,model1,15.0,True,1749.0
583,2015-03-16T02:00:00Z,49.0,170.57276879128898,461.898287860748,127.80191727114081,39.5505494871021,21.087930675642614,51.276768165077115,13.228044246773006,4.226760171889156,0.0,0.0,0.0,1.0,0.0,model1,15.0,True,1752.0
584,2015-03-16T05:00:00Z,49.0,170.08730744556792,450.5981841010093,126.55135431090046,38.75939105293834,21.263104006470748,52.36166843434534,9.907822864480693,3.7284051949969856,0.0,0.0,0.0,1.0,0.0,model1,15.0,True,1755.0
585,2015-03-16T08:00:00Z,49.0,168.81937146589755,446.9869845250348,124.8755785302211,39.02204204116189,21.41112506580257,52.523594219836376,11.236692891564623,3.7928244794743367,0.0,0.0,0.0,0.0,0.0,model1,15.0,False,1758.0
586,2015-03-16T11:00:00Z,49.0,169.6406578631767,452.1792070557222,121.16107014410622,38.553967100311816,21.794302253648013,53.03796870635066,15.381886919441293,3.7119267092003168,0.0,0.0,0.0,0.0,0.0,model1,15.0,False,1761.0
587,2015-03-16T14:00:00Z,49.0,168.4234157356934,447.5126160371672,117.20575526045864,38.95120622066086,18.62042257501017,53.69481947396451,16.484210248327145,3.798344066011852,0.0,0.0,0.0,0.0,0.0,model1,15.0,False,1764.0
588,2015-03-16T17:00:00Z,49.0,168.92133318348445,451.24559955515775,113.578858873138,38.98969411566245,17.807162449747334,50.83150553876748,16.69596390698649,4.402242520363976,0.0,0.0,0.0,0.0,0.0,model1,15.0,False,1767.0
589,2015-03-16T20:00:00Z,49.0,166.61969532528568,447.37051033655206,110.95077547183618,39.59841655210568,15.27143077399517,46.722109776833754,16.976745898899278,4.338733957576447,0.0,0.0,0.0,0.0,0.0,model1,15.0,False,1770.0
590,2015-03-16T23:00:00Z,49.0,167.42279279595968,438.7194410513931,108.53175831891208,40.37778979221749,15.56034826092659,40.734457357330726,15.517251285003992,4.759456950627553,0.0,0.0,0.0,0.0,0.0,model1,15.0,False,1773.0
591,2015-03-17T02:00:00Z,49.0,168.57199949451882,444.90879091630114,104.38232992390026,41.230082781550585,13.744607524532073,38.796659718609035,14.510401373831387,5.052297060230186,0.0,0.0,0.0,0.0,0.0,model1,15.0,False,1776.0
592,2015-03-17T05:00:00Z,49.0,169.11949548883547,452.068531394189,99.88487054136827,41.205624958987215,13.646658426980153,42.32971855472193,11.574184062788772,5.146409556871513,0.0,0.0,0.0,0.0,0.0,model1,15.0,False,1779.0
593,2015-03-17T08:00:00Z,49.0,168.07147952334418,451.6495984493741,99.12839395681068,41.21967652219851,13.535668398157231,43.73829956510252,10.172072437860024,5.200772323682107,0.0,0.0,0.0,0.0,0.0,model1,15.0,False,1782.0
594,2015-03-17T11:00:00Z,49.0,167.47254837587406,451.3557498472533,99.56229145258892,41.70590577449678,14.29626678870672,42.8971148511971,9.040002037284195,4.7714717773031605,0.0,0.0,0.0,0.0,0.0,model1,15.0,False,1785.0
595,2015-03-17T14:00:00Z,49.0,164.46479848677646,451.9927059380612,99.87466576209756,41.40297507753874,13.930216526266825,52.62614810957776,8.41953340678323,4.916935828522575,0.0,0.0,0.0,0.0,0.0,model1,15.0,False,1788.0
596,2015-03-17T17:00:00Z,49.0,166.53523247530654,453.7756227422623,101.1200482166996,41.26965787344768,16.1548660942202,52.03968206445181,9.496109588481444,4.5329533180075385,0.0,0.0,0.0,0.0,0.0,model1,15.0,False,1791.0
597,2015-03-17T20:00:00Z,49.0,168.44775118393602,451.3629289656762,101.83937723439348,41.059032012072464,16.21728004698411,56.63805566654241,10.468209250835915,4.595991695563481,0.0,0.0,0.0,0.0,0.0,model1,15.0,False,1794.0
598,2015-03-17T23:00:00Z,49.0,166.80380741871613,458.41831030425317,101.34243074729766,39.95866462383581,17.867277859642943,58.35687081455281,10.359755540043057,4.438439978401648,0.0,0.0,0.0,0.0,0.0,model1,15.0,False,1797.0
599,2015-03-18T02:00:00Z,49.0,168.67717731206483,456.2918189888131,101.7976178442466,38.8701125324989,18.507380010843306,58.607801416945286,10.223956772331675,4.064336554702559,0.0,0.0,0.0,0.0,0.0,model1,15.0,False,1800.0
600,2015-03-18T05:00:00Z,49.0,169.49471876902226,456.0434998402349,103.40465519297085,39.36218630865008,20.072203996815187,54.03351372419444,9.076215326127262,4.96028887088496,0.0,0.0,0.0,0.0,0.0,model1,15.0,False,1803.0
601,2015-03-18T08:00:00Z,49.0,171.20748512603475,450.2002292514591,102.7658434582793,40.05566153149722,19.84597371371964,58.40212945221028,8.991449561293637,5.144477202907672,0.0,0.0,0.0,0.0,0.0,model1,15.0,False,1806.0
602,2015-03-18T11:00:00Z,49.0,172.32405396990697,450.65945983088824,102.71345497385643,39.586068540572406,19.63821541192529,60.2472715221716,9.265941672896117,5.057321962713897,0.0,0.0,0.0,0.0,0.0,model1,15.0,False,1809.0
603,2015-03-18T14:00:00Z,49.0,173.11367175654416,452.96061641071884,102.81258825309204,40.043205996047135,17.996800695368744,52.16047262285881,9.224322168782358,5.4231259200063935,0.0,0.0,0.0,0.0,0.0,model1,15.0,False,1812.0
604,2015-03-18T17:00:00Z,49.0,172.85159136971134,455.0211043629108,102.59157007333368,40.15162209760137,16.797638979231902,52.641082210182994,8.399548993914706,5.357861931397004,0.0,0.0,1.0,0.0,0.0,model1,15.0,False,1815.0
605,2015-03-18T20:00:00Z,49.0,174.36408615519244,451.82777190125967,100.97502967026121,40.16499069637247,16.89902470288352,47.87907948655325,8.015564818687606,5.416112194073908,0.0,0.0,1.0,0.0,0.0,model1,15.0,False,1818.0
606,2015-03-18T23:00:00Z,49.0,177.1593569432891,440.9182464614009,100.51192868254108,40.57663685845272,14.080659449349925,43.31189058142165,8.387828666499264,5.368774451203522,0.0,0.0,1.0,0.0,0.0,model1,15.0,False,1821.0
607,2015-03-19T02:00:00Z,49.0,178.10733726169406,438.1358795157012,101.17229907954143,40.76877038390559,12.062635193983517,45.23418255733976,9.139016550454855,5.078347105444007,0.0,0.0,1.0,0.0,0.0,model1,15.0,False,1824.0
608,2015-03-19T05:00:00Z,49.0,177.19517657485653,441.73860178954163,100.70795938074438,40.31829402158628,10.427870831583457,50.9316911663721,9.469846944656043,4.628713323098041,0.0,0.0,1.0,0.0,0.0,model1,15.0,False,1827.0
609,2015-03-19T08:00:00Z,49.0,177.93762228356024,451.1333482552398,100.58272081276138,39.734610605978474,9.751165152259473,47.3870634949505,9.841007880692144,4.310203448826695,0.0,0.0,1.0,0.0,0.0,model1,15.0,False,1830.0
610,2015-03-19T11:00:00Z,49.0,177.7128447352685,447.94238428654336,100.33134095214012,39.341657393923775,9.45129076376288,43.980461390922976,9.877480685657623,4.437278882434634,0.0,0.0,1.0,0.0,0.0,model1,15.0,False,1833.0
611,2015-03-19T14:00:00Z,49.0,176.32627234264316,444.2913599288425,99.55454705762766,38.71020513132814,11.035753502354147,46.7487510471866,9.360799905417748,3.9580658419767074,0.0,0.0,1.0,0.0,0.0,model1,15.0,False,1836.0
612,2015-03-19T17:00:00Z,49.0,173.69794434604518,435.23567211205636,99.18682531209177,38.92181082932935,13.520295244592564,47.39020864327547,9.02015464697464,4.177016693280517,0.0,0.0,0.0,0.0,0.0,model1,15.0,False,1839.0
613,2015-03-19T20:00:00Z,49.0,171.84326573610417,433.41211888648337,100.05207346577549,38.824404051724365,12.882345204399051,48.50069338314802,8.495312496770861,4.084160840657388,0.0,0.0,0.0,0.0,0.0,model1,15.0,False,1842.0
614,2015-03-19T23:00:00Z,49.0,169.170396982019,443.5838716950785,98.94446654956856,38.72966827869293,12.447797239277852,51.70082451732403,8.572907052102929,3.813511646667573,0.0,0.0,0.0,0.0,0.0,model1,15.0,False,1845.0
615,2015-03-20T02:00:00Z,49.0,166.67217079088962,451.1602957116295,97.51084600423931,39.29187006611258,12.443388903035302,50.266278699519326,8.931496883747101,3.8917808165178474,0.0,0.0,0.0,0.0,0.0,model1,15.0,False,1848.0
616,2015-03-20T05:00:00Z,49.0,166.43170040497293,447.3083827584217,97.0385158189314,39.21220464344805,12.460867946319413,44.695206361974115,9.141687542172992,3.493202499645855,0.0,0.0,0.0,0.0,0.0,model1,15.0,False,1851.0
617,2015-03-20T08:00:00Z,49.0,165.39355632794255,446.41902802418815,96.89633668941912,38.948131680821454,12.591693161168108,41.23303422884333,9.099409712619773,3.514394647064804,0.0,0.0,0.0,0.0,0.0,model1,15.0,False,1854.0
618,2015-03-20T11:00:00Z,49.0,165.55277407619909,442.68035788734716,98.30185585070629,39.36056827900026,11.66449876199847,43.40131706308112,10.835582296396474,3.4667146448222077,0.0,0.0,0.0,0.0,0.0,model1,15.0,False,1857.0
619,2015-03-20T14:00:00Z,49.0,167.11236761613313,442.5350313997448,98.17013583765278,39.57708026950143,11.919332991183975,41.494041457419975,11.664901422368288,3.931379543617041,0.0,0.0,0.0,0.0,0.0,model1,15.0,False,1860.0
620,2015-03-20T17:00:00Z,49.0,168.92728690778245,447.07201152997163,96.56305938770346,39.13537045996981,10.261589284104188,37.2348742943467,11.665270373169653,4.572688229972607,0.0,0.0,0.0,0.0,0.0,model1,15.0,False,1863.0
621,2015-03-20T20:00:00Z,49.0,168.91947778558753,447.4786962432306,96.59378455138572,39.95116821129319,10.542939133803404,38.931127969225656,12.026944603829785,5.212466333704457,0.0,0.0,0.0,0.0,0.0,model1,15.0,False,1866.0
622,2015-03-20T23:00:00Z,49.0,168.71398347812334,446.182688087396,97.41173826303896,40.030326108595375,11.190221093178511,40.46500449950489,12.081389011634213,5.352970198278316,0.0,0.0,0.0,0.0,0.0,model1,15.0,False,1869.0
623,2015-03-21T02:00:00Z,49.0,169.76925029360325,442.58991920805437,99.05132999507477,39.98733087604353,10.603442940759745,41.13036138894589,11.020286676705313,5.302252002994998,0.0,0.0,0.0,0.0,0.0,model1,15.0,False,1872.0
624,2015-03-21T05:00:00Z,49.0,170.65811605012172,444.6567235562405,99.48722456340984,40.97134767500226,10.544972176792669,44.04768715156706,10.754733376175388,5.650084202621311,0.0,0.0,0.0,0.0,0.0,model1,15.0,False,1875.0
625,2015-03-21T08:00:00Z,49.0,171.10460243505008,441.9954648524784,99.79035453747521,41.66404443720966,9.660522514397435,49.81545455269114,10.504584650667836,5.583248548504722,0.0,0.0,0.0,0.0,0.0,model1,15.0,False,1878.0
626,2015-03-21T11:00:00Z,49.0,171.56461065601576,445.2335612775464,99.31113159920041,41.45566035945666,10.918145454304415,48.67971677965304,9.024456725716819,5.9073550160251065,0.0,0.0,0.0,0.0,0.0,model1,15.0,False,1881.0
627,2015-03-21T14:00:00Z,49.0,171.94090379089988,447.8117834236062,99.57829060907262,41.37016670459808,10.902043894990282,47.28000086228267,8.01816804901479,5.6417872441673,0.0,0.0,0.0,0.0,0.0,model1,15.0,False,1884.0
628,2015-03-21T17:00:00Z,49.0,170.76432765783338,456.33073909537126,100.4138835264072,41.014688483551325,11.00031407824149,51.299127055447855,7.9043352291468825,5.3861545882264075,0.0,0.0,0.0,0.0,0.0,model1,15.0,False,1887.0
629,2015-03-21T20:00:00Z,49.0,170.70889935198113,462.41768570505303,100.08055967691358,40.177342180437606,10.626243872687652,47.2759575668884,7.653609716466647,4.905268262262972,0.0,0.0,0.0,0.0,0.0,model1,15.0,False,1890.0
630,2015-03-21T23:00:00Z,49.0,171.95446790279289,454.95897213751135,100.29865862416142,40.320486304332654,10.090717313130424,44.808476828728324,7.887016918645762,4.995893102472103,0.0,0.0,0.0,0.0,0.0,model1,15.0,False,1893.0
631,2015-03-22T02:00:00Z,49.0,173.82305478046538,455.94070478278365,100.16460729303438,40.30372017285391,10.465206903712874,44.21782351322061,8.173460360420227,4.969745177326868,0.0,0.0,0.0,0.0,0.0,model1,15.0,False,1896.0
632,2015-03-22T05:00:00Z,49.0,173.056557776748,442.6962168098018,99.97803825262268,39.543407113172826,10.152759768910071,56.23458645914221,8.090694661971376,4.35317399321789,0.0,0.0,0.0,0.0,0.0,model1,15.0,False,1899.0
633,2015-03-22T08:00:00Z,49.0,169.62978010469376,447.4233264816749,99.52446684778124,39.1526992210945,13.956119648835768,53.82522668415037,7.886037000219147,4.118626804632551,0.0,0.0,0.0,0.0,0.0,model1,15.0,False,1902.0
634,2015-03-22T11:00:00Z,49.0,168.62351073319417,446.9488906798197,97.8575046655086,38.810090696561005,12.738895008021018,53.940892119897356,7.737017889429357,4.886595356642693,0.0,0.0,0.0,0.0,0.0,model1,15.0,False,1905.0
635,2015-03-22T14:00:00Z,49.0,166.4132396951021,444.50906175103677,98.08608697766184,38.33558675085619,13.536476125587342,55.36547356406938,7.931793485184617,4.920511352087719,0.0,0.0,0.0,0.0,0.0,model1,15.0,False,1908.0
636,2015-03-22T17:00:00Z,49.0,166.25197900225797,431.70205874192163,97.58044202049084,38.88460242113325,13.808525108438651,51.62060389962802,7.990694282714616,4.702187827540484,0.0,0.0,0.0,0.0,0.0,model1,15.0,False,1911.0
637,2015-03-22T20:00:00Z,49.0,165.35178937406098,430.7739010372426,97.96799981508906,39.128507397890274,13.554940852895815,51.162421495001276,7.502821155812002,5.0669872021505995,0.0,0.0,0.0,0.0,0.0,model1,15.0,False,1914.0
638,2015-03-22T23:00:00Z,49.0,165.13800337934626,439.66135715841926,97.91761977062464,39.420198653507065,13.005915731805342,59.81502242247674,6.916577859054216,5.051344185138023,0.0,0.0,0.0,0.0,0.0,model1,15.0,False,1917.0
639,2015-03-23T02:00:00Z,49.0,164.07177138441455,440.51234737073935,99.37412752542463,39.49959648586564,11.593199360175367,58.45648895348327,9.185287065215547,5.194477966609655,0.0,0.0,0.0,0.0,0.0,model1,15.0,False,1920.0
640,2015-03-23T05:00:00Z,49.0,163.73913537640271,452.7222433730146,99.46570043670307,39.71923689814411,11.60489978004876,48.62388001738381,9.295687928832717,5.298620914529367,0.0,0.0,0.0,0.0,0.0,model1,15.0,False,1923.0
641,2015-03-23T08:00:00Z,49.0,166.5725524112332,444.9221655606948,99.90003699745769,39.65027435305397,9.6236848861687,48.6809439280069,9.339552938738377,5.19017456308023,0.0,0.0,0.0,0.0,0.0,model1,15.0,False,1926.0
642,2015-03-23T11:00:00Z,49.0,167.46426440856183,449.6511934547654,99.83493045652405,39.7734043619699,10.31166798604226,58.06127742997138,9.727145231570363,4.446602953624328,0.0,0.0,0.0,0.0,0.0,model1,15.0,False,1929.0
643,2015-03-23T14:00:00Z,49.0,169.4862250447494,451.7474405369138,98.37350001761885,39.38730266752414,8.651561036552879,56.832781893354685,10.449325329627547,5.090066730206638,0.0,0.0,0.0,0.0,0.0,model1,15.0,False,1932.0
644,2015-03-23T17:00:00Z,49.0,170.17147249829347,460.2261002424905,99.06262256802536,39.41184010061345,10.528764453190878,53.1798135941773,11.053130528347724,5.292183765062711,0.0,0.0,0.0,0.0,0.0,model1,15.0,False,1935.0
645,2015-03-23T20:00:00Z,49.0,169.34493089413928,452.4370328435562,98.1065218357633,39.7308953275263,11.223585873276646,60.70751024288344,11.611966915956836,5.252294291962155,0.0,0.0,0.0,0.0,0.0,model1,15.0,False,1938.0
646,2015-03-23T23:00:00Z,49.0,169.14462862783557,451.8204157181807,98.34701289248969,39.02234634649763,11.340703559464107,58.469046391536466,11.475118473165564,5.654757168339804,0.0,0.0,0.0,0.0,0.0,model1,15.0,False,1941.0
647,2015-03-24T02:00:00Z,49.0,168.70829147838919,451.8276992370456,95.37947161846891,38.41769566619256,11.213105811084175,58.82102477976347,9.418671227637457,5.579608023248186,0.0,0.0,0.0,0.0,0.0,model1,15.0,False,1944.0
648,2015-03-24T05:00:00Z,49.0,169.7015724841991,450.334968385566,95.1458518901391,38.53695788995397,11.16016737269357,57.828900440815715,8.991118834169422,5.566665628367597,0.0,0.0,0.0,0.0,0.0,model1,15.0,False,1947.0
649,2015-03-24T08:00:00Z,49.0,169.28583751744216,450.1538708210209,95.05464627824207,38.789029369914985,10.403058995285773,58.15840782099859,9.41999070430765,5.714166327988086,0.0,0.0,0.0,0.0,0.0,model1,15.0,False,1950.0
650,2015-03-24T11:00:00Z,49.0,169.27219666113882,443.8367432346335,96.30620815223764,39.22581251101367,10.483340995792677,49.00119199027849,9.634333393973913,5.4908236023913375,0.0,0.0,0.0,0.0,0.0,model1,15.0,False,1953.0
651,2015-03-24T14:00:00Z,49.0,169.96176187472818,442.401634330516,97.21768044221312,40.463600397996295,11.203168120483324,49.829809136974106,9.130999798157502,4.723076536637486,0.0,0.0,0.0,0.0,0.0,model1,15.0,False,1956.0
652,2015-03-24T17:00:00Z,49.0,169.70416618298745,438.9772322825178,96.98500583355248,40.64558072529668,9.47994844083158,48.5125627133537,8.101117381927121,4.908125428502348,0.0,0.0,0.0,0.0,0.0,model1,15.0,False,1959.0
653,2015-03-24T20:00:00Z,49.0,172.03517508009313,445.76073775505995,98.84965194934219,40.047999224906285,8.277590484088178,40.98773311492332,8.530300755796533,4.9838503454187535,1.0,0.0,0.0,0.0,0.0,model1,15.0,False,1962.0
654,2015-03-24T23:00:00Z,49.0,171.71337469485576,446.0390813385308,97.80180943790477,40.275614224040055,9.732767959694325,37.87452106183051,8.805892707188768,4.174462756710039,1.0,0.0,0.0,0.0,0.0,model1,15.0,False,1965.0
655,2015-03-25T02:00:00Z,49.0,170.96346090489848,444.3868340140445,98.07922164346412,40.79488297875498,10.371950491178517,42.39175089437823,8.499648407760347,4.231544537497461,1.0,0.0,0.0,0.0,0.0,model1,15.0,False,1968.0
656,2015-03-25T05:00:00Z,49.0,171.30200581066532,443.83485306527723,97.88164856441769,40.6017337286911,10.35744958359397,40.75103566154528,8.708546250093926,4.48786208778492,1.0,0.0,0.0,0.0,0.0,model1,15.0,False,1971.0
657,2015-03-25T08:00:00Z,49.0,170.69709883150077,453.77046580951117,97.61591026935513,40.40560579530735,12.500594802101553,38.65784538469171,8.143097684617079,4.447033024583407,1.0,0.0,0.0,0.0,0.0,model1,15.0,False,1974.0
658,2015-03-25T11:00:00Z,49.0,170.45810680467662,455.68838579908936,98.0603255221084,40.85622930496767,12.680602786389258,37.65100966886189,7.866219654286482,4.908333560488707,1.0,0.0,0.0,0.0,0.0,model1,15.0,False,1977.0
659,2015-03-25T14:00:00Z,49.0,168.99005413164969,462.81705789634947,96.76517717703959,40.7479353197901,12.388332177218954,40.37396467298123,8.676795266039434,5.305276508894718,1.0,0.0,0.0,0.0,0.0,model1,15.0,False,1980.0
660,2015-03-25T17:00:00Z,49.0,168.92527684260784,459.95446070110114,97.18553112558762,41.538245484555006,12.276334473817727,49.39157217067061,8.409424996512447,6.3567620479943585,1.0,0.0,0.0,0.0,0.0,model1,15.0,False,1983.0
661,2015-03-25T20:00:00Z,49.0,166.6212785911728,451.8796609414881,96.95025058355357,41.48944650268731,12.790765641137176,54.050176331754294,8.07926311541944,6.16347039778515,0.0,0.0,0.0,0.0,0.0,model1,15.0,False,1986.0
662,2015-03-25T23:00:00Z,49.0,167.33490716501228,444.5070965160083,97.11842794952116,41.55024549804424,14.104749845136563,52.66390931745042,7.821029117091467,6.2255912458955125,1.0,0.0,0.0,0.0,0.0,model1,15.0,False,1989.0
663,2015-03-26T02:00:00Z,49.0,168.28950582687548,446.17942073549216,98.26156423798409,41.748681920446,14.67375131099619,52.52959145040574,8.499237348497909,5.971704786751041,1.0,0.0,0.0,0.0,0.0,model1,15.0,False,1992.0
664,2015-03-26T05:00:00Z,49.0,168.3527132624315,443.8700939713865,98.93132454230772,41.58439927898376,14.913061274424605,59.85596831865448,8.309351250234355,5.918757507193075,1.0,0.0,0.0,0.0,0.0,model1,15.0,False,1995.0
665,2015-03-26T08:00:00Z,49.0,168.1165760416949,443.0664101790401,98.21676577950998,41.75261734562442,14.310694718548405,59.69961329090235,9.25754927481316,6.4152584139133975,1.0,0.0,0.0,0.0,0.0,model1,15.0,False,1998.0
666,2015-03-26T11:00:00Z,49.0,167.50305642176778,444.9782543940893,97.11654505412399,41.26272306513736,13.9810251489056,59.79876503232912,10.058116588745802,6.2252132506282445,1.0,0.0,0.0,0.0,0.0,model1,15.0,False,2001.0
667,2015-03-26T14:00:00Z,49.0,168.47948491065833,442.8562546775505,98.35770820432265,41.525394773494455,13.99336544965625,63.36741581834871,8.898635081423661,5.8183966684981385,1.0,0.0,0.0,0.0,0.0,model1,15.0,False,2004.0
668,2015-03-26T17:00:00Z,49.0,169.0306592824604,441.21931409837794,98.90069617284924,40.94520767860347,13.957477398216,65.16535877233564,9.226143144291457,4.6445261931012025,1.0,0.0,0.0,0.0,0.0,model1,15.0,False,2007.0
669,2015-03-26T20:00:00Z,49.0,170.1098032013195,443.67099851669883,97.74654631678995,41.12378225808013,14.907668745524713,64.62842979493608,10.167306879672475,4.7488650743311736,1.0,0.0,0.0,0.0,0.0,model1,15.0,False,2010.0
670,2015-03-26T23:00:00Z,49.0,170.45747211221774,444.7872073905494,99.64778531541168,41.301831349666735,12.815937705208304,65.12228094715529,11.021373643525347,4.905326978981806,0.0,0.0,0.0,0.0,0.0,model1,15.0,False,2013.0
671,2015-03-27T02:00:00Z,49.0,169.5839742399741,436.53504078087167,100.13967816115765,41.02230000340653,13.030996394829161,63.80799893825026,10.595103918527236,5.048089247460254,0.0,0.0,0.0,0.0,0.0,model1,15.0,False,2016.0
672,2015-03-27T05:00:00Z,49.0,170.02056990099433,439.62226568517167,99.38589006903187,40.92783289962257,15.88145751411315,57.405284512556015,10.888019416577102,5.068543226294015,0.0,0.0,0.0,0.0,0.0,model1,15.0,False,2019.0
673,2015-03-27T08:00:00Z,49.0,170.60283254255026,429.47015707133295,99.81646923672787,40.80395521159353,15.12125501424642,59.30752598149248,10.023123226602213,4.674481869997597,0.0,0.0,0.0,0.0,0.0,model1,15.0,False,2022.0
674,2015-03-27T11:00:00Z,49.0,170.04155236289543,435.0482836184622,100.28123138179564,40.44954168633304,15.071108615772314,65.33659816256925,10.994014667119377,5.430386771564826,0.0,0.0,0.0,0.0,0.0,model1,15.0,False,2025.0
675,2015-03-27T14:00:00Z,49.0,168.59186384253755,436.1016258700545,100.47536765227196,39.7661193968556,16.083975476542932,60.26454253206578,11.144928363839302,5.85406914721129,0.0,0.0,0.0,0.0,0.0,model1,15.0,False,2028.0
676,2015-03-27T17:00:00Z,49.0,168.41606514972082,443.00346873836855,99.23693105803459,39.10439990221167,16.385528357256934,52.72671260723853,11.255961097046313,5.856992294928046,0.0,0.0,0.0,0.0,0.0,model1,15.0,False,2031.0
677,2015-03-27T20:00:00Z,49.0,168.55853208267496,451.91475868763865,101.28863782314336,39.591469929195256,14.654000922802858,51.222392351763496,10.561084494482053,6.142162108319068,0.0,0.0,0.0,0.0,0.0,model1,15.0,False,2034.0
678,2015-03-27T23:00:00Z,49.0,167.63722590493117,452.73386378711484,100.20115345877967,39.742261216970704,14.404344575019138,52.200992052406576,10.234516250322867,5.982037206641759,0.0,0.0,0.0,0.0,0.0,model1,15.0,False,2037.0
679,2015-03-28T02:00:00Z,49.0,169.62727738677972,462.7904499752886,99.063961011065,40.77665298245547,14.43521083485857,49.00885355646954,10.662960153198911,6.4979639281194626,0.0,0.0,0.0,0.0,0.0,model1,15.0,False,2040.0
680,2015-03-28T05:00:00Z,49.0,169.1983525544664,466.52921539623566,99.60042270846908,40.66512749153127,12.795245221706512,49.895070164974854,10.93848702228122,7.030037976856373,0.0,0.0,0.0,0.0,0.0,model1,15.0,False,2043.0
681,2015-03-28T08:00:00Z,49.0,169.37766065078276,474.7882244378315,99.72938017185444,40.17711889000185,14.187739742178092,40.24977681673713,11.185586900100622,7.233241565312035,0.0,0.0,0.0,0.0,0.0,model1,15.0,False,2046.0
682,2015-03-28T11:00:00Z,49.0,167.86117394401754,463.9017292920063,98.9708339230906,41.18363577461749,15.037264056919026,40.061020316631094,9.2121457968284,6.6998988428894295,0.0,0.0,0.0,0.0,0.0,model1,15.0,False,2049.0
683,2015-03-28T14:00:00Z,49.0,166.9782002972109,457.6647487486052,100.4412064633489,41.22508254000577,15.193366532973885,42.37573982426237,10.784757929820616,6.249759418745875,0.0,0.0,0.0,0.0,0.0,model1,15.0,False,2052.0
684,2015-03-28T17:00:00Z,49.0,167.00168806025584,461.3914138574965,100.94136584441004,41.73166230690584,15.694772074527126,44.028765505865344,10.676113347700744,6.299341590534258,0.0,0.0,0.0,0.0,0.0,model1,15.0,False,2055.0
685,2015-03-28T20:00:00Z,49.0,166.79760911925902,453.92192684726234,100.2526420935029,41.23075381868887,16.915241882488885,45.40357392637028,10.279387754908088,6.2354268469822465,0.0,0.0,0.0,0.0,0.0,model1,15.0,False,2058.0
686,2015-03-28T23:00:00Z,49.0,166.50598617715613,454.1105616714708,100.55117043323901,40.667134684429264,18.01680557368563,42.99898760895479,10.072724012775558,6.2863304789344525,0.0,0.0,0.0,0.0,0.0,model1,15.0,False,2061.0
687,2015-03-29T02:00:00Z,49.0,164.11460652245475,452.94659361983,100.62690099968069,39.50466472602492,16.876615566741958,41.029373068349024,9.467279613029806,5.550342423424596,0.0,0.0,0.0,0.0,0.0,model1,15.0,False,2064.0
688,2015-03-29T05:00:00Z,49.0,162.9039069932187,445.157088047342,100.23942676510521,39.763625630112365,15.07022980651473,43.72799456640687,9.267458718427358,4.830667459629843,0.0,0.0,0.0,0.0,0.0,model1,15.0,False,2067.0
689,2015-03-29T08:00:00Z,49.0,163.16911104969984,449.0409594746154,100.03488668403696,40.17366399819625,14.03239876806894,46.918900683278544,10.025224153655673,4.4907114261897085,0.0,0.0,0.0,0.0,0.0,model1,15.0,False,2070.0
690,2015-03-29T11:00:00Z,49.0,164.11277436840984,453.6331089040682,100.69755654534215,40.00273249710757,16.203395285579138,51.30753507780938,10.4343695946913,4.281411101488309,0.0,0.0,0.0,0.0,0.0,model1,15.0,False,2073.0
691,2015-03-29T14:00:00Z,49.0,164.5281460942189,455.58485674438566,99.79689099017963,40.679582342993726,16.300395498054936,49.64357544277651,9.268107533992064,4.429237804122776,0.0,0.0,0.0,0.0,0.0,model1,15.0,False,2076.0
692,2015-03-29T17:00:00Z,49.0,165.77283206735632,455.82543680936,98.69598071418459,40.932128600015375,16.926718519981588,59.23507617859332,9.91999386342872,3.6124538476098724,0.0,0.0,0.0,0.0,0.0,model1,15.0,False,2079.0
693,2015-03-29T20:00:00Z,49.0,168.18862637087346,459.99525301588994,98.16648232404242,40.89749014532033,17.018955538158668,58.98209576680415,9.553984434163752,3.7348991315301263,0.0,0.0,0.0,0.0,0.0,model1,15.0,False,2082.0
694,2015-03-29T23:00:00Z,49.0,170.18854752063342,458.48265101791253,98.47562901902698,41.07604139358006,16.68734070779536,60.935222552293155,9.77580739875336,4.531318189033786,0.0,0.0,0.0,0.0,0.0,model1,15.0,False,2085.0
695,2015-03-30T02:00:00Z,49.0,170.4422660040893,457.62013161392935,99.40334811302708,41.45248719244864,16.98797931618094,64.40538493417813,10.237252764831746,4.661064586888457,0.0,0.0,0.0,0.0,0.0,model1,15.0,False,2088.0
696,2015-03-30T05:00:00Z,49.0,171.79962347358398,463.30999966084335,100.272089029616,41.196888919812224,17.142072105834476,59.807116230276826,10.685054804269178,5.370310655970013,0.0,0.0,0.0,0.0,0.0,model1,15.0,False,2091.0
697,2015-03-30T08:00:00Z,49.0,173.6982390256089,459.7078085762162,101.59971582230905,40.35498168721577,17.657488401021602,58.33767418176944,9.623242592387664,5.870221158475081,0.0,0.0,0.0,0.0,0.0,model1,15.0,False,2094.0
698,2015-03-30T11:00:00Z,49.0,176.1763265816436,456.2319742109166,101.42603384500772,39.6306484982709,15.2938358089826,54.65728765679349,9.1640278848104,6.026317647109785,0.0,0.0,0.0,0.0,0.0,model1,15.0,False,2097.0
699,2015-03-30T14:00:00Z,49.0,175.796662457272,462.81395698525915,101.41988870668942,39.30828861645928,14.844863994449382,54.38876890897164,8.69173140832476,5.818540044008494,0.0,0.0,0.0,0.0,0.0,model1,15.0,False,2100.0
700,2015-03-30T17:00:00Z,49.0,174.40686601921215,459.0055647591968,103.08989514169515,39.137138016530585,14.062051418580936,46.02141618351133,7.876804319571874,5.8790680775760595,0.0,0.0,0.0,0.0,0.0,model1,15.0,False,2103.0
701,2015-03-30T20:00:00Z,49.0,174.20914535776112,455.9795502601581,102.363756847304,39.12857158493629,15.587091132548391,47.87046347724655,8.145078272678287,5.607989862319419,0.0,0.0,0.0,0.0,0.0,model1,15.0,False,2106.0
702,2015-03-30T23:00:00Z,49.0,171.28806154529605,454.0761207741034,100.93110210659269,39.01401196229648,16.329394920632414,50.537473328700656,9.352904778181557,4.96320942715345,0.0,0.0,0.0,0.0,0.0,model1,15.0,False,2109.0
703,2015-03-31T02:00:00Z,49.0,171.69590143058232,448.23017607943405,99.79106672519707,38.90906537916392,15.76177289016835,50.419079360655076,9.156069210229187,5.2471598857754636,0.0,0.0,0.0,0.0,0.0,model1,15.0,False,2112.0
704,2015-03-31T05:00:00Z,49.0,171.92595169660083,448.9015502109823,98.97815158139869,38.95027325598061,17.39289592345783,51.62329061764719,8.552983630596158,4.765482094294562,0.0,0.0,0.0,0.0,0.0,model1,15.0,False,2115.0
705,2015-03-31T08:00:00Z,49.0,171.21896049972375,444.4794157040983,98.65937081474985,39.608533567307255,16.586132071237735,51.25177499284585,8.265840450994379,4.7376360713558565,0.0,0.0,0.0,0.0,0.0,model1,15.0,False,2118.0
706,2015-03-31T11:00:00Z,49.0,169.85557393246472,450.32244762648116,99.19474657869756,40.22943268318464,16.15888007220294,51.154955770611785,8.652167556683718,4.905798622674067,0.0,0.0,0.0,0.0,0.0,model1,15.0,False,2121.0
707,2015-03-31T14:00:00Z,49.0,174.2465222818623,442.61274288705215,98.61672207307363,39.940944103438696,17.065363367256722,47.06926069273424,8.682174174662368,5.158579781939864,0.0,0.0,0.0,0.0,0.0,model1,15.0,False,2124.0
708,2015-03-31T17:00:00Z,49.0,176.54483880905013,439.2605185655056,98.14136252560623,39.34148985314373,17.822683727672967,43.700802795092926,7.773324784306188,5.1462918298458185,0.0,0.0,0.0,0.0,0.0,model1,15.0,False,2127.0
709,2015-03-31T20:00:00Z,49.0,174.67370322102292,440.9770887554021,98.95659859468,39.08551666636523,18.038345867832533,40.61678487206157,7.993144096686741,5.257940409755138,0.0,0.0,0.0,0.0,0.0,model1,15.0,False,2130.0
710,2015-03-31T23:00:00Z,49.0,175.74900211259816,440.78046223165313,99.75722391073867,39.10264740628593,16.958710713104793,35.77185289867553,8.336889385278196,5.64251384723558,0.0,0.0,0.0,0.0,0.0,model1,15.0,False,2133.0
711,2015-04-01T02:00:00Z,49.0,176.4501475442678,443.62482898882445,101.15787869108264,39.20468823745957,18.640593609415426,34.45568178297,8.916557994911182,5.213948198382234,0.0,0.0,0.0,0.0,0.0,model1,15.0,False,2136.0
712,2015-04-01T05:00:00Z,49.0,175.21350662271763,440.8181346006183,101.90689116698076,39.3383414304194,17.67749528046159,31.17929059561857,8.404100838945258,5.744034569639124,0.0,0.0,0.0,0.0,0.0,model1,15.0,False,2139.0
713,2015-04-01T08:00:00Z,49.0,172.39346425239538,448.16981672447946,101.23609867598684,40.30757619914029,18.885887058466306,33.4904627498368,9.163899235667607,5.830676522377553,0.0,0.0,0.0,0.0,0.0,model1,15.0,False,2142.0
714,2015-04-01T11:00:00Z,49.0,171.98998242090568,441.6140104805214,100.94439373673605,40.49477975643744,18.798592401964388,36.55726017717698,8.90144628754807,5.780137699328416,0.0,0.0,0.0,0.0,0.0,model1,15.0,False,2145.0
715,2015-04-01T14:00:00Z,49.0,169.02060879887463,446.0471117563508,101.29694016573568,41.049278611855065,17.144641914419683,41.9562802575117,8.659055715890274,5.746718260195787,0.0,0.0,0.0,0.0,0.0,model1,15.0,False,2148.0
716,2015-04-01T17:00:00Z,49.0,167.8206334348373,451.47625384001816,102.06723051992157,41.41883722247696,15.838294862760641,43.060022416763175,8.701596583877533,5.49941536822147,0.0,0.0,0.0,0.0,0.0,model1,15.0,False,2151.0
717,2015-04-01T20:00:00Z,49.0,166.93828924725463,453.1693421649099,101.91284658725792,41.577980532938255,14.07276831101722,45.13131042814904,8.976985864922064,5.426829357460616,0.0,0.0,0.0,0.0,0.0,model1,15.0,False,2154.0
718,2015-04-01T23:00:00Z,49.0,167.2590273858796,457.6834418609843,101.58879151616232,41.34897449485342,14.71814215770401,47.43922507847079,7.659617024470394,5.80967829369109,0.0,0.0,0.0,0.0,0.0,model1,15.0,False,2157.0
719,2015-04-02T02:00:00Z,49.0,167.78176115649188,457.21642174499567,100.51017217086607,41.30978158941853,12.45057854417245,46.22938125722745,7.307888731178602,6.034352341110059,0.0,0.0,0.0,0.0,0.0,model1,15.0,False,2160.0
720,2015-04-02T05:00:00Z,49.0,167.2844473656879,457.0081806250302,100.39840603033026,41.42431424998189,11.929758499120304,47.85709280363968,8.038289082928593,5.678427344617512,0.0,0.0,0.0,0.0,0.0,model1,15.0,False,2163.0
721,2015-04-02T08:00:00Z,49.0,168.00672809500537,451.5778503886304,101.70016333797142,40.371551179664976,11.715125987599738,47.87656351629841,7.6777696291247794,5.367108997363628,0.0,0.0,0.0,0.0,0.0,model1,15.0,False,2166.0
722,2015-04-02T11:00:00Z,49.0,168.60093706872962,452.5619661015145,102.28435710977126,39.87194405088747,11.117901449747007,49.36420094821866,7.685299590806447,5.254696707525087,0.0,0.0,0.0,0.0,0.0,model1,15.0,False,2169.0
723,2015-04-02T14:00:00Z,49.0,169.39037193814687,451.777528924871,102.10671139331505,40.10412817184013,12.577665902195802,45.28416011460968,8.404841221855778,5.292055078103325,0.0,0.0,0.0,0.0,0.0,model1,15.0,False,2172.0
724,2015-04-02T17:00:00Z,49.0,169.5739221432315,451.2546410866929,100.63648788720327,40.06276266766086,12.50801374657395,47.434091272228,8.786108183160799,5.208977267043855,0.0,0.0,0.0,0.0,0.0,model1,15.0,False,2175.0
725,2015-04-02T20:00:00Z,49.0,171.9142929027488,447.28883675003306,99.619660109301,40.109889500119216,13.559218188993391,49.0149760842026,8.621022777760624,5.270240739625186,0.0,0.0,0.0,0.0,0.0,model1,15.0,False,2178.0
726,2015-04-02T23:00:00Z,49.0,173.4872905069219,446.8677242327426,99.91011674375223,40.76938610542991,13.362227750933965,45.81270194320978,8.413958387772933,5.140788706862108,0.0,0.0,0.0,0.0,0.0,model1,15.0,False,2181.0
727,2015-04-03T02:00:00Z,49.0,172.36512379499138,448.0196983651287,100.2471891244027,40.60512944912124,14.426845165945485,43.99144474657918,8.672549932109849,4.895554160512039,0.0,0.0,0.0,0.0,0.0,model1,15.0,False,2184.0
728,2015-04-03T05:00:00Z,49.0,172.4613759977566,443.87976372760767,98.8585218160165,40.2162642715723,14.28903741804486,46.048094792782926,8.60133520629476,4.539709485283046,0.0,0.0,0.0,0.0,0.0,model1,15.0,False,2187.0
729,2015-04-03T08:00:00Z,49.0,174.56035912714822,439.8198103472998,97.34230392538612,39.457048753243214,13.11679648559127,47.0871469099876,8.385666674220492,5.332141026356402,0.0,0.0,0.0,0.0,0.0,model1,15.0,False,2190.0
730,2015-04-03T11:00:00Z,49.0,174.24823322039353,444.31163723234476,97.84465501245708,39.47715109529079,14.083162425552432,45.23278770383665,9.522302651899922,5.315852485689612,0.0,0.0,0.0,0.0,0.0,model1,15.0,False,2193.0
731,2015-04-03T14:00:00Z,49.0,173.8585285316853,442.0142727920888,97.46800579678715,39.03347056155315,12.957688321200257,47.62993504393186,8.931118322558053,5.156384769832645,0.0,0.0,0.0,0.0,0.0,model1,15.0,False,2196.0
732,2015-04-03T17:00:00Z,49.0,171.9188048122633,438.79888283905717,96.63643949528492,39.38164124016289,13.73251590405216,47.318231753354866,9.406042451546094,5.308948527945148,0.0,0.0,0.0,0.0,0.0,model1,15.0,False,2199.0
733,2015-04-03T20:00:00Z,49.0,171.0639479343323,441.61973580423034,96.7611801168517,39.82860920248228,13.068730253622356,45.454583401311645,9.95917403157666,5.4077155595750925,0.0,0.0,0.0,0.0,0.0,model1,15.0,False,2202.0
734,2015-04-03T23:00:00Z,49.0,168.85696397495832,443.8598695617257,98.0738103513286,39.407407489128296,12.375291102074144,48.18216067854471,11.855692855752368,4.616960116812877,0.0,0.0,0.0,0.0,0.0,model1,15.0,False,2205.0
735,2015-04-04T02:00:00Z,49.0,169.89011719366462,443.54947843962316,98.39891803106994,39.032419516866156,11.672731239828426,48.31450070367524,11.505559595342367,4.868868311765784,0.0,0.0,0.0,0.0,0.0,model1,15.0,False,2208.0
736,2015-04-04T05:00:00Z,49.0,169.49801202869895,449.8417448399498,99.07861321881849,38.7417682246826,11.953536248906643,51.90413550012872,11.414419178276715,4.995643014252788,0.0,0.0,0.0,0.0,0.0,model1,15.0,False,2211.0
737,2015-04-04T08:00:00Z,49.0,166.82585190614213,458.1068498834494,100.11933942566792,40.24056184625381,13.078639191503939,48.60311046985696,11.050834205614018,4.578664472166499,0.0,0.0,0.0,0.0,0.0,model1,15.0,False,2214.0
738,2015-04-04T11:00:00Z,49.0,168.18629293291545,455.0240327636959,99.15558561375104,39.75036241488807,13.753748394750804,46.974163923108385,11.359384846042607,4.735362014598696,0.0,0.0,0.0,0.0,0.0,model1,15.0,False,2217.0
739,2015-04-04T14:00:00Z,49.0,169.30315059196576,458.00815156900717,100.45407099674038,39.543164128112785,13.697235926488162,43.84415595211317,12.171733333626676,4.471067488984539,0.0,0.0,0.0,0.0,0.0,model1,15.0,False,2220.0
740,2015-04-04T17:00:00Z,49.0,171.95569097444908,456.08157397859077,102.54007836327057,39.351586592554725,13.819875559070658,40.82094964271239,11.288187528982911,4.627242190537391,0.0,0.0,0.0,0.0,0.0,model1,15.0,False,2223.0
741,2015-04-04T20:00:00Z,49.0,172.59879406245003,448.75307022814087,103.06128718519129,39.350879668039475,14.681849647638426,51.717657022214524,10.679525754165358,4.526598714630225,0.0,0.0,0.0,0.0,0.0,model1,15.0,False,2226.0
742,2015-04-04T23:00:00Z,49.0,173.7499353905439,446.77364800725286,103.30180177152089,39.12919060353364,14.115587591150373,48.59545131981046,9.987400886003805,4.839019686305666,0.0,0.0,0.0,0.0,0.0,model1,15.0,False,2229.0
743,2015-04-05T02:00:00Z,49.0,172.85221761014566,447.5574679903334,102.40422303459957,39.76994589826607,14.286889152066033,48.83711752377192,10.557932188370943,4.875132782487254,0.0,0.0,0.0,0.0,0.0,model1,15.0,False,2232.0
744,2015-04-05T05:00:00Z,49.0,174.5138374113054,447.6353185009268,102.61364114576294,40.55000463113299,13.819420664864328,41.38031094335975,10.212426414299133,4.5872475642523165,0.0,0.0,0.0,0.0,0.0,model1,15.0,False,2235.0
745,2015-04-05T08:00:00Z,49.0,176.3109973713513,447.6453173223617,104.00722914466408,40.32947758936877,11.069054413487386,42.72188046578093,11.118852466065576,5.0245488596512695,0.0,0.0,0.0,0.0,0.0,model1,15.0,False,2238.0
746,2015-04-05T11:00:00Z,49.0,174.75478125472347,446.565493870712,103.89959704752908,41.10116123757713,10.326970771030117,44.544692516595624,10.16749663988892,4.7327319335977975,0.0,0.0,0.0,0.0,0.0,model1,15.0,False,2241.0
747,2015-04-05T14:00:00Z,49.0,174.5210071590071,446.6027469877178,102.54998024589626,41.44558529470547,10.90077274230454,45.292941624380425,9.997159590296905,4.684307754496919,0.0,0.0,0.0,0.0,0.0,model1,15.0,False,2244.0
748,2015-04-05T17:00:00Z,49.0,173.24757856489958,443.6993084115492,101.54859603407095,40.954529958461755,10.385406524742908,45.30992035442582,11.31833307466449,4.816132229493029,0.0,0.0,0.0,0.0,0.0,model1,15.0,False,2247.0
749,2015-04-05T20:00:00Z,49.0,172.2507311585781,451.0910274550272,102.73574537390631,39.85414218354517,8.24239682580372,34.803154642577674,11.6320747012613,5.483041960216974,0.0,0.0,0.0,0.0,0.0,model1,15.0,False,2250.0
750,2015-04-05T23:00:00Z,49.0,172.33381674639182,448.3085914155289,102.3969605812704,39.96974979590188,10.996401989197734,35.67424454146786,11.627380288238461,5.242147470894988,0.0,0.0,0.0,0.0,0.0,model1,15.0,False,2253.0
751,2015-04-06T02:00:00Z,49.0,172.34748866455345,446.6122524159632,102.40519277262217,39.19090839725124,10.599541917561595,35.382014933877365,12.114716575811178,5.067334558978405,0.0,0.0,0.0,0.0,0.0,model1,15.0,False,2256.0
752,2015-04-06T05:00:00Z,49.0,172.0566372302641,444.6210730496979,103.18499269098366,38.87988019966346,11.756297336764376,35.28813801848831,12.093315575576336,4.985508544373695,0.0,0.0,0.0,0.0,0.0,model1,15.0,False,2259.0
753,2015-04-06T08:00:00Z,49.0,169.7475545251561,442.8248190486645,101.43398706988165,38.68801505451246,14.769707365824766,34.68738506558653,11.098106139701253,4.175544359275871,0.0,0.0,0.0,0.0,0.0,model1,15.0,False,2262.0
754,2015-04-06T11:00:00Z,49.0,168.8162555428096,445.6353941337305,100.2550908502142,38.95209688292857,15.154153347404215,32.282277814881546,11.688716876733071,4.473467298790208,0.0,0.0,0.0,0.0,0.0,model1,15.0,False,2265.0
755,2015-04-06T14:00:00Z,49.0,168.5145285066951,445.6293586647826,101.10981624208792,38.9425879262076,14.715970189816346,31.665175760433364,12.857152193993285,4.568148740450912,0.0,0.0,0.0,0.0,0.0,model1,15.0,False,2268.0
756,2015-04-06T17:00:00Z,49.0,168.40214069276604,442.6408969305732,101.42113107877616,39.15096876911685,15.9726407406297,40.47553317792061,11.639864485888689,4.381799799718495,0.0,0.0,0.0,0.0,0.0,model1,15.0,False,2271.0
757,2015-04-06T20:00:00Z,49.0,168.5550329956374,440.48456424710525,100.60440316100616,39.26173052527619,16.700476812574582,47.25011180839105,11.939312993386867,4.207398396331167,0.0,0.0,0.0,0.0,0.0,model1,15.0,False,2274.0
758,2015-04-06T23:00:00Z,49.0,167.2121926236279,441.2888501556917,99.0598168971593,40.081208090442466,15.37051664030471,50.18052889497846,11.931208491477735,4.561424695719104,0.0,0.0,0.0,0.0,0.0,model1,15.0,False,2277.0
759,2015-04-07T02:00:00Z,49.0,167.83146528495246,441.409395341551,99.66710702615325,40.339107687631376,16.21337844781897,50.07203487583988,11.402510114465455,4.575345683723197,0.0,0.0,0.0,0.0,0.0,model1,15.0,False,2280.0
760,2015-04-07T05:00:00Z,49.0,167.33637511770084,442.3825456071049,99.84807508478077,40.40792615030457,17.451566329792822,50.340677450585076,11.420819665383387,4.614576835978487,0.0,0.0,0.0,0.0,0.0,model1,15.0,False,2283.0
761,2015-04-07T08:00:00Z,49.0,172.36621132801582,440.30289230633963,98.67876524115398,39.59751904779806,17.546981783053905,48.98027469018799,11.890093947771744,5.1963351957738855,0.0,0.0,0.0,0.0,0.0,model1,15.0,False,2286.0
762,2015-04-07T11:00:00Z,49.0,173.48271330405098,440.0370312535134,100.01520298770748,38.12109829311512,16.991953477455596,50.698452510634915,10.984115625339813,5.144507698621858,0.0,0.0,0.0,0.0,0.0,model1,15.0,False,2289.0
763,2015-04-07T14:00:00Z,49.0,173.56165002368684,442.18410982963064,100.00465933641216,37.32783562641549,17.30402302027946,52.899366464781615,9.32888324176133,4.8791079211860735,0.0,0.0,0.0,0.0,0.0,model1,15.0,False,2292.0
764,2015-04-07T17:00:00Z,49.0,172.89427412250407,453.24427308727775,101.10828375152072,37.3884331925541,16.338287205082892,49.025262218816316,9.937755875236377,5.118674130213882,0.0,0.0,0.0,0.0,0.0,model1,15.0,False,2295.0
765,2015-04-07T20:00:00Z,49.0,172.10091540362282,446.6085610503108,101.35944872669144,38.43450829377763,16.415766002741744,47.02596189862566,8.91873645815146,5.232117655620663,0.0,0.0,0.0,0.0,0.0,model1,15.0,False,2298.0
766,2015-04-07T23:00:00Z,49.0,173.56421892836616,444.7749533237088,103.5887893303446,37.69248996646094,16.451774597276366,43.860258714526175,9.71804123868195,4.866823834329618,0.0,0.0,0.0,0.0,0.0,model1,15.0,False,2301.0
767,2015-04-08T02:00:00Z,49.0,172.95119310792904,442.43769215952767,102.13354102211632,37.989689501138045,17.646875363984822,47.18747518426865,10.987129748564863,4.873811387517375,0.0,0.0,0.0,0.0,0.0,model1,15.0,False,2304.0
768,2015-04-08T05:00:00Z,49.0,173.96475213517533,446.01216080366737,101.6120956841131,38.28870388416812,15.824217877777649,57.220001187344934,10.854378972589307,5.348238653659977,0.0,0.0,0.0,0.0,0.0,model1,15.0,False,2307.0
769,2015-04-08T08:00:00Z,49.0,170.81511604746163,445.0466361652015,102.14091338612366,39.03228008192199,14.932866336133154,62.06717403240972,10.29201871189566,4.9867701703163245,0.0,0.0,0.0,0.0,0.0,model1,15.0,False,2310.0
770,2015-04-08T11:00:00Z,49.0,170.96036026231658,452.42141883606286,101.94595357916808,39.84442026110521,16.15993396250962,64.32607708380411,10.421447475559873,4.689459265811592,0.0,0.0,0.0,0.0,0.0,model1,15.0,False,2313.0
771,2015-04-08T14:00:00Z,49.0,170.07046844676688,443.17303356825005,101.4993108619952,40.5182589161462,15.526731272476654,63.77541890276454,10.228733841775744,4.638057578844799,0.0,0.0,0.0,0.0,0.0,model1,15.0,False,2316.0
772,2015-04-08T17:00:00Z,49.0,169.14413256364247,440.6271192869429,99.42363806003954,40.18990000607179,16.437972208142295,60.735244965903384,10.095583055173703,5.103553411727758,0.0,0.0,0.0,0.0,0.0,model1,15.0,False,2319.0
773,2015-04-08T20:00:00Z,49.0,167.77116407072322,445.75161972197253,99.58908038770187,39.91366172034996,16.793445824701163,56.72098594351218,10.339245007513382,5.7670020251080665,0.0,0.0,0.0,0.0,0.0,model1,15.0,False,2322.0
774,2015-04-08T23:00:00Z,49.0,167.3859931053683,445.44853941417534,97.0212305285065,40.43022128969671,18.57999320668567,58.320228974832325,7.294288801079407,5.740072217870113,0.0,0.0,0.0,0.0,0.0,model1,15.0,False,2325.0
775,2015-04-09T02:00:00Z,49.0,166.36968100512578,450.928036987194,97.39041949811212,40.03363091145636,17.059585185311793,55.65897074601042,6.281509141744772,6.024886919029044,0.0,0.0,0.0,0.0,0.0,model1,15.0,False,2328.0
776,2015-04-09T05:00:00Z,49.0,163.29395367123004,443.59746846604486,96.3090896736182,39.52077851574817,16.780396291975805,46.6977942750041,6.794525385352888,5.8364704977632265,0.0,0.0,0.0,0.0,0.0,model1,15.0,False,2331.0
777,2015-04-09T08:00:00Z,49.0,163.3188145931305,446.7478496851445,96.9355642427493,38.631964489241646,18.070115905807885,40.94371558779984,7.327793825093892,6.195955246770411,0.0,0.0,0.0,0.0,0.0,model1,15.0,False,2334.0
778,2015-04-09T11:00:00Z,49.0,162.7084218214999,430.1996175215258,97.24161663187526,38.39164421994311,16.6830698252067,38.65083010015921,7.8930482425073825,5.9306238251660535,0.0,0.0,0.0,0.0,0.0,model1,15.0,False,2337.0
779,2015-04-09T14:00:00Z,49.0,161.1728211659081,435.9960738479741,97.01041109724207,38.048730317985104,18.09500018190872,40.87914419516778,8.355833324251353,5.6414091405714535,0.0,0.0,0.0,0.0,0.0,model1,15.0,False,2340.0
780,2015-04-09T17:00:00Z,49.0,161.51571456084142,440.7042216815992,98.40498714134964,38.97255394898411,17.542055179477472,44.64971723128239,8.149100543112727,5.429447718631338,0.0,0.0,0.0,0.0,0.0,model1,15.0,False,2343.0
781,2015-04-09T20:00:00Z,49.0,161.68505496296058,441.9790881717929,97.91911622222594,38.40085573175677,18.07836036013207,43.81357632597695,8.185424236051988,4.673248091222876,0.0,0.0,0.0,0.0,0.0,model1,15.0,False,2346.0
782,2015-04-09T23:00:00Z,49.0,162.3925262568014,439.40785270118914,97.78885381666413,37.624753260485846,15.793308034767024,44.19775884960268,8.528247460514258,4.700791247102873,0.0,0.0,0.0,0.0,0.0,model1,15.0,False,2349.0
783,2015-04-10T02:00:00Z,49.0,165.02143463537996,440.1937989328637,98.04158613803202,38.32201772139987,17.30825714673228,46.77338274305603,8.640843343635144,4.97578604394818,0.0,0.0,0.0,0.0,0.0,model1,15.0,False,2352.0
784,2015-04-10T05:00:00Z,49.0,167.78081140523196,448.50874078332083,97.42363855843305,38.74253982674928,17.520493908241374,49.65092578192114,8.856872125264909,5.0036059749506405,0.0,0.0,0.0,0.0,0.0,model1,15.0,False,2355.0
785,2015-04-10T08:00:00Z,49.0,167.4347400307553,444.71502714642327,98.95689739923799,39.73530681079164,15.448542763140653,48.79950412586504,10.139861338925968,4.5533318021039015,0.0,0.0,0.0,0.0,0.0,model1,15.0,False,2358.0
786,2015-04-10T11:00:00Z,49.0,166.60585247186881,448.14928906723253,99.20275373862572,40.66173370955517,16.204745500201522,45.31462586575881,10.203111606838792,4.961194617209553,0.0,0.0,0.0,0.0,0.0,model1,15.0,False,2361.0
787,2015-04-10T14:00:00Z,49.0,167.91898601307145,446.47569222575737,100.09119530665177,41.03706683071321,14.059397137688489,43.983271062127244,10.14569709351078,5.171571203001294,0.0,0.0,0.0,0.0,0.0,model1,15.0,False,2364.0
788,2015-04-10T17:00:00Z,49.0,167.72316716206768,437.00647180688117,98.88319375884657,41.12607169884061,14.111468623187895,41.42104415336107,10.895393920933053,5.37292437125662,0.0,0.0,0.0,0.0,0.0,model1,15.0,False,2367.0
789,2015-04-10T20:00:00Z,49.0,169.53562226462137,442.7603610047074,100.00991770628856,41.83658736638653,12.643209796290044,43.8630259493742,11.113633857568132,5.004602990589189,0.0,0.0,0.0,0.0,0.0,model1,15.0,False,2370.0
790,2015-04-10T23:00:00Z,49.0,166.22290358202412,442.3330254540817,101.08483663935715,42.39621222443304,14.905811833258898,43.31020862412826,11.438987708010321,4.129388132321715,0.0,0.0,0.0,0.0,0.0,model1,15.0,False,2373.0
791,2015-04-11T02:00:00Z,49.0,165.24663693332025,435.4958919049122,100.91329037033381,42.844510995146045,14.313339983344916,44.1142581780549,11.232930260371036,4.078567240087469,0.0,0.0,0.0,0.0,0.0,model1,15.0,False,2376.0
792,2015-04-11T05:00:00Z,49.0,163.4665039431214,430.032066436272,102.60311036692605,42.202502910953044,14.505806349620688,37.754783154078716,9.900337721247514,4.901712321926227,0.0,0.0,0.0,0.0,0.0,model1,15.0,False,2379.0
793,2015-04-11T08:00:00Z,49.0,165.8981069629808,430.5714913277467,99.86105052828579,41.986066835083896,16.321655276186306,39.575533707269656,9.874038707168387,5.2088939901167635,0.0,0.0,0.0,0.0,0.0,model1,15.0,False,2382.0
794,2015-04-11T11:00:00Z,49.0,167.8345575725216,430.37953752770403,99.96678274002649,41.468085011397314,15.921722789309642,39.96934483223613,10.055295287793,4.875901450395993,0.0,0.0,0.0,0.0,0.0,model1,15.0,False,2385.0
795,2015-04-11T14:00:00Z,49.0,167.97560111807147,433.7976370081992,100.0750209921554,41.311649265885634,15.945484038144071,44.75970778751103,10.19249986720857,4.729525989758329,0.0,0.0,0.0,0.0,0.0,model1,15.0,False,2388.0
796,2015-04-11T17:00:00Z,49.0,168.9490948706532,437.8832586234072,100.31568900440409,40.28413149270669,15.456979353560126,44.966673067792165,9.857358339716347,4.871580168141144,0.0,0.0,0.0,0.0,0.0,model1,15.0,False,2391.0
797,2015-04-11T20:00:00Z,49.0,168.62347012748162,435.91412757423797,98.81143588206993,39.49679116592241,15.427810543129238,48.613794272530306,9.378162941845176,4.968848637595294,0.0,0.0,0.0,0.0,0.0,model1,15.0,False,2394.0
798,2015-04-11T23:00:00Z,49.0,170.264434109288,442.2497231101796,99.53559079569747,38.93494443782964,13.129850999621992,46.71404726515543,9.41245700619082,5.523249860518682,0.0,0.0,0.0,0.0,0.0,model1,15.0,False,2397.0
799,2015-04-12T02:00:00Z,49.0,172.45306861131817,445.5554297261965,101.0502753560943,37.718819457025454,14.425070386573005,43.61485418666929,9.468157265800533,4.625288024060635,0.0,0.0,0.0,0.0,0.0,model1,15.0,False,2400.0
800,2015-04-12T05:00:00Z,49.0,174.3663402524985,447.6604623277544,101.9359050916998,37.9671528718544,11.728446490391304,44.014072748870895,9.976845069291114,4.322593927312453,0.0,0.0,0.0,0.0,0.0,model1,15.0,False,2403.0
801,2015-04-12T08:00:00Z,49.0,172.24095150125984,449.39919923846185,102.6749961492728,38.57082770430771,10.68967304158676,41.68088669885977,9.076647174027418,4.681820406928315,0.0,0.0,0.0,0.0,0.0,model1,15.0,False,2406.0
802,2015-04-12T11:00:00Z,49.0,171.74958915693537,455.5806572381192,101.55241322266693,38.275169448038696,12.266165616081992,37.26249758344138,9.150856745250204,4.531786569695129,0.0,0.0,0.0,0.0,0.0,model1,15.0,False,2409.0
803,2015-04-12T14:00:00Z,49.0,173.31817709344247,456.00324828409936,99.1159253426866,38.03599835483409,13.085666875233061,33.09515434727233,10.622051222768423,4.340768223253605,0.0,0.0,0.0,0.0,0.0,model1,15.0,False,2412.0
804,2015-04-12T17:00:00Z,49.0,175.3165927607013,455.3990070305799,100.71276910375158,38.535381595869616,15.342027829297844,32.851522632151514,10.521146734162258,4.208590812806073,0.0,0.0,0.0,0.0,0.0,model1,15.0,False,2415.0
805,2015-04-12T20:00:00Z,49.0,176.54239796057863,452.99143028612,100.31430455114551,39.26852283655468,14.635972040343315,25.049259837551908,10.309255443699687,4.365396774600244,0.0,0.0,0.0,0.0,0.0,model1,15.0,False,2418.0
806,2015-04-12T23:00:00Z,49.0,176.7345442583484,452.68889602998803,97.96825831239687,39.88027177908672,14.71938038099746,34.425126683253325,10.021453767103047,3.855544132479811,0.0,0.0,0.0,0.0,0.0,model1,15.0,False,2421.0
807,2015-04-13T02:00:00Z,49.0,173.46831049805752,464.2300859378528,98.9359822712851,40.567514986701376,15.1944787991098,40.34093459745461,10.930494313691312,3.8808938755106688,0.0,0.0,0.0,0.0,0.0,model1,15.0,False,2424.0
808,2015-04-13T05:00:00Z,49.0,173.30851938737248,467.95367855641473,96.11629556159264,41.34021783402984,15.464716398816753,44.18290938146463,11.382822653163648,3.8058299466796535,0.0,0.0,0.0,0.0,0.0,model1,15.0,False,2427.0
809,2015-04-13T08:00:00Z,49.0,173.68311264277816,469.06655237406153,95.31796311463975,42.062418478105336,15.562356694573145,44.66613569582306,11.541677500513215,5.1120761875865295,0.0,0.0,0.0,0.0,0.0,model1,15.0,False,2430.0
810,2015-04-13T11:00:00Z,49.0,172.9560998871603,464.6265307938221,95.65038230087977,43.90535449089619,15.694783935045116,54.35432714134506,11.289566650834065,6.158645091118988,0.0,0.0,0.0,0.0,0.0,model1,15.0,False,2433.0
811,2015-04-13T14:00:00Z,49.0,171.07964907395103,462.2123755313749,99.3267325693585,44.69316686731133,14.994920666535823,57.595733697824286,11.887692812918765,5.9312219154539045,0.0,0.0,0.0,0.0,0.0,model1,15.0,False,2436.0
812,2015-04-13T17:00:00Z,49.0,169.82189168960394,457.4053401944852,99.16971487762652,45.49599382123005,13.701246198183787,59.79942461542212,12.01566279852876,5.840536653741743,0.0,0.0,0.0,0.0,0.0,model1,15.0,False,2439.0
813,2015-04-13T20:00:00Z,49.0,166.00092140868549,453.8663756544123,101.37058787188823,46.37688997959852,15.39809508738735,61.78523189899645,13.417705318726835,5.6736455513278825,0.0,0.0,0.0,0.0,0.0,model1,15.0,False,2442.0
814,2015-04-13T23:00:00Z,49.0,165.9041571256445,453.89606642350645,102.70299296802395,47.437204486175716,15.189471880819267,61.15758096551517,13.340388400329086,5.139800403455856,0.0,0.0,0.0,0.0,0.0,model1,15.0,False,2445.0
815,2015-04-14T02:00:00Z,49.0,166.88732732961978,443.1613616660565,100.62231756398027,47.95265659616992,14.418051064480455,57.8988325054072,12.745647959079735,5.129639876280619,0.0,0.0,0.0,0.0,0.0,model1,15.0,False,2448.0
816,2015-04-14T05:00:00Z,49.0,166.35186112071483,436.9254702514766,101.96517902931377,48.509710188165634,13.728831043105805,52.12968607498941,11.285843945476794,5.261227269942354,0.0,0.0,0.0,0.0,0.0,model1,15.0,False,2451.0
817,2015-04-14T08:00:00Z,49.0,164.69603223871553,435.9944071106142,102.80466380722966,48.492471426809104,15.067907168901675,56.16361930289873,10.718303209500286,5.29010910918072,0.0,0.0,0.0,0.0,1.0,model1,15.0,True,2454.0
818,2015-04-14T11:00:00Z,49.0,164.34424476531998,442.7715327362004,102.73799147480358,48.49656006263407,15.058714546829851,51.11555949963726,11.324377570409045,5.069557633478934,0.0,0.0,0.0,0.0,1.0,model1,15.0,True,2457.0
819,2015-04-14T14:00:00Z,49.0,168.3216958316275,438.17262533499513,100.69137213783486,49.17163976156429,19.755690405484614,48.78510328242135,11.087589824472694,4.954751416056617,0.0,0.0,0.0,0.0,1.0,model1,15.0,True,2460.0
820,2015-04-14T17:00:00Z,49.0,167.05336325896428,445.60571752585935,99.7112252382682,49.58619200935213,19.084742411280686,51.034748393409174,10.750630124569568,4.6781262234088485,0.0,0.0,0.0,0.0,1.0,model1,15.0,True,2463.0
821,2015-04-14T20:00:00Z,49.0,169.78899899725616,455.6499479713488,97.04583213151159,49.450421392685726,18.236393035081395,51.92959141407154,9.346026401970168,4.630598347212175,0.0,0.0,0.0,0.0,1.0,model1,15.0,True,2466.0
822,2015-04-14T23:00:00Z,49.0,170.26176305519786,459.5438776112761,96.13962324560785,49.749405346167315,18.329907021323038,48.033903809488564,8.75872369892503,4.7342147555852625,0.0,0.0,0.0,0.0,1.0,model1,15.0,True,2469.0
823,2015-04-15T02:00:00Z,49.0,170.15471015514476,454.69252121477496,95.88722142299969,49.848311843831404,18.725465376641964,49.36303480420546,9.028623574980207,4.234417817465262,0.0,0.0,0.0,0.0,1.0,model1,15.0,True,2472.0
824,2015-04-15T05:00:00Z,49.0,170.734298250144,452.16942424099983,96.30714149274219,49.8136449311736,19.25794822152577,50.76203106756532,9.12067070134397,4.4128294068683545,0.0,0.0,0.0,0.0,1.0,model1,15.0,True,2475.0
825,2015-04-15T08:00:00Z,49.0,173.49148462982018,454.8629743710728,95.51765988377336,48.82511749066258,18.04433987186324,50.136746829581526,9.193146619049568,4.75918830407629,0.0,0.0,0.0,0.0,0.0,model1,15.0,False,2478.0
826,2015-04-15T11:00:00Z,49.0,175.15854474855922,454.6316587717115,96.25812720257156,47.18342747090124,18.13966172220868,50.18960296168069,9.487716429633991,5.340586891260298,0.0,0.0,0.0,0.0,0.0,model1,15.0,False,2481.0
827,2015-04-15T14:00:00Z,49.0,173.0502063058895,460.19497470130136,96.8787324044492,45.63005929084747,15.474979359017134,48.20365821361773,9.056612413516016,5.810139797804599,0.0,0.0,0.0,0.0,0.0,model1,15.0,False,2484.0
828,2015-04-15T17:00:00Z,49.0,173.23918854489582,459.8311068261186,96.50698537889187,44.06691090743047,15.83232678493506,53.27181187486412,9.431526064653422,6.175210264603164,0.0,0.0,0.0,0.0,0.0,model1,15.0,False,2487.0
829,2015-04-15T20:00:00Z,49.0,172.16157626921276,455.54969403439765,98.27559246963837,42.84810203589318,15.391808075453362,53.26890982602475,9.452246614930823,6.386909478030736,0.0,0.0,0.0,0.0,0.0,model1,15.0,False,2490.0
830,2015-04-15T23:00:00Z,49.0,172.2789009907317,457.7844891726512,100.33615267060677,41.34531556594686,15.418068514776554,55.71862289103966,9.905505370098828,5.30224565689061,0.0,0.0,0.0,0.0,0.0,model1,15.0,False,2493.0
831,2015-04-16T02:00:00Z,49.0,172.52754385024036,461.63020415263344,101.26046296139174,40.55726034797989,15.447822341851316,52.9779649635567,9.786092851288187,5.396991027628284,0.0,0.0,0.0,0.0,0.0,model1,15.0,False,2496.0
832,2015-04-16T05:00:00Z,49.0,171.52705569139118,463.93814161505134,101.31323910982023,40.09209693076177,15.06059337887616,53.15407432395359,9.892768197323623,4.794576837911374,0.0,0.0,0.0,0.0,0.0,model1,15.0,False,2499.0
833,2015-04-16T08:00:00Z,49.0,170.75505077639275,461.9345364946233,101.05156702032465,39.89918922669798,15.119397040442152,48.787819291855094,10.478159268524347,4.653055059875427,0.0,0.0,0.0,0.0,0.0,model1,15.0,False,2502.0
834,2015-04-16T11:00:00Z,49.0,171.21557552376166,461.79258513188086,98.3477650564009,40.47501791639439,13.750182246842352,49.20692687000738,11.70979763183426,5.117231816339887,0.0,0.0,0.0,0.0,0.0,model1,15.0,False,2505.0
835,2015-04-16T14:00:00Z,49.0,170.45542154117334,456.8606160741115,97.24891234388964,40.63517216088261,14.094315785531151,52.523151363960075,11.551589456430152,5.0840473246215785,0.0,0.0,0.0,0.0,0.0,model1,15.0,False,2508.0
836,2015-04-16T17:00:00Z,49.0,169.33178666121324,450.5185737421595,98.8700234363915,40.92356064477328,14.3064074956452,49.794743206421,12.210998314612992,4.991220456600536,0.0,0.0,0.0,0.0,0.0,model1,15.0,False,2511.0
837,2015-04-16T20:00:00Z,49.0,167.94824115097703,449.799456190565,98.21476790376123,41.670515298020675,16.2056621183604,50.08354040452606,12.094215378235814,4.8655017679512245,0.0,0.0,0.0,0.0,0.0,model1,15.0,False,2514.0
838,2015-04-16T23:00:00Z,49.0,168.49286406005004,447.8064242070243,97.04036064414207,41.282509525731506,16.281662098407796,46.80139843376431,11.506783880193248,5.358235402314831,0.0,0.0,0.0,0.0,0.0,model1,15.0,False,2517.0
839,2015-04-17T02:00:00Z,49.0,166.09344955952363,449.9266527165026,97.25927464278915,41.262960708398616,16.10380816684632,44.483313458384714,11.495017888003845,4.910788665885437,0.0,0.0,0.0,0.0,0.0,model1,15.0,False,2520.0
840,2015-04-17T05:00:00Z,49.0,165.6918736871829,455.93671152768735,97.2074604117769,40.24630080767447,15.994851742032669,45.915354689537104,11.237252888161736,4.828921602265486,0.0,0.0,0.0,0.0,0.0,model1,15.0,False,2523.0
841,2015-04-17T08:00:00Z,49.0,166.4312432244434,453.412404832029,98.23016443237042,40.021269527749325,15.563551857209351,46.765381640871496,10.802128900008723,4.8566223633276815,0.0,0.0,0.0,0.0,0.0,model1,15.0,False,2526.0
842,2015-04-17T11:00:00Z,49.0,167.3786764003802,445.7424133617213,101.19758869928494,39.63265831981793,17.09307710871074,50.49818622960005,9.169907873771434,4.501371887194927,0.0,0.0,0.0,0.0,0.0,model1,15.0,False,2529.0
843,2015-04-17T14:00:00Z,49.0,168.21898132665126,448.83770463450173,101.66622143004848,39.20483379197282,17.321014148461035,55.861529168911716,9.264687138551169,5.2416905400492775,0.0,0.0,0.0,0.0,0.0,model1,15.0,False,2532.0
844,2015-04-17T17:00:00Z,49.0,167.48591835323163,449.591898528436,101.09260979110785,38.99684585562577,17.188769727899256,55.6735742936077,8.46491348026438,5.273184683432524,0.0,0.0,0.0,0.0,0.0,model1,15.0,False,2535.0
845,2015-04-17T20:00:00Z,49.0,171.2094164506475,453.28364602883903,100.55227713676058,39.097532166905104,16.1240951283682,54.25910602781069,8.38781454487849,5.3445419533052485,0.0,0.0,0.0,0.0,0.0,model1,15.0,False,2538.0
846,2015-04-17T23:00:00Z,49.0,167.8112058622525,449.4692711250467,99.45863447389,39.36846321830094,17.836317018035054,54.580527233306036,9.354569661731695,5.043695596799883,0.0,0.0,0.0,0.0,0.0,model1,15.0,False,2541.0
847,2015-04-18T02:00:00Z,49.0,167.9767434509054,446.7811862114329,99.02858968261272,39.273221660635954,17.888289174707502,60.07213810245928,9.247866363509539,4.970188227351905,0.0,0.0,0.0,0.0,0.0,model1,15.0,False,2544.0
848,2015-04-18T05:00:00Z,49.0,167.41722245966184,443.19315932979976,99.47446364611696,39.94606435015531,18.199322792801468,57.423656373081144,9.714275140274355,4.589847579597558,0.0,0.0,0.0,0.0,0.0,model1,15.0,False,2547.0
849,2015-04-18T08:00:00Z,49.0,166.1068378687266,448.9563510580906,98.93239154959544,40.28281145064175,18.047216721389123,61.846074680119635,11.575711619277936,4.8893790756943565,0.0,0.0,0.0,0.0,0.0,model1,15.0,False,2550.0
850,2015-04-18T11:00:00Z,49.0,163.95860330467175,455.1640140315458,96.79585403852305,39.34196364533617,15.489513125742487,58.37762704861731,11.936396328020566,5.288509124216066,0.0,0.0,0.0,0.0,0.0,model1,15.0,False,2553.0
851,2015-04-18T14:00:00Z,49.0,164.2240474328753,457.44649168296064,97.44306582281936,40.072354759913225,15.667729606270184,51.32855223905072,11.802446953811867,4.781216259552656,0.0,0.0,0.0,0.0,0.0,model1,15.0,False,2556.0
852,2015-04-18T17:00:00Z,49.0,166.1932484982325,459.1024152753692,96.60773295605316,40.423448454529705,15.760260264076235,46.90587983698762,11.539750948490672,4.834498794824814,0.0,0.0,0.0,0.0,0.0,model1,15.0,False,2559.0
853,2015-04-18T20:00:00Z,49.0,166.87491093857383,453.74127930582637,97.89266922183602,39.97528623095216,15.927471088960939,45.97832393005779,11.826085994067807,4.5488872055834975,0.0,0.0,0.0,0.0,0.0,model1,15.0,False,2562.0
854,2015-04-18T23:00:00Z,49.0,170.84217477571158,453.35337412156304,98.37464826465008,40.167213489666594,15.928006878976278,48.782436881286145,11.103751508158425,4.728486773579338,0.0,0.0,0.0,0.0,0.0,model1,15.0,False,2565.0
855,2015-04-19T02:00:00Z,49.0,171.34522296528422,457.9964468884476,97.95591123993488,39.75702084440844,15.797549178273144,44.26002016521581,11.119781455140775,5.076364789460559,0.0,0.0,0.0,0.0,0.0,model1,15.0,False,2568.0
856,2015-04-19T05:00:00Z,49.0,174.100238471647,452.8052435247699,97.99167845871368,40.0305220067037,16.31407072709744,48.66825123975907,11.219954657392053,5.33435231706481,0.0,0.0,0.0,0.0,0.0,model1,15.0,False,2571.0
857,2015-04-19T08:00:00Z,49.0,174.15768395553843,448.2525449744418,98.80451501629896,39.99754841552724,17.25076296333402,44.157187834674815,8.922297191733591,5.245003627138921,0.0,0.0,0.0,0.0,0.0,model1,15.0,False,2574.0
858,2015-04-19T11:00:00Z,49.0,172.19493914675397,454.0509896952912,99.55371206703155,40.91500938737681,19.214747904168178,46.487551192177285,9.21579685718311,5.527005093046761,0.0,0.0,0.0,0.0,0.0,model1,15.0,False,2577.0
859,2015-04-19T14:00:00Z,49.0,169.95977302281548,452.1986421673751,98.74890838420255,41.02445641043625,18.231043063445576,44.89392915118528,8.974743502847438,5.7597974853993295,0.0,0.0,0.0,0.0,0.0,model1,15.0,False,2580.0
860,2015-04-19T17:00:00Z,49.0,171.08501418566016,450.41795536221747,101.53510232823879,41.34154276957385,18.14226526818351,48.25527751423339,11.07781478760698,5.9537102591889015,0.0,0.0,0.0,0.0,0.0,model1,15.0,False,2583.0
861,2015-04-19T20:00:00Z,49.0,168.88415336347632,455.3799672422805,99.47563708428906,41.579533691680034,17.235956617634105,49.292929799126775,12.239117626895185,6.009215585917044,0.0,0.0,0.0,0.0,0.0,model1,15.0,False,2586.0
862,2015-04-19T23:00:00Z,49.0,167.28063322254297,456.8066394508048,100.00109287530718,41.815059539431694,14.995041585953011,47.92884126228982,11.841636619711066,5.864028029910383,0.0,0.0,0.0,0.0,0.0,model1,15.0,False,2589.0
863,2015-04-20T02:00:00Z,49.0,165.78760345594026,456.18898888211874,99.88679100724676,41.992812798219134,15.721745501027696,44.254291722997166,11.843914988713676,5.455175199186527,0.0,0.0,0.0,0.0,0.0,model1,15.0,False,2592.0
864,2015-04-20T05:00:00Z,49.0,164.09922895273183,454.7047095853239,99.57341481594395,41.49095854826889,13.536486910030902,41.896289368345776,11.771208878767652,5.718542250345602,0.0,0.0,0.0,0.0,0.0,model1,15.0,False,2595.0
865,2015-04-20T08:00:00Z,49.0,164.81413888989283,459.1656590585175,98.62568317612718,41.01731739802575,12.803306463905786,41.49080614199866,12.0512652710407,5.7238175322632445,0.0,0.0,0.0,0.0,0.0,model1,15.0,False,2598.0
866,2015-04-20T11:00:00Z,49.0,164.93553811823074,452.72071112535264,98.85891925161563,41.44999775651576,12.223472234031966,38.694497570518976,11.186683204796863,5.189961851698321,0.0,0.0,0.0,0.0,0.0,model1,15.0,False,2601.0
867,2015-04-20T14:00:00Z,49.0,164.8441375992461,448.1113854414699,98.61093215726831,41.19847881681072,12.322305857457286,44.86586122354111,11.453954754274154,4.845218068530096,0.0,0.0,0.0,0.0,0.0,model1,15.0,False,2604.0
868,2015-04-20T17:00:00Z,49.0,163.05843789057727,456.5152016812609,95.85590152917976,40.6909145793873,10.793185435158147,47.50278970411165,8.240115764773474,4.9371589046915165,0.0,0.0,0.0,0.0,0.0,model1,15.0,False,2607.0
869,2015-04-20T20:00:00Z,49.0,164.77582441035108,458.3306497213732,98.060388340334,40.81801365849218,13.071620730340232,48.65072102446435,7.631431392718827,4.9420642836118684,0.0,0.0,0.0,0.0,0.0,model1,15.0,False,2610.0
870,2015-04-20T23:00:00Z,49.0,163.95797414579678,453.77285238195367,97.90716402031788,39.64298401522758,13.312744749453422,47.98986992629529,7.560398923916225,6.4837951709241555,0.0,0.0,0.0,0.0,0.0,model1,15.0,False,2613.0
871,2015-04-21T02:00:00Z,49.0,168.44952157292622,450.6267858085672,98.32335911963038,39.84796026761579,14.335632636864498,52.045632473504064,7.3571256142468675,6.426943636582054,0.0,0.0,0.0,0.0,0.0,model1,15.0,False,2616.0
872,2015-04-21T05:00:00Z,49.0,170.2921286711456,456.33182364975374,97.50409709994408,40.230009595573264,16.168422820054573,50.84378013106996,6.630196874727955,6.172421281481961,0.0,0.0,0.0,0.0,0.0,model1,15.0,False,2619.0
873,2015-04-21T08:00:00Z,49.0,168.5701581281759,458.57155603467913,98.7145014089535,40.85723143345224,16.274568700387064,52.491447687788366,6.236761900269631,6.096515157092845,0.0,0.0,0.0,0.0,0.0,model1,15.0,False,2622.0
874,2015-04-21T11:00:00Z,49.0,169.04114307751067,458.9045273982636,100.02858600184332,40.022130205294964,15.446455613453756,53.10463291795216,7.754787381283365,5.957912871683581,0.0,0.0,0.0,0.0,0.0,model1,15.0,False,2625.0
875,2015-04-21T14:00:00Z,49.0,170.33668368240228,460.79071716720057,99.97184836445898,41.270627784793895,16.131450953140973,50.858455123689225,8.157646037620362,7.236645382630062,0.0,0.0,0.0,0.0,0.0,model1,15.0,False,2628.0
876,2015-04-21T17:00:00Z,49.0,170.56084830216577,454.2279449332077,102.0331073521257,40.68834474881425,16.178046718276455,51.838194458553886,9.527470487933579,7.134866764139904,0.0,0.0,0.0,0.0,0.0,model1,15.0,False,2631.0
877,2015-04-21T20:00:00Z,49.0,169.3689947354697,443.7774158928033,101.32094234431051,40.96355279759722,15.786691921376894,51.99383875141244,9.990380816253168,7.723975726566619,0.0,0.0,0.0,0.0,0.0,model1,15.0,False,2634.0
878,2015-04-21T23:00:00Z,49.0,171.56893966715234,445.37660233063525,101.48467138441706,42.021151917188476,16.673586604567944,51.187542487758854,10.180728546618594,6.48334416734046,0.0,0.0,0.0,0.0,0.0,model1,15.0,False,2637.0
879,2015-04-22T02:00:00Z,49.0,171.00855178540422,449.85620060431455,102.35040021782068,42.34743210794201,15.81361979053544,51.54462897378914,10.765649251844707,6.58222594773621,0.0,0.0,0.0,0.0,0.0,model1,15.0,False,2640.0
880,2015-04-22T05:00:00Z,49.0,168.1266498546384,448.75155706962715,104.45198763560906,41.74555180856802,14.897344274499678,53.272243228834846,10.930553258385578,6.811636769138192,0.0,0.0,0.0,0.0,0.0,model1,15.0,False,2643.0
881,2015-04-22T08:00:00Z,49.0,170.48449559245213,449.7617917493132,104.48494009763918,40.954146086806176,14.544921600582422,54.66370538737086,10.855039990297682,7.194013710162923,0.0,0.0,0.0,0.0,0.0,model1,15.0,False,2646.0
882,2015-04-22T11:00:00Z,49.0,173.00083713886647,452.55669358955015,102.91968002860071,40.928737437427436,15.302038388053054,58.78349851627815,11.263123956653367,7.163900530004964,0.0,0.0,0.0,0.0,0.0,model1,15.0,False,2649.0
883,2015-04-22T14:00:00Z,49.0,173.49997359481583,450.2057112126938,102.32218729830593,39.10469119379649,15.704303396176154,58.90827491944053,11.828943961049035,6.039015715711138,0.0,0.0,0.0,0.0,0.0,model1,15.0,False,2652.0
884,2015-04-22T17:00:00Z,49.0,175.263290758914,453.3090034713582,101.82697030562672,40.16928638686358,17.37175448586585,55.01763908375359,11.964150573235926,5.900057174475385,0.0,0.0,0.0,0.0,0.0,model1,15.0,False,2655.0
885,2015-04-22T20:00:00Z,49.0,175.2728723823059,456.9277175089925,102.81448974316835,39.21497842571935,17.067524149762466,54.54151126485785,11.574500700973088,5.0710037025307,0.0,0.0,0.0,0.0,0.0,model1,15.0,False,2658.0
886,2015-04-22T23:00:00Z,49.0,174.8561248645486,463.5410167995684,103.34266218530114,39.03177951853141,16.00944925337572,54.056241895606135,11.823013145696821,4.8071666308728656,0.0,0.0,0.0,0.0,0.0,model1,15.0,False,2661.0
887,2015-04-23T02:00:00Z,49.0,171.72503909521163,463.2920045178514,102.99148401548996,38.86647365021814,16.523901368927802,51.39071847942786,12.28363994625474,4.4322110548046085,0.0,0.0,0.0,0.0,0.0,model1,15.0,False,2664.0
888,2015-04-23T05:00:00Z,49.0,173.04546251182117,463.7991902457797,104.94478267609327,39.6216716587186,15.620720465277193,50.7758764944868,14.529855765972448,5.130186384489218,0.0,0.0,0.0,0.0,0.0,model1,15.0,False,2667.0
889,2015-04-23T08:00:00Z,49.0,172.07118658402297,459.9189643482901,109.0132232851497,39.90053141409193,15.670713067619104,54.340462941670246,17.48602736503091,5.3416651543343185,0.0,0.0,0.0,0.0,0.0,model1,15.0,False,2670.0
890,2015-04-23T11:00:00Z,49.0,169.79828422581224,456.6497075434983,113.824220836525,40.4089156783879,14.602395590113225,53.56228880870261,17.960804039733738,5.297788506376107,0.0,0.0,0.0,0.0,0.0,model1,15.0,False,2673.0
891,2015-04-23T14:00:00Z,49.0,168.23095282279587,460.8479645989911,117.97423618388838,40.432578321139886,13.018770371282866,58.7497193439791,15.570106254974654,5.233228827130848,0.0,0.0,0.0,0.0,0.0,model1,15.0,False,2676.0
892,2015-04-23T17:00:00Z,49.0,167.1339111335323,461.2050662473921,119.34422272117284,39.80551317519701,9.112155570670726,56.81889459150529,14.782711934544336,5.3742258289980605,0.0,0.0,0.0,0.0,0.0,model1,15.0,False,2679.0
893,2015-04-23T20:00:00Z,49.0,168.1682438071114,465.91682169824975,119.55877023720312,39.946142764167135,11.388699712181158,57.9396388573966,14.693223359206975,5.258591820769668,0.0,0.0,0.0,0.0,0.0,model1,15.0,False,2682.0
894,2015-04-23T23:00:00Z,49.0,168.93809946882175,461.98490864837083,122.20617936687849,39.62782456631245,12.693878081121476,58.93691890277388,12.972499267372315,5.188772875186887,0.0,0.0,0.0,0.0,0.0,model1,15.0,False,2685.0
895,2015-04-24T02:00:00Z,49.0,171.0215239532832,463.5187697842438,122.92175840963787,40.54062558635315,11.909643110632329,59.61702925313058,11.556462286186626,6.3978539333663695,0.0,0.0,0.0,0.0,0.0,model1,15.0,False,2688.0
896,2015-04-24T05:00:00Z,49.0,169.86787562796786,461.410063896697,122.81488400429913,40.14677232310991,12.352097881907527,61.36821884694099,11.949184813916366,6.599272801528826,0.0,0.0,0.0,0.0,0.0,model1,15.0,False,2691.0
897,2015-04-24T08:00:00Z,49.0,170.14694523276876,452.66561865566285,123.58967740099511,40.612804741601494,12.424293200298257,58.18169164289198,13.361331873928515,6.153926773151258,0.0,0.0,0.0,0.0,0.0,model1,15.0,False,2694.0
898,2015-04-24T11:00:00Z,49.0,173.56980405387299,447.11335697996077,123.12600641217348,40.33204937965961,13.342767956783993,57.45449729132884,12.632536980258848,6.017925558869939,0.0,0.0,0.0,0.0,0.0,model1,15.0,False,2697.0
899,2015-04-24T14:00:00Z,49.0,174.35358205113357,440.1509771579089,123.69058768029338,40.92793476476143,13.437365662682502,52.81924307919094,12.628223921769722,5.645585813206654,0.0,0.0,0.0,0.0,0.0,model1,15.0,False,2700.0
900,2015-04-24T17:00:00Z,49.0,174.56422858139751,436.2898816072227,124.11809405733185,41.24507847140811,13.694081566900106,52.15498136349976,12.372850463915027,5.406185499543193,0.0,0.0,0.0,0.0,0.0,model1,15.0,False,2703.0
901,2015-04-24T20:00:00Z,49.0,173.77069565444512,436.56606011080004,125.06229281077957,40.91359985314626,11.9956612903925,49.93580976636019,12.041850643216785,5.331607035642968,0.0,0.0,0.0,0.0,0.0,model1,15.0,False,2706.0
902,2015-04-24T23:00:00Z,49.0,170.96411901019312,437.20948392084915,124.77826287151964,40.849617941893094,11.972711465408704,50.55188176239765,12.122084272116446,5.4755744618198845,0.0,0.0,0.0,0.0,0.0,model1,15.0,False,2709.0
903,2015-04-25T02:00:00Z,49.0,171.6731100068337,431.4413095575558,126.83482191660242,39.951074154764406,13.501463349089398,46.61370494058814,9.930049725556925,4.143736142853687,0.0,0.0,0.0,0.0,0.0,model1,15.0,False,2712.0
904,2015-04-25T05:00:00Z,49.0,173.0193593533567,422.9971862990374,121.93845908583351,39.98468598773315,12.551629071960786,47.47150725832574,17.359040863812314,3.264519810371852,0.0,0.0,0.0,0.0,0.0,model1,15.0,False,2715.0
905,2015-04-25T08:00:00Z,49.0,172.3885136225278,434.07115410670167,116.61618961243788,39.60902039541949,14.253408361449342,52.552754336970395,17.287748857913847,3.330280979126212,0.0,0.0,0.0,0.0,0.0,model1,15.0,False,2718.0
906,2015-04-25T11:00:00Z,49.0,171.3384754442798,439.7408837836506,112.38253948424986,40.198485845740535,13.286573745978027,53.44897040727093,17.902358476790866,3.6595560545387023,0.0,0.0,0.0,0.0,0.0,model1,15.0,False,2721.0
907,2015-04-25T14:00:00Z,49.0,171.41681245541167,445.6669946200298,108.11265653482955,40.23375706985961,14.052840807870435,49.58502833844984,17.796926232367767,4.7841264208745145,0.0,0.0,0.0,0.0,0.0,model1,15.0,False,2724.0
908,2015-04-25T17:00:00Z,49.0,170.25597090200628,445.07184634842855,105.12327394575777,39.998194431015904,15.427680418281165,50.304108959687106,16.88286861548223,4.766854897402746,0.0,0.0,0.0,0.0,0.0,model1,15.0,False,2727.0
909,2015-04-25T20:00:00Z,49.0,167.49152455832487,436.13500692285487,102.32620678398943,40.88029155528544,17.57019093214538,50.82376671650664,15.84429096752092,5.08676256977467,0.0,0.0,0.0,0.0,0.0,model1,15.0,False,2730.0
910,2015-04-25T23:00:00Z,49.0,167.6419185627291,437.47584098702987,100.58296327540012,41.46407685547089,18.002700333893944,51.10005318843236,14.383612341191359,4.858699772023256,0.0,0.0,0.0,0.0,0.0,model1,15.0,False,2733.0
911,2015-04-26T02:00:00Z,49.0,166.76706025645163,443.0601925709558,98.59332849157921,41.1041104723837,16.71697457820871,52.84777830155514,11.527729788139851,5.230137617836573,0.0,0.0,0.0,0.0,0.0,model1,15.0,False,2736.0
912,2015-04-26T05:00:00Z,49.0,168.24560124544897,453.3491734093573,101.0240612234051,40.43262099652429,17.73593566471661,43.8768757498528,9.103775646984245,5.476241976099974,0.0,0.0,0.0,0.0,0.0,model1,15.0,False,2739.0
913,2015-04-26T08:00:00Z,49.0,168.95289032528203,448.02221505981714,101.28810512051241,40.72590111068303,16.708900340001026,46.34196815182985,9.49151460594219,5.364376852361566,0.0,0.0,0.0,0.0,0.0,model1,15.0,False,2742.0
914,2015-04-26T11:00:00Z,49.0,167.141452805541,444.4625933724165,100.90063127758934,39.737510696979825,16.0079121590485,43.966826218419435,9.540800155250583,5.41625424020152,0.0,0.0,0.0,0.0,0.0,model1,15.0,False,2745.0
915,2015-04-26T14:00:00Z,49.0,168.57433212524788,439.2088254326448,101.40823261929899,39.430939387340295,16.52636025077754,48.58230896218871,9.95850154215166,4.432950088777319,0.0,0.0,0.0,0.0,0.0,model1,15.0,False,2748.0
916,2015-04-26T17:00:00Z,49.0,169.2805172917019,443.03138474425117,101.81731917386944,40.689585000037866,15.2868350937726,53.359211750701114,9.81706347639568,5.429602694490894,0.0,0.0,0.0,0.0,0.0,model1,15.0,False,2751.0
917,2015-04-26T20:00:00Z,49.0,172.078020306939,447.71979994730384,102.67995858360926,40.22778264246007,12.491737591373706,49.394791010798436,10.486586740539998,5.051657888630106,0.0,0.0,0.0,0.0,0.0,model1,15.0,False,2754.0
918,2015-04-26T23:00:00Z,49.0,173.03523252965,445.8848181063877,101.82715182791118,40.093488390144465,10.7190372122031,47.709052820661405,9.713447802459044,4.898122710012276,0.0,0.0,0.0,0.0,0.0,model1,15.0,False,2757.0
919,2015-04-27T02:00:00Z,49.0,173.34018914102455,435.0493449782613,99.31058454154704,40.848333788955,10.54727818094031,49.91271880417393,10.194005626834524,5.057421086182533,0.0,0.0,0.0,0.0,0.0,model1,15.0,False,2760.0
920,2015-04-27T05:00:00Z,49.0,171.41593896875895,431.0707527727008,99.20175902414532,41.27107893179677,9.672942368914317,50.63888125761444,10.677391043512943,4.418031831398197,0.0,0.0,0.0,0.0,0.0,model1,15.0,False,2763.0
921,2015-04-27T08:00:00Z,49.0,171.6056334429616,427.4112388416036,99.5914099643146,40.657071607841935,11.495316621870478,47.461163074799394,10.129868142686592,4.910636085085291,0.0,0.0,0.0,0.0,0.0,model1,15.0,False,2766.0
922,2015-04-27T11:00:00Z,49.0,170.9248095357029,437.5831303227408,101.24480553521092,41.046600452935635,12.289620132436776,55.94450767085221,9.808414522179909,4.852754821078087,0.0,0.0,0.0,0.0,0.0,model1,15.0,False,2769.0
923,2015-04-27T14:00:00Z,49.0,167.68579466667813,441.4047774345881,101.37328200817551,41.46958087653697,11.338316946781733,52.19278503777808,9.10053778255656,4.805025244757919,0.0,0.0,0.0,0.0,0.0,model1,15.0,False,2772.0
924,2015-04-27T17:00:00Z,49.0,168.43025778929785,441.03433298710814,99.46305766826157,40.434438536412976,12.205897402576039,48.52463372468711,10.3739185885695,4.210331181326736,0.0,0.0,0.0,0.0,0.0,model1,15.0,False,2775.0
925,2015-04-27T20:00:00Z,49.0,167.82698670461318,441.11941029969483,97.35324531530016,39.77963845566122,12.369793833740944,52.66966343752497,10.555298139345027,4.496999223696502,0.0,0.0,0.0,0.0,0.0,model1,15.0,False,2778.0
926,2015-04-27T23:00:00Z,49.0,169.32299191331674,436.55975674325936,96.89388130192663,39.64612055838146,13.22810020679676,52.808412536280784,11.021764004398348,4.518569576971188,0.0,0.0,0.0,0.0,0.0,model1,15.0,False,2781.0
927,2015-04-28T02:00:00Z,49.0,168.9334461906994,446.34049223820847,98.330620122461,39.178212486203975,13.66394078972524,50.95847523882666,10.783233496855283,3.7861363012767058,0.0,0.0,0.0,0.0,0.0,model1,15.0,False,2784.0
928,2015-04-28T05:00:00Z,49.0,170.11430603703502,448.09472891717695,96.64209197742471,39.255385563546774,14.047260581442485,49.10049892818832,11.3002542654509,4.368125377659782,0.0,0.0,0.0,0.0,0.0,model1,15.0,False,2787.0
929,2015-04-28T08:00:00Z,49.0,170.2096384142439,450.5356647190539,96.15599078429057,39.68921303717411,12.683023783817609,47.496415699743395,11.199454399982299,4.090224227873656,0.0,0.0,0.0,0.0,0.0,model1,15.0,False,2790.0
930,2015-04-28T11:00:00Z,49.0,170.50796693643974,442.3444837866168,96.2048037201111,39.821808624796965,12.654779174350375,40.56262606585764,11.36070779999366,4.1853368345770505,0.0,0.0,0.0,0.0,0.0,model1,15.0,False,2793.0
931,2015-04-28T14:00:00Z,49.0,170.35537526911529,446.48014042049584,96.8857073847512,39.652252424589896,13.334477209737466,40.23338938523597,11.875902203759642,4.0706773908769724,0.0,0.0,0.0,0.0,0.0,model1,15.0,False,2796.0
932,2015-04-28T17:00:00Z,49.0,168.50941884606033,448.52090939239457,99.06478703897426,39.605166309739325,13.045439505336962,42.919624762485,11.430343775363331,3.783157048466245,0.0,0.0,0.0,0.0,0.0,model1,15.0,False,2799.0
933,2015-04-28T20:00:00Z,49.0,168.61142506936997,446.32692720422745,101.24733004796607,39.90856389148993,13.460862977847825,39.24922058359825,10.63803027575296,3.9403146678776686,0.0,0.0,0.0,0.0,0.0,model1,15.0,False,2802.0
934,2015-04-28T23:00:00Z,49.0,166.10039106338925,447.03626389637583,101.21969407995465,39.928029728857936,13.714242845691887,50.15151280848414,10.111660832571667,4.045314079545681,0.0,0.0,0.0,0.0,0.0,model1,15.0,False,2805.0
935,2015-04-29T02:00:00Z,49.0,166.87900005135734,443.01778976057363,101.2209884316114,39.78750204062123,13.906103336641966,49.359025270783775,9.701547812717806,4.4743554865250905,0.0,0.0,0.0,0.0,0.0,model1,15.0,False,2808.0
936,2015-04-29T05:00:00Z,49.0,165.47757862409867,444.319294772105,102.32730913117277,40.333134997812685,13.205023847936495,54.93501631029995,7.4723949897793425,4.290954626495652,0.0,0.0,0.0,0.0,0.0,model1,15.0,False,2811.0
937,2015-04-29T08:00:00Z,49.0,164.6948889046934,447.63893037712234,102.20251212778965,39.812728530523216,12.392543274820232,57.47476823658737,7.238223593112396,4.478611130855102,0.0,0.0,0.0,0.0,0.0,model1,15.0,False,2814.0
938,2015-04-29T11:00:00Z,49.0,167.49166785631218,449.1030956966421,100.46080286573131,40.21619160949826,13.820141069381695,58.1881703304481,7.7861315563819575,4.694599948203344,0.0,0.0,0.0,0.0,0.0,model1,15.0,False,2817.0
939,2015-04-29T14:00:00Z,49.0,169.66439599024775,444.5462468838199,100.04739135514812,39.88388923949194,13.782398779050768,59.30777177199982,7.330224555601897,4.835676106718291,0.0,0.0,0.0,0.0,0.0,model1,15.0,False,2820.0
940,2015-04-29T17:00:00Z,49.0,174.01650692509963,443.4865341102628,98.71053883920906,39.06774423409971,16.112929581597342,55.634725955021544,7.1412830645203575,5.224164319829153,0.0,0.0,0.0,0.0,0.0,model1,15.0,False,2823.0
941,2015-04-29T20:00:00Z,49.0,176.35313165915454,449.5772686348503,98.32301014240733,39.43809306479208,16.189106474065987,58.54345536874226,7.670783345096643,4.963881038676061,0.0,0.0,0.0,0.0,0.0,model1,15.0,False,2826.0
942,2015-04-29T23:00:00Z,49.0,180.9252284150617,456.8067028172822,99.68679367167007,39.471703225640994,15.203676419948811,49.38072311698328,8.842322908022428,4.85513240094725,0.0,0.0,0.0,0.0,0.0,model1,15.0,False,2829.0
943,2015-04-30T02:00:00Z,49.0,183.53646188094865,461.2442886782834,100.32150210900406,38.62654468217111,15.913968260522065,49.777500594499436,10.015867553396713,5.740404118999658,0.0,0.0,0.0,0.0,0.0,model1,15.0,False,2832.0
944,2015-04-30T05:00:00Z,49.0,186.523168507898,464.5853077016069,99.59533055729742,37.76195436722779,14.617232524661894,42.88555454119114,11.062147842308919,5.5915297496993945,0.0,0.0,0.0,0.0,0.0,model1,15.0,False,2835.0
945,2015-04-30T08:00:00Z,49.0,189.37050058618084,462.3844556398347,99.87632598841394,38.677428503282094,13.177693514906164,39.098392675258644,11.36839710073116,5.961972653195535,0.0,0.0,0.0,0.0,0.0,model1,15.0,False,2838.0
946,2015-04-30T11:00:00Z,49.0,189.7136964531868,457.21786629876885,101.01837764841656,37.72543561217496,13.40369775820224,42.25438840289824,10.933131316062234,5.6368216042687855,0.0,0.0,0.0,0.0,0.0,model1,15.0,False,2841.0
947,2015-04-30T14:00:00Z,49.0,192.91968697551587,460.14420847982376,100.47725384521401,38.11380406530674,11.354805992104998,41.332414849748396,10.718394532618193,5.909198479928729,0.0,0.0,0.0,0.0,0.0,model1,15.0,False,2844.0
948,2015-04-30T17:00:00Z,49.0,193.8333228469096,462.66272020153014,101.61747639411728,39.03786038892797,11.248980205063152,42.748758063976545,10.503037717472523,5.906033917504496,0.0,0.0,0.0,0.0,0.0,model1,15.0,False,2847.0
949,2015-04-30T20:00:00Z,49.0,194.2025599632679,461.9501836758542,101.13115863318515,38.47110887926057,10.929981385958543,37.42511442347601,9.786356467479633,5.888992299105444,0.0,0.0,0.0,0.0,0.0,model1,15.0,False,2850.0
950,2015-04-30T23:00:00Z,49.0,192.56506705405525,466.0520591885517,100.31805900374277,38.81168215746194,11.61471830800984,40.65775867998338,8.994267126554938,6.127642842017669,0.0,0.0,0.0,0.0,0.0,model1,15.0,False,2853.0
951,2015-05-01T02:00:00Z,49.0,191.7332064928593,466.48375030585794,99.87425927448658,39.71466723427688,11.055132086476133,40.13646197375418,7.794949873317893,5.1073650085446864,0.0,0.0,0.0,0.0,0.0,model1,15.0,False,2856.0
952,2015-05-01T05:00:00Z,49.0,192.43588809956626,463.072282920405,100.54759506386681,39.79525197308714,13.285660935059918,41.905428038717716,7.214714368696959,4.6964335587207975,0.0,0.0,0.0,0.0,0.0,model1,15.0,False,2859.0
953,2015-05-01T08:00:00Z,49.0,190.0579756037693,464.4770812756482,100.13782703484988,40.02946558167285,15.16917024692267,43.595531982124044,6.775279245983652,4.697845595348957,0.0,0.0,0.0,0.0,0.0,model1,15.0,False,2862.0
954,2015-05-01T11:00:00Z,49.0,190.4938074676355,473.0989925631236,100.2913461216166,40.607225782196714,14.812825236588669,36.26771464972681,7.281351935305429,4.426253938842407,0.0,0.0,0.0,0.0,0.0,model1,15.0,False,2865.0
955,2015-05-01T14:00:00Z,49.0,185.99649153630955,472.7843358665605,100.46131553900324,40.527199329550044,16.28101173132454,37.7942766804535,7.083355105127075,4.421790837713892,0.0,0.0,0.0,0.0,0.0,model1,15.0,False,2868.0
956,2015-05-01T17:00:00Z,49.0,183.3285091628596,463.6635811016869,99.98224623125552,40.956222960822906,15.055421964026019,46.47238228045478,7.223768552086737,4.404877604272388,0.0,0.0,0.0,0.0,0.0,model1,15.0,False,2871.0
957,2015-05-01T20:00:00Z,49.0,180.5334514405185,459.2842360018772,100.7445422304159,41.27105951895194,15.898012464224724,52.090937983311264,7.288541066295536,4.570385596610528,0.0,0.0,0.0,0.0,0.0,model1,15.0,False,2874.0
958,2015-05-01T23:00:00Z,49.0,179.24615031310142,452.4509994776604,100.02746590981329,41.1786114628442,16.067446341362718,50.20498299643423,7.805689344781967,4.475726954291278,0.0,0.0,0.0,0.0,0.0,model1,15.0,False,2877.0
959,2015-05-02T02:00:00Z,49.0,177.92678542100643,448.99610559546784,99.41958155687266,42.1407114921284,15.830385564735757,49.10343906473089,7.989699390903027,5.047665469316468,0.0,0.0,0.0,0.0,0.0,model1,15.0,False,2880.0
960,2015-05-02T05:00:00Z,49.0,176.73361109816693,450.3057942878699,98.74737632548744,42.35926647103715,12.833806200260813,51.47841243514223,7.233857788577714,5.188041784606146,0.0,0.0,0.0,0.0,0.0,model1,15.0,False,2883.0
961,2015-05-02T08:00:00Z,49.0,174.26352165231793,449.3210653586126,99.59804568047078,41.800447253312186,15.829073933599384,49.49945474358837,7.3984871435604225,5.925753799888778,0.0,0.0,0.0,0.0,0.0,model1,15.0,False,2886.0
962,2015-05-02T11:00:00Z,49.0,171.62121065504226,445.1509229503367,98.95480859711193,41.99212196759211,15.344917856059196,48.32329339501776,7.133650714851947,5.78723777354141,0.0,0.0,0.0,0.0,0.0,model1,15.0,False,2889.0
963,2015-05-02T14:00:00Z,49.0,172.29742906435837,439.9006024254493,99.69312999553269,42.00854765647946,15.53915110365119,48.81386629105571,7.724917996820617,5.498884910055794,0.0,0.0,0.0,0.0,0.0,model1,15.0,False,2892.0
964,2015-05-02T17:00:00Z,49.0,172.81490236885242,445.6376539701867,100.42431867400283,42.056113779793954,16.553316392632333,55.92957591817813,7.772511765685822,5.4619614249986626,0.0,0.0,0.0,0.0,0.0,model1,15.0,False,2895.0
965,2015-05-02T20:00:00Z,49.0,174.16300393612224,449.7682419815678,99.50905395758892,42.50709925503792,16.091293015364574,53.7705318324123,7.978504594155768,5.080684840063237,0.0,0.0,0.0,0.0,0.0,model1,15.0,False,2898.0
966,2015-05-02T23:00:00Z,49.0,172.16020011255782,448.9224707672892,99.2360714211602,42.42173460201258,17.348484889990743,51.85024704232508,8.023800022995598,5.594675255938691,0.0,0.0,0.0,0.0,0.0,model1,15.0,False,2901.0
967,2015-05-03T02:00:00Z,49.0,170.4019715488572,448.53711823764564,100.25739657679041,41.49441792279058,17.069540872400836,53.04321200893733,8.112856021604374,5.1731359806820585,0.0,0.0,0.0,0.0,0.0,model1,15.0,False,2904.0
968,2015-05-03T05:00:00Z,49.0,166.8459819300027,443.9622074428602,99.60337887114835,42.04509965115644,17.040162614960252,51.53736634942822,8.603622996460187,5.027286647988414,0.0,0.0,0.0,0.0,0.0,model1,15.0,False,2907.0
969,2015-05-03T08:00:00Z,49.0,166.87820612650296,443.8019054375591,99.8215418866377,41.89407671838718,16.072127621894726,51.553187922169286,8.732875476736389,4.0789248501495186,0.0,0.0,0.0,0.0,0.0,model1,15.0,False,2910.0
970,2015-05-03T11:00:00Z,49.0,169.08252359638755,447.69479590276467,100.70094155968029,41.69440638828682,17.137104909115337,52.88587287035267,9.41662697233847,4.501008404476567,0.0,0.0,0.0,0.0,0.0,model1,15.0,False,2913.0
971,2015-05-03T14:00:00Z,49.0,169.75817951999684,457.6790933036174,101.22332068316469,41.74117160519328,17.149284268965243,49.468443362744075,10.10825893849286,5.251888752353903,0.0,0.0,0.0,0.0,0.0,model1,15.0,False,2916.0
972,2015-05-03T17:00:00Z,49.0,168.34650773386542,458.7705032346422,99.72580607991378,41.19368865252752,15.31227556967726,35.42513312762529,10.400033887135363,5.302596042021876,0.0,0.0,0.0,0.0,0.0,model1,15.0,False,2919.0
973,2015-05-03T20:00:00Z,49.0,168.713389456367,451.1297652679012,98.4650046352233,41.21604500390428,16.098217348408607,41.51298742057792,11.09738107868258,5.402555897514811,0.0,0.0,0.0,0.0,0.0,model1,15.0,False,2922.0
974,2015-05-03T23:00:00Z,49.0,169.0146879535213,453.4943653409925,99.6335355052424,41.15967010155283,16.563679619824313,43.28112837716401,12.21775868792625,5.38623076948901,0.0,0.0,0.0,0.0,0.0,model1,15.0,False,2925.0
975,2015-05-04T02:00:00Z,49.0,167.91805979570032,453.5421861411988,99.44955207495808,41.076322306767366,18.04483961298715,41.99585466351921,12.594240272534785,5.471683566929675,0.0,0.0,0.0,0.0,0.0,model1,15.0,False,2928.0
976,2015-05-04T05:00:00Z,49.0,168.15770710132531,458.64483797801904,99.412320604438,40.535390693736936,17.234291638667926,39.34685007022954,12.720137065463232,5.316161233890166,0.0,0.0,0.0,0.0,0.0,model1,15.0,False,2931.0
977,2015-05-04T08:00:00Z,49.0,169.1720720650436,465.8510977456872,98.36697373297156,40.69063141382008,16.409092370249773,44.72130899771848,13.387477207406638,5.487146883735671,0.0,0.0,0.0,0.0,0.0,model1,15.0,False,2934.0
978,2015-05-04T11:00:00Z,49.0,165.80448411724487,457.27322619609595,97.96098231503923,40.68152400852245,14.581198544223184,52.222958128464356,13.099263015187313,5.2198422068700285,0.0,0.0,0.0,0.0,0.0,model1,15.0,False,2937.0
979,2015-05-04T14:00:00Z,49.0,165.14238661021443,452.52862443199786,96.61922366523571,40.305588186644286,14.076081871917749,52.103691946631976,11.999853143510745,4.571969538828176,0.0,0.0,0.0,0.0,0.0,model1,15.0,False,2940.0
980,2015-05-04T17:00:00Z,49.0,164.39929665016462,450.48605027778547,96.0974073014271,40.33822404410386,14.293465412632232,53.02801088378622,12.112090433840564,4.3441332829539245,0.0,0.0,0.0,0.0,0.0,model1,15.0,False,2943.0
981,2015-05-04T20:00:00Z,49.0,161.68122172975183,460.4815885372029,99.21342487026227,40.01888451106373,11.882722381814125,49.157798404564936,12.439156192386427,4.254136198932246,0.0,0.0,0.0,0.0,0.0,model1,15.0,False,2946.0
982,2015-05-04T23:00:00Z,49.0,163.9480584540831,460.1702468065689,99.80399608101138,39.78558421526451,11.199636614832864,49.0915026898516,11.570956212927516,4.1114902220415495,0.0,0.0,0.0,0.0,0.0,model1,15.0,False,2949.0
983,2015-05-05T02:00:00Z,49.0,167.3026653583724,462.1346002573842,99.88651242126724,40.261508721025336,11.001436256155484,50.46158096228036,11.636209786817588,4.251875813142891,0.0,0.0,0.0,0.0,0.0,model1,15.0,False,2952.0
984,2015-05-05T05:00:00Z,49.0,167.58680848961598,461.1475835865523,101.19772846950659,40.06119915962724,10.852545973686981,50.18274294833226,11.17230429243687,4.401807862210592,0.0,0.0,0.0,0.0,0.0,model1,15.0,False,2955.0
985,2015-05-05T08:00:00Z,49.0,167.98750431048276,454.9319811448974,102.16387703974979,39.15855073725172,10.629654705324947,47.269356674306366,10.077456486063223,4.846597786869919,0.0,0.0,0.0,0.0,0.0,model1,15.0,False,2958.0
986,2015-05-05T11:00:00Z,49.0,168.96795453863547,459.0086072860133,102.55442317295321,39.11607279922312,10.018562894828364,40.87135607599479,9.489548879398264,4.866155914110403,0.0,0.0,0.0,0.0,0.0,model1,15.0,False,2961.0
987,2015-05-05T14:00:00Z,49.0,168.30723450762932,457.62861969223053,103.33906770159321,39.050273494534885,11.663441348618564,46.954511890471274,9.948497700568817,5.071150465168,0.0,0.0,0.0,0.0,0.0,model1,15.0,False,2964.0
988,2015-05-05T17:00:00Z,49.0,167.45460877543798,459.3784565724831,103.72216427464492,39.177745685988995,11.39338204424531,46.54821055947311,9.353359671876726,5.51403379918261,0.0,0.0,0.0,0.0,0.0,model1,15.0,False,2967.0
989,2015-05-05T20:00:00Z,49.0,169.13181890111426,459.65240350340065,102.45688713451969,39.36054198858601,11.447521383317804,47.98807043329265,9.104336497213662,5.402606306286758,0.0,0.0,0.0,0.0,0.0,model1,15.0,False,2970.0
990,2015-05-05T23:00:00Z,49.0,166.13865680260284,454.6338403416446,101.06433142381674,39.532887997230965,13.091885917921152,46.61102405437581,9.051904048124367,5.582629269061483,0.0,0.0,0.0,0.0,0.0,model1,15.0,False,2973.0
991,2015-05-06T02:00:00Z,49.0,165.53679801208887,450.82181220652376,100.54669194699228,38.29462849864142,13.050385541481244,43.498336510398616,8.124398263354442,5.445087880810571,0.0,0.0,0.0,0.0,0.0,model1,15.0,False,2976.0
992,2015-05-06T05:00:00Z,49.0,166.75116902231463,450.3907352481183,98.77338187901236,39.13176583610836,13.326002391307895,44.953265558620046,9.351629048639538,6.1566957302546825,0.0,0.0,0.0,0.0,0.0,model1,15.0,False,2979.0
993,2015-05-06T08:00:00Z,49.0,168.36767263846076,453.82317898446837,98.94711317129158,39.8773021494876,14.752119106049642,45.857029208219316,9.399704915135358,5.684107299976354,0.0,0.0,0.0,0.0,0.0,model1,15.0,False,2982.0
994,2015-05-06T11:00:00Z,49.0,171.5130511101265,459.14068038170944,98.1291059947986,40.129287412588155,18.75129079087509,44.82360055862205,9.282682217530237,5.598485205725701,0.0,0.0,0.0,0.0,0.0,model1,15.0,False,2985.0
995,2015-05-06T14:00:00Z,49.0,172.4568725837581,471.2339512885565,98.16857834433723,39.66902003448425,17.566823912206768,44.96629071226183,9.155666651343434,5.807666861185981,0.0,0.0,0.0,0.0,0.0,model1,15.0,False,2988.0
996,2015-05-06T17:00:00Z,49.0,172.52082815149998,468.07040500192,100.34384176651623,39.816537474768225,18.60538779772461,49.775991050409296,10.567359672160874,5.869772755356393,0.0,0.0,0.0,0.0,0.0,model1,15.0,False,2991.0
997,2015-05-06T20:00:00Z,49.0,171.27878176021386,456.1443223527892,100.43772139868328,39.674748217092144,18.801119788418,51.76726241606894,10.397483657600477,5.895431918888817,0.0,0.0,0.0,0.0,0.0,model1,15.0,False,2994.0
998,2015-05-06T23:00:00Z,49.0,169.7546251600287,465.62485615880036,98.86590324025428,39.75334676226922,20.808408694910238,55.43514820719945,11.606148940382614,5.935237190489483,0.0,0.0,0.0,0.0,0.0,model1,15.0,False,2997.0
999,2015-05-07T02:00:00Z,49.0,168.64938409471526,465.66670128108973,98.03626081566156,40.48789501308021,20.113150776647345,55.6101723791129,12.347851274066338,5.487314422278159,0.0,0.0,0.0,0.0,0.0,model1,15.0,False,3000.0
1000,2015-05-07T05:00:00Z,49.0,168.35523986413574,464.3358020389901,99.66995058298843,40.28998955163181,19.95510694073181,56.096561343097925,11.274483730719115,4.9390975982325935,0.0,0.0,0.0,0.0,0.0,model1,15.0,False,3003.0
1001,2015-05-07T08:00:00Z,49.0,167.68717962962762,459.19077683946335,99.99239666826617,40.63496046921117,19.289354018855427,54.3314577117673,12.229058005807483,5.517492446525326,0.0,0.0,0.0,0.0,0.0,model1,15.0,False,3006.0
1002,2015-05-07T11:00:00Z,49.0,164.72678084562932,458.9595855241071,100.35343116460787,39.74591527149119,14.75246105587944,56.66351511739664,12.168062996715335,5.989078198110232,0.0,0.0,0.0,0.0,0.0,model1,15.0,False,3009.0
1003,2015-05-07T14:00:00Z,49.0,163.07026099361588,452.93224530101645,100.51379600471095,40.905382946716706,14.588775835169564,57.67998780130427,12.073595389645087,6.027251559914531,0.0,0.0,0.0,0.0,0.0,model1,15.0,False,3012.0
1004,2015-05-07T17:00:00Z,49.0,163.92520037950808,455.64821069174604,100.14206878574673,41.02663312780363,14.461138508466805,60.07611360127506,11.707033232659786,5.8533587067897415,0.0,0.0,0.0,0.0,0.0,model1,15.0,False,3015.0
1005,2015-05-07T20:00:00Z,49.0,166.28260431761896,464.12725260063996,99.75428350734377,41.14756930496621,17.978404261185805,60.88208115551297,11.657428538056175,5.889334644464456,0.0,0.0,0.0,0.0,0.0,model1,15.0,False,3018.0
1006,2015-05-07T23:00:00Z,49.0,170.27427853605087,457.9609414668456,102.22306622737592,41.47120258227017,14.34247841720371,62.01789557150053,10.502701020223707,5.412618848419372,0.0,0.0,0.0,0.0,0.0,model1,15.0,False,3021.0
1007,2015-05-08T02:00:00Z,49.0,169.6632797391697,466.2416698383692,102.91601045485004,41.49575969102831,14.20233885542438,72.3444881013332,10.236203593550384,5.522473117548849,0.0,0.0,0.0,0.0,0.0,model1,15.0,False,3024.0
1008,2015-05-08T05:00:00Z,49.0,167.48055776742217,468.9578550743476,102.70055120273388,41.97762714973592,15.581206270816581,73.84437925434595,10.361722105831056,5.8171032139017385,0.0,0.0,0.0,0.0,0.0,model1,15.0,False,3027.0
1009,2015-05-08T08:00:00Z,49.0,168.09742721378228,473.0929176598007,102.10028047899523,40.84723979903315,16.11772133096671,73.03458839833564,9.324314619839386,6.3923604357286985,0.0,0.0,0.0,0.0,0.0,model1,15.0,False,3030.0
1010,2015-05-08T11:00:00Z,49.0,170.99295775323466,467.22730861315523,101.12409671333802,41.86981723036809,19.230151056081734,73.89866412256082,9.727567894898543,5.866053466349946,0.0,0.0,0.0,0.0,0.0,model1,15.0,False,3033.0
1011,2015-05-08T14:00:00Z,49.0,172.2923876952476,462.83558323089966,100.4756513175568,41.333814177358825,19.16187328504905,67.8614882253257,9.038459120056134,5.707876634567759,0.0,0.0,0.0,0.0,0.0,model1,15.0,False,3036.0
1012,2015-05-08T17:00:00Z,49.0,173.1464743117215,466.3037457607845,100.73446195149359,40.49829817926751,19.20334236530847,65.32836052992492,9.506717803551133,5.724867280279662,0.0,0.0,0.0,0.0,0.0,model1,15.0,False,3039.0
1013,2015-05-08T20:00:00Z,49.0,171.99487068114578,460.753226430158,102.41612818166661,40.813100150205045,17.246950509333683,63.47368141198632,10.36020426342766,5.884619523965039,0.0,0.0,0.0,0.0,0.0,model1,15.0,False,3042.0
1014,2015-05-08T23:00:00Z,49.0,172.84024941215043,459.5244363192156,101.80790448772552,40.26740484279324,17.161169291140222,58.38210224112746,9.741435220690878,5.806707273067907,0.0,0.0,0.0,0.0,0.0,model1,15.0,False,3045.0
1015,2015-05-09T02:00:00Z,49.0,171.47395225685366,456.1016956392744,100.55987189082758,40.44366105536255,19.331671434610072,47.35181773203559,10.490861368121818,6.018349517693667,0.0,0.0,0.0,0.0,0.0,model1,15.0,False,3048.0
1016,2015-05-09T05:00:00Z,49.0,173.463294175691,453.38647859198716,100.41985651586019,39.70194424729753,18.369272930547297,43.89693042957876,10.62645049908126,5.4304693586368415,0.0,0.0,0.0,0.0,0.0,model1,15.0,False,3051.0
1017,2015-05-09T08:00:00Z,49.0,172.59478026842226,446.52340056155884,99.3094132483633,40.963175438221114,17.77901934596625,44.95967370310935,10.500957881023874,4.47202143873521,0.0,0.0,0.0,0.0,0.0,model1,15.0,False,3054.0
1018,2015-05-09T11:00:00Z,49.0,169.1066825491386,451.0621673625728,99.0876893914699,40.33118259484653,14.967466284153746,43.33236308106138,10.657000867780912,4.507827525074759,0.0,0.0,0.0,0.0,0.0,model1,15.0,False,3057.0
1019,2015-05-09T14:00:00Z,49.0,168.58067245854832,453.1400052094628,99.96303768575638,41.13680025488782,14.376524750890193,45.88598047427214,11.088387147024763,4.419021002364225,0.0,0.0,0.0,0.0,0.0,model1,15.0,False,3060.0
1020,2015-05-09T17:00:00Z,49.0,168.2786779501029,451.9632841423037,97.85265750518258,41.258141787408256,12.702328901709087,44.271084925547136,9.752177811050439,4.394153225942408,0.0,0.0,0.0,0.0,0.0,model1,15.0,False,3063.0
1021,2015-05-09T20:00:00Z,49.0,167.7265495110237,449.4414155980752,96.32332043199246,40.372920169763844,11.740667996391284,44.62533335774832,8.147971137981347,4.508776530982157,0.0,0.0,0.0,0.0,0.0,model1,15.0,False,3066.0
1022,2015-05-09T23:00:00Z,49.0,166.84575350241292,449.35023638718246,97.33924190335146,40.46184291407235,11.647716886736116,44.75717546908062,9.78384382267083,4.524985311883938,0.0,0.0,0.0,0.0,0.0,model1,15.0,False,3069.0
1023,2015-05-10T02:00:00Z,49.0,169.18867790784088,445.86846790963517,98.78373114320073,40.826380506258815,9.239898577762325,39.69613473791697,8.804539546880953,4.283252764064712,0.0,0.0,0.0,0.0,0.0,model1,15.0,False,3072.0
1024,2015-05-10T05:00:00Z,49.0,169.48734443017437,448.47664599619407,99.47296595318741,40.71474243202629,9.39235180922696,39.13390852449961,9.12353502533582,4.3271215563796845,0.0,0.0,0.0,0.0,0.0,model1,15.0,False,3075.0
1025,2015-05-10T08:00:00Z,49.0,170.36143853450696,453.98851166293775,99.74393805805414,40.40880619738512,10.531062546244993,37.0604798756293,10.118923640414367,4.232879748590691,0.0,0.0,0.0,0.0,0.0,model1,15.0,False,3078.0
1026,2015-05-10T11:00:00Z,49.0,172.07749462032834,453.29526028268793,101.32495193797709,41.543861213112116,11.116129560514533,35.92914512722333,9.869207935662653,4.521472095571839,0.0,0.0,0.0,0.0,0.0,model1,15.0,False,3081.0
1027,2015-05-10T14:00:00Z,49.0,171.84631622058137,460.69670976616163,99.96302781245743,41.0865353927263,11.8249281961764,44.45578003987895,9.719087349023708,4.430578710432445,0.0,0.0,0.0,0.0,0.0,model1,15.0,False,3084.0
1028,2015-05-10T17:00:00Z,49.0,171.4962565209868,455.3788813835189,100.53958942066221,41.45306699013057,11.997292297599175,41.831582739558506,9.956904773766817,4.165196091249036,0.0,0.0,0.0,0.0,0.0,model1,15.0,False,3087.0
1029,2015-05-10T20:00:00Z,49.0,172.0933401259576,464.6254643980241,100.16423502335924,42.08612066895512,13.171703239897118,36.882886682808326,9.68798929597079,3.617639268436806,0.0,0.0,0.0,0.0,0.0,model1,15.0,False,3090.0
1030,2015-05-10T23:00:00Z,49.0,172.41475838855672,464.05266717757036,99.1846823393105,42.03490608252997,13.462253723326011,37.44119215517921,8.504726965650832,3.544552766578477,0.0,0.0,0.0,0.0,0.0,model1,15.0,False,3093.0
1031,2015-05-11T02:00:00Z,49.0,171.10850540033016,467.47600011945536,98.97846619528052,41.314230672300155,13.403788900533586,38.299761247426964,8.164632973640852,3.791973008217818,0.0,0.0,0.0,0.0,0.0,model1,15.0,False,3096.0
1032,2015-05-11T05:00:00Z,49.0,171.75830513896705,463.81183430557746,98.93038149759712,41.064311090466994,14.271558615966786,41.307849080006044,7.893549927566638,4.7883858736685285,0.0,0.0,0.0,0.0,0.0,model1,15.0,False,3099.0
1033,2015-05-11T08:00:00Z,49.0,174.9890682186775,459.98226958080505,98.31474112657743,39.91446528643852,18.41425642186484,41.62226526001061,6.7572778131792965,6.1205364753096125,0.0,0.0,0.0,0.0,0.0,model1,15.0,False,3102.0
1034,2015-05-11T11:00:00Z,49.0,175.3243042528854,457.48152750287215,98.8056123706094,39.59712487335029,18.656930663909364,43.754209682407904,7.219920001947884,5.9223500829154325,0.0,0.0,0.0,0.0,0.0,model1,15.0,False,3105.0
1035,2015-05-11T14:00:00Z,49.0,178.92800289269886,442.7836020770336,99.46767019676788,39.182200533288004,19.060751195086766,34.69123415061833,7.409921332504179,5.839065382406693,0.0,0.0,0.0,0.0,0.0,model1,15.0,False,3108.0
1036,2015-05-11T17:00:00Z,49.0,181.1768633843089,447.62835126947715,99.31948619118643,39.14141063013055,18.833653692376963,35.52807536397036,6.959073907423402,6.269210627307925,0.0,0.0,0.0,0.0,0.0,model1,15.0,False,3111.0
1037,2015-05-11T20:00:00Z,49.0,181.01835333823536,446.3207879530474,99.95306825531664,38.909328033543524,18.904299103109427,38.822081579301965,7.528472288574492,6.1225535483448175,0.0,0.0,0.0,0.0,0.0,model1,15.0,False,3114.0
1038,2015-05-11T23:00:00Z,49.0,182.76667889686973,445.90816343040177,99.91118551485854,38.700263038173816,18.088915467509565,39.7197048302984,8.076541167785757,6.787210048748647,0.0,0.0,0.0,0.0,0.0,model1,15.0,False,3117.0
1039,2015-05-12T02:00:00Z,49.0,185.34747708589992,442.342036702595,101.05661757550352,38.55226007992192,16.496140440570528,46.41187573271407,9.39095733971318,6.82398596902576,0.0,0.0,0.0,0.0,0.0,model1,15.0,False,3120.0
1040,2015-05-12T05:00:00Z,49.0,187.45138393327682,444.2043848944972,100.54121625496292,39.17597093188451,14.77102775751968,50.31509447967506,9.73293166779098,6.514998033775389,0.0,0.0,0.0,0.0,0.0,model1,15.0,False,3123.0
1041,2015-05-12T08:00:00Z,49.0,185.32179709581231,439.97765093595376,101.461163149027,39.883468900869865,12.272853166212967,57.6786119500164,9.817767716941248,5.4878967802447285,0.0,0.0,0.0,0.0,0.0,model1,15.0,False,3126.0
1042,2015-05-12T11:00:00Z,49.0,186.93784310627743,444.8303496142261,100.42180940640164,39.663774898686576,12.611655141379886,58.752201778480966,9.548738003092767,5.542160562947093,0.0,0.0,0.0,0.0,0.0,model1,15.0,False,3129.0
1043,2015-05-12T14:00:00Z,49.0,185.38503566046563,452.95031472973176,101.07463510883991,39.832872221512936,13.33554601591263,59.681873790605934,9.545954648114732,5.548607949191832,0.0,0.0,0.0,0.0,0.0,model1,15.0,False,3132.0
1044,2015-05-12T17:00:00Z,49.0,187.35805863723084,451.8342444338212,101.07304433588808,39.561168399345654,14.333676860975013,59.30322956392911,10.173739759691195,4.9873008416769045,0.0,0.0,0.0,0.0,0.0,model1,15.0,False,3135.0
1045,2015-05-12T20:00:00Z,49.0,190.7267828596743,446.5013104397658,101.24050320237714,39.96342181602883,13.33475687678256,57.33922861275783,11.011052123724939,5.439490666984813,0.0,0.0,0.0,0.0,0.0,model1,15.0,False,3138.0
1046,2015-05-12T23:00:00Z,49.0,190.5012732253697,450.7589739094903,101.88949973441751,40.38794959266507,13.851718418254174,59.64627223242925,10.710214726011268,4.742188659276672,0.0,0.0,0.0,0.0,0.0,model1,15.0,False,3141.0
1047,2015-05-13T02:00:00Z,49.0,191.8614954159483,446.11995585194563,100.68452392032007,41.316303860570784,14.895704046533787,58.832585648670474,10.192115738975096,4.8271044562712015,0.0,0.0,0.0,0.0,0.0,model1,15.0,False,3144.0
1048,2015-05-13T05:00:00Z,49.0,191.7950061661417,444.29002809238546,100.71456891411762,40.26631660942135,15.824670825697876,54.999171280329406,9.680644035814947,4.97031479979435,0.0,0.0,0.0,0.0,0.0,model1,15.0,False,3147.0
1049,2015-05-13T08:00:00Z,49.0,189.97215132924592,442.80761264503167,99.82602946259516,40.87434667344173,18.17208090688274,58.83498291440086,10.886125810885543,4.885026721886618,0.0,0.0,0.0,0.0,0.0,model1,15.0,False,3150.0
1050,2015-05-13T11:00:00Z,49.0,186.88308788022988,428.6862225276885,99.23755906451281,40.399123952689756,18.693176098178775,65.89473344608142,14.10205414194931,4.700931702451235,0.0,0.0,0.0,0.0,0.0,model1,15.0,False,3153.0
1051,2015-05-13T14:00:00Z,49.0,186.29105464144203,410.1573800201882,99.59457287665813,40.05175574780375,18.824645230593365,73.10175408505123,14.516755734116662,5.223540457028926,0.0,0.0,0.0,0.0,0.0,model1,15.0,False,3156.0
1052,2015-05-13T17:00:00Z,49.0,181.4980278479932,396.8704573665554,100.25818301201038,39.80137214727207,19.53563611761172,73.75865901330364,14.468088626028454,5.360757664744843,0.0,0.0,0.0,0.0,0.0,model1,15.0,False,3159.0
1053,2015-05-13T20:00:00Z,49.0,177.95343742034905,391.77460859796736,99.82984717895802,39.52486875210556,17.80118061608608,73.35947673197342,14.029538726750387,4.8834093094836115,0.0,0.0,0.0,0.0,0.0,model1,15.0,False,3162.0
1054,2015-05-13T23:00:00Z,49.0,177.74087206202466,380.9198663447463,98.0862610457023,39.30185044478253,17.498082510936566,64.5577863257964,14.079632490131235,4.803398819035271,0.0,0.0,0.0,0.0,0.0,model1,15.0,False,3165.0
1055,2015-05-14T02:00:00Z,49.0,173.91272164584012,377.214753758342,98.94366445000358,38.93996977081089,15.422663313809768,59.71869044426786,14.184455238952026,4.13820628758492,0.0,0.0,0.0,0.0,0.0,model1,15.0,False,3168.0
1056,2015-05-14T05:00:00Z,49.0,171.76410413979704,366.63446328558456,98.90441780297779,39.90435198724332,13.614553106255398,56.92796065706147,14.699493507474322,4.292760181013226,0.0,0.0,0.0,0.0,0.0,model1,15.0,False,3171.0
1057,2015-05-14T08:00:00Z,49.0,171.29176962197738,363.1609673152314,100.44431005510802,39.02877540820019,12.917768990232176,48.214371856758795,13.727319094566186,4.4847540953225735,0.0,1.0,1.0,0.0,0.0,model1,15.0,True,3174.0
1058,2015-05-14T11:00:00Z,49.0,170.1648924252791,361.8950281546338,101.0515638204632,38.99276698599357,13.374563632502134,47.34232253575307,10.46639121853494,4.242999430606004,0.0,1.0,1.0,0.0,0.0,model1,15.0,True,3177.0
1059,2015-05-14T14:00:00Z,49.0,169.48686533402184,367.37409088402603,100.77837158447191,39.690440265096676,12.435756499077446,40.30856743958414,10.488673633093097,3.824688729619444,0.0,1.0,1.0,0.0,0.0,model1,15.0,True,3180.0
1060,2015-05-14T17:00:00Z,49.0,170.45451584645323,365.80420809433923,99.89199866761213,40.38261990536637,12.968716295922482,37.44767290084121,10.332423440164321,4.237103332659074,0.0,1.0,1.0,0.0,0.0,model1,15.0,True,3183.0
1061,2015-05-14T20:00:00Z,49.0,168.76685333905883,364.99485937392683,100.601380013252,40.57819300215978,13.561374134652946,39.129338643491735,10.280285584637683,4.38790318798413,0.0,1.0,1.0,0.0,0.0,model1,15.0,True,3186.0
1062,2015-05-14T23:00:00Z,49.0,166.83620515934513,365.0374295388292,102.30342511082071,40.675752673418,12.466543113758867,39.56986856524,9.791729405250935,4.2708195120824906,0.0,1.0,1.0,0.0,0.0,model1,15.0,True,3189.0
1063,2015-05-15T02:00:00Z,49.0,166.69401002713948,367.301634559236,100.1990298164553,40.35210545238612,12.548840533538058,40.781849409424794,10.998230466812425,4.354141460073087,0.0,1.0,1.0,0.0,0.0,model1,15.0,True,3192.0
1064,2015-05-15T05:00:00Z,49.0,165.33537598165017,373.1053283221557,101.18216883244268,40.186401049683134,11.626819944168384,40.83313745244526,10.409072888639766,4.389541230559142,0.0,1.0,1.0,0.0,0.0,model1,15.0,True,3195.0
1065,2015-05-15T08:00:00Z,49.0,166.26430377841146,384.9729357004925,101.28965291451335,41.33730290662912,11.634146461357233,53.94590992428205,10.504685620186956,4.34142856412255,0.0,0.0,0.0,0.0,0.0,model1,15.0,False,3198.0
1066,2015-05-15T11:00:00Z,49.0,167.84852700893126,397.5323291935254,102.55716139993794,41.07185030390592,11.58719597736142,53.20929761179097,10.661743123247684,4.4387179800718215,0.0,0.0,0.0,0.0,0.0,model1,15.0,False,3201.0
1067,2015-05-15T14:00:00Z,49.0,168.34733394640517,408.0416257908032,99.96543321071545,40.709713753593576,11.696966831507256,54.456809329759906,11.200300243924111,4.383181320884123,0.0,0.0,0.0,0.0,0.0,model1,15.0,False,3204.0
1068,2015-05-15T17:00:00Z,49.0,167.75095409010945,419.6782336317859,100.85979172129149,40.16914059455856,10.139878375404273,48.841123158617236,10.635448157289929,3.9324094222012462,0.0,0.0,0.0,0.0,0.0,model1,15.0,False,3207.0
1069,2015-05-15T20:00:00Z,49.0,171.2930278794189,433.9964446946331,100.41422563344368,39.947811123917866,11.053020825306193,48.49037650526191,10.088211418071085,3.7072737984634574,0.0,0.0,0.0,0.0,0.0,model1,15.0,False,3210.0
1070,2015-05-15T23:00:00Z,49.0,171.56760474768592,439.53450180142767,99.6590856413566,39.55002101553247,11.295241825346658,47.5741770144541,10.049073893490288,3.916086107960688,0.0,0.0,0.0,0.0,0.0,model1,15.0,False,3213.0
1071,2015-05-16T02:00:00Z,49.0,174.68057814181657,446.7130160915992,101.04368303796836,39.89215464124121,13.651456531939163,55.54820629953598,8.148107432001996,4.135024333516091,0.0,0.0,0.0,0.0,1.0,model1,15.0,False,3216.0
1072,2015-05-16T05:00:00Z,49.0,175.12465972871087,455.7941861100293,101.29261404112579,39.310672757937816,12.695070228271673,50.636849481330145,8.303935931746032,4.146679394441303,0.0,0.0,0.0,0.0,1.0,model1,15.0,False,3219.0
1073,2015-05-16T08:00:00Z,49.0,176.67490507476555,456.2250341526629,100.08056740965066,39.24784842436571,14.206439480868735,45.43337887715178,9.247880206285991,3.6948765612178014,0.0,0.0,0.0,0.0,1.0,model1,15.0,False,3222.0
1074,2015-05-16T11:00:00Z,49.0,175.35352219414196,461.4143726083177,98.93619678487178,39.4318606620829,17.205493231500746,53.03635967594834,8.399605844858826,4.242908995825235,0.0,0.0,0.0,0.0,1.0,model1,15.0,False,3225.0
1075,2015-05-16T14:00:00Z,49.0,174.15039020307185,460.3161186033083,100.1438865296295,39.32272647128272,17.32556862793835,52.438446624906575,7.262270517787211,5.024034211977463,0.0,0.0,0.0,0.0,1.0,model1,15.0,False,3228.0
1076,2015-05-16T17:00:00Z,49.0,175.81176864923037,459.21708270516365,100.9534346031444,39.39239568981292,17.009158904627984,52.956293638724496,7.653761371437644,5.075711128645661,0.0,0.0,0.0,0.0,1.0,model1,15.0,False,3231.0
1077,2015-05-16T20:00:00Z,49.0,173.47380990634198,462.12597069467085,102.11834969496279,40.04708106047695,16.681041908372247,55.27877227849608,8.941774796023141,5.700847865814268,0.0,0.0,0.0,0.0,1.0,model1,15.0,False,3234.0
1078,2015-05-16T23:00:00Z,49.0,173.27892113249317,462.19829176397934,103.13916615690357,40.52375881810934,16.900854261299198,52.23870316660138,10.440762064477454,5.43790724915914,0.0,0.0,0.0,0.0,1.0,model1,15.0,False,3237.0
1079,2015-05-17T02:00:00Z,49.0,169.7011315624794,464.4915974689511,103.36630871670091,40.89101397079442,15.609868580250778,44.56365953210654,10.599471778163922,5.881084660654718,0.0,0.0,0.0,0.0,0.0,model1,15.0,False,3240.0
1080,2015-05-17T05:00:00Z,49.0,170.78123162492932,458.7053635989623,103.235387243008,41.43444900054985,16.667677708861554,47.10565579919599,11.064414066442255,5.533821366840061,0.0,0.0,0.0,0.0,0.0,model1,15.0,False,3243.0
1081,2015-05-17T08:00:00Z,49.0,168.80225740595438,456.6790216209362,103.53173480007405,40.20386290107066,14.620270387831555,51.4806637393259,9.835104473494328,6.4090649379227065,0.0,0.0,0.0,0.0,0.0,model1,15.0,False,3246.0
1082,2015-05-17T11:00:00Z,49.0,168.71762874686854,446.2830716041764,104.62249235674494,40.871701742206135,11.793897951002204,46.04271630116935,9.844296427876873,6.278473262079188,0.0,0.0,0.0,0.0,0.0,model1,15.0,False,3249.0
1083,2015-05-17T14:00:00Z,49.0,169.21765239314664,446.76302827725715,104.77478974948816,40.69031998081193,12.041897481047199,46.02988571674282,10.158403578449793,5.743255843001213,0.0,0.0,0.0,0.0,0.0,model1,15.0,False,3252.0
1084,2015-05-17T17:00:00Z,49.0,167.98629012889984,443.3223600729793,105.00668405582512,40.13327446215241,11.392811584494062,50.26766584077509,10.176684613327195,6.158331182593282,0.0,0.0,0.0,0.0,0.0,model1,15.0,False,3255.0
1085,2015-05-17T20:00:00Z,49.0,168.26574133694524,434.0086870107506,102.31068120864565,39.4637849166031,12.809772258971007,45.35029193874854,10.714105050993398,5.5922264764938685,0.0,0.0,0.0,0.0,0.0,model1,15.0,False,3258.0
1086,2015-05-17T23:00:00Z,49.0,167.70305192099812,434.773032179634,100.7409641368602,40.01263981831221,13.736822857679998,45.533566157643115,10.079750477468377,6.0284666316320195,0.0,0.0,0.0,0.0,0.0,model1,15.0,False,3261.0
1087,2015-05-18T02:00:00Z,49.0,167.84979786155597,430.4253043559598,101.1934056576916,39.51023112654903,13.484361557712912,42.83260881536192,10.729531514766649,5.334603459095948,0.0,0.0,0.0,0.0,0.0,model1,15.0,False,3264.0
1088,2015-05-18T05:00:00Z,49.0,170.04557110963933,429.6087603584684,100.86950606344459,38.88818820383696,15.316906406740987,49.74452663288586,10.466687290201591,5.299300099310131,0.0,0.0,0.0,0.0,0.0,model1,15.0,False,3267.0
1089,2015-05-18T08:00:00Z,49.0,167.00889611151953,438.30561427988334,101.62207901304649,40.2798274545722,17.065254221710525,55.85531344300501,10.554176334323804,4.922129420729274,0.0,0.0,0.0,0.0,0.0,model1,15.0,False,3270.0
1090,2015-05-18T11:00:00Z,49.0,165.84962962546405,439.5987172901842,101.45706211624099,39.8938784461656,18.350765021679003,54.4180624460118,10.666225340053293,4.505040534435407,0.0,0.0,0.0,0.0,0.0,model1,15.0,False,3273.0
1091,2015-05-18T14:00:00Z,49.0,166.05041755338252,432.8777890981333,102.14282755263945,39.918399241281115,19.442649179234344,64.14744405598229,10.103528393167787,4.472596312084575,0.0,0.0,0.0,0.0,0.0,model1,15.0,False,3276.0
1092,2015-05-18T17:00:00Z,49.0,166.13483628181126,440.15278208289976,100.38444036619131,40.308171431454475,19.567485877111057,62.435247286659745,9.918545880217934,4.184866181559766,0.0,0.0,0.0,0.0,0.0,model1,15.0,False,3279.0
1093,2015-05-18T20:00:00Z,49.0,167.41925256799328,441.4078556745389,102.9764594791542,39.90367270256026,19.437081639104765,61.41502929797534,9.294297051904278,4.425804322492978,0.0,0.0,0.0,0.0,0.0,model1,15.0,False,3282.0
1094,2015-05-18T23:00:00Z,49.0,168.88876252910958,440.34674015331007,102.48185802025309,38.7610142670535,18.614087476943862,61.750572313344726,9.797659272876604,4.275761999924629,0.0,0.0,0.0,0.0,0.0,model1,15.0,False,3285.0
1095,2015-05-19T02:00:00Z,49.0,170.56958376195192,442.26959813460815,101.34495384953784,38.89189855581193,17.967157307643234,60.418012518499424,9.296532481317763,4.484738336095081,0.0,0.0,0.0,0.0,0.0,model1,15.0,False,3288.0
1096,2015-05-19T05:00:00Z,49.0,166.33678245106643,447.2101872418323,102.27140384784776,39.87285964033799,15.449627270210385,54.80584322404048,9.977602755884662,4.765702365289759,0.0,0.0,0.0,0.0,0.0,model1,15.0,False,3291.0
1097,2015-05-19T08:00:00Z,49.0,169.41267759532892,443.5962098408567,101.90077079371632,39.01364880372532,13.653111488881262,51.92669976045225,10.330836777203794,4.7001314205703935,0.0,0.0,0.0,0.0,0.0,model1,15.0,False,3294.0
1098,2015-05-19T11:00:00Z,49.0,171.26431762260603,450.27595354576516,100.73956132278124,39.34543553409164,13.122677995244125,53.163114042325276,10.57936555091915,5.05161199277936,0.0,0.0,0.0,0.0,0.0,model1,15.0,False,3297.0
1099,2015-05-19T14:00:00Z,49.0,171.35474457255518,455.8715724183663,100.19051696348691,39.48896487459049,10.987165096982684,39.40323306546863,10.7790065964383,5.149772293155028,0.0,0.0,0.0,0.0,0.0,model1,15.0,False,3300.0
1100,2015-05-19T17:00:00Z,49.0,170.64655518957784,457.43130347674776,100.83429406263596,40.336621701352854,12.540724892818485,39.44898155532928,11.287053355929036,5.061487158952507,0.0,0.0,0.0,0.0,0.0,model1,15.0,False,3303.0
1101,2015-05-19T20:00:00Z,49.0,169.78408561269967,455.5290559832634,98.45387076274444,40.28607266709065,12.684610555479967,41.0022379580686,11.207259094458896,4.979898746363864,0.0,0.0,0.0,0.0,0.0,model1,15.0,False,3306.0
1102,2015-05-19T23:00:00Z,49.0,168.3874462475431,458.5565036966513,100.30862242061892,40.52587368800976,12.732009737089172,40.04360086627585,10.616682182103206,4.6779969918672855,0.0,0.0,0.0,0.0,0.0,model1,15.0,False,3309.0
1103,2015-05-20T02:00:00Z,49.0,166.07386146053136,462.7609463002304,99.50450166681999,39.85077534415368,14.28334224224566,43.829102937446066,11.181939636602113,5.0868339534696725,0.0,0.0,0.0,0.0,0.0,model1,15.0,False,3312.0
1104,2015-05-20T05:00:00Z,49.0,166.72673095121553,462.8470728589096,98.12060754980487,39.83466796351985,14.135562193178119,47.30830971400296,10.230014641846566,5.497883759267597,0.0,0.0,0.0,0.0,0.0,model1,15.0,False,3315.0
1105,2015-05-20T08:00:00Z,49.0,167.04108543169482,455.22119442620703,97.91858883606496,39.782072512138974,14.126517101232604,45.79665632323082,10.013764235603404,5.054907630592564,0.0,0.0,0.0,0.0,0.0,model1,15.0,False,3318.0
1106,2015-05-20T11:00:00Z,49.0,166.1349538336725,448.6016696172702,98.7767427016587,39.59055692865932,13.010355815198324,49.634689788123076,9.776992026578501,4.805291969705793,0.0,0.0,0.0,0.0,0.0,model1,15.0,False,3321.0
1107,2015-05-20T14:00:00Z,49.0,165.121125387558,454.9697710180368,98.93149414777623,40.39495814727854,14.264699392418725,52.99734634321754,9.85394529411114,5.156137054453521,0.0,0.0,0.0,0.0,0.0,model1,15.0,False,3324.0
1108,2015-05-20T17:00:00Z,49.0,164.29320388868402,456.92396563554877,98.50307048530914,39.28217461181603,13.83115655687726,57.997460484359465,9.701717467178332,5.245559341486832,0.0,0.0,0.0,0.0,0.0,model1,15.0,False,3327.0
1109,2015-05-20T20:00:00Z,49.0,164.0522817492627,456.36603534293226,99.23022870523216,39.83555211532425,13.077763612345095,58.462709334008,10.273616410957233,5.24529397478363,0.0,0.0,0.0,0.0,0.0,model1,15.0,False,3330.0
1110,2015-05-20T23:00:00Z,49.0,163.16899276491898,451.40512631805717,98.89207672056548,40.72848233375072,13.550124524158734,59.28725974999547,9.632134629283145,5.26698683522177,0.0,0.0,0.0,0.0,0.0,model1,15.0,False,3333.0
1111,2015-05-21T02:00:00Z,49.0,164.86656284685168,452.2107411739895,100.25524595498767,40.417820994786,12.993984253679129,56.569989526783075,8.95982390394516,5.264602568388344,0.0,0.0,0.0,0.0,0.0,model1,15.0,False,3336.0
1112,2015-05-21T05:00:00Z,49.0,166.61984399630288,444.44922201337005,100.987535330879,40.23189318508736,16.031144503510042,57.2016560305869,8.639395769902771,4.832926233444646,0.0,0.0,0.0,0.0,0.0,model1,15.0,False,3339.0
1113,2015-05-21T08:00:00Z,49.0,164.9475652054591,442.08329136608637,101.9300987516644,40.70796882193519,15.710779113716526,56.64953405981171,8.625069166608213,4.93236754969133,0.0,0.0,0.0,0.0,0.0,model1,15.0,False,3342.0
1114,2015-05-21T11:00:00Z,49.0,164.6814970846305,446.8123238584472,100.32115646500202,40.27794841707855,15.86891748496033,52.634976854926265,9.02884750005536,5.097217264218576,0.0,0.0,0.0,0.0,0.0,model1,15.0,False,3345.0
1115,2015-05-21T14:00:00Z,49.0,167.63891934369738,444.1260013237625,100.98644572804443,39.295397803632056,16.355926587862523,49.476392581866385,8.815414218399582,4.6951376827881655,0.0,0.0,0.0,0.0,0.0,model1,15.0,False,3348.0
1116,2015-05-21T17:00:00Z,49.0,169.84991988401578,438.0146436362128,101.40246347399948,40.54755847111617,15.75122321548777,47.1609685665409,7.955480038848398,4.6776396080396525,0.0,0.0,0.0,0.0,0.0,model1,15.0,False,3351.0
1117,2015-05-21T20:00:00Z,49.0,170.01860334442048,441.4754035476105,102.43695977988071,40.79805012597031,15.923245563761823,45.53563422873347,6.184996708792593,4.897563320520086,0.0,0.0,0.0,0.0,0.0,model1,15.0,False,3354.0
1118,2015-05-21T23:00:00Z,49.0,171.695077870618,448.2891207683904,102.15495540436191,40.30322761191565,14.917657887744253,45.33827078447946,6.377903833383128,4.6996903267430366,0.0,0.0,0.0,0.0,0.0,model1,15.0,False,3357.0
1119,2015-05-22T02:00:00Z,49.0,170.3025751947636,447.3169799970905,103.05602085064993,41.0079500108489,14.929615049805117,47.092351131479646,7.353891306649554,4.320075849105507,0.0,0.0,0.0,0.0,0.0,model1,15.0,False,3360.0
1120,2015-05-22T05:00:00Z,49.0,169.36143305598063,451.44103048999466,103.10536440192982,40.96481891464124,12.146374340970096,47.85354017888654,9.730505428806303,4.2700762558768215,0.0,0.0,0.0,0.0,0.0,model1,15.0,False,3363.0
1121,2015-05-22T08:00:00Z,49.0,171.57746176170497,458.9373033460249,102.2775288468855,41.1122080689895,12.274016131216412,48.869117177533475,9.926698624037009,4.20208602455334,0.0,0.0,0.0,0.0,0.0,model1,15.0,False,3366.0
1122,2015-05-22T11:00:00Z,49.0,172.86914030293542,459.49432861413146,103.47994320069179,40.97724775118103,10.654044819252947,50.00443469548665,8.987624066541253,4.649850941549664,0.0,0.0,0.0,0.0,0.0,model1,15.0,False,3369.0
1123,2015-05-22T14:00:00Z,49.0,171.11133199071537,461.9090686299545,102.31832647801892,41.12459285879141,9.468988765057283,50.34970801883782,9.833578595928023,5.148145487282415,0.0,0.0,0.0,0.0,0.0,model1,15.0,False,3372.0
1124,2015-05-22T17:00:00Z,49.0,170.77184709062936,462.3069123016649,100.97019814520634,40.41340416314033,9.731324383087092,46.8564576279512,11.77602769391664,4.9555580550770095,0.0,0.0,0.0,0.0,0.0,model1,15.0,False,3375.0
1125,2015-05-22T20:00:00Z,49.0,170.76939836266547,462.53813033828425,100.9079987378457,40.531929575968256,11.398424444083645,47.813369799377824,11.738686210179093,4.919666968002091,0.0,0.0,0.0,0.0,0.0,model1,15.0,False,3378.0
1126,2015-05-22T23:00:00Z,49.0,171.87422233998237,455.84072757400736,99.55886598825485,39.98421463235047,11.946543186491606,53.26576577121333,12.297689249732668,5.0781633783569164,0.0,0.0,0.0,0.0,0.0,model1,15.0,False,3381.0
1127,2015-05-23T02:00:00Z,49.0,171.61357567585117,457.38787820286,97.79892723452585,40.24719821107825,12.472344626555465,56.1417292414594,11.481589531540127,4.97226998674872,0.0,0.0,0.0,0.0,0.0,model1,15.0,False,3384.0
1128,2015-05-23T05:00:00Z,49.0,170.54033415786958,465.0645795671769,96.32092668371668,39.738993550627434,12.832887109037733,52.037866285852154,9.104575184261863,5.1778323540525415,0.0,0.0,0.0,0.0,0.0,model1,15.0,False,3387.0
1129,2015-05-23T08:00:00Z,49.0,168.7127784497967,462.7742582038592,96.10271171684678,39.75845668401895,12.22196181097344,52.65950454094731,9.15789995420598,5.287037393258951,0.0,0.0,0.0,0.0,0.0,model1,15.0,False,3390.0
1130,2015-05-23T11:00:00Z,49.0,170.02147019298204,457.0479652255792,95.66256972275649,40.025450206989134,13.456773727544052,54.8694904944624,9.035391819354682,4.710486306354452,0.0,0.0,0.0,0.0,0.0,model1,15.0,False,3393.0
1131,2015-05-23T14:00:00Z,49.0,168.90960451757783,455.39210327202886,94.1516930140105,40.23869876290543,13.531262759832424,53.344553813671844,11.050640751745565,4.15686903246288,0.0,0.0,0.0,0.0,0.0,model1,15.0,False,3396.0
1132,2015-05-23T17:00:00Z,49.0,167.99111638711918,456.92121956194427,95.22087762364951,40.67957141043336,12.746630570112753,51.09793775550428,9.960639973717749,4.375092153022663,0.0,0.0,0.0,0.0,0.0,model1,15.0,False,3399.0
1133,2015-05-23T20:00:00Z,49.0,168.7347427080834,458.32352596870453,93.45997989893169,40.22892796892853,12.914856229410072,50.65044955023801,9.586818200357902,4.096167073442325,0.0,0.0,0.0,0.0,0.0,model1,15.0,False,3402.0
1134,2015-05-23T23:00:00Z,49.0,166.62789609610002,455.0076562505107,95.07956410733742,40.84894392651128,12.335972620550704,57.00419127250402,9.890380780147892,3.9020631079025603,0.0,0.0,0.0,0.0,0.0,model1,15.0,False,3405.0
1135,2015-05-24T02:00:00Z,49.0,170.84063020842243,451.79116696507856,96.47832542990496,41.22530420466372,14.988168207152883,52.02835594265864,11.194219381994124,3.983512380374602,0.0,0.0,0.0,0.0,0.0,model1,15.0,False,3408.0
1136,2015-05-24T05:00:00Z,49.0,170.59553494154812,445.45062723865294,97.29717875699421,41.33166912518762,15.398492963924264,49.319061082614354,11.453800149900468,3.595750868112803,0.0,0.0,0.0,0.0,0.0,model1,15.0,False,3411.0
1137,2015-05-24T08:00:00Z,49.0,171.56496293195195,447.0597474234362,96.77704515092732,41.22218167914705,16.370453897206527,47.02631984489207,11.35963116639619,3.781363437931041,0.0,0.0,0.0,0.0,0.0,model1,15.0,False,3414.0
1138,2015-05-24T11:00:00Z,49.0,170.2582938422175,453.08334459828535,97.33730649058424,41.31603188866266,15.971504418856373,45.161360031425716,12.269561829380445,3.955077343086504,0.0,0.0,0.0,0.0,0.0,model1,15.0,False,3417.0
1139,2015-05-24T14:00:00Z,49.0,170.45817509830601,448.28239809701853,99.06739047419704,40.99735302403057,16.146751399611034,45.70525683142658,9.605944459026068,4.074483709501636,0.0,0.0,0.0,0.0,0.0,model1,15.0,False,3420.0
1140,2015-05-24T17:00:00Z,49.0,171.72306452715924,448.34995861927047,99.27063352162884,41.1938277791571,16.488281367840763,45.54550346934372,9.524558559400626,4.147870019112328,0.0,0.0,0.0,0.0,0.0,model1,15.0,False,3423.0
1141,2015-05-24T20:00:00Z,49.0,170.0821502513475,450.131773869691,99.0296640185166,41.021907112271215,16.55521450558245,45.60068556759178,10.362870927412047,4.218735318755037,0.0,0.0,0.0,0.0,0.0,model1,15.0,False,3426.0
1142,2015-05-24T23:00:00Z,49.0,169.66708136126414,458.90902541690366,98.21633258408806,40.73593128637003,16.542362722462762,31.26917520704109,10.863578115808012,4.82961106304373,0.0,0.0,0.0,0.0,0.0,model1,15.0,False,3429.0
1143,2015-05-25T02:00:00Z,49.0,165.82686034453897,457.0424034389006,98.77267423823777,40.71558210856298,14.687577431628965,36.03312473430903,11.097123849296555,4.852647554644948,0.0,0.0,0.0,0.0,0.0,model1,15.0,False,3432.0
1144,2015-05-25T05:00:00Z,49.0,164.16958899942784,456.6281774925567,99.03988589763752,39.893290293504855,16.207268292935353,37.221313429766155,11.155504532393888,5.569472199198624,0.0,0.0,0.0,0.0,0.0,model1,15.0,False,3435.0
1145,2015-05-25T08:00:00Z,49.0,163.2476609240549,445.03261755602796,100.06588441639164,39.508444406968,14.887758553536019,45.01969631873587,11.524692769324146,5.206043696538276,0.0,0.0,0.0,0.0,0.0,model1,15.0,False,3438.0
1146,2015-05-25T11:00:00Z,49.0,163.4022617980081,445.3416037055626,99.67072209275018,39.77016306345508,14.764454343228257,47.79075295316302,10.944900892854696,5.362262209016102,0.0,0.0,0.0,0.0,0.0,model1,15.0,False,3441.0
1147,2015-05-25T14:00:00Z,49.0,165.43374373558322,444.9495429985819,99.40546037990507,39.81595972345758,16.101739322633986,47.56235578767715,11.163494700369084,5.371737470943126,0.0,0.0,0.0,0.0,0.0,model1,15.0,False,3444.0
1148,2015-05-25T17:00:00Z,49.0,164.31264702435382,441.0659406170035,99.2208480467686,38.85519949231072,16.207581678756664,53.50443277803521,11.703234795603954,5.204916882569785,0.0,0.0,0.0,0.0,0.0,model1,15.0,False,3447.0
1149,2015-05-25T20:00:00Z,49.0,165.4355114707589,434.1303118515338,100.15563789253338,38.72024084321629,15.477997356716818,52.77050924684637,10.329880327603325,5.367878447723453,0.0,0.0,0.0,0.0,0.0,model1,15.0,False,3450.0
1150,2015-05-25T23:00:00Z,49.0,168.16908171227618,431.88510294609483,100.85767304863052,39.021815813415735,17.660201939545683,53.9843813070386,10.1489187870526,5.10461096302705,0.0,0.0,0.0,0.0,0.0,model1,15.0,False,3453.0
1151,2015-05-26T02:00:00Z,49.0,169.94004160855366,434.2044192361417,100.96159099164579,38.4028326059264,18.261224843980514,51.65346140376492,9.752200101184014,4.611886697425335,0.0,0.0,0.0,0.0,0.0,model1,15.0,False,3456.0
1152,2015-05-26T05:00:00Z,49.0,172.5856523738876,437.1120132226016,100.66818820071772,39.76446283564477,16.518128394691523,53.697396503861064,9.349924835765515,4.074346210768409,0.0,0.0,0.0,0.0,0.0,model1,15.0,False,3459.0
1153,2015-05-26T08:00:00Z,49.0,174.1910963243476,441.8970911971733,98.96826271429165,39.65099087700285,17.008707895792714,49.84979953004528,9.270248787789868,4.118287713930251,0.0,0.0,0.0,0.0,0.0,model1,15.0,False,3462.0
1154,2015-05-26T11:00:00Z,49.0,175.3406715097958,439.5635855999488,97.8936564977965,39.63812232949748,17.568084337603473,56.73147300292281,10.700218995809161,3.8016691161049856,0.0,0.0,0.0,0.0,0.0,model1,15.0,False,3465.0
1155,2015-05-26T14:00:00Z,49.0,171.79025696361268,447.03343598210836,98.27842261742308,39.50632776077922,18.584675159086693,58.529231192394505,10.530506430067117,3.6635937705412482,0.0,0.0,0.0,0.0,0.0,model1,15.0,False,3468.0
1156,2015-05-26T17:00:00Z,49.0,173.28061369736423,444.55509062709984,99.22441958785083,39.88471052723397,17.923884187167644,55.379332300324535,10.260713329564476,3.2802015155496638,0.0,0.0,0.0,0.0,0.0,model1,15.0,False,3471.0
1157,2015-05-26T20:00:00Z,49.0,173.8277351015401,448.9492974891503,101.63104834066614,39.97221310018623,17.726950010423042,53.45633036696717,11.340258234236384,3.2858635423190425,0.0,0.0,0.0,0.0,0.0,model1,15.0,False,3474.0
1158,2015-05-26T23:00:00Z,49.0,172.2793538636324,452.8383519491772,101.48535575660135,39.401743676285975,16.032853647456292,54.10692906504472,11.08114486356854,3.4495908710797685,0.0,0.0,0.0,0.0,0.0,model1,15.0,False,3477.0
1159,2015-05-27T02:00:00Z,49.0,171.64675329534447,447.0037827249282,100.36898270614796,39.774522081348856,13.727646187670144,59.790943134672574,10.504562225504367,3.6760466477734544,0.0,0.0,0.0,0.0,0.0,model1,15.0,False,3480.0
1160,2015-05-27T05:00:00Z,49.0,172.7332861356171,447.9853279884833,99.73660936746042,38.94620665518315,13.440520068729622,58.77996657752964,10.79051734916852,3.896315893112943,0.0,0.0,0.0,0.0,0.0,model1,15.0,False,3483.0
1161,2015-05-27T08:00:00Z,49.0,170.77045941037275,452.57535108335645,100.10010872199871,39.035420979856134,13.694259977500794,57.87159388916538,10.26358736028176,4.113235016451792,0.0,0.0,0.0,0.0,0.0,model1,15.0,False,3486.0
1162,2015-05-27T11:00:00Z,49.0,169.05558171001346,445.7475868221797,101.8209517766107,38.1722410986769,14.01594079717417,49.85326091268959,8.35528626544033,4.329952648033673,0.0,0.0,0.0,0.0,0.0,model1,15.0,False,3489.0
1163,2015-05-27T14:00:00Z,49.0,171.6489921539503,438.62283892265486,101.97476007401495,38.142433701708335,12.572002748056386,48.84546455922803,8.24013050377173,4.552201348365875,0.0,0.0,0.0,0.0,0.0,model1,15.0,False,3492.0
1164,2015-05-27T17:00:00Z,49.0,169.76027030831082,444.07915213330114,101.31082139805773,38.55276037821157,12.422578789705227,48.59867176065157,8.431277395363473,4.905892383215972,0.0,0.0,0.0,0.0,0.0,model1,15.0,False,3495.0
1165,2015-05-27T20:00:00Z,49.0,167.03643682795325,446.71385942485773,99.39601055257414,39.41736824707657,12.582560278095107,52.30119742715746,8.162375546286379,5.426607510894269,0.0,0.0,0.0,0.0,0.0,model1,15.0,False,3498.0
1166,2015-05-27T23:00:00Z,49.0,167.72495998068442,444.4570175917532,100.08630976790592,39.677057177607395,12.937271917430053,49.78721725877911,8.297010831264776,6.234435649543724,0.0,0.0,0.0,0.0,0.0,model1,15.0,False,3501.0
1167,2015-05-28T02:00:00Z,49.0,169.86422708304016,441.95694173174377,99.71150669005243,39.48717224888086,14.122708802338321,45.39603509440659,8.87129452288924,6.119268755945392,0.0,0.0,0.0,0.0,0.0,model1,15.0,False,3504.0
1168,2015-05-28T05:00:00Z,49.0,169.89269762837816,439.10004115948107,100.24256413505616,40.26439969807785,13.737539748346267,43.779266093232415,8.807370619448035,5.991973791615669,0.0,0.0,0.0,0.0,0.0,model1,15.0,False,3507.0
1169,2015-05-28T08:00:00Z,49.0,170.76045586619645,443.28618673314077,100.51202033357607,40.40006445464694,12.60358683867317,47.41797024871022,8.550116876018249,6.47139988409905,0.0,0.0,0.0,0.0,0.0,model1,15.0,False,3510.0
1170,2015-05-28T11:00:00Z,49.0,171.53737739480195,449.6475088133138,100.74364406344152,41.14652313165031,10.320832037963648,49.27850144053506,8.874171685987957,6.621348783298634,0.0,0.0,0.0,0.0,0.0,model1,15.0,False,3513.0
1171,2015-05-28T14:00:00Z,49.0,170.059670329103,455.48531343311174,100.5782787314958,40.98802877506577,11.336346565435205,49.93858018950119,9.558098551189373,6.605399860292196,0.0,0.0,0.0,0.0,0.0,model1,15.0,False,3516.0
1172,2015-05-28T17:00:00Z,49.0,170.23086937472416,453.2148761582322,100.69449419917379,40.440523255088905,11.002626226033412,48.83816446644986,9.61892370122687,7.1568982230262685,0.0,0.0,0.0,0.0,0.0,model1,15.0,False,3519.0
1173,2015-05-28T20:00:00Z,49.0,171.9284085268621,451.42117158000235,100.43993573307866,38.78000974715578,10.097082467944528,45.508538081140756,9.086502791541102,7.174419643283961,0.0,0.0,0.0,0.0,0.0,model1,15.0,False,3522.0
1174,2015-05-28T23:00:00Z,49.0,171.46610546416872,453.37048132839783,100.64694553188801,38.469302083609094,10.936309666572496,45.34998734765696,10.897549755801618,6.237310481717215,0.0,0.0,0.0,0.0,0.0,model1,15.0,False,3525.0
1175,2015-05-29T02:00:00Z,49.0,170.13234051148459,466.3004875769372,101.18243933254958,38.22872791951454,10.319299900930655,44.67196594151954,10.39000127474823,6.484719341140796,0.0,0.0,0.0,0.0,0.0,model1,15.0,False,3528.0
1176,2015-05-29T05:00:00Z,49.0,170.57321451413358,467.73685841777007,100.17312049770493,37.73421019901508,10.484597870181153,44.540631487651055,11.15842449282434,6.20796952500861,0.0,0.0,0.0,0.0,0.0,model1,15.0,False,3531.0
1177,2015-05-29T08:00:00Z,49.0,170.78821300549572,463.2789615054058,101.06129076334386,37.62074859131428,10.785603682255832,45.13114803566416,11.220877246917825,5.700074185561392,0.0,0.0,0.0,0.0,0.0,model1,15.0,False,3534.0
1178,2015-05-29T11:00:00Z,49.0,170.3430467488509,461.24417661263726,100.73880747380966,37.641704518846886,10.737033772674637,51.69352101999753,11.051773843429883,5.097197102564245,0.0,0.0,0.0,0.0,0.0,model1,15.0,False,3537.0
1179,2015-05-29T14:00:00Z,49.0,172.87961205896534,461.4310314961323,101.57518558518204,38.64794341426504,12.748323690241651,50.740935334443186,10.423925846353326,5.388825178602039,0.0,0.0,0.0,0.0,0.0,model1,15.0,False,3540.0
1180,2015-05-29T17:00:00Z,49.0,173.38602165659265,462.57087272982,102.35834708379234,38.95140660936155,12.562123294429314,50.19731767834266,10.56001578989208,4.60760356798697,0.0,0.0,0.0,0.0,0.0,model1,15.0,False,3543.0
1181,2015-05-29T20:00:00Z,49.0,173.55210769746932,455.5372414831616,102.48070584435496,40.226354873215286,12.340685110470623,57.985905289829816,10.164972156991741,4.22820663363074,0.0,0.0,0.0,0.0,0.0,model1,15.0,False,3546.0
1182,2015-05-29T23:00:00Z,49.0,174.9409007411026,452.5527389275148,100.76119987287771,41.56277463884804,11.530879049802616,57.582089766248394,8.479393822349978,5.179723560350987,0.0,0.0,0.0,0.0,0.0,model1,15.0,False,3549.0
1183,2015-05-30T02:00:00Z,49.0,173.42316122224705,445.006522349829,101.44482472389356,41.55615231934539,12.508350060775273,53.3803463759574,9.719046854679343,4.963564584472604,0.0,0.0,0.0,0.0,0.0,model1,15.0,False,3552.0
1184,2015-05-30T05:00:00Z,49.0,173.52837825886212,443.17088354761637,102.97623651995235,41.83147569558973,12.573215057319114,52.90955200212547,8.770453613942996,4.901591668214001,0.0,0.0,0.0,0.0,0.0,model1,15.0,False,3555.0
1185,2015-05-30T08:00:00Z,49.0,173.96971897960117,452.3663473133398,103.53225486312417,41.829131988346646,12.808792166808734,58.754044980984965,9.093528867878204,4.69001332147496,0.0,0.0,0.0,0.0,0.0,model1,15.0,False,3558.0
1186,2015-05-30T11:00:00Z,49.0,173.7796761141288,454.72756607403517,104.59776299131391,41.73382244234329,13.892409570074207,49.23508637095212,10.014173108267874,4.703681208552526,0.0,0.0,0.0,0.0,0.0,model1,15.0,False,3561.0
1187,2015-05-30T14:00:00Z,49.0,172.30377004120862,449.20648014557366,102.5898931209836,41.07020540608565,12.997144258641914,47.17944529799979,11.219549576296561,5.172466468843688,0.0,0.0,0.0,0.0,0.0,model1,15.0,False,3564.0
1188,2015-05-30T17:00:00Z,49.0,172.72623434432208,452.280739215835,100.7742493434005,41.17746610392288,14.464758933298723,46.8768796759029,11.477762506465854,5.621663176393684,0.0,0.0,0.0,0.0,0.0,model1,15.0,False,3567.0
1189,2015-05-30T20:00:00Z,49.0,173.9444956006015,455.11675627289077,99.96217828606387,40.99548258040007,14.581289555486519,41.011076475336644,11.728354895710973,5.553392231918188,0.0,0.0,0.0,0.0,0.0,model1,15.0,False,3570.0
1190,2015-05-30T23:00:00Z,49.0,173.2029690959737,455.28920296286486,100.49353338825485,40.08392888148472,14.685898526014151,43.00445965012187,11.46225085294525,4.864206534627152,0.0,0.0,0.0,0.0,0.0,model1,15.0,False,3573.0
1191,2015-05-31T02:00:00Z,49.0,172.950756648284,449.9364408767961,98.79236170544212,39.620321346855505,14.59971071443676,44.5346323044045,11.195351611038175,5.099248534861209,0.0,0.0,0.0,0.0,0.0,model1,15.0,False,3576.0
1192,2015-05-31T05:00:00Z,49.0,170.82289513331287,448.78368803629996,100.1124138506741,39.643070316803296,16.610393640825166,44.30920646503759,12.751075712729282,4.9826941102807885,0.0,0.0,0.0,0.0,0.0,model1,15.0,False,3579.0
1193,2015-05-31T08:00:00Z,49.0,171.63952724387408,438.91595407576693,99.12613377838804,39.943753662157704,18.372792241351167,32.443520541789034,12.124093389548856,4.924628161968231,0.0,0.0,0.0,0.0,0.0,model1,15.0,False,3582.0
1194,2015-05-31T11:00:00Z,49.0,173.16877840208903,436.9715698691855,97.97354766438114,40.18097731424474,17.753386654420286,33.34040988636316,10.893528719593954,4.867978145697019,0.0,0.0,0.0,0.0,0.0,model1,15.0,False,3585.0
1195,2015-05-31T14:00:00Z,49.0,172.3913846593979,439.46854984452784,99.3197367453578,40.12583154536304,16.84174206483324,35.7433421790317,10.69212697386144,4.6835460308583166,0.0,0.0,0.0,0.0,0.0,model1,15.0,False,3588.0
1196,2015-05-31T17:00:00Z,49.0,173.2191905741833,438.28149279637535,100.50776690351486,39.73551599372792,16.075440773284733,37.89067134716967,10.200467083912137,4.1167615604264105,0.0,0.0,0.0,0.0,0.0,model1,15.0,False,3591.0
1197,2015-05-31T20:00:00Z,49.0,172.79594731654666,438.51418649712235,100.97115613148027,39.395563915739324,16.751562670572753,40.35231596282514,10.07011112460981,4.077682131682061,0.0,0.0,0.0,0.0,0.0,model1,15.0,False,3594.0
1198,2015-05-31T23:00:00Z,49.0,170.12822058417655,438.95750069466317,101.66037381226278,39.59317872970864,18.43839567337002,38.769407629291145,10.258379796812903,4.050040174579504,0.0,0.0,0.0,0.0,0.0,model1,15.0,False,3597.0
1199,2015-06-01T02:00:00Z,49.0,172.68787637778755,443.2877806128888,102.69022708932528,39.83904440378116,18.51154720432749,41.43226174518027,8.857543669719792,3.9550846438844447,0.0,0.0,0.0,0.0,0.0,model1,15.0,False,3600.0
1200,2015-06-01T05:00:00Z,49.0,172.55325936175097,446.919718043061,100.95274335060431,39.20112685172723,17.019056730509114,41.7792264292863,6.957542155491217,4.3564647464359,0.0,0.0,0.0,0.0,0.0,model1,15.0,False,3603.0
1201,2015-06-01T08:00:00Z,49.0,170.52929111206674,450.1737808316676,101.90705633479232,39.55948498053239,15.359368428183894,43.53384596714811,7.185156665670811,4.786187620577532,0.0,0.0,0.0,0.0,0.0,model1,15.0,False,3606.0
1202,2015-06-01T11:00:00Z,49.0,171.26607072543234,449.7944483245055,101.10422004733454,39.36237309120444,16.171945231049303,43.34470776986105,6.730936397398998,4.728357927469101,0.0,0.0,0.0,0.0,0.0,model1,15.0,False,3609.0
1203,2015-06-01T14:00:00Z,49.0,171.25668523922164,448.37530310759973,101.66356961684644,39.068373097547706,16.051977146647506,41.91366409839065,7.134471278110023,5.145274146200365,0.0,0.0,0.0,0.0,0.0,model1,15.0,False,3612.0
1204,2015-06-01T17:00:00Z,49.0,170.54714113804897,452.4828749112346,101.15158291319493,39.37209597515256,16.968315627635974,43.22106059467973,7.130440455616284,5.33856414105725,0.0,0.0,0.0,0.0,0.0,model1,15.0,False,3615.0
1205,2015-06-01T20:00:00Z,49.0,169.44056387183676,447.7737645306515,102.28025335460272,39.48627364369446,19.209743342906645,42.288776305316,7.043617890995183,5.57869418495451,0.0,0.0,0.0,0.0,0.0,model1,15.0,False,3618.0
1206,2015-06-01T23:00:00Z,49.0,173.3199201754966,449.3413312689719,100.51671090965765,39.60629815979196,18.112243919546557,42.182156832996476,9.520437488154263,5.426408884743612,0.0,0.0,0.0,0.0,0.0,model1,15.0,False,3621.0
1207,2015-06-02T02:00:00Z,49.0,170.79326068035468,450.1707455264282,99.30319519835268,39.78728600726708,18.794565314854445,37.3258171800012,10.002477954090136,5.864615211867808,0.0,0.0,0.0,0.0,0.0,model1,15.0,False,3624.0
1208,2015-06-02T05:00:00Z,49.0,172.8599902978738,452.97382265168665,100.85585813971564,40.675043613047116,18.3049862619748,40.55623392326504,11.735093119117307,5.616896778077004,0.0,0.0,0.0,0.0,0.0,model1,15.0,False,3627.0
1209,2015-06-02T08:00:00Z,49.0,172.54926686711914,451.2846208031988,99.64954261746256,40.15410910286657,18.2052503696044,40.44960219389573,11.924013837348195,5.716041256634142,0.0,0.0,0.0,0.0,0.0,model1,15.0,False,3630.0
1210,2015-06-02T11:00:00Z,49.0,172.5730328966621,455.7917266297658,98.95263173210488,40.582149603424256,18.158955004080653,40.34658199817455,12.285139685426786,5.957350192208091,0.0,0.0,0.0,0.0,0.0,model1,15.0,False,3633.0
1211,2015-06-02T14:00:00Z,49.0,173.87708610290116,454.57473410874985,96.634617609542,41.77213059011217,17.802516809645468,40.9306604405996,13.866772375055811,5.455709765664222,0.0,0.0,0.0,0.0,0.0,model1,15.0,False,3636.0
1212,2015-06-02T17:00:00Z,49.0,173.03493943007405,449.4210917142331,97.39624776652882,42.4340699511684,17.299835617794027,39.03674599319337,15.393340045144525,5.867541216575996,0.0,0.0,0.0,0.0,0.0,model1,15.0,False,3639.0
1213,2015-06-02T20:00:00Z,49.0,173.9682426181054,456.7363013401717,95.97155143068615,41.672302505165256,16.323987995676926,33.10120051088469,15.15527583281534,6.224289270256293,0.0,0.0,0.0,0.0,0.0,model1,15.0,False,3642.0
1214,2015-06-02T23:00:00Z,49.0,172.4799902235688,459.89995217109197,97.05768840995363,41.264157759883496,16.786743009259713,35.19179431880747,14.032532596260905,6.173856560026255,0.0,0.0,0.0,0.0,0.0,model1,15.0,False,3645.0
1215,2015-06-03T02:00:00Z,49.0,172.31548533954867,461.543532125916,98.00143761159369,41.044491720059064,16.28637691276052,35.99920998901831,13.830859666227214,5.7673400990818395,0.0,0.0,0.0,0.0,0.0,model1,15.0,False,3648.0
1216,2015-06-03T05:00:00Z,49.0,171.82460988443748,460.1455057617727,95.86912674713643,40.67267626566908,17.28204787062883,37.871138679277465,12.82935358221555,5.716840443609313,0.0,0.0,0.0,0.0,0.0,model1,15.0,False,3651.0
1217,2015-06-03T08:00:00Z,49.0,173.18807592539693,455.2572533138565,96.09533914848032,40.8113570544041,17.033589039354634,38.3945218893092,12.982578127698615,5.433992399352674,0.0,0.0,0.0,0.0,0.0,model1,15.0,False,3654.0
1218,2015-06-03T11:00:00Z,49.0,170.38277397045348,452.6054039191108,97.16274296638252,39.855191700662616,16.424684557234098,36.8591023924684,13.57056476365814,5.738684334062407,0.0,0.0,0.0,0.0,0.0,model1,15.0,False,3657.0
1219,2015-06-03T14:00:00Z,49.0,169.921738737248,455.0572580380168,99.4021849438196,40.03217168030967,17.391818871158414,36.016549026099256,11.634394694146321,5.824409595006387,0.0,0.0,0.0,0.0,0.0,model1,15.0,False,3660.0
1220,2015-06-03T17:00:00Z,49.0,169.2393813573726,462.89365319218126,98.66920939836413,39.19939290456897,16.919180869319902,37.94459463834772,9.833527048735332,5.066774807218828,0.0,0.0,0.0,0.0,0.0,model1,15.0,False,3663.0
1221,2015-06-03T20:00:00Z,49.0,168.17615172670102,460.6559249184382,98.61133077885584,40.18776510583835,14.071730784907412,39.29024057790518,9.78685254632423,4.700127772009924,0.0,0.0,0.0,0.0,0.0,model1,15.0,False,3666.0
1222,2015-06-03T23:00:00Z,49.0,166.25250888648503,454.3242360541818,97.7597576632387,40.136998700322685,14.817088590484845,40.02807972674517,10.732233404019864,5.1498506444323215,0.0,0.0,0.0,0.0,0.0,model1,15.0,False,3669.0
1223,2015-06-04T02:00:00Z,49.0,168.41799481211288,449.7283182448808,96.84253632779742,40.8672978822942,14.662671456283304,42.95308958584525,10.912776185386901,4.82761034338775,0.0,0.0,0.0,0.0,0.0,model1,15.0,False,3672.0
1224,2015-06-04T05:00:00Z,49.0,166.10331891400443,449.4668160723758,97.73216244407436,41.10264948755371,13.239880780356044,39.511325101760896,9.578176671358591,5.26305201249138,0.0,0.0,0.0,0.0,0.0,model1,15.0,False,3675.0
1225,2015-06-04T08:00:00Z,49.0,167.28608632093375,449.2868508387157,97.5646911002222,41.133150791324134,14.941011775267027,40.98440050988837,9.022943002693397,5.504484783330183,0.0,0.0,0.0,0.0,0.0,model1,15.0,False,3678.0
1226,2015-06-04T11:00:00Z,49.0,168.12981305844085,453.9412846163729,96.86229981169569,41.5282032353602,15.42826181078923,44.909732866236546,8.877936088694234,5.0327614591326935,0.0,0.0,0.0,0.0,0.0,model1,15.0,False,3681.0
1227,2015-06-04T14:00:00Z,49.0,167.23860610452047,453.3973754002938,95.56282959258692,40.90870710450789,14.394259589001436,48.39593199941451,8.939014816376877,4.887624973711558,0.0,0.0,0.0,0.0,0.0,model1,15.0,False,3684.0
1228,2015-06-04T17:00:00Z,49.0,167.91610788056428,450.6638413426935,96.33949180372784,40.8827770061786,15.996782033860585,48.38845637477864,9.783077497689613,5.273365023510938,0.0,0.0,0.0,0.0,0.0,model1,15.0,False,3687.0
1229,2015-06-04T20:00:00Z,49.0,168.2034601191564,449.1818313437167,98.04720173600997,40.87273361939914,15.887812367799615,48.6006356262537,10.607949394342922,5.461208004122366,0.0,0.0,0.0,0.0,0.0,model1,15.0,False,3690.0
1230,2015-06-04T23:00:00Z,49.0,170.31385086707292,449.1728292739245,99.08243587609587,40.96497624764914,13.614704409951615,47.02495739902466,9.91761475927516,4.981112839068253,0.0,0.0,0.0,0.0,0.0,model1,15.0,False,3693.0
1231,2015-06-05T02:00:00Z,49.0,170.60262618588837,446.5849658947377,100.55423579139736,40.85382137791975,13.958588191169758,51.25353222677762,9.731748909990475,5.566856479290677,0.0,0.0,0.0,0.0,0.0,model1,15.0,False,3696.0
1232,2015-06-05T05:00:00Z,49.0,171.80989446365982,442.4207372147453,99.416833646525,40.32837826874826,13.295257549823331,53.01567978785785,10.048560164949759,5.213478146961236,0.0,0.0,0.0,0.0,0.0,model1,15.0,False,3699.0
1233,2015-06-05T08:00:00Z,49.0,170.71771633450396,453.3839120418791,100.97059870295205,40.55619085263484,11.337883800491152,53.91562329250764,10.384857136628908,4.98320350834072,0.0,0.0,0.0,0.0,0.0,model1,15.0,False,3702.0
1234,2015-06-05T11:00:00Z,49.0,171.56373377467253,444.1299202560306,102.61731417447564,40.440461827352365,10.666735885999698,52.6376511646364,9.8355017240943,5.56631508230342,0.0,0.0,0.0,0.0,0.0,model1,15.0,False,3705.0
1235,2015-06-05T14:00:00Z,49.0,172.03048637473046,441.3188889139132,104.14945679120588,40.02964674792717,10.28556736630926,51.157577299939916,8.818264198692333,5.569586734898858,0.0,0.0,0.0,0.0,0.0,model1,15.0,False,3708.0
1236,2015-06-05T17:00:00Z,49.0,173.21347010093703,437.6862696449477,102.94458409211971,39.25867561565194,7.025208350991052,46.877792020841035,9.847278691083163,5.494989719974316,0.0,0.0,0.0,0.0,0.0,model1,15.0,False,3711.0
1237,2015-06-05T20:00:00Z,49.0,173.25806889914486,439.3582662508058,101.27646357716058,38.92166967542246,6.948864935025315,55.46772000694403,9.594629971164704,5.177834506099991,0.0,0.0,0.0,0.0,0.0,model1,15.0,False,3714.0
1238,2015-06-05T23:00:00Z,49.0,171.84890457565987,446.6838214486206,100.67543516640585,39.26565616513663,7.8324159754170575,58.60667529566349,9.504659058299195,5.465618594316962,0.0,0.0,0.0,0.0,0.0,model1,15.0,False,3717.0
1239,2015-06-06T02:00:00Z,49.0,171.3630915850913,450.64398609809007,99.9512533712902,39.28662505564152,7.191074534774168,57.124304060917,9.466396857873876,5.315691398091336,0.0,0.0,0.0,0.0,0.0,model1,15.0,False,3720.0
1240,2015-06-06T05:00:00Z,49.0,173.57878889192847,456.3067227593582,99.26418054939398,39.5751032472727,10.64671210647426,63.4604296847529,10.09214359755778,5.5184384651070415,0.0,0.0,0.0,0.0,0.0,model1,15.0,False,3723.0
1241,2015-06-06T08:00:00Z,49.0,173.2484004208483,452.2610119304599,97.12789702860462,39.5707423086988,11.801688066813554,62.34026999655185,9.81265202835824,5.806924846609787,0.0,0.0,1.0,0.0,0.0,model1,15.0,False,3726.0
1242,2015-06-06T11:00:00Z,49.0,173.0405297143025,458.48282232934486,95.49830481168505,39.36372892389804,11.742687111414964,63.243772055259505,9.64174920189907,5.1396956449162365,0.0,0.0,1.0,0.0,0.0,model1,15.0,False,3729.0
1243,2015-06-06T14:00:00Z,49.0,173.00238354846329,465.894297144344,95.51130607466648,39.694199809494464,12.756610567297113,66.73288937761355,9.81297145051904,4.919096077256811,0.0,0.0,1.0,0.0,0.0,model1,15.0,False,3732.0
1244,2015-06-06T17:00:00Z,49.0,172.27889194928923,460.9232952826412,95.97971734250244,40.497528637609136,13.07213376683936,69.51612616381516,9.069437104161807,4.334463678031909,0.0,0.0,1.0,0.0,0.0,model1,15.0,False,3735.0
1245,2015-06-06T20:00:00Z,49.0,170.12584770776084,460.2268340506344,97.32740091576945,41.12405905700403,14.650565033956974,63.223723463208415,9.45128246209614,4.578212020510773,0.0,0.0,1.0,0.0,0.0,model1,15.0,False,3738.0
1246,2015-06-06T23:00:00Z,49.0,170.99779553165078,453.5649986224517,98.45553787365758,41.31692749694332,16.11753735117626,64.63570725334837,10.785303106842935,4.584169129484471,0.0,0.0,1.0,0.0,0.0,model1,15.0,False,3741.0
1247,2015-06-07T02:00:00Z,49.0,170.38357515638359,453.95491508598167,98.5401161902955,41.272435292234704,16.092352002710143,68.31086864260057,10.57325426298673,4.261442141508922,0.0,0.0,1.0,0.0,0.0,model1,15.0,False,3744.0
1248,2015-06-07T05:00:00Z,49.0,167.75445546305582,452.3897947929054,100.54638971675304,40.99063458341471,13.420029578733294,59.040754984761286,9.784723544091904,4.342233971609389,0.0,0.0,1.0,0.0,0.0,model1,15.0,False,3747.0
1249,2015-06-07T08:00:00Z,49.0,168.35679972239123,452.99044492321815,100.53705037507505,40.64224841269628,15.59315835083996,61.76924950724565,9.978347442008806,3.7768660926702906,0.0,0.0,0.0,0.0,0.0,model1,15.0,False,3750.0
1250,2015-06-07T11:00:00Z,49.0,169.49554429892268,441.96418465436096,101.391876162584,41.481727018216795,16.77044720092898,66.28939658002999,8.635585698992022,3.7344360141426463,0.0,0.0,0.0,0.0,0.0,model1,15.0,False,3753.0
1251,2015-06-07T14:00:00Z,49.0,169.11193655405734,436.10314000436796,100.930508395263,40.976799569193865,16.1370321929831,60.57542012190554,7.951131424022457,4.515828871481816,0.0,0.0,0.0,0.0,0.0,model1,15.0,False,3756.0
1252,2015-06-07T17:00:00Z,49.0,168.543927865598,434.2309719637781,102.39373882560969,41.3151581634384,16.197761070776206,60.01100708452668,9.407713745850687,4.663337293279088,0.0,0.0,0.0,0.0,0.0,model1,15.0,False,3759.0
1253,2015-06-07T20:00:00Z,49.0,170.0731981727761,434.2689650806312,102.0771601595678,41.10321543315496,15.487338404766549,59.914940703366305,9.781471996887854,4.4537445051370215,0.0,0.0,0.0,0.0,0.0,model1,15.0,False,3762.0
1254,2015-06-07T23:00:00Z,49.0,168.88012077271102,436.6678505496106,101.95995394941696,41.401118166242036,14.9830952114694,58.08311931447507,8.859997489304089,4.6538843722330085,0.0,0.0,0.0,0.0,0.0,model1,15.0,False,3765.0
1255,2015-06-08T02:00:00Z,49.0,168.82333024345263,432.73782610344193,102.51891192379759,41.25192507350073,14.955680460901235,49.61131039280218,9.502778826339565,4.6010928423970565,0.0,0.0,0.0,0.0,0.0,model1,15.0,False,3768.0
1256,2015-06-08T05:00:00Z,49.0,169.80473865895868,436.55279442579626,100.06502169548395,41.189177456312244,15.119397270903404,54.88781018827997,11.319557752201106,4.594609377403235,0.0,0.0,0.0,0.0,0.0,model1,15.0,False,3771.0
1257,2015-06-08T08:00:00Z,49.0,168.11341339139955,437.5238325322506,100.85995566777315,41.55452912929937,12.215630430683296,51.63112333149872,10.568513607549583,4.998663347094617,0.0,0.0,0.0,0.0,0.0,model1,15.0,False,3774.0
1258,2015-06-08T11:00:00Z,49.0,168.50407422369378,449.92577459899877,100.52789159796816,41.06524904393322,12.341300126896806,47.94156837531333,11.46055013862092,4.872176502851786,0.0,0.0,0.0,0.0,0.0,model1,15.0,False,3777.0
1259,2015-06-08T14:00:00Z,49.0,169.78850744894692,449.9753128234705,99.8723996605208,41.420155575964436,12.373902540471818,50.117596471853425,11.713265914528488,4.3161671127430985,0.0,0.0,0.0,0.0,0.0,model1,15.0,False,3780.0
1260,2015-06-08T17:00:00Z,49.0,170.38948991332254,454.3480970569378,98.82357201937668,40.610931480138376,11.986110163622394,48.055072815470005,10.646198227551988,4.952438468564536,0.0,0.0,0.0,0.0,0.0,model1,15.0,False,3783.0
1261,2015-06-08T20:00:00Z,49.0,170.49009030743247,452.0191474438597,99.98405303058054,39.84787088847003,12.327330708584915,50.42063481547378,11.251244712938647,5.118082499836777,0.0,0.0,0.0,0.0,0.0,model1,15.0,False,3786.0
1262,2015-06-08T23:00:00Z,49.0,171.26530501300502,449.8257773721823,100.28164743920246,39.160396168307706,10.636390728721027,48.95923784142202,11.068224618928504,4.4788659864894615,0.0,0.0,0.0,0.0,0.0,model1,15.0,False,3789.0
1263,2015-06-09T02:00:00Z,49.0,171.36472263433234,458.29821068449957,99.11473324117682,39.18811433313617,13.001865038315046,49.34549022637982,11.325434537475193,4.470509174501932,0.0,0.0,0.0,0.0,0.0,model1,15.0,False,3792.0
1264,2015-06-09T05:00:00Z,49.0,170.41202802639359,449.6170829423572,100.9439078647963,39.89533319629743,15.154127371614337,53.91227825278223,10.156249705768607,4.9146513721533465,0.0,0.0,0.0,0.0,0.0,model1,15.0,False,3795.0
1265,2015-06-09T08:00:00Z,49.0,172.83577279265884,448.2538925284627,100.47258548016576,39.575017507899254,15.17842088257964,58.52524885003182,10.746900463108346,4.4485837922203135,0.0,0.0,0.0,0.0,0.0,model1,15.0,False,3798.0
1266,2015-06-09T11:00:00Z,49.0,169.63045662669415,441.9166437735025,101.4103360322502,39.89731399246615,15.383257973598745,56.46529162992655,9.9614517749822,4.62446486235871,0.0,0.0,0.0,0.0,0.0,model1,15.0,False,3801.0
1267,2015-06-09T14:00:00Z,49.0,169.2685069302537,446.798685508881,102.1204386382437,39.99898989827528,16.432005072571712,58.571795257221424,9.928029055090644,4.693320902969946,0.0,0.0,0.0,0.0,0.0,model1,15.0,False,3804.0
1268,2015-06-09T17:00:00Z,49.0,168.1952827650634,448.44686521931953,102.3944676684322,40.29196561522274,16.983279694683215,58.92827248268085,9.607694937610695,4.283442259150908,0.0,0.0,0.0,0.0,0.0,model1,15.0,False,3807.0
1269,2015-06-09T20:00:00Z,49.0,167.60768509856013,456.2313566706134,101.29511633732963,40.80825946220795,17.191950900304608,58.467955891098725,9.143841295619692,3.8990223678056073,0.0,0.0,0.0,0.0,0.0,model1,15.0,False,3810.0
1270,2015-06-09T23:00:00Z,49.0,167.96912214746013,453.75801592493104,98.92836960182957,40.537492643840366,17.56632666798325,63.83411507180127,10.24939333833069,4.692918077083794,0.0,0.0,0.0,0.0,0.0,model1,15.0,False,3813.0
1271,2015-06-10T02:00:00Z,49.0,166.8687188104024,443.3671471622727,99.93775599303812,41.084685141343456,16.275758887936508,64.40721190249846,9.375462691726996,5.847542577192536,0.0,0.0,0.0,0.0,0.0,model1,15.0,False,3816.0
1272,2015-06-10T05:00:00Z,49.0,166.2770173603573,445.9321588613317,100.14430838024114,40.57416059513813,14.610794065132605,62.4750959422319,9.563105293566329,5.535873156490935,0.0,0.0,0.0,0.0,0.0,model1,15.0,False,3819.0
1273,2015-06-10T08:00:00Z,49.0,163.31474519821197,440.7434362430165,99.7277582868544,40.3339338714916,15.319724682318352,59.67895536205529,9.504091770966852,5.593849679743087,0.0,0.0,0.0,0.0,0.0,model1,15.0,False,3822.0
1274,2015-06-10T11:00:00Z,49.0,164.89655058049192,445.7454574925357,99.66086986197209,40.20427243911311,14.786986768826413,57.60316911828368,9.5440809234628,5.7242004041950985,0.0,0.0,0.0,0.0,0.0,model1,15.0,False,3825.0
1275,2015-06-10T14:00:00Z,49.0,162.96325351760999,440.8824654437728,99.35465486355088,40.12401202198565,15.971682788978535,56.87121602554315,9.523267580977144,6.244306054362471,0.0,0.0,0.0,0.0,0.0,model1,15.0,False,3828.0
1276,2015-06-10T17:00:00Z,49.0,164.66052413348442,446.0073931096724,99.33998558894369,40.13222588604412,16.966444908720867,58.60232417643795,9.30524647551526,6.071847449084593,0.0,0.0,0.0,0.0,0.0,model1,15.0,False,3831.0
1277,2015-06-10T20:00:00Z,49.0,166.60956760269366,435.83440702920717,99.67947780309856,40.533612972968136,17.394554026950885,58.04485766470256,9.308995227606898,6.429266983213444,0.0,0.0,0.0,0.0,0.0,model1,15.0,False,3834.0
1278,2015-06-10T23:00:00Z,49.0,168.50409786871646,440.8109327220568,102.16127164922004,40.71759004384743,19.16090338487165,54.78460772508336,8.390126558439997,5.982688873675699,0.0,0.0,0.0,0.0,0.0,model1,15.0,False,3837.0
1279,2015-06-11T02:00:00Z,49.0,168.55375316542734,444.7191030393186,100.6195263202606,39.85851794880652,18.889920191291854,55.09757301237053,9.357720362953618,5.010390511509887,0.0,0.0,0.0,0.0,0.0,model1,15.0,False,3840.0
1280,2015-06-11T05:00:00Z,49.0,170.86456245783728,448.91382337474363,100.65021903628401,40.09117597428842,18.61317554112463,54.64670352572214,10.252029436831004,5.096462787623016,0.0,0.0,0.0,0.0,0.0,model1,15.0,False,3843.0
1281,2015-06-11T08:00:00Z,49.0,171.70536899537046,447.38445698909067,101.56285715385576,40.34427495343709,16.427617009513845,52.19436719889658,9.618370740909814,5.127709169909709,0.0,0.0,0.0,0.0,0.0,model1,15.0,False,3846.0
1282,2015-06-11T11:00:00Z,49.0,170.61358512630332,447.2318162455806,100.68741986447112,39.73780176258617,16.625003336223894,52.75699802796894,11.027166122507506,5.011212213489616,0.0,0.0,0.0,0.0,0.0,model1,15.0,False,3849.0
1283,2015-06-11T14:00:00Z,49.0,173.92530110335827,450.7769401124227,99.38589554064647,39.6020195054379,13.69031028155987,46.894917610547104,11.502442469657069,4.497190432407957,0.0,0.0,0.0,0.0,0.0,model1,15.0,False,3852.0
1284,2015-06-11T17:00:00Z,49.0,172.85775928804577,445.0879375161856,99.27778773434092,40.03304209702469,13.527942937247984,43.371865170925595,11.814083838218302,4.557984762875823,0.0,0.0,0.0,0.0,0.0,model1,15.0,False,3855.0
1285,2015-06-11T20:00:00Z,49.0,171.34766727321912,452.7581606345765,98.69874607365192,39.624393580642405,13.25706125945825,45.09056833371797,11.608123562134294,4.237028962339143,0.0,0.0,0.0,0.0,0.0,model1,15.0,False,3858.0
1286,2015-06-11T23:00:00Z,49.0,168.9594182666844,448.804658291988,98.06959766728548,39.93406534757373,10.504437728247119,44.63856475726494,11.741269987910929,4.264330458072017,0.0,0.0,0.0,0.0,0.0,model1,15.0,False,3861.0
1287,2015-06-12T02:00:00Z,49.0,170.31016727081666,455.96682562424115,98.84600070694748,40.05313270896698,11.579714538012686,41.9465436539801,11.41251773607045,4.0018379749132125,0.0,0.0,0.0,0.0,0.0,model1,15.0,False,3864.0
1288,2015-06-12T05:00:00Z,49.0,168.58635250020131,451.4447642762805,98.80936803089914,39.973913127970974,11.791947615379913,36.363129754149426,12.303695889368393,3.7026790247490178,0.0,0.0,0.0,0.0,0.0,model1,15.0,False,3867.0
1289,2015-06-12T08:00:00Z,49.0,167.8428077829886,449.07296991622735,99.84560499516222,39.87276776230537,12.77059022013608,38.98607819865844,12.59662989891094,3.8121266869476176,0.0,0.0,0.0,0.0,0.0,model1,15.0,False,3870.0
1290,2015-06-12T11:00:00Z,49.0,168.6744047769234,448.91889670452537,99.68631583285892,40.83120147831801,14.063851591257775,39.51788222646543,11.124062068882928,4.362406721142449,0.0,0.0,0.0,0.0,0.0,model1,15.0,False,3873.0
1291,2015-06-12T14:00:00Z,49.0,167.84320569340863,443.5950643721853,100.89266338998756,41.115073673657825,14.66238820842059,39.75976068857799,11.295691944518595,4.2602629749090175,0.0,0.0,0.0,0.0,0.0,model1,15.0,False,3876.0
1292,2015-06-12T17:00:00Z,49.0,168.09958207134682,443.89336369689016,100.94125475279765,41.33593988825484,14.963248568507453,43.7142957519071,11.260466184506592,4.568727926061036,0.0,0.0,0.0,0.0,0.0,model1,15.0,False,3879.0
1293,2015-06-12T20:00:00Z,49.0,166.713726723074,444.48078276326936,100.90033919368143,41.37935054950703,15.619283708344964,39.87002805816658,11.519479075718758,4.374868703503659,0.0,0.0,0.0,0.0,0.0,model1,15.0,False,3882.0
1294,2015-06-12T23:00:00Z,49.0,167.686096985082,448.25945211257726,100.74421375896536,40.96531282497035,15.90696434195068,40.41817429710608,10.951869842760727,4.4725036826222775,0.0,0.0,0.0,0.0,0.0,model1,15.0,False,3885.0
1295,2015-06-13T02:00:00Z,49.0,166.56018902606016,445.81810797027237,100.81093397515717,40.98190286200575,15.46173134454828,39.1751517242248,10.951376891206126,4.555471790978217,0.0,0.0,0.0,0.0,0.0,model1,15.0,False,3888.0
1296,2015-06-13T05:00:00Z,49.0,169.81779839556816,454.75998314259033,101.5931874125914,41.270236786410415,17.346417156189762,45.145738922317975,8.632146603254142,5.054464622765153,0.0,0.0,0.0,0.0,0.0,model1,15.0,False,3891.0
1297,2015-06-13T08:00:00Z,49.0,172.91413941307883,455.72206426789734,99.79457920338123,41.608213839125476,17.586606300371987,44.521101828673366,8.861524679298512,5.314903475302427,0.0,0.0,0.0,0.0,0.0,model1,15.0,False,3894.0
1298,2015-06-13T11:00:00Z,49.0,171.14759729252486,454.21294635571314,98.52272364990856,41.04486472420848,18.080968637612813,44.36928593199927,10.392734228685336,4.795840513634427,0.0,0.0,0.0,0.0,0.0,model1,15.0,False,3897.0
1299,2015-06-13T14:00:00Z,49.0,169.22510401368126,463.84927269287317,99.0461121826976,40.87819917528271,18.814615282567434,50.111554233492356,9.787013372418787,4.870694571393952,0.0,0.0,0.0,0.0,0.0,model1,15.0,False,3900.0
1300,2015-06-13T17:00:00Z,49.0,168.0980557072604,464.2545924009739,98.48382495224718,40.512972562001906,18.086543978952374,46.65002415840903,9.230047412280873,4.607798611239921,0.0,0.0,0.0,0.0,0.0,model1,15.0,False,3903.0
1301,2015-06-13T20:00:00Z,49.0,171.0820032443214,460.44758522800146,98.9280588730932,40.668404545255434,17.54571687985706,54.06269175029952,8.845908094334774,4.671167360549765,0.0,0.0,0.0,0.0,0.0,model1,15.0,False,3906.0
1302,2015-06-13T23:00:00Z,49.0,170.1491518862432,451.7739203438649,98.3249335263574,40.85116644107582,17.64437779762812,57.681441516555346,9.107586132095896,4.675227843872807,0.0,0.0,0.0,0.0,0.0,model1,15.0,False,3909.0
1303,2015-06-14T02:00:00Z,49.0,170.7745308300566,429.8956142338595,99.63873794180931,40.90669531093639,16.807783519339388,79.27812537900931,9.808061071504552,4.845034386901318,0.0,0.0,0.0,0.0,0.0,model1,15.0,False,3912.0
1304,2015-06-14T05:00:00Z,49.0,167.59346141238828,420.2121108478338,100.75173715001698,40.34126655401526,16.469305216212337,74.68288863095813,11.359565114840045,4.519719804813347,0.0,0.0,0.0,0.0,0.0,model1,15.0,False,3915.0
1305,2015-06-14T08:00:00Z,49.0,165.87893376324703,412.41171221526116,102.33432151388878,39.523455505236534,14.516599653766274,79.37029878311776,10.97091322377088,4.208837891629147,0.0,0.0,0.0,0.0,0.0,model1,15.0,False,3918.0
1306,2015-06-14T11:00:00Z,49.0,167.14451441239663,406.5496170647674,103.83161799115707,39.920990988147466,13.219629266840405,78.93501549183384,10.140804003775717,4.665164142485786,0.0,0.0,0.0,0.0,0.0,model1,15.0,False,3921.0
1307,2015-06-14T14:00:00Z,49.0,169.6029188952171,389.0527922977448,102.72271975370596,40.01585445675529,11.347145483494248,69.57231436942811,10.859169593043148,4.4747087497874105,0.0,0.0,0.0,0.0,0.0,model1,15.0,False,3924.0
1308,2015-06-14T17:00:00Z,49.0,171.03425956219982,377.8147982488186,102.051378307763,40.02594141171635,13.084673463484313,66.37342616491847,11.498507008572451,4.468240672296932,0.0,0.0,0.0,0.0,0.0,model1,15.0,False,3927.0
1309,2015-06-14T20:00:00Z,49.0,169.29098523163478,374.0544320851754,101.87775449654085,39.964275711244134,13.620179244662307,60.48564918795946,11.658886073171368,4.483134824737328,0.0,0.0,0.0,0.0,0.0,model1,15.0,False,3930.0
1310,2015-06-14T23:00:00Z,49.0,170.51786367116188,378.5509632124592,104.0894959534382,40.29204184467743,13.967931412927365,65.07592163254729,11.835725084188821,4.497085860150005,0.0,0.0,0.0,0.0,0.0,model1,15.0,False,3933.0
1311,2015-06-15T02:00:00Z,49.0,169.77916093785748,389.41042530658416,102.65149927985372,40.4200109248739,15.354508960239894,55.16477139167328,11.94053299931448,4.460846237289194,0.0,0.0,0.0,0.0,0.0,model1,15.0,False,3936.0
1312,2015-06-15T05:00:00Z,49.0,170.9217244743567,378.01559242952436,100.78690760843479,41.058067180766,14.718255380037586,58.34434256627578,10.558904179759118,4.426848046450835,0.0,0.0,0.0,0.0,0.0,model1,15.0,False,3939.0
1313,2015-06-15T08:00:00Z,49.0,171.43831522452533,374.0011375407531,100.1095437089088,41.49945567177974,15.571827862511945,62.60426716505484,10.431625963949397,4.408963577800006,0.0,0.0,0.0,0.0,0.0,model1,15.0,False,3942.0
1314,2015-06-15T11:00:00Z,49.0,171.6422625507278,380.55073260255625,100.5433775882391,40.595814853595584,15.468801437312319,66.8758889079786,10.116795782681644,4.461058973853076,0.0,0.0,0.0,0.0,0.0,model1,15.0,False,3945.0
1315,2015-06-15T14:00:00Z,49.0,170.339608873549,383.9615325390355,101.33761804404129,40.391336767012334,16.038723370067608,71.55147652398746,9.15682194571946,4.821932413527931,0.0,0.0,0.0,0.0,0.0,model1,15.0,False,3948.0
1316,2015-06-15T17:00:00Z,49.0,168.76807335411718,383.1890565024832,102.7831481826417,40.040337039950685,14.970363645516635,72.45859024851153,9.171390112729156,4.754504363813839,0.0,0.0,0.0,0.0,0.0,model1,15.0,False,3951.0
1317,2015-06-15T20:00:00Z,49.0,171.41629143912868,382.9266952436638,103.29592880032352,40.05082632573242,15.409747214459081,72.73179491670666,9.041724915212033,4.674297790747722,0.0,0.0,0.0,0.0,0.0,model1,15.0,False,3954.0
1318,2015-06-15T23:00:00Z,49.0,170.90150879577422,384.78327594935547,103.25303867621383,39.49871081802113,15.309024517808025,73.00849851755842,8.984110798072239,4.539365535488017,0.0,0.0,0.0,0.0,0.0,model1,15.0,False,3957.0
1319,2015-06-16T02:00:00Z,49.0,171.05104598435778,389.2129963381597,102.81199821087571,39.51584650843331,14.952489899164094,75.57684041889281,9.366830321992564,4.602931655913856,0.0,0.0,0.0,0.0,0.0,model1,15.0,False,3960.0
1320,2015-06-16T05:00:00Z,49.0,171.18796041471182,400.27269899154885,103.27603838329577,39.00115368335157,16.483586680029294,69.43510275828119,9.368458203465376,4.6628651032082775,0.0,0.0,0.0,0.0,0.0,model1,15.0,False,3963.0
1321,2015-06-16T08:00:00Z,49.0,169.36164569851155,416.14527827543196,102.59994073640492,38.51526399026482,16.51876160080247,60.62576906462078,9.707125157342873,4.401420768307373,0.0,0.0,0.0,0.0,0.0,model1,15.0,False,3966.0
1322,2015-06-16T11:00:00Z,49.0,171.93182317992333,407.9801940590612,101.64471496526842,39.699336047540854,17.921494792250762,58.652360517401476,9.117206824863043,5.255175028902932,0.0,0.0,0.0,0.0,0.0,model1,15.0,False,3969.0
1323,2015-06-16T14:00:00Z,49.0,173.3488071836837,411.855777727021,101.45675915879166,39.72314619720823,17.20076272271148,50.59433036525938,9.041037758219305,4.8375078293006295,0.0,0.0,0.0,0.0,0.0,model1,15.0,False,3972.0
1324,2015-06-16T17:00:00Z,49.0,173.72387644950282,424.7724192366731,99.92065881138058,40.39156952763097,17.522396330430986,46.02568330184433,8.950752572475366,5.023774345128321,0.0,0.0,0.0,0.0,0.0,model1,15.0,False,3975.0
1325,2015-06-16T20:00:00Z,49.0,171.81565751574792,431.03758597851305,99.23430847117784,40.93805921111305,16.613963548791116,41.23842875060283,8.561987575589162,5.302288867321686,0.0,0.0,0.0,0.0,0.0,model1,15.0,False,3978.0
1326,2015-06-16T23:00:00Z,49.0,169.49980761579462,431.9924230587696,97.37539003356304,40.56457809710614,17.663073297373906,43.77633688964939,6.594444239568727,5.464154750461316,0.0,0.0,0.0,0.0,0.0,model1,15.0,False,3981.0
1327,2015-06-17T02:00:00Z,49.0,169.4560036931966,436.9053395844151,98.46103291525313,40.2038582180759,17.537179294215182,41.80311227814136,6.48940968252245,5.2268465796282975,0.0,0.0,0.0,0.0,0.0,model1,15.0,False,3984.0
1328,2015-06-17T05:00:00Z,49.0,169.66861563093406,436.3492695109806,98.55398871900465,40.49625283676696,15.835845209481125,44.135972618208335,7.349741026234947,4.8799683899684165,0.0,0.0,0.0,0.0,0.0,model1,15.0,False,3987.0
1329,2015-06-17T08:00:00Z,49.0,172.0005985570832,435.5795669577932,99.0607048411853,40.900230865345634,16.096620838671857,41.91855950683318,7.3217529226254205,4.935277639387917,0.0,0.0,0.0,0.0,0.0,model1,15.0,False,3990.0
1330,2015-06-17T11:00:00Z,49.0,170.9871370966228,443.24382851012695,99.41974725562966,39.749910275077866,15.84072837641892,38.49060348227649,7.353441350791652,4.394650189216408,0.0,0.0,0.0,0.0,0.0,model1,15.0,False,3993.0
1331,2015-06-17T14:00:00Z,49.0,169.01862981974492,453.17413743042727,100.61990785788916,40.33722599992542,16.174099637176052,41.823089497816376,10.123635569852686,4.724834969037026,0.0,0.0,0.0,0.0,0.0,model1,15.0,False,3996.0
1332,2015-06-17T17:00:00Z,49.0,168.99026810876347,443.6575002823221,102.0629578718362,40.16262215359415,15.61920935830842,51.24031853027788,9.804283058543533,4.963451384068255,0.0,0.0,0.0,0.0,0.0,model1,15.0,False,3999.0
1333,2015-06-17T20:00:00Z,49.0,170.0766085454715,439.4129306901258,102.16006324681926,39.116468146307156,16.03126210503854,53.586308579777146,10.158134646668426,4.538733006166673,0.0,0.0,0.0,0.0,0.0,model1,15.0,False,4002.0
1334,2015-06-17T23:00:00Z,49.0,172.56959772905327,436.5915810564355,103.14998958879171,39.33243230806883,14.359501704192946,52.471735824070905,9.867173470203793,5.1835573640018415,0.0,0.0,0.0,0.0,0.0,model1,15.0,False,4005.0
1335,2015-06-18T02:00:00Z,49.0,173.27235427256758,441.8120287027141,103.23079442782075,39.616058609242614,13.293924487307885,62.12082527860772,10.116020479492589,5.84219160952983,0.0,0.0,0.0,1.0,0.0,model1,15.0,False,4008.0
1336,2015-06-18T05:00:00Z,49.0,174.22460454847882,446.1346338068522,103.32412925030216,39.595612673307905,13.707621005479426,60.13817407883909,9.640578399042779,6.102467287110588,0.0,0.0,0.0,2.0,0.0,model1,15.0,False,4011.0
1337,2015-06-18T08:00:00Z,49.0,171.6125677855645,448.1617001605807,103.05864855113586,39.77653038443352,13.71189140104532,62.629190720304614,9.997841342075855,5.882955537013253,0.0,0.0,0.0,2.0,0.0,model1,15.0,False,4014.0
1338,2015-06-18T11:00:00Z,49.0,170.6110030563338,450.6217409587583,103.44898238119845,40.608233242625936,13.535716869727821,66.18661610940632,9.889940935049763,5.7773985383508935,0.0,0.0,0.0,2.0,0.0,model1,15.0,False,4017.0
1339,2015-06-18T14:00:00Z,49.0,172.17768698979538,443.8845694354554,101.5529607564534,40.48030852588346,12.72613978167833,62.37803918200918,8.813205630901349,6.316674366438607,0.0,0.0,0.0,2.0,0.0,model1,15.0,False,4020.0
1340,2015-06-18T17:00:00Z,49.0,172.93319484600516,452.7085951638892,100.30511552279782,40.563452096887396,12.113994090959432,56.80312024927789,9.49731379046405,6.1101668584337485,0.0,0.0,0.0,2.0,0.0,model1,15.0,False,4023.0
1341,2015-06-18T20:00:00Z,49.0,169.5817513669352,460.39223656223237,99.24962333312159,40.81801497966973,13.768105738105268,54.6579340336639,9.817028218737574,6.4457883864530165,0.0,0.0,0.0,2.0,0.0,model1,15.0,False,4026.0
1342,2015-06-18T23:00:00Z,49.0,171.4130280891554,458.8177175570855,98.99309919693148,40.84517449751133,15.047777377239184,54.91731188932805,9.772518744446241,5.916215839407212,0.0,0.0,0.0,2.0,0.0,model1,15.0,False,4029.0
1343,2015-06-19T02:00:00Z,49.0,171.91348126133235,460.76513672067915,97.97293566609049,40.16123319804394,15.33062718520626,49.00220135491696,10.159314025534176,5.7430377324363695,0.0,0.0,0.0,1.0,0.0,model1,15.0,False,4032.0
1344,2015-06-19T05:00:00Z,49.0,169.388812418057,462.96780380830626,96.9359060680577,40.454976629151844,14.528788073106115,50.81144608656051,9.49089711417082,5.55880073456553,0.0,0.0,0.0,0.0,0.0,model1,15.0,False,4035.0
1345,2015-06-19T08:00:00Z,49.0,172.65084760665184,463.4681055644706,96.55899699530798,40.02848362790967,15.027415930711394,49.25412757222063,9.862625073186251,5.708820814232007,0.0,0.0,0.0,0.0,0.0,model1,15.0,False,4038.0
1346,2015-06-19T11:00:00Z,49.0,172.0634430557769,455.5336872185762,96.8921496429002,39.68743982644821,14.278272976539911,47.98168021108307,9.898092488538172,5.521168656716188,0.0,0.0,0.0,0.0,0.0,model1,15.0,False,4041.0
1347,2015-06-19T14:00:00Z,49.0,170.83464798721823,454.80014536072304,96.57906698763719,39.071911110263365,15.040354304171293,50.291326312480784,9.800349324348579,4.767027104153553,0.0,0.0,0.0,0.0,0.0,model1,15.0,False,4044.0
1348,2015-06-19T17:00:00Z,49.0,169.51677710940217,448.5052989160209,96.70041896063115,39.0422444017158,15.431278564115445,52.50044845087727,9.585439756594113,4.922154394645473,0.0,0.0,0.0,0.0,0.0,model1,15.0,False,4047.0
1349,2015-06-19T20:00:00Z,49.0,171.43368112989415,447.93296917783,99.09362724881592,39.068615323212036,15.394529216663079,51.19831414562758,10.338137529164896,4.484804382344406,0.0,0.0,0.0,0.0,0.0,model1,15.0,False,4050.0
1350,2015-06-19T23:00:00Z,49.0,167.61724813468769,454.8731239494679,98.90472695710213,39.42031910837473,15.164596882394704,50.13094534764792,10.489168706470156,4.498721358561771,0.0,0.0,0.0,0.0,0.0,model1,15.0,False,4053.0
1351,2015-06-20T02:00:00Z,49.0,168.91079784209523,450.0016442088379,100.24439932925077,39.82928076459924,15.789847862988214,48.91511620781556,10.08859469499735,4.062974457737075,0.0,0.0,0.0,0.0,0.0,model1,15.0,False,4056.0
1352,2015-06-20T05:00:00Z,49.0,169.1685733509953,445.7281497167614,100.96335559100666,39.92545612740789,16.080643396721165,46.97013367382123,10.549415199070506,4.232641233533895,0.0,0.0,0.0,0.0,0.0,model1,15.0,False,4059.0
1353,2015-06-20T08:00:00Z,49.0,169.08152295595698,445.63188698419543,102.90187963130519,41.11041908277893,15.359374295915512,45.64960486643898,10.409577350767544,4.547092994672634,0.0,0.0,0.0,0.0,0.0,model1,15.0,False,4062.0
1354,2015-06-20T11:00:00Z,49.0,168.7294684783374,451.4321356193267,102.96546219541807,41.02388476906868,15.3988591970119,43.849917921968604,10.5450817619944,4.602341537623143,0.0,0.0,0.0,0.0,0.0,model1,15.0,False,4065.0
1355,2015-06-20T14:00:00Z,49.0,168.4851831199191,450.6470719229272,104.56494272622429,41.09615588400247,15.513885037542494,43.47286831004177,9.057394717673986,4.4515616295092615,0.0,0.0,0.0,0.0,0.0,model1,15.0,False,4068.0
1356,2015-06-20T17:00:00Z,49.0,170.29982781369057,462.8912793336837,104.77127607773693,40.562003453097056,15.16658439920684,39.80201799726233,8.028259161661806,4.25015507413244,0.0,0.0,0.0,0.0,0.0,model1,15.0,False,4071.0
1357,2015-06-20T20:00:00Z,49.0,170.5726681331505,454.4929223333191,102.75373844777369,40.652986357098676,14.1885386955388,43.67468346004213,7.964412906735963,4.47679840190844,0.0,0.0,0.0,0.0,0.0,model1,15.0,False,4074.0
1358,2015-06-20T23:00:00Z,49.0,172.58252892327255,452.63237187140084,103.41868674033708,39.89031949040416,13.361935317902931,43.91615913334574,8.906715879199837,4.9281595517894425,0.0,0.0,0.0,0.0,0.0,model1,15.0,False,4077.0
1359,2015-06-21T02:00:00Z,49.0,171.18862722486895,447.15170856572,101.90464409046758,40.04770111781577,12.74257566380505,40.567188783800226,9.094020840199834,5.194821780041132,0.0,0.0,0.0,0.0,0.0,model1,15.0,False,4080.0
1360,2015-06-21T05:00:00Z,49.0,171.03794442042283,456.4842466698972,102.07972835724534,38.881231090032266,13.196113937712695,46.70339435937393,8.61096717313008,5.313154687427809,0.0,0.0,0.0,0.0,0.0,model1,15.0,False,4083.0
1361,2015-06-21T08:00:00Z,49.0,170.5000363180639,459.1390938622167,102.14368451764523,37.95811975910408,12.853829752859554,51.84485868801329,8.271490555771113,4.496182165186791,0.0,0.0,0.0,0.0,0.0,model1,15.0,False,4086.0
1362,2015-06-21T11:00:00Z,49.0,169.1946699949121,458.03964499961717,100.51359267213631,38.35125298018768,13.586936463254132,51.81997486289604,9.839901077747996,4.944503707688697,0.0,0.0,0.0,0.0,0.0,model1,15.0,False,4089.0
1363,2015-06-21T14:00:00Z,49.0,170.263078898671,462.73929934245314,99.68725467102905,38.61347249027523,12.437331997395074,51.63589355590667,9.742964903972462,5.0130495536606565,0.0,0.0,0.0,0.0,0.0,model1,15.0,False,4092.0
1364,2015-06-21T17:00:00Z,49.0,169.09974114252236,452.9101106706289,100.03998705945965,39.31680561513753,12.854669170993425,52.69285328629397,9.631179132233367,5.476822575020673,0.0,0.0,0.0,0.0,0.0,model1,15.0,False,4095.0
1365,2015-06-21T20:00:00Z,49.0,168.21052340082974,453.9702883724176,100.24894049094944,39.92470624399508,12.331960152026598,52.320301349241724,9.497860617839404,6.2168076355411435,0.0,0.0,0.0,0.0,0.0,model1,15.0,False,4098.0
1366,2015-06-21T23:00:00Z,49.0,168.3113706568454,446.1468036252239,98.6597488999123,41.152591093786405,12.86955147664009,54.785284563496894,8.944819195943595,6.2492478313497175,0.0,0.0,0.0,0.0,0.0,model1,15.0,False,4101.0
1367,2015-06-22T02:00:00Z,49.0,169.56575888688732,453.3265890259986,99.495038533342,41.39733482495121,13.994485395946331,56.63350460179948,8.890294637755114,5.972424984506575,0.0,0.0,0.0,0.0,0.0,model1,15.0,False,4104.0
1368,2015-06-22T05:00:00Z,49.0,170.44537429245713,444.7491978929078,99.00533045426664,42.54297033570674,12.702987122345938,51.546759010804216,10.200377741235524,5.241866061001252,0.0,0.0,0.0,0.0,0.0,model1,15.0,False,4107.0
1369,2015-06-22T08:00:00Z,49.0,170.0000757826063,444.7471367950683,98.05486046858772,42.14272381502817,12.858395858347668,46.87242775321967,9.321321922866566,5.425214809449664,0.0,0.0,0.0,0.0,0.0,model1,15.0,False,4110.0
1370,2015-06-22T11:00:00Z,49.0,173.15042835590984,439.8087170269477,97.9917734181438,41.95811871723409,12.881990954098455,47.97212626811594,9.17781016849023,5.679642756887933,0.0,0.0,0.0,0.0,0.0,model1,15.0,False,4113.0
1371,2015-06-22T14:00:00Z,49.0,172.77923605049259,432.6712831460347,98.35890548547579,41.66840361383638,13.279662942360703,47.27577278793787,9.963184629813396,5.713561556441957,0.0,0.0,0.0,0.0,0.0,model1,15.0,False,4116.0
1372,2015-06-22T17:00:00Z,49.0,171.89978285450866,433.85090268094535,98.476651815074,41.42212414934732,14.711056810686447,48.332160661855326,11.482168518971797,5.521556422234981,0.0,0.0,0.0,0.0,0.0,model1,15.0,False,4119.0
1373,2015-06-22T20:00:00Z,49.0,173.19396367883098,435.8851221698988,98.98267459853382,40.59699557252997,15.533928475580714,48.17039985598811,12.287137866673822,4.5950359032523895,0.0,0.0,0.0,0.0,0.0,model1,15.0,False,4122.0
1374,2015-06-22T23:00:00Z,49.0,173.83890224141004,447.8969480652103,98.97377128539749,39.84644931292245,15.446255855713828,51.09090230539298,12.005474820575351,4.2370961525753765,0.0,0.0,0.0,0.0,0.0,model1,15.0,False,4125.0
1375,2015-06-23T02:00:00Z,49.0,171.83131897562615,438.4163422014773,99.92548866810831,39.99328903012178,14.86084829337527,47.58778734722354,12.581781358622182,4.2749164473517,0.0,0.0,0.0,0.0,0.0,model1,15.0,False,4128.0
1376,2015-06-23T05:00:00Z,49.0,171.43144518862275,434.5889690482881,100.31578039176884,38.5287258544875,15.032318615004199,52.288302008223035,11.520948005687393,4.681780303278524,0.0,0.0,0.0,0.0,0.0,model1,15.0,False,4131.0
1377,2015-06-23T08:00:00Z,49.0,171.82679088123862,424.99924632861473,99.55964622335388,39.31436908233755,16.290988475314595,51.87990428730082,11.875561873872767,4.912973403450066,0.0,0.0,0.0,0.0,0.0,model1,15.0,False,4134.0
1378,2015-06-23T11:00:00Z,49.0,170.55643383001487,431.1739072518527,100.57494770367859,39.719244932310865,16.41646454312987,53.287895535905065,10.824670659174766,5.0139786668131725,0.0,0.0,0.0,0.0,0.0,model1,15.0,False,4137.0
1379,2015-06-23T14:00:00Z,49.0,170.435884290568,436.92591172109314,100.69286631589615,40.66811411466782,16.113408857924433,50.43019165292881,10.446867285846633,5.4043102117078865,0.0,0.0,0.0,0.0,0.0,model1,15.0,False,4140.0
1380,2015-06-23T17:00:00Z,49.0,173.2360220299577,439.1253624251695,101.088517097247,39.836761678654696,15.24970756671855,49.615941980644436,9.78407303393467,5.583455425639988,0.0,0.0,0.0,0.0,0.0,model1,15.0,False,4143.0
1381,2015-06-23T20:00:00Z,49.0,171.50045730116355,444.05206294899256,101.64270130504778,40.26203907513887,14.534116736960465,51.49846127123515,9.344798127130137,5.6770529121756015,0.0,0.0,0.0,0.0,0.0,model1,15.0,False,4146.0
1382,2015-06-23T23:00:00Z,49.0,168.98375022960678,436.7339086446468,102.5115240119406,40.336545900835745,16.305613469567948,45.77174171314812,8.913328809507279,6.152358788323543,0.0,0.0,0.0,0.0,0.0,model1,15.0,False,4149.0
1383,2015-06-24T02:00:00Z,49.0,168.94438286686267,440.04303181139375,100.67918105450927,40.32017397535043,17.397902706469463,49.21677149553745,9.018304132279418,6.4417064699393976,0.0,0.0,0.0,0.0,0.0,model1,15.0,False,4152.0
1384,2015-06-24T05:00:00Z,49.0,168.0205445338861,442.9877400483052,99.62380727906692,41.31945701295387,17.554523050620347,43.116711250556094,9.502969036317324,5.677090918910098,0.0,0.0,0.0,0.0,0.0,model1,15.0,False,4155.0
1385,2015-06-24T08:00:00Z,49.0,167.6944615768719,459.0566144645594,101.42673190094222,41.43535026118777,16.850319422390644,45.409585100057114,9.641055661009707,5.5088635331320495,0.0,0.0,0.0,0.0,0.0,model1,15.0,False,4158.0
1386,2015-06-24T11:00:00Z,49.0,168.02029093119836,455.12890010150505,102.81844825059264,41.449231806441176,15.784430851514895,47.18933453493232,10.248430834843203,5.196312732610298,0.0,0.0,0.0,0.0,0.0,model1,15.0,False,4161.0
1387,2015-06-24T14:00:00Z,49.0,167.39796306921085,455.01279987873056,104.20136953315031,40.66301987006365,16.264723053830938,48.98392248695354,10.610953016671168,4.957964170072086,0.0,0.0,0.0,0.0,0.0,model1,15.0,False,4164.0
1388,2015-06-24T17:00:00Z,49.0,166.2223074597674,454.48256956048624,103.83239170291208,41.41433084768659,16.083389884383724,47.76920302751216,10.501412408497636,4.725779410591782,0.0,0.0,0.0,0.0,0.0,model1,15.0,False,4167.0
1389,2015-06-24T20:00:00Z,49.0,169.7357915736026,450.140786248386,103.11270440623777,40.87771437873593,17.3304519737473,45.63872794846259,10.3503818394105,4.978701244259998,0.0,0.0,0.0,0.0,0.0,model1,15.0,False,4170.0
1390,2015-06-24T23:00:00Z,49.0,172.84515637101657,453.8991357753937,102.73515681559752,40.848245794959716,15.269462611368235,50.52771815266174,10.728483840706195,4.072124003310189,0.0,0.0,0.0,0.0,0.0,model1,15.0,False,4173.0
1391,2015-06-25T02:00:00Z,49.0,172.94148562544822,459.1339390237553,102.72085350015072,41.26606918111722,14.094990794175684,45.4489505194756,10.628330291620594,4.043509769487174,0.0,0.0,0.0,0.0,0.0,model1,15.0,False,4176.0
1392,2015-06-25T05:00:00Z,49.0,174.0985240304955,455.3519833198806,103.23222829151229,41.43269560981062,13.053492635436928,47.943652083687574,10.237928224510556,4.190010217481103,0.0,0.0,0.0,0.0,0.0,model1,15.0,False,4179.0
1393,2015-06-25T08:00:00Z,49.0,174.24294033499507,441.7641349338252,101.56868050094708,41.437214509352096,12.926968932672947,42.382953814633225,10.432757602238636,4.247070784424952,0.0,0.0,0.0,0.0,0.0,model1,15.0,False,4182.0
1394,2015-06-25T11:00:00Z,49.0,174.0378340036054,448.3539930599605,99.04691936043686,40.90523286323543,14.63157039190204,44.71019178007281,11.58000746873672,4.129306191652618,0.0,0.0,0.0,0.0,0.0,model1,15.0,False,4185.0
1395,2015-06-25T14:00:00Z,49.0,173.70366059190567,440.66878206448234,96.37193777689032,40.615170880749524,14.278633755211176,46.258529154792,10.504989030671359,4.351103033406154,0.0,0.0,0.0,0.0,0.0,model1,15.0,False,4188.0
1396,2015-06-25T17:00:00Z,49.0,173.34362055150174,442.70781624014677,95.55584109319092,40.40764274708658,13.223152952922275,48.17158554470848,9.776867790858748,4.262234772404576,0.0,0.0,0.0,0.0,0.0,model1,15.0,False,4191.0
1397,2015-06-25T20:00:00Z,49.0,172.59460540535642,445.0735376998675,95.7417642901473,40.723422811597366,12.560926828966196,49.332258077367385,10.325557300433962,4.063237949609162,0.0,0.0,0.0,0.0,0.0,model1,15.0,False,4194.0
1398,2015-06-25T23:00:00Z,49.0,172.42835510621535,446.1127331600934,96.59697928922978,41.20904967379309,12.660878870172374,47.564372445152074,10.381848993663489,4.3644034762644734,0.0,0.0,0.0,0.0,0.0,model1,15.0,False,4197.0
1399,2015-06-26T02:00:00Z,49.0,172.87180188958138,452.0884716574568,97.08797632131431,41.00531244476291,12.730697758936042,55.353544101879606,10.009243577591649,4.212264220172257,0.0,0.0,0.0,0.0,0.0,model1,15.0,False,4200.0
1400,2015-06-26T05:00:00Z,49.0,173.44295375931216,453.2266825287934,96.94246023953913,41.03935801596215,14.997986472981994,55.598536997412225,9.909000522790253,4.072423010919268,0.0,0.0,0.0,0.0,0.0,model1,15.0,False,4203.0
1401,2015-06-26T08:00:00Z,49.0,173.17120879812288,463.2158146069337,98.27721109108744,40.197360163627145,14.37489280384227,55.13462339912292,10.098691171535556,4.187259774867232,0.0,0.0,0.0,0.0,0.0,model1,15.0,False,4206.0
1402,2015-06-26T11:00:00Z,49.0,173.22114748248765,453.8953619286065,99.07415479608956,40.233600811253254,13.284047805471651,56.564147197759475,8.943605191372244,4.264317557377969,0.0,0.0,0.0,0.0,0.0,model1,15.0,False,4209.0
1403,2015-06-26T14:00:00Z,49.0,174.36778498445358,463.6102809589866,99.52625349626105,40.998075391018254,14.6839024334661,54.04854539511625,8.75188877459443,4.163103921597283,0.0,0.0,0.0,0.0,0.0,model1,15.0,False,4212.0
1404,2015-06-26T17:00:00Z,49.0,175.2146586560862,460.27876596434606,99.69532801797192,40.63820372273658,14.242194903410091,53.2171740599331,8.71620089554921,4.250513693918128,0.0,0.0,0.0,0.0,0.0,model1,15.0,False,4215.0
1405,2015-06-26T20:00:00Z,49.0,173.9508128447793,453.7902282064562,98.9942876894392,40.29754927436056,14.736503841335109,56.92285291708122,8.02055434053654,4.282835264248494,0.0,0.0,0.0,0.0,0.0,model1,15.0,False,4218.0
1406,2015-06-26T23:00:00Z,49.0,172.8352233531657,454.3265108193049,96.82852769534334,40.096017328477714,14.245622202335724,54.712268070360096,8.09498275906341,3.938775228635096,0.0,0.0,0.0,0.0,0.0,model1,15.0,False,4221.0
1407,2015-06-27T02:00:00Z,49.0,172.6110187094488,443.1774177949714,95.94918365019993,39.694735735106505,14.421329620660922,45.629113111598976,8.755104579170862,3.409749907746485,0.0,0.0,0.0,0.0,0.0,model1,15.0,False,4224.0
1408,2015-06-27T05:00:00Z,49.0,172.45609278615754,447.7600649099542,95.246486605381,39.740925432600534,12.187417412946365,44.839818318811616,8.485780898693674,3.3674141497095342,0.0,0.0,0.0,0.0,0.0,model1,15.0,False,4227.0
1409,2015-06-27T08:00:00Z,49.0,173.67127604354343,440.6626099598626,96.10581428984314,40.74726874668337,13.135715322727581,46.07712949736146,9.98537800419482,4.1132662678601735,0.0,0.0,0.0,0.0,0.0,model1,15.0,False,4230.0
1410,2015-06-27T11:00:00Z,49.0,173.71433033267638,453.2108852334992,96.48700471629196,41.15042290560678,12.653972614828133,49.16942833105079,9.19510885547644,4.329954053754728,0.0,0.0,0.0,0.0,0.0,model1,15.0,False,4233.0
1411,2015-06-27T14:00:00Z,49.0,172.87812297162537,448.1957869310891,97.01607299624563,40.544309350842035,11.206892280381828,48.420855563625096,8.924056137219333,4.289382599000193,0.0,0.0,0.0,0.0,0.0,model1,15.0,False,4236.0
1412,2015-06-27T17:00:00Z,49.0,171.3198668358319,450.09910210028085,97.87663411985427,40.56036185771366,12.425730365617133,50.502479649999046,9.821754634290278,4.365625038853352,0.0,0.0,0.0,0.0,0.0,model1,15.0,False,4239.0
1413,2015-06-27T20:00:00Z,49.0,171.9426039025254,459.7769497234268,99.11526871859743,41.18985842310853,11.882023339288587,51.13109641355354,10.226852837733064,4.3382849195914845,0.0,0.0,0.0,0.0,0.0,model1,15.0,False,4242.0
1414,2015-06-27T23:00:00Z,49.0,171.34893195427767,450.4362712713648,100.19024239707676,41.39688529568095,11.573971074236285,54.111804960815384,9.936684489724186,4.307436860660461,0.0,0.0,0.0,0.0,0.0,model1,15.0,False,4245.0
1415,2015-06-28T02:00:00Z,49.0,171.4453967916312,451.1843886061217,100.86967176858809,41.807598200058756,11.174992146096391,55.928708388597116,9.090698054793346,4.5924325054809385,0.0,0.0,0.0,0.0,0.0,model1,15.0,False,4248.0
1416,2015-06-28T05:00:00Z,49.0,169.5388758117485,444.56630268012015,101.09658188401279,41.338796115684815,13.400110608593106,59.229000488612726,8.825953861336012,4.7307900685512845,0.0,0.0,0.0,0.0,0.0,model1,15.0,False,4251.0
1417,2015-06-28T08:00:00Z,49.0,169.93732238867278,443.3831330243898,98.41424218909704,40.78961074564271,14.003607896373355,56.54826967410728,8.902039955479957,3.9912571121729448,0.0,0.0,0.0,0.0,0.0,model1,15.0,False,4254.0
1418,2015-06-28T11:00:00Z,49.0,169.2564477285988,433.1683372363874,97.62670372454876,40.5285431307673,14.104501927343488,50.34030335994264,9.052775278383297,3.855619799379123,0.0,0.0,0.0,0.0,0.0,model1,15.0,False,4257.0
1419,2015-06-28T14:00:00Z,49.0,169.39984876749918,437.07567198679465,97.99103949898472,41.23277135170221,13.97262696986866,50.03101447980727,9.164929452818276,3.8330085170527886,0.0,0.0,0.0,0.0,0.0,model1,15.0,False,4260.0
1420,2015-06-28T17:00:00Z,49.0,170.57550346301946,427.7545380344288,97.88449832026716,41.42909873566349,13.870903449714785,51.411176426229275,8.23990131117684,4.0112871549381,0.0,0.0,0.0,0.0,0.0,model1,15.0,False,4263.0
1421,2015-06-28T20:00:00Z,49.0,170.1642889857973,421.0180485897261,97.7632405300223,40.73902547049138,13.450963432548445,42.03036520605942,8.03837841069438,4.784607418160522,0.0,0.0,0.0,0.0,0.0,model1,15.0,False,4266.0
1422,2015-06-28T23:00:00Z,49.0,171.05763735331234,426.2215650638369,98.12337632451832,40.360200565352095,14.573613151291585,42.49497103142248,7.601720965869457,4.8375902640556925,0.0,0.0,0.0,0.0,0.0,model1,15.0,False,4269.0
1423,2015-06-29T02:00:00Z,49.0,172.03608456207647,424.6724124619975,98.82602957539422,40.08306498770898,14.581307401207006,41.33136983854726,8.285538152424369,4.67541226062696,0.0,0.0,0.0,0.0,0.0,model1,15.0,False,4272.0
1424,2015-06-29T05:00:00Z,49.0,172.40676601484412,431.7563527337367,99.85571799441463,40.25896515153346,12.566948549690736,39.86209661312423,8.19232548826032,4.907393294790706,0.0,0.0,0.0,0.0,0.0,model1,15.0,False,4275.0
1425,2015-06-29T08:00:00Z,49.0,169.6633404022387,436.45337286251885,101.4739990722184,40.8819018965958,11.145645675057716,43.334750069631006,6.5503543195005625,5.240697828238333,0.0,0.0,0.0,0.0,0.0,model1,15.0,False,4278.0
1426,2015-06-29T11:00:00Z,49.0,170.31918233530436,446.12027921278917,103.0519458998678,40.790216783132436,10.973109985686962,48.50785895673946,6.398995473397572,5.344210203102711,0.0,0.0,0.0,0.0,0.0,model1,15.0,False,4281.0
1427,2015-06-29T14:00:00Z,49.0,171.8888605106747,447.97588853247396,100.26673066171213,40.84344338405683,11.420101589234376,52.19782200297472,10.504069638288687,5.445779049123645,0.0,0.0,0.0,0.0,0.0,model1,15.0,False,4284.0
1428,2015-06-29T17:00:00Z,49.0,173.72584302249268,461.62419279326895,99.58488080628857,40.732565769367774,11.458362109954965,52.06027251808671,10.661677702834506,5.314220253790934,0.0,0.0,0.0,0.0,0.0,model1,15.0,False,4287.0
1429,2015-06-29T20:00:00Z,49.0,172.5755364860596,454.139293062264,98.64296632875202,40.98902750482355,12.917628122586025,69.3409349765138,10.462605274208247,4.57410622826079,0.0,0.0,0.0,0.0,0.0,model1,15.0,False,4290.0
1430,2015-06-29T23:00:00Z,49.0,171.8146106995068,446.62894338501366,98.95201716652682,41.15188490890673,12.526569927256535,75.33090723129149,11.867212121886851,4.3857812205837865,0.0,0.0,0.0,0.0,0.0,model1,15.0,False,4293.0
1431,2015-06-30T02:00:00Z,49.0,170.64344754315104,447.5060514341447,99.31194787347091,41.024801771854854,13.13538158371965,74.1829139778504,11.633806350913705,4.191699690694895,0.0,0.0,0.0,0.0,0.0,model1,15.0,False,4296.0
1432,2015-06-30T05:00:00Z,49.0,169.79327624853718,450.6304597115212,98.9741741623162,41.15563811287557,14.362082847657025,74.58587735955044,12.694281445781385,3.9794165613985153,0.0,0.0,0.0,0.0,0.0,model1,15.0,False,4299.0
1433,2015-06-30T08:00:00Z,49.0,170.69091575444298,448.4927132368419,98.30016025053273,40.517234508641145,13.862529414760568,73.08572375421714,12.509860820227075,3.697026643754503,0.0,0.0,0.0,0.0,0.0,model1,15.0,False,4302.0
1434,2015-06-30T11:00:00Z,49.0,169.48378897725308,438.133699628248,97.20616767827028,40.13748645637829,14.785207653078835,71.28134323276252,12.451875499279009,3.4510053836291323,0.0,0.0,0.0,0.0,0.0,model1,15.0,False,4305.0
1435,2015-06-30T14:00:00Z,49.0,169.40836207809113,439.9800187815722,101.80936895086487,39.711823407230646,14.715793602234893,71.08409745029593,12.241488678217015,3.014805117761969,0.0,0.0,0.0,0.0,0.0,model1,15.0,False,4308.0
1436,2015-06-30T17:00:00Z,49.0,166.04743450920537,432.6154720678337,101.34015872799463,40.43033540851313,13.740994242590851,63.75440278223292,12.44541783366874,2.7553938701950407,0.0,0.0,0.0,0.0,0.0,model1,15.0,False,4311.0
1437,2015-06-30T20:00:00Z,49.0,168.05098002384824,441.16280835150286,102.20878905187232,39.849587063234246,13.828731911531555,51.79486921172053,12.845504758596663,4.061078184637128,0.0,0.0,0.0,0.0,0.0,model1,15.0,False,4314.0
1438,2015-06-30T23:00:00Z,49.0,167.57521480954304,448.4958796436257,102.06165588131405,39.87834570414703,13.344484300100884,42.774011873202646,11.418847885197987,4.227047520831955,0.0,0.0,0.0,0.0,0.0,model1,15.0,False,4317.0
1439,2015-07-01T02:00:00Z,49.0,168.14367760993642,451.13117453289817,102.35061035253472,39.766752390055814,12.980794970151848,43.4550625340895,11.300306147566474,4.358305500908386,0.0,0.0,0.0,0.0,0.0,model1,15.0,False,4320.0
1440,2015-07-01T05:00:00Z,49.0,170.31295157173312,445.73815597962715,101.7865622533584,39.14883168938678,11.760041650035353,41.81034491332874,10.813649208408714,4.365177714024251,0.0,0.0,0.0,0.0,0.0,model1,15.0,False,4323.0
1441,2015-07-01T08:00:00Z,49.0,169.83757924386575,449.7588998373446,101.92932349376323,39.06490927792801,11.53325281203339,40.73206588898978,11.078878107069432,4.788991670773292,0.0,0.0,0.0,0.0,0.0,model1,15.0,False,4326.0
1442,2015-07-01T11:00:00Z,49.0,168.30161828226554,458.2280653905912,101.85159220623078,39.61025919621584,12.791305245400036,38.638510890336725,10.722532893858522,5.754711270521371,0.0,0.0,0.0,0.0,0.0,model1,15.0,False,4329.0
1443,2015-07-01T14:00:00Z,49.0,170.6164653085518,446.8251536952253,99.3878434573137,39.61863247126483,15.709203513199107,38.73856599622368,8.691712275145626,5.686044704324146,0.0,0.0,0.0,0.0,0.0,model1,15.0,False,4332.0
1444,2015-07-01T17:00:00Z,49.0,171.33036152764058,446.12167023938105,101.47414700369616,39.1271342821819,16.21458769883815,46.453263146509954,9.34544008673265,5.696053018578776,0.0,0.0,0.0,0.0,0.0,model1,15.0,False,4335.0
1445,2015-07-01T20:00:00Z,49.0,170.77527243007881,455.67724036348005,101.32348707237585,40.122381666594464,15.742425488821905,47.306155331390116,9.923019187044373,4.940519495699056,0.0,0.0,0.0,0.0,0.0,model1,15.0,False,4338.0
1446,2015-07-01T23:00:00Z,49.0,170.65700630826652,454.8888358514572,101.10884343031289,40.48686423862953,16.95025078941792,51.19427209634152,10.28575556535753,5.048911835422984,0.0,0.0,0.0,0.0,0.0,model1,15.0,False,4341.0
1447,2015-07-02T02:00:00Z,49.0,172.6772784519204,454.14785138385247,100.19540916583176,40.515856796556,19.385095971860064,54.29598759703406,10.293583094562527,5.284983490017454,0.0,0.0,0.0,0.0,0.0,model1,15.0,False,4344.0
1448,2015-07-02T05:00:00Z,49.0,173.03200136427574,451.87257054099456,100.2702567163364,41.16108869790372,19.967644780600867,54.31980369256298,9.629247576875857,5.149880486213632,0.0,0.0,0.0,0.0,0.0,model1,15.0,False,4347.0
1449,2015-07-02T08:00:00Z,49.0,173.07785290600137,447.23904817779515,99.97225733264936,41.37361797564985,20.19068878055245,53.62645233719788,8.956147671617169,4.795719008486354,0.0,0.0,0.0,0.0,0.0,model1,15.0,False,4350.0
1450,2015-07-02T11:00:00Z,49.0,175.66637998040557,447.637281144811,100.22339111532499,40.87627308206609,18.417251123449198,55.84254971052004,8.584231505907992,4.04311769494859,0.0,0.0,0.0,0.0,0.0,model1,15.0,False,4353.0
1451,2015-07-02T14:00:00Z,49.0,172.12553899126243,450.32904343852425,100.86559636933134,40.527204169085174,16.578381688866347,53.942584738539715,8.864845768653769,4.270786336326431,0.0,0.0,0.0,0.0,0.0,model1,15.0,False,4356.0
1452,2015-07-02T17:00:00Z,49.0,172.0139602909592,451.0952863008789,99.72755323527544,41.2608278896768,15.662897172287035,54.302869297447394,8.353752936295272,4.407121980535951,0.0,0.0,0.0,0.0,0.0,model1,15.0,False,4359.0
1453,2015-07-02T20:00:00Z,49.0,170.19225193969376,436.46186978150735,99.70461529587169,40.811639437992994,16.208216428418574,54.28514113865468,7.225018288776705,4.4508470858447575,0.0,0.0,0.0,0.0,0.0,model1,15.0,False,4362.0
1454,2015-07-02T23:00:00Z,49.0,170.57422236834378,434.7092937024099,99.90903790243591,40.06014222674073,16.409945323086074,53.785317567394884,6.7902650391370605,4.770823018577495,0.0,0.0,0.0,0.0,0.0,model1,15.0,False,4365.0
1455,2015-07-03T02:00:00Z,49.0,168.85938665312543,430.7241203185714,100.62086842920021,40.0328921866372,14.176907418135764,49.62004796020508,6.839589083161442,4.568419578822971,0.0,0.0,0.0,0.0,0.0,model1,15.0,False,4368.0
1456,2015-07-03T05:00:00Z,49.0,167.5264646025835,429.7678082526252,101.62534954378626,39.56420924529272,15.01162022982767,52.612639680948675,6.927573305431372,4.379820296353252,0.0,0.0,0.0,0.0,0.0,model1,15.0,False,4371.0
1457,2015-07-03T08:00:00Z,49.0,166.75960776526534,432.3248164794233,101.76857646614424,39.01787723570277,15.561168413355146,56.90322221409605,7.047443892062843,5.373129292336974,0.0,0.0,0.0,0.0,0.0,model1,15.0,False,4374.0
1458,2015-07-03T11:00:00Z,49.0,166.41760432567668,429.0173096944776,101.53609489291289,38.677737523265684,16.39958378908775,53.24741739971598,7.0310425500540985,5.4146118161807415,0.0,0.0,0.0,0.0,0.0,model1,15.0,False,4377.0
1459,2015-07-03T14:00:00Z,49.0,165.69098629634084,431.49829995339485,101.0700490296298,39.78624966959774,16.51818308507358,53.71212006905163,7.0108842157619655,6.132723397948463,0.0,0.0,0.0,0.0,0.0,model1,15.0,False,4380.0
1460,2015-07-03T17:00:00Z,49.0,166.84455471589516,432.8262327595226,100.60139857612651,39.5566879777239,16.713949309371518,46.5960296408807,6.47201471666766,6.476237958968059,0.0,0.0,0.0,0.0,0.0,model1,15.0,False,4383.0
1461,2015-07-03T20:00:00Z,49.0,168.18222652224853,443.33897187269247,100.19926998929589,39.70377284578285,16.544723231251012,43.155577159955556,6.383778725729548,6.5291314068841775,0.0,0.0,0.0,0.0,0.0,model1,15.0,False,4386.0
1462,2015-07-03T23:00:00Z,49.0,169.27394669438175,448.8594577229506,99.91276090935621,39.718811617340734,15.135680266834429,40.6162409820296,6.676294885179622,6.259092243423287,0.0,0.0,0.0,0.0,0.0,model1,15.0,False,4389.0
1463,2015-07-04T02:00:00Z,49.0,170.96766047092026,457.2273768341538,100.10982435261455,39.59079668443423,16.186345010476003,44.626292162907724,7.362033557612404,6.164287022766117,0.0,0.0,0.0,0.0,0.0,model1,15.0,False,4392.0
1464,2015-07-04T05:00:00Z,49.0,171.09473504533992,467.9886433386723,99.37916315667424,39.63115025526811,14.244999030839741,41.28890738954952,7.304594322508643,6.158537792031209,0.0,0.0,0.0,0.0,0.0,model1,15.0,False,4395.0
1465,2015-07-04T08:00:00Z,49.0,173.41578250017741,470.9208248374732,100.1578043436013,40.35526767792121,13.439205499406548,39.84670039768007,7.663399132591808,5.342236390910892,0.0,0.0,0.0,0.0,0.0,model1,15.0,False,4398.0
1466,2015-07-04T11:00:00Z,49.0,174.8549213025321,465.03678577551767,101.00094900291808,40.984134341322466,13.011728422599695,42.469500799985475,7.556703039580389,4.969923281955051,0.0,0.0,0.0,0.0,0.0,model1,15.0,False,4401.0
1467,2015-07-04T14:00:00Z,49.0,176.4751260942076,464.2083774009778,101.9083978802342,39.81056761141284,12.945401494089518,47.067757388390376,7.15313126920565,4.657844228877479,0.0,0.0,0.0,0.0,0.0,model1,15.0,False,4404.0
1468,2015-07-04T17:00:00Z,49.0,175.88850999064798,465.2210835693169,102.3073129552611,39.09867808900841,13.286502471544418,51.04559025629845,7.6260337651925125,3.7994841092908977,0.0,0.0,0.0,0.0,0.0,model1,15.0,False,4407.0
1469,2015-07-04T20:00:00Z,49.0,174.66245455107418,459.0713945781066,102.83117242834395,39.14971579940662,14.710827729657636,51.88396643903355,7.569384772307678,4.6121945226258525,0.0,0.0,0.0,0.0,0.0,model1,15.0,False,4410.0
1470,2015-07-04T23:00:00Z,49.0,174.10305740543862,453.39938196882736,104.46535210116032,39.84731209310088,14.927752293445694,53.14079806150514,7.688223651289878,5.0001028749314775,0.0,0.0,0.0,0.0,0.0,model1,15.0,False,4413.0
1471,2015-07-05T02:00:00Z,49.0,171.14468024199974,446.9208460439778,103.17979759882627,40.15280862600883,13.785370523292825,51.964251596622546,7.867636486568602,5.099589626694799,0.0,0.0,0.0,0.0,0.0,model1,15.0,False,4416.0
1472,2015-07-05T05:00:00Z,49.0,171.45721165407642,437.69850008706186,102.23301353318092,40.291912753226335,14.014921618104054,49.248310177363216,8.779104608521877,5.346574804186962,0.0,0.0,0.0,0.0,0.0,model1,15.0,False,4419.0
1473,2015-07-05T08:00:00Z,49.0,172.3299000549911,432.53785948516685,101.06783257548443,40.62057986196044,14.734662934047506,43.33408187466707,8.848432583018973,5.409535858963532,0.0,0.0,0.0,0.0,0.0,model1,15.0,False,4422.0
1474,2015-07-05T11:00:00Z,49.0,169.6272989888739,438.4207772306912,100.8590809035742,40.83218143547739,13.959184835911975,45.63949662479701,8.959862760367951,5.913753963053383,0.0,0.0,0.0,0.0,0.0,model1,15.0,False,4425.0
1475,2015-07-05T14:00:00Z,49.0,170.45117450823142,436.83063167008726,98.7808917470542,41.65336319340787,14.759719647157448,42.84988017704717,9.539700818228402,5.599450274153765,0.0,0.0,0.0,0.0,0.0,model1,15.0,False,4428.0
1476,2015-07-05T17:00:00Z,49.0,171.0445794142868,436.87215251045313,99.05453424954284,41.49661124570947,15.247115925192055,39.291784065626345,9.07779672269675,5.75732046331129,0.0,0.0,0.0,0.0,0.0,model1,15.0,False,4431.0
1477,2015-07-05T20:00:00Z,49.0,172.67407965575825,446.4230227752871,100.03120489943431,41.0951696233861,14.557182353016234,50.03329715247823,9.968656040473316,5.433727326300511,0.0,0.0,0.0,0.0,0.0,model1,15.0,False,4434.0
1478,2015-07-05T23:00:00Z,49.0,170.94746390711532,453.667099948332,98.70568055629712,40.23243349054811,15.260341340613902,50.714617496100956,8.870570739848109,5.377682171833584,0.0,0.0,0.0,0.0,0.0,model1,15.0,False,4437.0
1479,2015-07-06T02:00:00Z,49.0,171.69748746923798,455.1307409218196,99.96525310157179,39.8309699999423,15.424711722169425,47.60202088062975,8.876662998881164,5.249670383053464,0.0,0.0,0.0,0.0,0.0,model1,15.0,False,4440.0
1480,2015-07-06T05:00:00Z,49.0,174.7115369990574,457.8130254431922,100.66427083389208,40.30973490643266,18.31963581996435,49.12506972542772,8.229529799615591,5.077045627510137,0.0,0.0,0.0,0.0,0.0,model1,15.0,False,4443.0
1481,2015-07-06T08:00:00Z,49.0,173.97148511290362,462.1695509345777,101.69739780751759,39.56950028028179,17.859521775669688,50.17176403154477,8.805379077411867,5.095280284749767,0.0,0.0,0.0,0.0,0.0,model1,15.0,False,4446.0
1482,2015-07-06T11:00:00Z,49.0,175.27165189386162,459.7801810863701,101.84960324308945,39.56096224929434,17.111133386475874,55.45648280204124,9.280774121259677,4.613573333265477,0.0,0.0,0.0,0.0,0.0,model1,15.0,False,4449.0
1483,2015-07-06T14:00:00Z,49.0,174.85416626826432,462.93166179502776,103.50529483928914,38.54873709711361,16.570101523293854,55.43961572191503,8.525076052181046,4.837707247750037,0.0,0.0,0.0,0.0,0.0,model1,15.0,False,4452.0
1484,2015-07-06T17:00:00Z,49.0,174.61572081514987,459.0706245018848,103.7608661589565,38.93997544413267,16.319550158999135,56.425899710048256,8.589939850435806,4.564225290862817,0.0,0.0,0.0,0.0,0.0,model1,15.0,False,4455.0
1485,2015-07-06T20:00:00Z,49.0,171.98241234694694,456.76174650315636,103.03896984256956,39.386204283932436,17.475206228002303,51.897622915628716,8.84722435608195,4.690704782403016,0.0,0.0,0.0,0.0,0.0,model1,15.0,False,4458.0
1486,2015-07-06T23:00:00Z,49.0,173.12036804888797,447.5085628272872,103.14447789154116,39.29819156307683,16.579662028445348,57.81647038981794,9.5715400795412,4.666799338892028,0.0,0.0,0.0,0.0,0.0,model1,15.0,False,4461.0
1487,2015-07-07T02:00:00Z,49.0,172.1349667098637,441.1427922666227,102.61276174654512,39.70739438660443,17.911814680078596,60.9081940569333,9.473709935301976,5.543953524222964,0.0,0.0,0.0,0.0,0.0,model1,15.0,False,4464.0
1488,2015-07-07T05:00:00Z,49.0,169.7891121749425,436.92985536199234,102.54755366974442,38.58083941709912,15.769356489888384,60.760741363646424,9.748293407024605,5.651838533891243,0.0,0.0,0.0,0.0,0.0,model1,15.0,False,4467.0
1489,2015-07-07T08:00:00Z,49.0,167.30050723402255,436.86534387054087,103.47705266091879,38.30816307101302,15.436810814450329,61.855054783678426,9.82697342918769,5.425745828060787,0.0,0.0,0.0,0.0,0.0,model1,15.0,False,4470.0
1490,2015-07-07T11:00:00Z,49.0,165.39160531661298,437.29844107264665,102.05856009555224,38.20102796929073,15.993259327881136,58.786229256345464,10.690293085738773,5.771180019057102,0.0,0.0,0.0,0.0,0.0,model1,15.0,False,4473.0
1491,2015-07-07T14:00:00Z,49.0,163.63621740500898,435.85515031919886,102.85699184423773,38.979915990542274,15.4464064842076,56.37456996560934,10.166083476409096,5.519575823213649,0.0,0.0,0.0,0.0,0.0,model1,15.0,False,4476.0
1492,2015-07-07T17:00:00Z,49.0,164.62194313804787,443.27483415967384,102.56366084041096,38.82229071025617,15.931065331901904,57.57186325158638,10.26454064463708,5.68231027077767,0.0,0.0,0.0,0.0,0.0,model1,15.0,False,4479.0
1493,2015-07-07T20:00:00Z,49.0,167.84512417129903,432.30143425897415,103.09029469800554,39.30000967417149,15.998997588873761,57.66127327663632,9.652689072722517,5.770897877285937,0.0,0.0,0.0,0.0,0.0,model1,15.0,False,4482.0
1494,2015-07-07T23:00:00Z,49.0,167.58779868127345,435.9757607503552,102.14417566493972,39.58236903743629,16.715286890455367,52.028090618940496,9.758368403815306,5.6221646077262175,0.0,0.0,0.0,0.0,0.0,model1,15.0,False,4485.0
1495,2015-07-08T02:00:00Z,49.0,166.50789659571439,440.64432551415166,102.11218528746728,38.99120510078247,15.835893054952848,47.87683717415159,9.908127053203025,4.8300143214138735,0.0,0.0,0.0,0.0,0.0,model1,15.0,False,4488.0
1496,2015-07-08T05:00:00Z,49.0,165.2871006704967,436.7411731364417,101.09342288673172,39.00216033512722,14.133313529497178,47.620962537288506,11.396622945050405,5.0603671163214194,0.0,0.0,0.0,0.0,0.0,model1,15.0,False,4491.0
1497,2015-07-08T08:00:00Z,49.0,167.00642484149662,430.10305460564416,99.5150737423528,39.62149671990952,14.117358850989154,41.8222450633913,10.921633154011765,5.3835137225405765,0.0,0.0,0.0,0.0,0.0,model1,15.0,False,4494.0
1498,2015-07-08T11:00:00Z,49.0,168.05019639960585,429.4412780498769,101.14006797882222,39.37152375409495,13.928891436568776,37.56979588888297,10.06792950333683,4.771265477509654,0.0,0.0,0.0,0.0,0.0,model1,15.0,False,4497.0
1499,2015-07-08T14:00:00Z,49.0,169.305267197651,426.94995470759835,99.33357332537241,38.94061378195653,12.80199847937991,47.96601694365013,10.379444774182359,4.668318723560071,0.0,0.0,0.0,0.0,0.0,model1,15.0,False,4500.0
1500,2015-07-08T17:00:00Z,49.0,166.64531328010932,429.92412942907873,98.56916195843904,38.742417668002375,12.728325185227986,55.518322968506794,10.209645337818914,4.852398014155924,0.0,0.0,0.0,0.0,0.0,model1,15.0,False,4503.0
1501,2015-07-08T20:00:00Z,49.0,167.17735155627526,439.1688779601728,96.56616051367304,38.341704947035645,13.394334656187295,55.77823954011052,9.285035784402464,4.528142869946398,0.0,0.0,0.0,0.0,0.0,model1,15.0,False,4506.0
1502,2015-07-08T23:00:00Z,49.0,166.69435604018705,441.64537406715965,96.77874011996724,38.84634372764712,13.449753004672642,59.182553115165575,9.133416069588687,4.796382827466032,0.0,0.0,0.0,0.0,0.0,model1,15.0,False,4509.0
1503,2015-07-09T02:00:00Z,49.0,169.8370625707921,445.92355711202265,95.85253787242144,39.70626801927033,12.66010732027702,59.45733203642314,9.16601352241094,4.9333377358141055,0.0,0.0,0.0,0.0,0.0,model1,15.0,False,4512.0
1504,2015-07-09T05:00:00Z,49.0,170.52168771063768,454.62597363066527,97.07994573654594,40.550058819898965,12.195343998539323,57.11249097950113,7.527057498505482,4.213652517919355,0.0,0.0,0.0,0.0,0.0,model1,15.0,False,4515.0
1505,2015-07-09T08:00:00Z,49.0,170.28409596903342,460.78202478712853,97.02745545019293,40.8168023552272,12.112553771603071,56.41466598829953,6.732990409445562,3.97151108893434,0.0,0.0,0.0,0.0,0.0,model1,15.0,False,4518.0
1506,2015-07-09T11:00:00Z,49.0,171.7538095309066,458.18042565235913,95.54927857585577,40.76835996905504,10.577056261878408,58.930648281488935,7.624135698436679,4.156703337220409,0.0,0.0,0.0,0.0,0.0,model1,15.0,False,4521.0
1507,2015-07-09T14:00:00Z,49.0,169.7645159413054,461.1298734239328,93.92599008130352,40.11975174586063,11.599887354388795,53.23033778838604,8.861764682416784,4.769431574483359,0.0,0.0,0.0,0.0,0.0,model1,15.0,False,4524.0
1508,2015-07-09T17:00:00Z,49.0,172.1851524860764,453.99916285489167,93.58778634195512,40.691576784014686,12.176468130166327,46.172518466234294,9.108631674024974,4.8243210722916645,0.0,0.0,0.0,0.0,0.0,model1,15.0,False,4527.0
1509,2015-07-09T20:00:00Z,49.0,172.81244490899655,452.5419385015773,94.97730567081223,40.24975889083996,13.93861495191694,42.32066922757056,9.888298818769911,4.920350653648708,0.0,0.0,0.0,0.0,0.0,model1,15.0,False,4530.0
1510,2015-07-09T23:00:00Z,49.0,173.64508730976814,452.14949559473223,95.63365523491078,40.23144884547203,12.777734455615576,39.06054783407996,10.579632697250704,4.930604551420573,0.0,0.0,0.0,0.0,0.0,model1,15.0,False,4533.0
1511,2015-07-10T02:00:00Z,49.0,172.80399457654022,453.0645212939825,95.0887342524016,40.3262055916476,14.101273827010253,39.884979596185744,11.051900582662018,5.221188971097948,0.0,0.0,0.0,0.0,0.0,model1,15.0,False,4536.0
1512,2015-07-10T05:00:00Z,49.0,172.84906915410247,454.538293459354,95.06134788082407,40.54657603075879,15.177664829031654,37.46108349199853,11.174619355953887,5.509622856826098,0.0,0.0,0.0,0.0,0.0,model1,15.0,False,4539.0
1513,2015-07-10T08:00:00Z,49.0,171.48871718116303,446.3943535822695,95.92244527673134,40.60748726924039,15.863577902387785,38.6966666813556,11.937420583049366,5.569359471074669,0.0,0.0,0.0,0.0,0.0,model1,15.0,False,4542.0
1514,2015-07-10T11:00:00Z,49.0,172.1803204535548,454.0060756501613,97.57222896202794,40.23782021660479,16.396332904743982,39.193534478485276,11.763229748373242,5.721251695296968,0.0,0.0,0.0,0.0,0.0,model1,15.0,False,4545.0
1515,2015-07-10T14:00:00Z,49.0,173.74826709753913,453.86441424113696,99.9715611577738,40.21011386051098,15.354793095237401,34.886690994226086,9.751862690245169,5.7913971251308665,0.0,0.0,0.0,0.0,0.0,model1,15.0,False,4548.0
1516,2015-07-10T17:00:00Z,49.0,172.6270139814138,463.00403001370046,100.42067359135851,39.943156118804495,14.887714079124274,47.93387201867508,10.126160688553048,5.598498748676286,0.0,0.0,0.0,0.0,0.0,model1,15.0,False,4551.0
1517,2015-07-10T20:00:00Z,49.0,169.6643563545457,459.3930121791081,100.50639580408304,40.16527921471281,13.355181469224249,52.156939021273715,10.129621518020851,5.545367613044975,0.0,0.0,0.0,0.0,0.0,model1,15.0,False,4554.0
1518,2015-07-10T23:00:00Z,49.0,169.28662947708568,459.8112677700445,100.15139146186822,40.35844744858331,15.252948885332193,51.16466925849905,11.908273326123405,5.584967550638192,0.0,0.0,0.0,0.0,0.0,model1,15.0,False,4557.0
1519,2015-07-11T02:00:00Z,49.0,165.99276613726352,462.2331763559631,101.17423125382402,39.83030426478392,16.073302337375473,56.16821728321269,12.714423817830012,5.2933032279233245,0.0,0.0,0.0,0.0,0.0,model1,15.0,False,4560.0
1520,2015-07-11T05:00:00Z,49.0,166.52978360290297,455.1445585531315,101.83937936574834,39.00149399532248,17.604492091393382,60.54055152631426,13.048556143299903,5.2351220560415195,0.0,0.0,0.0,0.0,0.0,model1,15.0,False,4563.0
1521,2015-07-11T08:00:00Z,49.0,167.2563845269675,461.58648416434687,101.01727243832654,37.78596339459989,17.60152274667639,58.29822455249613,12.81931534131098,5.046168635309328,0.0,0.0,0.0,0.0,0.0,model1,15.0,False,4566.0
1522,2015-07-11T11:00:00Z,49.0,164.91584819148537,454.1133131808051,99.47533241189541,37.95741920973028,17.52811983348565,58.15181328174919,12.60814061377623,5.091167690769312,0.0,0.0,0.0,0.0,0.0,model1,15.0,False,4569.0
1523,2015-07-11T14:00:00Z,49.0,166.97519592450757,450.8847826662261,99.20786289694307,38.94921710112254,19.373835001886693,59.87024710511137,12.599738190375357,5.192464352590693,0.0,0.0,0.0,0.0,0.0,model1,15.0,False,4572.0
1524,2015-07-11T17:00:00Z,49.0,170.19603483075,440.18919334816184,99.77788053421142,38.658581696442475,20.945712789260565,51.242819305880786,11.939379908447512,5.107569363882684,0.0,0.0,0.0,0.0,0.0,model1,15.0,False,4575.0
1525,2015-07-11T20:00:00Z,49.0,173.53564375210703,446.4800427136487,98.92671540786604,39.25456451721054,21.715681429910322,51.23599859695689,11.881247760747506,5.386934560998046,0.0,0.0,0.0,0.0,0.0,model1,15.0,False,4578.0
1526,2015-07-11T23:00:00Z,49.0,177.2251179659769,440.8520272131283,97.74709449707173,38.887244150790416,21.311704909652146,53.61010450065474,10.767954674103393,5.1202386369331085,0.0,0.0,0.0,0.0,0.0,model1,15.0,False,4581.0
1527,2015-07-12T02:00:00Z,49.0,183.212522863098,433.13816484391543,98.03518795726048,38.99299526278313,17.834325836361266,46.95433968311975,8.454720968145264,5.044894262932338,0.0,0.0,0.0,0.0,0.0,model1,15.0,False,4584.0
1528,2015-07-12T05:00:00Z,49.0,185.9610795662456,435.8690407676811,98.1639851227983,39.24290512414258,16.41508012406277,44.61118733637185,9.502643533274114,4.779641750363457,0.0,0.0,0.0,0.0,0.0,model1,15.0,False,4587.0
1529,2015-07-12T08:00:00Z,49.0,188.54524052518468,432.19538606147705,98.65625323752084,40.920755629127605,15.146873245165295,46.45827486771613,9.677214030881911,5.043923887950718,0.0,0.0,0.0,0.0,0.0,model1,15.0,False,4590.0
1530,2015-07-12T11:00:00Z,49.0,192.75360004534832,438.2772887629284,99.93927948958063,42.74302047353578,9.925170067462572,51.06960032899375,9.878096420362679,5.8005272278089155,0.0,0.0,0.0,0.0,0.0,model1,15.0,False,4593.0
1531,2015-07-12T14:00:00Z,49.0,193.85850340439117,436.06168537220185,100.67676724727137,43.30630359664675,10.295178687245082,51.23706889164646,10.447623671118905,5.524905148048139,0.0,0.0,0.0,0.0,0.0,model1,15.0,False,4596.0
1532,2015-07-12T17:00:00Z,49.0,193.51268584305998,445.6524697068493,100.49830014012396,44.72365946839403,10.371511510858396,56.756376006530076,10.425310547622157,5.4289328810431865,0.0,0.0,0.0,0.0,0.0,model1,15.0,False,4599.0
1533,2015-07-12T20:00:00Z,49.0,196.31882736906036,442.20762213049017,100.49339675216946,46.18746653096072,13.805560785844333,55.00822331615799,10.43232774611984,6.617331862937669,0.0,0.0,0.0,0.0,0.0,model1,15.0,False,4602.0
1534,2015-07-12T23:00:00Z,49.0,195.58597144454674,453.6133225124746,102.03469219834234,46.953677808780135,15.060536629225291,59.77599353425088,8.633369995700429,6.314471185804952,0.0,0.0,0.0,0.0,0.0,model1,15.0,False,4605.0
1535,2015-07-13T02:00:00Z,49.0,195.0544675942301,457.6641890146023,101.4041094801558,48.296234392973226,16.337049969026086,62.568884563191396,8.9244471790854,6.022694888620071,0.0,0.0,0.0,0.0,0.0,model1,15.0,False,4608.0
1536,2015-07-13T05:00:00Z,49.0,195.16610528653308,461.8482091104811,100.01747466148429,50.03766843200717,16.062741456217626,67.69580078720803,7.435477467610588,4.950836224226783,0.0,0.0,0.0,0.0,0.0,model1,15.0,False,4611.0
1537,2015-07-13T08:00:00Z,49.0,195.29798491869758,471.6103188914942,99.30661233169072,49.76123483746699,15.762738634416804,68.30020140580372,7.667038796582463,5.2147463005878745,0.0,0.0,0.0,0.0,1.0,model1,15.0,True,4614.0
1538,2015-07-13T11:00:00Z,49.0,194.59883729855167,464.52903513634146,98.74585014348598,49.442117531415605,15.689456352149449,74.83669598881332,7.293373042425539,5.145117790384158,0.0,0.0,0.0,0.0,1.0,model1,15.0,True,4617.0
1539,2015-07-13T14:00:00Z,49.0,189.83518484542984,462.72366830478273,98.1056482263312,50.18877007949126,20.453470817851464,75.83584661801937,5.963291252544856,4.974746508300746,0.0,0.0,0.0,0.0,1.0,model1,15.0,True,4620.0
1540,2015-07-13T17:00:00Z,49.0,187.997402602946,451.6008395779168,97.15780559656055,50.20246371542758,21.87157435776485,73.74755643759734,6.3317196089640655,4.658570628334117,0.0,0.0,0.0,0.0,1.0,model1,15.0,True,4623.0
1541,2015-07-13T20:00:00Z,49.0,184.28342154314305,455.8408804861978,96.38131074208157,50.13916378347043,19.032035122269736,74.3391315364772,6.659151300862951,4.5753758047651125,0.0,0.0,0.0,0.0,1.0,model1,15.0,True,4626.0
1542,2015-07-13T23:00:00Z,49.0,182.20851326739572,446.22457662352247,96.2670539391236,50.2077614326856,18.88869563875478,71.7041378044578,7.069991299928433,4.647466692446043,0.0,0.0,0.0,0.0,1.0,model1,15.0,True,4629.0
1543,2015-07-14T02:00:00Z,49.0,180.31231564133057,447.6251411855562,97.9163886208115,50.23563247994178,17.897973067023877,67.80976337683691,8.143264343205391,4.569752471957702,0.0,0.0,0.0,0.0,1.0,model1,15.0,True,4632.0
1544,2015-07-14T05:00:00Z,49.0,177.37257039046003,446.3612011298093,98.79995544654335,49.99193079853077,18.871524607717788,62.8553531709516,8.038919773485052,4.041605576388198,0.0,0.0,0.0,0.0,1.0,model1,15.0,True,4635.0
1545,2015-07-14T08:00:00Z,49.0,173.71104248292667,432.6882872902484,98.37236309248176,50.10271088617514,19.403061745212085,57.034824669530856,8.64637538758918,4.011193866029807,0.0,0.0,0.0,0.0,0.0,model1,15.0,False,4638.0
1546,2015-07-14T11:00:00Z,49.0,171.20587814209102,436.10663107458015,97.97246213504076,49.116041753197344,18.622491622209196,47.71164086328511,9.367689587683849,5.024149537926591,0.0,0.0,0.0,0.0,0.0,model1,15.0,False,4641.0
1547,2015-07-14T14:00:00Z,49.0,172.1061897562049,441.83527897584327,97.92586380368746,48.07128572608939,17.10189273411413,46.22795844622932,9.508177732861297,5.349940138615678,0.0,0.0,0.0,0.0,0.0,model1,15.0,False,4644.0
1548,2015-07-14T17:00:00Z,49.0,171.26463563579588,442.7022362501737,98.28610072432379,46.899144071591074,15.753819952818557,44.305009790728114,8.93378397868732,6.1008170922210505,0.0,0.0,0.0,0.0,0.0,model1,15.0,False,4647.0
1549,2015-07-14T20:00:00Z,49.0,168.69614759920617,433.3225995340383,98.70019801037304,45.32353492537015,14.655932552173974,41.298607167173074,8.41952512462619,5.30910137471058,0.0,0.0,0.0,0.0,0.0,model1,15.0,False,4650.0
1550,2015-07-14T23:00:00Z,49.0,168.37588255513305,435.72094902947646,97.2606835404878,44.19782755148289,14.202397916338626,37.50251436875104,8.798270099154959,5.60367935429652,0.0,0.0,0.0,0.0,0.0,model1,15.0,False,4653.0
1551,2015-07-15T02:00:00Z,49.0,168.2252431285097,427.38374459354765,97.95946243799101,42.77832663258665,14.015396317340246,35.78838404857011,11.72891547266619,5.492844817499262,0.0,0.0,0.0,0.0,0.0,model1,15.0,False,4656.0
1552,2015-07-15T05:00:00Z,49.0,166.93143123582578,426.9898395661351,98.80127681347072,41.98412739083785,11.599592328592156,32.73279566548253,12.229490196985214,5.467052288782643,0.0,0.0,0.0,0.0,0.0,model1,15.0,False,4659.0
1553,2015-07-15T08:00:00Z,49.0,167.76886380017,430.0849467572666,99.57642051477168,41.15042114409777,10.60214720522352,31.095172993548754,11.759778092205325,5.281609365020455,0.0,0.0,0.0,0.0,0.0,model1,15.0,False,4662.0
1554,2015-07-15T11:00:00Z,49.0,168.4251410566747,430.1796390411119,99.61588698817526,40.766059646936505,11.079115598420653,34.03390663861825,12.000100929657625,5.360002042665088,0.0,0.0,0.0,0.0,0.0,model1,15.0,False,4665.0
1555,2015-07-15T14:00:00Z,49.0,169.46187681685763,433.40454251257296,100.2495228397451,40.47805899129997,10.620910520412927,36.59195493960855,12.017838672619948,5.243179875645333,0.0,0.0,0.0,0.0,0.0,model1,15.0,False,4668.0
1556,2015-07-15T17:00:00Z,49.0,171.9968593298405,436.1313560445636,100.5134756879121,40.31022607190087,12.527712326446952,38.25876574700451,12.109787989004262,5.527395743919843,0.0,0.0,0.0,0.0,0.0,model1,15.0,False,4671.0
1557,2015-07-15T20:00:00Z,49.0,173.27566740266857,436.6918929951429,100.77429197935798,40.30602697160656,12.027037612206126,37.32625241623207,12.216645364873473,5.382619729787929,0.0,0.0,0.0,0.0,0.0,model1,15.0,False,4674.0
1558,2015-07-15T23:00:00Z,49.0,173.04031553443932,434.4566043546714,101.93074334068658,40.80208673771258,13.80440360188761,36.89188810176607,11.84012182164207,5.316137150947499,0.0,0.0,0.0,0.0,0.0,model1,15.0,False,4677.0
1559,2015-07-16T02:00:00Z,49.0,170.75054147952957,441.5940517910157,101.86832831120505,40.829645285160105,16.21515762042986,39.16131572753125,9.815655132432957,5.716052207295352,0.0,0.0,0.0,0.0,0.0,model1,15.0,False,4680.0
1560,2015-07-16T05:00:00Z,49.0,172.1563650307984,443.2208568203429,101.51544560998566,40.24186831714939,15.010860130998301,39.352086141927465,9.709362630997337,5.060766064173018,0.0,0.0,0.0,0.0,0.0,model1,15.0,False,4683.0
1561,2015-07-16T08:00:00Z,49.0,173.66973841341854,446.97248218117034,102.60220922772943,40.78924125541965,14.713273605254116,42.03046811882235,10.12356051209524,5.0565882534911815,0.0,0.0,0.0,0.0,0.0,model1,15.0,False,4686.0
1562,2015-07-16T11:00:00Z,49.0,173.1124277912862,448.94289996521104,102.84354221456276,40.81806071525765,15.402476131465026,39.9169845700762,9.458881772458536,5.077169025584476,0.0,0.0,0.0,0.0,0.0,model1,15.0,False,4689.0
1563,2015-07-16T14:00:00Z,49.0,170.70900200619175,445.7934188031153,101.79428383990525,40.69536213968395,17.145681412042094,37.94415778033794,10.463299898347856,5.264553917662028,0.0,0.0,0.0,0.0,0.0,model1,15.0,False,4692.0
1564,2015-07-16T17:00:00Z,49.0,167.603148378174,446.3617744005004,101.46476233059582,41.28652618097687,15.766522064863857,37.71111169691448,10.82155525855141,5.0454318756460665,0.0,0.0,0.0,0.0,0.0,model1,15.0,False,4695.0
1565,2015-07-16T20:00:00Z,49.0,165.06862065957614,442.28804973244047,102.4930484805718,41.25208085568092,15.68853202165122,42.69738672776287,11.466716053481575,5.506048389324841,0.0,0.0,0.0,0.0,0.0,model1,15.0,False,4698.0
1566,2015-07-16T23:00:00Z,49.0,165.4749313051306,444.5773420040751,102.17804113728936,40.80416743057893,14.602160997683566,44.94263937763331,10.98276318694142,5.694812809318659,0.0,0.0,0.0,0.0,0.0,model1,15.0,False,4701.0
1567,2015-07-17T02:00:00Z,49.0,165.77846191530742,440.92362729607584,100.623027328454,41.09359603122852,13.902968036742669,41.641250476434934,10.63052453446316,5.155361434428026,0.0,0.0,0.0,0.0,0.0,model1,15.0,False,4704.0
1568,2015-07-17T05:00:00Z,49.0,165.3115982920369,439.2644048836486,100.04713884385832,40.91906303711962,15.161248353122494,39.596784458502704,11.146498574652645,5.584559176141745,0.0,0.0,1.0,0.0,0.0,model1,15.0,False,4707.0
1569,2015-07-17T08:00:00Z,49.0,162.07355398962187,442.7740558149554,99.1806731678925,40.19463797166389,14.478814221199634,40.84618083917975,11.330900108911667,5.4674797199480905,0.0,0.0,1.0,0.0,0.0,model1,15.0,False,4710.0
1570,2015-07-17T11:00:00Z,49.0,159.779661375785,436.79249403534385,97.7739150658184,40.05693836201691,15.120220847535634,45.41221155870132,11.549516038423667,5.497194601358241,0.0,0.0,1.0,0.0,0.0,model1,15.0,False,4713.0
1571,2015-07-17T14:00:00Z,49.0,161.29847874947518,435.1944651615168,97.7153917977498,40.00856768581312,14.620001329436535,46.15094287262089,11.114530578433072,5.287392125039559,0.0,0.0,1.0,0.0,0.0,model1,15.0,False,4716.0
1572,2015-07-17T17:00:00Z,49.0,163.64686501596614,443.76830359797736,98.8938289056091,40.35575371069499,16.454111241651102,53.95903341183018,11.421167889484815,5.257900742630921,0.0,0.0,1.0,0.0,0.0,model1,15.0,False,4719.0
1573,2015-07-17T20:00:00Z,49.0,165.52208848723413,453.4536863572361,97.92720002213358,39.750709049968656,16.19996435217501,50.65602318395502,11.411808306866114,4.9584481978965895,0.0,0.0,1.0,0.0,0.0,model1,15.0,False,4722.0
1574,2015-07-17T23:00:00Z,49.0,164.23411775528672,450.19125674352125,98.47033336487414,39.901190814068094,16.356454240302046,50.734111989486884,11.459570842339527,4.874826417636615,0.0,0.0,1.0,0.0,0.0,model1,15.0,False,4725.0
1575,2015-07-18T02:00:00Z,49.0,167.15604074880582,455.6794234464463,98.09879813554058,39.63146016058422,16.403960803692893,55.2728872262821,11.818096987160079,4.537688278316923,0.0,0.0,1.0,0.0,0.0,model1,15.0,False,4728.0
1576,2015-07-18T05:00:00Z,49.0,167.9566860366136,452.534509808444,98.18155449666729,39.56044082775186,15.682689628031833,56.28833348550818,11.1354552810858,4.0895428233495394,0.0,0.0,0.0,0.0,0.0,model1,15.0,False,4731.0
1577,2015-07-18T08:00:00Z,49.0,168.92595262181078,449.38180852515035,97.4574146969146,39.68546041775185,14.822249291188006,53.795547999030035,10.216620484759053,3.9201260923664503,0.0,0.0,0.0,0.0,0.0,model1,15.0,False,4734.0
1578,2015-07-18T11:00:00Z,49.0,169.56218686000142,463.23655839488924,98.32704290801556,40.27123113783783,12.432083492814995,58.05717249009819,10.367744328790996,3.9367069972193436,0.0,0.0,0.0,0.0,0.0,model1,15.0,False,4737.0
1579,2015-07-18T14:00:00Z,49.0,171.31342422503846,469.1858015330433,99.01546811773136,40.76571126651017,13.542922451169153,58.433431352175205,10.13171762535068,4.2168280555762365,0.0,0.0,0.0,0.0,0.0,model1,15.0,False,4740.0
1580,2015-07-18T17:00:00Z,49.0,169.32970290111118,463.7063097525556,100.79268176826244,40.3214525871043,13.54097317832836,54.327459100111724,12.039292127249858,3.9592392306411934,0.0,0.0,0.0,0.0,0.0,model1,15.0,False,4743.0
1581,2015-07-18T20:00:00Z,49.0,171.66927131241175,468.24582645496247,100.9760175896261,41.20589893470084,15.188367123171707,56.48061708531353,10.807894490157482,3.980864507294432,0.0,0.0,0.0,0.0,0.0,model1,15.0,False,4746.0
1582,2015-07-18T23:00:00Z,49.0,171.9712403253849,472.97134355339927,101.72965813468056,41.389279837036966,14.360633627263566,53.71870646067236,10.889945232800825,4.0214967839891775,0.0,0.0,0.0,0.0,0.0,model1,15.0,False,4749.0
1583,2015-07-19T02:00:00Z,49.0,169.10694975432824,472.2500395718202,99.96011281457736,41.17494269721767,14.931927046566939,50.04254710497859,11.89463710814131,3.9350027011676993,0.0,0.0,0.0,0.0,0.0,model1,15.0,False,4752.0
1584,2015-07-19T05:00:00Z,49.0,170.78768458643063,472.5602788345687,99.91738293037045,41.314224032112655,16.315631402162065,53.133875789560655,13.684491509490812,4.630868411680595,0.0,0.0,0.0,0.0,0.0,model1,15.0,False,4755.0
1585,2015-07-19T08:00:00Z,49.0,172.54539571846337,471.452665266296,100.19361675781977,40.75771991761289,16.083712712728776,53.354697025105715,13.430794791466491,5.112031281266013,0.0,0.0,0.0,0.0,0.0,model1,15.0,False,4758.0
1586,2015-07-19T11:00:00Z,49.0,174.48989045928764,466.97745090636886,100.68832241703659,40.54543066963564,15.38413515839809,45.507563966980065,12.842402476623445,5.84048246761469,0.0,0.0,0.0,0.0,0.0,model1,15.0,False,4761.0
1587,2015-07-19T14:00:00Z,49.0,174.51216883573082,462.5603997698605,100.87631383210336,40.33502820515035,16.488676217765605,53.12161913280567,12.84452202553426,5.539969707063974,0.0,0.0,0.0,0.0,0.0,model1,15.0,False,4764.0
1588,2015-07-19T17:00:00Z,49.0,175.27308490489438,463.14999292869794,98.19036975437555,40.178619073409095,15.482816353535295,58.06262067663013,10.409005610136367,5.57013590140237,0.0,0.0,0.0,0.0,0.0,model1,15.0,False,4767.0
1589,2015-07-19T20:00:00Z,49.0,173.13152180376042,455.0799140509281,99.32122778596957,39.00500990867741,15.176479532201538,54.865389583019436,11.358120297776866,5.640462982543852,0.0,0.0,0.0,0.0,0.0,model1,15.0,False,4770.0
1590,2015-07-19T23:00:00Z,49.0,172.9478877118621,456.66965436206596,98.79002737847333,38.96694853540552,15.288475826611615,55.76653424374521,11.520591942551567,5.7201814413285375,0.0,0.0,0.0,0.0,0.0,model1,15.0,False,4773.0
1591,2015-07-20T02:00:00Z,49.0,174.7769528257623,456.2831571662748,100.10237914515714,39.49360797575946,14.632919646324606,57.872689547582006,10.773851448772078,5.895309812363834,0.0,0.0,0.0,0.0,0.0,model1,15.0,False,4776.0
1592,2015-07-20T05:00:00Z,49.0,172.37359291167732,460.6359458422423,99.75330257622628,39.74571984993623,13.53019431601344,55.2086974740325,8.529677630459991,5.2788370336791735,0.0,0.0,0.0,0.0,0.0,model1,15.0,False,4779.0
1593,2015-07-20T08:00:00Z,49.0,172.22338103561646,457.475491591719,99.89157371625828,39.82632829665483,14.54261045524583,57.00751853706252,8.473430909886648,5.147472941964434,0.0,0.0,0.0,0.0,0.0,model1,15.0,False,4782.0
1594,2015-07-20T11:00:00Z,49.0,172.09047098295986,444.75220377762497,98.82746588423271,39.826680466000866,13.97880304288085,61.49401118096794,8.870533585980072,4.446817547246685,0.0,0.0,0.0,0.0,0.0,model1,15.0,False,4785.0
1595,2015-07-20T14:00:00Z,49.0,170.18412616245033,443.74664903824686,99.40912777236336,39.05556905930673,12.77200637254718,56.40869267606875,9.241696454755807,4.660776286643356,0.0,0.0,0.0,0.0,0.0,model1,15.0,False,4788.0
1596,2015-07-20T17:00:00Z,49.0,171.3230233943475,440.8860899912455,99.73392990121788,38.70854037854552,13.429408681598265,50.08826422496127,11.133762258442012,4.621141131320299,0.0,0.0,0.0,0.0,0.0,model1,15.0,False,4791.0
1597,2015-07-20T20:00:00Z,49.0,171.68178946958653,445.87909217881935,98.47891111792966,38.95534661606121,12.630927406355825,56.840689621282785,10.274403552010488,4.082315803153237,0.0,0.0,0.0,0.0,0.0,model1,15.0,False,4794.0
1598,2015-07-20T23:00:00Z,49.0,172.23018934200783,442.7281844926586,97.84274431479685,39.016029319994004,12.83490514145914,53.46142686616764,9.752921330207007,3.8073734385037565,0.0,0.0,0.0,0.0,0.0,model1,15.0,False,4797.0
1599,2015-07-21T02:00:00Z,49.0,173.1317794225014,442.1415626964972,98.70428307619451,38.359502862033374,12.004034371577115,50.760774797941465,8.75240237214594,3.2485703584226497,0.0,0.0,0.0,0.0,0.0,model1,15.0,False,4800.0
1600,2015-07-21T05:00:00Z,49.0,173.06066237405997,436.00979504580556,99.87401725054085,38.033180023158,11.588444002695539,48.76738819435614,8.896857017965118,3.2503244407556178,0.0,0.0,0.0,0.0,0.0,model1,15.0,False,4803.0
1601,2015-07-21T08:00:00Z,49.0,173.40191991557074,438.5960159424758,98.42202823406923,38.505926862683744,10.456656081479633,49.45508256301133,10.091197854706312,3.5379076358969286,0.0,0.0,0.0,0.0,0.0,model1,15.0,False,4806.0
1602,2015-07-21T11:00:00Z,49.0,173.29204926332096,450.6692964710127,99.29092660540589,38.747080537830406,10.659445909308984,46.815660295716064,10.779424381642892,3.8468674820736735,0.0,0.0,0.0,0.0,0.0,model1,15.0,False,4809.0
1603,2015-07-21T14:00:00Z,49.0,174.35608911399075,450.0280255418997,97.8970115400931,38.94109425703991,8.99586229474543,47.51493075180561,10.64748406471605,3.7117232083651626,0.0,0.0,0.0,0.0,0.0,model1,15.0,False,4812.0
1604,2015-07-21T17:00:00Z,49.0,171.83004463027157,453.88630591262864,97.7647431062734,39.008026495543476,9.213746160296337,51.760674053243974,9.01672487741956,4.441533336960424,0.0,0.0,0.0,0.0,0.0,model1,15.0,False,4815.0
1605,2015-07-21T20:00:00Z,49.0,172.0917020732289,446.609130637704,97.16421267858429,38.965816140239504,9.680149597166324,47.617130974196435,10.094036645338573,4.4505857938105455,0.0,0.0,0.0,0.0,0.0,model1,15.0,False,4818.0
1606,2015-07-21T23:00:00Z,49.0,173.83905854152698,443.6340658189703,98.36212807201744,38.67789472555978,10.076112169429358,48.59901334340352,11.065373417455909,4.513748462522746,0.0,0.0,0.0,0.0,0.0,model1,15.0,False,4821.0
1607,2015-07-22T02:00:00Z,49.0,172.43530256072322,437.0415480697355,98.33764140761328,39.12772311940944,11.29310640513065,49.625067931248466,11.433227922220853,4.928284804821884,0.0,0.0,0.0,0.0,0.0,model1,15.0,False,4824.0
1608,2015-07-22T05:00:00Z,49.0,170.81199486486628,440.1637852177486,96.35914069571008,39.21695275425314,12.444762584979165,49.071255922513295,11.542534023952506,4.780420145968676,0.0,0.0,0.0,0.0,0.0,model1,15.0,False,4827.0
1609,2015-07-22T08:00:00Z,49.0,170.66526904079362,443.4981300267537,96.76301801988943,39.31937788587764,12.318795729226697,53.374673021518134,11.13480244396924,4.5588204111632615,0.0,0.0,0.0,0.0,0.0,model1,15.0,False,4830.0
1610,2015-07-22T11:00:00Z,49.0,173.12053356999385,439.6358522696392,97.56129112715878,39.70578767919189,13.54195499966155,52.21516465564262,10.768299532816043,4.726173950464856,0.0,0.0,0.0,0.0,0.0,model1,15.0,False,4833.0
1611,2015-07-22T14:00:00Z,49.0,174.09369104564132,446.3155992401483,96.9358724837522,40.327128315627434,15.142676296764185,52.04471515142754,10.72840588931053,4.758231157560085,0.0,0.0,0.0,0.0,0.0,model1,15.0,False,4836.0
1612,2015-07-22T17:00:00Z,49.0,175.2348974382809,441.5829217728939,97.646533047667,40.77737243689582,15.608643257247396,46.755272822556755,10.726724041481743,4.53015441699489,0.0,0.0,0.0,0.0,0.0,model1,15.0,False,4839.0
1613,2015-07-22T20:00:00Z,49.0,174.9668457929269,445.384826526044,97.32666315692292,41.40304889546018,15.814428432434473,44.21398929301785,9.813869683531859,4.3675279376712135,0.0,0.0,0.0,0.0,0.0,model1,15.0,False,4842.0
1614,2015-07-22T23:00:00Z,49.0,173.52386816565541,454.9688899542972,96.56313785686541,41.582176297456094,15.205678693159316,46.35907184549641,10.151478418888864,4.204934245288558,0.0,0.0,0.0,0.0,0.0,model1,15.0,False,4845.0
1615,2015-07-23T02:00:00Z,49.0,175.03438261262482,461.0428286685173,96.38261442928652,40.8439763255549,14.620409050695805,42.29350654308541,9.67092707990956,4.439305039921184,0.0,0.0,0.0,0.0,0.0,model1,15.0,False,4848.0
1616,2015-07-23T05:00:00Z,49.0,177.98859347719383,460.24043862627997,98.935756661151,41.22315894036896,15.221220606285,45.01713752504968,10.46603091668338,4.5953787358097635,0.0,0.0,0.0,0.0,0.0,model1,15.0,False,4851.0
1617,2015-07-23T08:00:00Z,49.0,177.1277416443594,456.0676868249388,100.38784835738599,41.11916300135571,16.0486028610482,41.065674675606964,10.357448274793876,4.563735324724563,0.0,0.0,0.0,0.0,0.0,model1,15.0,False,4854.0
1618,2015-07-23T11:00:00Z,49.0,175.28571911855065,457.7114091562747,100.00542886376336,41.01434437352908,16.439204488298227,40.92306478008177,9.928261064805982,4.350960123540694,0.0,0.0,0.0,0.0,0.0,model1,15.0,False,4857.0
1619,2015-07-23T14:00:00Z,49.0,173.72803210007953,456.91055928715065,100.99411784534522,40.618511485150215,14.907390784808438,35.04789429914828,9.97008856860291,4.250430136813777,0.0,0.0,0.0,0.0,0.0,model1,15.0,False,4860.0
1620,2015-07-23T17:00:00Z,49.0,173.6462335531676,463.4429279909517,100.63967110133049,39.65228401190213,14.599728715040223,38.02649611018172,10.121681378358176,4.707724831596651,0.0,0.0,0.0,0.0,0.0,model1,15.0,False,4863.0
1621,2015-07-23T20:00:00Z,49.0,173.22928023204963,464.6243638431929,102.12314440424521,39.909699506213755,14.856609839228401,40.66702386729713,9.854918471962646,5.016070049356634,0.0,0.0,0.0,0.0,0.0,model1,15.0,False,4866.0
1622,2015-07-23T23:00:00Z,49.0,172.2468175046681,456.93428174311447,101.55866878516909,40.81602116499848,15.262914597053616,39.24484366208,8.734034551027566,5.942548234946293,0.0,0.0,0.0,0.0,0.0,model1,15.0,False,4869.0
1623,2015-07-24T02:00:00Z,49.0,170.74761362118082,460.5938864655504,103.0608366164684,43.10079081171707,15.223107227929392,40.492161174567386,10.433976401857329,7.045801873366632,0.0,0.0,0.0,0.0,0.0,model1,15.0,False,4872.0
1624,2015-07-24T05:00:00Z,49.0,171.28112843460218,461.05179073061964,101.4424304029663,44.320268691818754,13.627145681045466,48.13950219161286,10.841370763568488,7.432272063767674,0.0,0.0,0.0,0.0,0.0,model1,15.0,False,4875.0
1625,2015-07-24T08:00:00Z,49.0,172.08030358577628,465.67852346848395,100.94496175924897,45.94529473332285,13.772143901157119,48.298207130162496,10.811973433464203,7.7414027470652975,0.0,0.0,0.0,0.0,0.0,model1,15.0,False,4878.0
1626,2015-07-24T11:00:00Z,49.0,170.60860331339637,463.30051219556685,101.12158305366779,46.526465264315135,13.409886199682644,47.16296175709901,11.195392478373618,7.805648795537063,0.0,0.0,0.0,0.0,0.0,model1,15.0,False,4881.0
1627,2015-07-24T14:00:00Z,49.0,170.77376879716294,455.96485329835343,100.56909013666166,47.7716741184784,14.047936536778893,51.49679811103754,11.213604835076367,7.293794761666878,0.0,0.0,0.0,0.0,0.0,model1,15.0,False,4884.0
1628,2015-07-24T17:00:00Z,49.0,169.83793219833538,445.7735169371589,100.7754084759243,49.74909754783818,14.580807057191093,49.31363997441,11.08233313314526,4.444781714577957,0.0,0.0,0.0,0.0,0.0,model1,15.0,False,4887.0
1629,2015-07-24T20:00:00Z,49.0,168.0326401045804,440.4812033842748,100.39141141889841,50.11504537743011,15.436852591207352,47.625380376181745,11.005952754322749,3.900259285012908,0.0,0.0,0.0,0.0,0.0,model1,15.0,False,4890.0
1630,2015-07-24T23:00:00Z,49.0,168.20609910721512,440.6754485940182,101.16685647190695,50.420348488195906,15.560396670744472,47.64430659955015,10.756843400286591,3.6377333409605273,0.0,0.0,0.0,0.0,0.0,model1,15.0,False,4893.0
1631,2015-07-25T02:00:00Z,49.0,167.6601963200917,426.81911212321,98.84122562362829,49.494512101417826,15.171187844479356,48.03482029702735,9.57133444904146,3.8503743359167797,0.0,0.0,0.0,0.0,0.0,model1,15.0,False,4896.0
1632,2015-07-25T05:00:00Z,49.0,164.1878753537641,427.3615976974789,100.02705870736892,49.05779038489138,13.718753370756138,39.37443997290115,9.465568586235486,3.744806023124287,0.0,0.0,0.0,0.0,0.0,model1,15.0,False,4899.0
1633,2015-07-25T08:00:00Z,49.0,162.90805838651917,423.5151914828537,99.48084245826878,48.66568060667185,12.816750313799991,35.062313025184444,9.476609133963956,3.919463036168972,0.0,0.0,0.0,0.0,0.0,model1,15.0,False,4902.0
1634,2015-07-25T11:00:00Z,49.0,163.99369884027146,424.9012914180713,98.31754853561479,48.88247141789878,12.855257548469716,40.14445317107373,9.904764178312318,4.255510208017018,0.0,0.0,0.0,0.0,0.0,model1,15.0,False,4905.0
1635,2015-07-25T14:00:00Z,49.0,162.1647750336649,428.46475123097235,99.14046419648432,49.381851981279794,12.386864192849972,39.391788912590215,9.410666529335666,4.470646193874886,0.0,0.0,0.0,0.0,0.0,model1,15.0,False,4908.0
1636,2015-07-25T17:00:00Z,49.0,162.49685893997446,431.36184752713683,98.1136249582254,49.7084708069701,12.634732014187506,39.567134566003716,9.826498405643227,4.662018460326207,0.0,0.0,0.0,0.0,0.0,model1,15.0,False,4911.0
1637,2015-07-25T20:00:00Z,49.0,164.65371100273236,440.1460105678434,96.70262197528365,49.78237460020136,14.099508493495795,42.57274434371779,9.938345875361936,5.032066024324257,0.0,0.0,0.0,0.0,0.0,model1,15.0,False,4914.0
1638,2015-07-25T23:00:00Z,49.0,166.01215485756532,441.4398334549179,97.48061696004729,48.41183870798741,14.919593733323786,42.33411697917077,10.734152481546305,5.9678474437618805,0.0,0.0,0.0,0.0,0.0,model1,15.0,False,4917.0
1639,2015-07-26T02:00:00Z,49.0,166.00564803791468,454.12756900798087,99.45816867722851,47.66513568485031,15.116872522328384,38.20877177057682,11.502279545168324,6.332371626794248,0.0,0.0,0.0,0.0,0.0,model1,15.0,False,4920.0
1640,2015-07-26T05:00:00Z,49.0,167.84409807916418,451.7806308192419,97.74636345771864,46.41038215622133,15.262360216786014,41.55089992728581,11.8967263865308,7.655739234046514,0.0,0.0,0.0,0.0,0.0,model1,15.0,False,4923.0
1641,2015-07-26T08:00:00Z,49.0,169.0600910439335,449.80658828918337,97.31064627842431,45.786779803981545,16.20647729203774,45.31638386373949,13.071845556145409,7.371436262491933,0.0,0.0,0.0,0.0,0.0,model1,15.0,False,4926.0
1642,2015-07-26T11:00:00Z,49.0,169.31237506687447,445.4952260602938,98.99292442806448,45.15932898562888,16.2308158602364,42.61464435451564,12.735376950719788,7.133726124294583,0.0,0.0,0.0,0.0,0.0,model1,15.0,False,4929.0
1643,2015-07-26T14:00:00Z,49.0,171.84763983801983,448.3358484478518,99.18544135176687,44.83441732601795,15.316290132789273,43.45391818164088,13.115857674526055,6.947575341624216,0.0,0.0,0.0,0.0,0.0,model1,15.0,False,4932.0
1644,2015-07-26T17:00:00Z,49.0,170.93573453304637,447.66481347423417,100.4685661076428,44.83411443126298,14.80831181238523,52.87496842844619,12.949149727022355,6.910651180542987,0.0,0.0,0.0,0.0,0.0,model1,15.0,False,4935.0
1645,2015-07-26T20:00:00Z,49.0,169.83936863167537,441.20285131653145,100.39382016598421,45.506548582224646,12.670693552909086,51.967596737149066,13.043846741270391,7.306226131930359,0.0,0.0,0.0,0.0,0.0,model1,15.0,False,4938.0
1646,2015-07-26T23:00:00Z,49.0,169.25456831992642,448.0788863927849,101.48907276957362,47.04352763886917,11.927852272650403,57.95921517842065,14.075555877308874,7.1943983583775,0.0,0.0,0.0,0.0,0.0,model1,15.0,False,4941.0
1647,2015-07-27T02:00:00Z,49.0,169.8131124038925,443.5847016454808,101.04485634114596,47.813511807333356,11.382986308146414,55.20188477168368,14.078240877626715,6.740766820576731,0.0,0.0,0.0,0.0,0.0,model1,15.0,False,4944.0
1648,2015-07-27T05:00:00Z,49.0,169.55651489770287,448.86976899141035,102.78335784367478,49.340146229016106,10.845901362387359,55.701796637739925,12.830751555553064,5.064189161839079,0.0,0.0,0.0,0.0,0.0,model1,15.0,False,4947.0
1649,2015-07-27T08:00:00Z,49.0,171.22546243388985,454.80864110793647,107.33327143901134,50.276964310873396,13.325160889634203,55.97979007876583,13.734974638412295,5.139664993177712,0.0,0.0,0.0,0.0,0.0,model1,15.0,False,4950.0
1650,2015-07-27T11:00:00Z,49.0,170.61418801471902,471.7256221812028,110.30128146459144,50.73890491181521,14.3571080911587,61.99443148924876,15.660030807122586,4.6287158726613065,0.0,0.0,0.0,0.0,0.0,model1,15.0,False,4953.0
1651,2015-07-27T14:00:00Z,49.0,168.80419728230189,460.3037730899264,111.8622088688723,51.047066712999715,14.617340597733564,71.38230956126328,15.390888018393767,4.430250549292249,0.0,0.0,0.0,0.0,0.0,model1,15.0,False,4956.0
1652,2015-07-27T17:00:00Z,49.0,168.54289036632352,459.85654736664566,113.24109303310786,50.985271351440105,14.757577284808375,65.80087790823568,15.654402082908573,5.1536013076352605,0.0,0.0,0.0,0.0,0.0,model1,15.0,False,4959.0
1653,2015-07-27T20:00:00Z,49.0,169.5088828516419,452.03884011898606,116.92745334696914,51.60880567934045,14.870994947892239,71.80775332733765,12.655757979848001,6.010486281061244,0.0,0.0,0.0,0.0,0.0,model1,15.0,False,4962.0
1654,2015-07-27T23:00:00Z,49.0,172.21776584411643,438.9760772194351,118.12512034622135,51.36916680168357,16.195787079538388,69.4649618545992,13.201054213354226,6.131828834431349,0.0,0.0,0.0,0.0,0.0,model1,15.0,False,4965.0
1655,2015-07-28T02:00:00Z,49.0,171.90122308587502,445.6344281742051,120.74632014017872,51.31624865753581,17.155315439730195,73.22613267968019,12.800555525134444,6.1047153502767015,0.0,0.0,0.0,0.0,0.0,model1,15.0,False,4968.0
1656,2015-07-28T05:00:00Z,49.0,170.86353619131148,446.46026876436935,122.81536899971329,51.705432482807396,18.905082969779393,72.17228331482454,12.798086153576756,5.801021127358527,0.0,0.0,0.0,0.0,0.0,model1,15.0,False,4971.0
1657,2015-07-28T08:00:00Z,49.0,169.4626778030069,445.6768627531017,121.52146660292124,50.36525465282239,17.32678622310901,69.64196854204225,12.383561604848357,6.704798181219026,0.0,0.0,0.0,1.0,0.0,model1,15.0,True,4974.0
1658,2015-07-28T11:00:00Z,49.0,169.59567181509925,431.2475631788205,119.75927711368895,49.17478533401228,16.299088400368536,56.06506081641554,13.000785798925145,7.530851956568315,0.0,0.0,0.0,1.0,0.0,model1,15.0,True,4977.0
1659,2015-07-28T14:00:00Z,49.0,171.19830523854975,445.7724002498491,120.71855773262476,47.49587846883727,16.338539802923304,51.333645952400175,12.367112697980753,8.035450239163259,0.0,0.0,0.0,1.0,0.0,model1,15.0,True,4980.0
1660,2015-07-28T17:00:00Z,49.0,170.91586443488364,445.1225642088459,122.5899289259642,45.915567692648494,17.08629701246053,60.66411642551203,12.57637357218499,7.869309812337656,0.0,0.0,0.0,1.0,0.0,model1,15.0,True,4983.0
1661,2015-07-28T20:00:00Z,49.0,171.35440434262225,451.5846025317583,123.16098624879862,43.53647963164761,16.96173542774101,56.58149813944997,12.356317597502342,6.3778331001738024,0.0,0.0,0.0,1.0,0.0,model1,15.0,True,4986.0
1662,2015-07-28T23:00:00Z,49.0,168.3265460141174,459.71231493861717,122.98964543832287,41.96114009614285,17.615396879409772,54.13509042226323,12.23266196752006,6.5610740576545785,0.0,1.0,0.0,1.0,0.0,model1,15.0,True,4989.0
1663,2015-07-29T02:00:00Z,49.0,167.29675003793213,451.72127640469284,121.68831048466076,41.30866201307415,17.269176537428606,51.99813709040664,11.11757548948185,6.5338608332470525,0.0,1.0,0.0,1.0,0.0,model1,15.0,True,4992.0
1664,2015-07-29T05:00:00Z,49.0,169.91305402796522,448.8841267329358,122.03486247586588,39.04826383095789,18.979409136160747,49.467302158524134,10.917994436286602,5.187173487931539,0.0,1.0,0.0,1.0,0.0,model1,15.0,True,4995.0
1665,2015-07-29T08:00:00Z,49.0,167.6580031202569,448.6120995735672,120.32124622996182,39.20155802825281,18.3923335690474,49.49698895436184,12.753713019165652,5.171651640551762,0.0,1.0,0.0,0.0,0.0,model1,15.0,False,4998.0
1666,2015-07-29T11:00:00Z,49.0,168.47815974802762,449.7238695075096,117.74398883967837,39.8474723039296,18.66725018310879,54.71526970812622,14.684354952450313,6.1872626714050165,0.0,1.0,0.0,0.0,0.0,model1,15.0,False,5001.0
1667,2015-07-29T14:00:00Z,49.0,168.9706553065763,446.37462088523097,115.0233652005661,39.618015522949314,18.637899216369025,57.39781508884625,15.83076517760659,6.312639243721289,0.0,1.0,0.0,0.0,0.0,model1,15.0,False,5004.0
1668,2015-07-29T17:00:00Z,49.0,168.50014315775078,452.8299107642647,110.41473268948955,39.98268281403315,18.87268639473448,46.9372761265164,15.534768450293743,6.337317167300588,0.0,1.0,0.0,0.0,0.0,model1,15.0,False,5007.0
1669,2015-07-29T20:00:00Z,49.0,165.92115200828363,457.0725278202248,107.65816729467794,40.0208188245451,19.25590229731256,42.215852687700895,15.524807858618527,6.021664945057353,0.0,1.0,0.0,0.0,0.0,model1,15.0,False,5010.0
1670,2015-07-29T23:00:00Z,49.0,166.10853718474027,451.2725919656426,103.41572649383279,40.98175617359753,18.06747431895304,42.163293877955105,14.528319507192409,5.5535249800712085,0.0,0.0,0.0,0.0,0.0,model1,15.0,False,5013.0
1671,2015-07-30T02:00:00Z,49.0,167.33077771472438,453.4508502486065,101.93034349633257,41.08345933630788,18.94532770497859,43.36803598868321,13.848998507873207,5.394340007629429,0.0,0.0,0.0,0.0,0.0,model1,15.0,False,5016.0
1672,2015-07-30T05:00:00Z,49.0,164.55452747031725,454.6756261600412,96.90557802382902,41.821763065077526,15.110926847521279,44.36835395651538,10.064078958933237,4.803206829556436,0.0,0.0,0.0,0.0,0.0,model1,15.0,False,5019.0
1673,2015-07-30T08:00:00Z,49.0,164.80883414979587,454.57219654534515,95.91004361967478,42.27912085286317,15.942356286208241,44.26207579984894,9.894389843525317,4.9202060646131,0.0,0.0,0.0,0.0,0.0,model1,15.0,False,5022.0
1674,2015-07-30T11:00:00Z,49.0,163.5731884291405,457.60945001794886,97.12555783546145,41.87349162379342,15.974036317177296,42.856584507522825,10.115220283444973,4.181647377360126,0.0,0.0,0.0,0.0,0.0,model1,15.0,False,5025.0
1675,2015-07-30T14:00:00Z,49.0,161.0961478901758,462.73687188447764,95.9009895202716,42.74390362680943,14.856276547370609,45.707613551006546,10.39433131826462,3.868316109674826,0.0,0.0,0.0,0.0,0.0,model1,15.0,False,5028.0
1676,2015-07-30T17:00:00Z,49.0,163.5538761976639,456.2176818956504,95.68160225129749,42.67090881065821,14.508232113640439,47.474970603899145,11.915898573576818,3.871065574396836,0.0,0.0,0.0,0.0,0.0,model1,15.0,False,5031.0
1677,2015-07-30T20:00:00Z,49.0,164.99020025084005,454.4341344055889,95.36538902551013,42.05989598132777,16.368495643452896,49.99472469940992,11.668868234685895,4.618749305129495,0.0,0.0,0.0,0.0,0.0,model1,15.0,False,5034.0
1678,2015-07-30T23:00:00Z,49.0,164.50992600098763,459.6874925167946,96.15395941833613,41.541110341075424,16.407508657325486,48.93519578082326,12.057682414851834,4.600565785546202,0.0,0.0,0.0,0.0,0.0,model1,15.0,False,5037.0
1679,2015-07-31T02:00:00Z,49.0,166.26342123338557,457.0080372107977,95.39788613353531,41.67411326026157,17.911962316674426,47.61393613182171,11.694668858399147,4.871802294951936,0.0,0.0,0.0,0.0,0.0,model1,15.0,False,5040.0
1680,2015-07-31T05:00:00Z,49.0,166.97221165806366,452.68056744555884,97.7860246061901,41.44630403659085,18.435928492002933,47.74807836569378,11.613460681548073,5.004417558109417,0.0,0.0,0.0,0.0,0.0,model1,15.0,False,5043.0
1681,2015-07-31T08:00:00Z,49.0,167.0988305400727,454.2313956944731,98.25494065148628,40.57677408438073,17.117598634725876,48.00179503930331,11.689639995479471,4.615662345481212,0.0,0.0,0.0,0.0,0.0,model1,15.0,False,5046.0
1682,2015-07-31T11:00:00Z,49.0,167.72825996749916,455.9347753124832,97.2680091215922,40.297884199072534,17.234066203216322,44.43158538761522,11.3885645456799,4.435822350791638,0.0,0.0,0.0,0.0,0.0,model1,15.0,False,5049.0
1683,2015-07-31T14:00:00Z,49.0,168.10911740581884,451.5322261591571,97.1719397694555,39.9149795381502,17.29130467968019,41.240287682317465,11.811382734152305,4.306701624657745,0.0,0.0,0.0,0.0,0.0,model1,15.0,False,5052.0
1684,2015-07-31T17:00:00Z,49.0,167.4179089834469,456.57494935521765,98.19706977756357,40.123090981477326,18.5157263487072,41.80302807944492,10.093581875235394,4.558182101864885,0.0,0.0,0.0,0.0,0.0,model1,15.0,False,5055.0
1685,2015-07-31T20:00:00Z,49.0,168.77260117507575,454.3610550546054,100.49272573299469,41.04269058376122,17.02443263832518,42.45193784620268,11.249050819834675,4.046295635845576,0.0,0.0,0.0,0.0,0.0,model1,15.0,False,5058.0
1686,2015-07-31T23:00:00Z,49.0,169.63957311264846,453.70493602774,100.51868883888996,40.513198918064816,16.10132449244882,41.663184224897826,10.94122966281243,4.275983277443542,0.0,0.0,0.0,0.0,0.0,model1,15.0,False,5061.0
1687,2015-08-01T02:00:00Z,49.0,167.711783712672,457.79368984151637,101.54816765197045,39.57968487510313,14.019716375293221,40.46058820115549,10.919606410675296,4.237662695917297,0.0,0.0,0.0,0.0,0.0,model1,15.0,False,5064.0
1688,2015-08-01T05:00:00Z,49.0,168.7879817958997,460.224252747103,100.2757507475598,39.28815201584128,13.976728713244018,41.11174015089893,11.20689190007189,4.261941593624552,0.0,0.0,0.0,0.0,0.0,model1,15.0,False,5067.0
1689,2015-08-01T08:00:00Z,49.0,171.41578086478103,460.81257642747056,99.2772628949468,39.94099607971502,14.65570779607693,40.85318829336278,11.122195543008504,4.731084557016088,0.0,0.0,0.0,0.0,0.0,model1,15.0,False,5070.0
1690,2015-08-01T11:00:00Z,49.0,172.7277582075315,456.64822108300143,100.04576442044814,39.94276343290197,15.933850261878698,40.71466989555976,11.000901645434027,5.123359372822642,0.0,0.0,0.0,0.0,0.0,model1,15.0,False,5073.0
1691,2015-08-01T14:00:00Z,49.0,175.54059295170364,453.3403599786048,102.11382424509412,39.756150961472,15.830793421954427,39.07680656505008,10.423452623798257,5.199836046332647,0.0,0.0,0.0,0.0,0.0,model1,15.0,False,5076.0
1692,2015-08-01T17:00:00Z,49.0,177.23502683749192,449.2512872620978,101.6413058155536,39.36559352920815,14.32822380246565,37.2781191943914,11.202675347182092,4.987839247158276,0.0,0.0,0.0,0.0,0.0,model1,15.0,False,5079.0
1693,2015-08-01T20:00:00Z,49.0,178.69928460946338,454.05857890814417,100.18753057197159,38.36226482219194,15.811681963310855,36.319034556932046,9.971421329447509,5.201398284470919,0.0,0.0,0.0,0.0,0.0,model1,15.0,False,5082.0
1694,2015-08-01T23:00:00Z,49.0,180.24113261037647,458.7373286508828,100.68193610668472,38.96038475160532,15.861246268476146,40.968306852929004,9.754486223586298,5.654205748020562,0.0,0.0,0.0,0.0,0.0,model1,15.0,False,5085.0
1695,2015-08-02T02:00:00Z,49.0,181.24966379381604,456.438106746829,99.31724328093293,39.95629379760712,14.912822600888743,41.70005000498611,9.557330442079936,5.622447775424488,0.0,0.0,0.0,0.0,0.0,model1,15.0,False,5088.0
1696,2015-08-02T05:00:00Z,49.0,180.99489389363129,458.2916375684482,100.22948080099165,40.91804596868828,14.586699883590875,44.613710195902044,9.184092542234149,5.6827426372044645,0.0,0.0,0.0,0.0,0.0,model1,15.0,False,5091.0
1697,2015-08-02T08:00:00Z,49.0,176.175673539144,451.8285177425938,100.0422520717002,40.91482571514891,19.482454166126672,51.1087658068932,9.310918119706926,5.869618485027694,0.0,0.0,0.0,0.0,0.0,model1,15.0,False,5094.0
1698,2015-08-02T11:00:00Z,49.0,174.48829058642863,454.6838695707737,99.87823299168186,41.40858429881835,18.98072637716786,50.74646801214344,10.321503809401005,5.632137025786912,0.0,0.0,0.0,0.0,0.0,model1,15.0,False,5097.0
1699,2015-08-02T14:00:00Z,49.0,172.7694563832915,457.9862536041752,98.40988662214089,41.12099688012317,18.51291795339311,48.33790560113192,9.771242559335377,5.503400806976055,0.0,0.0,0.0,0.0,0.0,model1,15.0,False,5100.0
1700,2015-08-02T17:00:00Z,49.0,172.72756171687084,463.9097811342636,100.02297631607031,40.674966763454215,17.783311046767185,48.43424861811244,9.888220477331664,5.868198885953041,0.0,0.0,0.0,0.0,0.0,model1,15.0,False,5103.0
1701,2015-08-02T20:00:00Z,49.0,171.95813713862634,457.36432682572547,100.38373207742157,41.84453229006407,15.913314978870675,50.559001438782694,9.921272194174634,5.258969905530559,0.0,0.0,0.0,0.0,0.0,model1,15.0,False,5106.0
1702,2015-08-02T23:00:00Z,49.0,170.98659867000362,447.7938607535138,100.49599604805937,41.84135990577746,15.552129006605275,50.97957758744553,10.020032895961599,4.692747149734914,0.0,0.0,0.0,0.0,0.0,model1,15.0,False,5109.0
1703,2015-08-03T02:00:00Z,49.0,170.54835531908898,445.8301011615044,102.0515417661871,41.534167699342646,14.871630169994063,51.109076455703786,10.067395409143836,4.764722796911876,0.0,0.0,0.0,0.0,0.0,model1,15.0,False,5112.0
1704,2015-08-03T05:00:00Z,49.0,170.83388217070117,441.6161214083448,100.67598714019232,41.207829332521726,14.924057710001964,49.00510238424357,10.560115508045,4.582069114347087,0.0,0.0,0.0,0.0,0.0,model1,15.0,False,5115.0
1705,2015-08-03T08:00:00Z,49.0,175.70768293453395,445.6732412806437,103.25423352170782,40.358155409803146,10.527915234618025,41.8498886053936,10.393916842969912,4.267254408189547,0.0,0.0,0.0,0.0,0.0,model1,15.0,False,5118.0
1706,2015-08-03T11:00:00Z,49.0,177.05383078241414,441.5011900960812,104.7266996451821,39.73313721185631,8.484572024640409,43.70356628682751,9.834201057625473,3.972342116965812,0.0,0.0,0.0,0.0,0.0,model1,15.0,False,5121.0
1707,2015-08-03T14:00:00Z,49.0,176.98194204598568,446.12837942057706,104.64508715563656,40.04269419608517,10.302017274320498,46.796819781070134,9.370249692435207,4.24567349045263,0.0,0.0,0.0,0.0,0.0,model1,15.0,False,5124.0
1708,2015-08-03T17:00:00Z,49.0,176.23173342725536,443.46926480981836,103.43852015274977,40.9245559674664,14.021088356480927,44.004299777492285,9.23483563898493,4.131008670979926,0.0,0.0,0.0,0.0,0.0,model1,15.0,False,5127.0
1709,2015-08-03T20:00:00Z,49.0,174.37489790162633,451.3539028821904,103.27575731647973,40.19603787468767,14.448090314369926,42.36174530717847,9.161931883201053,4.745437382214249,0.0,0.0,0.0,0.0,0.0,model1,15.0,False,5130.0
1710,2015-08-03T23:00:00Z,49.0,172.75629578524865,454.83817303047584,103.44969981573824,39.84617663254655,15.029573206467507,43.71145117789096,8.975298508350402,4.811755163052892,0.0,0.0,0.0,0.0,0.0,model1,15.0,False,5133.0
1711,2015-08-04T02:00:00Z,49.0,172.90957134234367,461.15354876423424,103.87402167745415,40.284737018154686,15.106025966089005,48.24242864201076,9.364494960191166,5.1019968127879345,0.0,0.0,0.0,0.0,0.0,model1,15.0,False,5136.0
1712,2015-08-04T05:00:00Z,49.0,170.06705394711753,468.9020912164222,104.66272772734962,40.00638819464836,18.295372601285084,48.646049447415145,8.824816697586922,5.180340692511916,0.0,0.0,0.0,0.0,0.0,model1,15.0,False,5139.0
1713,2015-08-04T08:00:00Z,49.0,167.60626261011836,465.0726840511163,103.51486931367548,40.33842035219335,18.328515827738688,50.155530838180646,8.13491539256408,5.8265411107708935,0.0,0.0,0.0,0.0,0.0,model1,15.0,False,5142.0
1714,2015-08-04T11:00:00Z,49.0,167.2378202101817,463.97907609857117,102.67763762644474,40.57828353235582,18.581811934310306,48.09426052514267,7.274736764745121,5.8383396849050175,0.0,0.0,0.0,0.0,0.0,model1,15.0,False,5145.0
1715,2015-08-04T14:00:00Z,49.0,166.791360553368,459.6442986603817,103.86432249082857,40.557217414121325,17.804372020915483,47.00330018864126,6.505249190195324,5.728252644949827,0.0,0.0,0.0,0.0,0.0,model1,15.0,False,5148.0
1716,2015-08-04T17:00:00Z,49.0,165.9461401701011,453.92138553139495,103.31025588306964,40.26944331127308,15.074371080380562,50.77766983842918,6.767786482691737,5.9495650773715765,0.0,0.0,0.0,0.0,0.0,model1,15.0,False,5151.0
1717,2015-08-04T20:00:00Z,49.0,166.32612862341836,446.0228172924197,101.00632781102159,40.84636950869281,14.847065935667727,52.47367357640852,8.23735052980974,5.61119776537277,0.0,0.0,0.0,0.0,0.0,model1,15.0,False,5154.0
1718,2015-08-04T23:00:00Z,49.0,167.3917426327765,447.59820939685136,101.29414773860134,41.189043842216186,14.219031051198973,49.0890352653372,8.631103794921245,5.632203588867964,0.0,0.0,0.0,0.0,0.0,model1,15.0,False,5157.0
1719,2015-08-05T02:00:00Z,49.0,166.28439010108949,440.70975209949785,100.75134066086876,40.52374066317228,16.493811458760856,43.255786797065774,7.979556254529451,5.697179015621764,0.0,0.0,0.0,0.0,0.0,model1,15.0,False,5160.0
1720,2015-08-05T05:00:00Z,49.0,167.7029400889688,436.8060965234124,100.85484016109629,40.573407865624795,14.030556420612907,40.127403270733964,7.584625075792103,5.6485110406651735,0.0,0.0,0.0,0.0,0.0,model1,15.0,False,5163.0
1721,2015-08-05T08:00:00Z,49.0,168.7974635772969,438.01940649158087,99.14270708630757,41.067222646931064,15.706903363324894,40.35394027081585,8.997040701865332,4.780725652593353,0.0,0.0,0.0,0.0,0.0,model1,15.0,False,5166.0
1722,2015-08-05T11:00:00Z,49.0,168.11870534078614,439.52120364116485,97.54643580631426,40.863885106090116,14.936237885533185,43.11768015712943,8.862291868868615,4.960813769719623,0.0,0.0,0.0,0.0,0.0,model1,15.0,False,5169.0
1723,2015-08-05T14:00:00Z,49.0,169.85522402727796,438.6935505960336,96.57236155529866,40.570583053687294,15.186475246149303,51.66428334686504,8.64731569588962,4.9781986158282265,0.0,0.0,0.0,0.0,0.0,model1,15.0,False,5172.0
1724,2015-08-05T17:00:00Z,49.0,171.6628875702747,440.00690084570937,96.33226568083674,40.194216983366495,15.357320513105678,50.61885434512181,8.967625433807783,4.924197720303349,0.0,0.0,0.0,0.0,0.0,model1,15.0,False,5175.0
1725,2015-08-05T20:00:00Z,49.0,172.19586835533704,447.7873017021652,98.02161927893393,40.32631068320523,15.910198739225118,50.75085601145911,9.099228277213316,5.2286424144153445,0.0,0.0,0.0,0.0,0.0,model1,15.0,False,5178.0
1726,2015-08-05T23:00:00Z,49.0,172.3676574338673,447.5195347778689,99.43854865281507,39.67865052333546,16.291226519438712,49.07958006829168,10.807049654463434,5.2818888682108565,0.0,0.0,0.0,0.0,0.0,model1,15.0,False,5181.0
1727,2015-08-06T02:00:00Z,49.0,173.6084633249419,452.0269188125979,98.1643681976408,39.852736173429015,13.580698525202553,49.83252284981248,10.568230968667953,4.893316159703513,0.0,0.0,0.0,0.0,0.0,model1,15.0,False,5184.0
1728,2015-08-06T05:00:00Z,49.0,175.3223535183966,450.8140473092817,97.43894231206328,39.61295627572804,13.255164563848775,47.103021277868464,10.655445536697359,5.790381916486769,0.0,0.0,0.0,0.0,0.0,model1,15.0,False,5187.0
1729,2015-08-06T08:00:00Z,49.0,176.34776890387204,454.056283572472,98.162013207852,38.985139878698725,10.746099013199196,49.366415271156505,10.647544173815538,5.8288321318866805,0.0,0.0,0.0,0.0,0.0,model1,15.0,False,5190.0
1730,2015-08-06T11:00:00Z,49.0,176.84159765827366,458.73177039105246,99.76468753480648,39.25660735014136,14.49974143149823,47.9829486053981,10.701461980580918,5.856504857970954,0.0,0.0,0.0,0.0,0.0,model1,15.0,False,5193.0
1731,2015-08-06T14:00:00Z,49.0,176.3066212866456,459.8190929407343,99.47935005470823,39.683935965979146,15.855116061334172,46.73447298200661,11.129035867407966,5.910972769074094,0.0,0.0,0.0,0.0,0.0,model1,15.0,False,5196.0
1732,2015-08-06T17:00:00Z,49.0,175.8356849706614,470.00953459019684,100.3962673707408,39.70233600479593,15.78357758960921,47.260255667010924,11.073885587511397,5.440511326852523,0.0,0.0,0.0,0.0,0.0,model1,15.0,False,5199.0
1733,2015-08-06T20:00:00Z,49.0,173.75317754557992,466.56029618737364,99.98177377795251,38.919067122291366,17.16797986084515,46.90283078905088,10.915817799188721,5.133963678102278,0.0,0.0,0.0,0.0,0.0,model1,15.0,False,5202.0
1734,2015-08-06T23:00:00Z,49.0,171.5773859640527,469.1394532631056,96.94549103128384,39.64519035414532,18.161470762721844,53.32463780177272,9.41216817769932,5.398564843646536,0.0,0.0,0.0,0.0,0.0,model1,15.0,False,5205.0
1735,2015-08-07T02:00:00Z,49.0,171.1878976604981,471.6780101549363,97.993753913541,40.18107644006515,18.16416130270468,51.22965355712281,9.57088390349382,5.699681959249962,0.0,0.0,0.0,0.0,0.0,model1,15.0,False,5208.0
1736,2015-08-07T05:00:00Z,49.0,172.4585639481969,472.16096117202216,99.39388148007059,40.53033522035404,18.592221498960754,53.36827858629373,9.733670350669332,4.63337544937163,0.0,0.0,0.0,0.0,0.0,model1,15.0,False,5211.0
1737,2015-08-07T08:00:00Z,49.0,170.3279020790107,473.67774879111465,99.3161967889436,40.55382463237449,18.095084448522133,51.31530034471554,8.974678894550326,4.357561385991076,0.0,0.0,0.0,0.0,0.0,model1,15.0,False,5214.0
1738,2015-08-07T11:00:00Z,49.0,170.50146912133087,469.77342556255377,98.53623109353373,40.375210622078576,15.570142439012244,51.52618457945889,8.670116471375957,4.863445121868312,0.0,0.0,0.0,0.0,0.0,model1,15.0,False,5217.0
1739,2015-08-07T14:00:00Z,49.0,168.6413289304986,463.1470189118394,98.80982848003113,40.4308467337221,13.846431108120566,48.20788177078018,8.057045220070986,4.774773194061754,0.0,0.0,0.0,0.0,0.0,model1,15.0,False,5220.0
1740,2015-08-07T17:00:00Z,49.0,168.2109177072173,457.13678102091535,98.47416185458808,40.912493321964654,13.709371527768257,46.575880752011614,7.234979455939173,4.753116190837161,0.0,0.0,0.0,0.0,0.0,model1,15.0,False,5223.0
1741,2015-08-07T20:00:00Z,49.0,170.0665087269346,456.87459317847197,98.58462887954686,41.59835061956828,12.999354108444429,48.06102533013274,6.947848789184812,4.336153734618134,0.0,0.0,0.0,0.0,0.0,model1,15.0,False,5226.0
1742,2015-08-07T23:00:00Z,49.0,171.5677999788291,455.7166906581002,100.02033088756129,41.156256399912145,11.587560550565982,41.52333574292408,6.083996412657889,4.067425980147148,0.0,0.0,0.0,0.0,0.0,model1,15.0,False,5229.0
1743,2015-08-08T02:00:00Z,49.0,172.4764594376859,456.78676317406195,98.9945534887082,40.72000566542134,13.143184483525195,42.53735016832368,6.017199945617198,4.463556856732462,0.0,0.0,0.0,0.0,0.0,model1,15.0,False,5232.0
1744,2015-08-08T05:00:00Z,49.0,168.36544302720517,455.8522441817972,98.21418293086256,39.745310446755965,13.616076200553696,41.634804827393644,6.184204731452501,5.4228269044693445,0.0,0.0,0.0,0.0,0.0,model1,15.0,False,5235.0
1745,2015-08-08T08:00:00Z,49.0,168.67761458664046,456.5232548848802,99.30114949030708,39.46486587076718,13.608119404794838,42.39455807487088,5.9620965495729425,5.544715341640863,0.0,0.0,0.0,0.0,0.0,model1,15.0,False,5238.0
1746,2015-08-08T11:00:00Z,49.0,169.4844334752345,455.39197955695954,98.29553023340642,39.59852988001616,13.901341876953376,44.31438298836365,7.623270264180532,4.997669150057497,0.0,0.0,0.0,0.0,0.0,model1,15.0,False,5241.0
1747,2015-08-08T14:00:00Z,49.0,171.1277959513326,457.2533883309636,98.49997653067464,39.592709854184605,13.945948123785259,41.78953473590902,7.641303694166527,5.015220112809739,0.0,0.0,0.0,0.0,0.0,model1,15.0,False,5244.0
1748,2015-08-08T17:00:00Z,49.0,170.58502785310137,454.7874671164464,99.6620063279562,39.37497052601261,14.11903226649879,42.51525949411882,9.427488653083783,5.435312636476637,0.0,0.0,0.0,0.0,0.0,model1,15.0,False,5247.0
1749,2015-08-08T20:00:00Z,49.0,168.954727295264,451.8223187120289,98.56500370450044,39.30528297127511,15.442432352907483,48.01540191252349,11.846105420170765,5.697896851161361,0.0,0.0,0.0,0.0,0.0,model1,15.0,False,5250.0
1750,2015-08-08T23:00:00Z,49.0,170.23802006657309,449.27934244762673,98.41623937974535,39.69679443697977,15.627377212611776,45.982516851882714,11.626546722707346,5.833985292843439,0.0,0.0,0.0,0.0,0.0,model1,15.0,False,5253.0
1751,2015-08-09T02:00:00Z,49.0,170.61841294104607,444.62486741904746,98.15538636580334,39.29474438386732,14.9903389997119,43.35491610830066,11.748762041543353,5.341486827516063,0.0,0.0,0.0,0.0,0.0,model1,15.0,False,5256.0
1752,2015-08-09T05:00:00Z,49.0,172.29088238111592,441.1262700763449,98.765827668107,40.56135592761965,13.090377410486989,43.16756134358878,11.861471506903177,4.519862375453017,1.0,0.0,0.0,0.0,0.0,model1,15.0,False,5259.0
1753,2015-08-09T08:00:00Z,49.0,171.46045506652828,436.49943056489525,97.9586246642435,40.93333930848889,13.682816818993812,39.40752479818031,12.236358128455475,4.281199500118114,1.0,0.0,0.0,0.0,0.0,model1,15.0,False,5262.0
1754,2015-08-09T11:00:00Z,49.0,170.52725805585982,433.1564078514412,99.55146599019173,41.39286460714556,16.570262289008383,43.93511689732921,11.425865598393711,4.412198517872619,1.0,0.0,0.0,0.0,0.0,model1,15.0,False,5265.0
1755,2015-08-09T14:00:00Z,49.0,170.51340292414082,437.76382568350283,100.10854722902731,40.41381757905477,16.52030274709574,45.996851197334976,11.562382459209607,5.246360980011136,1.0,0.0,0.0,0.0,0.0,model1,15.0,False,5268.0
1756,2015-08-09T17:00:00Z,49.0,171.5283874733602,442.207971651598,100.4365364678808,39.88295133918239,16.414002406074378,47.21179635409732,10.861065786496225,4.9622705035601395,1.0,0.0,0.0,0.0,0.0,model1,15.0,False,5271.0
1757,2015-08-09T20:00:00Z,49.0,172.83197707919362,442.71664464047785,101.59180368573963,39.75740645455029,14.592838576670735,42.78572130584735,8.184045283700948,4.680269129502372,1.0,0.0,0.0,0.0,0.0,model1,15.0,False,5274.0
1758,2015-08-09T23:00:00Z,49.0,170.61124364343425,444.61202967559893,101.37900102639787,39.57925295268221,16.781376811025847,44.62199269868328,8.500283187716676,4.4874051700412005,1.0,0.0,0.0,0.0,0.0,model1,15.0,False,5277.0
1759,2015-08-10T02:00:00Z,49.0,168.9041274881418,442.63870858014303,102.07852012987259,39.7833250907165,16.7352555006424,46.58464209042766,8.12349950552429,4.652400144626012,1.0,0.0,0.0,0.0,0.0,model1,15.0,False,5280.0
1760,2015-08-10T05:00:00Z,49.0,170.51918128567803,445.77288967450295,101.87978396341286,39.22357556829065,17.318951651076954,50.149356068183174,7.547298636754626,5.193384619114826,0.0,0.0,0.0,0.0,0.0,model1,15.0,False,5283.0
1761,2015-08-10T08:00:00Z,49.0,171.5067263817879,445.6559029781904,104.14108620172085,39.64912066067619,17.485587784099355,50.174320316600856,7.4743451100722735,5.36247838644607,0.0,0.0,0.0,0.0,0.0,model1,15.0,False,5286.0
1762,2015-08-10T11:00:00Z,49.0,169.73814810398432,448.11731439511215,104.69403302811052,39.338999256542586,14.927525758271283,44.253171895394175,8.897493271788203,5.6070696549513315,0.0,0.0,0.0,0.0,0.0,model1,15.0,False,5289.0
1763,2015-08-10T14:00:00Z,49.0,169.10181570678958,436.72247266747206,104.6950716091926,39.96064976298825,16.04571165647149,49.66234430310376,8.936145122486064,5.132246880523278,0.0,0.0,0.0,0.0,0.0,model1,15.0,False,5292.0
1764,2015-08-10T17:00:00Z,49.0,170.06699143136268,427.3457177923757,104.86179482047643,39.635155060132256,17.046076999160043,48.30303581395731,9.620569982690993,5.523800034563661,0.0,0.0,0.0,0.0,0.0,model1,15.0,False,5295.0
1765,2015-08-10T20:00:00Z,49.0,171.812611345435,432.79481308493723,104.34889850584524,39.21080558244604,17.30937139663267,49.447544989918526,10.113520639320665,5.697201134794603,0.0,0.0,0.0,0.0,0.0,model1,15.0,False,5298.0
1766,2015-08-10T23:00:00Z,49.0,172.92290283743398,432.10501046840966,104.11593515129937,39.595702484336655,16.450153907517237,48.7969289519524,10.41183584731807,6.0877656489930825,0.0,0.0,0.0,0.0,0.0,model1,15.0,False,5301.0
1767,2015-08-11T02:00:00Z,49.0,173.7103361432839,431.41343411345633,102.91526719880024,39.9825310275556,15.450149918049846,46.91043158375713,11.351053820109888,6.106910864777937,0.0,0.0,0.0,0.0,0.0,model1,15.0,False,5304.0
1768,2015-08-11T05:00:00Z,49.0,172.05289876131386,436.1923454041671,102.55265506278948,39.932071167298695,15.315431389258714,43.573403032294884,11.658515974875305,5.754399578672904,0.0,0.0,0.0,0.0,0.0,model1,15.0,False,5307.0
1769,2015-08-11T08:00:00Z,49.0,171.075735100945,439.7509303480142,102.09218236011566,39.31157575243459,15.115564869646759,46.07467641088044,11.405928450828748,5.539677842462766,0.0,0.0,0.0,0.0,0.0,model1,15.0,False,5310.0
1770,2015-08-11T11:00:00Z,49.0,171.51849884941882,439.5669809276881,100.63884020498504,38.79051760352353,14.453179784179367,46.143323480778676,10.34559992666346,4.9825481877963504,0.0,0.0,0.0,0.0,0.0,model1,15.0,False,5313.0
1771,2015-08-11T14:00:00Z,49.0,171.82686851052654,449.5815553405307,101.11227805602026,39.406934907958906,12.827956134200225,37.81230744165171,10.17721942149653,5.1622318462100285,0.0,0.0,0.0,0.0,0.0,model1,15.0,False,5316.0
1772,2015-08-11T17:00:00Z,49.0,170.50664561070914,458.60720497314765,99.35511955979166,40.06292221887439,11.8931802028882,30.267320458092666,9.53605960787329,4.6926727863896085,0.0,0.0,0.0,0.0,0.0,model1,15.0,False,5319.0
1773,2015-08-11T20:00:00Z,49.0,165.90676365193374,454.9329172577309,98.95517610935707,40.221556745186405,13.176782451728421,29.934459182801966,9.226056235206302,4.363958921311377,0.0,0.0,0.0,0.0,0.0,model1,15.0,False,5322.0
1774,2015-08-11T23:00:00Z,49.0,166.58822745874633,452.48800713460855,98.62892381322563,40.00157150788222,11.747766513390673,33.188218973220245,8.94865992791949,3.9265371501347928,0.0,0.0,0.0,0.0,0.0,model1,15.0,False,5325.0
1775,2015-08-12T02:00:00Z,49.0,166.064704701491,460.39824689467,99.97446432697336,39.981394504965465,11.693123757571426,39.19621701696509,8.99277394881598,3.853467426829304,0.0,0.0,0.0,0.0,0.0,model1,15.0,False,5328.0
1776,2015-08-12T05:00:00Z,49.0,165.78824708970788,457.94634464626336,100.05642185235828,39.95018160789405,11.063023059051538,38.434663614997895,9.07086031835146,3.7657250239658726,0.0,0.0,0.0,0.0,0.0,model1,15.0,False,5331.0
1777,2015-08-12T08:00:00Z,49.0,167.23525409681213,453.50401934758673,99.18378191464252,40.40896892236373,11.051069644042752,37.489662828458655,8.90435820803442,3.77549305896384,0.0,0.0,0.0,0.0,0.0,model1,15.0,False,5334.0
1778,2015-08-12T11:00:00Z,49.0,169.3428071571125,450.27786054436683,100.65565465402737,40.787890389022586,11.919118206081952,39.84806360976429,9.412511707908982,3.78234500446613,0.0,0.0,0.0,0.0,0.0,model1,15.0,False,5337.0
1779,2015-08-12T14:00:00Z,49.0,167.9676881669337,450.346654684605,100.2013828865624,40.65814262538607,13.91520196087122,40.91253998200521,9.819828517138056,4.582319762196796,0.0,0.0,0.0,0.0,0.0,model1,15.0,False,5340.0
1780,2015-08-12T17:00:00Z,49.0,166.53327752339868,441.1046936290216,101.16370535157304,40.440088959620105,13.930291979159419,50.07218087835288,9.120417197133419,4.9093620346104485,0.0,0.0,0.0,0.0,0.0,model1,15.0,False,5343.0
1781,2015-08-12T20:00:00Z,49.0,168.5857400505772,439.2015113838165,102.33664820884516,40.673003491529705,13.092532422903323,56.16381635078421,9.042272592273298,4.846219138611816,0.0,0.0,0.0,0.0,0.0,model1,15.0,False,5346.0
1782,2015-08-12T23:00:00Z,49.0,167.7846737394807,435.1920901561978,102.91248019994184,40.656889692390735,12.840972738832116,55.59742306327168,8.818011724209436,5.012232759272224,0.0,0.0,0.0,0.0,0.0,model1,15.0,False,5349.0
1783,2015-08-13T02:00:00Z,49.0,168.71831354070062,432.72660281867536,103.44762416040848,40.34313820709597,13.535384278293048,50.046317681865176,8.191197170539922,4.986132710180772,0.0,1.0,0.0,0.0,0.0,model1,15.0,False,5352.0
1784,2015-08-13T05:00:00Z,49.0,169.10360012133825,430.0276094287192,103.61435943687685,40.64296721818588,14.416810722132544,49.690492650421845,7.558775066295923,4.701596058936301,0.0,1.0,0.0,0.0,0.0,model1,15.0,False,5355.0
1785,2015-08-13T08:00:00Z,49.0,169.20738347462054,433.5850326591595,103.8589337704248,40.7010202718661,15.07571807373004,56.76360685640316,7.679150531010801,4.798939595831242,0.0,1.0,0.0,0.0,0.0,model1,15.0,False,5358.0
1786,2015-08-13T11:00:00Z,49.0,168.23694393103153,439.444858264892,102.7627242099553,40.592743177688014,14.772542480928333,56.26304077738856,7.2410636992041075,4.705916832142734,0.0,1.0,0.0,0.0,0.0,model1,15.0,False,5361.0
1787,2015-08-13T14:00:00Z,49.0,169.9340183326709,437.79349034191085,102.68962974756964,40.10932042813343,13.652225265717824,56.123564639594974,6.593557371148825,3.6676494300221623,0.0,1.0,0.0,0.0,0.0,model1,15.0,False,5364.0
1788,2015-08-13T17:00:00Z,49.0,170.72308992766153,442.6926442176879,102.32672161969404,40.51853595448068,13.333060799378881,54.11866563850786,7.248714161774125,3.1288243755768455,0.0,1.0,0.0,0.0,0.0,model1,15.0,False,5367.0
1789,2015-08-13T20:00:00Z,49.0,171.62182681919134,444.0882293306453,101.95745148094515,40.61242521033026,11.911682281622415,49.99488480017378,7.746794332529538,3.30791690136881,0.0,1.0,0.0,0.0,0.0,model1,15.0,False,5370.0
1790,2015-08-13T23:00:00Z,49.0,171.76407426457385,450.7689907996914,100.86845453202645,40.13106160766706,11.833884584199026,47.25992636561054,8.952094791935751,3.6860553384557337,0.0,1.0,0.0,0.0,0.0,model1,15.0,False,5373.0
1791,2015-08-14T02:00:00Z,49.0,172.43037111290582,451.36230734574883,100.48710892176494,39.70802632734997,12.725050067080009,47.18569054933728,9.073730213946133,3.6580525941883653,0.0,0.0,0.0,0.0,0.0,model1,15.0,False,5376.0
1792,2015-08-14T05:00:00Z,49.0,171.71704674774386,451.94727655105277,100.95332933472372,38.710716635121216,12.238744896656726,47.28208364421348,9.979938947099454,4.559675449020583,0.0,0.0,0.0,0.0,0.0,model1,15.0,False,5379.0
1793,2015-08-14T08:00:00Z,49.0,172.67594168069164,448.6317972180573,99.63330095518556,38.49928970550979,12.313641687117114,40.12601321365997,9.545340491240916,5.165185963077741,0.0,0.0,0.0,0.0,0.0,model1,15.0,False,5382.0
1794,2015-08-14T11:00:00Z,49.0,172.97284213005284,451.31495115760697,99.57309425638357,38.7781379561428,12.442689619527155,43.73876497491786,10.151751917493003,5.261701629647608,0.0,0.0,0.0,0.0,0.0,model1,15.0,False,5385.0
1795,2015-08-14T14:00:00Z,49.0,174.693204981092,454.76104100274,100.26625453583652,38.73982828961597,13.97678974632885,43.649971768380546,10.753346805216452,5.309421273371844,0.0,0.0,0.0,0.0,0.0,model1,15.0,False,5388.0
1796,2015-08-14T17:00:00Z,49.0,174.7734389368039,453.64613323971435,99.96677577080938,38.94791921801416,13.758738869220815,39.276794347628716,10.949480492570313,5.374707738333743,0.0,0.0,0.0,0.0,0.0,model1,15.0,False,5391.0
1797,2015-08-14T20:00:00Z,49.0,176.27261341694302,453.21164666660934,100.63403433974821,38.72611343113589,15.225656828416971,40.679065955094686,10.610732672420554,5.153636544616494,0.0,0.0,0.0,0.0,0.0,model1,15.0,False,5394.0
1798,2015-08-14T23:00:00Z,49.0,174.69208065190028,449.56739648113296,101.34612025562296,38.8124334085356,17.762775201253387,50.68322280024953,9.46370064441067,4.8190184294223934,0.0,0.0,0.0,0.0,0.0,model1,15.0,False,5397.0
1799,2015-08-15T02:00:00Z,49.0,173.9792880910551,445.5902834867806,100.55543263210824,39.053476032708375,17.272951715384732,49.38326774715412,9.568046418070328,4.7985401822782014,0.0,0.0,0.0,0.0,0.0,model1,15.0,False,5400.0
1800,2015-08-15T05:00:00Z,49.0,173.42906488323834,449.59737826121597,101.3930492546406,40.376423878810684,17.59095325337422,50.17321169083229,9.666980885951805,3.9716891563106884,0.0,0.0,0.0,0.0,0.0,model1,15.0,False,5403.0
1801,2015-08-15T08:00:00Z,49.0,171.2041761929861,453.4292097981619,100.9940814843371,40.6911665014682,17.548219299925112,55.08723923886445,10.576528955203084,3.0388741957648047,0.0,0.0,0.0,0.0,0.0,model1,15.0,False,5406.0
1802,2015-08-15T11:00:00Z,49.0,170.1390193370751,449.56255957669197,101.25994447318709,40.90270156421465,17.972269798101074,52.5955804896798,10.631032775073805,3.3981611016572013,0.0,0.0,0.0,0.0,0.0,model1,15.0,False,5409.0
1803,2015-08-15T14:00:00Z,49.0,166.6311128187079,443.969572236843,100.18885707874708,42.04966526274543,16.07941410106821,51.245028135329896,10.069457059197848,3.81507445845308,0.0,0.0,0.0,0.0,0.0,model1,15.0,False,5412.0
1804,2015-08-15T17:00:00Z,49.0,166.53497322779052,444.53504582655,100.91761935403605,42.78952715698284,15.923060021135381,49.743619499143755,9.818026263011873,4.24749191988944,0.0,0.0,0.0,0.0,0.0,model1,15.0,False,5415.0
1805,2015-08-15T20:00:00Z,49.0,164.42319064865057,445.96532352610967,100.3718152515836,43.65775414178493,12.902158439717406,57.15424791728433,9.560170781194426,4.0727995700230375,0.0,0.0,0.0,0.0,0.0,model1,15.0,False,5418.0
1806,2015-08-15T23:00:00Z,49.0,166.85579542649901,451.6435502898537,101.07733978353278,44.829869389167726,11.074530693771026,50.67091742414674,10.559138087685321,3.616953931737864,0.0,0.0,0.0,0.0,0.0,model1,15.0,False,5421.0
1807,2015-08-16T02:00:00Z,49.0,165.75204262140082,448.3628869495113,102.29788112424305,46.34228806999007,11.23606356613501,52.90417727110462,10.22024979740093,4.4784173294157315,0.0,0.0,0.0,0.0,0.0,model1,15.0,False,5424.0
1808,2015-08-16T05:00:00Z,49.0,168.3688198237119,444.3253486017965,101.5331949277663,46.81482161702444,12.298762145977273,52.73942969009239,9.492365474624133,4.298463736859334,0.0,0.0,0.0,0.0,0.0,model1,15.0,False,5427.0
1809,2015-08-16T08:00:00Z,49.0,169.0223445795806,441.2237005608844,103.34152997758663,48.29031334333293,12.74624882961335,47.708804444551056,7.6764911682926495,5.117618077360539,0.0,0.0,0.0,0.0,0.0,model1,15.0,False,5430.0
1810,2015-08-16T11:00:00Z,49.0,168.0552045498186,441.4389467916022,102.99060831826931,48.69257175905109,12.419580962970723,48.59394070724026,8.945942058759892,4.91184638172087,0.0,0.0,0.0,0.0,0.0,model1,15.0,False,5433.0
1811,2015-08-16T14:00:00Z,49.0,169.8520282847581,448.0656285268623,103.3274801401594,48.67390815371245,11.933876737073845,50.33479073114065,9.41615852920999,4.9840490700729925,0.0,0.0,0.0,0.0,0.0,model1,15.0,False,5436.0
1812,2015-08-16T17:00:00Z,49.0,171.13103589668947,448.0792421634204,101.54623910239236,49.13975854871826,14.083990384450654,49.641567737946175,9.829570954157148,5.067939060724816,0.0,0.0,0.0,0.0,0.0,model1,15.0,False,5439.0
1813,2015-08-16T20:00:00Z,49.0,173.81721814678704,449.9620120127131,102.43085130479072,49.374847409482825,16.27104446146748,39.825520918193895,10.036411950657312,5.93387242488962,0.0,0.0,0.0,0.0,0.0,model1,15.0,False,5442.0
1814,2015-08-16T23:00:00Z,49.0,174.6792488494475,447.67085757784736,102.18479884871971,49.390958917720155,16.914177938199384,38.054360834489216,9.351501379701963,6.173369219175582,0.0,0.0,0.0,0.0,0.0,model1,15.0,False,5445.0
1815,2015-08-17T02:00:00Z,49.0,173.49243017363804,449.3580566945767,101.37987242866173,49.097695639728755,16.890586911579963,36.03259780367159,9.734831320327075,5.427639827646514,0.0,0.0,0.0,0.0,0.0,model1,15.0,False,5448.0
1816,2015-08-17T05:00:00Z,49.0,172.3863103769547,453.1082244939016,100.45755798806304,49.971794749587964,16.40886960456747,35.62532792688425,9.766221487994146,5.521546495629966,0.0,0.0,0.0,0.0,0.0,model1,15.0,False,5451.0
1817,2015-08-17T08:00:00Z,49.0,173.52437062209225,455.87744844713967,100.70212154252337,49.15460062609546,16.68008905775219,38.24127039450155,10.416757730980876,4.976644516695412,0.0,0.0,0.0,0.0,0.0,model1,15.0,False,5454.0
1818,2015-08-17T11:00:00Z,49.0,173.6990449418461,462.66579294387606,102.14580438792377,49.79707241704056,16.650913990343426,41.982582808727706,10.428135446352634,4.933776206278589,0.0,0.0,0.0,0.0,0.0,model1,15.0,False,5457.0
1819,2015-08-17T14:00:00Z,49.0,172.88964894677537,459.7776820410347,102.41779096486677,49.747360378074106,17.653752367598422,44.196698880572484,9.886619079126435,5.342725946116209,0.0,0.0,0.0,0.0,0.0,model1,15.0,False,5460.0
1820,2015-08-17T17:00:00Z,49.0,170.97841794467428,464.6060697697999,102.42807289387972,48.24512407867651,16.443624174990596,43.15455351799919,9.983582717201669,6.285407909106723,0.0,0.0,0.0,0.0,0.0,model1,15.0,False,5463.0
1821,2015-08-17T20:00:00Z,49.0,167.55278884767588,466.5879852449743,101.90247502229126,47.719074550632286,14.884759057097506,43.05530773951289,9.595126771326864,5.808043446173262,0.0,0.0,0.0,0.0,0.0,model1,15.0,False,5466.0
1822,2015-08-17T23:00:00Z,49.0,165.76008365960124,462.9667003238679,101.20021176999636,46.40912813591877,13.430396583194515,45.23748640281197,9.603593036752534,6.5328525120689775,0.0,0.0,0.0,0.0,0.0,model1,15.0,False,5469.0
1823,2015-08-18T02:00:00Z,49.0,167.38777065861953,464.3342190951609,100.75441783602108,45.419947380400345,15.339666382527811,44.91903478920503,10.270035712912714,6.811021942360671,0.0,0.0,0.0,0.0,0.0,model1,15.0,False,5472.0
1824,2015-08-18T05:00:00Z,49.0,166.71952961862516,457.9001670492962,100.68744097407853,43.75905959592866,15.481734126840047,46.3946480949176,10.457430132325463,6.1609396454748175,0.0,0.0,0.0,0.0,0.0,model1,15.0,False,5475.0
1825,2015-08-18T08:00:00Z,49.0,166.1198019703294,457.2755424357085,100.33708008345735,42.36400005675735,14.074151439284508,49.11784549478449,10.112340739177649,6.135932652910862,0.0,0.0,0.0,0.0,0.0,model1,15.0,False,5478.0
1826,2015-08-18T11:00:00Z,49.0,165.58678771500104,450.7782343031817,99.0323032454312,41.0199144972276,14.255893947606467,43.448667543101166,8.08893851253241,5.327772494902175,0.0,0.0,0.0,0.0,0.0,model1,15.0,False,5481.0
1827,2015-08-18T14:00:00Z,49.0,165.12257828833188,450.8704550036049,98.10561589710942,39.67166439204792,13.71089331670778,42.068106746006045,7.935538119853326,4.666503567397854,0.0,0.0,0.0,0.0,0.0,model1,15.0,False,5484.0
1828,2015-08-18T17:00:00Z,49.0,165.66102653580205,448.93856891453095,98.55518170753086,39.39266029697689,13.540188962479768,42.60715887275782,7.415443330789911,5.037335938030521,0.0,0.0,0.0,0.0,0.0,model1,15.0,False,5487.0
1829,2015-08-18T20:00:00Z,49.0,168.19113768873663,444.51009450936203,97.80406908532929,39.09563825332758,13.342731446016714,39.40626870312924,8.410822982531064,4.546579048030062,0.0,0.0,0.0,0.0,0.0,model1,15.0,False,5490.0
1830,2015-08-18T23:00:00Z,49.0,168.81430571430627,452.97555868720633,97.76549126674,39.426239039021475,14.5168739609001,42.09126450545303,8.180286804886508,5.09539161021971,0.0,0.0,0.0,0.0,0.0,model1,15.0,False,5493.0
1831,2015-08-19T02:00:00Z,49.0,168.6919472519289,455.401198351315,96.69582866855707,39.762692970051276,12.160742793381786,41.27467451857553,8.140949638678801,5.378657714754306,0.0,0.0,0.0,0.0,0.0,model1,15.0,False,5496.0
1832,2015-08-19T05:00:00Z,49.0,169.1418931992789,462.571978199719,97.94642545750295,40.02254094837206,12.902590997489842,40.08488114585744,8.837786312324615,5.583774689035712,0.0,0.0,0.0,0.0,0.0,model1,15.0,False,5499.0
1833,2015-08-19T08:00:00Z,49.0,169.33980544971286,459.39466765241417,96.96374886906557,40.42264782074804,12.95793783935488,34.79944417132723,7.87372879309209,5.495952899093614,0.0,0.0,0.0,0.0,0.0,model1,15.0,False,5502.0
1834,2015-08-19T11:00:00Z,49.0,171.0884611559149,463.01796089056336,97.70868359003914,40.476973132039774,12.466339219514206,34.92538475779478,9.388889703769571,5.426415289096202,0.0,0.0,0.0,0.0,0.0,model1,15.0,False,5505.0
1835,2015-08-19T14:00:00Z,49.0,171.23654183267698,463.08917753046967,98.8628052208614,40.69100669762242,12.529723736787224,33.04475437339532,9.764264813106967,5.261920848436262,0.0,0.0,0.0,0.0,0.0,model1,15.0,False,5508.0
1836,2015-08-19T17:00:00Z,49.0,175.10428788713932,460.6068370365245,100.10732376803072,40.973914092289306,16.518867004084324,34.66051292576192,10.450882757713018,4.899904568981269,0.0,0.0,0.0,0.0,0.0,model1,15.0,False,5511.0
1837,2015-08-19T20:00:00Z,49.0,173.25228689848362,465.9962302023657,99.43849372067787,41.407758554932144,17.49294978001457,33.77889606856691,10.015328051632897,5.250433358430999,0.0,0.0,0.0,0.0,0.0,model1,15.0,False,5514.0
1838,2015-08-19T23:00:00Z,49.0,172.62173106159364,456.19478895110166,99.36639388700961,41.42142675820296,16.724553096489025,34.67026480573437,10.228209415387894,4.688527994895538,0.0,0.0,0.0,0.0,0.0,model1,15.0,False,5517.0
1839,2015-08-20T02:00:00Z,49.0,169.89870255437415,453.0323591310389,102.25755581470318,41.15493443603985,20.271720178988204,42.48815483756878,9.40849917703367,4.3904132025541935,0.0,0.0,0.0,0.0,0.0,model1,15.0,False,5520.0
1840,2015-08-20T05:00:00Z,49.0,170.47111381019448,451.05014223652086,102.39583400107016,40.781929188769176,19.614310046419114,44.2608379994816,9.618756331571028,4.261572938033357,0.0,0.0,0.0,0.0,0.0,model1,15.0,False,5523.0
1841,2015-08-20T08:00:00Z,49.0,168.22650115453487,453.079643574738,101.95121220400385,40.630615016906745,20.183955753559964,43.55067021753851,10.509691153102576,4.291967609396238,0.0,0.0,0.0,0.0,0.0,model1,15.0,False,5526.0
1842,2015-08-20T11:00:00Z,49.0,169.68176273813955,445.7478296868367,102.13652732596384,40.84301255119674,20.862307145218423,43.99895864719983,9.729547375366485,4.312293805222528,0.0,0.0,0.0,0.0,0.0,model1,15.0,False,5529.0
1843,2015-08-20T14:00:00Z,49.0,169.6724425388295,444.0705545934746,102.54236768246773,41.21990153671154,20.67688583105021,46.3678712125734,10.584974819359982,4.068053433928081,0.0,0.0,0.0,0.0,0.0,model1,15.0,False,5532.0
1844,2015-08-20T17:00:00Z,49.0,165.7002993109145,451.4632593745372,102.9668609692783,40.788391012950406,17.566972460791032,51.41868365906128,10.71608886077422,4.5399020304530815,0.0,0.0,0.0,0.0,0.0,model1,15.0,False,5535.0
1845,2015-08-20T20:00:00Z,49.0,165.47488199423725,443.6975307054029,104.15687267391495,39.80681419689765,18.139209318959654,50.47191312208985,9.879831940449971,4.814582920298403,0.0,0.0,0.0,0.0,0.0,model1,15.0,False,5538.0
1846,2015-08-20T23:00:00Z,49.0,164.7356712401238,452.8512709635742,103.2093044994675,40.01277010242431,18.392275299652734,52.58077014067226,10.880994368066174,4.988683349595872,0.0,0.0,0.0,0.0,0.0,model1,15.0,False,5541.0
1847,2015-08-21T02:00:00Z,49.0,165.80728711385495,455.275189264237,101.69413527515579,40.18183728996826,16.195363097583602,46.548189171950206,10.587256072384427,5.243901361694109,0.0,0.0,0.0,0.0,0.0,model1,15.0,False,5544.0
1848,2015-08-21T05:00:00Z,49.0,166.40552225824166,449.5116149415854,101.22779712985366,40.41545504603757,16.780987209887794,46.088159009219076,10.281037860108343,6.023054082233641,0.0,0.0,0.0,0.0,0.0,model1,15.0,False,5547.0
1849,2015-08-21T08:00:00Z,49.0,169.25119279680084,438.23582417817215,101.18972613990522,40.63440882049787,17.241086665245778,53.37076587729496,10.186785852742565,5.931856816392827,0.0,0.0,0.0,0.0,0.0,model1,15.0,False,5550.0
1850,2015-08-21T11:00:00Z,49.0,166.7978650668585,439.79092760268645,99.68334582434458,39.74917679421268,16.10721769170618,53.19065217102857,10.396374453132696,5.944248341037568,0.0,0.0,0.0,0.0,0.0,model1,15.0,False,5553.0
1851,2015-08-21T14:00:00Z,49.0,165.34291071350168,445.48103008800115,98.05794564438317,39.929888007495904,16.12794269764119,55.19468306760304,10.025660395206264,6.184486100291567,0.0,0.0,0.0,0.0,0.0,model1,15.0,False,5556.0
1852,2015-08-21T17:00:00Z,49.0,164.96151479227683,439.4329570623778,98.92419697534781,40.29169263604725,16.026895675486898,53.013995657209655,11.26244914205713,6.013283292984537,0.0,0.0,0.0,0.0,0.0,model1,15.0,False,5559.0
1853,2015-08-21T20:00:00Z,49.0,166.85522373991188,449.49441704364136,98.7824135299927,40.78387928252921,15.167540277346426,56.15569137275801,11.591183583655233,5.447068302200727,0.0,0.0,0.0,0.0,0.0,model1,15.0,False,5562.0
1854,2015-08-21T23:00:00Z,49.0,168.03529039182197,440.1889603474908,99.2151642791687,40.22361798438187,15.752037061875635,53.33282649679817,11.28468539755723,5.620674475061136,0.0,0.0,0.0,0.0,0.0,model1,15.0,False,5565.0
1855,2015-08-22T02:00:00Z,49.0,170.69517407025592,446.147878661074,98.01581830474821,40.09396817987267,15.986905698929572,57.72822254094818,12.045523147732515,5.560993578838909,0.0,0.0,0.0,0.0,0.0,model1,15.0,False,5568.0
1856,2015-08-22T05:00:00Z,49.0,167.10580762231712,449.0215370911857,98.15276545473247,39.606848040316294,16.96832707718569,55.731027508137494,12.192639562932275,4.808043060480224,0.0,0.0,0.0,0.0,0.0,model1,15.0,False,5571.0
1857,2015-08-22T08:00:00Z,49.0,166.1217297699229,453.4691357125001,100.36521174819728,39.88853383439715,16.384723959821493,50.82448758731097,12.332056210355988,5.0762178037807,0.0,0.0,0.0,0.0,0.0,model1,15.0,False,5574.0
1858,2015-08-22T11:00:00Z,49.0,167.60269930536418,459.7922163430943,100.31317915501249,40.148202416436774,16.523441510165696,52.68524696399522,12.300030854840214,4.795043368797382,0.0,0.0,0.0,0.0,0.0,model1,15.0,False,5577.0
1859,2015-08-22T14:00:00Z,49.0,170.44195768470775,459.86558947663843,100.9651413631677,39.679995289682715,16.669443879407186,50.862826426558534,11.475685059596186,4.713226962669119,0.0,0.0,0.0,0.0,0.0,model1,15.0,False,5580.0
1860,2015-08-22T17:00:00Z,49.0,169.99218160512243,463.03387196683923,99.50486885427573,39.66483510821003,15.947024953540154,46.46006830261618,9.640222781877233,4.90608109119502,0.0,0.0,0.0,0.0,0.0,model1,15.0,False,5583.0
1861,2015-08-22T20:00:00Z,49.0,168.01929164033197,456.3446917353571,99.25119583551779,39.54519382646111,16.496516774294133,44.832395029358985,9.224230097322957,5.074348077971826,0.0,0.0,0.0,0.0,0.0,model1,15.0,False,5586.0
1862,2015-08-22T23:00:00Z,49.0,169.35716192008618,465.3262355196411,99.79776386149321,39.81469653426989,16.592751688390425,42.86937244412279,9.22340458974583,4.893281070652086,0.0,0.0,0.0,0.0,0.0,model1,15.0,False,5589.0
1863,2015-08-23T02:00:00Z,49.0,168.42799211947434,460.8576824999717,101.07789136557436,40.26674841314456,16.783082860925177,43.550883420363284,8.17917813060037,4.9524810377101245,0.0,0.0,0.0,0.0,0.0,model1,15.0,False,5592.0
1864,2015-08-23T05:00:00Z,49.0,171.00166340583158,459.37094415868484,100.7930464233278,40.56684223647577,15.532880166896662,44.70955911158902,8.205982111549122,4.8168051897929365,0.0,0.0,0.0,0.0,0.0,model1,15.0,False,5595.0
1865,2015-08-23T08:00:00Z,49.0,169.39205543484053,462.78231243851394,99.32277258068173,40.2074496177969,15.251616361738279,40.74002031869585,8.51968377941823,4.6742340952454535,0.0,0.0,0.0,0.0,0.0,model1,15.0,False,5598.0
1866,2015-08-23T11:00:00Z,49.0,168.23211596676418,458.84317184042817,99.47621865996351,40.09145257905397,14.8763380508391,43.93388631059954,8.230862216342594,4.420842750640113,0.0,0.0,0.0,0.0,0.0,model1,15.0,False,5601.0
1867,2015-08-23T14:00:00Z,49.0,166.67739980882254,453.6169625600953,97.51597342538851,40.16940243821777,13.803828801184151,42.449262874859684,9.833897871146108,4.089656195973151,0.0,0.0,0.0,0.0,0.0,model1,15.0,False,5604.0
1868,2015-08-23T17:00:00Z,49.0,167.9318162062521,452.3969706036943,96.95519698889677,40.826473569677866,14.281794806530144,44.72071752956477,9.87779818474529,3.7735888701763534,0.0,0.0,0.0,0.0,0.0,model1,15.0,False,5607.0
1869,2015-08-23T20:00:00Z,49.0,167.69017097673034,450.78162329094886,97.03043006315744,40.86811811581972,13.762399618361574,46.448786533938474,9.754771326208294,3.339417378391897,0.0,0.0,0.0,0.0,0.0,model1,15.0,False,5610.0
1870,2015-08-23T23:00:00Z,49.0,167.58900383697917,443.66772878440463,97.36815812607573,40.58704400993281,14.205508330808735,48.39038892563428,9.475385644563023,4.4262709654067525,0.0,0.0,0.0,0.0,0.0,model1,15.0,False,5613.0
1871,2015-08-24T02:00:00Z,49.0,166.92608026402354,443.5075327370124,97.28975439995388,39.86684926275535,13.712079681707811,45.99949489834214,9.922998777035062,4.186602468784386,0.0,0.0,0.0,0.0,0.0,model1,15.0,False,5616.0
1872,2015-08-24T05:00:00Z,49.0,167.47795690756703,449.38643145211364,97.54527382770605,39.63055879514569,14.085133046185627,46.89870366087922,9.953532188700207,4.280484644402591,0.0,0.0,0.0,0.0,0.0,model1,15.0,False,5619.0
1873,2015-08-24T08:00:00Z,49.0,170.66701614772168,443.4881070871332,97.25522162400505,39.73186068453649,15.432965011738114,55.728504187059535,10.45672792771935,4.261153765921714,0.0,0.0,0.0,0.0,0.0,model1,15.0,False,5622.0
1874,2015-08-24T11:00:00Z,49.0,169.78316314578026,445.3999283561395,96.81346279308615,39.39594021996256,15.742289342800305,53.550164888439724,10.647719525982069,4.4867427351376366,0.0,0.0,0.0,0.0,0.0,model1,15.0,False,5625.0
1875,2015-08-24T14:00:00Z,49.0,168.68638860503367,442.06256171717695,99.81061564705857,39.52925263543932,16.633181903629048,56.55649376693199,10.24197247345817,4.5765264501302685,0.0,0.0,0.0,0.0,0.0,model1,15.0,False,5628.0
1876,2015-08-24T17:00:00Z,49.0,168.66373307605488,440.387519567437,100.65584343284544,38.980962644931694,16.370285175643996,55.02984915821648,10.15379628767558,4.802611223003112,0.0,0.0,0.0,0.0,0.0,model1,15.0,False,5631.0
1877,2015-08-24T20:00:00Z,49.0,168.9416455426434,447.441602230486,100.11901231371328,39.24690781871524,17.507988068136722,57.72230550344789,10.659758643854005,5.277280695489878,0.0,0.0,0.0,0.0,0.0,model1,15.0,False,5634.0
1878,2015-08-24T23:00:00Z,49.0,168.07438556384724,445.9276780028868,100.79556755685043,39.50163064700864,16.331144441176907,62.11704962941955,10.804976762432359,4.4764647866301335,0.0,0.0,0.0,0.0,0.0,model1,15.0,False,5637.0
1879,2015-08-25T02:00:00Z,49.0,168.02895339958633,445.9918281851205,101.51649306677494,39.36714540350628,15.155531004447429,61.259179390298435,10.618830634204027,4.310437867939385,0.0,0.0,0.0,0.0,0.0,model1,15.0,False,5640.0
1880,2015-08-25T05:00:00Z,49.0,167.4664393428242,444.4089678789544,101.15018046649305,40.16507472716814,14.232703034970728,60.62897492484475,10.476199561853141,4.558832115081403,0.0,0.0,0.0,0.0,0.0,model1,15.0,False,5643.0
1881,2015-08-25T08:00:00Z,49.0,165.7880763802541,452.3300386598845,102.29284942414208,39.83825917391044,13.894614895547269,51.77616157955738,10.058756775876997,4.501247172319533,0.0,0.0,0.0,0.0,1.0,model1,15.0,False,5646.0
1882,2015-08-25T11:00:00Z,49.0,167.3871480218834,446.9506690405003,103.51305121327658,40.055694338058636,14.299432008431525,51.81282795140029,9.200518007583305,4.278990908735514,0.0,0.0,0.0,0.0,1.0,model1,15.0,False,5649.0
1883,2015-08-25T14:00:00Z,49.0,168.76610689943936,452.5395000965142,102.27303907871136,39.998066695262644,13.90273621774858,47.67774769143215,8.73277019523105,4.249602212998386,0.0,0.0,0.0,0.0,1.0,model1,15.0,False,5652.0
1884,2015-08-25T17:00:00Z,49.0,168.67742893089454,451.5567760054608,101.84554576916004,40.12353287080712,14.935856646929444,55.02879814990301,9.450913493129516,3.6627685233324327,0.0,0.0,0.0,0.0,1.0,model1,15.0,False,5655.0
1885,2015-08-25T20:00:00Z,49.0,169.74310888233146,448.8889814843152,101.90447623778424,39.97067638930093,13.206068791182895,52.96401689404316,9.91499704481542,3.7501376916644262,0.0,0.0,0.0,0.0,1.0,model1,15.0,False,5658.0
1886,2015-08-25T23:00:00Z,49.0,170.50672343448016,454.41673181355833,101.83292699183508,40.620716377904564,14.289923962099225,42.35690559667172,10.938917320209372,3.946486750000495,0.0,0.0,0.0,0.0,1.0,model1,15.0,False,5661.0
1887,2015-08-26T02:00:00Z,49.0,172.0727636766009,455.0167560286402,100.6125312484136,41.488684328517415,14.145312868441904,45.34908841865858,11.893104571472499,4.088463239765543,0.0,0.0,0.0,0.0,1.0,model1,15.0,False,5664.0
1888,2015-08-26T05:00:00Z,49.0,173.90616270420455,467.1753272193496,100.01343113730906,40.412206245537256,15.810382246984926,57.68614239769867,11.849173348768414,4.2564314520321735,0.0,0.0,0.0,0.0,1.0,model1,15.0,False,5667.0
1889,2015-08-26T08:00:00Z,49.0,175.2427886652518,468.70612964286767,98.31649489252472,41.07414656483518,14.60057153901009,58.87383048152686,11.542797899880874,4.3910880635474365,0.0,0.0,0.0,0.0,0.0,model1,15.0,False,5670.0
1890,2015-08-26T11:00:00Z,49.0,175.6801458909298,473.53371324897415,98.62374389583077,41.9326263122545,14.351901443241514,54.66154074146832,11.632638530681348,4.482974617316226,0.0,0.0,0.0,0.0,0.0,model1,15.0,False,5673.0
1891,2015-08-26T14:00:00Z,49.0,177.94465344438387,469.72663953102233,97.27234777536836,41.779156581805495,14.39162043856668,58.97460851935993,12.527570778186307,4.532464248308635,0.0,0.0,0.0,0.0,0.0,model1,15.0,False,5676.0
1892,2015-08-26T17:00:00Z,49.0,177.47013880508996,474.74778323818566,96.56413205700493,41.40430170543081,13.161790144955145,49.990133565986135,12.070100693704696,4.732199722923183,0.0,0.0,0.0,0.0,0.0,model1,15.0,False,5679.0
1893,2015-08-26T20:00:00Z,49.0,176.4477967638563,474.29488342158277,95.41403169695681,41.46672816615567,15.309855444528676,48.27562704355735,12.06450924141796,4.223314998377441,0.0,0.0,0.0,0.0,0.0,model1,15.0,False,5682.0
1894,2015-08-26T23:00:00Z,49.0,176.04789781186008,469.74174711774657,94.31348891988549,41.24831808024748,14.998469382054974,53.676533924071855,11.377961161564956,4.050559027211198,0.0,0.0,0.0,0.0,0.0,model1,15.0,False,5685.0
1895,2015-08-27T02:00:00Z,49.0,174.25898937061874,463.39338253836024,94.10203085944778,40.78680936311516,16.938881673180703,54.44765454910544,10.142799613804675,3.9059817482818833,0.0,0.0,0.0,0.0,0.0,model1,15.0,False,5688.0
1896,2015-08-27T05:00:00Z,49.0,171.0523718082631,452.37661607910417,94.15994614043522,41.474540240582016,16.923707759666303,41.79446639527695,10.389603156507503,3.4871903191326385,0.0,0.0,0.0,0.0,0.0,model1,15.0,False,5691.0
1897,2015-08-27T08:00:00Z,49.0,168.2098335394933,451.5516593573735,95.834545170269,40.929680611500174,16.83588989263145,39.70125216853876,10.621953922244185,3.3703024721826624,0.0,0.0,0.0,0.0,0.0,model1,15.0,False,5694.0
1898,2015-08-27T11:00:00Z,49.0,167.46254970983196,451.0948657958195,95.85053690591957,39.76736482288635,16.690563021801992,40.2090232726248,11.16990605391941,3.4804024164162333,0.0,0.0,0.0,0.0,0.0,model1,15.0,False,5697.0
1899,2015-08-27T14:00:00Z,49.0,167.34729081827896,458.4352563533551,97.131965957297,39.74308863297551,16.43273658663227,37.816509103019534,10.836411369761198,3.9497386401963377,0.0,0.0,0.0,0.0,0.0,model1,15.0,False,5700.0
1900,2015-08-27T17:00:00Z,49.0,169.3291158123616,447.62267953351824,98.50779950503643,40.11824693173338,17.36012460913379,40.62293893073634,11.043758451834387,3.7458533019240368,0.0,0.0,0.0,0.0,0.0,model1,15.0,False,5703.0
1901,2015-08-27T20:00:00Z,49.0,170.19651246073957,443.4747399014917,100.08770391287813,39.991813979001705,15.807353092832965,42.28558786360365,10.415839882048248,3.688349914349969,0.0,0.0,0.0,0.0,0.0,model1,15.0,False,5706.0
1902,2015-08-27T23:00:00Z,49.0,170.33541228072818,446.0928562912169,101.56785878733645,39.85213698224633,15.886860618012117,38.35193090261901,9.70765759088564,3.796386693677038,0.0,0.0,0.0,0.0,0.0,model1,15.0,False,5709.0
1903,2015-08-28T02:00:00Z,49.0,171.35374230114232,454.27082766244604,102.5857863537945,39.362929415671466,16.679179545937078,39.46671646074743,9.091777695876928,3.7095474509174937,0.0,0.0,0.0,0.0,0.0,model1,15.0,False,5712.0
1904,2015-08-28T05:00:00Z,49.0,172.7430668344286,446.80107526088966,103.45954820063729,38.779421735245634,15.914268308018626,39.44355598329136,8.705465307561369,3.78261615258264,0.0,0.0,0.0,0.0,0.0,model1,15.0,False,5715.0
1905,2015-08-28T08:00:00Z,49.0,174.14355980923983,446.4167584830499,103.830759875314,38.63585578074817,15.649830760132694,39.23837044252614,8.678037741355134,4.153939498071387,0.0,0.0,0.0,0.0,0.0,model1,15.0,False,5718.0
1906,2015-08-28T11:00:00Z,49.0,173.74182603750853,449.4878021303725,103.11172978658364,39.340633030206696,15.7050983003476,40.7696654503948,8.330920301116723,3.8048357812466977,0.0,0.0,0.0,0.0,0.0,model1,15.0,False,5721.0
1907,2015-08-28T14:00:00Z,49.0,171.9419282723399,441.31590445817136,104.01094021577404,39.004093534578224,14.45099868836957,37.70172663484689,7.503139413953235,4.005449766249253,0.0,0.0,0.0,0.0,0.0,model1,15.0,False,5724.0
1908,2015-08-28T17:00:00Z,49.0,170.5452393437689,438.7933748491309,103.59717136913393,38.825704978149695,13.699300687006705,45.63401520627881,7.262653652000967,4.225980363429164,0.0,0.0,0.0,0.0,0.0,model1,15.0,False,5727.0
1909,2015-08-28T20:00:00Z,49.0,169.15164596882892,445.0614764232072,104.39967511419523,38.95056608208246,14.055990466985033,47.473683626252395,6.4123587187733175,4.826012668910037,0.0,0.0,0.0,0.0,0.0,model1,15.0,False,5730.0
1910,2015-08-28T23:00:00Z,49.0,167.33209120647575,451.30217275850924,102.48848537130232,39.54328834823324,13.87899251473068,50.30727979823124,8.609231549622965,5.422991915246363,0.0,0.0,0.0,0.0,0.0,model1,15.0,False,5733.0
1911,2015-08-29T02:00:00Z,49.0,167.39053834399857,447.4228125718888,104.29255603402798,39.64765967425281,10.962363904254344,51.20081355067392,9.751018954483584,5.385096758005298,0.0,0.0,0.0,0.0,0.0,model1,15.0,False,5736.0
1912,2015-08-29T05:00:00Z,49.0,168.0763250701101,449.6325125825221,103.2126136326254,39.69961764610088,10.481955267107582,56.938685245828296,10.091212608736315,5.384914919345634,0.0,0.0,0.0,0.0,0.0,model1,15.0,False,5739.0
1913,2015-08-29T08:00:00Z,49.0,167.30770829962182,446.03350237417914,102.42686628207821,39.92795130728765,9.589092044955231,59.22862494586729,9.759998461888461,5.2911135549769215,0.0,0.0,0.0,0.0,0.0,model1,15.0,False,5742.0
1914,2015-08-29T11:00:00Z,49.0,166.39241118194204,439.16070411287404,103.39852716339749,39.45027860386442,10.55114754069117,58.02340266938615,9.85695954107359,5.402023955049115,0.0,0.0,0.0,0.0,0.0,model1,15.0,False,5745.0
1915,2015-08-29T14:00:00Z,49.0,166.40193618794225,443.47407921072784,102.48568263564371,39.48691320919116,10.635829473669656,59.06341748675882,10.177953670081292,5.02945210637766,0.0,0.0,0.0,0.0,0.0,model1,15.0,False,5748.0
1916,2015-08-29T17:00:00Z,49.0,166.63902502513864,454.9280999652348,101.66399302017756,40.09647811326133,11.24072605372353,51.03162217061745,10.605830371891628,5.098736083756384,0.0,0.0,0.0,0.0,0.0,model1,15.0,False,5751.0
1917,2015-08-29T20:00:00Z,49.0,167.96206555468825,444.64973970832665,101.31607503315908,40.27914224825686,11.027541082424348,54.64061093858857,10.46481245428985,4.943008319069264,0.0,0.0,0.0,0.0,0.0,model1,15.0,False,5754.0
1918,2015-08-29T23:00:00Z,49.0,167.79698725437038,439.6873359998048,103.33395464485143,38.96123612404681,12.582259066087394,53.66992462809221,8.685611594843758,4.323760072182732,0.0,0.0,0.0,0.0,0.0,model1,15.0,False,5757.0
1919,2015-08-30T02:00:00Z,49.0,166.3709279566069,436.10758248565264,101.44887780352936,39.78420925389686,13.031389873395257,49.74822202547463,7.084706601217714,4.780109233280589,0.0,0.0,0.0,0.0,0.0,model1,15.0,False,5760.0
1920,2015-08-30T05:00:00Z,49.0,163.80607506025032,440.4184793147586,103.54322440132728,39.99846058515936,13.38371485784781,42.598429656656975,7.488250043513966,4.5690822641549245,0.0,0.0,0.0,0.0,0.0,model1,15.0,False,5763.0
1921,2015-08-30T08:00:00Z,49.0,165.25538253585125,442.40821222853407,103.4059353988119,40.183002582255895,14.087693977328634,39.78864845016581,8.664108419485327,4.397570011856891,0.0,0.0,0.0,0.0,0.0,model1,15.0,False,5766.0
1922,2015-08-30T11:00:00Z,49.0,168.93150122307466,447.3477066703163,103.3675503749732,40.75729797805915,15.18885165527517,42.747708071513046,8.323631802954154,4.108112416755263,0.0,0.0,0.0,0.0,0.0,model1,15.0,False,5769.0
1923,2015-08-30T14:00:00Z,49.0,170.10094110708937,450.7588629149041,102.76347277141852,41.747718796404826,15.694479106538914,46.862687541887205,8.958532839156563,4.1235094954961236,0.0,0.0,0.0,0.0,0.0,model1,15.0,False,5772.0
1924,2015-08-30T17:00:00Z,49.0,169.78419494696288,446.2241666688446,103.38159126540027,41.31688933271433,15.431774612281025,52.58755252131701,8.437957806500451,4.0272055784207375,0.0,0.0,0.0,0.0,0.0,model1,15.0,False,5775.0
1925,2015-08-30T20:00:00Z,49.0,170.56226237165032,452.4415235899485,102.980167177721,41.117792952391454,16.049143642350238,46.34548842387722,8.473012043179967,3.9793956240974366,0.0,0.0,1.0,0.0,0.0,model1,15.0,False,5778.0
1926,2015-08-30T23:00:00Z,49.0,171.38118670463072,449.1877809351641,102.09704792803379,41.386712740881,14.385976296414256,46.95149201058731,8.333437154947385,3.8652264298078505,0.0,0.0,1.0,0.0,0.0,model1,15.0,False,5781.0
1927,2015-08-31T02:00:00Z,49.0,173.2000423913887,450.5570652741127,102.05696892247141,41.39416004749411,13.776101088342287,56.26937974532025,8.707643928655783,3.943378605575537,0.0,0.0,1.0,0.0,0.0,model1,15.0,False,5784.0
1928,2015-08-31T05:00:00Z,49.0,176.19123971871122,443.43665749396627,101.55244640671185,41.27751496349275,11.819078522834447,59.296590896977634,8.545798563873142,4.12767266586817,0.0,0.0,1.0,0.0,0.0,model1,15.0,False,5787.0
1929,2015-08-31T08:00:00Z,49.0,176.33121708207824,445.92133810377436,101.3400225931788,41.40552421004722,12.288146585511301,60.24227474534296,7.374001266273434,4.1937744634198735,0.0,0.0,1.0,0.0,0.0,model1,15.0,False,5790.0
1930,2015-08-31T11:00:00Z,49.0,174.4066112750603,442.9179034125631,100.47438247229144,41.09120839269679,11.573079115564928,61.06218894507391,7.105391531950213,4.344604198625083,0.0,0.0,1.0,0.0,0.0,model1,15.0,False,5793.0
1931,2015-08-31T14:00:00Z,49.0,175.47104586037392,436.2631084604489,102.26805123362443,39.92165804229438,12.707123957602633,55.94458636944875,6.149367858836597,4.396173898584023,0.0,0.0,1.0,0.0,0.0,model1,15.0,False,5796.0
1932,2015-08-31T17:00:00Z,49.0,175.85179059150826,437.8575152426043,101.19862257093851,39.11559551176007,12.42341299810266,49.31400406572756,6.80432746002317,4.910351211876262,0.0,0.0,1.0,0.0,0.0,model1,15.0,False,5799.0
1933,2015-08-31T20:00:00Z,49.0,173.5954149341312,441.64034784921586,100.99688894615913,38.72570856417839,13.243899399203501,51.93269920522614,6.935639103444529,4.562319950463096,0.0,0.0,0.0,0.0,0.0,model1,15.0,False,5802.0
1934,2015-08-31T23:00:00Z,49.0,173.68775851667354,447.64991461272,100.7232866160652,39.31277180129846,13.301584875809029,53.85046614442694,7.445040302396988,4.619035994656199,0.0,0.0,0.0,0.0,0.0,model1,15.0,False,5805.0
1935,2015-09-01T02:00:00Z,49.0,172.2859229778407,447.21545771656974,100.19383665875515,39.05667869759984,13.667648683143046,46.19319143343237,7.285397118212099,4.2326539636110265,0.0,0.0,0.0,0.0,0.0,model1,15.0,False,5808.0
1936,2015-09-01T05:00:00Z,49.0,173.2619584674097,454.53945525777084,97.0571114382078,39.4615432389449,14.088118372790019,41.03934901717204,8.521535507423291,4.253481275167633,0.0,0.0,0.0,0.0,0.0,model1,15.0,False,5811.0
1937,2015-09-01T08:00:00Z,49.0,171.03772199110276,451.80931221853217,96.40463785594534,38.89005000783118,17.23236946529243,41.01338905898853,9.14053830046608,3.8919212392684384,0.0,0.0,0.0,0.0,0.0,model1,15.0,False,5814.0
1938,2015-09-01T11:00:00Z,49.0,171.74778454751663,443.63741952951545,96.4886348658629,38.49711235694774,17.3167680860212,44.432185071395295,10.499357736510142,4.090157383394589,0.0,0.0,0.0,0.0,0.0,model1,15.0,False,5817.0
1939,2015-09-01T14:00:00Z,49.0,168.10848894109878,438.706061502894,94.97869811632187,39.57162986638911,16.291490595184044,48.36596923209071,10.610926870136321,4.121074392600349,0.0,0.0,0.0,0.0,0.0,model1,15.0,False,5820.0
1940,2015-09-01T17:00:00Z,49.0,168.59546435787541,434.6926495221393,96.00292372322559,40.21669971335302,18.151046066547273,54.81857526968778,11.790429816269038,3.6289634859168514,0.0,0.0,0.0,0.0,0.0,model1,15.0,False,5823.0
1941,2015-09-01T20:00:00Z,49.0,168.932962728025,427.7562860964312,97.53167197001171,40.40576562488258,17.946976743656194,51.5869943946109,13.062742856351626,3.615274994076316,0.0,0.0,0.0,0.0,0.0,model1,15.0,False,5826.0
1942,2015-09-01T23:00:00Z,49.0,168.17278111364254,427.0682263991715,98.1040829635692,40.29451503387008,17.758859351375786,50.483657408146456,13.5005781017785,3.6097364115348847,0.0,0.0,0.0,0.0,0.0,model1,15.0,False,5829.0
1943,2015-09-02T02:00:00Z,49.0,168.72856034432496,430.2360323133893,98.34652939622431,39.73683875314243,19.09891967408323,52.07308722084929,13.770380389518321,3.556952945779574,0.0,0.0,0.0,0.0,0.0,model1,15.0,False,5832.0
1944,2015-09-02T05:00:00Z,49.0,167.21293595678182,427.78220904971465,99.46458100339359,39.61540642187329,18.449565158872087,63.95061639894842,13.112814990763686,3.589667513966524,0.0,0.0,0.0,0.0,0.0,model1,15.0,False,5835.0
1945,2015-09-02T08:00:00Z,49.0,167.54435462431329,427.2787404233098,100.60843643303805,39.5214779649906,15.496723068324735,63.02454594752253,12.543758639941787,3.6411872649370682,0.0,0.0,0.0,0.0,0.0,model1,15.0,False,5838.0
1946,2015-09-02T11:00:00Z,49.0,165.43946928557511,433.6528782639292,100.707542547139,40.13116357251027,15.232109059045234,59.125911870257404,11.997812489479768,3.4376968019043725,0.0,0.0,0.0,0.0,0.0,model1,15.0,False,5841.0
1947,2015-09-02T14:00:00Z,49.0,166.66530153138746,436.2419629092595,101.47187725019316,39.923395925741055,15.30297637335829,57.074787014157714,11.291546125465622,3.54939914568254,0.0,0.0,0.0,0.0,0.0,model1,15.0,False,5844.0
1948,2015-09-02T17:00:00Z,49.0,168.0996959288834,444.1877605671517,102.44068493772423,40.46823516445932,14.761115919258735,52.24225002910818,10.729694351420905,3.883408329991341,0.0,0.0,0.0,0.0,0.0,model1,15.0,False,5847.0
1949,2015-09-02T20:00:00Z,49.0,168.22817706367928,441.9184135779715,99.95360160130457,40.521649167010324,15.793592747029704,56.634140902288465,11.055181312274756,3.8992806633534487,0.0,0.0,0.0,0.0,0.0,model1,15.0,False,5850.0
1950,2015-09-02T23:00:00Z,49.0,169.11777551347598,441.7796123250203,98.78248161275906,39.874445063269036,15.453532696238296,55.11896002946164,11.128984103798356,4.144567889600772,0.0,0.0,0.0,0.0,0.0,model1,15.0,False,5853.0
1951,2015-09-03T02:00:00Z,49.0,169.36525028985474,436.2866225871043,98.18584853532995,39.70106338748831,13.841144956858495,58.496686514394256,11.270272169916685,4.503087730267857,0.0,0.0,0.0,0.0,0.0,model1,15.0,False,5856.0
1952,2015-09-03T05:00:00Z,49.0,170.94452362689043,439.8263275106136,99.85140135981077,39.404599196211045,14.465407812521033,46.88665188104624,10.765476018383607,4.47157896683429,0.0,0.0,0.0,0.0,0.0,model1,15.0,False,5859.0
1953,2015-09-03T08:00:00Z,49.0,172.08614088500798,442.33112159994903,99.47986712455752,39.59533248146483,14.564836485413036,46.920102570995645,10.704675132391287,4.5444984112341995,0.0,0.0,0.0,0.0,0.0,model1,15.0,False,5862.0
1954,2015-09-03T11:00:00Z,49.0,172.44829453045867,447.09872386278806,98.96581168630873,39.39948683752532,15.719212826366219,49.261452520573606,10.792276175259811,5.2813630216672935,0.0,0.0,0.0,0.0,0.0,model1,15.0,False,5865.0
1955,2015-09-03T14:00:00Z,49.0,174.63048668042669,455.05469606392427,98.35008765381849,38.4217643840491,16.084772184805374,49.877794146340285,11.769529892194278,5.46786076507702,0.0,0.0,0.0,0.0,0.0,model1,15.0,False,5868.0
1956,2015-09-03T17:00:00Z,49.0,172.55116010770973,457.7482893619557,97.34491213041807,37.74383813598649,15.281268380220228,52.72667060347317,11.200137795927393,4.756412433407894,0.0,0.0,0.0,0.0,0.0,model1,15.0,False,5871.0
1957,2015-09-03T20:00:00Z,49.0,173.2237209357653,463.31143638107284,99.75965682834708,38.01729542176839,13.960633826283312,44.794126575749395,11.039975581177904,4.921400242855412,0.0,0.0,0.0,0.0,0.0,model1,15.0,False,5874.0
1958,2015-09-03T23:00:00Z,49.0,174.31562861126233,459.49303703568086,100.65580568674669,38.53100788477725,14.273137452517958,47.48242786594553,10.523844715954779,4.839135656018549,0.0,0.0,0.0,0.0,0.0,model1,15.0,False,5877.0
1959,2015-09-04T02:00:00Z,49.0,173.29111919671234,461.80673895274424,102.84033848941485,38.60552805338596,15.989171240582097,39.87038687945862,10.0521383773003,4.480988800964258,0.0,0.0,0.0,0.0,0.0,model1,15.0,False,5880.0
1960,2015-09-04T05:00:00Z,49.0,170.05593848780003,451.44991042224996,102.68030866381737,39.13789353326451,16.551713446646424,45.435050791934,9.591975036492316,4.4903903271591314,0.0,0.0,0.0,0.0,0.0,model1,15.0,False,5883.0
1961,2015-09-04T08:00:00Z,49.0,169.14823696472254,448.9852306758538,102.49666270223793,39.23693457606474,16.184765386012124,56.459160307817925,9.687298658904062,4.8304788895754855,0.0,0.0,0.0,0.0,0.0,model1,15.0,False,5886.0
1962,2015-09-04T11:00:00Z,49.0,170.32593084877485,446.38421133275915,102.3790673865402,39.22916097342544,14.852784368536403,54.58367697427094,9.04663406946129,3.9004692038896143,0.0,0.0,0.0,0.0,0.0,model1,15.0,False,5889.0
1963,2015-09-04T14:00:00Z,49.0,167.11470514157222,441.8151424097628,102.30305835527176,39.81688214735736,13.943359047437804,54.094046045707614,8.418779874520041,3.7106806565582815,0.0,0.0,0.0,0.0,0.0,model1,15.0,False,5892.0
1964,2015-09-04T17:00:00Z,49.0,165.5473072299748,436.59870707793306,103.43179512457306,40.524504052640026,13.975776105519087,50.5855662368322,8.963845109774914,3.9644314910398593,0.0,0.0,0.0,0.0,0.0,model1,15.0,False,5895.0
1965,2015-09-04T20:00:00Z,49.0,166.78116414244053,437.84455444819656,102.06374363975635,40.21608755223711,14.780007674358115,52.411056431281004,8.794250619417253,4.0958225777020285,0.0,0.0,0.0,0.0,0.0,model1,15.0,False,5898.0
1966,2015-09-04T23:00:00Z,49.0,167.37803829787924,442.94415084569886,102.13807872934349,40.14339049946971,15.230740782744927,51.69401612457738,8.932692373572882,4.221308381964719,0.0,0.0,0.0,0.0,0.0,model1,15.0,False,5901.0
1967,2015-09-05T02:00:00Z,49.0,168.045508167357,445.73486831198636,101.15841306899858,40.679214813003505,13.519350455801149,50.99906964192228,8.55886108967037,4.174836235177288,0.0,0.0,0.0,0.0,0.0,model1,15.0,False,5904.0
1968,2015-09-05T05:00:00Z,49.0,171.24726272707574,457.76686339423935,101.3280692566945,40.22909343153594,13.228168754087374,46.872002205797436,8.740901899007941,4.5185877584732665,0.0,0.0,0.0,0.0,0.0,model1,15.0,False,5907.0
1969,2015-09-05T08:00:00Z,49.0,175.42006190111337,460.8081975552397,102.49124957042471,40.43070635507185,15.40775279698619,32.16284089762826,8.931195475444039,4.2127953300059024,0.0,0.0,0.0,0.0,0.0,model1,15.0,False,5910.0
1970,2015-09-05T11:00:00Z,49.0,174.32020346713819,463.7353819614727,102.44826777315642,41.02407536445046,15.514328450156365,32.46199608205081,9.797399388482562,4.2081701130804445,0.0,0.0,0.0,0.0,0.0,model1,15.0,False,5913.0
1971,2015-09-05T14:00:00Z,49.0,176.12160534189118,465.6799689312898,102.6792102533617,41.05491444318925,15.146749194213367,28.678341577045952,8.69816941574216,3.708349558049647,0.0,0.0,0.0,0.0,0.0,model1,15.0,False,5916.0
1972,2015-09-05T17:00:00Z,49.0,178.03854443876045,464.92826552250335,101.36701237792951,41.01967467280984,13.746922314913053,28.846464483126322,9.350898152735633,3.7078352699716506,0.0,0.0,0.0,0.0,0.0,model1,15.0,False,5919.0
1973,2015-09-05T20:00:00Z,49.0,177.78073335533435,456.11248006246046,102.10421466400328,40.81786663295625,15.449287748923204,41.635221541309456,9.588237539865515,3.5617946158388905,0.0,0.0,0.0,0.0,0.0,model1,15.0,False,5922.0
1974,2015-09-05T23:00:00Z,49.0,175.29808185032402,450.93338915638014,101.0265736766958,40.58061954309543,17.133966277773865,43.47910199278239,9.889879155194542,3.487316495981708,0.0,0.0,0.0,0.0,0.0,model1,15.0,False,5925.0
1975,2015-09-06T02:00:00Z,49.0,176.15904317072503,456.6388445727017,100.40974331454487,39.363374264780475,17.380461203228652,49.787511342913284,9.845702233057963,4.580318812254934,0.0,0.0,0.0,0.0,0.0,model1,15.0,False,5928.0
1976,2015-09-06T05:00:00Z,49.0,174.89111502192168,456.8977538961844,99.19142546359554,40.27914148297472,16.90787774078481,51.97163112348133,9.658524373403512,5.1656366476741775,0.0,0.0,0.0,0.0,0.0,model1,15.0,False,5931.0
1977,2015-09-06T08:00:00Z,49.0,172.2694255605651,448.33144151941343,97.34180419539223,40.37377549103161,14.311670825402262,61.08716869113285,9.174021341393011,5.364840943929412,0.0,0.0,0.0,0.0,0.0,model1,15.0,False,5934.0
1978,2015-09-06T11:00:00Z,49.0,172.6839313275261,444.4966456176885,98.27219465657032,40.2124231280109,15.521191505837285,60.15578493423843,8.755616390963224,5.263088103839664,0.0,0.0,0.0,0.0,0.0,model1,15.0,False,5937.0
1979,2015-09-06T14:00:00Z,49.0,172.23652784291167,444.1620821371753,97.951305201761,41.152394911105844,15.653885032834642,60.085884452786814,9.194087786850515,5.6987353599275465,0.0,0.0,0.0,0.0,0.0,model1,15.0,False,5940.0
1980,2015-09-06T17:00:00Z,49.0,171.54257750013446,451.8307418462284,98.46118831635704,40.87122227884952,15.560109133401346,62.87660623425303,8.820704077816618,6.093092302558764,0.0,0.0,0.0,0.0,0.0,model1,15.0,False,5943.0
1981,2015-09-06T20:00:00Z,49.0,169.08465851603174,456.0958448308639,98.78458759918207,41.30988587755982,14.47383777772901,60.21065216353672,8.751114330065203,6.0334629131855895,0.0,0.0,0.0,0.0,0.0,model1,15.0,False,5946.0
1982,2015-09-06T23:00:00Z,49.0,169.4534853482536,456.5885050981092,98.57222444259821,41.44451802774454,13.513200942405104,60.27429858569879,9.43646350552369,6.1235157582308855,0.0,0.0,0.0,0.0,0.0,model1,15.0,False,5949.0
1983,2015-09-07T02:00:00Z,49.0,168.8477357943862,452.49348613946023,97.99333158217026,42.23500655150471,12.437546020163,56.05128271008825,9.561926858530873,5.489042989499747,0.0,0.0,0.0,0.0,0.0,model1,15.0,False,5952.0
1984,2015-09-07T05:00:00Z,49.0,165.9911563722159,456.9174748379282,98.61188131992573,41.44295896098088,12.76513724189562,58.79490451665292,9.505099926111493,5.072151247259587,0.0,0.0,0.0,0.0,0.0,model1,15.0,False,5955.0
1985,2015-09-07T08:00:00Z,49.0,165.62223572607098,466.03803495342765,99.06261902370407,41.1102045205112,12.844856357175715,48.818508093549994,9.998789573188887,4.858783637650069,0.0,0.0,0.0,0.0,0.0,model1,15.0,False,5958.0
1986,2015-09-07T11:00:00Z,49.0,164.2418077006675,467.6470642658142,99.24526482736135,40.667452126775615,12.579054752111515,50.95709986831014,11.199370810401527,5.055570017382424,0.0,0.0,0.0,0.0,0.0,model1,15.0,False,5961.0
1987,2015-09-07T14:00:00Z,49.0,163.99170605320288,464.1127228701053,99.42580043365349,39.5227979979345,11.455905431499744,52.68819510202189,11.009072223440592,4.523398127094717,0.0,0.0,0.0,0.0,0.0,model1,15.0,False,5964.0
1988,2015-09-07T17:00:00Z,49.0,164.32892802303428,458.5350808102128,98.82689687646419,39.15977530534451,12.600718863130634,53.606053640829906,10.038256028302259,3.883254899991102,0.0,0.0,0.0,0.0,0.0,model1,15.0,False,5967.0
1989,2015-09-07T20:00:00Z,49.0,165.28750276835154,461.4061764319165,96.4686646853848,38.128616219609604,12.95510177419461,48.8110041510405,10.087577690339973,4.169677122414228,0.0,0.0,0.0,0.0,0.0,model1,15.0,False,5970.0
1990,2015-09-07T23:00:00Z,49.0,165.80351941548813,460.984859212282,97.5716887636157,37.8529004981386,13.231120168519276,50.692496418158605,9.274836320117316,4.1919413260372576,0.0,0.0,0.0,0.0,0.0,model1,15.0,False,5973.0
1991,2015-09-08T02:00:00Z,49.0,168.1261624732212,460.7384625989573,99.07464734661541,37.526706261742255,16.09870382305098,49.451262118433455,10.075438739146604,3.880765864062653,0.0,0.0,0.0,0.0,0.0,model1,15.0,False,5976.0
1992,2015-09-08T05:00:00Z,49.0,169.88525207379845,448.50045618223976,99.05813561817713,37.31553186457412,15.680307306194804,43.048904950400456,10.05845005511608,3.770987620014997,0.0,0.0,0.0,0.0,0.0,model1,15.0,False,5979.0
1993,2015-09-08T08:00:00Z,49.0,168.52269422859771,442.3286796363557,98.70822482300751,37.95938380564795,15.778683128035093,45.49140098432317,10.736375471173792,5.3068698996354895,0.0,0.0,0.0,0.0,0.0,model1,15.0,False,5982.0
1994,2015-09-08T11:00:00Z,49.0,172.85260767977573,437.3816307010648,97.94703772842041,37.446617631838,16.096951744620153,45.08945419222962,9.900450611516774,5.427517499315404,0.0,0.0,0.0,0.0,0.0,model1,15.0,False,5985.0
1995,2015-09-08T14:00:00Z,49.0,172.186590906432,439.7896757097214,98.53336990935104,37.39809022159957,16.4574942647133,56.952743042195166,9.715823743523153,5.4889931952687165,0.0,0.0,0.0,0.0,0.0,model1,15.0,False,5988.0
1996,2015-09-08T17:00:00Z,49.0,171.708311128037,437.08299080293676,97.88626414233568,37.35276966064579,16.181951149038017,52.70789299124782,9.77105419489634,5.357668238422893,0.0,0.0,0.0,0.0,0.0,model1,15.0,False,5991.0
1997,2015-09-08T20:00:00Z,49.0,172.86817023921813,437.6507179985981,98.48285754425068,38.23245923172036,16.511679960976814,54.133666205540884,9.967379840939019,6.067390609932243,0.0,0.0,0.0,0.0,0.0,model1,15.0,False,5994.0
1998,2015-09-08T23:00:00Z,49.0,173.208608874787,440.06432225681806,98.3664219726042,38.42510432995827,16.078034230128807,51.325794897460355,10.246011866524745,6.055312718064611,0.0,0.0,0.0,0.0,0.0,model1,15.0,False,5997.0
1999,2015-09-09T02:00:00Z,49.0,170.72247342904046,434.1163002322914,98.64989419907083,38.63044299793654,15.206649876251335,50.2165573474479,10.383168971510043,5.943848045367094,0.0,0.0,0.0,0.0,0.0,model1,15.0,False,6000.0
2000,2015-09-09T05:00:00Z,49.0,171.17284782976955,435.48768397516886,99.45111435295851,39.09962436599521,14.768457318455756,52.134524585298394,11.410630998622857,6.0382653343176536,0.0,0.0,0.0,0.0,0.0,model1,15.0,False,6003.0
2001,2015-09-09T08:00:00Z,49.0,171.62402153869488,438.8217665576605,99.78107084177624,37.81702364092508,14.276517124854115,51.005444026288174,10.3063054610506,5.10402954150137,0.0,0.0,0.0,0.0,0.0,model1,15.0,False,6006.0
2002,2015-09-09T11:00:00Z,49.0,169.77087055722026,441.82039829514366,100.19238982905377,38.75754729231754,11.893674083668802,48.1841701024699,9.975858232199153,5.103029377824444,0.0,0.0,0.0,0.0,0.0,model1,15.0,False,6009.0
2003,2015-09-09T14:00:00Z,49.0,170.71583148475312,441.5019360519252,99.65756560698307,39.02285366220948,12.754382199096966,32.04114899948299,10.128872749461149,5.054120328149987,0.0,0.0,0.0,0.0,0.0,model1,15.0,False,6012.0
2004,2015-09-09T17:00:00Z,49.0,169.7737060883929,443.3252412089538,100.75164891354349,39.527505493655426,12.827020987784483,32.02652340526754,9.951056938506756,5.350382961781626,0.0,0.0,0.0,0.0,0.0,model1,15.0,False,6015.0
2005,2015-09-09T20:00:00Z,49.0,168.10292199027262,452.1626842556708,102.41574857580903,38.95062108811771,12.79276940874342,43.36081735319745,9.761924992172792,4.433299762209436,0.0,0.0,0.0,0.0,0.0,model1,15.0,False,6018.0
2006,2015-09-09T23:00:00Z,49.0,167.07142229378755,449.87700126926137,102.17666422193048,38.62542559503677,12.969198981972935,46.07929075018029,9.672788831617094,4.72703938280748,0.0,0.0,0.0,0.0,0.0,model1,15.0,False,6021.0
2007,2015-09-10T02:00:00Z,49.0,168.11060415114437,454.1105640875265,101.9089285759417,39.06131485649584,12.738351543248127,47.13888123774087,9.565129085058144,4.744010250676438,0.0,0.0,0.0,0.0,0.0,model1,15.0,False,6024.0
2008,2015-09-10T05:00:00Z,49.0,168.20038937869606,461.646297371512,100.881653420575,38.83322687211373,13.47103534934534,48.39807476579406,8.643281760497164,4.723352490082697,0.0,0.0,0.0,0.0,0.0,model1,15.0,False,6027.0
2009,2015-09-10T08:00:00Z,49.0,168.5997418132926,457.4578919030216,104.07283344514478,39.84217390368714,13.324228093171893,50.697261580165645,11.107812615795398,4.848532007809805,0.0,0.0,0.0,0.0,0.0,model1,15.0,False,6030.0
2010,2015-09-10T11:00:00Z,49.0,165.95128048109942,445.29377412263534,107.19333855442369,39.87674507208953,14.198935771173026,65.67606812350012,13.545053581009205,4.676640158222352,0.0,0.0,0.0,0.0,0.0,model1,15.0,False,6033.0
2011,2015-09-10T14:00:00Z,49.0,167.67877505483,436.39092938845016,110.0102479657098,39.80048409402037,15.140980581517914,70.32343620128991,13.995652217917113,4.966377691581802,0.0,0.0,0.0,0.0,0.0,model1,15.0,False,6036.0
2012,2015-09-10T17:00:00Z,49.0,168.90107476948108,423.670344805217,112.30366239849444,39.478693889545454,14.841063605790007,78.64162832474301,14.31393486954559,4.728615327442778,0.0,0.0,0.0,0.0,0.0,model1,15.0,False,6039.0
2013,2015-09-10T20:00:00Z,49.0,170.9265831476849,399.6762116484097,114.33635663544784,39.78567506256924,13.280737048325047,71.88829960112737,13.742426110497119,5.132719041818741,0.0,1.0,0.0,0.0,0.0,model1,15.0,False,6042.0
2014,2015-09-10T23:00:00Z,49.0,171.09376740898412,390.0768848292218,119.0060868980189,40.73876409566637,12.454227620084447,69.13968011005039,13.42051639332303,4.712470670234997,0.0,1.0,0.0,0.0,0.0,model1,15.0,False,6045.0
2015,2015-09-11T02:00:00Z,49.0,171.17606768739867,375.78838436524734,120.00016092043928,40.14757514780364,11.94704430395442,64.17102293891796,12.235786006479428,4.986034701083319,0.0,1.0,0.0,0.0,0.0,model1,15.0,False,6048.0
2016,2015-09-11T05:00:00Z,49.0,172.88122782087189,362.00801217177184,121.58054616731978,40.552557796636655,12.702908836535876,42.683839505143105,10.399098853017634,5.494356660401635,0.0,1.0,0.0,0.0,0.0,model1,15.0,False,6051.0
2017,2015-09-11T08:00:00Z,49.0,171.953115979432,356.05840089482444,122.86268020948454,39.76748128877151,14.03943629620698,44.649207518783435,10.901575565470367,5.4385186513148165,0.0,2.0,1.0,1.0,0.0,model1,15.0,True,6054.0
2018,2015-09-11T11:00:00Z,49.0,172.6728377959161,352.25235001531166,121.72439099519104,39.488348813892216,13.188079143195285,48.33603301264076,10.67095402398457,5.4128227786145935,0.0,2.0,1.0,1.0,0.0,model1,15.0,True,6057.0
2019,2015-09-11T14:00:00Z,49.0,171.64967042451804,348.0444468535527,122.59029592962715,39.40134970676583,12.447497384124127,47.35406985445386,9.99171837727954,5.770824713062968,0.0,2.0,1.0,1.0,0.0,model1,15.0,True,6060.0
2020,2015-09-11T17:00:00Z,49.0,171.3799889925169,353.0236539493904,123.12812597991173,38.90259518176747,13.224214315645993,43.595486628335706,10.804191684016834,5.853155294568803,0.0,2.0,1.0,1.0,0.0,model1,15.0,True,6063.0
2021,2015-09-11T20:00:00Z,49.0,171.78706423284854,358.0093955766592,124.048697901696,39.07334831966989,13.727674094722149,48.072213794945014,11.003701858101168,5.396091016405952,0.0,1.0,1.0,1.0,0.0,model1,15.0,True,6066.0
2022,2015-09-11T23:00:00Z,49.0,172.3699566333303,358.0586728184717,121.41995555979584,38.532571203522686,13.63198722930542,49.222303991960295,10.830471736939357,5.365778684959548,0.0,1.0,1.0,1.0,0.0,model1,15.0,True,6069.0
2023,2015-09-12T02:00:00Z,49.0,169.86257139487014,356.46242102460974,123.7943887556665,38.78719845551337,14.438289656521055,51.22306081996523,10.850753044529489,5.239001687965328,0.0,1.0,1.0,1.0,0.0,model1,15.0,True,6072.0
2024,2015-09-12T05:00:00Z,49.0,168.5091767930539,348.63762776518615,125.84973222804884,37.972170978950494,13.549654103671859,51.45486916360833,9.554877286216426,4.741020283178962,0.0,1.0,1.0,1.0,0.0,model1,15.0,True,6075.0
2025,2015-09-12T08:00:00Z,49.0,170.88411108020867,364.1109027230754,123.4573938156164,38.71787959330383,14.022057813273433,70.3359668828559,10.328226274288381,4.738236610084618,0.0,0.0,0.0,0.0,0.0,model1,15.0,False,6078.0
2026,2015-09-12T11:00:00Z,49.0,171.89055893903492,378.3322108186644,121.88758040418259,38.9888658944911,13.101821949262655,67.46366169888991,11.883340629164502,4.857201375501888,0.0,0.0,0.0,0.0,0.0,model1,15.0,False,6081.0
2027,2015-09-12T14:00:00Z,49.0,171.44787073475285,392.07532555686396,117.22569553895208,39.329956712752,12.770446696234345,69.92161504951561,16.001930101171755,3.9371279153301257,0.0,0.0,0.0,0.0,0.0,model1,15.0,False,6084.0
2028,2015-09-12T17:00:00Z,49.0,173.52374174812255,399.0889358339372,115.3395093085499,39.97794957573527,14.19750258629513,73.1029250504604,15.5688233477861,3.755815774665591,0.0,0.0,0.0,0.0,0.0,model1,15.0,False,6087.0
2029,2015-09-12T20:00:00Z,49.0,172.88947933476936,409.4604714875714,111.9271801013664,40.278383179677505,14.189126236978094,71.32380200702175,15.167098443151302,4.188820929265948,0.0,0.0,0.0,0.0,0.0,model1,15.0,False,6090.0
2030,2015-09-12T23:00:00Z,49.0,173.59361462445153,413.92457951469663,109.93289031716331,40.893526971527855,16.42934515925735,70.33026036793454,16.050239637784017,4.00350804078034,0.0,0.0,0.0,0.0,0.0,model1,15.0,False,6093.0
2031,2015-09-13T02:00:00Z,49.0,175.960638862255,425.35051999692047,105.5405200317254,41.34225282013324,15.163526485825699,62.25799617648097,14.132085723104147,3.7529705578098547,0.0,0.0,0.0,0.0,0.0,model1,15.0,False,6096.0
2032,2015-09-13T05:00:00Z,49.0,175.5499649910347,439.5384546999445,101.90915811595059,41.45683322122299,15.796919048424135,49.59069437502041,11.467094976001981,3.378871446561285,0.0,0.0,0.0,0.0,0.0,model1,15.0,False,6099.0
2033,2015-09-13T08:00:00Z,49.0,173.40166093375638,431.47148321407997,101.65624303663324,40.93518035537817,16.46945803619568,37.83753851505251,11.460055515655371,3.8469105177051977,0.0,0.0,0.0,0.0,0.0,model1,15.0,False,6102.0
2034,2015-09-13T11:00:00Z,49.0,175.4988237272559,437.03795404377746,100.56730531572883,40.643956604437925,17.529866376872903,40.88937317916388,11.847178049415295,4.06979117304492,0.0,0.0,0.0,0.0,0.0,model1,15.0,False,6105.0
2035,2015-09-13T14:00:00Z,49.0,174.84250954595277,433.6994458375519,101.9566555802636,40.321844618415724,17.453458956163352,40.39376569830964,10.99901911829642,4.2289322573024055,0.0,0.0,0.0,0.0,0.0,model1,15.0,False,6108.0
2036,2015-09-13T17:00:00Z,49.0,171.60575005653484,438.10678727225763,100.26897279745366,39.7773392303929,17.563323426964608,44.11251120464962,10.122945839713504,4.730183042420387,0.0,0.0,0.0,0.0,0.0,model1,15.0,False,6111.0
2037,2015-09-13T20:00:00Z,49.0,170.4043493342329,435.8654414260997,99.47334339606483,39.187772826725954,18.11886163271608,46.72434771711568,10.534985415563686,4.480752274102077,0.0,0.0,0.0,0.0,0.0,model1,15.0,False,6114.0
2038,2015-09-13T23:00:00Z,49.0,169.64306743763225,438.89017245966147,100.14384684233387,38.92944327651158,15.915678917692773,46.01897035939728,10.475866407869427,4.312407567947616,0.0,0.0,0.0,0.0,0.0,model1,15.0,False,6117.0
2039,2015-09-14T02:00:00Z,49.0,168.48783660372288,443.4864463524796,100.6879741178331,38.77234080678398,16.272012655553123,44.210336619635065,10.67265033677616,4.57506935409591,0.0,0.0,0.0,0.0,0.0,model1,15.0,False,6120.0
2040,2015-09-14T05:00:00Z,49.0,168.51038609109466,439.6495584002952,102.59795967290684,38.88953440749225,15.041345827753133,45.79455519927943,11.53795452951482,4.410441084905647,0.0,0.0,0.0,0.0,0.0,model1,15.0,False,6123.0
2041,2015-09-14T08:00:00Z,49.0,169.84300766066266,445.4322851899773,100.5596815430188,39.23633015816285,14.463820741848915,45.65154238213153,10.802679654612078,4.741095185974444,0.0,0.0,0.0,0.0,0.0,model1,15.0,False,6126.0
2042,2015-09-14T11:00:00Z,49.0,167.5623747176184,439.9389058672606,100.97142990793115,39.72313724128042,12.916729129525033,50.731962842689704,10.071784408686927,4.845475709951655,0.0,0.0,0.0,0.0,0.0,model1,15.0,False,6129.0
2043,2015-09-14T14:00:00Z,49.0,167.33376418449342,446.1038707413169,101.12916342631183,39.524056226045104,14.014511501904213,51.14776922362275,10.099326520014884,4.980071170244604,0.0,0.0,0.0,0.0,0.0,model1,15.0,False,6132.0
2044,2015-09-14T17:00:00Z,49.0,169.24650519746322,442.64286090735686,101.92380395359112,39.23677240579078,12.438560499827325,49.169644482519075,9.773218646950252,5.3528950827441095,0.0,0.0,0.0,0.0,0.0,model1,15.0,False,6135.0
2045,2015-09-14T20:00:00Z,49.0,170.36367488282954,440.6876698063743,101.65680208901036,40.053287109967904,10.991547751913565,45.409089798469665,9.515624139432484,5.726701907292412,0.0,0.0,0.0,0.0,0.0,model1,15.0,False,6138.0
2046,2015-09-14T23:00:00Z,49.0,170.03364745220875,448.4045070055551,102.64145566073387,39.59807474084193,11.067489759606984,43.671945260969885,9.745352813905852,5.765783798992977,0.0,0.0,0.0,0.0,0.0,model1,15.0,False,6141.0
2047,2015-09-15T02:00:00Z,49.0,171.92026269266117,440.7128683925592,102.2187617140295,39.5174272564817,11.276291854031758,49.754318507921,9.537710287394065,5.542436955488489,0.0,0.0,0.0,0.0,0.0,model1,15.0,False,6144.0
2048,2015-09-15T05:00:00Z,49.0,171.66914118984712,450.11054556602926,101.04286760848044,39.7652084931207,11.409942686203305,48.197880842393246,8.608048572852947,5.541862457038307,0.0,0.0,0.0,0.0,0.0,model1,15.0,False,6147.0
2049,2015-09-15T08:00:00Z,49.0,168.67550460429385,443.5439409291367,105.4902887585978,39.760427221473925,13.183548426109414,49.64667294598328,13.811677273392393,4.996945358314332,0.0,0.0,0.0,0.0,0.0,model1,15.0,False,6150.0
2050,2015-09-15T11:00:00Z,49.0,170.47524134073532,445.72310776879715,108.59903576555435,38.84972688170824,14.105903123759227,43.434304443736,15.204082758478314,5.052341726826977,0.0,0.0,0.0,0.0,0.0,model1,15.0,False,6153.0
2051,2015-09-15T14:00:00Z,49.0,172.79807028157524,438.7160726890552,111.1357701179649,39.587253090056436,14.238510071328385,43.09266375539673,15.616789885812604,5.070145246500818,0.0,0.0,0.0,0.0,0.0,model1,15.0,False,6156.0
2052,2015-09-15T17:00:00Z,49.0,170.99133626293576,436.4305741885234,114.1552353183811,40.725351516865366,15.236143666230939,43.68395094211978,16.944755111819614,4.340723348493139,0.0,0.0,0.0,0.0,0.0,model1,15.0,False,6159.0
2053,2015-09-15T20:00:00Z,49.0,171.8601040060738,437.9014808246656,119.29653029033425,40.2610627610062,16.25875883739624,45.97371567924405,15.881707791763127,3.979425745981515,0.0,0.0,0.0,0.0,0.0,model1,15.0,False,6162.0
2054,2015-09-15T23:00:00Z,49.0,170.81996114658762,436.5776687068444,122.55965208421136,40.51368996162049,16.874130437783435,47.65386919931422,17.463346450303966,3.665897215484185,0.0,0.0,0.0,0.0,0.0,model1,15.0,False,6165.0
2055,2015-09-16T02:00:00Z,49.0,168.76140541504327,440.79069346299525,126.07572708876215,40.62437093331449,16.33232350699249,45.44208635048282,14.593415538825035,3.58229545394943,0.0,0.0,0.0,0.0,0.0,model1,15.0,False,6168.0
2056,2015-09-16T05:00:00Z,49.0,171.19744391694337,433.1849343820621,128.40451584703862,40.950772451705475,19.495682320874923,42.543445895942575,12.786083480624402,3.736881299923049,0.0,0.0,0.0,0.0,0.0,model1,15.0,False,6171.0
2057,2015-09-16T08:00:00Z,49.0,176.91814936694988,436.0084733455352,127.33239397376543,40.62043751253255,19.24556868846662,41.645658783146246,12.449439240327532,4.109193483200913,0.0,0.0,0.0,0.0,0.0,model1,15.0,False,6174.0
2058,2015-09-16T11:00:00Z,49.0,177.6953641883295,435.6021447204993,127.94717226208662,41.09997287326864,19.52940395252993,46.36384838432306,12.448091862088168,3.5601520093799186,0.0,0.0,0.0,0.0,0.0,model1,15.0,False,6177.0
2059,2015-09-16T14:00:00Z,49.0,179.51683741241646,434.5660559020565,128.68125922852886,41.017458859310935,20.47432449725505,47.30366480772396,12.578585144455323,4.264870925593973,0.0,0.0,0.0,0.0,0.0,model1,15.0,False,6180.0
2060,2015-09-16T17:00:00Z,49.0,181.8789620948357,439.70343608647346,126.48940254722834,41.1014246201975,19.238564640703284,49.664413846057975,13.180720992679912,4.606889727940737,0.0,0.0,0.0,0.0,0.0,model1,15.0,False,6183.0
2061,2015-09-16T20:00:00Z,49.0,182.60779419643688,449.4907395372204,125.199955464338,40.85510756988716,18.845971402559933,54.90421358466807,13.210795591635248,4.59681499299204,0.0,0.0,0.0,0.0,0.0,model1,15.0,False,6186.0
2062,2015-09-16T23:00:00Z,49.0,183.5123430750101,446.20845596096575,123.18434371371441,40.68696582863906,17.832013403732844,50.891205390465316,11.002481924605203,4.885832810722647,0.0,0.0,0.0,0.0,0.0,model1,15.0,False,6189.0
2063,2015-09-17T02:00:00Z,49.0,187.72490600352486,437.1361666713452,123.72455260545912,40.232840263930036,17.214565344230902,57.555208044976595,11.140029185450036,5.417715743029653,0.0,0.0,0.0,0.0,0.0,model1,15.0,False,6192.0
2064,2015-09-17T05:00:00Z,49.0,186.25153342475792,438.16066773267306,122.07424462115765,40.244588551191946,15.552527989591674,57.50034441879478,11.827067951568555,5.32892598770383,0.0,0.0,0.0,0.0,0.0,model1,15.0,False,6195.0
2065,2015-09-17T08:00:00Z,49.0,185.6822079111856,430.3365344929288,119.60622898931223,40.817053223459936,15.046115157097931,62.11612207429518,13.155513691221854,5.2440455112052895,0.0,0.0,0.0,0.0,0.0,model1,15.0,False,6198.0
2066,2015-09-17T11:00:00Z,49.0,185.4601312709559,425.91081088627715,115.08005132545236,41.23523773863389,14.694841615363819,62.57310307529403,15.069773668250225,5.3565850082050295,0.0,0.0,0.0,0.0,0.0,model1,15.0,False,6201.0
2067,2015-09-17T14:00:00Z,49.0,185.11475524592504,432.4503226207008,111.97816793895826,40.90055199457353,13.990874873926881,62.744126775091296,14.265822954645204,4.924550232437629,0.0,0.0,0.0,0.0,0.0,model1,15.0,False,6204.0
2068,2015-09-17T17:00:00Z,49.0,187.44645873618,429.2919970485249,110.25752367780632,40.36378117412541,15.664416140467267,60.552615889931914,15.459798199999444,5.0075483018827365,0.0,0.0,0.0,0.0,0.0,model1,15.0,False,6207.0
2069,2015-09-17T20:00:00Z,49.0,187.20487899762188,424.224118250904,106.78799085530909,40.82496436185222,16.141753157499473,52.90140166260419,15.217898886678126,4.979509351539124,0.0,0.0,0.0,0.0,0.0,model1,15.0,False,6210.0
2070,2015-09-17T23:00:00Z,49.0,191.93939894255826,430.0963092916765,104.96639605523569,40.775544282236616,16.48468380678172,57.54166596413898,14.235261180978014,4.817696383131282,0.0,0.0,0.0,0.0,0.0,model1,15.0,False,6213.0
2071,2015-09-18T02:00:00Z,49.0,190.07096354418053,443.4047868004824,100.31880307064337,40.902759558927606,16.6284098637216,52.470214208447935,10.545874083739047,4.282121824476314,0.0,0.0,0.0,0.0,0.0,model1,15.0,False,6216.0
2072,2015-09-18T05:00:00Z,49.0,191.65836235159958,448.36419318867087,98.316446939546,40.78184389475614,18.04098095213453,55.11281590853657,9.209640867698113,4.3821209573279445,0.0,0.0,0.0,0.0,0.0,model1,15.0,False,6219.0
2073,2015-09-18T08:00:00Z,49.0,188.3661630465569,456.10742933597436,98.46221676243641,40.86434073677719,19.94091354210221,46.346469613318654,8.917962872916657,4.287031393426478,0.0,0.0,0.0,0.0,0.0,model1,15.0,False,6222.0
2074,2015-09-18T11:00:00Z,49.0,187.19379872808787,458.681360123011,98.98030444303178,40.707618696788586,20.293293525243584,40.35062512714151,8.282369749418603,3.9965206904813524,0.0,0.0,0.0,0.0,0.0,model1,15.0,False,6225.0
2075,2015-09-18T14:00:00Z,49.0,181.72360851441155,457.6105371016127,99.41076203849224,41.47723191315623,23.083222622583946,40.99979897106301,8.61559293059044,4.041627801349678,0.0,0.0,0.0,0.0,0.0,model1,15.0,False,6228.0
2076,2015-09-18T17:00:00Z,49.0,178.67912672625334,457.4052177439617,99.57359109969127,41.77117421258522,21.784566135816192,44.04202076709753,9.302488055504767,3.5955745675804365,0.0,0.0,0.0,0.0,0.0,model1,15.0,False,6231.0
2077,2015-09-18T20:00:00Z,49.0,175.10482418414887,455.24822298962135,100.29659598899477,41.48323456052647,22.622744489021894,48.430563530170744,9.233679020993467,3.661839006701312,0.0,0.0,0.0,0.0,0.0,model1,15.0,False,6234.0
2078,2015-09-18T23:00:00Z,49.0,169.9964102146669,451.7507474117672,99.64463120055508,41.22173819792588,18.21755505507584,49.6896025706299,8.998945235648671,4.084616890894643,0.0,0.0,0.0,0.0,0.0,model1,15.0,False,6237.0
2079,2015-09-19T02:00:00Z,49.0,170.6064379099025,441.372443023066,100.4389290112554,41.526458137827134,20.12396405237168,53.82114834050471,9.238832805442565,3.8827606716360052,0.0,0.0,0.0,0.0,0.0,model1,15.0,False,6240.0
2080,2015-09-19T05:00:00Z,49.0,168.20307590470682,443.0921267663741,101.68047701250805,41.34222227977943,16.58296343587622,54.98670261261191,8.527864016565411,4.4901402575588465,0.0,0.0,0.0,0.0,0.0,model1,15.0,False,6243.0
2081,2015-09-19T08:00:00Z,49.0,167.47535537037243,444.0030747469596,101.05050436525353,41.568387956387724,18.728856334401147,58.98027331558124,8.79075030983698,4.74026481496324,0.0,0.0,0.0,0.0,0.0,model1,15.0,False,6246.0
2082,2015-09-19T11:00:00Z,49.0,166.87561877950725,448.86722863929657,101.60181506879569,41.06632259411757,18.354030002127846,56.435583607724546,9.696456720953378,4.920459353562246,0.0,0.0,0.0,0.0,0.0,model1,15.0,False,6249.0
2083,2015-09-19T14:00:00Z,49.0,167.56625596492972,456.8158637827691,102.13085176953163,40.106434743094454,17.87349326590146,63.77459079004202,10.465530710202314,4.867301950482728,0.0,0.0,0.0,0.0,0.0,model1,15.0,False,6252.0
2084,2015-09-19T17:00:00Z,49.0,168.64486653107275,457.548048740066,101.69145631229088,39.32415408682081,17.654498650094077,61.975256116150206,9.785583056005828,4.662101796704733,0.0,0.0,0.0,0.0,0.0,model1,15.0,False,6255.0
2085,2015-09-19T20:00:00Z,49.0,170.4045867234549,454.1190272482329,102.28113195640579,39.0245635001649,16.790164099455392,59.511497023302574,10.027774607453448,4.700986125374568,0.0,0.0,0.0,0.0,0.0,model1,15.0,False,6258.0
2086,2015-09-19T23:00:00Z,49.0,171.05134293984815,452.42025243386513,103.6161164230602,39.35880556111403,16.707758440917175,58.47369509800418,10.38271492680012,4.4289729422956965,0.0,0.0,0.0,0.0,0.0,model1,15.0,False,6261.0
2087,2015-09-20T02:00:00Z,49.0,167.94598317960904,461.7654246137952,104.52912410783165,38.28509488393349,13.522754509341086,53.21302708626117,10.823196757420657,4.996120509932118,0.0,0.0,0.0,0.0,0.0,model1,15.0,False,6264.0
2088,2015-09-20T05:00:00Z,49.0,167.44765838221045,458.2490390234578,103.49552148966455,38.29314805083235,13.665421185811025,50.148586523716496,11.631506901743322,4.544320799828896,0.0,0.0,0.0,0.0,0.0,model1,15.0,False,6267.0
2089,2015-09-20T08:00:00Z,49.0,169.58380953647068,460.0287421657005,102.92424543073238,37.429588811204994,11.102313852162055,44.82400667284213,11.942075467944338,3.7085790060075663,0.0,0.0,0.0,0.0,0.0,model1,15.0,False,6270.0
2090,2015-09-20T11:00:00Z,49.0,168.26111197377742,461.7030815895456,101.48996458838177,37.44271259676954,12.026603380563493,45.53731345382665,12.093497611667786,3.808753294564837,0.0,0.0,0.0,0.0,0.0,model1,15.0,False,6273.0
2091,2015-09-20T14:00:00Z,49.0,168.26517243954478,457.29854353822657,101.07274226787564,38.05955980079825,12.00871369114953,49.548858301446074,11.531189897494626,4.212336958632766,0.0,0.0,0.0,0.0,0.0,model1,15.0,False,6276.0
2092,2015-09-20T17:00:00Z,49.0,166.2912054032495,456.48847934780036,101.12601785267893,38.76016023544096,12.383326352807119,48.907586062948894,11.32345074849935,4.2443606127963704,0.0,0.0,0.0,0.0,0.0,model1,15.0,False,6279.0
2093,2015-09-20T20:00:00Z,49.0,168.08288230654009,454.16977994521034,100.07366057421221,39.62351306860985,14.226182316085286,57.240459173417406,10.703791838708943,5.3334431904194535,0.0,0.0,0.0,0.0,0.0,model1,15.0,False,6282.0
2094,2015-09-20T23:00:00Z,49.0,167.55143659905937,456.45043913020515,98.66415286177687,39.22987917494736,14.179189736738534,57.879210864334716,9.655572752899221,5.451531218828987,0.0,0.0,0.0,0.0,0.0,model1,15.0,False,6285.0
2095,2015-09-21T02:00:00Z,49.0,169.80387146408626,457.17291784024735,97.98925337312626,40.25220268038448,14.16210616991212,54.64731070369591,7.995700772383253,4.819219546580701,0.0,0.0,0.0,0.0,0.0,model1,15.0,False,6288.0
2096,2015-09-21T05:00:00Z,49.0,171.14399868571937,453.79665664125326,98.49660603522743,39.71305715176962,15.748674527335687,57.21202755151793,8.122843696541569,4.789773776511547,0.0,0.0,0.0,0.0,0.0,model1,15.0,False,6291.0
2097,2015-09-21T08:00:00Z,49.0,170.4229262320161,452.190588826638,98.8147322151589,39.78229529371906,15.832317806209021,58.95784928211831,7.637874201513008,5.1820421986096985,0.0,0.0,0.0,0.0,0.0,model1,15.0,False,6294.0
2098,2015-09-21T11:00:00Z,49.0,169.9653908872611,444.5170685131098,99.91960412139,39.81646397605787,16.34939513208601,62.43000991288186,9.192778630042966,5.119751080336441,0.0,0.0,0.0,0.0,0.0,model1,15.0,False,6297.0
2099,2015-09-21T14:00:00Z,49.0,172.26038602294724,438.5760717504223,97.94852152303648,39.33626691016392,16.76490734644537,54.58545854682203,9.148716413705284,4.978209326651483,0.0,0.0,0.0,0.0,0.0,model1,15.0,False,6300.0
2100,2015-09-21T17:00:00Z,49.0,171.21775516231375,439.14755536034346,99.38272169080557,39.2975222687716,16.46298197034659,54.63649541384685,10.40563559822362,5.088429093117113,0.0,0.0,0.0,0.0,0.0,model1,15.0,False,6303.0
2101,2015-09-21T20:00:00Z,49.0,169.00654059374688,436.09220542112695,98.1558075892623,38.47213370133324,16.18218806667915,52.72647741079031,10.793434539847507,3.8582586314782352,0.0,0.0,0.0,0.0,0.0,model1,15.0,False,6306.0
2102,2015-09-21T23:00:00Z,49.0,171.47452994611515,436.5528659151518,97.97625473471756,39.197446268040586,18.18340269021293,50.589286310850646,10.942568421305504,4.333158995810649,0.0,0.0,0.0,0.0,0.0,model1,15.0,False,6309.0
2103,2015-09-22T02:00:00Z,49.0,170.02192580199082,434.26136458212716,98.54083673960665,39.493349766484755,18.391780063055435,50.168673961732026,11.308192079571345,4.371094754258613,0.0,0.0,0.0,0.0,0.0,model1,15.0,False,6312.0
2104,2015-09-22T05:00:00Z,49.0,169.95915546021592,434.55172010393005,98.77039262069124,39.65908655987483,17.19667508733486,52.97601638951604,10.834822679016336,4.4278705837786445,0.0,0.0,0.0,0.0,0.0,model1,15.0,False,6315.0
2105,2015-09-22T08:00:00Z,49.0,170.78708365556886,438.1136676987811,98.98276304066195,39.80350572448349,17.310316136671073,58.05250449415385,11.004567866087637,4.301737716633862,0.0,0.0,0.0,0.0,0.0,model1,15.0,False,6318.0
2106,2015-09-22T11:00:00Z,49.0,172.23334789404316,442.1001418641673,99.34872524830924,39.46554156300592,15.618004276886465,54.09180254911409,9.309251882396422,4.8469981472404005,0.0,0.0,0.0,0.0,0.0,model1,15.0,False,6321.0
2107,2015-09-22T14:00:00Z,49.0,170.37695135695145,440.76490827931985,99.86467626208521,40.29092174000297,15.08948618459348,51.52022816749419,8.791377622443497,5.024921197909361,0.0,0.0,0.0,0.0,0.0,model1,15.0,False,6324.0
2108,2015-09-22T17:00:00Z,49.0,171.8499301106689,434.5294217071476,100.58230917222878,39.6619230975043,14.091428179188206,54.37431869526437,9.251469847802165,5.1155221263294415,0.0,0.0,0.0,0.0,0.0,model1,15.0,False,6327.0
2109,2015-09-22T20:00:00Z,49.0,171.85700622339397,442.5132240732663,102.64051813591395,39.977778810015295,13.333622072705287,47.66632331622012,8.445074931590497,5.014374033440854,0.0,0.0,0.0,0.0,0.0,model1,15.0,False,6330.0
2110,2015-09-22T23:00:00Z,49.0,170.24572873419237,440.4016901469107,102.57819713543924,39.559751461958854,11.911471922767653,47.62318864469677,9.443436257685773,5.016868371495895,0.0,0.0,0.0,0.0,0.0,model1,15.0,False,6333.0
2111,2015-09-23T02:00:00Z,49.0,170.0638088963193,442.3368615436888,103.03675948816324,39.7262464305847,13.410174427805721,52.05419043873354,9.861338116142354,5.3395362180111885,0.0,0.0,0.0,0.0,0.0,model1,15.0,False,6336.0
2112,2015-09-23T05:00:00Z,49.0,168.56001613153143,442.4916083335045,103.06340590821027,39.542854033942135,12.970399138051247,50.59355172433067,10.009582579003238,5.477065173373232,0.0,0.0,0.0,0.0,0.0,model1,15.0,False,6339.0
2113,2015-09-23T08:00:00Z,49.0,166.46753141995342,440.1098612447141,102.51735722211096,39.52254683334007,12.969676933898713,43.45965580818242,11.104132625122249,5.118798945365191,0.0,0.0,0.0,0.0,0.0,model1,15.0,False,6342.0
2114,2015-09-23T11:00:00Z,49.0,166.8150035672407,439.0046224853297,102.27212580200664,40.33408144492061,13.566905810917325,44.48236179708842,11.177087586338864,4.8527423916898735,0.0,0.0,0.0,0.0,0.0,model1,15.0,False,6345.0
2115,2015-09-23T14:00:00Z,49.0,168.48653062995967,447.0333323675194,102.06874084100107,40.16233479065606,15.458296820039706,51.341215122302415,11.26536502285609,4.705839336652262,0.0,0.0,0.0,0.0,0.0,model1,15.0,False,6348.0
2116,2015-09-23T17:00:00Z,49.0,168.99173622528747,451.6278522480397,101.03388359233156,40.40802855008364,15.534726220754655,47.28312778526058,10.035009264943238,4.732514213451641,0.0,0.0,0.0,0.0,0.0,model1,15.0,False,6351.0
2117,2015-09-23T20:00:00Z,49.0,168.266264082899,445.2241351435126,101.53771182221745,40.52819700841543,15.794682368474591,52.375019927282594,10.031308536557503,4.813440851181014,0.0,0.0,0.0,0.0,0.0,model1,15.0,False,6354.0
2118,2015-09-23T23:00:00Z,49.0,169.15615568327885,441.9231379012983,101.93963644516913,40.082484224552466,15.320032281819664,53.08542547218873,8.915489975095197,4.859937268729925,0.0,0.0,0.0,0.0,0.0,model1,15.0,False,6357.0
2119,2015-09-24T02:00:00Z,49.0,166.7764375341596,434.9795725285769,100.79472950385778,39.81219878449042,17.08801169378021,50.917820357915936,8.418657683156601,4.841326644946252,0.0,0.0,0.0,0.0,0.0,model1,15.0,False,6360.0
2120,2015-09-24T05:00:00Z,49.0,168.56544265559268,437.58077628854113,100.42540330804441,40.02871354094183,17.61859929526253,47.95583592038678,8.295364603485696,4.501080805548663,0.0,0.0,0.0,0.0,0.0,model1,15.0,False,6363.0
2121,2015-09-24T08:00:00Z,49.0,171.3046900827376,442.38397269874804,101.84857541612664,39.66527814476567,17.192403399050402,51.349246815617036,7.078528988968942,4.768403065147023,0.0,0.0,0.0,0.0,0.0,model1,15.0,False,6366.0
2122,2015-09-24T11:00:00Z,49.0,172.2249601851579,440.8025531517626,102.38110053152373,39.23778724571798,17.734853584658435,51.7769161309855,6.862283435172509,5.378600713757273,0.0,0.0,0.0,0.0,0.0,model1,15.0,False,6369.0
2123,2015-09-24T14:00:00Z,49.0,170.74977627073955,435.40657261050944,105.03617144769207,39.122117119426,17.064212346650407,43.02413371333904,9.547999578009694,5.320417253898875,0.0,0.0,0.0,0.0,0.0,model1,15.0,False,6372.0
2124,2015-09-24T17:00:00Z,49.0,171.45766274243462,433.1552594721761,103.60119480543315,39.331807974250225,17.393047947609848,46.77956676870475,10.44693933149174,5.133614134224397,0.0,0.0,0.0,0.0,0.0,model1,15.0,False,6375.0
2125,2015-09-24T20:00:00Z,49.0,172.30841154628772,434.73759787744035,103.80836979992529,39.44796785031448,17.33303684404647,45.24781780193643,10.54936829440552,5.116349110281533,0.0,0.0,0.0,0.0,0.0,model1,15.0,False,6378.0
2126,2015-09-24T23:00:00Z,49.0,169.45128090572675,441.5464790165768,103.10648877583307,41.02777836071672,17.655174124122453,50.538564503043254,11.128219685288748,5.725689247645443,0.0,0.0,0.0,0.0,0.0,model1,15.0,False,6381.0
2127,2015-09-25T02:00:00Z,49.0,171.25042975053645,450.8404749246538,104.40029761119408,41.06566246425964,13.766019046044393,49.36325093146496,11.24262265493409,5.987179041341998,0.0,0.0,0.0,0.0,0.0,model1,15.0,False,6384.0
2128,2015-09-25T05:00:00Z,49.0,169.72543627030768,449.5455903878691,104.81875477894786,40.99351701543379,14.78792498465351,50.4415889646429,11.108985745686176,6.082643813911365,0.0,0.0,0.0,0.0,0.0,model1,15.0,False,6387.0
2129,2015-09-25T08:00:00Z,49.0,166.60254095239316,446.8978967165159,104.83825006906271,41.70642270504221,15.653080770103376,48.02496401806036,11.281755006785712,6.312334262346388,0.0,0.0,0.0,0.0,0.0,model1,15.0,False,6390.0
2130,2015-09-25T11:00:00Z,49.0,164.77769582554302,452.69937915737023,103.87653066034684,41.908431738693416,17.289229923706806,47.415640489314136,11.423326758719606,5.674884408533792,0.0,0.0,0.0,0.0,0.0,model1,15.0,False,6393.0
2131,2015-09-25T14:00:00Z,49.0,166.13048639303742,452.5557839422293,102.20939164927972,41.73970931188453,17.225606360776027,47.065364881546486,9.13478279365556,6.295261721365074,0.0,0.0,0.0,0.0,0.0,model1,15.0,False,6396.0
2132,2015-09-25T17:00:00Z,49.0,165.72809926809038,463.2664524244358,104.44987698731704,41.68023554098495,16.926904423151147,45.32079395876225,8.682795988354366,6.321492889580782,0.0,0.0,0.0,0.0,0.0,model1,15.0,False,6399.0
2133,2015-09-25T20:00:00Z,49.0,166.32099186902272,470.71393839987434,103.99018188844988,40.910954333306364,16.578385696132894,38.960528685005,9.043452178059447,6.659548091803522,0.0,0.0,0.0,0.0,0.0,model1,15.0,False,6402.0
2134,2015-09-25T23:00:00Z,49.0,167.49515788664684,464.3500604925241,105.37881597666815,39.342557080994354,16.2584577604135,37.65975214271234,9.381061210043141,6.0869181514447055,0.0,0.0,0.0,0.0,0.0,model1,15.0,False,6405.0
2135,2015-09-26T02:00:00Z,49.0,168.74550352422904,461.7235073118328,103.97185244697866,38.75085266005614,16.039263537355474,36.98213325969985,9.331084560712394,5.524994794488541,0.0,0.0,0.0,0.0,0.0,model1,15.0,False,6408.0
2136,2015-09-26T05:00:00Z,49.0,169.18778515230449,459.14499000003127,103.53596471692538,38.360681619977385,15.216159910145786,37.78679242424417,9.491004666327868,6.1380056260300835,0.0,0.0,0.0,0.0,0.0,model1,15.0,False,6411.0
2137,2015-09-26T08:00:00Z,49.0,171.4059620131956,457.2117606593504,103.62583572774652,38.77246141911357,13.346678899898796,41.646545706160715,9.664793717066257,6.3866440860395395,0.0,0.0,0.0,0.0,0.0,model1,15.0,False,6414.0
2138,2015-09-26T11:00:00Z,49.0,170.93116871621652,452.8956850305576,103.40381128410245,39.05441939937265,9.060406033105444,41.95512944961269,9.907833482924586,6.491176773957709,0.0,0.0,0.0,0.0,0.0,model1,15.0,False,6417.0
2139,2015-09-26T14:00:00Z,49.0,168.8434721295129,449.69239252803567,102.54591261606907,38.86563851335356,9.979950637436763,43.367536019528465,9.912312676521037,5.890156194831352,0.0,0.0,0.0,0.0,0.0,model1,15.0,False,6420.0
2140,2015-09-26T17:00:00Z,49.0,168.80169986844382,441.25979644789663,101.11293959787598,39.30616908626285,11.279755881713893,40.73164367195046,10.201002244732377,6.380471473769647,0.0,0.0,0.0,0.0,0.0,model1,15.0,False,6423.0
2141,2015-09-26T20:00:00Z,49.0,168.68413749973968,441.9217784966431,99.71965999934989,40.17501758338682,16.563941956910206,43.6986602439519,9.510235750537447,6.285856694334228,0.0,0.0,0.0,0.0,0.0,model1,15.0,False,6426.0
2142,2015-09-26T23:00:00Z,49.0,170.54525777548668,444.80227167550606,99.33731812387256,40.24866588063319,17.635270989202816,44.4460663158329,7.990459733378666,6.1604187738374065,0.0,0.0,0.0,0.0,0.0,model1,15.0,False,6429.0
2143,2015-09-27T02:00:00Z,49.0,170.8080898339239,444.2891635878033,99.69696377581543,39.98656688429122,17.745037594527503,46.41089627015446,9.1106371790947,6.6317184766808985,0.0,0.0,0.0,0.0,0.0,model1,15.0,False,6432.0
2144,2015-09-27T05:00:00Z,49.0,171.31353116519531,446.4988441828199,99.7547694327004,41.0453629127264,17.601806289301827,45.13941103674305,9.288979453597259,6.0487988106962725,0.0,0.0,0.0,0.0,0.0,model1,15.0,False,6435.0
2145,2015-09-27T08:00:00Z,49.0,171.18227402803862,447.43458177945183,100.18484980695351,40.26002202670533,20.462582032719244,41.901906183961394,9.08482351002133,5.344302030227517,0.0,0.0,0.0,0.0,0.0,model1,15.0,False,6438.0
2146,2015-09-27T11:00:00Z,49.0,172.5103537195649,449.21243419142763,100.144132124805,39.58157837316682,20.30098424592888,46.77097465020198,9.077145218984569,5.348158625465559,0.0,0.0,0.0,0.0,0.0,model1,15.0,False,6441.0
2147,2015-09-27T14:00:00Z,49.0,174.031297949687,448.6521385494114,100.06563651715959,39.12252186100599,18.866981583957106,48.82755078144025,9.2500334815362,5.5160872994386745,0.0,0.0,0.0,0.0,0.0,model1,15.0,False,6444.0
2148,2015-09-27T17:00:00Z,49.0,174.6263420691064,449.7808015911842,99.32718979201144,38.48228864541328,18.02067249782782,43.86534313074654,8.968376573358253,5.2097386175091085,0.0,0.0,0.0,0.0,0.0,model1,15.0,False,6447.0
2149,2015-09-27T20:00:00Z,49.0,172.02492285221953,445.851651691573,99.69735923146072,37.86499338129358,16.056674022052214,40.222327789066156,9.811169322631097,5.065088133213783,0.0,0.0,0.0,0.0,0.0,model1,15.0,False,6450.0
2150,2015-09-27T23:00:00Z,49.0,170.54866367776052,441.6399813336261,99.01708088580841,38.258682505004415,15.01046276976712,37.31127579682174,9.669380112957622,4.979863166336728,0.0,0.0,0.0,0.0,0.0,model1,15.0,False,6453.0
2151,2015-09-28T02:00:00Z,49.0,168.67905024509452,437.46685226423017,98.70074294311712,39.35967284030744,16.178696260973073,36.461763907762865,9.024769309471916,5.057218675233979,0.0,0.0,0.0,0.0,0.0,model1,15.0,False,6456.0
2152,2015-09-28T05:00:00Z,49.0,168.35748476076557,428.61000817816335,98.21426434205436,39.44831136869984,16.189873257833856,46.78891105468673,8.912902162458488,5.12124056605325,0.0,0.0,0.0,0.0,0.0,model1,15.0,False,6459.0
2153,2015-09-28T08:00:00Z,49.0,168.6207857808188,426.2351525100318,98.95004162112116,39.00270034857694,12.452486859702306,48.80319392536455,9.893854281152981,5.624125300913397,0.0,0.0,0.0,0.0,0.0,model1,15.0,False,6462.0
2154,2015-09-28T11:00:00Z,49.0,168.42494407663455,426.4599293714657,99.66758339500662,39.56746776626211,13.207745038993533,44.9800988202528,11.269103685455642,5.66893991173842,0.0,0.0,0.0,0.0,0.0,model1,15.0,False,6465.0
2155,2015-09-28T14:00:00Z,49.0,166.61791403325702,434.4489424537494,100.46486288365408,40.78068342746227,13.857639605982852,46.15668506877951,11.160232318924336,6.135269931501418,0.0,0.0,0.0,0.0,0.0,model1,15.0,False,6468.0
2156,2015-09-28T17:00:00Z,49.0,164.15252574753114,436.03729049241514,101.63030876781129,41.51027561335485,13.711251646165593,50.18438211070559,10.83564162827144,5.811526076312165,0.0,0.0,0.0,0.0,0.0,model1,15.0,False,6471.0
2157,2015-09-28T20:00:00Z,49.0,164.42386045012017,442.0294624074892,101.0326204434053,41.11880996209344,14.214574236589975,54.75749402295392,10.486614269075053,6.1045702565906526,0.0,0.0,0.0,0.0,0.0,model1,15.0,False,6474.0
2158,2015-09-28T23:00:00Z,49.0,163.75336986432345,448.2162299046499,99.8140079307626,41.51392481822792,14.39726598223448,56.309131342025324,11.360730723471534,6.198180188925347,0.0,0.0,0.0,0.0,0.0,model1,15.0,False,6477.0
2159,2015-09-29T02:00:00Z,49.0,164.52889987324855,448.94461713205527,100.02686735668816,40.630714210394956,16.555383770004667,54.82608663904777,10.903493697589862,5.982427167668392,0.0,0.0,0.0,0.0,0.0,model1,15.0,False,6480.0
2160,2015-09-29T05:00:00Z,49.0,164.65597829051174,458.4366433703659,99.74411909548523,40.37572898004572,19.067021090011192,43.56758179714085,11.241443760162639,5.728107008404454,0.0,0.0,0.0,0.0,0.0,model1,15.0,False,6483.0
2161,2015-09-29T08:00:00Z,49.0,164.5111139275674,457.9373626048252,97.81022466361463,41.28558501924825,19.655313747612837,39.95087069580098,9.602830557204143,5.367361517585934,0.0,0.0,0.0,0.0,0.0,model1,15.0,False,6486.0
2162,2015-09-29T11:00:00Z,49.0,166.4233371378663,464.6210253036017,98.3459903360638,41.807981673017075,20.25262831977897,41.24664382969177,8.379371629065018,6.194861676409937,0.0,0.0,0.0,0.0,0.0,model1,15.0,False,6489.0
2163,2015-09-29T14:00:00Z,49.0,169.84142342591537,458.76597713043,99.45075464698395,41.56789078356328,21.064140450453852,45.37235025831372,9.034294273842562,5.709149167522337,0.0,0.0,0.0,0.0,0.0,model1,15.0,False,6492.0
2164,2015-09-29T17:00:00Z,49.0,169.27014524914645,456.33528085327606,97.64661332312538,41.14848318428852,21.19048999089207,47.82593220665285,9.498558866717936,5.752775163021222,0.0,0.0,0.0,0.0,0.0,model1,15.0,False,6495.0
2165,2015-09-29T20:00:00Z,49.0,172.77929168431237,448.4673005277808,99.3503495733037,42.50018401364576,19.869755735027358,45.63756604153117,9.927364987603326,5.219616718392015,0.0,0.0,0.0,0.0,0.0,model1,15.0,False,6498.0
2166,2015-09-29T23:00:00Z,49.0,174.98013780322842,447.54683713795197,99.8960072662942,42.32914672649359,20.414706930773264,45.46476798812221,9.478936235210927,5.083779558160233,0.0,0.0,0.0,0.0,0.0,model1,15.0,False,6501.0
2167,2015-09-30T02:00:00Z,49.0,174.80253655361275,447.8650280247758,100.8695516095243,42.939311444777495,18.229148989833888,45.26732457201926,11.148173825371737,4.8112220205815905,0.0,0.0,0.0,0.0,0.0,model1,15.0,False,6504.0
2168,2015-09-30T05:00:00Z,49.0,173.88146199662955,451.6949234178234,100.97055671098472,41.82203428799561,16.048406772207045,45.53180292566943,10.751530956204991,6.339899067753223,0.0,0.0,0.0,0.0,0.0,model1,15.0,False,6507.0
2169,2015-09-30T08:00:00Z,49.0,173.9295033876538,456.69022624542055,101.1929896827536,41.1437176909927,15.27484147944458,47.756423499252215,11.35903189362777,6.191470027591065,0.0,0.0,0.0,0.0,0.0,model1,15.0,False,6510.0
2170,2015-09-30T11:00:00Z,49.0,172.12029793698707,452.5162626844357,99.88995304270672,40.42356779065209,14.686238217542892,46.55443419822194,11.230687307449177,4.954950616849568,0.0,0.0,0.0,0.0,0.0,model1,15.0,False,6513.0
2171,2015-09-30T14:00:00Z,49.0,171.12740202156496,450.5377692269334,99.0683797824662,39.79039453065174,13.685262999432535,45.22126315520378,10.545473335793627,4.790855901591055,0.0,0.0,0.0,0.0,0.0,model1,15.0,False,6516.0
2172,2015-09-30T17:00:00Z,49.0,172.5181926314606,456.06523058866713,100.38352640337419,39.77081493683156,12.518553220819385,43.611723448137795,9.73261993773454,4.731257340326931,0.0,0.0,0.0,0.0,0.0,model1,15.0,False,6519.0
2173,2015-09-30T20:00:00Z,49.0,171.14121753107582,460.08684962343045,99.9203780614463,39.14772296124847,13.423745045534885,42.70554857085968,10.136742307664797,4.3058766223192,0.0,0.0,0.0,0.0,0.0,model1,15.0,False,6522.0
2174,2015-09-30T23:00:00Z,49.0,169.73207144867084,456.5725038263019,101.71002271656728,39.26187425426742,11.85130573955412,42.823374134978756,10.0207914435971,4.786846480773018,0.0,0.0,0.0,0.0,0.0,model1,15.0,False,6525.0
2175,2015-10-01T02:00:00Z,49.0,168.82747296278563,457.8056810000626,100.01648601095638,39.192329519862035,12.848017848170901,49.08837295524484,9.674954166503824,4.628322300864743,0.0,0.0,0.0,0.0,0.0,model1,15.0,False,6528.0
2176,2015-10-01T05:00:00Z,49.0,169.28502817514817,456.3467191406987,101.02352565265898,40.34011288972647,12.338928826057325,54.82055567434203,10.661732810499096,3.728648595782365,0.0,0.0,0.0,0.0,0.0,model1,15.0,False,6531.0
2177,2015-10-01T08:00:00Z,49.0,168.08950829470226,452.7888490462545,100.56880652575373,40.88001630303939,12.363011771667587,55.21608342339857,10.302230287621775,4.0994611500319,0.0,0.0,0.0,0.0,0.0,model1,15.0,False,6534.0
2178,2015-10-01T11:00:00Z,49.0,170.2508228279975,445.742029905234,101.27687806007215,41.12428725684821,13.997242616222927,53.95169282721328,10.139751677979145,4.6715439171402044,0.0,0.0,0.0,0.0,0.0,model1,15.0,False,6537.0
2179,2015-10-01T14:00:00Z,49.0,171.57510682637889,444.692337669124,100.79060774843336,41.862836297911855,15.682324351246493,55.42569329706954,10.34536472417784,4.732631586127572,0.0,0.0,0.0,0.0,0.0,model1,15.0,False,6540.0
2180,2015-10-01T17:00:00Z,49.0,171.03259983996588,441.9163961780398,100.73957212941744,41.738441656579056,15.698931532553491,54.15573660463175,11.369154265376643,4.771411425551952,0.0,0.0,0.0,0.0,0.0,model1,15.0,False,6543.0
2181,2015-10-01T20:00:00Z,49.0,171.12719744641217,436.8811674080058,99.36109288228269,41.19798248824361,14.49258525825958,53.59039544453641,11.010916876271384,5.090267478900056,0.0,0.0,0.0,0.0,0.0,model1,15.0,False,6546.0
2182,2015-10-01T23:00:00Z,49.0,171.41782111974786,437.6425459388015,98.39293108018872,40.85509058426242,14.387588258275096,52.37663792811947,10.3956990566233,4.971454458190398,0.0,0.0,0.0,0.0,0.0,model1,15.0,False,6549.0
2183,2015-10-02T02:00:00Z,49.0,172.99880387455693,443.1427906966117,98.9162938515145,40.03452966289165,13.016717612351966,51.78822795033759,9.44744901220832,5.616654846790402,0.0,0.0,0.0,0.0,0.0,model1,15.0,False,6552.0
2184,2015-10-02T05:00:00Z,49.0,172.6333538310038,440.9871351364835,98.75989409931988,39.88753690819616,13.797876653669405,46.28248930093755,8.573839540460833,5.416548823194998,0.0,0.0,0.0,0.0,0.0,model1,15.0,False,6555.0
2185,2015-10-02T08:00:00Z,49.0,172.6500142185387,439.2744762380104,99.7738144928405,39.84963461791598,14.234067966103074,44.417048033260244,8.997137602483347,5.4703078972377215,0.0,0.0,0.0,0.0,0.0,model1,15.0,False,6558.0
2186,2015-10-02T11:00:00Z,49.0,172.02829814471852,442.3589173932479,100.73014708720535,39.57258238301929,13.771545557680335,43.43791498012202,10.056226412556603,5.440621962195552,0.0,0.0,0.0,0.0,0.0,model1,15.0,False,6561.0
2187,2015-10-02T14:00:00Z,49.0,170.75591887396547,444.30503161634886,100.15412064945214,39.80664614552106,12.261193028240301,41.38488101656823,10.112723247953232,5.8869702222166165,0.0,0.0,0.0,0.0,0.0,model1,15.0,False,6564.0
2188,2015-10-02T17:00:00Z,49.0,171.9238342713538,444.56618434262117,99.13139759972601,40.3731358127113,11.70917339978567,41.65702974482792,10.541654201141052,6.019335117405072,0.0,0.0,0.0,0.0,0.0,model1,15.0,False,6567.0
2189,2015-10-02T20:00:00Z,49.0,171.87735354377602,447.79313354526624,100.03275513158377,40.84479028235722,11.739834750077806,43.58715266732165,10.00565364957512,6.2152384124040045,0.0,0.0,0.0,0.0,0.0,model1,15.0,False,6570.0
2190,2015-10-02T23:00:00Z,49.0,173.0813265072189,447.02256461317427,99.69286434255513,40.37514215873655,11.901189672137866,45.670445445613744,10.859428686815152,6.42598923137454,0.0,0.0,0.0,0.0,0.0,model1,15.0,False,6573.0
2191,2015-10-03T02:00:00Z,49.0,173.72927038333862,443.7559971528106,100.98444429791712,41.41276651918928,11.553751959970914,40.31749639377107,11.381743763816955,5.8711645992589645,0.0,0.0,0.0,0.0,0.0,model1,15.0,False,6576.0
2192,2015-10-03T05:00:00Z,49.0,173.87425405770009,446.5935180518309,100.68615548774568,41.155574830217816,11.92560911281503,44.995299682422036,11.399947824988306,6.075923883647745,0.0,0.0,0.0,0.0,0.0,model1,15.0,False,6579.0
2193,2015-10-03T08:00:00Z,49.0,173.79189134244038,446.62572796896484,100.2155195388204,40.93700397071666,11.88397296906924,43.81099607243237,11.655990128108082,6.086156335928067,0.0,0.0,0.0,0.0,0.0,model1,15.0,False,6582.0
2194,2015-10-03T11:00:00Z,49.0,170.271986006717,450.4840633492128,100.79394804778936,40.9268395480529,12.63289068770853,47.95363219688966,11.78961286454878,5.795987953473022,0.0,0.0,0.0,0.0,0.0,model1,15.0,False,6585.0
2195,2015-10-03T14:00:00Z,49.0,169.93539919747792,458.30986639394735,100.83664415476913,40.53349477960736,11.663719849213305,54.45217760223032,12.211147760489185,5.457057678012201,0.0,0.0,0.0,0.0,0.0,model1,15.0,False,6588.0
2196,2015-10-03T17:00:00Z,49.0,172.83908834886884,454.1349467732248,101.10337166981807,39.8203775029641,17.71290292227912,54.730463067654846,11.298959839120847,5.497700615656374,0.0,0.0,0.0,0.0,0.0,model1,15.0,False,6591.0
2197,2015-10-03T20:00:00Z,49.0,175.21942673745232,454.6807967055424,100.76386201107614,39.488324343265795,19.347891885289933,51.94082732807085,11.447371498500473,5.028908810032401,0.0,0.0,0.0,0.0,0.0,model1,15.0,False,6594.0
2198,2015-10-03T23:00:00Z,49.0,170.25529904195352,450.48264267354585,101.66348254764392,39.09942712927406,22.110770538155947,54.60344112547418,11.060107180165604,5.707752476586715,0.0,0.0,0.0,0.0,0.0,model1,15.0,False,6597.0
2199,2015-10-04T02:00:00Z,49.0,170.97594409872542,451.5889681938195,100.55589516497677,38.76651647428264,22.41601924546248,53.78427348530158,10.347782749836163,5.854131272759607,0.0,0.0,0.0,0.0,0.0,model1,15.0,False,6600.0
2200,2015-10-04T05:00:00Z,49.0,170.51055634213517,450.1394986036629,100.61985018096556,39.135273230039495,21.88185547517541,52.33370845285757,9.926898078854123,5.7791469487375435,0.0,0.0,0.0,0.0,0.0,model1,15.0,False,6603.0
2201,2015-10-04T08:00:00Z,49.0,171.27002408483827,450.74031904777746,99.50403198887315,39.51906944604409,21.638495685199867,54.45420945313013,9.215413077584467,5.958774701084466,0.0,0.0,0.0,0.0,0.0,model1,15.0,False,6606.0
2202,2015-10-04T11:00:00Z,49.0,173.0389165812629,448.7137620450209,98.47805633545241,39.58371037228749,21.531337143458142,51.86932595882923,8.709820063977721,5.972728209511397,0.0,0.0,0.0,0.0,0.0,model1,15.0,False,6609.0
2203,2015-10-04T14:00:00Z,49.0,172.60424027036754,446.07546052472776,98.31293876300205,39.099383877046684,21.876001727520453,42.34355041540852,8.427029686483884,5.6615016103178,0.0,0.0,0.0,0.0,0.0,model1,15.0,False,6612.0
2204,2015-10-04T17:00:00Z,49.0,168.47035282954417,458.4538448314916,99.42193065351759,39.20656585108213,17.600452753435995,49.8033924246347,8.198425558537044,5.50646810664322,0.0,0.0,0.0,0.0,0.0,model1,15.0,False,6615.0
2205,2015-10-04T20:00:00Z,49.0,164.19066440961103,455.75642182631583,100.83280218084579,39.271086185139,15.052369108498073,53.129645780197706,8.560336789352737,5.4736533599035075,0.0,0.0,0.0,0.0,0.0,model1,15.0,False,6618.0
2206,2015-10-04T23:00:00Z,49.0,168.6803171208104,461.6969482381542,100.44565054738457,40.05635655895537,12.672609933791733,49.226939615601346,8.59300158410145,4.80910523734874,0.0,0.0,0.0,0.0,0.0,model1,15.0,False,6621.0
2207,2015-10-05T02:00:00Z,49.0,168.51908615688046,461.6699384369833,101.75644262781157,39.801608071788564,13.620788687371533,49.3421831039138,9.60588437297798,4.569200844376414,0.0,0.0,0.0,0.0,0.0,model1,15.0,False,6624.0
2208,2015-10-05T05:00:00Z,49.0,168.16783801668277,454.6962394873069,102.19940774302056,39.07504181492418,13.765679713475885,49.06222587942562,9.553392895403123,4.707053282375531,0.0,0.0,0.0,0.0,0.0,model1,15.0,False,6627.0
2209,2015-10-05T08:00:00Z,49.0,167.71219395578944,460.78603937141816,103.33785604554092,38.758996010050566,15.495342162646384,49.44776610079539,9.450439920456926,3.9964466751409513,0.0,0.0,0.0,0.0,0.0,model1,15.0,False,6630.0
2210,2015-10-05T11:00:00Z,49.0,168.27470459769447,456.44995944476716,104.28526987942905,39.26514199303601,14.988985897894572,51.58408522239167,9.128599415164489,4.1819523965801135,0.0,0.0,0.0,0.0,0.0,model1,15.0,False,6633.0
2211,2015-10-05T14:00:00Z,49.0,165.45043759550998,452.35371285306655,103.86894131101481,39.055591001955825,16.548661769632545,55.97398939302389,10.357075320270855,4.160540123621692,0.0,0.0,0.0,0.0,0.0,model1,15.0,False,6636.0
2212,2015-10-05T17:00:00Z,49.0,168.57934627729617,433.4980695040632,103.90137613583856,39.36015657839688,17.740960553887664,51.993105435949104,10.511206288663148,4.4007961848708845,0.0,0.0,0.0,0.0,0.0,model1,15.0,False,6639.0
2213,2015-10-05T20:00:00Z,49.0,170.06123566381297,427.714695995773,103.30802039019844,39.776993842548286,16.74339051022399,53.67420807372827,11.362058350757527,4.797278672635082,0.0,0.0,0.0,0.0,0.0,model1,15.0,False,6642.0
2214,2015-10-05T23:00:00Z,49.0,168.4616001468597,429.80160668465834,103.89556432105331,39.85916203719511,17.811814638178753,55.161488677244215,10.722186334912498,4.2594355667639245,0.0,0.0,0.0,0.0,0.0,model1,15.0,False,6645.0
2215,2015-10-06T02:00:00Z,49.0,167.52663218107597,435.0692019049967,101.77035969683041,39.95849478002762,17.204960194999614,61.051545781873216,10.816944990358,4.032097276221959,0.0,0.0,0.0,0.0,0.0,model1,15.0,False,6648.0
2216,2015-10-06T05:00:00Z,49.0,170.19029157675175,440.27754804677215,100.91891928585518,40.72291667826795,17.705751251727236,59.65428746563376,11.006597073012244,3.8899494631838136,0.0,0.0,0.0,0.0,0.0,model1,15.0,False,6651.0
2217,2015-10-06T08:00:00Z,49.0,170.15686727817922,431.0847520163226,101.01905889639242,40.9060948548844,16.33476416524928,56.34189760767765,10.710896201552623,3.9962454752561447,0.0,0.0,0.0,0.0,0.0,model1,15.0,False,6654.0
2218,2015-10-06T11:00:00Z,49.0,170.67882662055996,433.86155716274527,99.44147311494257,40.662697044075045,17.254259272447342,55.792656293929774,9.938892112982826,3.845438027544596,0.0,0.0,0.0,0.0,0.0,model1,15.0,False,6657.0
2219,2015-10-06T14:00:00Z,49.0,173.17713201114017,438.7163271254496,100.88383271068508,41.03853473095026,15.080173614341314,53.187282200194474,8.586879767291766,3.600014881213205,0.0,0.0,0.0,0.0,0.0,model1,15.0,False,6660.0
2220,2015-10-06T17:00:00Z,49.0,170.10242382203688,443.28290270436594,99.15400545605708,41.02138885330989,14.596435914388909,46.07959850980846,9.93695951557878,3.555397098603661,0.0,0.0,0.0,0.0,0.0,model1,15.0,False,6663.0
2221,2015-10-06T20:00:00Z,49.0,170.56518725660152,453.9028795662325,98.5100118802205,40.32873310484525,14.9216553612259,39.47877436624371,9.540356732240529,3.7239500012973727,0.0,0.0,0.0,0.0,0.0,model1,15.0,False,6666.0
2222,2015-10-06T23:00:00Z,49.0,170.62869151824933,451.50510591121736,96.61429426837624,40.41051128408189,13.961075666966867,36.86650534013626,9.898931877942056,3.735154789654259,0.0,0.0,0.0,0.0,0.0,model1,15.0,False,6669.0
2223,2015-10-07T02:00:00Z,49.0,167.16990905839546,436.2864952665206,97.52336163881823,41.163427630076775,15.463067381582905,38.20824906791077,9.96801682931434,4.15691695879029,0.0,0.0,0.0,0.0,0.0,model1,15.0,False,6672.0
2224,2015-10-07T05:00:00Z,49.0,167.5616244327014,438.4423624098317,97.71351409672907,41.153062107191616,16.193971007087956,40.66004877491221,10.51429251384317,3.79959568807737,0.0,0.0,0.0,0.0,0.0,model1,15.0,False,6675.0
2225,2015-10-07T08:00:00Z,49.0,168.41767854695462,441.7596065006041,96.63607018735053,40.365584317581416,16.439063973657518,44.95702749256979,10.43289918619455,4.0640299782871745,0.0,0.0,0.0,0.0,0.0,model1,15.0,False,6678.0
2226,2015-10-07T11:00:00Z,49.0,166.80309464150562,446.068339965631,97.49716282638435,40.71343937487863,14.730007928481962,47.311761706926795,10.823239776605847,4.510555478284224,0.0,0.0,0.0,0.0,0.0,model1,15.0,False,6681.0
2227,2015-10-07T14:00:00Z,49.0,166.23623045302782,443.35598613647767,97.46914065167164,40.7988680412786,14.53698932758257,47.923160810964575,10.55978517661994,4.586228569469782,0.0,0.0,0.0,0.0,0.0,model1,15.0,False,6684.0
2228,2015-10-07T17:00:00Z,49.0,166.99916417147446,450.2917300378872,99.32015408055565,40.396580207638,15.106670953889669,51.694987087642794,9.616421637299727,4.554421132910921,0.0,0.0,0.0,0.0,0.0,model1,15.0,False,6687.0
2229,2015-10-07T20:00:00Z,49.0,167.75821313226737,447.1951531027879,100.58604852236479,40.960496382943575,14.9845020729471,51.274609802814226,9.544564265275783,4.182480605948525,0.0,0.0,0.0,0.0,0.0,model1,15.0,False,6690.0
2230,2015-10-07T23:00:00Z,49.0,169.5899032196866,444.3594366878669,101.80085752403048,40.53980056823154,15.45315432341057,52.160399803694276,8.737505262123666,4.5473298215841575,0.0,0.0,0.0,0.0,0.0,model1,15.0,False,6693.0
2231,2015-10-08T02:00:00Z,49.0,172.48354383388386,450.70185767924164,101.12000002335031,39.72555592554447,12.39353388836786,45.650388054318036,8.776225617286629,4.11395833364074,0.0,0.0,0.0,0.0,0.0,model1,15.0,False,6696.0
2232,2015-10-08T05:00:00Z,49.0,171.1918537086303,447.79184373026544,101.30862352287072,39.156273148841684,11.742737570791045,45.0552385869054,8.132644058394552,4.369996000556342,0.0,0.0,0.0,0.0,0.0,model1,15.0,False,6699.0
2233,2015-10-08T08:00:00Z,49.0,168.32419443330434,449.0743748186596,100.61757014025623,40.017361379392206,13.144039938797436,40.29002401034114,8.8117588934959,4.4444491447186785,0.0,0.0,0.0,0.0,0.0,model1,15.0,False,6702.0
2234,2015-10-08T11:00:00Z,49.0,166.02892193592137,440.7058503931454,99.485836344189,39.14245103252177,15.234716238634336,38.209842114090414,8.891201804980092,3.982786092720517,0.0,0.0,0.0,0.0,0.0,model1,15.0,False,6705.0
2235,2015-10-08T14:00:00Z,49.0,166.30611793973912,438.16335195604614,97.70437250788635,38.23141476331315,15.60223560454274,53.31122773274853,10.371175597364612,4.601556074920532,0.0,0.0,0.0,0.0,0.0,model1,15.0,False,6708.0
2236,2015-10-08T17:00:00Z,49.0,167.29877265357328,436.77916072446646,96.3008775409589,38.36431633260376,16.46097171853642,50.494444493720636,10.303366642206939,4.630068608547204,0.0,0.0,0.0,0.0,0.0,model1,15.0,False,6711.0
2237,2015-10-08T20:00:00Z,49.0,165.62347881705043,434.9086303699535,94.54208196305484,38.36610074641256,16.303366256995915,52.39764029903928,9.884479939192117,4.630807509195847,0.0,0.0,0.0,0.0,0.0,model1,15.0,False,6714.0
2238,2015-10-08T23:00:00Z,49.0,165.30932550901966,437.77427484257413,96.13366106828188,38.54799017112447,15.846181200900102,54.946377392078226,11.631839036642866,4.579049488984953,0.0,0.0,0.0,0.0,0.0,model1,15.0,False,6717.0
2239,2015-10-09T02:00:00Z,49.0,164.11839164170397,440.8513749465191,96.61798154431696,39.09411936465792,15.886867063670227,62.17575062389406,11.5575321749297,4.992831660174062,0.0,0.0,0.0,0.0,0.0,model1,15.0,False,6720.0
2240,2015-10-09T05:00:00Z,49.0,164.4791088073746,447.5456774705048,97.57982210968454,38.91147646664547,15.997647076815646,64.05855851201488,12.211524345950954,5.3341082000456534,0.0,0.0,0.0,0.0,0.0,model1,15.0,False,6723.0
2241,2015-10-09T08:00:00Z,49.0,170.38863018282655,447.69659945161345,97.76491026303304,38.23391410193864,19.322573136387803,63.37080771921425,12.20401431714932,5.733188279637782,0.0,0.0,0.0,1.0,0.0,model1,15.0,False,6726.0
2242,2015-10-09T11:00:00Z,49.0,172.52701259468998,456.94278337053294,97.93782542602968,38.64052667809728,17.276639790931153,62.708708148583355,12.665854236983645,5.703587582269543,0.0,0.0,0.0,1.0,0.0,model1,15.0,False,6729.0
2243,2015-10-09T14:00:00Z,49.0,172.38900284912273,451.9965672591639,98.78591675237736,39.301321420924346,17.13359430850229,54.83335594244709,11.651635969617553,5.051839001610559,0.0,0.0,0.0,1.0,0.0,model1,15.0,False,6732.0
2244,2015-10-09T17:00:00Z,49.0,172.64320048894612,447.7476877451612,100.13113837274092,39.45290504244978,17.208063225481926,57.17017419174682,11.523216333896098,5.317988793012504,0.0,0.0,0.0,1.0,0.0,model1,15.0,False,6735.0
2245,2015-10-09T20:00:00Z,49.0,175.55802320971748,452.9719960687754,101.95375859356085,39.36147626418029,17.173114418667506,56.13030851683254,10.837875402855131,5.314584808338783,0.0,0.0,0.0,2.0,0.0,model1,15.0,False,6738.0
2246,2015-10-09T23:00:00Z,49.0,175.75878111765408,454.2899051219896,100.14732298617369,40.01796994602147,17.026871802043473,54.95511661776309,9.665520960866994,5.852851661582296,0.0,0.0,0.0,2.0,0.0,model1,15.0,False,6741.0
2247,2015-10-10T02:00:00Z,49.0,180.380054608627,455.0194308007849,100.17883110334694,39.257815530577226,17.326780224603187,49.1581012256511,9.687312481011642,5.890433441190102,0.0,0.0,0.0,2.0,0.0,model1,15.0,False,6744.0
2248,2015-10-10T05:00:00Z,49.0,182.68315570723817,453.40403294956604,99.22455718594169,40.159795905439296,17.87133926602893,50.59489635873489,9.007071080004243,5.40913026675635,0.0,0.0,0.0,2.0,0.0,model1,15.0,False,6747.0
2249,2015-10-10T08:00:00Z,49.0,182.47738203432232,451.2194425079405,100.10494007418372,41.574821641750816,17.29477599956838,50.479891886748064,8.300188287633988,5.623625452949835,0.0,0.0,0.0,1.0,0.0,model1,15.0,False,6750.0
2250,2015-10-10T11:00:00Z,49.0,185.45097299479096,444.1891716228028,100.93872116649878,42.70683263277961,17.71429123474705,52.669897833859174,7.48197385459563,6.592051093011168,0.0,0.0,0.0,1.0,0.0,model1,15.0,False,6753.0
2251,2015-10-10T14:00:00Z,49.0,189.10742432636002,448.7305398584445,102.21964974196787,44.090178691283185,15.91995535197363,50.03832237516104,7.633039534260408,7.028599842740443,0.0,0.0,0.0,1.0,0.0,model1,15.0,False,6756.0
2252,2015-10-10T17:00:00Z,49.0,189.09820018599768,449.20147106399986,102.527798762137,45.36294235088982,14.617692939300301,47.45873213142275,6.867472328470683,7.03527834282515,0.0,0.0,0.0,1.0,0.0,model1,15.0,False,6759.0
2253,2015-10-10T20:00:00Z,49.0,190.37496975864715,451.0606894026729,101.48490725899059,47.10378690345375,14.931990012809045,46.94080679479156,7.345123786842318,7.121088725312755,0.0,0.0,0.0,0.0,0.0,model1,15.0,False,6762.0
2254,2015-10-10T23:00:00Z,49.0,190.85769431447304,447.99846441162424,101.6878128363524,48.16174999526717,14.594867458750567,44.564118797825174,7.244648662095294,6.650574633683161,0.0,0.0,0.0,0.0,0.0,model1,15.0,False,6765.0
2255,2015-10-11T02:00:00Z,49.0,190.44270206611003,444.8999895925164,101.79914694203742,49.93163440991154,14.152648706196599,41.58191699478951,8.452038483211012,5.025641648580593,0.0,0.0,0.0,0.0,0.0,model1,15.0,False,6768.0
2256,2015-10-11T05:00:00Z,49.0,187.0984195231761,439.6611168263972,101.4531364532466,50.96319758113066,15.320877365244725,38.04161060602692,8.589848284776968,4.581499200186982,0.0,0.0,0.0,0.0,0.0,model1,15.0,False,6771.0
2257,2015-10-11T08:00:00Z,49.0,186.63350651987216,443.6757120350818,102.41031813649859,50.9003308186009,17.121825104690586,40.425966578365454,8.635175752864539,4.240701733826539,0.0,0.0,1.0,0.0,1.0,model1,15.0,True,6774.0
2258,2015-10-11T11:00:00Z,49.0,187.29991285757458,448.4278780750675,102.07851830312744,51.13022867009922,16.292641557103344,41.26613547015533,10.108380190685617,4.398067673387558,0.0,0.0,1.0,0.0,1.0,model1,15.0,True,6777.0
2259,2015-10-11T14:00:00Z,49.0,187.8527137072849,458.22829256829925,101.34236722413479,50.82248815959878,15.613564031502733,45.7242589568472,9.624681448547118,4.407587281559072,0.0,0.0,1.0,0.0,1.0,model1,15.0,True,6780.0
2260,2015-10-11T17:00:00Z,49.0,189.6887323599045,459.1669489246236,100.95170467944617,50.968871930831746,15.362056855077725,43.47939436074845,9.836549840966486,4.2893756467587565,0.0,0.0,1.0,0.0,1.0,model1,15.0,True,6783.0
2261,2015-10-11T20:00:00Z,49.0,188.99611071822625,454.8545407414183,100.44671722574695,50.57819534034264,15.47247377296448,42.004464305671576,9.157442629386283,4.164604066750518,0.0,0.0,1.0,0.0,1.0,model1,15.0,True,6786.0
2262,2015-10-11T23:00:00Z,49.0,185.79325623570838,457.3030756459825,99.93337662951755,50.185115416865436,19.054691458458628,41.7039824509024,11.072847311162448,4.7805837633325865,0.0,0.0,1.0,0.0,1.0,model1,15.0,True,6789.0
2263,2015-10-12T02:00:00Z,49.0,181.4604575253233,461.36157369673333,99.10741883369137,50.33011762222976,22.077241772577445,48.25287240790942,10.93941925295229,4.696365213283584,0.0,0.0,1.0,0.0,1.0,model1,15.0,True,6792.0
2264,2015-10-12T05:00:00Z,49.0,181.40192712492058,466.0419703613221,99.33810446922642,50.58319199116556,22.618142419751138,47.64623710759111,10.98381469319018,4.845596794074953,0.0,0.0,1.0,0.0,1.0,model1,15.0,True,6795.0
2265,2015-10-12T08:00:00Z,49.0,177.80583242766437,468.3960770220373,99.02229712822698,49.899203514787466,20.998082451974106,46.67976202578959,10.752572230917737,6.052173942571434,0.0,0.0,0.0,0.0,0.0,model1,15.0,False,6798.0
2266,2015-10-12T11:00:00Z,49.0,176.46933757500992,468.5401213675052,99.73570647109061,48.57058046663673,19.54941521806029,44.506470077805844,10.207925485671984,6.462917134361442,0.0,0.0,0.0,0.0,0.0,model1,15.0,False,6801.0
2267,2015-10-12T14:00:00Z,49.0,174.573388913397,459.6720389333554,99.5147144588623,47.458171030361434,18.566036149967704,47.99054682267625,10.752889485127817,7.291022968042734,0.0,0.0,0.0,0.0,0.0,model1,15.0,False,6804.0
2268,2015-10-12T17:00:00Z,49.0,172.06519953272357,458.5633380093451,98.58998267085272,46.21780893133771,17.266635372641,48.45474286065731,10.789787074129826,7.324640697669206,0.0,0.0,0.0,0.0,0.0,model1,15.0,False,6807.0
2269,2015-10-12T20:00:00Z,49.0,171.44340461011097,453.5007921185041,99.037265171367,45.100797620922464,16.136580903417865,54.99795949789008,10.986823291162684,7.206003436935033,0.0,0.0,0.0,0.0,0.0,model1,15.0,False,6810.0
2270,2015-10-12T23:00:00Z,49.0,171.09327264812282,451.7777592057464,98.74511247088377,44.053497148009654,16.715259418493847,56.59462173780923,10.534764766341468,6.86404592341586,0.0,0.0,0.0,0.0,0.0,model1,15.0,False,6813.0
2271,2015-10-13T02:00:00Z,49.0,173.99877769418046,450.5315042728978,100.43591715268036,42.57237644657589,14.586496890485234,51.20649056408593,10.313645427347145,6.057210572426219,0.0,0.0,0.0,0.0,0.0,model1,15.0,False,6816.0
2272,2015-10-13T05:00:00Z,49.0,172.5212972893938,450.86521150669347,100.5051306814888,40.45796444954153,15.053863701216347,50.27490165883764,10.2345689098824,4.437310635823325,0.0,0.0,0.0,0.0,0.0,model1,15.0,False,6819.0
2273,2015-10-13T08:00:00Z,49.0,172.73799589113875,440.52780126343146,100.22440724076263,40.31716215384632,15.373800608456989,51.380676704298,10.55163482232118,3.7904276391845055,0.0,0.0,0.0,0.0,0.0,model1,15.0,False,6822.0
2274,2015-10-13T11:00:00Z,49.0,171.25273778835518,438.6296960648232,99.00926707509701,39.959629129950606,15.376605560802359,50.346524891688546,10.009663940401687,3.475161810336877,0.0,0.0,0.0,0.0,0.0,model1,15.0,False,6825.0
2275,2015-10-13T14:00:00Z,49.0,171.39400091750468,441.91928156925246,99.77120029539269,40.1134151810251,14.924600575714548,42.974979044060746,9.97424242290337,3.316651649337712,0.0,0.0,0.0,0.0,0.0,model1,15.0,False,6828.0
2276,2015-10-13T17:00:00Z,49.0,172.74668456012924,442.88979568432256,100.88596119667952,40.72368124270083,15.812596579363856,45.93579602332238,9.625826306457446,4.0840801891891685,0.0,0.0,0.0,0.0,0.0,model1,15.0,False,6831.0
2277,2015-10-13T20:00:00Z,49.0,172.57234275274112,453.0921639967901,102.23574714868583,39.79979096549347,16.243903080317505,41.962202562708185,10.240282483496607,4.775168973774801,0.0,0.0,0.0,0.0,0.0,model1,15.0,False,6834.0
2278,2015-10-13T23:00:00Z,49.0,173.58727031661564,455.42905284096395,102.17806334871409,40.55642923607269,15.866985960539925,41.86587519545253,10.254285481890921,5.5160994163505945,0.0,0.0,0.0,0.0,0.0,model1,15.0,False,6837.0
2279,2015-10-14T02:00:00Z,49.0,170.46344481492568,454.9693952617315,99.94368656329632,40.07613493436192,16.59884934045246,43.54167819108939,10.795445463617199,6.179239828654481,0.0,0.0,0.0,0.0,0.0,model1,15.0,False,6840.0
2280,2015-10-14T05:00:00Z,49.0,170.42137118548337,446.14189264226496,99.92698954076909,40.128086061847284,17.018538552796198,45.65190486463933,11.369505294172347,6.167186363444793,0.0,0.0,0.0,0.0,0.0,model1,15.0,False,6843.0
2281,2015-10-14T08:00:00Z,49.0,172.0323439651902,454.3683286794316,99.36585787856151,40.3684847925902,16.760490540874542,47.97132535501841,11.513585141245981,6.300305400652902,0.0,0.0,0.0,0.0,0.0,model1,15.0,False,6846.0
2282,2015-10-14T11:00:00Z,49.0,172.3280526504671,458.2990736875595,100.42343698376452,40.43828985772893,16.209739079410493,48.89296704135771,11.447434768224491,6.541525774634546,0.0,0.0,0.0,0.0,0.0,model1,15.0,False,6849.0
2283,2015-10-14T14:00:00Z,49.0,170.96766878621202,459.44861501617083,100.88779606501068,39.281167540109685,16.97535756808177,49.15271938811244,11.449278289310419,7.226871289200325,0.0,0.0,0.0,0.0,0.0,model1,15.0,False,6852.0
2284,2015-10-14T17:00:00Z,49.0,168.10689094297936,463.20207832424853,101.48025247280222,38.82372822098602,17.415310692603548,49.497465366602476,12.099344226179914,6.763904006803613,0.0,0.0,0.0,0.0,0.0,model1,15.0,False,6855.0
2285,2015-10-14T20:00:00Z,49.0,166.77927026305954,451.81303611342173,100.46690275268145,39.432526906772026,17.767920732607788,56.985689860438306,12.701142813904493,6.373465786665151,0.0,0.0,0.0,0.0,0.0,model1,15.0,False,6858.0
2286,2015-10-14T23:00:00Z,49.0,167.92750934809297,451.567784582861,101.22449759041788,39.450391571598466,17.209772380653938,55.2514492601513,11.478688965842835,6.1529973216926725,0.0,0.0,0.0,0.0,0.0,model1,15.0,False,6861.0
2287,2015-10-15T02:00:00Z,49.0,169.66313895533992,451.2290826227597,103.37403746919728,40.245327185336436,16.331295726779512,53.63018711648942,10.549507487185169,6.326269021880162,0.0,0.0,0.0,0.0,0.0,model1,15.0,False,6864.0
2288,2015-10-15T05:00:00Z,49.0,170.81637724562626,458.06576945073954,103.4501199616213,40.515145381913264,14.987613351043894,50.52019885918749,10.17887471573491,6.135346775336795,0.0,0.0,0.0,0.0,0.0,model1,15.0,False,6867.0
2289,2015-10-15T08:00:00Z,49.0,168.57119185577196,454.9693519254779,103.57686700714993,40.21456604046425,15.030278523989516,44.93772554299671,10.21233207226276,5.906600705013361,0.0,0.0,0.0,0.0,0.0,model1,15.0,False,6870.0
2290,2015-10-15T11:00:00Z,49.0,168.42967165939896,444.4333844161128,102.95702473382894,39.844493204475434,15.830156072914038,51.849851681013135,10.131499932597274,6.766926021401641,0.0,0.0,0.0,0.0,0.0,model1,15.0,False,6873.0
2291,2015-10-15T14:00:00Z,49.0,167.2371868048456,438.0828242999945,101.2127879349704,40.76735745884981,14.728392045210226,57.90445267195554,10.921641602000678,6.073692018935086,0.0,0.0,0.0,0.0,0.0,model1,15.0,False,6876.0
2292,2015-10-15T17:00:00Z,49.0,168.52448377170901,438.77022587285967,101.55721745110014,40.79208453066307,13.366389279162812,62.74429447222805,10.811417207644434,6.150939070475823,0.0,0.0,0.0,0.0,0.0,model1,15.0,False,6879.0
2293,2015-10-15T20:00:00Z,49.0,169.13105778503626,450.377109650752,100.90435990071337,40.64182125846741,11.834720263648482,60.5321168676563,10.439106856273858,6.284229703385947,0.0,0.0,0.0,0.0,0.0,model1,15.0,False,6882.0
2294,2015-10-15T23:00:00Z,49.0,169.3611705739102,454.16951417124716,102.0545369582275,39.744886888959456,12.992405158556766,64.13813372442577,10.752001057335816,5.903155516772282,0.0,0.0,0.0,0.0,0.0,model1,15.0,False,6885.0
2295,2015-10-16T02:00:00Z,49.0,168.89300359398825,457.35748171944283,101.28264558577902,39.89186522563744,13.431402394670027,63.64850684634006,10.976639990754917,5.3283400499269655,0.0,0.0,0.0,0.0,0.0,model1,15.0,False,6888.0
2296,2015-10-16T05:00:00Z,49.0,167.53401295246204,451.2342260429242,100.96251016466007,40.49916782824021,14.893157729070769,65.21089247254798,10.77396713584969,5.6059414268441765,0.0,0.0,0.0,0.0,0.0,model1,15.0,False,6891.0
2297,2015-10-16T08:00:00Z,49.0,170.18795381594958,453.29697398749397,100.1361575243484,40.186897223638134,16.576075143786365,65.40184697792637,11.218004594865857,6.163324745791278,0.0,0.0,0.0,0.0,0.0,model1,15.0,False,6894.0
2298,2015-10-16T11:00:00Z,49.0,170.19148607936208,456.7412578497757,99.86221057314569,40.86436334224352,15.956862617820034,58.78124407545908,11.491746341242006,4.775417209204695,0.0,0.0,0.0,0.0,0.0,model1,15.0,False,6897.0
2299,2015-10-16T14:00:00Z,49.0,169.00392075540032,459.30479024748917,100.27799916371927,40.9228776331479,16.696605409599258,54.860444661738605,10.666160663350418,4.702685003238342,0.0,0.0,0.0,0.0,0.0,model1,15.0,False,6900.0
2300,2015-10-16T17:00:00Z,49.0,168.80507245214275,453.58520432203386,99.87118020652076,39.90904570560747,16.273345986152908,46.81941644533178,10.756366970936256,4.986202271488649,0.0,0.0,0.0,0.0,0.0,model1,15.0,False,6903.0
2301,2015-10-16T20:00:00Z,49.0,167.36388517861747,453.8869294322701,100.66649172133239,39.741481653206456,15.300715606512586,44.73708725657506,10.342243986764108,5.032299541748864,0.0,0.0,0.0,0.0,0.0,model1,15.0,False,6906.0
2302,2015-10-16T23:00:00Z,49.0,167.44955589380987,453.6283599815673,99.37056351083707,39.60392487296274,13.838541089717205,41.35815691657759,9.891090549469334,5.758240376162827,0.0,0.0,0.0,0.0,0.0,model1,15.0,False,6909.0
2303,2015-10-17T02:00:00Z,49.0,166.2925426143564,452.0912837340455,98.71778261281901,39.58497083787607,13.782438596588893,45.161596329039405,9.405781419365002,5.770878579404253,0.0,0.0,0.0,0.0,0.0,model1,15.0,False,6912.0
2304,2015-10-17T05:00:00Z,49.0,168.84806782863376,455.0391571596254,99.55700895499436,38.62843413213732,14.81558095115355,44.77149970848488,9.669500808236457,5.679312751979629,0.0,0.0,0.0,0.0,0.0,model1,15.0,False,6915.0
2305,2015-10-17T08:00:00Z,49.0,165.29793484712266,453.9787971788211,99.74217146771088,38.48043638847087,15.098400141517153,46.187498923923314,8.913539686944127,5.2226686585524655,0.0,0.0,0.0,0.0,0.0,model1,15.0,False,6918.0
2306,2015-10-17T11:00:00Z,49.0,165.04943601466053,458.68818274033316,100.70547847562159,38.17584479922007,15.595313132944787,46.44550544760001,8.809411092321529,5.701643915480738,0.0,0.0,0.0,0.0,0.0,model1,15.0,False,6921.0
2307,2015-10-17T14:00:00Z,49.0,167.3963801453681,455.17689746298487,101.51859957283637,38.525829658968334,15.603737321663337,46.989922409107024,8.823515012795761,5.6817728132417535,0.0,0.0,0.0,0.0,0.0,model1,15.0,False,6924.0
2308,2015-10-17T17:00:00Z,49.0,167.40140113943616,462.4880045815409,101.9089242952822,39.0608404326769,15.76306169113391,48.55309195311803,9.14539385321535,5.558928962605053,0.0,0.0,0.0,0.0,0.0,model1,15.0,False,6927.0
2309,2015-10-17T20:00:00Z,49.0,167.46289639293136,459.2138661396773,101.58105699722591,39.272905348417616,16.041507228388312,48.13523064899179,8.785965472435134,5.6103239045729945,0.0,0.0,0.0,0.0,0.0,model1,15.0,False,6930.0
2310,2015-10-17T23:00:00Z,49.0,165.42082026721022,448.4443274105957,101.60321124590044,39.60844100729725,16.62277798905061,51.82097399808088,9.137414669530518,5.062682919057914,0.0,0.0,0.0,0.0,0.0,model1,15.0,False,6933.0
2311,2015-10-18T02:00:00Z,49.0,167.02921231627272,450.0584520953624,101.44087064323568,39.17129454122559,16.391399786854542,51.527415810786025,9.432183863342505,5.152021658089526,0.0,0.0,0.0,0.0,0.0,model1,15.0,False,6936.0
2312,2015-10-18T05:00:00Z,49.0,167.2945082784915,456.68821488898215,100.04499520334473,39.616092230852864,14.962929338550465,53.355110905474426,10.180572297040015,4.922692106203726,0.0,0.0,0.0,0.0,0.0,model1,15.0,False,6939.0
2313,2015-10-18T08:00:00Z,49.0,170.53838798661687,458.3089720676099,100.72483610927546,40.37094990548757,14.177823180095475,51.581569370685386,9.63289101634835,4.8206077788554715,0.0,0.0,0.0,0.0,0.0,model1,15.0,False,6942.0
2314,2015-10-18T11:00:00Z,49.0,168.9119085011348,455.14782670261513,98.82858711289805,40.46525885873624,14.303096588508115,51.65614837143715,10.590497008643279,4.301295126150064,0.0,0.0,0.0,0.0,0.0,model1,15.0,False,6945.0
2315,2015-10-18T14:00:00Z,49.0,170.31225320449659,466.8401950076752,97.32255101607264,40.075979052888506,14.552174869582972,48.77683122009366,10.693150536909233,4.562864070793264,0.0,0.0,0.0,0.0,0.0,model1,15.0,False,6948.0
2316,2015-10-18T17:00:00Z,49.0,170.87641487832116,463.8909588007251,96.82044512292366,39.88166546680407,14.784740377657402,46.527474030011255,9.482419434291256,4.691266261771792,0.0,0.0,0.0,0.0,0.0,model1,15.0,False,6951.0
2317,2015-10-18T20:00:00Z,49.0,172.26828660224888,468.5680725609732,96.41175152194384,39.998281032367395,15.181084648802535,48.57358538276607,9.282798348169266,4.579819029625192,0.0,0.0,0.0,0.0,0.0,model1,15.0,False,6954.0
2318,2015-10-18T23:00:00Z,49.0,173.58046533005347,477.0669062870393,96.70129989762584,40.29504620572707,13.54035748937024,41.55137338321549,9.087465681382508,5.050405187374682,0.0,0.0,0.0,0.0,0.0,model1,15.0,False,6957.0
2319,2015-10-19T02:00:00Z,49.0,173.29647144148316,472.1543292987269,96.648204082282,39.92408408579964,13.666576259087734,44.77540326295681,9.21603217763845,4.707043308977001,0.0,0.0,0.0,0.0,0.0,model1,15.0,False,6960.0
2320,2015-10-19T05:00:00Z,49.0,169.5714959964157,462.4029428466909,97.09942120934988,39.74461217804554,15.64164280398968,46.668605422025024,9.068222455441106,4.713128207886502,0.0,0.0,0.0,0.0,0.0,model1,15.0,False,6963.0
2321,2015-10-19T08:00:00Z,49.0,167.3381609887058,462.0913492418839,98.207201814325,39.00027601284341,13.486572115463767,47.257075196430996,10.452352963206376,4.754541071609582,0.0,0.0,0.0,0.0,0.0,model1,15.0,False,6966.0
2322,2015-10-19T11:00:00Z,49.0,170.18947590179613,465.04058689783795,99.00707220734031,39.23291061554932,13.028579970125294,44.027069102379215,9.824561032951534,5.109786869106871,0.0,0.0,0.0,0.0,0.0,model1,15.0,False,6969.0
2323,2015-10-19T14:00:00Z,49.0,167.78465697501815,456.0814244527755,99.41027123788952,39.582907133353146,12.030554107949385,43.040228366587314,9.608863213141305,4.979133656639342,0.0,0.0,0.0,0.0,0.0,model1,15.0,False,6972.0
2324,2015-10-19T17:00:00Z,49.0,165.90453019868022,456.7181365906217,98.02983051193092,40.0320891419721,13.580195794845126,45.342653540941114,9.512644532632716,4.889531555257109,0.0,0.0,0.0,0.0,0.0,model1,15.0,False,6975.0
2325,2015-10-19T20:00:00Z,49.0,166.12420029969908,445.2898165273903,98.71229342265798,40.433517220906026,14.459137892855058,43.48048981858874,10.724299060431145,4.9592796246229875,1.0,0.0,0.0,0.0,0.0,model1,15.0,False,6978.0
2326,2015-10-19T23:00:00Z,49.0,166.61830722081078,438.7600425699144,97.81193551063281,40.23881518034965,15.315132435741868,41.76515927509973,10.62035880323382,4.318693229298137,1.0,0.0,0.0,0.0,0.0,model1,15.0,False,6981.0
2327,2015-10-20T02:00:00Z,49.0,164.12250819685346,443.8572634064587,100.18047938737269,40.12151781783578,17.195610523069618,41.634129816692216,11.507647040749516,4.752901469480177,1.0,0.0,0.0,0.0,0.0,model1,15.0,False,6984.0
2328,2015-10-20T05:00:00Z,49.0,165.8198525659376,451.79201461902926,100.84301469717066,40.31185556115265,16.12602874275476,39.86522734856585,11.169051330789847,4.521513707634063,1.0,0.0,0.0,0.0,0.0,model1,15.0,False,6987.0
2329,2015-10-20T08:00:00Z,49.0,167.13149671808762,452.3759656998093,100.70045072600493,40.848505554775855,16.000251855865837,44.13190955379896,10.672787321485117,4.307005804421176,1.0,0.0,0.0,0.0,0.0,model1,15.0,False,6990.0
2330,2015-10-20T11:00:00Z,49.0,166.67812422066385,441.9386969045865,101.64843907513941,40.058856701161226,16.452432192996433,52.31466189045511,10.478451307743107,4.249346407514539,1.0,0.0,0.0,0.0,0.0,model1,15.0,False,6993.0
2331,2015-10-20T14:00:00Z,49.0,169.07152194195262,453.4446355950132,102.6833883172795,39.30267508911008,17.587391920712626,60.37053686493201,10.392176805598512,4.755816988437188,1.0,0.0,0.0,0.0,0.0,model1,15.0,False,6996.0
2332,2015-10-20T17:00:00Z,49.0,173.43806018433273,445.00531410467386,103.63968192448944,38.608667429762356,18.549576337286027,59.798965198691214,9.81944273519006,4.815891740941353,1.0,0.0,0.0,0.0,0.0,model1,15.0,False,6999.0
2333,2015-10-20T20:00:00Z,49.0,172.27627258284957,453.4726840958468,102.9993748455881,38.94283459739796,18.240714045144287,59.09464128053197,8.474500125615377,5.0539126240226135,0.0,0.0,0.0,0.0,0.0,model1,15.0,False,7002.0
2334,2015-10-20T23:00:00Z,49.0,173.39482075514007,456.4058590696097,103.31260715618136,38.937044185701254,17.967026415021515,57.55488651786828,8.397198740588076,5.104612257073571,0.0,0.0,0.0,0.0,0.0,model1,15.0,False,7005.0
2335,2015-10-21T02:00:00Z,49.0,175.57560960552402,447.15477013358634,100.86319291596556,40.38050708011831,15.657206519981338,61.151150352918854,7.944441177951827,5.6336931482363175,0.0,0.0,0.0,0.0,0.0,model1,15.0,False,7008.0
2336,2015-10-21T05:00:00Z,49.0,179.66137765708092,441.41941771189636,101.1537347330041,40.6618172718541,17.037752134094287,62.969859785587644,7.692352428873055,6.041404511215704,0.0,0.0,0.0,0.0,0.0,model1,15.0,False,7011.0
2337,2015-10-21T08:00:00Z,49.0,180.31407330723442,443.86299955007,99.93854790602829,40.3746400780124,17.785529069272524,62.01907311919825,7.310725331433438,5.890830825408461,0.0,0.0,0.0,0.0,0.0,model1,15.0,False,7014.0
2338,2015-10-21T11:00:00Z,49.0,179.33279389208562,459.3993762844339,99.00144271248779,40.65729309287858,17.63602422810186,57.713227702654635,7.531833996672439,5.6472712645660526,0.0,0.0,0.0,0.0,0.0,model1,15.0,False,7017.0
2339,2015-10-21T14:00:00Z,49.0,175.84211906259904,450.0942133128189,98.20697202662943,41.42236434909213,19.27370137197419,48.95803301192298,7.213915483209775,5.100133054566552,0.0,0.0,0.0,0.0,0.0,model1,15.0,False,7020.0
2340,2015-10-21T17:00:00Z,49.0,173.33569403937318,460.1102214798874,97.54910909890371,41.458961831156934,16.910442203325147,48.49999668619957,7.138874477055878,4.9981468964631794,0.0,0.0,0.0,0.0,0.0,model1,15.0,False,7023.0
2341,2015-10-21T20:00:00Z,49.0,172.8723832585717,455.19357090533975,98.17858719276168,40.792950755665366,16.345816386040095,47.69306616997146,7.534828375420612,4.787039992264285,0.0,0.0,0.0,0.0,0.0,model1,15.0,False,7026.0
2342,2015-10-21T23:00:00Z,49.0,172.02322647243614,454.1234313447725,98.77637656767864,40.781229162452284,16.22419175992307,50.564486376536685,8.687031280257141,4.729147165532588,0.0,0.0,0.0,0.0,0.0,model1,15.0,False,7029.0
2343,2015-10-22T02:00:00Z,49.0,172.8932915493098,461.6383107228593,99.42453856161396,39.675182424252256,15.21094148954509,45.234186467812265,8.47206817301783,3.657490698235732,0.0,0.0,0.0,0.0,0.0,model1,15.0,False,7032.0
2344,2015-10-22T05:00:00Z,49.0,169.64673125800437,469.5231425351629,99.00318670351419,39.376259203255955,10.958402879329348,40.587164384360506,9.293221873059137,2.79244891750564,0.0,0.0,0.0,0.0,0.0,model1,15.0,False,7035.0
2345,2015-10-22T08:00:00Z,49.0,167.9542307638266,466.1182043355957,100.5585460636306,39.1950792361881,9.025373187476252,41.6300639406316,9.858541698113614,3.4276646686921826,0.0,0.0,0.0,0.0,0.0,model1,15.0,False,7038.0
2346,2015-10-22T11:00:00Z,49.0,167.62568080942845,466.5459497545553,100.209077385893,39.36165471622278,8.891379408434144,44.70196295110346,9.329228664046086,3.6785539341242486,0.0,0.0,0.0,0.0,0.0,model1,15.0,False,7041.0
2347,2015-10-22T14:00:00Z,49.0,170.21279479821266,472.0205303673024,101.59881689699831,39.31107913120711,8.373155957221195,45.49384494595315,9.287871105533515,3.6008973751461917,0.0,0.0,0.0,0.0,0.0,model1,15.0,False,7044.0
2348,2015-10-22T17:00:00Z,49.0,167.30917367892297,452.3937148444965,101.37626471736988,39.96352174606682,10.742784573202766,66.18912026717912,9.365080385718588,3.780699166429788,0.0,0.0,0.0,0.0,0.0,model1,15.0,False,7047.0
2349,2015-10-22T20:00:00Z,49.0,165.82361444725692,443.05475944380515,99.83242865916479,40.538903176755795,11.264597703576806,77.45768588635055,11.17396241163,4.118951425569897,0.0,0.0,0.0,0.0,0.0,model1,15.0,False,7050.0
2350,2015-10-22T23:00:00Z,49.0,166.34170865352954,432.74228536905053,100.70639937899523,40.34441513225739,12.331898617560991,86.94720549967415,10.772666247555485,4.158052795526482,0.0,0.0,0.0,0.0,0.0,model1,15.0,False,7053.0
2351,2015-10-23T02:00:00Z,49.0,167.3787181806039,420.1485279914173,100.06794598561436,40.28559936967597,13.332129037662563,86.75447236840702,11.338446256470098,4.854525462837577,0.0,0.0,0.0,0.0,0.0,model1,15.0,False,7056.0
2352,2015-10-23T05:00:00Z,49.0,167.84431938912311,400.5312713536488,99.943239220143,40.74276825181428,14.125533496912219,87.20697650964445,11.109469242633562,5.0303071936234485,0.0,0.0,0.0,0.0,0.0,model1,15.0,False,7059.0
2353,2015-10-23T08:00:00Z,49.0,169.03779976626763,381.8043151223588,99.99726480953969,41.43406141147123,15.462238094723086,87.82434677976048,11.009336969615596,5.000086144545943,0.0,0.0,0.0,0.0,0.0,model1,15.0,False,7062.0
2354,2015-10-23T11:00:00Z,49.0,168.27871858785954,364.2579827192814,100.37126224752821,41.84649821502353,15.869961897757664,72.04707058142517,11.089936051596656,5.035100388288184,0.0,0.0,0.0,0.0,0.0,model1,15.0,False,7065.0
2355,2015-10-23T14:00:00Z,49.0,166.31558443590853,347.1783068790548,100.2159080007694,41.79459775040277,15.231318356967881,53.53546429125061,11.32249668701828,5.081762278336534,0.0,0.0,0.0,0.0,0.0,model1,15.0,False,7068.0
2356,2015-10-23T17:00:00Z,49.0,169.42119586229796,353.2287438707062,99.70875586517998,42.042955760484794,17.461365616814483,60.08661343850694,11.730831697226751,4.832948434494242,0.0,0.0,0.0,0.0,0.0,model1,15.0,False,7071.0
2357,2015-10-23T20:00:00Z,49.0,171.7972799415811,356.7113597813233,100.880060627214,42.02199369978093,17.148682692112686,56.90470190669932,11.026894869993978,5.142771582321196,0.0,0.0,0.0,0.0,0.0,model1,15.0,False,7074.0
2358,2015-10-23T23:00:00Z,49.0,170.2875619276342,359.7140302484042,99.89316731714528,41.635885477151945,17.02816344726777,50.868443485712994,10.686058202776174,5.446375691086818,0.0,0.0,0.0,0.0,0.0,model1,15.0,False,7077.0
2359,2015-10-24T02:00:00Z,49.0,169.00365287512003,365.0589159907887,100.13335679535601,41.93338936230418,17.01397259598606,53.6239888086838,10.22079931965709,5.030665571529524,0.0,0.0,0.0,0.0,0.0,model1,15.0,False,7080.0
2360,2015-10-24T05:00:00Z,49.0,167.86285271751498,374.6220407149821,99.38335233887086,41.863159076294274,16.679062930284093,53.43464623153528,9.928396957772572,4.924518147904495,0.0,0.0,0.0,0.0,0.0,model1,15.0,False,7083.0
2361,2015-10-24T08:00:00Z,49.0,168.9148392204671,373.7608510910025,98.30681590102456,41.88922923583063,15.951011225908992,58.530205712528975,9.437794810131773,4.629856118214523,0.0,0.0,0.0,0.0,0.0,model1,15.0,False,7086.0
2362,2015-10-24T11:00:00Z,49.0,170.00060497056768,367.3927479565316,98.97182722525642,41.64617919370242,15.680929119936811,61.94162407044252,9.403011277917454,4.389049272584357,0.0,0.0,0.0,0.0,0.0,model1,15.0,False,7089.0
2363,2015-10-24T14:00:00Z,49.0,171.90072415737663,367.5670122297953,98.43640617844216,41.19621032802852,15.18844312513513,62.055734147639036,8.305117658085633,4.523654748612328,0.0,0.0,0.0,0.0,0.0,model1,15.0,False,7092.0
2364,2015-10-24T17:00:00Z,49.0,170.0252239013453,370.2168751668229,99.71397514877796,40.0346632003299,12.289987652933908,56.134766321358406,7.566960525423187,4.976829403139684,0.0,0.0,0.0,0.0,0.0,model1,15.0,False,7095.0
2365,2015-10-24T20:00:00Z,49.0,169.65852922627462,374.1645913462745,99.62975606424452,39.48802449368682,12.992019433084142,57.77129878070082,6.085764398312103,4.952191745991219,0.0,0.0,0.0,0.0,0.0,model1,15.0,False,7098.0
2366,2015-10-24T23:00:00Z,49.0,170.1945921547456,382.706557801323,98.2316861729542,39.312535423924345,13.456367434914869,69.9082417914795,6.872465574503143,5.095451405874573,0.0,0.0,0.0,0.0,0.0,model1,15.0,False,7101.0
2367,2015-10-25T02:00:00Z,49.0,169.7858387087464,388.5243193144205,98.32254767716736,38.90850500409983,13.061099933476124,74.40062133957,6.6041249578392245,4.760565501793339,0.0,0.0,0.0,0.0,0.0,model1,15.0,False,7104.0
2368,2015-10-25T05:00:00Z,49.0,169.61514206454402,390.5799106995538,100.04706303400214,38.97220339917399,13.770011381312573,74.99466596525136,7.425836722047768,4.934199526592715,0.0,0.0,0.0,0.0,0.0,model1,15.0,False,7107.0
2369,2015-10-25T08:00:00Z,49.0,168.53813986653697,407.6869390411361,99.98289043751556,37.944703628654295,13.548370660577163,65.01807128556004,7.063488647705403,4.88543508777693,0.0,0.0,0.0,0.0,0.0,model1,15.0,False,7110.0
2370,2015-10-25T11:00:00Z,49.0,169.80652261378555,423.0198432361927,100.03530166589847,38.54687096176394,14.993480910367625,61.71739229410962,7.073015489446773,5.629842262825798,0.0,0.0,0.0,0.0,0.0,model1,15.0,False,7113.0
2371,2015-10-25T14:00:00Z,49.0,169.50587826853442,432.52644539746666,100.50098088755232,39.203413490691815,17.043891122348963,54.56806235871785,7.955669055806945,5.7197275691640135,0.0,0.0,0.0,0.0,0.0,model1,15.0,False,7116.0
2372,2015-10-25T17:00:00Z,49.0,169.4157346406446,433.44027313559417,98.89578168916536,40.097624442546795,16.679616657828287,53.10426463186744,8.871897349435955,5.329052132850078,0.0,0.0,0.0,0.0,0.0,model1,15.0,False,7119.0
2373,2015-10-25T20:00:00Z,49.0,168.35604020637277,441.21461906411866,99.942011764507,40.079433006787745,15.75471706841146,58.12152779785744,9.360336874294148,5.174877322802031,0.0,0.0,0.0,0.0,0.0,model1,15.0,False,7122.0
2374,2015-10-25T23:00:00Z,49.0,168.14299404710496,445.9461993318846,100.26043133678681,40.82817409289997,15.299056053176635,48.81852546532949,9.108554616689748,4.819227995359795,0.0,0.0,0.0,0.0,0.0,model1,15.0,False,7125.0
2375,2015-10-26T02:00:00Z,49.0,167.69212623973587,445.0440397587707,100.26249837581044,40.57346233512449,15.483516577249913,49.2773325262086,9.30707938497218,4.999648790962494,0.0,0.0,0.0,0.0,0.0,model1,15.0,False,7128.0
2376,2015-10-26T05:00:00Z,49.0,167.54124228482058,450.85334410208844,98.79634690213369,39.80786408444303,15.036558109857351,49.48806983924897,8.76256115106167,5.345564799071504,0.0,0.0,0.0,0.0,0.0,model1,15.0,False,7131.0
2377,2015-10-26T08:00:00Z,49.0,166.64020924480855,457.4926562387458,99.90596616171207,40.963069113946084,15.518724939685681,52.43045099711528,9.865640136770855,5.1693043713468425,0.0,0.0,0.0,0.0,0.0,model1,15.0,False,7134.0
2378,2015-10-26T11:00:00Z,49.0,165.22754087484475,465.5384143856798,98.60382285782516,40.27334656684946,15.388545437746728,44.566667933779705,10.35172170441793,4.576091563143676,0.0,0.0,0.0,0.0,0.0,model1,15.0,False,7137.0
2379,2015-10-26T14:00:00Z,49.0,165.6319665329705,464.4953049597412,98.75056419941004,39.7842465552165,13.366340675846748,47.30413988532329,9.967390388568672,4.8381133825376965,0.0,0.0,0.0,0.0,0.0,model1,15.0,False,7140.0
2380,2015-10-26T17:00:00Z,49.0,168.7778170584054,470.38921756624535,100.46034086940969,39.47481796035353,14.408093825331221,45.854204872471705,9.317414337444117,5.101448284579304,0.0,0.0,0.0,0.0,0.0,model1,15.0,False,7143.0
2381,2015-10-26T20:00:00Z,49.0,167.02663180001954,463.5619384149103,99.62999756579958,39.931402056811756,17.12863300162747,43.52628291784038,8.942400605573017,4.876149583219673,0.0,0.0,0.0,0.0,0.0,model1,15.0,False,7146.0
2382,2015-10-26T23:00:00Z,49.0,168.21463671873443,460.197085334917,100.31217585201763,39.16158813229667,17.288746972936796,44.99980018584553,8.92695601744802,5.115792814234344,0.0,0.0,0.0,0.0,0.0,model1,15.0,False,7149.0
2383,2015-10-27T02:00:00Z,49.0,169.94756186393462,455.10676623776436,100.89139236570487,39.95155262825649,19.237321472764762,46.82490792772186,8.640388885601128,5.077971785206298,0.0,0.0,0.0,0.0,0.0,model1,15.0,False,7152.0
2384,2015-10-27T05:00:00Z,49.0,170.94570137366063,453.7975805044695,101.55556541065164,40.25761010571136,19.95076444588798,45.696451627664736,8.107272355591395,4.696030619178537,0.0,0.0,0.0,0.0,0.0,model1,15.0,False,7155.0
2385,2015-10-27T08:00:00Z,49.0,173.15734402016656,444.5627081830439,99.6258425745273,39.32119652675117,20.492494669732398,42.363049737295015,8.071446181779223,4.231022509815556,0.0,0.0,0.0,0.0,0.0,model1,15.0,False,7158.0
2386,2015-10-27T11:00:00Z,49.0,173.00558787620258,434.73165481423655,99.40668508999926,39.63399290052217,19.20410245337521,36.18375824026025,7.605042697531411,4.435557731305061,0.0,0.0,0.0,0.0,0.0,model1,15.0,False,7161.0
2387,2015-10-27T14:00:00Z,49.0,172.20127060178982,442.61142076799086,98.26242328737592,39.7131992967596,19.483304444664537,39.331466247200545,8.252445074059944,4.235327756946686,0.0,0.0,0.0,0.0,0.0,model1,15.0,False,7164.0
2388,2015-10-27T17:00:00Z,49.0,170.56015253127953,437.73807161466806,97.20290745887716,40.07435158937817,18.86707066307802,44.77704218606343,9.184765526594477,4.119599024038089,0.0,0.0,0.0,0.0,0.0,model1,15.0,False,7167.0
2389,2015-10-27T20:00:00Z,49.0,173.5399885107296,435.08639876836503,98.27786763511051,39.89040541384734,16.011299761130907,48.551821108477405,10.580222790674577,4.403838277538527,0.0,0.0,0.0,0.0,0.0,model1,15.0,False,7170.0
2390,2015-10-27T23:00:00Z,49.0,172.30299349704623,437.50852932632284,98.69664922078829,40.44568321068946,15.61079141170541,48.292742821910274,10.401227170842027,3.9505341699882286,0.0,0.0,0.0,0.0,0.0,model1,15.0,False,7173.0
2391,2015-10-28T02:00:00Z,49.0,171.16339095693246,447.753133979712,98.11462009843977,39.836551132720814,13.263251534695945,49.71511772250902,10.369146132901523,4.255939398165271,0.0,0.0,0.0,0.0,0.0,model1,15.0,False,7176.0
2392,2015-10-28T05:00:00Z,49.0,171.25777937756604,445.98747365421394,99.034469501016,39.96431703682892,12.352345128401597,52.48240855138858,10.992476253796994,4.096677875314331,0.0,0.0,0.0,0.0,0.0,model1,15.0,False,7179.0
2393,2015-10-28T08:00:00Z,49.0,170.11288779888133,451.1060315432108,99.5682083679585,40.210296309298506,9.979809257521763,51.02162485979513,10.805826208400786,4.223272286161827,0.0,0.0,0.0,0.0,0.0,model1,15.0,False,7182.0
2394,2015-10-28T11:00:00Z,49.0,171.87358831203164,448.7164764320058,99.8241527452223,39.78959168954053,10.384987857595503,53.00313532060833,10.687887567227056,4.051745031672059,0.0,0.0,0.0,0.0,0.0,model1,15.0,False,7185.0
2395,2015-10-28T14:00:00Z,49.0,173.00848713167122,447.607912248659,100.46257537684296,40.13321273031184,12.95160154453861,52.04560387250357,9.936786512698607,4.561308705235839,0.0,0.0,0.0,0.0,0.0,model1,15.0,False,7188.0
2396,2015-10-28T17:00:00Z,49.0,172.4343385373098,448.919865070077,101.46062482955178,39.87780861302598,13.58978060515041,50.774028234725314,8.825872908578988,5.404850738241885,0.0,0.0,0.0,0.0,0.0,model1,15.0,False,7191.0
2397,2015-10-28T20:00:00Z,49.0,172.41890747538125,453.0915537699328,99.77813405254057,40.429654386118976,13.553561842976976,51.94101907688943,7.425201326607751,6.160717874317131,0.0,0.0,0.0,0.0,0.0,model1,15.0,False,7194.0
2398,2015-10-28T23:00:00Z,49.0,174.91842963534737,443.3320237970414,100.21362963436006,40.96384684953276,15.454248013499697,55.5419490696329,7.094871099094258,6.959684789522525,0.0,0.0,0.0,0.0,0.0,model1,15.0,False,7197.0
2399,2015-10-29T02:00:00Z,49.0,174.7907473791946,438.24121599272405,101.1890621055402,41.43917025990878,15.325929908110169,54.959914617888145,7.458719855200098,7.340696441054858,0.0,0.0,0.0,0.0,0.0,model1,15.0,False,7200.0
2400,2015-10-29T05:00:00Z,49.0,174.29846703995312,435.33504397153837,100.19504538912534,42.476287934926546,15.191700216574276,53.35402421605561,7.827267444687692,7.632807129273165,0.0,0.0,0.0,0.0,0.0,model1,15.0,False,7203.0
2401,2015-10-29T08:00:00Z,49.0,174.18149837980567,430.0741047574653,99.5224391418604,43.159650341020715,15.550895599338224,53.02447358537141,8.222103454289579,7.695576384493567,0.0,0.0,0.0,0.0,0.0,model1,15.0,False,7206.0
2402,2015-10-29T11:00:00Z,49.0,172.37034674729333,432.1472672532891,100.95596301377415,43.700783241328246,15.728594671891456,52.65968657856504,8.166395194187443,7.515956563845277,0.0,0.0,0.0,0.0,0.0,model1,15.0,False,7209.0
2403,2015-10-29T14:00:00Z,49.0,173.09257089633525,434.35193355414896,100.96504654573006,43.39789770688695,13.817624278363828,53.962394433643894,8.012760958134729,7.296957105290946,0.0,0.0,0.0,0.0,0.0,model1,15.0,False,7212.0
2404,2015-10-29T17:00:00Z,49.0,173.70190864518474,436.3749454135303,100.10554269835464,43.3175457147696,13.666212596113818,47.74169419888897,8.158774048555522,6.881394821557223,0.0,0.0,0.0,0.0,0.0,model1,15.0,False,7215.0
2405,2015-10-29T20:00:00Z,49.0,172.78044950509602,438.55645016387604,100.64739997542699,42.80028982473368,13.923338324401461,42.65370206802701,8.999986334355876,6.3967691137931615,0.0,0.0,0.0,0.0,0.0,model1,15.0,False,7218.0
2406,2015-10-29T23:00:00Z,49.0,169.43955795810092,439.4535011272475,98.8265862630052,42.836838645856325,12.69493848737592,45.5910534917797,10.055385347555339,5.625681880638366,0.0,0.0,0.0,0.0,0.0,model1,15.0,False,7221.0
2407,2015-10-30T02:00:00Z,49.0,170.08044515822658,433.21891852403814,97.53676716591364,41.848937180468674,12.591779006944964,48.04132951994043,9.925292122712225,6.243833999992808,0.0,0.0,0.0,0.0,0.0,model1,15.0,False,7224.0
2408,2015-10-30T05:00:00Z,49.0,173.0724449983181,434.7753960949163,97.44034363386852,40.35226717659642,13.675295593602328,50.1753934090331,9.169778953054095,5.912291808772813,0.0,0.0,0.0,0.0,0.0,model1,15.0,False,7227.0
2409,2015-10-30T08:00:00Z,49.0,171.01041730566905,439.9041611352764,98.6885882914646,39.99792064835379,14.608228544806625,54.382228887733724,8.492121384822452,5.400927497870886,0.0,0.0,0.0,0.0,0.0,model1,15.0,False,7230.0
2410,2015-10-30T11:00:00Z,49.0,171.6946975880816,446.8322007396899,98.12645168687551,39.840111387235716,15.754233743888905,54.544033641927086,8.586073284227473,5.3658371966164715,0.0,0.0,0.0,0.0,0.0,model1,15.0,False,7233.0
2411,2015-10-30T14:00:00Z,49.0,169.65549576995076,433.0722820824198,97.78931109900827,39.452024368313545,16.937578759325515,64.30088735667731,8.464726090144687,5.5080924833558225,0.0,0.0,0.0,0.0,0.0,model1,15.0,False,7236.0
2412,2015-10-30T17:00:00Z,49.0,170.35390498680675,432.6093841825486,98.03447419813948,39.69787068079321,18.490094960095718,64.64306651156943,8.981637912470319,5.209348699737563,0.0,0.0,0.0,0.0,0.0,model1,15.0,False,7239.0
2413,2015-10-30T20:00:00Z,49.0,170.90524760656,423.2203931037027,97.86758498256157,39.40797535571088,18.228135537051152,66.47013043762755,8.253952454696824,4.919790110625288,0.0,0.0,0.0,0.0,0.0,model1,15.0,False,7242.0
2414,2015-10-30T23:00:00Z,49.0,171.70368635097245,430.39795669414735,98.49575882479141,40.02680945320599,19.430650527193254,63.91692295862993,7.1706895362537,5.824917233536621,0.0,0.0,0.0,0.0,0.0,model1,15.0,False,7245.0
2415,2015-10-31T02:00:00Z,49.0,171.4588235136986,434.40811762445946,99.18056094381909,40.39913697161129,19.25242025758941,61.49078180333797,7.721807895019814,5.172813086175398,0.0,0.0,0.0,0.0,0.0,model1,15.0,False,7248.0
2416,2015-10-31T05:00:00Z,49.0,166.97344484552684,444.5530590327079,99.76052379264112,40.65793264676651,18.49972995131132,68.07541839180006,8.036393940707947,5.021335625599127,0.0,0.0,0.0,0.0,0.0,model1,15.0,False,7251.0
2417,2015-10-31T08:00:00Z,49.0,168.47555688645838,441.3898639108307,99.17896831997177,40.53958693663541,17.69167756913154,64.63217333004397,8.650764223418934,5.1426367521107315,0.0,0.0,0.0,0.0,0.0,model1,15.0,False,7254.0
2418,2015-10-31T11:00:00Z,49.0,168.62157800515462,436.226994829186,98.2055888082035,40.49915470345093,17.00419156961933,62.73777433047136,8.247302564542068,5.056350687558911,0.0,0.0,0.0,0.0,0.0,model1,15.0,False,7257.0
2419,2015-10-31T14:00:00Z,49.0,169.70602656090432,443.71904216791467,97.69481640857937,41.34360540468956,16.126558146572552,48.76156217359557,8.650055484742866,4.819680038075036,0.0,0.0,0.0,0.0,0.0,model1,15.0,False,7260.0
2420,2015-10-31T17:00:00Z,49.0,170.28773105947366,437.9292810368933,97.69297612396568,40.71915800791126,14.753317038839086,54.47946069411012,8.179493938352481,5.368896130903148,0.0,0.0,0.0,0.0,0.0,model1,15.0,False,7263.0
2421,2015-10-31T20:00:00Z,49.0,170.27718140215316,448.29108847649695,96.90722981783146,40.564860020807,14.659217216883235,50.119403424996776,9.570508495285981,5.739563771807224,0.0,0.0,0.0,0.0,0.0,model1,15.0,False,7266.0
2422,2015-10-31T23:00:00Z,49.0,169.10754111935674,443.4911073637883,97.51291998300249,38.58201246694307,12.104083189155038,50.533465691586606,9.931827876349908,5.053530305450732,0.0,0.0,0.0,0.0,0.0,model1,15.0,False,7269.0
2423,2015-11-01T02:00:00Z,49.0,168.42901035472818,446.4498803752285,97.86174671389676,39.22557320427715,12.46515043805107,49.164427944435644,9.204549289753107,5.036003965000685,0.0,0.0,0.0,0.0,0.0,model1,15.0,False,7272.0
2424,2015-11-01T05:00:00Z,49.0,169.986653803916,434.80444644813286,97.38164229279812,38.939995917147186,11.564684913372036,39.89340755481896,8.97557735453545,5.222055446764479,0.0,0.0,0.0,0.0,0.0,model1,15.0,False,7275.0
2425,2015-11-01T08:00:00Z,49.0,169.0089475752349,435.78638145689087,98.47505391601295,38.833158095448255,12.307212700533855,41.7805868924139,8.819023173577321,5.149940426838953,0.0,0.0,0.0,0.0,0.0,model1,15.0,False,7278.0
2426,2015-11-01T11:00:00Z,49.0,170.18586127253866,436.5563590803857,100.49768071806083,38.91165650112086,12.685361315992033,44.009102311752,10.486120968675987,5.4785299842156485,0.0,0.0,0.0,0.0,0.0,model1,15.0,False,7281.0
2427,2015-11-01T14:00:00Z,49.0,169.4056087566379,435.237050083481,99.72747222440022,38.04743005248336,12.715327131891625,48.13618253831109,11.369870788806589,5.469120282925795,0.0,0.0,0.0,0.0,0.0,model1,15.0,False,7284.0
2428,2015-11-01T17:00:00Z,49.0,168.93042257850755,440.2886507596843,100.66157495368972,39.04389128203813,12.120968531287104,44.65013282134442,11.405928416227276,5.577220451260425,0.0,0.0,0.0,0.0,0.0,model1,15.0,False,7287.0
2429,2015-11-01T20:00:00Z,49.0,167.43860907771426,437.6961658913893,101.77543688062826,38.95011207242523,13.352922326711116,43.39075211136901,9.84605469327966,5.1298543155758,0.0,0.0,0.0,0.0,0.0,model1,15.0,False,7290.0
2430,2015-11-01T23:00:00Z,49.0,166.92730027345792,443.4908492015594,102.87406222550092,39.987247571278864,14.194006888043704,43.67306584033046,9.797736913169404,5.554135618368451,0.0,0.0,0.0,0.0,0.0,model1,15.0,False,7293.0
2431,2015-11-02T02:00:00Z,49.0,167.25392827868814,439.6917840819291,102.26942829776225,39.996534703837966,14.197483063127,46.019236062049465,11.033807330146313,5.295343445090995,0.0,0.0,0.0,0.0,0.0,model1,15.0,False,7296.0
2432,2015-11-02T05:00:00Z,49.0,168.04048378011458,434.4728167609487,101.18179086164265,40.50011958381361,14.188314875434651,49.22906538735752,11.88288892787854,5.056478782960372,0.0,0.0,0.0,0.0,0.0,model1,15.0,False,7299.0
2433,2015-11-02T08:00:00Z,49.0,169.18332080881896,432.57194908937953,101.62481981908444,40.77147978184011,15.409961316814382,48.795672356049536,12.878406519862342,4.976683548867289,0.0,0.0,0.0,0.0,0.0,model1,15.0,False,7302.0
2434,2015-11-02T11:00:00Z,49.0,167.01760114003312,433.37353267934446,101.0813995044072,39.808840088399464,15.131464890557707,47.055130509210436,11.654083621364315,4.976771262375006,0.0,0.0,0.0,0.0,0.0,model1,15.0,False,7305.0
2435,2015-11-02T14:00:00Z,49.0,165.63911299195362,433.4183192296023,102.41921511512972,40.34347342415415,14.387047635751262,47.296112578416135,10.727058550317523,4.8705070474025,0.0,0.0,0.0,0.0,0.0,model1,15.0,False,7308.0
2436,2015-11-02T17:00:00Z,49.0,163.8450687244027,435.5553031193258,101.30035083587211,40.11431844054096,13.760950617681095,46.18777501122264,10.580346494914576,4.9498585077243495,0.0,0.0,0.0,0.0,0.0,model1,15.0,False,7311.0
2437,2015-11-02T20:00:00Z,49.0,165.54244650035616,429.64595726138253,99.33896154519022,40.26847700351831,13.392281373950413,46.02019415761528,11.682060419510277,5.013524715008158,0.0,0.0,0.0,0.0,0.0,model1,15.0,False,7314.0
2438,2015-11-02T23:00:00Z,49.0,167.0164474819893,431.6919337493736,98.35022211677143,40.286760183167736,12.328250378659925,51.74640283046511,11.096682157351008,4.287390538986326,0.0,0.0,0.0,0.0,0.0,model1,15.0,False,7317.0
2439,2015-11-03T02:00:00Z,49.0,166.4697002117206,435.163065428673,98.93195261285801,40.23027461000619,12.222404525693586,51.51904906167241,10.075985488516164,5.100607927119492,0.0,0.0,0.0,0.0,0.0,model1,15.0,False,7320.0
2440,2015-11-03T05:00:00Z,49.0,166.28938213025802,444.26513084996856,100.85207926077793,41.14057309968952,12.672021037991133,46.72425073817999,9.849212873430574,5.794261855470189,0.0,0.0,0.0,0.0,0.0,model1,15.0,False,7323.0
2441,2015-11-03T08:00:00Z,49.0,165.6231312487225,447.37312304185616,99.34288714910493,40.81179109189832,11.011106927468807,44.280146792914266,8.373979937550526,5.914131069708732,0.0,0.0,0.0,0.0,0.0,model1,15.0,False,7326.0
2442,2015-11-03T11:00:00Z,49.0,166.0385645189063,453.0981992151307,97.82567974599378,41.88668976334305,11.421740223435311,50.50158411620134,8.243250736108461,6.031210367599722,0.0,0.0,0.0,0.0,0.0,model1,15.0,False,7329.0
2443,2015-11-03T14:00:00Z,49.0,167.82864224371255,452.83362951416376,97.40970031621583,41.346930733936155,11.550692313530345,49.372518479680096,7.730194444123317,6.1449138044807645,0.0,0.0,0.0,0.0,0.0,model1,15.0,False,7332.0
2444,2015-11-03T17:00:00Z,49.0,168.4380679664601,445.7427566457496,98.32854023021234,40.975586244937226,11.535094134394527,53.413882678986084,8.33024082971785,6.33343780677639,0.0,0.0,0.0,0.0,0.0,model1,15.0,False,7335.0
2445,2015-11-03T20:00:00Z,49.0,168.06385493971953,459.90299970387167,98.04083413351104,40.68623273056424,11.432391510574028,55.32903433230175,8.541119884297549,6.405177467946419,0.0,0.0,0.0,0.0,0.0,model1,15.0,False,7338.0
2446,2015-11-03T23:00:00Z,49.0,166.93294242993068,449.2823835217799,98.64172608746513,40.16507930709054,12.102725394043775,57.466945255338715,8.696505172270896,6.860290414636108,0.0,0.0,0.0,0.0,0.0,model1,15.0,False,7341.0
2447,2015-11-04T02:00:00Z,49.0,168.22092195702828,445.4021487458995,98.84939871166776,39.425327782771575,12.011450786948187,58.58656463446829,8.849124372920745,6.398398120053649,0.0,0.0,0.0,0.0,0.0,model1,15.0,False,7344.0
2448,2015-11-04T05:00:00Z,49.0,166.5397458166965,444.45829122180055,97.48105418809608,38.7388954353213,11.672307188493946,57.022698478972025,8.067373583491834,5.537157688608606,0.0,0.0,0.0,0.0,0.0,model1,15.0,False,7347.0
2449,2015-11-04T08:00:00Z,49.0,165.8140804651913,444.86943333061475,97.0414555525623,38.57056085677764,11.47391976604665,60.32812703535979,8.345566696432211,5.38367597908867,0.0,0.0,0.0,0.0,0.0,model1,15.0,False,7350.0
2450,2015-11-04T11:00:00Z,49.0,168.29370802910347,435.6962405250068,97.39692919556644,37.761970622411866,12.400469231878487,55.06441413226604,9.365516707801383,4.439367196299531,0.0,0.0,0.0,0.0,0.0,model1,15.0,False,7353.0
2451,2015-11-04T14:00:00Z,49.0,168.4235462143594,439.1706085193123,98.79622718274996,38.04743007602855,12.314035084794387,53.058482849298585,9.88428022021512,4.444026648190135,0.0,0.0,0.0,0.0,0.0,model1,15.0,False,7356.0
2452,2015-11-04T17:00:00Z,49.0,168.95528825516604,448.5342409988125,99.14170969438204,38.01882328580189,14.192373106614475,53.34287111286075,10.168518228284883,4.071825297217038,0.0,0.0,0.0,0.0,0.0,model1,15.0,False,7359.0
2453,2015-11-04T20:00:00Z,49.0,169.1901661148935,435.3983906946087,101.58502756932936,38.50126240287476,14.5478173183151,48.061727034508245,10.56120072296522,4.103526485116894,0.0,0.0,0.0,0.0,0.0,model1,15.0,False,7362.0
2454,2015-11-04T23:00:00Z,49.0,170.08236420142387,442.3327322782743,100.67313151998563,38.5744179582563,14.372556464470634,44.98328740384568,11.425463719752086,2.999191958813656,0.0,0.0,0.0,0.0,0.0,model1,15.0,False,7365.0
2455,2015-11-05T02:00:00Z,49.0,168.3567833759849,440.8735997633429,100.31064726837104,39.16636840056514,15.205243480263446,44.905869044668414,11.580758001645837,2.9396876312622364,0.0,0.0,0.0,0.0,0.0,model1,15.0,False,7368.0
2456,2015-11-05T05:00:00Z,49.0,170.92116757325587,441.320788802267,99.56006658744964,39.34600646090135,15.462453851166675,46.5717611111787,13.028283545898294,3.220166232024801,0.0,0.0,0.0,0.0,0.0,model1,15.0,False,7371.0
2457,2015-11-05T08:00:00Z,49.0,172.99416153269775,439.29445320328006,101.39701923735821,39.55662830530302,15.861803623603182,45.05333614782614,13.174428207070319,3.133173415490107,0.0,0.0,0.0,0.0,0.0,model1,15.0,False,7374.0
2458,2015-11-05T11:00:00Z,49.0,171.75804550879258,441.85697542619033,103.17899642216517,40.378125193678386,15.25348810407511,44.55933841310264,12.635618418950221,3.465953265229897,0.0,0.0,0.0,0.0,0.0,model1,15.0,False,7377.0
2459,2015-11-05T14:00:00Z,49.0,172.71285169577854,441.0657183895432,102.38111016506186,40.735515447713,16.517795701253245,45.307074387140894,12.473741165059606,3.2896372055100294,0.0,0.0,0.0,0.0,0.0,model1,15.0,False,7380.0
2460,2015-11-05T17:00:00Z,49.0,173.31744690952942,437.34608085908775,100.43094841020643,40.96030856016416,15.405218349489632,38.271237823890594,13.244481294657962,3.395190684231125,0.0,0.0,0.0,0.0,0.0,model1,15.0,False,7383.0
2461,2015-11-05T20:00:00Z,49.0,171.45739366354783,443.15360550863767,100.07701601383249,40.27517231465167,15.694334839980776,36.01261952815476,11.666185006164026,3.9938960317433385,0.0,0.0,0.0,0.0,0.0,model1,15.0,False,7386.0
2462,2015-11-05T23:00:00Z,49.0,171.27581035750504,444.1518202983834,100.75259999658606,40.10254492524892,15.585766589946704,34.660768936899316,11.819255074877693,4.483457225559835,0.0,0.0,0.0,0.0,0.0,model1,15.0,False,7389.0
2463,2015-11-06T02:00:00Z,49.0,173.48406750089896,449.258025028464,98.53652299935793,40.11706176877848,15.182493219858026,30.85864085674686,12.96076925752605,4.4529672552741735,0.0,0.0,0.0,0.0,0.0,model1,15.0,False,7392.0
2464,2015-11-06T05:00:00Z,49.0,171.55494723715108,445.0706116766594,100.05089023898952,39.1042150589177,15.02204839117901,33.42559412149722,11.988163838435746,4.5302846536934345,0.0,0.0,0.0,0.0,0.0,model1,15.0,False,7395.0
2465,2015-11-06T08:00:00Z,49.0,171.9050913047161,445.3377544126098,98.63917187180529,39.34216243031013,15.486297174088087,30.42625283809762,11.792340662131686,4.754051106558807,0.0,0.0,0.0,0.0,0.0,model1,15.0,False,7398.0
2466,2015-11-06T11:00:00Z,49.0,171.46306836088604,454.9108635603184,97.70024621577262,39.12110498967207,17.13957566749172,40.95950635089796,11.506681015589216,4.337829367567404,0.0,0.0,0.0,0.0,0.0,model1,15.0,False,7401.0
2467,2015-11-06T14:00:00Z,49.0,169.36969023287355,453.1182699356848,96.08300069353844,39.215401048489376,16.944826543985137,43.00157401007508,11.752159900888412,4.451451423104817,0.0,0.0,0.0,0.0,0.0,model1,15.0,False,7404.0
2468,2015-11-06T17:00:00Z,49.0,169.5934401029639,458.2116887262974,97.17256413261076,38.540395482725096,17.25874428132031,47.01555220683259,11.01714346443394,4.312218897318773,0.0,0.0,0.0,0.0,0.0,model1,15.0,False,7407.0
2469,2015-11-06T20:00:00Z,49.0,171.85336214620983,460.6443156780345,95.284763659302,38.81347022392541,17.322783806937835,52.25273315287932,11.591860147874485,4.10894665262959,0.0,0.0,0.0,0.0,0.0,model1,15.0,False,7410.0
2470,2015-11-06T23:00:00Z,49.0,171.54681492779292,465.45880248198824,96.56815929729105,38.839791615802476,17.325879880404766,53.630652233508656,12.185628056689133,4.205463013345203,0.0,0.0,0.0,0.0,0.0,model1,15.0,False,7413.0
2471,2015-11-07T02:00:00Z,49.0,170.37017493441016,465.54492233477714,99.54669147454857,39.15777201020903,17.437667833636112,55.35751206988397,11.90847638817919,4.465330087975498,0.0,0.0,0.0,0.0,0.0,model1,15.0,False,7416.0
2472,2015-11-07T05:00:00Z,49.0,171.03930410974434,464.6111279496801,98.29444326576902,39.61636476483876,17.93638655021687,59.47559545409396,11.556078984395262,4.468473792939862,0.0,0.0,0.0,0.0,0.0,model1,15.0,False,7419.0
2473,2015-11-07T08:00:00Z,49.0,171.1466411000998,459.6007168767289,99.30383609021393,39.37961084391928,17.814345249602205,62.96109290551816,11.59327544799596,4.275276580588754,0.0,0.0,0.0,0.0,0.0,model1,15.0,False,7422.0
2474,2015-11-07T11:00:00Z,49.0,169.94250440256968,446.9872307355743,99.28835201680008,39.09076697887686,15.995260399835512,58.993722638982,11.48995246387685,4.1761423847830095,0.0,0.0,0.0,0.0,0.0,model1,15.0,False,7425.0
2475,2015-11-07T14:00:00Z,49.0,170.90310606107116,445.79644262196325,99.22519114403532,38.818181031272076,14.910741250397715,57.51174656656183,11.614916169630359,4.176721204523698,0.0,0.0,0.0,0.0,0.0,model1,15.0,False,7428.0
2476,2015-11-07T17:00:00Z,49.0,169.5919853289493,440.914789629188,97.66551142971204,39.626657596241756,14.20208501396998,54.49127897857186,12.320861724542878,3.9753385935804224,0.0,0.0,0.0,0.0,0.0,model1,15.0,False,7431.0
2477,2015-11-07T20:00:00Z,49.0,169.73792491528928,436.3417521380572,98.38762701269538,40.27609279937409,13.141508862988491,47.84263302914281,11.642920401163245,4.272324917467931,0.0,0.0,0.0,0.0,0.0,model1,15.0,False,7434.0
2478,2015-11-07T23:00:00Z,49.0,171.34504382164351,426.93911413172873,95.51245725465151,40.7183512914463,12.78006660071535,43.35082493795401,10.1385944048661,3.6943616789548535,0.0,0.0,0.0,0.0,0.0,model1,15.0,False,7437.0
2479,2015-11-08T02:00:00Z,49.0,171.9690334747057,431.7784875665285,93.97051337761326,40.65878364050344,11.533314563104645,49.056229793006075,9.637397762686582,3.4636930717601344,0.0,0.0,0.0,0.0,0.0,model1,15.0,False,7440.0
2480,2015-11-08T05:00:00Z,49.0,169.89139400107211,435.7798224112977,94.63216352045777,41.09509105109395,12.977919660795147,42.557110433383336,9.857101943498275,2.9556984800764483,0.0,0.0,0.0,0.0,0.0,model1,15.0,False,7443.0
2481,2015-11-08T08:00:00Z,49.0,170.10301262677663,439.9176622641066,93.69482416749258,41.717889349383405,11.620864914943779,41.55669270933289,8.726226246323773,3.6031689848793884,0.0,0.0,0.0,0.0,0.0,model1,15.0,False,7446.0
2482,2015-11-08T11:00:00Z,49.0,168.4578920701071,440.9572629930159,92.35998234045198,41.942253298433045,14.782143219761315,42.06335281326373,7.429452843855003,4.739420615273407,0.0,0.0,0.0,0.0,0.0,model1,15.0,False,7449.0
2483,2015-11-08T14:00:00Z,49.0,170.18252496829712,444.3677250030018,93.6849166318494,42.221772170275685,17.013544498016184,42.58223264703093,7.6863758507298625,4.559632430667927,0.0,0.0,0.0,0.0,0.0,model1,15.0,False,7452.0
2484,2015-11-08T17:00:00Z,49.0,173.00404817414582,444.1544390273632,95.41148631978984,42.47248591812949,17.98963619186896,44.445976148821046,7.696392145401927,4.663516396202948,0.0,0.0,0.0,0.0,0.0,model1,15.0,False,7455.0
2485,2015-11-08T20:00:00Z,49.0,170.7631586155203,439.46902361773925,95.42003381617066,42.520527766334034,18.829178681427774,49.02297328624178,8.124697130576285,4.628055602063573,0.0,0.0,0.0,0.0,0.0,model1,15.0,False,7458.0
2486,2015-11-08T23:00:00Z,49.0,171.53827903787325,444.7926678485022,97.6704476287228,43.14393666645661,19.201515291261195,48.61266461788883,8.755509412792742,4.895513282283876,0.0,0.0,0.0,0.0,0.0,model1,15.0,False,7461.0
2487,2015-11-09T02:00:00Z,49.0,172.13629852851062,443.85007881408796,97.75752766408884,43.22220365871047,20.56486870880145,44.07251772666154,9.097093084088094,5.364307837936656,0.0,0.0,0.0,0.0,0.0,model1,15.0,False,7464.0
2488,2015-11-09T05:00:00Z,49.0,175.1218828375364,448.05061147651855,99.39252020999314,43.090539614525945,18.82892801402236,44.86136445144464,10.009242517296547,6.100583775327296,0.0,0.0,0.0,0.0,0.0,model1,15.0,False,7467.0
2489,2015-11-09T08:00:00Z,49.0,174.0700312873517,454.83250622962623,103.47491113249964,42.37608682979821,18.848835130881945,47.418639632081565,14.737589760879562,6.073667164784862,0.0,0.0,0.0,0.0,0.0,model1,15.0,False,7470.0
2490,2015-11-09T11:00:00Z,49.0,175.49679742933654,450.86645102614443,107.31098872246271,42.33471818394328,16.0071924500553,49.3727914690931,15.334476248523377,5.5315748536447495,0.0,0.0,0.0,0.0,0.0,model1,15.0,False,7473.0
2491,2015-11-09T14:00:00Z,49.0,173.2441961891684,453.72040045404657,111.36921868417885,41.96185750254259,13.870151947027948,50.92855607334402,16.64131946967858,5.955711516624175,0.0,0.0,0.0,0.0,0.0,model1,15.0,False,7476.0
2492,2015-11-09T17:00:00Z,49.0,170.48217282929275,455.313362785341,112.87933512474369,40.75071403751054,12.021939404594026,49.495372424378125,16.173077442829552,6.5821725473708455,0.0,0.0,0.0,0.0,0.0,model1,15.0,False,7479.0
2493,2015-11-09T20:00:00Z,49.0,172.23548836442657,462.20811613788163,117.56765277408172,40.43757301402236,11.444058330806612,42.847528510602494,14.494159514842515,6.6148716181544325,0.0,0.0,0.0,0.0,0.0,model1,15.0,False,7482.0
2494,2015-11-09T23:00:00Z,49.0,168.76822921608363,461.5516008552185,119.751674006154,39.634751746590965,12.897056380110072,40.722947388272026,14.202444677175071,6.206416498672178,0.0,0.0,0.0,0.0,0.0,model1,15.0,False,7485.0
2495,2015-11-10T02:00:00Z,49.0,168.23682104662018,463.24649597040985,124.02566345284744,39.65100694526753,10.530215008628652,43.80788774245229,10.014391513269603,6.196219667450189,0.0,0.0,0.0,0.0,0.0,model1,15.0,False,7488.0
2496,2015-11-10T05:00:00Z,49.0,167.04173208726132,459.616265677296,125.98881106407484,38.90193526574887,9.889413366674725,45.82294749261158,9.258751485784414,5.660477722960475,0.0,0.0,0.0,0.0,0.0,model1,15.0,False,7491.0
2497,2015-11-10T08:00:00Z,49.0,166.3526704070311,452.6211422180895,125.62475878827499,39.029735654809826,9.537845520381943,48.55215823672021,8.587137591880726,5.594725217632581,0.0,0.0,0.0,1.0,1.0,model1,15.0,True,7494.0
2498,2015-11-10T11:00:00Z,49.0,168.02269270239626,462.90111839244537,125.81163298911758,38.70286006046015,9.90570874293635,42.842669243305224,9.161738992170845,5.197832799617643,0.0,0.0,0.0,1.0,1.0,model1,15.0,True,7497.0
2499,2015-11-10T14:00:00Z,49.0,168.9183538494376,462.4721163466814,126.53807224848262,38.84309692225792,10.311156633946476,41.79776887173503,10.332675368551113,4.77735735635971,0.0,0.0,0.0,1.0,1.0,model1,15.0,True,7500.0
2500,2015-11-10T17:00:00Z,49.0,169.64982643282747,454.3173561797122,127.81209846672917,40.2471258383938,10.637544535710493,48.44199311158139,8.903957801983768,4.871659286162737,0.0,0.0,0.0,1.0,1.0,model1,15.0,True,7503.0
2501,2015-11-10T20:00:00Z,49.0,168.53225351558433,461.1454617419511,125.49468994207571,40.94403382910853,10.1500688498791,52.47524794231573,11.02847488434461,4.918337170800454,0.0,0.0,0.0,1.0,1.0,model1,15.0,True,7506.0
2502,2015-11-10T23:00:00Z,49.0,171.0103147883841,463.5228792059069,125.80979905423278,40.81897767596472,9.30242388016796,54.59690740683703,11.984738956748366,4.8655279728257215,0.0,0.0,0.0,1.0,1.0,model1,15.0,True,7509.0
2503,2015-11-11T02:00:00Z,49.0,170.11947080431014,455.2244294316546,125.29917948668819,40.413892648140155,9.388774188959882,56.77739930570922,11.57667848049706,4.942206127743948,0.0,0.0,0.0,1.0,1.0,model1,15.0,True,7512.0
2504,2015-11-11T05:00:00Z,49.0,171.14124752869697,447.1210120110795,124.70390479324881,40.82431978893429,9.366929757762454,61.11864703088305,11.0059830690657,4.677075820319784,0.0,0.0,0.0,1.0,1.0,model1,15.0,True,7515.0
2505,2015-11-11T08:00:00Z,49.0,170.3262117021429,453.2391886190638,122.5837251791738,40.81503749935659,9.838391604642801,57.092256294459744,12.794913697487724,4.6800632899662,0.0,0.0,0.0,0.0,0.0,model1,15.0,False,7518.0
2506,2015-11-11T11:00:00Z,49.0,169.89395790657372,444.54337394580125,118.9879553176627,41.259341719314534,9.748529709206977,59.418441598937825,15.242895984824958,4.917666237639754,0.0,0.0,0.0,0.0,0.0,model1,15.0,False,7521.0
2507,2015-11-11T14:00:00Z,49.0,169.30885278894513,442.18613840292363,114.2320689492768,41.17756758322055,11.430055616913764,58.53237335675925,14.560630467980573,5.3170532992213255,0.0,0.0,0.0,0.0,0.0,model1,15.0,False,7524.0
2508,2015-11-11T17:00:00Z,49.0,168.90294309069284,453.2462180869432,111.55795801830894,41.15929054175315,11.059972956817145,56.584257908510466,14.614183439652336,4.991359299420955,0.0,0.0,0.0,0.0,0.0,model1,15.0,False,7527.0
2509,2015-11-11T20:00:00Z,49.0,171.3067573220471,447.9169473242831,110.16168326119585,40.66460965003603,15.327433721923144,55.94201950489636,14.864012478485005,4.670607147946701,0.0,0.0,0.0,0.0,0.0,model1,15.0,False,7530.0
2510,2015-11-11T23:00:00Z,49.0,168.49801535693638,440.27164697725954,105.9490718535363,40.759554790222225,15.791840943069587,53.94375132911316,13.681505510599301,5.014030222797942,0.0,0.0,0.0,0.0,0.0,model1,15.0,False,7533.0
2511,2015-11-12T02:00:00Z,49.0,168.80710879842113,440.8629567272761,103.5381597772772,41.00026954444397,17.380315961267918,52.88047324338518,12.473946295344975,4.353321435133702,0.0,0.0,0.0,0.0,0.0,model1,15.0,False,7536.0
2512,2015-11-12T05:00:00Z,49.0,166.69425634320953,453.7388814902136,101.55143976220751,41.24178922017013,17.624218864895735,56.711500530048724,11.393640195404119,4.223089577813525,0.0,0.0,0.0,0.0,0.0,model1,15.0,False,7539.0
2513,2015-11-12T08:00:00Z,49.0,168.35227493080447,453.4580307134346,100.72895056460452,40.83699124247885,18.35112833798564,57.49089162914112,9.813145401339751,4.404308397540236,0.0,0.0,0.0,0.0,0.0,model1,15.0,False,7542.0
2514,2015-11-12T11:00:00Z,49.0,167.1238155809875,456.87995802083856,100.89870576015731,40.98637902163299,18.454194178114708,58.47358390221611,9.637848325461034,4.302340455626958,0.0,0.0,0.0,0.0,0.0,model1,15.0,False,7545.0
2515,2015-11-12T14:00:00Z,49.0,165.59839341336834,459.45728631116594,100.67898236013146,40.80202406371693,17.795849913395354,58.42939633501678,9.643738184359243,4.112060287626932,0.0,0.0,0.0,0.0,0.0,model1,15.0,False,7548.0
2516,2015-11-12T17:00:00Z,49.0,166.10274575793096,456.04412967393273,100.79340356227884,40.537321723573605,18.045150418548925,58.217012139803884,9.79397675804727,4.024113903235944,0.0,0.0,0.0,0.0,0.0,model1,15.0,False,7551.0
2517,2015-11-12T20:00:00Z,49.0,163.73259424510638,452.2576141242175,101.51934768611041,40.24338450745455,13.949889154391188,57.21700443542815,9.840250241105485,4.283814364461761,0.0,0.0,0.0,0.0,0.0,model1,15.0,False,7554.0
2518,2015-11-12T23:00:00Z,49.0,166.6982396378384,454.9702287591672,101.26896367626364,39.750887954556106,13.35338831370026,61.80170962776518,9.34459616299976,4.299064863363947,0.0,0.0,0.0,0.0,0.0,model1,15.0,False,7557.0
2519,2015-11-13T02:00:00Z,49.0,168.1504468543284,453.2163121897962,99.99547673952631,39.12141625769266,12.093161771804084,59.38899943408418,8.028470357982494,4.362250258171513,0.0,0.0,0.0,0.0,0.0,model1,15.0,False,7560.0
2520,2015-11-13T05:00:00Z,49.0,169.49199158511541,440.37463163342585,99.17509621593253,39.15353483601654,11.24605869598449,54.70022442786271,6.100592294626964,4.6113049494349605,0.0,0.0,0.0,0.0,0.0,model1,15.0,False,7563.0
2521,2015-11-13T08:00:00Z,49.0,168.7515954062129,438.09649627434686,97.97866723362364,38.92207727924308,9.874177072003642,52.39830946506876,6.76507168548763,4.837710107819378,0.0,0.0,0.0,0.0,0.0,model1,15.0,False,7566.0
2522,2015-11-13T11:00:00Z,49.0,168.57557477746087,436.2771332603695,98.85587334107963,38.7256552004689,10.695387387733033,48.42093788326736,7.0591134325000136,4.78146462727323,0.0,0.0,0.0,0.0,0.0,model1,15.0,False,7569.0
2523,2015-11-13T14:00:00Z,49.0,170.2537059049811,431.5648394300818,98.92100644452331,39.273314013824745,10.423504229739637,53.31838089887341,7.822743788321331,4.767378124059056,0.0,0.0,0.0,0.0,0.0,model1,15.0,False,7572.0
2524,2015-11-13T17:00:00Z,49.0,170.3670142876289,433.11958241279694,97.52005190672077,38.9504040850683,10.869009383015287,51.273124421783045,8.756207214051198,4.9039068029115205,0.0,0.0,0.0,0.0,0.0,model1,15.0,False,7575.0
2525,2015-11-13T20:00:00Z,49.0,171.08318977243266,431.14808321376864,96.33094521964004,38.97148925728117,10.380533053596617,50.10783858485344,8.824846342122045,4.649622804506139,0.0,0.0,0.0,0.0,0.0,model1,15.0,False,7578.0
2526,2015-11-13T23:00:00Z,49.0,169.1440301058744,437.2651090293982,97.59264649926531,39.842339488018176,13.311636644232188,52.99326634526837,9.14413145602733,4.434234554843641,0.0,0.0,0.0,0.0,0.0,model1,15.0,False,7581.0
2527,2015-11-14T02:00:00Z,49.0,169.32647324370026,442.85143856497496,97.19285593417007,40.18598316396617,13.635199678229025,53.808279153108394,9.466925254882595,4.273683527319114,0.0,0.0,0.0,0.0,0.0,model1,15.0,False,7584.0
2528,2015-11-14T05:00:00Z,49.0,171.2601070393473,445.92622447301017,96.8594225600683,39.81240678212853,15.700635760626053,50.454664506378286,9.955583445414437,4.149059353823944,0.0,0.0,0.0,0.0,0.0,model1,15.0,False,7587.0
2529,2015-11-14T08:00:00Z,49.0,170.59071136234522,445.80308397407936,98.16549015853519,40.6033006929577,15.97132327494108,51.30600366204082,9.815213179253632,3.6602757218382616,0.0,0.0,0.0,0.0,0.0,model1,15.0,False,7590.0
2530,2015-11-14T11:00:00Z,49.0,170.43223565764524,446.8913157838168,96.96157800266272,39.91876853701901,16.558252313856972,51.32736605074003,9.576391152365957,4.325983972804896,0.0,0.0,0.0,0.0,0.0,model1,15.0,False,7593.0
2531,2015-11-14T14:00:00Z,49.0,168.893570019359,452.5020436272063,97.30126488098944,40.08535531846746,16.399217037357698,46.95943282422212,8.937488725322726,4.422073800691433,0.0,0.0,0.0,0.0,0.0,model1,15.0,False,7596.0
2532,2015-11-14T17:00:00Z,49.0,167.66602015887722,453.4390743529976,98.12485588028791,39.655989823786406,16.153761804306207,48.569278225743005,8.081673313033662,4.858017708074646,0.0,0.0,0.0,0.0,0.0,model1,15.0,False,7599.0
2533,2015-11-14T20:00:00Z,49.0,168.84020659495002,458.6217880270705,98.67614917984379,39.473221086850145,18.030456228786683,49.74778424831207,8.02372613835098,4.9036970603272145,0.0,0.0,0.0,0.0,0.0,model1,15.0,False,7602.0
2534,2015-11-14T23:00:00Z,49.0,171.86794605338216,449.3503163100449,98.01695052423162,39.20094405419629,17.459295271644248,52.54990158009803,7.832721418737799,4.983582778848537,0.0,0.0,0.0,0.0,0.0,model1,15.0,False,7605.0
2535,2015-11-15T02:00:00Z,49.0,170.87361492685582,446.01912676983846,99.9786006567618,39.560019468961634,17.280875978199578,53.56691349493214,8.049734100901684,5.606154001877017,0.0,0.0,0.0,0.0,0.0,model1,15.0,False,7608.0
2536,2015-11-15T05:00:00Z,49.0,168.28613018985664,450.8463072636439,100.24478774644993,40.067533171019846,15.436046590694206,52.508546142463466,7.60039363439467,6.268946361003913,0.0,0.0,0.0,0.0,0.0,model1,15.0,False,7611.0
2537,2015-11-15T08:00:00Z,49.0,170.49454779935013,456.21158078903017,99.011425827443,39.42003254228096,16.163284649089373,54.67251621799819,8.255585459515741,6.587965797122395,0.0,0.0,0.0,0.0,0.0,model1,15.0,False,7614.0
2538,2015-11-15T11:00:00Z,49.0,171.56010330271377,459.14858437262194,99.23452590232792,39.71887992450631,14.534974467437431,52.56149041830253,8.865707320738412,6.170024333846066,0.0,0.0,0.0,0.0,0.0,model1,15.0,False,7617.0
2539,2015-11-15T14:00:00Z,49.0,173.84703548236854,456.9485418177066,98.80402678942886,38.85792214960965,13.921461391341165,50.42128324723927,9.739051802668019,6.080246789081305,0.0,0.0,0.0,0.0,0.0,model1,15.0,False,7620.0
2540,2015-11-15T17:00:00Z,49.0,174.13210709254318,452.0348555231186,99.74574708793078,38.69746035765048,14.410343966325964,51.71908075221891,9.645593890302722,5.58263612337482,0.0,0.0,0.0,0.0,0.0,model1,15.0,False,7623.0
2541,2015-11-15T20:00:00Z,49.0,174.01126496623718,451.4357848457289,100.27229366261341,39.34646726911391,13.161874007122009,48.13582422698894,9.193906003617576,5.8915808193095085,0.0,0.0,0.0,0.0,0.0,model1,15.0,False,7626.0
2542,2015-11-15T23:00:00Z,49.0,170.18494063616353,452.65347007885316,100.8471244579722,38.91737755245745,13.12030158918134,37.42470370647322,9.012199809821839,5.843304045937085,0.0,0.0,0.0,0.0,0.0,model1,15.0,False,7629.0
2543,2015-11-16T02:00:00Z,49.0,169.27619106519398,449.84103045844313,100.3056179781648,39.038655416213004,12.651993294830918,38.78496803337204,8.375483629361122,5.5498094829889295,0.0,0.0,0.0,0.0,0.0,model1,15.0,False,7632.0
2544,2015-11-16T05:00:00Z,49.0,169.50080634763862,454.8814145126966,100.45157274302395,38.68769804112355,13.469002733844109,41.61470108293938,8.580730896382729,4.717372055598415,0.0,0.0,0.0,0.0,0.0,model1,15.0,False,7635.0
2545,2015-11-16T08:00:00Z,49.0,166.32596981769933,448.48589182258377,100.36785155944831,39.0212453315609,13.245270409625634,50.9848097389771,7.895429245208821,4.355665606854232,0.0,0.0,0.0,0.0,0.0,model1,15.0,False,7638.0
2546,2015-11-16T11:00:00Z,49.0,165.76876303517506,450.4879806392,100.78368886370392,38.82353537479185,13.402889624877927,55.05241423231831,7.138947792418017,4.469454784145299,0.0,0.0,0.0,0.0,0.0,model1,15.0,False,7641.0
2547,2015-11-16T14:00:00Z,49.0,162.6860591922292,447.0450258969017,101.0986787453364,39.19093562012468,13.094283717805178,55.49166842364007,8.393591931957767,4.531145871517289,0.0,0.0,0.0,0.0,0.0,model1,15.0,False,7644.0
2548,2015-11-16T17:00:00Z,49.0,161.62950981733837,448.64532118712265,101.68358248732113,39.22457105354064,12.040185846581027,54.328535111512146,9.013104870022305,4.689999128846216,0.0,0.0,0.0,0.0,0.0,model1,15.0,False,7647.0
2549,2015-11-16T20:00:00Z,49.0,161.4175335040159,447.3844520008453,101.70944288063612,39.13720841632172,11.077432609096203,54.75449182612078,9.126824505407338,4.761464995231393,0.0,0.0,0.0,0.0,0.0,model1,15.0,False,7650.0
2550,2015-11-16T23:00:00Z,49.0,163.23729292846963,450.91333498309797,101.47088326383766,40.12931464032485,11.80237794557694,60.70541894365464,9.99588465058074,4.778568015287403,0.0,0.0,0.0,0.0,0.0,model1,15.0,False,7653.0
2551,2015-11-17T02:00:00Z,49.0,162.03971047451088,454.54470770204176,100.76757051876938,39.45538270185989,12.120039988556087,58.26083239276357,9.97857107706934,4.590504694946952,0.0,0.0,0.0,0.0,0.0,model1,15.0,False,7656.0
2552,2015-11-17T05:00:00Z,49.0,163.9705967886784,445.21446513272286,101.23598125690798,38.59360665086072,12.843845419525499,56.90453766266936,9.755413722011742,5.064237221162025,0.0,0.0,0.0,0.0,0.0,model1,15.0,False,7659.0
2553,2015-11-17T08:00:00Z,49.0,165.68866528504134,440.88473125095584,101.93323049270387,38.63175812122899,12.485184573895182,48.22744742079974,9.49305754587335,5.234352266407877,0.0,0.0,0.0,0.0,0.0,model1,15.0,False,7662.0
2554,2015-11-17T11:00:00Z,49.0,166.47715868599022,445.0271223894455,102.97458401464516,39.50780273578897,12.507132874648047,50.92056244005273,9.880642744312482,5.257257979488311,0.0,0.0,0.0,0.0,0.0,model1,15.0,False,7665.0
2555,2015-11-17T14:00:00Z,49.0,169.2995232449465,439.36853313479867,102.89512714862741,39.57523646577325,11.608880554810824,53.884512677553346,9.462726448225958,5.353764763881063,0.0,0.0,0.0,0.0,0.0,model1,15.0,False,7668.0
2556,2015-11-17T17:00:00Z,49.0,170.8763154122026,441.47673478287993,101.48475321656557,39.668395735767604,11.386210281931126,53.63852411377239,9.505013173286084,5.160460761739973,0.0,0.0,0.0,0.0,0.0,model1,15.0,False,7671.0
2557,2015-11-17T20:00:00Z,49.0,169.9172121157794,441.3005434152352,99.71737594806824,39.44500567688645,11.90907049831536,52.06749458545146,10.619489188583627,5.090036341939121,0.0,0.0,0.0,0.0,0.0,model1,15.0,False,7674.0
2558,2015-11-17T23:00:00Z,49.0,170.6456981356799,439.81915344169335,100.05309329368406,39.168090878681724,13.050348646223922,43.76055299040992,10.1030798646655,5.498807891383015,0.0,0.0,0.0,0.0,0.0,model1,15.0,False,7677.0
2559,2015-11-18T02:00:00Z,49.0,172.18424435682675,439.11010532985136,100.04736146754163,39.022987225684005,11.822099932479627,43.81334737787027,10.48191074037687,5.493259181802928,0.0,0.0,0.0,0.0,0.0,model1,15.0,False,7680.0
2560,2015-11-18T05:00:00Z,49.0,169.85418644850847,445.1296292162581,100.55974556967949,39.85035383734737,11.694752317370618,43.59203269771682,10.816642683635614,5.005055806275198,0.0,0.0,1.0,0.0,0.0,model1,15.0,False,7683.0
2561,2015-11-18T08:00:00Z,49.0,170.46088111906133,445.2134727993555,100.68558932968234,40.53801210513525,11.997582077760265,43.60883718745099,11.136573717601571,5.565739175713806,0.0,0.0,1.0,0.0,0.0,model1,15.0,False,7686.0
2562,2015-11-18T11:00:00Z,49.0,171.29810692560247,437.67043042286593,100.29076828796323,39.88132339169131,12.77601329281842,37.63027080202017,10.802128345111237,5.776192378780067,0.0,0.0,1.0,0.0,0.0,model1,15.0,False,7689.0
2563,2015-11-18T14:00:00Z,49.0,169.7623020726563,444.5470151160741,100.66425596178156,40.43240810414207,14.081957840579053,38.99771768085205,9.434403410512106,6.064440383717048,0.0,0.0,1.0,0.0,0.0,model1,15.0,False,7692.0
2564,2015-11-18T17:00:00Z,49.0,169.0324557119957,439.94899937527254,100.14476998969164,41.37666994556031,13.899948214266415,38.80316891802761,9.779652191593767,5.900988353291267,0.0,0.0,1.0,0.0,0.0,model1,15.0,False,7695.0
2565,2015-11-18T20:00:00Z,49.0,171.3165867335944,436.65009429544335,101.39909963207384,41.24813758436167,14.083484129544225,40.050161119493495,8.183469025701955,5.6528522616699455,0.0,0.0,1.0,0.0,0.0,model1,15.0,False,7698.0
2566,2015-11-18T23:00:00Z,49.0,169.36632046222354,448.2884402644551,100.26800181562544,41.34900654825259,13.567649084656784,53.87149797213581,8.567451084219062,5.269169349030181,0.0,0.0,1.0,0.0,0.0,model1,15.0,False,7701.0
2567,2015-11-19T02:00:00Z,49.0,170.07365654381272,447.2839892791536,100.19587190869444,41.5194886182019,13.610657800021341,53.74477241960012,8.874719990889751,5.347695781724731,0.0,0.0,1.0,0.0,0.0,model1,15.0,False,7704.0
2568,2015-11-19T05:00:00Z,49.0,172.82981531910184,447.0350994516708,98.96646787010586,41.02769799996871,14.10332813727541,53.4522277868861,8.912620035582446,5.851953619495249,0.0,0.0,0.0,0.0,0.0,model1,15.0,False,7707.0
2569,2015-11-19T08:00:00Z,49.0,171.08143926467687,445.68677898812876,98.09077830572036,40.28764348817269,14.342856284673436,56.264294395687024,9.035705800651783,5.159760063636063,0.0,0.0,0.0,0.0,0.0,model1,15.0,False,7710.0
2570,2015-11-19T11:00:00Z,49.0,169.06249031177083,445.1346512190261,97.00749343809808,40.803381263062896,15.092634293481344,54.25307376944209,8.390565589849484,4.937523482626778,0.0,0.0,0.0,0.0,0.0,model1,15.0,False,7713.0
2571,2015-11-19T14:00:00Z,49.0,168.9740102690305,445.9374183896995,95.18498497354423,40.29985443350608,15.76437633525057,52.18050635460473,9.098720395539432,4.4967797350418,0.0,0.0,0.0,0.0,0.0,model1,15.0,False,7716.0
2572,2015-11-19T17:00:00Z,49.0,169.1397906610875,451.57568894060637,94.64574037049393,39.97262257708691,15.767599252864684,52.76652466284346,12.02583093804312,4.361933169734453,0.0,0.0,0.0,0.0,0.0,model1,15.0,False,7719.0
2573,2015-11-19T20:00:00Z,49.0,167.78485951998354,452.99356194633367,93.87178994767072,39.43301733614164,14.864949129850874,51.65832206786493,11.794194475350617,4.576331680918956,0.0,0.0,0.0,0.0,0.0,model1,15.0,False,7722.0
2574,2015-11-19T23:00:00Z,49.0,169.80300954083245,434.76633056097916,94.88777042987142,39.39381510482919,14.369661690269645,42.8263771753962,12.093001879092851,5.074445862475312,0.0,0.0,0.0,0.0,0.0,model1,15.0,False,7725.0
2575,2015-11-20T02:00:00Z,49.0,168.35677180196518,434.4619996469322,95.18079476332129,39.35125816772192,14.465084581104831,43.624895560160226,12.3003039023128,4.8415837925800975,0.0,0.0,0.0,0.0,0.0,model1,15.0,False,7728.0
2576,2015-11-20T05:00:00Z,49.0,166.68573410048583,431.2183265587448,96.83346903037376,39.60722239924615,13.280989595008528,43.67383627247688,12.914326960704868,4.5754327158010755,0.0,0.0,0.0,0.0,0.0,model1,15.0,False,7731.0
2577,2015-11-20T08:00:00Z,49.0,167.29390104421748,431.29472740964434,98.33388445075808,40.6817464890456,13.067816254564958,39.65119529388967,12.902530666208301,5.795604818301832,0.0,0.0,0.0,0.0,0.0,model1,15.0,False,7734.0
2578,2015-11-20T11:00:00Z,49.0,168.61171444619092,434.40558175282996,98.64071343952334,39.7310806569216,12.000475539238613,44.281967474501435,13.598535399755914,6.096799811706375,0.0,0.0,0.0,0.0,0.0,model1,15.0,False,7737.0
2579,2015-11-20T14:00:00Z,49.0,171.23200125402656,433.1644419208464,100.26206824792723,39.43133456358329,11.764565805654216,42.7625717506065,12.7212065492508,6.059151231934114,0.0,0.0,0.0,0.0,0.0,model1,15.0,False,7740.0
2580,2015-11-20T17:00:00Z,49.0,172.46737839226418,434.73589064551584,101.10461131248131,39.53553631915978,12.055776366867047,43.24415987543579,8.83746519038439,6.081667454800483,0.0,0.0,0.0,0.0,0.0,model1,15.0,False,7743.0
2581,2015-11-20T20:00:00Z,49.0,174.04734783159378,439.5155753911157,101.3798650230783,39.926914772181,13.03572540659605,47.09388659417271,9.52985848709055,6.330553867671161,0.0,0.0,0.0,0.0,0.0,model1,15.0,False,7746.0
2582,2015-11-20T23:00:00Z,49.0,173.12695509897216,452.35712698953085,102.1211897751431,39.98731419153901,12.668721222455893,44.19248277840236,9.34548101626629,5.905062417025103,0.0,0.0,0.0,0.0,0.0,model1,15.0,False,7749.0
2583,2015-11-21T02:00:00Z,49.0,174.10371004964009,450.3236474966787,101.59442593356651,40.69861669344619,12.853980474251545,47.60358122486875,9.121232844774383,5.980531304482281,0.0,0.0,0.0,0.0,0.0,model1,15.0,False,7752.0
2584,2015-11-21T05:00:00Z,49.0,172.36921610763454,452.0230823399399,99.62294384516217,40.671629647594216,13.898751012895815,52.02208904469058,9.067391609411686,5.891750292723503,0.0,0.0,0.0,0.0,0.0,model1,15.0,False,7755.0
2585,2015-11-21T08:00:00Z,49.0,173.95165542019024,462.6208451858245,98.67506486513471,39.38706495072786,14.917010700941065,52.506250604046,8.802146515182345,4.762158167482314,0.0,0.0,0.0,0.0,0.0,model1,15.0,False,7758.0
2586,2015-11-21T11:00:00Z,49.0,174.65589156030663,455.53357538752283,99.29980552545764,40.07640011851032,15.56003833716552,54.051227168963536,7.909811239632107,4.366649332297978,0.0,0.0,0.0,0.0,0.0,model1,15.0,False,7761.0
2587,2015-11-21T14:00:00Z,49.0,173.66193546846222,457.33329519604723,98.55023928773436,39.8030180172688,14.480200820870614,56.296308197848724,8.195888128981741,4.720242178870784,0.0,0.0,0.0,0.0,0.0,model1,15.0,False,7764.0
2588,2015-11-21T17:00:00Z,49.0,170.71040849317959,451.2453580816857,99.275772491654,39.54947061184532,15.28836462547797,56.727861222015285,8.298487152892863,4.608650865480077,0.0,0.0,0.0,0.0,0.0,model1,15.0,False,7767.0
2589,2015-11-21T20:00:00Z,49.0,167.55766749912397,446.1974763024317,99.07684704808399,39.6835800702352,14.4328006813296,54.985382704095656,7.4729177949920516,4.350467618763871,0.0,0.0,0.0,0.0,0.0,model1,15.0,False,7770.0
2590,2015-11-21T23:00:00Z,49.0,170.298713939998,437.8065730143308,98.0701645760069,39.49819879879461,15.870211281451994,57.36783838805073,7.187151817163662,4.292192834165335,0.0,0.0,0.0,0.0,0.0,model1,15.0,False,7773.0
2591,2015-11-22T02:00:00Z,49.0,173.20620569436275,444.65608443643805,99.69832216616648,39.171216653565054,17.63409325951927,56.112206299319716,7.821265496981168,4.035230359605249,0.0,0.0,0.0,0.0,0.0,model1,15.0,False,7776.0
2592,2015-11-22T05:00:00Z,49.0,175.31551315641337,445.3887402843308,99.54570265961156,39.55949510134236,16.423461102855793,51.73889200568365,8.530592110261122,3.8005822543209584,0.0,0.0,0.0,0.0,0.0,model1,15.0,False,7779.0
2593,2015-11-22T08:00:00Z,49.0,176.2313168855162,439.33740415041564,100.29792229578743,40.58533905304058,15.735649944647047,49.877068872004365,9.254608665159807,4.149130669214374,0.0,0.0,0.0,0.0,0.0,model1,15.0,False,7782.0
2594,2015-11-22T11:00:00Z,49.0,175.67609231537068,455.4648897172688,98.62478125161999,40.884372844373615,14.747910176576625,55.835200831041355,10.152661905643212,4.241275781242224,0.0,0.0,0.0,0.0,0.0,model1,15.0,False,7785.0
2595,2015-11-22T14:00:00Z,49.0,172.06225776083224,456.1584315883371,99.62709764603564,41.64156382009189,17.34193975400309,53.212247576672276,9.804526452834835,4.135292064894781,0.0,0.0,0.0,0.0,0.0,model1,15.0,False,7788.0
2596,2015-11-22T17:00:00Z,49.0,173.0029824491616,458.1875288806511,99.734485615203,41.868718055412,16.525653241044054,51.67621906991378,10.188225939203477,4.245675835686034,0.0,0.0,0.0,0.0,0.0,model1,15.0,False,7791.0
2597,2015-11-22T20:00:00Z,49.0,175.09674400817588,457.8584824147827,99.15688155555414,41.66373746692252,15.65640269656648,57.203441801923255,10.866580401859617,4.448625492719881,0.0,0.0,0.0,0.0,0.0,model1,15.0,False,7794.0
2598,2015-11-22T23:00:00Z,49.0,171.96300422632197,465.8963289685765,99.49769111459793,41.73065311201924,15.945271514033287,51.807271436862145,10.56641986780668,4.359448938777851,0.0,0.0,0.0,0.0,0.0,model1,15.0,False,7797.0
2599,2015-11-23T02:00:00Z,49.0,170.57480390690358,466.4819468812021,98.01480544508698,41.79951190267366,14.253569812090152,50.77436683511922,11.018876138718618,4.3680125144778925,0.0,0.0,0.0,0.0,0.0,model1,15.0,False,7800.0
2600,2015-11-23T05:00:00Z,49.0,170.72555952574777,461.8456388318249,98.98369780292921,41.738625965098116,15.245400909378073,53.36577805763376,10.194935808579675,4.755693241853186,0.0,0.0,0.0,0.0,0.0,model1,15.0,False,7803.0
2601,2015-11-23T08:00:00Z,49.0,170.41664944749937,469.8655016186088,98.6376117778882,41.401579187906215,14.869254103249204,51.93984351055662,9.627270709429071,4.835742744033327,0.0,0.0,0.0,0.0,0.0,model1,15.0,False,7806.0
2602,2015-11-23T11:00:00Z,49.0,170.7990726009124,458.9552971838671,99.23975772131864,40.49436146717182,15.918518200910222,47.64106852478859,8.647880870611896,5.008730358040045,0.0,0.0,0.0,0.0,0.0,model1,15.0,False,7809.0
2603,2015-11-23T14:00:00Z,49.0,172.0395394662274,453.3756903802985,98.35769407535332,40.73965957924028,16.010365041856307,47.654372738220005,8.93901965825557,5.095324536972245,0.0,0.0,0.0,0.0,0.0,model1,15.0,False,7812.0
2604,2015-11-23T17:00:00Z,49.0,174.7459075620681,457.04491372125887,99.4503903590526,40.69824740014275,16.620242415838852,48.562944945064466,9.803977012143942,5.087031428700471,0.0,0.0,0.0,0.0,0.0,model1,15.0,False,7815.0
2605,2015-11-23T20:00:00Z,49.0,173.60207924648304,455.64734028389364,100.44998874466305,40.840191585713896,16.532578678007503,47.686130531821014,9.771806143804298,4.691454256517778,0.0,0.0,0.0,0.0,0.0,model1,15.0,False,7818.0
2606,2015-11-23T23:00:00Z,49.0,175.91727199243397,453.3921719195594,98.84383428700686,40.40993934833118,15.425646610003689,46.10159675998654,11.34916690366786,4.6951411405318035,0.0,0.0,0.0,0.0,0.0,model1,15.0,False,7821.0
2607,2015-11-24T02:00:00Z,49.0,174.82186601577493,453.28088201740235,99.99565174700741,40.14030453974337,14.720179888003333,46.04394196212351,10.456217905758805,4.638798954512077,0.0,0.0,0.0,0.0,0.0,model1,15.0,False,7824.0
2608,2015-11-24T05:00:00Z,49.0,175.52332953762996,456.23141160406135,99.07475688369186,40.161497302636405,13.989591679357927,45.20076949030859,10.689580045127613,4.530129877732754,0.0,0.0,0.0,0.0,0.0,model1,15.0,False,7827.0
2609,2015-11-24T08:00:00Z,49.0,173.30322164724532,436.47184930648257,98.7432869012872,40.01056966048045,15.254541585753655,51.25839344561322,10.48236717318801,4.438070638735696,0.0,0.0,0.0,0.0,0.0,model1,15.0,False,7830.0
2610,2015-11-24T11:00:00Z,49.0,172.45936125476032,428.7516794754152,98.5861333512865,40.43760589148942,15.149546104272174,54.54691159081168,12.467242079849568,4.344811131694708,0.0,0.0,0.0,0.0,0.0,model1,15.0,False,7833.0
2611,2015-11-24T14:00:00Z,49.0,174.7679930441513,428.47674982274435,98.4385930352734,39.92852779959511,11.8801114356722,55.808420859921064,12.488117770477135,3.7342595958787723,0.0,0.0,0.0,0.0,0.0,model1,15.0,False,7836.0
2612,2015-11-24T17:00:00Z,49.0,172.92615486742142,415.22235338494767,97.4249468808139,39.37099757766109,10.665388990830085,56.57273629235589,11.524343283733845,4.070915488487853,0.0,0.0,0.0,0.0,0.0,model1,15.0,False,7839.0
2613,2015-11-24T20:00:00Z,49.0,171.82229632585938,413.71148567732735,98.22465842154114,38.8238306172542,12.741491430378304,54.39613734540331,11.640260808920605,4.421839959704145,0.0,0.0,0.0,0.0,0.0,model1,15.0,False,7842.0
2614,2015-11-24T23:00:00Z,49.0,170.23308174941067,401.56059407239474,100.10372933364776,39.5847054906416,13.133084198505983,51.33287232246965,10.757847846704124,4.769278316277248,0.0,0.0,0.0,0.0,0.0,model1,15.0,False,7845.0
2615,2015-11-25T02:00:00Z,49.0,171.6860913595879,387.7443322139537,98.38962029640403,40.07958041971632,14.191628020650525,60.360560283215655,10.727864745644405,5.2764409966912975,0.0,0.0,0.0,0.0,0.0,model1,15.0,False,7848.0
2616,2015-11-25T05:00:00Z,49.0,169.01361098460532,375.6527471866401,99.85286492812008,40.16832989134684,14.261971450286104,56.64025040104183,11.321731270345055,5.718194636337078,0.0,0.0,0.0,0.0,0.0,model1,15.0,False,7851.0
2617,2015-11-25T08:00:00Z,49.0,169.39060723665608,385.6076419558558,99.66558547193436,40.380982287748644,12.714674344189005,58.985598887344636,12.421059109811287,5.750339530823201,0.0,1.0,1.0,0.0,0.0,model1,15.0,True,7854.0
2618,2015-11-25T11:00:00Z,49.0,170.03768062793978,381.4785343158796,100.21095869662486,40.41970052621621,12.613547793959036,60.21245482541868,10.482228954827592,5.860219754472829,0.0,1.0,1.0,0.0,0.0,model1,15.0,True,7857.0
2619,2015-11-25T14:00:00Z,49.0,169.83452286954392,375.03902004543403,102.17815214894331,39.790464818822564,12.64172810556974,63.67924283212554,10.368317009950404,6.400306484487008,0.0,1.0,1.0,0.0,0.0,model1,15.0,True,7860.0
2620,2015-11-25T17:00:00Z,49.0,168.52403006852776,376.8054980855409,101.5076661977498,40.49849295935352,13.159826836806722,63.21774371703944,10.896797989009276,6.129467856530835,0.0,1.0,1.0,0.0,0.0,model1,15.0,True,7863.0
2621,2015-11-25T20:00:00Z,49.0,169.57746926659354,372.70025431473726,100.60661735119062,40.87406094778667,11.798386769312305,60.99792794041776,10.485434525329168,5.852883872085623,0.0,1.0,1.0,0.0,0.0,model1,15.0,True,7866.0
2622,2015-11-25T23:00:00Z,49.0,169.9952470930391,376.8759444766262,100.05668788706095,40.683373330346605,10.932154595921958,65.35113433854151,9.98669184607119,5.7334879542403865,0.0,1.0,1.0,0.0,0.0,model1,15.0,True,7869.0
2623,2015-11-26T02:00:00Z,49.0,168.56695133530795,378.13837751366526,100.92307403271778,39.93618928955212,9.199987745831402,53.85960013555399,10.440190855387213,5.4304590523777225,0.0,1.0,1.0,0.0,0.0,model1,15.0,True,7872.0
2624,2015-11-26T05:00:00Z,49.0,171.55196019830885,383.2070938382055,100.1317673223877,39.99067109673901,9.437814219304434,55.19392027066464,9.49290522259652,4.7375453401881895,0.0,1.0,1.0,0.0,0.0,model1,15.0,True,7875.0
2625,2015-11-26T08:00:00Z,49.0,172.6144471267156,383.21644376213965,100.38752855005592,40.23149414735472,9.990878054282648,55.792363854924794,8.215163513567338,5.1611480775234035,0.0,0.0,0.0,0.0,0.0,model1,15.0,False,7878.0
2626,2015-11-26T11:00:00Z,49.0,169.22409783742074,387.7061289313117,100.78980741786312,40.2616943373946,12.69244249373236,53.998215814422544,8.014230928155158,5.026297356884908,0.0,0.0,0.0,0.0,0.0,model1,15.0,False,7881.0
2627,2015-11-26T14:00:00Z,49.0,167.10879790786242,399.07434042137845,99.86327418710377,41.347548774822606,13.965763660197954,58.029991093128864,7.849082154715997,4.326906032862492,0.0,0.0,0.0,0.0,0.0,model1,15.0,False,7884.0
2628,2015-11-26T17:00:00Z,49.0,168.01197667660205,402.80827003110016,98.62046527989443,41.385379652418216,14.030600086800472,56.88029857321754,8.403348682456649,4.726956868129292,0.0,0.0,0.0,0.0,0.0,model1,15.0,False,7887.0
2629,2015-11-26T20:00:00Z,49.0,168.39252418097368,417.8951116070624,98.09844599048412,42.34884844844064,14.573779148196294,65.52886919505457,9.246035823194102,4.698036858529694,0.0,0.0,0.0,0.0,0.0,model1,15.0,False,7890.0
2630,2015-11-26T23:00:00Z,49.0,168.70104748642592,426.4017595880287,97.96339860896214,42.176331730801934,16.655776915591925,64.68054787942293,9.351600825638076,5.012479228311578,0.0,0.0,0.0,0.0,0.0,model1,15.0,False,7893.0
2631,2015-11-27T02:00:00Z,49.0,168.059369247522,437.49905820185904,97.84702100567264,42.334107259991704,16.677566028175757,61.01158042185456,8.321913155154729,5.139705764381529,0.0,0.0,0.0,0.0,0.0,model1,15.0,False,7896.0
2632,2015-11-27T05:00:00Z,49.0,164.7362090015611,444.6832074120503,98.62447971945366,42.27535330300118,16.076326026378602,57.29147836264792,9.602856261934104,5.160520419955142,0.0,0.0,0.0,0.0,0.0,model1,15.0,False,7899.0
2633,2015-11-27T08:00:00Z,49.0,165.3615679242225,445.1384387848707,97.9057585953404,41.84845022225818,16.245129372446506,56.11334791441463,9.642454489733275,4.707992145028577,0.0,0.0,0.0,0.0,0.0,model1,15.0,False,7902.0
2634,2015-11-27T11:00:00Z,49.0,169.58923335186086,450.5969399640791,98.67033457478956,41.52033880204357,15.230383540246384,51.44829927849138,10.115604148648726,4.689625679712939,0.0,0.0,0.0,0.0,0.0,model1,15.0,False,7905.0
2635,2015-11-27T14:00:00Z,49.0,171.0066712800307,451.25541028011537,97.8726305369465,40.785067395904015,13.713741932876115,44.64072824771503,9.608117023846637,4.638713189494309,0.0,0.0,0.0,0.0,0.0,model1,15.0,False,7908.0
2636,2015-11-27T17:00:00Z,49.0,171.7581395545415,452.55453346110687,100.90522965345221,40.30078255022773,13.322146883983926,48.73881420797324,10.653432424254268,4.144845429521643,0.0,0.0,0.0,0.0,0.0,model1,15.0,False,7911.0
2637,2015-11-27T20:00:00Z,49.0,171.74601334125455,450.06150585475314,101.4411673578972,39.75718561170071,13.440425829525552,43.1758432907246,10.25581383166874,4.566837914668559,0.0,0.0,0.0,0.0,0.0,model1,15.0,False,7914.0
2638,2015-11-27T23:00:00Z,49.0,170.73438011708768,439.64173947326674,102.54298478322909,39.48662291881711,12.21596973169245,48.62786723381626,10.559392666585527,4.054581018514852,0.0,0.0,0.0,0.0,0.0,model1,15.0,False,7917.0
2639,2015-11-28T02:00:00Z,49.0,171.83616961735618,437.7677272815103,101.38598579339826,39.635491071705076,12.436893372968767,47.19851454182618,11.378913487806473,3.657498946313261,0.0,0.0,0.0,0.0,0.0,model1,15.0,False,7920.0
2640,2015-11-28T05:00:00Z,49.0,174.05904301192902,439.9288434905553,99.80456351391672,40.10011822468191,11.055577139247054,46.12929327582502,11.122325055145808,3.934325381029339,0.0,0.0,0.0,0.0,0.0,model1,15.0,False,7923.0
2641,2015-11-28T08:00:00Z,49.0,174.104145786281,443.5926792743392,101.57153138660077,39.62786305459295,12.453270388993998,45.82603444404246,11.0621139746686,3.914599129674603,0.0,0.0,0.0,0.0,0.0,model1,15.0,False,7926.0
2642,2015-11-28T11:00:00Z,49.0,173.15442008889858,448.46715907452807,100.36067718019606,39.84831100876608,13.580597058275414,48.122592195011606,10.788893084445446,4.029944094823394,0.0,0.0,0.0,0.0,0.0,model1,15.0,False,7929.0
2643,2015-11-28T14:00:00Z,49.0,173.21356442706303,450.4608097624552,100.74496141449734,40.44299080670222,16.73839530336816,48.70878773575296,10.830281911704683,4.031990286386159,0.0,0.0,0.0,0.0,0.0,model1,15.0,False,7932.0
2644,2015-11-28T17:00:00Z,49.0,173.32225834729192,454.47913453549415,99.26202651974224,40.97262978742084,16.734707737408865,48.25045340511739,9.949158133528352,4.553594051352066,0.0,0.0,0.0,0.0,0.0,model1,15.0,False,7935.0
2645,2015-11-28T20:00:00Z,49.0,173.70731858457387,449.91419484639687,99.56470274450164,41.04454526985745,16.532280958958992,47.94335547505271,9.264825778646859,3.7027697209993686,0.0,0.0,0.0,0.0,0.0,model1,15.0,False,7938.0
2646,2015-11-28T23:00:00Z,49.0,173.9155817081546,463.0007552871424,99.29200796742487,40.612867974913584,16.97385169726635,41.22277968532689,8.65284546593218,4.118452697956182,0.0,0.0,0.0,0.0,0.0,model1,15.0,False,7941.0
2647,2015-11-29T02:00:00Z,49.0,172.3701598434151,454.89256285569917,100.91469428870329,40.96848569816578,17.000209556697605,51.91218879370897,7.855489136184954,4.22293489550722,0.0,0.0,0.0,0.0,0.0,model1,15.0,False,7944.0
2648,2015-11-29T05:00:00Z,49.0,171.09300417789603,450.5027483335408,101.45399489221121,40.25891929462053,17.380617016919743,58.73218951369568,8.562985974102912,4.195814543739286,0.0,0.0,0.0,0.0,0.0,model1,15.0,False,7947.0
2649,2015-11-29T08:00:00Z,49.0,167.72047231204172,446.0104656802322,99.1106752872142,40.846330581500396,16.986156513735658,59.983193485081046,9.082913716735431,4.1611063489778735,0.0,0.0,0.0,0.0,0.0,model1,15.0,False,7950.0
2650,2015-11-29T11:00:00Z,49.0,168.45674511220963,441.3293764754506,98.73721186686217,41.166135688112654,16.201005840670312,58.97038301563142,9.744798641518557,4.60714234824292,0.0,0.0,0.0,0.0,0.0,model1,15.0,False,7953.0
2651,2015-11-29T14:00:00Z,49.0,167.75765503129037,434.35850239796997,99.01279194006165,41.15975079722293,13.625449627793387,56.575692208920486,10.318019931833216,4.7175602266506775,0.0,0.0,0.0,0.0,0.0,model1,15.0,False,7956.0
2652,2015-11-29T17:00:00Z,49.0,165.88139224597955,430.6979216672658,99.0475394974995,40.61061118317829,14.160746170800142,52.395487165954655,9.27869694462775,4.471558288748311,0.0,0.0,0.0,0.0,0.0,model1,15.0,False,7959.0
2653,2015-11-29T20:00:00Z,49.0,163.5572744461539,437.8342121445373,98.08268347078436,40.62721024440349,14.662257565605662,56.68988183708984,9.852549357243811,4.7629716636211015,0.0,0.0,0.0,0.0,0.0,model1,15.0,False,7962.0
2654,2015-11-29T23:00:00Z,49.0,163.12934353738888,430.9259724329343,97.61599030844215,41.0233219818165,14.383283404723082,52.1365366839313,9.697779114870787,4.541041617026164,0.0,0.0,0.0,0.0,0.0,model1,15.0,False,7965.0
2655,2015-11-30T02:00:00Z,49.0,163.3250537046381,437.1450664498712,97.20997708477013,41.2823483219486,14.754894963183336,44.84121909468684,9.953260399034404,4.612027529693607,0.0,0.0,0.0,0.0,0.0,model1,15.0,False,7968.0
2656,2015-11-30T05:00:00Z,49.0,164.4148065470898,438.51126108832153,98.24166257863807,41.96354861139992,15.461748945208646,35.93012557722475,9.479933385461855,4.5984203847534815,0.0,0.0,0.0,0.0,0.0,model1,15.0,False,7971.0
2657,2015-11-30T08:00:00Z,49.0,165.16198229219634,438.0366789762904,100.00929674071872,40.73665313746457,14.983670508313553,34.758925906617755,9.827479840055256,5.735781521196525,0.0,0.0,0.0,0.0,0.0,model1,15.0,False,7974.0
2658,2015-11-30T11:00:00Z,49.0,164.223309334827,439.9997202783647,99.99304658669607,40.5860680140902,14.311347777670367,32.940079773336386,9.54422749511492,5.216848173638246,0.0,0.0,0.0,0.0,0.0,model1,15.0,False,7977.0
2659,2015-11-30T14:00:00Z,49.0,164.65247334429702,445.82434840839005,99.13772500501291,40.16731511536778,15.285907233386665,33.73192637647723,9.003530617236521,5.108944420865245,0.0,0.0,0.0,0.0,0.0,model1,15.0,False,7980.0
2660,2015-11-30T17:00:00Z,49.0,165.70587418359077,445.06303494528913,98.05921394377974,40.355506010366284,14.605639788593495,41.408253805669325,9.362288610853426,5.041137270039882,1.0,0.0,0.0,0.0,0.0,model1,15.0,False,7983.0
2661,2015-11-30T20:00:00Z,49.0,166.9152607063454,436.75120145084884,99.74286873851378,39.98882121686752,14.906787696822764,36.07894827158253,10.177691806899633,4.59604557194318,1.0,0.0,0.0,0.0,0.0,model1,15.0,False,7986.0
2662,2015-11-30T23:00:00Z,49.0,166.55585478272087,442.48944920096324,99.55361565719109,40.29091764232262,13.745546472892224,42.72046526458367,10.312588062722817,4.591310742360823,1.0,0.0,0.0,0.0,0.0,model1,15.0,False,7989.0
2663,2015-12-01T02:00:00Z,49.0,164.86229476962998,445.91450884540086,98.22058473184171,39.99951210366584,14.188297192364795,45.04308537886536,10.459720079293318,4.3731736664238525,1.0,0.0,0.0,0.0,0.0,model1,15.0,False,7992.0
2664,2015-12-01T05:00:00Z,49.0,163.28742111190354,446.4196935743715,97.26008220224615,39.249284226518604,13.732613517348886,45.580368931417034,9.699389934108149,4.136994604828997,1.0,0.0,0.0,0.0,0.0,model1,15.0,False,7995.0
2665,2015-12-01T08:00:00Z,49.0,164.27569436762732,449.8029061801175,96.39449760997525,40.20019775054393,13.863523838807838,44.56954210466322,8.341338451995808,2.8853253489048667,1.0,0.0,0.0,0.0,0.0,model1,15.0,False,7998.0
2666,2015-12-01T11:00:00Z,49.0,166.50348547499945,441.48909214132993,96.36045795415652,39.93118038349266,16.101482937221473,50.16112586403427,9.526526342193213,3.5000373085896848,1.0,0.0,0.0,0.0,0.0,model1,15.0,False,8001.0
2667,2015-12-01T14:00:00Z,49.0,169.8436282673434,441.1726149173021,96.54701867570792,40.37215664329925,17.271181422537513,51.72305626482651,10.843876122169274,3.7164342056706636,1.0,0.0,0.0,0.0,0.0,model1,15.0,False,8004.0
2668,2015-12-01T17:00:00Z,49.0,169.90580654032232,445.9383563800795,97.26421513733256,39.73597210357586,17.757544606022552,44.560101432809,10.909119377639236,3.837870431656532,0.0,0.0,0.0,0.0,0.0,model1,15.0,False,8007.0
2669,2015-12-01T20:00:00Z,49.0,171.58306810550718,453.1558838440852,97.31867956367194,40.0381894152143,16.39309752044664,46.702129571571035,9.799422321446553,4.451381129076432,0.0,0.0,0.0,0.0,0.0,model1,15.0,False,8010.0
2670,2015-12-01T23:00:00Z,49.0,170.94640846962704,451.5069432571777,97.35465460409289,39.22783631172368,16.83701273712739,43.17508470519528,9.567665974113627,4.62816373955569,0.0,0.0,0.0,0.0,0.0,model1,15.0,False,8013.0
2671,2015-12-02T02:00:00Z,49.0,171.0831858230241,449.91711779645294,97.42627297752216,38.39122580517232,16.57531268497262,44.46394520674921,9.880685762240374,4.669572496102075,0.0,0.0,0.0,0.0,0.0,model1,15.0,False,8016.0
2672,2015-12-02T05:00:00Z,49.0,172.00744886343531,456.33222597984354,98.93305396891694,39.1144361819724,15.534758266703566,49.615554102376954,11.05393422741407,4.924438312703863,0.0,0.0,0.0,0.0,0.0,model1,15.0,False,8019.0
2673,2015-12-02T08:00:00Z,49.0,173.56995940353062,457.2630143789534,97.54780360658769,40.51276242752335,16.097648947937934,49.693824086469796,12.213136823813233,6.644817964234402,0.0,0.0,0.0,0.0,0.0,model1,15.0,False,8022.0
2674,2015-12-02T11:00:00Z,49.0,171.97672047060237,472.13974060023577,97.99894391651094,42.07386755498476,15.399815800255933,42.13131851217406,11.42124096472151,7.195047026438807,0.0,0.0,0.0,0.0,0.0,model1,15.0,False,8025.0
2675,2015-12-02T14:00:00Z,49.0,169.64463563059738,469.51663948078317,97.38982441192404,42.85306957335465,14.933133831549425,40.964830987428435,10.362019060304963,7.480015197795228,0.0,0.0,0.0,0.0,0.0,model1,15.0,False,8028.0
2676,2015-12-02T17:00:00Z,49.0,171.28089229133772,468.8405383525451,96.79176306527565,44.66070038219322,14.937354470199368,41.0917244859268,10.667837460369604,7.4929166481123675,0.0,0.0,0.0,0.0,0.0,model1,15.0,False,8031.0
2677,2015-12-02T20:00:00Z,49.0,171.06498934479714,469.2262969163109,95.89059215322216,46.22819143712743,15.870274348465035,53.6278149737869,10.293356866466047,7.759818779775228,0.0,0.0,0.0,0.0,0.0,model1,15.0,False,8034.0
2678,2015-12-02T23:00:00Z,49.0,173.14035684329414,468.80526460198433,96.88330394894982,47.964062543622006,14.821516546806883,55.01573027899889,11.0758707999634,6.601604702530133,0.0,0.0,0.0,0.0,0.0,model1,15.0,False,8037.0
2679,2015-12-03T02:00:00Z,49.0,173.63683577352958,470.12517301499435,97.26802107200831,50.38782810741748,15.462796241594615,56.86829275751154,11.1122562745175,5.005090342879392,0.0,0.0,0.0,0.0,0.0,model1,15.0,False,8040.0
2680,2015-12-03T05:00:00Z,49.0,173.48405314084943,469.60373471258384,97.41281859144371,51.609356807914345,15.971150852104447,59.278867410322405,11.064645355521623,4.3297921707371785,0.0,0.0,0.0,0.0,0.0,model1,15.0,False,8043.0
2681,2015-12-03T08:00:00Z,49.0,172.89128059099343,468.23955590340745,99.03488124754324,51.373441802665795,15.517733325104524,59.58395341051034,10.341298265437146,4.3053825246301205,0.0,0.0,0.0,0.0,0.0,model1,15.0,False,8046.0
2682,2015-12-03T11:00:00Z,49.0,170.16469750495233,454.6871782207276,98.3740453386348,51.67886684408886,16.023981112159927,62.15316060577329,12.068515761962544,4.281211317554052,0.0,0.0,0.0,0.0,0.0,model1,15.0,False,8049.0
2683,2015-12-03T14:00:00Z,49.0,170.67538056528224,455.558205449348,99.28706932299072,51.697753350090025,15.098512337870448,64.35715946327194,12.298253031992507,4.259330622457154,0.0,0.0,0.0,0.0,0.0,model1,15.0,False,8052.0
2684,2015-12-03T17:00:00Z,49.0,170.44314852607712,453.54246492629346,100.20197251579172,51.187369994733935,14.819709134271916,65.02474160423111,11.802025117255626,4.307070354332779,0.0,0.0,0.0,0.0,0.0,model1,15.0,False,8055.0
2685,2015-12-03T20:00:00Z,49.0,168.48993556813025,451.1957608600631,100.2991073943761,50.605434479680966,14.294052989326868,57.298128653271675,11.939980679356479,4.259945046773702,0.0,0.0,0.0,0.0,0.0,model1,15.0,False,8058.0
2686,2015-12-03T23:00:00Z,49.0,167.29010144954572,449.9218835458744,99.46542328181762,50.370482795465186,14.337458100837456,55.53502043019349,12.090274307827313,4.150350093177804,0.0,0.0,0.0,0.0,0.0,model1,15.0,False,8061.0
2687,2015-12-04T02:00:00Z,49.0,169.1756031238485,442.14742103215264,100.29335722082236,49.65227905725506,13.093824598938427,54.132559294572104,11.951172344378099,3.4758442355540464,0.0,0.0,0.0,0.0,0.0,model1,15.0,False,8064.0
2688,2015-12-04T05:00:00Z,49.0,168.148667841805,435.9098043201022,99.90379646441055,49.37498362584174,13.758035781863232,43.88242572838846,11.859680318191929,3.1593593432576137,0.0,0.0,0.0,0.0,0.0,model1,15.0,False,8067.0
2689,2015-12-04T08:00:00Z,49.0,170.1520997840514,433.86794730921065,100.12491022295677,48.640058514595616,15.349760667471845,45.405620179367894,11.370381978519086,4.704662569969522,0.0,0.0,0.0,0.0,0.0,model1,15.0,False,8070.0
2690,2015-12-04T11:00:00Z,49.0,171.2292630331655,443.01564019556196,99.68142848830112,47.184965792450676,14.722116526394135,44.46014431709422,10.254376590529152,5.280561686806755,0.0,0.0,0.0,0.0,0.0,model1,15.0,False,8073.0
2691,2015-12-04T14:00:00Z,49.0,169.1749507488945,441.54531295928086,99.68251488824913,45.9042791466825,14.297086140038353,43.21457451843162,9.87605525238518,6.102415816780669,0.0,0.0,0.0,0.0,0.0,model1,15.0,False,8076.0
2692,2015-12-04T17:00:00Z,49.0,169.39771055842883,443.7147570115764,99.36105704367179,45.13944347294743,14.576643246648027,43.9406379870113,9.995202029764927,6.426022907783683,0.0,0.0,0.0,0.0,0.0,model1,15.0,False,8079.0
2693,2015-12-04T20:00:00Z,49.0,170.77885753015934,447.5815416960881,99.84259213414043,45.044789350811094,13.816992192610906,44.15347574331707,9.993883899852255,6.388991495023508,0.0,0.0,0.0,0.0,0.0,model1,15.0,False,8082.0
2694,2015-12-04T23:00:00Z,49.0,172.19872091032292,443.22045663830505,100.49309918185672,43.822733164647204,16.036673576126326,44.92130404229575,9.614908756749161,7.053852262300913,0.0,0.0,0.0,0.0,0.0,model1,15.0,False,8085.0
2695,2015-12-05T02:00:00Z,49.0,173.0904034600016,453.4797519065258,100.47612597174131,42.662599298161545,16.931687474247312,43.43525781023296,9.781951604410848,6.9072652645085855,0.0,0.0,0.0,0.0,0.0,model1,15.0,False,8088.0
2696,2015-12-05T05:00:00Z,49.0,174.5199537710951,454.6623408526958,98.84355627665344,40.45334359599588,16.55082201744516,42.57141801794508,9.221547489389547,6.8376747326527525,0.0,0.0,0.0,0.0,0.0,model1,15.0,False,8091.0
2697,2015-12-05T08:00:00Z,49.0,171.24097170272063,457.32864883124654,98.71004267286058,40.24011029206679,15.651017983192085,41.37746893678515,9.358162722749167,6.081229143766918,0.0,0.0,0.0,0.0,0.0,model1,15.0,False,8094.0
2698,2015-12-05T11:00:00Z,49.0,174.03210821378238,453.0440415658923,100.58906131624985,39.736058531002335,16.387750906805294,42.5189368374599,8.834494521266288,5.76944859055834,0.0,0.0,0.0,0.0,0.0,model1,15.0,False,8097.0
2699,2015-12-05T14:00:00Z,49.0,173.1222794831869,454.04311982252113,101.27148681959845,39.96131422107312,16.974421610995613,44.503901466311724,8.581478086719342,5.6669311185979065,0.0,0.0,0.0,0.0,0.0,model1,15.0,False,8100.0
2700,2015-12-05T17:00:00Z,49.0,173.93426637707032,455.86273173634316,101.93623976824415,39.834978486715656,18.148458651314954,50.06881448506448,8.06600673672129,5.6547102356894445,0.0,0.0,0.0,0.0,0.0,model1,15.0,False,8103.0
2701,2015-12-05T20:00:00Z,49.0,174.16087144194736,446.4405242757548,101.84225828351835,37.97064141209838,18.974549140238658,46.47476238671745,7.659706375074595,4.685319890966642,0.0,0.0,0.0,0.0,0.0,model1,15.0,False,8106.0
2702,2015-12-05T23:00:00Z,49.0,174.1670224001271,451.80851783686796,100.5107941285645,38.57157863959231,17.88174273858372,51.70235817245092,7.504868011127811,4.716732979048919,0.0,0.0,0.0,0.0,0.0,model1,15.0,False,8109.0
2703,2015-12-06T02:00:00Z,49.0,174.08042297829533,448.7891826684712,101.19001693048149,39.162440931847726,17.508724909799277,50.11639942573748,6.517981956008983,5.110088765904653,0.0,0.0,0.0,0.0,0.0,model1,15.0,False,8112.0
2704,2015-12-06T05:00:00Z,49.0,174.7760354719411,449.5798807330719,101.06980445271368,40.105005291189656,17.332871301262074,50.233649606486395,7.540788617740601,4.679586784634621,0.0,0.0,0.0,0.0,0.0,model1,15.0,False,8115.0
2705,2015-12-06T08:00:00Z,49.0,173.53071678607552,451.81090735187036,101.46208241532234,39.929269864938995,18.228986037572703,49.502816901283815,8.325329755571163,4.521595007748815,0.0,0.0,0.0,0.0,0.0,model1,15.0,False,8118.0
2706,2015-12-06T11:00:00Z,49.0,171.86478793022462,451.1577732008825,100.80569100020573,40.31639199091091,17.543688404877376,48.07610997746109,7.976329537346015,4.517285520433306,0.0,0.0,0.0,0.0,0.0,model1,15.0,False,8121.0
2707,2015-12-06T14:00:00Z,49.0,175.60956890495888,451.6430818115135,99.1222265232415,39.94052986134468,17.622672404559438,44.55821815060028,8.931687477003399,4.4633618499950805,0.0,0.0,0.0,0.0,0.0,model1,15.0,False,8124.0
2708,2015-12-06T17:00:00Z,49.0,173.71530279641308,443.9131292068724,97.83261589597522,40.6037680361036,16.203725225573002,39.955112875694944,8.927771864504535,4.617283742082966,0.0,0.0,0.0,0.0,0.0,model1,15.0,False,8127.0
2709,2015-12-06T20:00:00Z,49.0,170.84748818984713,453.47994036659827,97.62738078540896,41.552238808175204,16.71720901014054,43.179964567697716,9.637628344341355,4.099982354902029,0.0,0.0,0.0,0.0,0.0,model1,15.0,False,8130.0
2710,2015-12-06T23:00:00Z,49.0,170.5119199207061,452.3791889342354,97.08958403212222,40.88646821994193,15.614733244863375,37.50550984749631,10.038447878951338,4.3990274958054485,0.0,0.0,0.0,0.0,0.0,model1,15.0,False,8133.0
2711,2015-12-07T02:00:00Z,49.0,169.76175640422267,457.01991709752986,97.68187759659578,41.20655833901503,15.734295409032836,37.7143775639652,10.689988412250582,5.119998649027374,0.0,0.0,0.0,0.0,1.0,model1,15.0,False,8136.0
2712,2015-12-07T05:00:00Z,49.0,170.51584150378142,455.35875301184234,97.66472860902884,41.605051169488576,15.106746862556365,37.48329914138152,10.120978737125057,5.2468947615782975,0.0,0.0,0.0,0.0,1.0,model1,15.0,False,8139.0
2713,2015-12-07T08:00:00Z,49.0,172.3552101100016,448.5511089646788,98.87291406620407,42.82936927423759,13.841574852459708,40.77509620932085,11.325700487082806,6.042058077348412,0.0,0.0,0.0,0.0,1.0,model1,15.0,False,8142.0
2714,2015-12-07T11:00:00Z,49.0,171.25206297922404,451.96828043690215,99.02666678862651,43.679010020740655,13.574334639903517,40.019026809310944,11.546060692969522,6.16391261175871,0.0,0.0,0.0,0.0,1.0,model1,15.0,False,8145.0
2715,2015-12-07T14:00:00Z,49.0,169.16604463504126,458.02611793975495,100.8743496243985,45.17518111386626,12.486154647282856,44.413682391729296,10.868319436535304,5.950882145129403,0.0,0.0,0.0,0.0,1.0,model1,15.0,False,8148.0
2716,2015-12-07T17:00:00Z,49.0,168.59891712215278,459.8377786146287,100.86910296169869,45.67109864746684,12.651640151141384,43.88919604008953,11.681197923705133,6.072877840873202,0.0,0.0,0.0,0.0,1.0,model1,15.0,False,8151.0
2717,2015-12-07T20:00:00Z,49.0,170.30073480359732,455.48517145336524,100.3895155799534,47.30523114196768,11.493739459565392,42.56593537947536,12.581344080345671,6.382855704476451,0.0,0.0,0.0,0.0,1.0,model1,15.0,False,8154.0
2718,2015-12-07T23:00:00Z,49.0,171.42680274092382,456.44392080300486,101.6269472209492,49.0942903990102,13.437962076640206,48.65012672533676,12.33529432517635,4.962995981649641,0.0,0.0,0.0,0.0,1.0,model1,15.0,False,8157.0
2719,2015-12-08T02:00:00Z,49.0,172.25163738999817,453.67439876079857,99.95405293527675,49.485286599240226,12.743201543805325,46.99253641427005,12.332477991696274,4.442637471950581,0.0,0.0,0.0,0.0,0.0,model1,15.0,False,8160.0
2720,2015-12-08T05:00:00Z,49.0,170.07778036044803,463.0480264708978,100.20284655842904,50.40946068008438,12.755305204891846,51.77204749218743,13.02788233955127,3.5319520138350047,0.0,0.0,0.0,0.0,0.0,model1,15.0,False,8163.0
2721,2015-12-08T08:00:00Z,49.0,169.66518011241033,470.31124184195363,99.39154641066987,50.55995839189786,12.945350971824405,48.14893157446144,11.57856531287368,3.698077851728698,0.0,0.0,0.0,0.0,0.0,model1,15.0,False,8166.0
2722,2015-12-08T11:00:00Z,49.0,170.26279896808208,466.6883429283412,100.21553547046005,51.04770101216421,13.177899500181512,52.4338871417165,11.726278949354873,3.6596110910615054,0.0,0.0,0.0,0.0,0.0,model1,15.0,False,8169.0
2723,2015-12-08T14:00:00Z,49.0,171.8232630605055,454.594578126767,99.00671962409187,51.3136654863516,12.579778769508117,52.80804373639707,11.808001889987686,4.039359291970247,0.0,0.0,0.0,0.0,0.0,model1,15.0,False,8172.0
2724,2015-12-08T17:00:00Z,49.0,172.40848445898936,458.3299113284886,98.95411004816843,51.56444607194824,14.081182088946445,49.80090974222674,11.364952690528266,3.871569426475756,0.0,0.0,0.0,0.0,0.0,model1,15.0,False,8175.0
2725,2015-12-08T20:00:00Z,49.0,173.5843337222946,454.43417167327624,99.69416449656435,51.12131275146486,14.646137971003663,51.315093561079756,9.816845039769825,3.5709546532397427,0.0,0.0,0.0,0.0,0.0,model1,15.0,False,8178.0
2726,2015-12-08T23:00:00Z,49.0,173.06947303122,450.18920330986487,98.51160751143007,51.451572208205434,12.886628509330375,52.41914937952235,9.792805732563624,3.5751709373107285,0.0,0.0,0.0,0.0,0.0,model1,15.0,False,8181.0
2727,2015-12-09T02:00:00Z,49.0,171.2768370212579,447.7351577711552,99.34561744508858,50.721885764973536,12.625184281335006,51.88501243149342,9.32373943495494,5.364706244589722,0.0,0.0,0.0,0.0,0.0,model1,15.0,False,8184.0
2728,2015-12-09T05:00:00Z,49.0,173.2138143257267,442.67222117224935,100.23335831288507,49.148194555884245,13.307914663373207,45.87740947531849,8.483581276669863,6.647964725249156,0.0,0.0,0.0,0.0,0.0,model1,15.0,False,8187.0
2729,2015-12-09T08:00:00Z,49.0,172.5962754958357,439.43213445498685,100.33157173647147,47.268145777880285,14.462722967224117,46.04208350008486,8.99602732987651,7.780843133791285,0.0,0.0,0.0,0.0,0.0,model1,15.0,False,8190.0
2730,2015-12-09T11:00:00Z,49.0,171.3311304259676,442.0517800805156,99.49988467958971,44.74010065671594,15.306586190859685,43.89612602034929,8.931943081844635,9.139864122046852,0.0,0.0,0.0,0.0,0.0,model1,15.0,False,8193.0
2731,2015-12-09T14:00:00Z,49.0,171.92862334059998,446.1534473973839,101.1046490043245,42.84088979219546,16.272204152523695,43.416365042510606,9.253173609654088,8.906183443104426,0.0,0.0,0.0,0.0,0.0,model1,15.0,False,8196.0
2732,2015-12-09T17:00:00Z,49.0,172.75688288316059,448.442479405065,101.71224191030024,41.2302845233706,14.94315212841452,45.28238344463538,8.463237082689071,8.85742368517372,0.0,0.0,0.0,0.0,0.0,model1,15.0,False,8199.0
2733,2015-12-09T20:00:00Z,49.0,172.68181691583257,451.84052107736665,101.80531372811569,40.17804242849336,14.218686959777026,44.89290685551695,9.765601762649359,7.996459444896401,0.0,0.0,0.0,0.0,0.0,model1,15.0,False,8202.0
2734,2015-12-09T23:00:00Z,49.0,172.18449753145947,454.5044323339338,103.9913208616212,37.747923229681355,14.621840520051,35.1983595143005,9.438397604382077,6.186736429462079,0.0,0.0,0.0,0.0,0.0,model1,15.0,False,8205.0
2735,2015-12-10T02:00:00Z,49.0,172.35515581155514,456.2221858138679,103.77220366659607,36.62970147049719,15.914187776208445,36.820655278113584,10.159388525415679,5.1639142491767736,0.0,0.0,0.0,0.0,0.0,model1,15.0,False,8208.0
2736,2015-12-10T05:00:00Z,49.0,170.8085102311896,459.29652861026466,103.66220885543774,36.8592324117847,16.26807488466115,40.99618220980132,9.831192866124944,5.34112265488759,0.0,0.0,0.0,0.0,0.0,model1,15.0,False,8211.0
2737,2015-12-10T08:00:00Z,49.0,171.95830417418313,462.90566406594735,103.20969286814672,37.81955243692554,15.115141127937028,38.522245450499256,9.425392097925364,5.900234212352611,0.0,0.0,0.0,0.0,0.0,model1,15.0,False,8214.0
2738,2015-12-10T11:00:00Z,49.0,174.44889711014167,462.40719290543626,103.49073445582891,39.4746483300224,14.836520338219442,40.73183309822079,9.423856791047562,6.282943162421124,0.0,0.0,0.0,0.0,0.0,model1,15.0,False,8217.0
2739,2015-12-10T14:00:00Z,49.0,172.0591843838528,460.4353368604585,103.25556154391698,39.38904498089982,14.12905031511658,39.97019805012108,9.756408571242671,6.277250797201368,0.0,0.0,0.0,0.0,0.0,model1,15.0,False,8220.0
2740,2015-12-10T17:00:00Z,49.0,170.79162953900718,452.9296967365104,104.3353012020664,39.58606822751044,13.738628931736573,41.22956389425725,10.996579243592727,5.799401778608744,0.0,0.0,0.0,0.0,0.0,model1,15.0,False,8223.0
2741,2015-12-10T20:00:00Z,49.0,169.89954770198028,444.9680340863449,103.39613925108142,38.93635675069825,15.081116280156305,42.484317911002066,10.4467212323448,6.196621516364715,0.0,0.0,0.0,0.0,0.0,model1,15.0,False,8226.0
2742,2015-12-10T23:00:00Z,49.0,169.2698809530984,437.60269813848953,103.56318879626006,39.63535876152682,15.18868841730153,47.96832572064785,10.986517066910057,6.007998985975095,0.0,0.0,0.0,0.0,0.0,model1,15.0,False,8229.0
2743,2015-12-11T02:00:00Z,49.0,171.62192435654566,439.2238958230022,102.56854700700559,40.57167474133544,14.890759137208345,47.759335606171284,10.978150010681867,5.435167861508352,0.0,0.0,0.0,0.0,0.0,model1,15.0,False,8232.0
2744,2015-12-11T05:00:00Z,49.0,170.7766105649087,442.2835843904269,102.35282759384745,40.72393696580148,13.891960045493596,50.99908711144722,11.279786563125048,5.427717630292984,0.0,0.0,0.0,0.0,0.0,model1,15.0,False,8235.0
2745,2015-12-11T08:00:00Z,49.0,169.41422676235914,441.5083548194581,102.02141502886863,40.29040619974345,14.758680422314171,51.80721786476259,11.336450752786467,4.998918721766624,0.0,0.0,0.0,0.0,0.0,model1,15.0,False,8238.0
2746,2015-12-11T11:00:00Z,49.0,169.31735753908066,446.7646929512706,102.07532847420471,39.700836300032,14.119297865718416,51.82893383577672,10.793134618604839,3.9124974607426224,0.0,0.0,0.0,0.0,0.0,model1,15.0,False,8241.0
2747,2015-12-11T14:00:00Z,49.0,171.31454789907957,453.92997985047134,102.25757251607862,40.28261462407778,14.521321394696526,59.556488430626715,10.298760615351751,4.2040707598464735,0.0,0.0,0.0,0.0,0.0,model1,15.0,False,8244.0
2748,2015-12-11T17:00:00Z,49.0,173.60390822942657,455.0572639237876,101.46141696980725,40.73221863110244,15.408431610612912,59.90083431322775,8.884127753893972,5.143840443002111,0.0,0.0,0.0,0.0,0.0,model1,15.0,False,8247.0
2749,2015-12-11T20:00:00Z,49.0,172.8172636462587,460.70621463435316,102.00557954203826,40.91564866682267,15.146869548909256,56.13694522963562,9.324500243719669,4.928935791466347,0.0,0.0,0.0,0.0,0.0,model1,15.0,False,8250.0
2750,2015-12-11T23:00:00Z,49.0,174.62867387926332,468.45290956324317,101.03648741660814,40.54766008299206,15.698580945855186,50.749285576981876,8.032038963674774,4.996863124753856,0.0,0.0,0.0,0.0,0.0,model1,15.0,False,8253.0
2751,2015-12-12T02:00:00Z,49.0,172.62335657038747,464.02366239594215,102.88506014286358,40.08139118627935,16.55294706996963,52.404551325746574,7.354612350129073,5.046212262886888,0.0,0.0,0.0,0.0,0.0,model1,15.0,False,8256.0
2752,2015-12-12T05:00:00Z,49.0,172.65244442837815,457.2381498213875,102.1704178094638,40.63602946697417,17.05218551841244,48.90493051619929,7.818321881093973,5.578779662819335,0.0,0.0,0.0,0.0,0.0,model1,15.0,False,8259.0
2753,2015-12-12T08:00:00Z,49.0,174.2040593410038,457.83916971177314,103.18897381985909,40.15743573539205,17.32943056360774,49.417445269905436,8.123561171445338,5.835113133295399,0.0,0.0,0.0,0.0,0.0,model1,15.0,False,8262.0
2754,2015-12-12T11:00:00Z,49.0,173.2033171492352,457.4829091971119,100.50223443818092,40.55846736320037,17.42361286621665,51.284532337402545,12.057702557164848,5.9423664589886345,0.0,0.0,0.0,0.0,0.0,model1,15.0,False,8265.0
2755,2015-12-12T14:00:00Z,49.0,170.75024672858274,448.7611982693843,99.47835701827043,40.01070546605275,18.114198460084342,45.42515670393591,11.968843382548435,5.7351591899711964,0.0,0.0,0.0,0.0,0.0,model1,15.0,False,8268.0
2756,2015-12-12T17:00:00Z,49.0,167.70395829477008,451.8323166934227,100.0124784761374,39.39464934076009,17.06803754321739,43.52508092086856,11.908062074112149,5.055964233178772,0.0,0.0,0.0,0.0,0.0,model1,15.0,False,8271.0
2757,2015-12-12T20:00:00Z,49.0,167.39536532215934,456.56142300854134,100.84951424779592,39.04045735596076,16.669726081770506,48.06264734997961,12.619779609924386,4.875803573759911,0.0,0.0,0.0,0.0,0.0,model1,15.0,False,8274.0
2758,2015-12-12T23:00:00Z,49.0,164.6988430239236,464.304532949029,101.57245826647377,39.85743262034271,14.967748246999061,50.283498738955785,13.075053218824047,5.326484601671772,0.0,0.0,0.0,0.0,0.0,model1,15.0,False,8277.0
2759,2015-12-13T02:00:00Z,49.0,165.61482948392137,472.1353381705365,100.65532286570722,39.982045526778045,14.431499637018845,51.442257027515716,13.171825253668842,5.2785711718586255,0.0,0.0,0.0,0.0,0.0,model1,15.0,False,8280.0
2760,2015-12-13T05:00:00Z,49.0,166.76830281360753,471.6919711708175,102.06359704524351,39.36253365683634,14.040669230080033,49.780436920784766,13.192214101080054,4.661537422381677,0.0,0.0,0.0,0.0,0.0,model1,15.0,False,8283.0
2761,2015-12-13T08:00:00Z,49.0,167.18466963483323,474.3207898515181,100.09537403115348,39.463032200523685,12.632684291252218,55.60319344498743,13.788042262527675,4.684213410269588,0.0,0.0,0.0,0.0,0.0,model1,15.0,False,8286.0
2762,2015-12-13T11:00:00Z,49.0,166.70661798416367,464.41789758300337,102.066084319982,39.28687126675891,12.119106014133095,60.60705564414844,10.732750089348905,4.751755366030643,0.0,0.0,0.0,0.0,0.0,model1,15.0,False,8289.0
2763,2015-12-13T14:00:00Z,49.0,164.93033001907818,472.0110929838138,103.5851037316456,39.767865324227756,13.074246540685715,56.361394936897575,12.175474738710875,4.742060944317494,0.0,0.0,0.0,0.0,0.0,model1,15.0,False,8292.0
2764,2015-12-13T17:00:00Z,49.0,165.8747013397235,471.95356399663683,102.37301013857339,39.71536313652256,13.296638369852175,56.19748493359757,12.770471435571675,4.9068056053673885,0.0,0.0,0.0,0.0,0.0,model1,15.0,False,8295.0
2765,2015-12-13T20:00:00Z,49.0,166.9403201091531,471.67077925302885,101.89186690757236,40.29585518028734,12.6853304176019,53.7244984151149,11.741376882582355,4.625953330231,0.0,0.0,0.0,0.0,0.0,model1,15.0,False,8298.0
2766,2015-12-13T23:00:00Z,49.0,167.41144143168168,469.0378280174157,100.16861652971828,39.652974702682684,12.579312614920779,50.56734491342107,11.211220933176284,4.107249877405878,0.0,0.0,0.0,0.0,0.0,model1,15.0,False,8301.0
2767,2015-12-14T02:00:00Z,49.0,165.7018583472038,464.14215844611573,99.19928422568337,40.3099345347255,11.77710951957109,50.89829493170053,11.580542855668176,4.90515231376127,0.0,0.0,0.0,0.0,0.0,model1,15.0,False,8304.0
2768,2015-12-14T05:00:00Z,49.0,166.2514968843625,468.80447866722886,98.95758483570069,40.29033706405004,11.642052717329033,54.124180146465385,11.142730550394992,4.805138051916802,0.0,0.0,0.0,0.0,0.0,model1,15.0,False,8307.0
2769,2015-12-14T08:00:00Z,49.0,164.63735885652966,468.90176223454887,98.99835540437056,41.16039200797536,11.230187272308664,54.94240207731741,10.37119906109305,4.726622354411356,0.0,0.0,0.0,0.0,0.0,model1,15.0,False,8310.0
2770,2015-12-14T11:00:00Z,49.0,166.03653032781222,474.94172092190115,99.37327172931572,41.26893063706177,13.5811662318612,51.735541984000385,11.112840680219088,4.479607969921148,0.0,0.0,0.0,0.0,0.0,model1,15.0,False,8313.0
2771,2015-12-14T14:00:00Z,49.0,169.58836876951875,469.5550418612788,98.57779727372572,41.75315915008189,12.05684476380974,54.808311074945294,10.089854937899569,4.559015870658453,0.0,0.0,0.0,0.0,0.0,model1,15.0,False,8316.0
2772,2015-12-14T17:00:00Z,49.0,168.75859892658812,467.3386757161062,100.32237041909724,42.492450664395534,14.166335404144785,59.6450482852711,11.601275768019605,4.0730721963522285,0.0,0.0,0.0,0.0,0.0,model1,15.0,False,8319.0
2773,2015-12-14T20:00:00Z,49.0,170.7349361374751,467.0683364369864,98.47697601084947,42.04573186165506,14.949367688413773,60.032255443365536,12.529046298337702,4.403290074696078,0.0,0.0,0.0,0.0,0.0,model1,15.0,False,8322.0
2774,2015-12-14T23:00:00Z,49.0,171.0970113461037,466.0502032179717,99.17673310902184,42.45545334351189,14.905372440888838,66.11180746848129,12.576004890187864,4.204167961719224,0.0,0.0,0.0,0.0,0.0,model1,15.0,False,8325.0
2775,2015-12-15T02:00:00Z,49.0,172.01083762142846,469.070217125018,100.17442787034756,42.24681827396084,15.015624024674034,63.89224830763401,11.969180625182949,4.595000153246398,0.0,0.0,0.0,0.0,0.0,model1,15.0,False,8328.0
2776,2015-12-15T05:00:00Z,49.0,171.28472633469087,465.5492692411271,100.0400899300168,41.830145272557715,15.619982952825945,62.338010233299464,11.920996622609367,4.894214361514579,0.0,0.0,0.0,0.0,0.0,model1,15.0,False,8331.0
2777,2015-12-15T08:00:00Z,49.0,172.65228264927987,457.5939712429165,100.85592474376871,41.68554681937115,15.46648244426854,54.894521989287355,11.941121771079333,4.994326703646991,0.0,0.0,0.0,0.0,0.0,model1,15.0,False,8334.0
2778,2015-12-15T11:00:00Z,49.0,173.9848649537786,455.40920500477984,100.49733972690927,41.61284998275706,14.988817124611193,51.35009362899828,11.31982218851712,5.211584507400361,0.0,0.0,0.0,0.0,0.0,model1,15.0,False,8337.0
2779,2015-12-15T14:00:00Z,49.0,175.4962688792622,458.4226648110668,100.21031441414507,41.543327837880994,15.789588065319107,49.9865244067865,10.448314986102258,6.0078815956290725,0.0,0.0,0.0,0.0,0.0,model1,15.0,False,8340.0
2780,2015-12-15T17:00:00Z,49.0,175.77072731804498,463.962450827038,98.93965603144648,41.309328761603844,14.599018052075177,44.62081772615568,8.109275224942223,6.282184093433791,0.0,0.0,0.0,0.0,0.0,model1,15.0,False,8343.0
2781,2015-12-15T20:00:00Z,49.0,173.91289898603753,455.18239111114684,100.5675791037503,41.68051224016255,14.819488043111065,47.968914241272756,6.326623438160494,6.269844629829597,0.0,0.0,0.0,0.0,0.0,model1,15.0,False,8346.0
2782,2015-12-15T23:00:00Z,49.0,174.6862550516193,450.3878848882852,100.81060044900423,42.01849922777889,15.313652661269042,37.806662261614214,6.6259995846515976,6.281440426932943,0.0,0.0,0.0,0.0,0.0,model1,15.0,False,8349.0
2783,2015-12-16T02:00:00Z,49.0,174.4962451742144,453.1122962327978,102.14976846213692,41.66122089549998,14.472036486402885,47.96708347078729,7.463316951839207,5.845481475355093,0.0,0.0,0.0,0.0,0.0,model1,15.0,False,8352.0
2784,2015-12-16T05:00:00Z,49.0,173.04957395567834,450.0846835519733,100.43379816021387,42.50024290156621,15.243587587581382,47.82669534469568,9.231308185024195,5.9550985612163725,0.0,0.0,0.0,0.0,0.0,model1,15.0,False,8355.0
2785,2015-12-16T08:00:00Z,49.0,173.81583212345558,448.24248887137185,100.63457836002264,42.620856940551406,15.241218933942607,49.2167253339469,9.116342100587945,5.86686646059556,0.0,0.0,0.0,0.0,0.0,model1,15.0,False,8358.0
2786,2015-12-16T11:00:00Z,49.0,171.37398685607437,461.2303031344974,100.93156576346271,41.761576849054116,14.119675142988573,56.784100556095105,9.620707598282067,6.960574671323701,0.0,0.0,0.0,0.0,0.0,model1,15.0,False,8361.0
2787,2015-12-16T14:00:00Z,49.0,169.06448291844703,465.9735348186658,100.43846218946285,41.341139733423795,11.691795027642105,58.077129637481576,9.289526900820107,6.137470745082848,0.0,0.0,0.0,0.0,0.0,model1,15.0,False,8364.0
2788,2015-12-16T17:00:00Z,49.0,171.11141039268847,465.9213004133522,100.77553349086399,41.40230308054064,11.220794544027166,58.716060236919134,9.374157835206974,5.6860354018939505,0.0,0.0,0.0,0.0,0.0,model1,15.0,False,8367.0
2789,2015-12-16T20:00:00Z,49.0,170.2726287730905,470.80306778038585,99.01579104498389,40.98038801908328,11.016933069952366,57.527531274797155,11.326419650487427,5.683543828658731,0.0,0.0,0.0,0.0,0.0,model1,15.0,False,8370.0
2790,2015-12-16T23:00:00Z,49.0,169.5842624505505,465.3255859327156,98.02930640627741,41.14560839294585,10.102785032985787,63.72452483073671,11.109736763141434,6.038338838774747,0.0,0.0,0.0,0.0,0.0,model1,15.0,False,8373.0
2791,2015-12-17T02:00:00Z,49.0,169.38086332482982,456.7671943047374,96.09080603756142,40.53225013935357,10.20535778414862,57.30370442477419,9.837953150053227,5.9968757888833615,0.0,0.0,0.0,0.0,0.0,model1,15.0,False,8376.0
2792,2015-12-17T05:00:00Z,49.0,170.4819519543615,456.0284434593216,97.6733215029266,40.50529682991469,9.005366206089231,55.907216611908815,9.864423373806599,5.963807137262039,0.0,0.0,0.0,0.0,0.0,model1,15.0,False,8379.0
2793,2015-12-17T08:00:00Z,49.0,168.37991465308716,458.98423754603,97.18502569082015,39.87275869321029,9.651156390933226,53.59670276240442,9.585035029943102,5.782492683208468,0.0,0.0,0.0,0.0,0.0,model1,15.0,False,8382.0
2794,2015-12-17T11:00:00Z,49.0,167.18120023762458,452.10859680715936,97.20869244838076,40.72357774108347,11.348265724180234,46.78362527184589,8.972789263986526,4.651168263306081,0.0,0.0,0.0,0.0,0.0,model1,15.0,False,8385.0
2795,2015-12-17T14:00:00Z,49.0,169.07200260641864,449.9327482132754,96.38753219988753,40.7734316086041,13.242935255365026,45.20999318725372,9.357144923434936,4.786975550924779,0.0,0.0,0.0,0.0,0.0,model1,15.0,False,8388.0
2796,2015-12-17T17:00:00Z,49.0,167.68096110499314,452.71945920405597,95.7538721722753,40.26345153852622,12.713103182766249,45.68156293144526,9.066803052534766,4.955478240492943,0.0,0.0,0.0,0.0,0.0,model1,15.0,False,8391.0
2797,2015-12-17T20:00:00Z,49.0,170.00933422357184,455.46842464989805,96.51541179738304,40.77019283841274,14.011594556807045,45.99897188366293,8.156970651841124,4.787648384437771,0.0,0.0,0.0,0.0,0.0,model1,15.0,False,8394.0
2798,2015-12-17T23:00:00Z,49.0,170.8065460864744,455.34968886702086,96.29029636066493,40.20027581125347,13.617235213163758,43.82562594963292,8.19568221407799,4.063508092921669,0.0,0.0,0.0,0.0,0.0,model1,15.0,False,8397.0
2799,2015-12-18T02:00:00Z,49.0,171.44201119762286,460.2705303824416,96.4685916784362,40.60565854893932,14.080366611508387,43.2119991274711,8.49776393435601,3.866013230544278,0.0,0.0,0.0,0.0,0.0,model1,15.0,False,8400.0
2800,2015-12-18T05:00:00Z,49.0,172.51246068820083,455.74359382269614,96.36305964244946,40.10895614636472,14.116393101948848,46.16012987494809,9.106387504983443,3.0981667631136585,0.0,0.0,0.0,0.0,0.0,model1,15.0,False,8403.0
2801,2015-12-18T08:00:00Z,49.0,171.9349227375323,460.7319603167872,98.03385944107386,39.85402691796686,13.746495044593578,53.44520249714029,10.117793987156661,3.031426658920192,0.0,0.0,0.0,0.0,0.0,model1,15.0,False,8406.0
2802,2015-12-18T11:00:00Z,49.0,172.7634440659927,455.1425486794288,97.87214654104356,39.448043229083254,12.207308956544445,53.24570512612972,10.295479754828829,2.958412621765913,0.0,0.0,0.0,0.0,0.0,model1,15.0,False,8409.0
2803,2015-12-18T14:00:00Z,49.0,171.336225153322,452.0656776578515,99.01158621212052,39.333560577860176,10.794355728010006,51.23361395253078,9.899409226770402,3.1204852833744385,0.0,0.0,0.0,0.0,0.0,model1,15.0,False,8412.0
2804,2015-12-18T17:00:00Z,49.0,173.03338253345245,445.3552423669894,99.4227549183192,38.957248377395366,11.98283260337984,48.99607832759296,10.465667915841573,3.5298408103939884,0.0,0.0,0.0,0.0,0.0,model1,15.0,False,8415.0
2805,2015-12-18T20:00:00Z,49.0,171.6328550850399,447.9328413790288,100.35979260826029,38.99445665753243,11.059960523433118,46.49953281967435,9.69804737844142,3.68554236082864,0.0,0.0,0.0,0.0,0.0,model1,15.0,False,8418.0
2806,2015-12-18T23:00:00Z,49.0,171.0721009691601,451.93812996752166,101.19738352671024,39.492803088777706,11.279594462741096,41.33023288793452,9.294582623762837,4.3956765438716765,0.0,0.0,0.0,0.0,0.0,model1,15.0,False,8421.0
2807,2015-12-19T02:00:00Z,49.0,170.73793447400845,443.69349726906273,100.96692760717184,39.801317548814545,10.578901627273718,41.9346718655784,9.299278424242626,5.710716656377113,0.0,0.0,0.0,0.0,0.0,model1,15.0,False,8424.0
2808,2015-12-19T05:00:00Z,49.0,170.30663159120908,454.6787188141849,101.15370269266249,39.665901502646,10.009256718631237,43.10246307848188,8.686061446624926,5.865038073485023,0.0,0.0,0.0,0.0,0.0,model1,15.0,False,8427.0
2809,2015-12-19T08:00:00Z,49.0,171.78598874566512,446.28612930402085,99.8739242044008,40.81361583018972,9.159026856066463,35.743403813575995,8.565572667440076,6.2810925271260825,0.0,0.0,0.0,0.0,0.0,model1,15.0,False,8430.0
2810,2015-12-19T11:00:00Z,49.0,171.083923933639,450.77782755484685,99.08267531945948,40.753245458055844,9.731331417672477,38.09488384089497,9.023303763384316,6.183962508326584,0.0,0.0,0.0,0.0,0.0,model1,15.0,False,8433.0
2811,2015-12-19T14:00:00Z,49.0,170.8638431728081,458.4733114678633,99.49387921566448,40.94690685164329,10.941197506631939,55.955917675739535,9.050101018514534,6.038537434126196,0.0,0.0,0.0,0.0,0.0,model1,15.0,False,8436.0
2812,2015-12-19T17:00:00Z,49.0,169.70783786463687,459.8151577252498,100.24381610432272,40.94884251532195,9.182187257218024,55.00940522768993,9.176232334416136,6.130059959869054,0.0,1.0,0.0,0.0,0.0,model1,15.0,False,8439.0
2813,2015-12-19T20:00:00Z,49.0,169.49854552445163,459.4901525654584,99.97469760254543,41.15173074181233,8.968054913986727,55.363153564652116,9.064522671755688,6.13544090199254,0.0,1.0,0.0,0.0,0.0,model1,15.0,False,8442.0
2814,2015-12-19T23:00:00Z,49.0,169.43727806493618,462.461364800128,100.2001604646063,40.308563917272785,9.048241836318216,55.501133436922636,9.072447081996401,5.911495916909671,0.0,1.0,0.0,0.0,0.0,model1,15.0,False,8445.0
2815,2015-12-20T02:00:00Z,49.0,170.1695691168586,464.84767575765886,100.95455444300592,40.03232790480213,9.531778244860384,53.41080571056774,8.820573340643287,4.583656689817065,0.0,1.0,0.0,0.0,0.0,model1,15.0,False,8448.0
2816,2015-12-20T05:00:00Z,49.0,170.92243184478866,461.01956762684273,100.42267168213029,40.64547295795065,11.103349402840061,54.92532776408882,7.968116071773956,4.644153973338149,0.0,1.0,0.0,0.0,0.0,model1,15.0,False,8451.0
2817,2015-12-20T08:00:00Z,49.0,171.0700001841671,467.94631716074724,100.13295416904829,39.86337362799597,11.565682475899674,51.55183656394866,7.418303784235425,4.2792777352478,0.0,1.0,0.0,0.0,0.0,model1,15.0,False,8454.0
2818,2015-12-20T11:00:00Z,49.0,171.63769289921763,470.2011079108663,100.82635632492126,39.720450993524,12.359099257515547,50.735173198523256,6.7610071324783565,4.419820786698434,0.0,1.0,0.0,0.0,0.0,model1,15.0,False,8457.0
2819,2015-12-20T14:00:00Z,49.0,170.69848644628937,468.8103854805806,99.22241754996044,39.64349272756132,12.054067155683885,36.10488533678522,8.289154892587419,4.342524756898864,0.0,1.0,0.0,0.0,0.0,model1,15.0,False,8460.0
2820,2015-12-20T17:00:00Z,49.0,169.42930743920132,466.0942096416984,99.44029200817741,40.25412004069626,12.575175023352624,39.514491374101404,8.148331709558041,4.292146188664969,0.0,0.0,0.0,0.0,0.0,model1,15.0,False,8463.0
2821,2015-12-20T20:00:00Z,49.0,169.99867953369508,462.418601837564,99.14284254205332,39.62097840540226,12.56887213568203,47.56684220030213,7.933150203774443,4.283809720868915,0.0,0.0,0.0,0.0,0.0,model1,15.0,False,8466.0
2822,2015-12-20T23:00:00Z,49.0,170.7291203740624,466.6050845944213,98.58858313857272,39.84497372486019,13.114763074935105,52.58625890610129,7.850384946816993,4.182276590755223,0.0,0.0,0.0,0.0,0.0,model1,15.0,False,8469.0
2823,2015-12-21T02:00:00Z,49.0,170.05296328263472,468.423067554808,97.74251668086839,39.85728095616783,13.33760996393076,58.39419597832694,7.874589015451777,4.24601233524522,0.0,0.0,0.0,0.0,0.0,model1,15.0,False,8472.0
2824,2015-12-21T05:00:00Z,49.0,168.84358310432052,467.56852946946816,98.27882625243113,38.23052744631681,12.734604001255295,58.77166712959893,7.681210559520732,5.2530742200708165,0.0,0.0,0.0,0.0,0.0,model1,15.0,False,8475.0
2825,2015-12-21T08:00:00Z,49.0,169.6596449553762,470.36393316278054,98.88131356937514,37.880505341973574,12.459512376825733,59.682092780894926,7.812511892079716,5.110118980359983,0.0,0.0,0.0,0.0,0.0,model1,15.0,False,8478.0
2826,2015-12-21T11:00:00Z,49.0,169.69118600874947,462.6838556732464,99.78281905899969,38.42103699512179,12.355658207804598,61.95244252601954,7.772798157208578,5.176764626979269,0.0,0.0,0.0,0.0,0.0,model1,15.0,False,8481.0
2827,2015-12-21T14:00:00Z,49.0,170.46344606123688,452.89192394710494,101.85699706214693,37.98649743835015,13.127724964345687,60.59306505819995,6.919599969693415,5.096822698434199,0.0,0.0,0.0,0.0,0.0,model1,15.0,False,8484.0
2828,2015-12-21T17:00:00Z,49.0,170.47057876367634,457.54743601947297,99.28356210925119,38.26272694552834,13.264632743804743,62.35175458892349,9.011867122551044,4.884332683239125,0.0,0.0,0.0,0.0,0.0,model1,15.0,False,8487.0
2829,2015-12-21T20:00:00Z,49.0,169.15684769428776,454.86183381063705,97.91120855698456,38.792608275647396,13.431659278619465,56.19703146602952,10.349723974798641,4.924633187063593,0.0,0.0,0.0,0.0,0.0,model1,15.0,False,8490.0
2830,2015-12-21T23:00:00Z,49.0,170.9417138333192,454.41081803203963,97.70853790132723,38.49413072870153,16.864140553840528,62.65423340617364,10.577355852014811,5.250221046611882,0.0,0.0,0.0,0.0,0.0,model1,15.0,False,8493.0
2831,2015-12-22T02:00:00Z,49.0,169.97565510558834,450.42432501419677,98.12413877295792,38.40807262401165,17.286150852084848,58.64431088182802,10.580002308841136,5.443986761269219,0.0,0.0,0.0,0.0,0.0,model1,15.0,False,8496.0
2832,2015-12-22T05:00:00Z,49.0,170.009667842265,450.41441850905403,97.59465581666576,39.37934192884936,17.775806095766214,55.863837607614784,11.423259194534971,4.138127059741339,0.0,0.0,0.0,0.0,0.0,model1,15.0,False,8499.0
2833,2015-12-22T08:00:00Z,49.0,169.42319862076138,440.9765226220578,96.50186281880232,39.221469356426795,17.97468622805875,56.62008065917764,12.09851229362024,4.537098036524212,0.0,0.0,0.0,0.0,0.0,model1,15.0,False,8502.0
2834,2015-12-22T11:00:00Z,49.0,169.94185772811036,445.23949475645315,95.35012110349994,38.300801866816286,18.10177152978745,57.4073848835824,12.18405034192172,4.8969019029817575,0.0,0.0,0.0,0.0,0.0,model1,15.0,False,8505.0
2835,2015-12-22T14:00:00Z,49.0,169.29757161014288,441.3590871471137,93.63270523057129,38.6367997597956,17.186602901855842,62.9177710981402,10.939883648587768,5.0565507897551765,0.0,0.0,0.0,0.0,0.0,model1,15.0,False,8508.0
2836,2015-12-22T17:00:00Z,49.0,169.06878600385318,442.8112094617097,94.4347341742169,37.92128491598609,16.643280597620404,60.424026367032965,10.141511626223792,6.128057955617996,0.0,0.0,0.0,0.0,0.0,model1,15.0,False,8511.0
2837,2015-12-22T20:00:00Z,49.0,169.79738896246187,443.18591418415673,96.12941016116596,38.10945823525929,16.759970016010726,60.13077039176669,9.406671699217943,6.375024721285852,0.0,0.0,0.0,0.0,0.0,model1,15.0,False,8514.0
2838,2015-12-22T23:00:00Z,49.0,168.72116621306992,434.0170309004226,96.7578817783775,38.79849074547917,13.958430222623296,48.711277186284846,10.5043641872878,6.449349905743011,0.0,0.0,0.0,0.0,0.0,model1,15.0,False,8517.0
2839,2015-12-23T02:00:00Z,49.0,168.79574885712557,433.51024309734004,97.53027456627272,38.87738132839913,13.138760213962232,51.077518841592166,10.635842772018584,6.253078919647534,0.0,0.0,0.0,0.0,0.0,model1,15.0,False,8520.0
2840,2015-12-23T05:00:00Z,49.0,169.5422886993144,429.50911422908905,97.00367976634172,38.92442310577076,13.265783620882859,49.485647760618626,10.073088543063658,6.396976490610213,0.0,0.0,0.0,0.0,0.0,model1,15.0,False,8523.0
2841,2015-12-23T08:00:00Z,49.0,168.7652557590366,440.8739684363665,97.24947974738016,39.837233280590134,12.677931686208069,53.11210665140403,9.047784209969278,6.282202957226689,0.0,0.0,0.0,0.0,0.0,model1,15.0,False,8526.0
2842,2015-12-23T11:00:00Z,49.0,169.83093511672212,434.5006602230832,97.7408168594287,40.297276590442884,11.44219018980097,54.14685724381239,8.253874659131801,6.211478589594302,0.0,0.0,0.0,0.0,0.0,model1,15.0,False,8529.0
2843,2015-12-23T14:00:00Z,49.0,169.43345498343797,439.2315840939042,98.35679911447865,40.288818493014496,12.142036561463337,52.642020390558464,12.083953787431483,6.072984004488967,0.0,0.0,0.0,0.0,0.0,model1,15.0,False,8532.0
2844,2015-12-23T17:00:00Z,49.0,171.93988128928024,441.5033421481594,99.63014606983937,40.46502527309253,13.478591629312437,54.98317571187708,11.59342122042698,4.944695744978967,0.0,0.0,0.0,0.0,0.0,model1,15.0,False,8535.0
2845,2015-12-23T20:00:00Z,49.0,172.94335087817848,443.6975886403453,100.06406023725395,39.80461418976429,13.160398620928886,57.00345440136096,11.510038518883126,4.929015125883558,0.0,0.0,0.0,0.0,0.0,model1,15.0,False,8538.0
2846,2015-12-23T23:00:00Z,49.0,171.46368511834342,449.7191635212568,99.20863423802624,39.07393677142069,12.1744186981422,55.3097376127675,10.912969540164578,4.6160206365553655,0.0,0.0,0.0,0.0,0.0,model1,15.0,False,8541.0
2847,2015-12-24T02:00:00Z,49.0,173.09263889024032,453.48550696164284,99.69073031143805,39.316453639013574,12.090345740832708,50.43583701235152,11.2256032954621,5.046688047142311,0.0,0.0,0.0,0.0,0.0,model1,15.0,False,8544.0
2848,2015-12-24T05:00:00Z,49.0,171.75203463831068,456.1605495568399,100.9800707271427,38.948652322116544,11.715854283085461,50.37917931876997,11.785579381438014,5.006628607335697,0.0,0.0,0.0,0.0,0.0,model1,15.0,False,8547.0
2849,2015-12-24T08:00:00Z,49.0,172.67677033620018,452.1822781530723,101.14745457874359,40.093980790677705,12.812809519809434,48.50704365789797,12.01690091741725,6.729050452368227,0.0,0.0,0.0,0.0,0.0,model1,15.0,False,8550.0
2850,2015-12-24T11:00:00Z,49.0,171.0166733005044,459.3067944323161,100.74782889747179,41.76512883122729,14.724611835907028,46.79059108576497,12.322870808628744,7.1673300422997865,0.0,0.0,0.0,0.0,0.0,model1,15.0,False,8553.0
2851,2015-12-24T14:00:00Z,49.0,172.30500835999425,465.4387341037362,101.19666727083384,43.176886532837294,13.79886339658933,50.098954408298255,9.327707314590997,7.6982236031985725,0.0,0.0,0.0,0.0,0.0,model1,15.0,False,8556.0
2852,2015-12-24T17:00:00Z,49.0,168.62170301406596,463.5704625119018,100.39970525488563,44.7591375910912,15.22151040910762,49.113629603091965,9.563554304790275,7.402594798510741,0.0,0.0,0.0,0.0,0.0,model1,15.0,False,8559.0
2853,2015-12-24T20:00:00Z,49.0,167.99401516798142,462.45234074873434,99.6740668881638,46.57999441449332,15.738912588034596,47.416833556470955,9.76805558221714,7.190195363726312,0.0,0.0,0.0,0.0,0.0,model1,15.0,False,8562.0
2854,2015-12-24T23:00:00Z,49.0,169.25238322918503,460.4922757149425,100.85669156042357,48.090381872392385,15.995747539690766,51.059536561881764,9.396193908470575,6.388032412839621,0.0,0.0,0.0,0.0,0.0,model1,15.0,False,8565.0
2855,2015-12-25T02:00:00Z,49.0,168.98794760735888,459.6552488476757,99.69149648395016,49.717033562629474,15.846335344629932,54.020987038629855,9.20934201614076,6.085340001007112,0.0,0.0,0.0,0.0,0.0,model1,15.0,False,8568.0
2856,2015-12-25T05:00:00Z,49.0,169.26327023441686,461.0332998352543,99.18231964779294,51.64704271723557,15.864564930308445,56.772090294612035,7.623613137351969,3.8433663517336947,0.0,0.0,0.0,0.0,0.0,model1,15.0,False,8571.0
2857,2015-12-25T08:00:00Z,49.0,168.89428094446163,459.72442030099205,100.05554048341804,51.87097250519922,15.698042245476467,55.484458521502894,7.574150477347023,4.2857277759322665,0.0,0.0,0.0,0.0,1.0,model1,15.0,True,8574.0
2858,2015-12-25T11:00:00Z,49.0,169.81851291681699,457.77438388593623,100.6206803164398,51.40928648671702,15.16934379925758,59.516333996579895,8.008665714160504,4.76992199542303,0.0,0.0,0.0,0.0,1.0,model1,15.0,True,8577.0
2859,2015-12-25T14:00:00Z,49.0,169.12674629467668,454.0671779986033,100.228361975173,50.953233807304315,16.187742769892925,52.689560352843074,7.364358431609143,5.567032897574687,0.0,0.0,0.0,0.0,1.0,model1,15.0,True,8580.0
2860,2015-12-25T17:00:00Z,49.0,171.1847357140194,451.81969691529366,99.54627891277217,51.37023795228215,13.865906081777162,57.09720422190809,8.022512064710996,5.787783487527768,0.0,0.0,0.0,0.0,1.0,model1,15.0,True,8583.0
2861,2015-12-25T20:00:00Z,49.0,171.1668207993101,449.7544361384069,99.69290747749504,50.88170333950266,13.598284135786063,58.66236267290221,9.208781731302787,5.8360207363776375,0.0,0.0,0.0,0.0,1.0,model1,15.0,True,8586.0
2862,2015-12-25T23:00:00Z,49.0,169.17933821256744,451.37537355419335,99.406659413275,51.10978402688539,13.501890104823177,56.03336427344224,9.830582455006477,5.701123762459661,0.0,0.0,0.0,0.0,1.0,model1,15.0,True,8589.0
2863,2015-12-26T02:00:00Z,49.0,167.06128527469983,457.5940572273606,98.68731755283069,50.596531303064715,13.583191984124296,54.131005499882285,10.864827578117778,5.274779916693452,0.0,0.0,0.0,0.0,1.0,model1,15.0,True,8592.0
2864,2015-12-26T05:00:00Z,49.0,167.3691820267862,458.7109309194353,98.64970042915951,49.88773263057497,13.596194819066955,50.87101771701164,11.630767859493355,5.016041450125044,0.0,0.0,0.0,0.0,1.0,model1,15.0,True,8595.0
2865,2015-12-26T08:00:00Z,49.0,167.12658746496868,460.69456738937276,98.31065647396211,48.12942113026455,12.6575159242557,53.077384747066546,12.141769083433411,5.553757257144421,0.0,0.0,0.0,0.0,0.0,model1,15.0,False,8598.0
2866,2015-12-26T11:00:00Z,49.0,167.96634928697347,459.7563893455402,98.41138602135078,47.09024059151759,11.866258097373107,43.95459045084811,11.762676223548524,6.5988905575101935,0.0,0.0,0.0,0.0,0.0,model1,15.0,False,8601.0
2867,2015-12-26T14:00:00Z,49.0,166.91929278230418,463.7299653276405,99.53894401761318,45.73616497312561,11.228042607786989,48.94180467970585,11.955734734559774,7.31773167538365,0.0,0.0,0.0,0.0,0.0,model1,15.0,False,8604.0
2868,2015-12-26T17:00:00Z,49.0,165.67462940715345,464.8890070823771,100.67524224819277,43.79581098126209,11.99294872923038,46.33284792617468,11.723807849198437,6.9551692827324185,0.0,0.0,0.0,0.0,0.0,model1,15.0,False,8607.0
2869,2015-12-26T20:00:00Z,49.0,165.4307598482589,467.8348266147186,100.04686940923125,42.504068880471394,11.20592977383323,43.69810391224734,11.064741403268846,6.905168954294424,0.0,0.0,0.0,0.0,0.0,model1,15.0,False,8610.0
2870,2015-12-26T23:00:00Z,49.0,166.58517025831233,463.58701160676964,100.18325972283267,41.730739858908045,12.781063080763474,42.90176487881251,10.976057176963039,6.149856605833374,0.0,0.0,0.0,0.0,0.0,model1,15.0,False,8613.0
2871,2015-12-27T02:00:00Z,49.0,169.03923542849859,458.7064913929204,102.18124714292273,40.4741028833231,13.894814029428456,43.16475665380924,10.164281376469033,5.237454775710307,0.0,0.0,0.0,0.0,0.0,model1,15.0,False,8616.0
2872,2015-12-27T05:00:00Z,49.0,170.0744453736313,453.24768533155464,102.65432167785684,39.46660867877306,14.253397601604345,44.77092716235125,9.319197196992658,4.904896961617856,0.0,0.0,0.0,0.0,0.0,model1,15.0,False,8619.0
2873,2015-12-27T08:00:00Z,49.0,170.36520087917268,441.6657694644542,103.41729325990437,39.66615624669573,14.082712092278411,45.82599954112226,9.71466669013308,4.860570864836619,0.0,0.0,0.0,0.0,0.0,model1,15.0,False,8622.0
2874,2015-12-27T11:00:00Z,49.0,168.85131542888664,441.7432954163672,102.62374604097003,39.672510277589325,13.791033468044605,46.4596336277221,10.809040967960815,4.562251856817699,0.0,0.0,0.0,0.0,0.0,model1,15.0,False,8625.0
2875,2015-12-27T14:00:00Z,49.0,167.81645316932511,438.276955900256,101.93651293345131,40.15082634986624,14.88554010881463,52.1867615229512,11.190203162701426,4.9525139339618836,0.0,0.0,0.0,0.0,0.0,model1,15.0,False,8628.0
2876,2015-12-27T17:00:00Z,49.0,168.6987424880815,438.35029199103735,101.14505183033155,39.62419136744979,15.602616643473361,50.34745883399992,11.446422469410214,5.986455790216633,0.0,0.0,0.0,0.0,0.0,model1,15.0,False,8631.0
2877,2015-12-27T20:00:00Z,49.0,167.54344205189614,439.873279031796,102.08697117651563,39.97374647441257,16.180014903440735,51.41973772570418,11.864979128012381,6.226332449838347,0.0,0.0,0.0,0.0,0.0,model1,15.0,False,8634.0
2878,2015-12-27T23:00:00Z,49.0,166.84129371599442,446.3638062240277,101.62369838932005,39.17115118823574,14.725370023835044,53.21176976254048,11.521796485331766,5.9286713842141845,0.0,0.0,0.0,0.0,0.0,model1,15.0,False,8637.0
2879,2015-12-28T02:00:00Z,49.0,165.36886042196198,446.09928953983405,100.95140952646221,38.93885061301722,13.551955773516445,53.74975839254122,11.46794504823566,6.052740973337968,0.0,0.0,0.0,0.0,0.0,model1,15.0,False,8640.0
2880,2015-12-28T05:00:00Z,49.0,165.0493022035546,442.6318045172602,101.3704818505655,39.063084631736366,12.481060625551288,55.737312138236504,11.57154633454672,6.221054429597174,0.0,0.0,0.0,0.0,0.0,model1,15.0,False,8643.0
2881,2015-12-28T08:00:00Z,49.0,165.7959292342229,448.7087511252256,100.25229097964376,38.57016085479753,14.16792548475886,54.286296238909294,10.15963492804112,5.998822555490558,0.0,0.0,0.0,0.0,0.0,model1,15.0,False,8646.0
2882,2015-12-28T11:00:00Z,49.0,167.584629493113,456.89767719532404,100.94517531865554,38.48005224649932,14.83981517353059,57.4573672406494,10.398125463622543,6.285188153955036,0.0,0.0,0.0,0.0,0.0,model1,15.0,False,8649.0
2883,2015-12-28T14:00:00Z,49.0,170.20180870444696,456.3699537862457,100.7577746851979,38.795704138965824,13.879530201803775,45.16194135452651,9.81024423432739,5.824239596370603,0.0,0.0,0.0,0.0,0.0,model1,15.0,False,8652.0
2884,2015-12-28T17:00:00Z,49.0,168.9760312283255,453.0961182762399,100.17629850138414,39.30877779385046,12.805001630512669,44.256704325142,10.745675674266543,5.313870071559488,0.0,0.0,0.0,0.0,0.0,model1,15.0,False,8655.0
2885,2015-12-28T20:00:00Z,49.0,171.37572628614632,456.7463464885617,99.4718371858398,39.09157581436608,13.009642736901956,47.33221488866749,10.199754605955619,4.8973155479033394,0.0,0.0,0.0,0.0,0.0,model1,15.0,False,8658.0
2886,2015-12-28T23:00:00Z,49.0,173.3414956399107,445.187902989324,99.23234061733,39.66045692580322,13.971278576161088,57.5689360791629,10.2029916948809,5.356502232024382,0.0,0.0,0.0,0.0,0.0,model1,15.0,False,8661.0
2887,2015-12-29T02:00:00Z,49.0,174.31379903797634,449.24412071850713,98.41838119131576,39.652917558174025,14.575591150409286,57.75934746510978,9.997563098699203,5.232864481506545,0.0,0.0,0.0,0.0,0.0,model1,15.0,False,8664.0
2888,2015-12-29T05:00:00Z,49.0,173.1304502676596,465.3562485917642,96.84778969049671,39.49219674401685,16.85814709526991,65.5427034580774,10.744833963989064,5.017406173160159,0.0,0.0,0.0,0.0,0.0,model1,15.0,False,8667.0
2889,2015-12-29T08:00:00Z,49.0,171.14275370868228,465.8669434350026,96.36195225219495,39.48496142469957,16.49430750402061,63.48331250014835,10.803342296329708,5.034459335905182,0.0,0.0,0.0,0.0,0.0,model1,15.0,False,8670.0
2890,2015-12-29T11:00:00Z,49.0,168.44927132587318,459.42539172616165,96.1213182386754,39.878679330838615,16.734769776713883,61.321147510639506,9.625365621662002,4.532859220540886,0.0,0.0,0.0,0.0,0.0,model1,15.0,False,8673.0
2891,2015-12-29T14:00:00Z,49.0,169.01430090526918,462.68027989884837,95.28136411131443,39.51638089029918,17.01126103812219,61.30455317059955,9.318901841591742,4.342739655842626,0.0,0.0,0.0,0.0,0.0,model1,15.0,False,8676.0
2892,2015-12-29T17:00:00Z,49.0,172.53837425783783,463.50124279472914,95.53775122264885,39.44448593163179,17.151995318780383,62.49879766161321,8.084145361084914,3.860078501100844,0.0,0.0,0.0,0.0,0.0,model1,15.0,False,8679.0
2893,2015-12-29T20:00:00Z,49.0,170.07306548803362,456.5210681012581,96.23773996061372,39.824829205032614,17.012292440258687,60.10179463266449,7.822208923344138,4.151938967393039,0.0,0.0,0.0,0.0,0.0,model1,15.0,False,8682.0
2894,2015-12-29T23:00:00Z,49.0,169.1494842376919,458.9884108639643,98.39664331362137,39.38774423638608,16.250311984053678,51.99668747538289,10.821087392972233,3.5238520182311026,0.0,0.0,0.0,0.0,0.0,model1,15.0,False,8685.0
2895,2015-12-30T02:00:00Z,49.0,170.51112066627095,454.5753751883649,98.13329692734959,39.40722830513433,16.454383815024173,54.0471793301755,10.546362608336919,3.865871991074166,0.0,0.0,0.0,0.0,0.0,model1,15.0,False,8688.0
2896,2015-12-30T05:00:00Z,49.0,169.96683639600425,444.2197516783242,98.83397994789878,39.68794822772431,15.29094974319869,39.28327740717997,10.087376082466914,3.7422374839648813,0.0,0.0,0.0,0.0,0.0,model1,15.0,False,8691.0
2897,2015-12-30T08:00:00Z,49.0,170.4114410041311,450.26616514473915,98.84092491364015,40.46535273404025,14.816589795788774,42.251292766591675,10.4237277157914,3.757205173632082,0.0,0.0,0.0,0.0,0.0,model1,15.0,False,8694.0
2898,2015-12-30T11:00:00Z,49.0,173.7193648503724,449.78423423787,99.16333855508259,39.810910895092576,14.667763683564205,43.02882298383315,10.198324582372091,4.238957110507635,0.0,0.0,0.0,0.0,0.0,model1,15.0,False,8697.0
2899,2015-12-30T14:00:00Z,49.0,173.79030345239758,439.88406638755407,99.63331526841871,39.60863759643181,14.703583385668313,45.105655938975204,10.290609388519117,4.320675008157695,0.0,0.0,0.0,0.0,0.0,model1,15.0,False,8700.0
2900,2015-12-30T17:00:00Z,49.0,170.4830186877311,438.86341123064585,100.70880093067423,40.5641476051681,14.600164781156744,42.807912373011646,10.026761247112164,4.567939147811504,0.0,0.0,0.0,0.0,0.0,model1,15.0,False,8703.0
2901,2015-12-30T20:00:00Z,49.0,171.46463837834733,444.2992611252207,101.31250740495508,40.78162894480485,14.493065066390884,47.249367096351826,10.249996428717546,4.9327655802148485,0.0,0.0,0.0,0.0,0.0,model1,15.0,False,8706.0
2902,2015-12-30T23:00:00Z,49.0,171.44459852368522,450.9988672495378,98.80989372823069,41.59726090718309,14.208969957234373,45.68054142629786,7.973342024207044,5.228372167367743,0.0,0.0,0.0,0.0,0.0,model1,15.0,False,8709.0
2903,2015-12-31T02:00:00Z,49.0,169.70345209219968,451.1739192623351,99.8534986308075,41.90327172430303,14.056554813868287,44.25269859808876,7.846765029911133,4.842481420767141,0.0,0.0,0.0,0.0,0.0,model1,15.0,False,8712.0
2904,2015-12-31T05:00:00Z,49.0,171.651820377771,451.3593553531132,98.95636705034651,42.22338686032425,12.874635944014662,49.9306486617828,7.240783875798497,5.353145018685728,0.0,0.0,0.0,0.0,0.0,model1,15.0,False,8715.0
2905,2015-12-31T08:00:00Z,49.0,171.32476076252104,447.4797150163119,98.93262855940071,42.331222250063064,15.43511636541568,47.279159812337554,7.633480376346986,5.917064972598952,0.0,0.0,0.0,0.0,0.0,model1,15.0,False,8718.0
2906,2015-12-31T11:00:00Z,49.0,169.28871589166678,438.8938006626358,98.54712074593235,42.30528405466365,15.075066342356957,54.35900513703717,9.258044703620156,6.0614913743576455,0.0,0.0,0.0,0.0,0.0,model1,15.0,False,8721.0
2907,2015-12-31T14:00:00Z,49.0,169.77085271631,451.9889588309685,98.36281523072344,43.11947602301032,18.19111523483415,55.28787515148551,8.918876889677419,5.917647594189549,0.0,0.0,0.0,0.0,0.0,model1,15.0,False,8724.0
2908,2015-12-31T17:00:00Z,49.0,172.10064110065562,455.88360127223035,99.11878133016263,42.15355572136258,18.580550917601773,57.10243386295589,9.138206937676406,6.079522805933332,0.0,0.0,0.0,0.0,0.0,model1,15.0,False,8727.0
2909,2015-12-31T20:00:00Z,49.0,171.90789070534103,448.5916995800956,98.20089172614976,41.9693829086586,19.65306470226513,58.95142114444082,9.486899387432112,5.845515868853463,0.0,0.0,0.0,0.0,0.0,model1,15.0,False,8730.0
2910,2015-12-31T23:00:00Z,49.0,171.30152892145063,446.29527450064484,99.71988985391701,40.91942494297486,20.928095331921558,61.1595717052295,9.685324503127047,6.0083154921457576,0.0,0.0,0.0,0.0,0.0,model1,15.0,False,8733.0
2911,2016-01-01T02:00:00Z,49.0,170.06807217819946,447.9510090816552,99.1922453273951,40.836269766288815,20.726379880045194,60.29671573728729,10.112737232053464,6.004855339716502,0.0,0.0,0.0,0.0,0.0,model1,15.0,False,8736.0
2912,2016-01-01T05:00:00Z,49.0,168.90030160966415,446.8593965896122,99.96883820821724,40.780318370903736,20.796741040600647,55.30299759650516,10.206319780450308,5.432880964414999,0.0,0.0,0.0,0.0,0.0,model1,15.0,False,8739.0
