,datetime,machineID,voltmean,rotatemean,pressuremean,vibrationmean,voltsd,rotatesd,pressuresd,vibrationsd,error1count,error2count,error3count,error4count,error5count,model,age,failure,time_diff
0,2015-01-02T05:00:00Z,32.0,170.7083179960639,387.6166032893889,120.43547807990795,39.95163190036948,11.852730362609286,51.4336842902604,10.432795565286186,6.148557884230139,0.0,0.0,0.0,0.0,0.0,model4,15.0,False,3.0
1,2015-01-02T08:00:00Z,32.0,168.98717850336504,380.71308597492543,120.5678002671198,39.482441773598225,13.474673281668615,52.380207576600405,10.782668602358171,6.239076245259152,0.0,0.0,0.0,0.0,0.0,model4,15.0,False,6.0
2,2015-01-02T11:00:00Z,32.0,170.2661028374857,385.4534992400388,118.90962778775386,39.094573883560145,13.638170028672581,52.36892743952461,13.058322603810437,6.254441020916785,0.0,0.0,0.0,0.0,0.0,model4,15.0,False,9.0
3,2015-01-02T14:00:00Z,32.0,168.9725728592639,384.2744596673242,115.04715819493588,38.29336640393196,13.561655911418615,51.7803490606971,17.279228976891513,5.718517342863673,0.0,0.0,0.0,0.0,0.0,model4,15.0,False,12.0
4,2015-01-02T17:00:00Z,32.0,168.42282259232383,383.9881681665998,113.9504291468508,38.319508270908756,13.786502958691162,51.97589196293395,16.742401280757228,5.775378832202562,0.0,0.0,0.0,0.0,0.0,model4,15.0,False,15.0
5,2015-01-02T20:00:00Z,32.0,168.00449151200854,381.18550488525176,109.59723752220934,38.31772488301485,13.912133853486027,47.8242157229488,16.881744105127552,5.432288397248268,0.0,0.0,0.0,0.0,0.0,model4,15.0,False,18.0
6,2015-01-02T23:00:00Z,32.0,166.26621494755537,366.8783046974556,105.79031328999376,38.24325942158968,13.064840583072549,56.7688183826215,15.807750429536247,4.417594482166416,0.0,0.0,0.0,0.0,0.0,model4,15.0,False,21.0
7,2015-01-03T02:00:00Z,32.0,168.04838221586877,375.7770780569088,104.27861286624378,38.66822161548981,13.919004427335308,60.30615465052831,15.945540960766099,4.277479184255877,0.0,0.0,0.0,0.0,0.0,model4,15.0,False,24.0
8,2015-01-03T05:00:00Z,32.0,169.51790332185863,376.90403190767466,101.89541900722051,38.68062404118838,14.091183820603387,58.733272776785824,15.28920221991659,4.528449341546816,0.0,0.0,0.0,0.0,0.0,model4,15.0,False,27.0
9,2015-01-03T08:00:00Z,32.0,173.34544142843853,394.2369548846156,98.42144091451807,38.68429862781649,12.434294680512776,69.25326953267343,10.820708262847157,4.841698344308692,0.0,0.0,0.0,0.0,0.0,model4,15.0,False,30.0
10,2015-01-03T11:00:00Z,32.0,174.2960344835894,399.445944362377,97.48799989070714,39.12098637086765,13.168406794034945,70.00668526390128,11.949346277326855,4.658123501154008,0.0,0.0,0.0,0.0,0.0,model4,15.0,False,33.0
11,2015-01-03T14:00:00Z,32.0,173.6648707510389,409.9663331725649,99.43353624248392,39.34467768831236,13.49816779402114,73.51262692992808,12.118498546914804,4.762854901880155,0.0,0.0,0.0,0.0,0.0,model4,15.0,False,36.0
12,2015-01-03T17:00:00Z,32.0,173.64892416097354,426.2652530705609,98.660941623998,39.27985422643563,13.576869339220282,74.29217083880451,11.64993351801136,4.309762225023757,0.0,0.0,0.0,0.0,0.0,model4,15.0,False,39.0
13,2015-01-03T20:00:00Z,32.0,173.28103310826924,427.0558890933385,100.18189310004742,38.99515073226792,14.207486908338304,75.13847713839922,11.29186260547456,4.319752972553531,0.0,0.0,0.0,0.0,0.0,model4,15.0,False,42.0
14,2015-01-03T23:00:00Z,32.0,176.135368917192,445.9815124082419,100.4349897056423,39.220766398723434,14.078290110721806,49.60340894584826,11.147024502451794,4.590637615275604,0.0,0.0,0.0,0.0,0.0,model4,15.0,False,45.0
15,2015-01-04T02:00:00Z,32.0,174.66023594718135,445.23051407411117,100.14562712675314,39.30866463295013,16.47260558562511,49.16957519363513,10.442859590623886,4.411818428438201,0.0,0.0,0.0,0.0,0.0,model4,15.0,False,48.0
16,2015-01-04T05:00:00Z,32.0,172.4627287318737,448.8365974910597,100.61807335438057,39.475995538901685,17.030489491000225,46.23132018465864,10.901174567582753,4.221761494796998,0.0,0.0,0.0,0.0,0.0,model4,15.0,False,51.0
17,2015-01-04T08:00:00Z,32.0,170.72095271758482,450.6054116351371,100.46054297716779,39.722002995816005,16.739762684535133,50.273182091088046,10.51358703525956,3.9280373614447295,0.0,0.0,0.0,0.0,0.0,model4,15.0,False,54.0
18,2015-01-04T11:00:00Z,32.0,170.44359822541142,454.1045338636295,100.98243585958949,40.05692584109993,15.686134927269823,52.13476233777708,8.931686128470071,3.8833753013220416,0.0,0.0,0.0,0.0,0.0,model4,15.0,False,57.0
19,2015-01-04T14:00:00Z,32.0,171.42350391347588,444.9202999726857,101.02018502391549,40.298860444809584,15.75880232998416,54.96789592886167,7.708132697489708,5.476430673393512,0.0,0.0,0.0,0.0,0.0,model4,15.0,False,60.0
20,2015-01-04T17:00:00Z,32.0,170.08423778249605,439.9866166267532,101.07638063404193,40.61643072980322,16.784957239059292,54.41334365235974,9.27376918441268,5.500405287347924,0.0,0.0,0.0,0.0,0.0,model4,15.0,False,63.0
21,2015-01-04T20:00:00Z,32.0,171.5225848851771,449.0006981847551,100.49351075484941,40.390706579143476,16.782519050726723,54.66788395815669,9.602052387795027,6.14253611748847,0.0,0.0,0.0,0.0,0.0,model4,15.0,False,66.0
22,2015-01-04T23:00:00Z,32.0,169.4503003920357,448.94931917233663,100.78670656805514,39.76144903743506,16.434678471673482,53.9411354367191,9.771126641206015,6.294046355086899,0.0,0.0,0.0,0.0,0.0,model4,15.0,False,69.0
23,2015-01-05T02:00:00Z,32.0,169.67148913689553,450.5743974172061,100.43002025085173,39.327074279038456,14.202114835280282,54.32038807834389,11.740077478520412,6.486821387538653,0.0,0.0,0.0,0.0,0.0,model4,15.0,False,72.0
24,2015-01-05T05:00:00Z,32.0,170.90809881722117,453.4596371935414,100.2130453757899,39.425186298681375,15.077243713732093,54.47732859407913,10.953290116258113,6.515842428824728,0.0,0.0,0.0,0.0,0.0,model4,15.0,False,75.0
25,2015-01-05T08:00:00Z,32.0,169.7857016123645,444.7572813038839,100.25558198518995,39.57661041402618,16.785672137036073,47.99810962611805,11.391802332538226,6.338494798307862,0.0,0.0,0.0,0.0,0.0,model4,15.0,False,78.0
26,2015-01-05T11:00:00Z,32.0,169.17085484119931,439.0351489683493,99.45316957000314,38.657344738405726,16.602642100787488,45.96795346710965,11.519536780569425,6.406017096921464,0.0,0.0,0.0,0.0,0.0,model4,15.0,False,81.0
27,2015-01-05T14:00:00Z,32.0,169.3755434256733,447.0818121613879,97.62206631923107,38.27385563673671,16.54315625901808,44.077341459023714,12.113511220803233,5.441130749462931,0.0,0.0,0.0,0.0,0.0,model4,15.0,False,84.0
28,2015-01-05T17:00:00Z,32.0,168.97776274660615,445.6201409921595,96.95061060115309,38.07783163702136,14.670891312860324,42.744866388281814,11.077810360084833,5.372348825224519,0.0,0.0,0.0,0.0,0.0,model4,15.0,False,87.0
29,2015-01-05T20:00:00Z,32.0,165.96369484469602,438.5520628121994,96.71775211778215,38.4958709833291,15.750295888464606,37.552547871480456,10.985553907552388,4.828310282601306,0.0,0.0,0.0,0.0,0.0,model4,15.0,False,90.0
30,2015-01-05T23:00:00Z,32.0,163.10044088506837,430.36789883351446,96.0779266976033,38.30710908121611,16.910775756036337,46.857145228731724,10.982234551549938,4.7381633514374135,0.0,0.0,0.0,0.0,0.0,model4,15.0,False,93.0
31,2015-01-06T02:00:00Z,32.0,160.35317991142608,429.4924796418444,96.6383225621904,38.25593402400865,17.41779325984102,45.185777580692,10.080048867270477,4.882851501668631,0.0,0.0,0.0,0.0,0.0,model4,15.0,False,96.0
32,2015-01-06T05:00:00Z,32.0,158.47444799537217,428.9068781395681,95.94937406418316,37.99312483177805,15.401871509574486,43.86292934446917,10.46661453494314,4.786176828983557,0.0,0.0,0.0,0.0,0.0,model4,15.0,False,99.0
33,2015-01-06T08:00:00Z,32.0,159.48388633326,429.3399288044902,96.06366976712931,38.03716953194103,15.757290670988858,45.075602126023284,10.05096288836185,4.9468507704723335,0.0,0.0,0.0,0.0,0.0,model4,15.0,False,102.0
34,2015-01-06T11:00:00Z,32.0,159.60296267518513,433.1463536585607,97.36880874385223,38.97716789827889,15.694900475088632,43.53389171873985,10.10058263511976,5.032082367310088,0.0,0.0,0.0,0.0,0.0,model4,15.0,False,105.0
35,2015-01-06T14:00:00Z,32.0,159.91684334823483,433.39247093217347,99.13714861515363,39.42220366917826,16.39074008603727,44.944587567279946,9.13546487042209,4.516508237569088,0.0,0.0,0.0,0.0,0.0,model4,15.0,False,108.0
36,2015-01-06T17:00:00Z,32.0,159.81196709851096,424.90491742923797,100.68345287066693,39.23472754490397,16.406720731082803,53.037221280687476,9.36730015275418,4.601765878194478,0.0,0.0,0.0,0.0,0.0,model4,15.0,False,111.0
37,2015-01-06T20:00:00Z,32.0,162.24589144337068,427.66876358249,101.60060766660902,39.1627958781632,15.829601822121663,55.12468275329195,9.503112215920687,4.469611998825624,0.0,0.0,0.0,0.0,0.0,model4,15.0,False,114.0
38,2015-01-06T23:00:00Z,32.0,164.85887018924709,434.7316167285683,102.73377843689072,40.31134681378685,14.674811318965487,48.37771681631129,9.34423921281232,4.455563521252729,0.0,0.0,0.0,0.0,0.0,model4,15.0,False,117.0
39,2015-01-07T02:00:00Z,32.0,166.48297442134782,438.13459183961373,103.67508851558705,40.86908692419645,14.52490330214542,51.46713055109705,8.80280667497289,3.837666691913324,0.0,0.0,0.0,0.0,0.0,model4,15.0,False,120.0
40,2015-01-07T05:00:00Z,32.0,166.24919226926917,434.6627303656543,103.90115022353348,41.00155475537364,15.17571103616689,50.81881889843577,8.060881539437718,3.927733503314258,0.0,0.0,0.0,0.0,0.0,model4,15.0,False,123.0
41,2015-01-07T08:00:00Z,32.0,167.97802067302817,446.2547476485436,103.79841398800936,41.40979634394612,16.214693557127394,63.68322328105315,8.221083299785843,4.485237988115945,0.0,0.0,0.0,0.0,0.0,model4,15.0,False,126.0
42,2015-01-07T11:00:00Z,32.0,167.6590590574564,449.3542009821872,104.0315533991218,41.13856059198427,16.810536794962832,63.80870694791717,8.838443134174193,4.3983158380247644,0.0,0.0,0.0,0.0,0.0,model4,15.0,False,129.0
43,2015-01-07T14:00:00Z,32.0,166.34158538110162,450.99449679292604,102.0709337712661,40.47666183092917,15.798948079940928,62.49523031339052,10.718002111752778,4.544095348381664,0.0,0.0,0.0,0.0,0.0,model4,15.0,False,132.0
44,2015-01-07T17:00:00Z,32.0,166.65173450894997,460.34146350818,101.13859347078301,41.56899316556073,16.08464204111738,49.397079016358006,10.377461724763169,5.000032394399799,0.0,0.0,0.0,0.0,0.0,model4,15.0,False,135.0
45,2015-01-07T20:00:00Z,32.0,166.5254928358955,454.4985316314476,101.18537503110909,41.80090890720191,16.6949230508013,50.44925220827276,10.432002930667242,4.855020596293667,0.0,0.0,0.0,0.0,0.0,model4,15.0,False,138.0
46,2015-01-07T23:00:00Z,32.0,166.29151053459447,458.18073549632277,101.18149620518857,40.90226284475215,16.068310604860848,52.98467667564432,10.550664799862831,4.91852928485786,0.0,0.0,0.0,0.0,0.0,model4,15.0,False,141.0
47,2015-01-08T02:00:00Z,32.0,166.33167560786967,457.10557165864304,99.58463830019392,41.026956329308064,15.079790434275415,50.9708373471259,11.022050809199099,4.7841183126811435,0.0,0.0,0.0,0.0,0.0,model4,15.0,False,144.0
48,2015-01-08T05:00:00Z,32.0,169.01933186292237,459.7002342015555,99.30484034173963,41.176118010307064,14.72748440802683,51.74334612123339,11.19046745170944,4.588547346984272,0.0,0.0,0.0,0.0,0.0,model4,15.0,False,147.0
49,2015-01-08T08:00:00Z,32.0,168.50932056233862,451.2211601817573,98.51172670468941,41.12181360997678,12.745684384022644,35.94186934136653,12.425635898186286,3.9181304189420527,0.0,0.0,0.0,0.0,0.0,model4,15.0,False,150.0
50,2015-01-08T11:00:00Z,32.0,171.17699507676275,453.346108016784,98.19568179624058,41.2846541861496,13.356525543983953,37.841424987305075,11.505185488010573,3.8787823077802783,0.0,0.0,0.0,0.0,0.0,model4,15.0,False,153.0
51,2015-01-08T14:00:00Z,32.0,173.21882519145313,454.8169143447065,101.39829098485771,40.590235103296116,14.687857603817156,42.82509461753789,11.265037563626876,4.710057086170788,0.0,0.0,0.0,0.0,0.0,model4,15.0,False,156.0
52,2015-01-08T17:00:00Z,32.0,178.05115834859245,449.52822065326967,102.28327405075713,39.9127533933027,16.283982410096034,45.90411498959586,11.873624433534815,4.006283567459786,0.0,0.0,0.0,0.0,0.0,model4,15.0,False,159.0
53,2015-01-08T20:00:00Z,32.0,180.66237438901783,450.5565980838029,101.58463549645501,39.980007625325364,16.006128957122222,53.070096124447964,11.386331387072573,4.4873934578472685,0.0,0.0,0.0,0.0,0.0,model4,15.0,False,162.0
54,2015-01-08T23:00:00Z,32.0,184.87753182699242,448.182764426302,101.22409515961806,40.65854726735465,16.1445465542214,49.72805041988056,10.752191304563668,4.526043450195759,0.0,0.0,0.0,0.0,0.0,model4,15.0,False,165.0
55,2015-01-09T02:00:00Z,32.0,189.17669909546768,444.4293798580082,102.32867240233149,41.04116196080891,13.210853451102846,51.23093522035473,10.292305163516431,4.711143902259629,0.0,0.0,0.0,0.0,0.0,model4,15.0,False,168.0
56,2015-01-09T05:00:00Z,32.0,190.4053441140157,439.1993483412152,103.65378082122363,40.84977388322683,12.759542372654455,56.919464957858715,10.831394797829018,4.7178582741190285,0.0,0.0,0.0,0.0,0.0,model4,15.0,False,171.0
57,2015-01-09T08:00:00Z,32.0,193.19691861711013,435.2151828213456,103.85963583398001,40.63243633861113,11.6135257041698,57.6075381259909,9.218224548979917,5.084228313079022,1.0,0.0,0.0,0.0,0.0,model4,15.0,True,174.0
58,2015-01-09T11:00:00Z,32.0,191.61298900499,429.2896117595382,104.422827585761,40.63484907652268,13.247142671608168,58.66442448053315,9.134877295044921,5.210148609903303,1.0,0.0,0.0,0.0,0.0,model4,15.0,True,177.0
59,2015-01-09T14:00:00Z,32.0,192.69672856439945,422.1706622476919,103.27673045934836,41.39450423459525,14.91027883018316,51.337769232962636,8.500072138525192,4.2292640405182,1.0,0.0,0.0,0.0,0.0,model4,15.0,True,180.0
60,2015-01-09T17:00:00Z,32.0,192.79342156969028,430.44067784647626,102.48590399217464,41.15153154974071,15.007919986898305,55.18859326891208,7.695140461549972,4.166945181080075,1.0,0.0,0.0,0.0,0.0,model4,15.0,True,183.0
61,2015-01-09T20:00:00Z,32.0,191.1235165622812,431.2906549211666,102.13775110831078,41.188329819478284,15.988026442874727,47.89628157262885,7.832709265220271,4.289048480914951,1.0,0.0,0.0,0.0,0.0,model4,15.0,True,186.0
62,2015-01-09T23:00:00Z,32.0,188.954359858252,432.38851886667464,102.0545088079427,41.117590398542816,16.289548099228767,47.65425468572273,8.00114202974429,4.265666626349779,1.0,0.0,0.0,0.0,0.0,model4,15.0,True,189.0
63,2015-01-10T02:00:00Z,32.0,191.0610990946349,436.30244951639,101.62887420502459,40.75113195596763,18.530550129483867,48.62184324922133,8.684428960788331,4.117011927358544,1.0,0.0,0.0,0.0,0.0,model4,15.0,True,192.0
64,2015-01-10T05:00:00Z,32.0,191.5819351659261,446.3870084646907,100.28173785215034,40.203123025689614,18.35074835031898,40.025397011644884,7.2853962953656435,4.318450962252238,1.0,0.0,0.0,0.0,0.0,model4,15.0,True,195.0
65,2015-01-10T08:00:00Z,32.0,189.28530859987163,447.39572438514017,100.8744871917385,39.81039901981281,18.42538082456092,37.775977002341214,7.30155412140388,3.9428137515969306,0.0,0.0,0.0,0.0,0.0,model4,15.0,False,198.0
66,2015-01-10T11:00:00Z,32.0,188.7917084194516,448.0313125977919,100.47681434218454,39.816155479680326,18.746195869723746,31.258278157646533,7.321051961069447,4.099830943711522,0.0,0.0,0.0,0.0,0.0,model4,15.0,False,201.0
67,2015-01-10T14:00:00Z,32.0,187.90376252881282,455.0925196434462,101.07668653507127,39.81065367006433,17.455569973622175,35.175589843063825,8.070951460477866,4.450595532851182,0.0,0.0,0.0,0.0,0.0,model4,15.0,False,204.0
68,2015-01-10T17:00:00Z,32.0,184.212512312396,452.38831225921615,100.16430858632654,39.71639647020167,17.909277597582438,33.75869982618176,9.112106733046273,4.408601900233043,0.0,0.0,0.0,0.0,0.0,model4,15.0,False,207.0
69,2015-01-10T20:00:00Z,32.0,184.11623300588295,456.00563317564973,100.6517182560198,39.39187164119269,19.720374778416463,32.930857667280925,9.102727715524278,4.1721224224306255,0.0,0.0,0.0,0.0,0.0,model4,15.0,False,210.0
70,2015-01-10T23:00:00Z,32.0,182.44400207538638,454.4025696290214,100.498636849768,39.78955547595488,19.888279560667012,33.89632301107986,9.357718278943942,4.441150312073836,0.0,0.0,0.0,0.0,0.0,model4,15.0,False,213.0
71,2015-01-11T02:00:00Z,32.0,179.13035298601105,451.94143345509207,100.99491906162487,39.15881306648004,15.678662021681294,34.12109631625668,8.546319504442069,4.610287759972832,0.0,0.0,0.0,0.0,0.0,model4,15.0,False,216.0
72,2015-01-11T05:00:00Z,32.0,176.32549432607388,451.5976424432547,101.0938400384644,39.27673919019117,14.578521195330207,34.35822239732685,9.824203185845533,4.551160122903641,0.0,0.0,0.0,0.0,0.0,model4,15.0,False,219.0
73,2015-01-11T08:00:00Z,32.0,174.96511845178597,458.5653544361711,100.94996378716162,38.81069869745049,14.48747451075877,39.22524170362644,10.058823774888117,5.117410222729892,0.0,0.0,0.0,0.0,0.0,model4,15.0,False,222.0
74,2015-01-11T11:00:00Z,32.0,175.16742231060095,459.5938412201124,100.28719100990996,38.30281431306201,15.674088649673829,41.746845824719074,10.165840758824704,4.979400774389705,0.0,0.0,0.0,0.0,0.0,model4,15.0,False,225.0
75,2015-01-11T14:00:00Z,32.0,172.33417064047788,453.9262944608364,99.15697733283487,38.324166740480884,14.554371893736231,46.90723073941695,9.420136720147466,4.947518929580611,0.0,0.0,0.0,0.0,0.0,model4,15.0,False,228.0
76,2015-01-11T17:00:00Z,32.0,173.1975044199588,458.34709889890695,100.06129138707128,39.4307795176914,13.929755129948495,48.43671377958586,9.129525910353998,6.043983028690941,0.0,0.0,0.0,0.0,0.0,model4,15.0,False,231.0
77,2015-01-11T20:00:00Z,32.0,171.20541217167155,457.5774908614703,99.94427119990131,39.48157309325297,11.925109269667836,53.500251535457785,9.256658547703477,5.754209610736983,0.0,0.0,0.0,0.0,0.0,model4,15.0,False,234.0
78,2015-01-11T23:00:00Z,32.0,172.75828929586518,458.7341358212246,99.08509008596987,39.20354554581708,12.82700684165838,52.894090958643844,9.665619855969085,5.67326414032136,0.0,0.0,0.0,0.0,0.0,model4,15.0,False,237.0
79,2015-01-12T02:00:00Z,32.0,170.62587450280512,461.2950538371002,97.44841378866177,39.65354608564884,12.505708939191114,50.555509967309675,9.400641568029693,5.514278859160291,0.0,0.0,0.0,0.0,0.0,model4,15.0,False,240.0
80,2015-01-12T05:00:00Z,32.0,170.35939436369847,459.17311795560516,98.28748974069609,40.08376601250779,15.693705512362163,50.73666685288367,8.331234217938379,5.548963463725232,0.0,0.0,0.0,0.0,0.0,model4,15.0,False,243.0
81,2015-01-12T08:00:00Z,32.0,168.6618204347835,451.7726858807855,98.66893937277212,41.20357798029728,17.035907624959453,50.778912426079856,8.874157331993846,5.076856526415801,0.0,0.0,0.0,0.0,0.0,model4,15.0,False,246.0
82,2015-01-12T11:00:00Z,32.0,169.0482081872642,450.9240513210064,99.6631989396494,41.37399383143188,16.535973381506757,50.7233794416409,8.850617542020457,4.771422729729631,0.0,0.0,0.0,0.0,0.0,model4,15.0,False,249.0
83,2015-01-12T14:00:00Z,32.0,168.37065318617383,455.873397377826,99.40475980308192,42.00520937290757,16.919715698105833,45.11694788245493,9.564516412890962,4.4631145894310285,0.0,0.0,0.0,0.0,0.0,model4,15.0,False,252.0
84,2015-01-12T17:00:00Z,32.0,165.32236260520432,455.5171801179529,97.86899004693537,40.87881786350726,16.824426301047758,43.91898358674368,9.742557556810581,3.9064207130408324,0.0,0.0,0.0,0.0,0.0,model4,15.0,False,255.0
85,2015-01-12T20:00:00Z,32.0,165.2064715165387,456.17147928227786,96.67074781858936,40.574141944009426,16.597627180849464,39.52276954031112,9.735796165302578,4.125580656201333,0.0,0.0,0.0,0.0,0.0,model4,15.0,False,258.0
86,2015-01-12T23:00:00Z,32.0,162.88562577709817,455.3072954046554,96.96244322653574,40.36837424096269,15.468721023749206,42.357854746052816,9.22102048461069,4.4868024529940485,0.0,0.0,0.0,0.0,0.0,model4,15.0,False,261.0
87,2015-01-13T02:00:00Z,32.0,163.95124478156558,453.35752790945503,98.60462588690592,40.98710186580306,17.23768622182056,42.922930293758675,9.4772439560777,4.8746023676313435,0.0,0.0,0.0,0.0,0.0,model4,15.0,False,264.0
88,2015-01-13T05:00:00Z,32.0,163.38401067933046,453.91894201489686,98.20204316964261,40.81378161584862,14.741317684971106,41.6325012910688,10.403283400011498,4.866317715813301,0.0,0.0,0.0,0.0,0.0,model4,15.0,False,267.0
89,2015-01-13T08:00:00Z,32.0,166.00232389001067,457.95086440608384,97.96428592056336,40.22221377205849,16.57021787274391,36.62142281398478,9.582446593279023,4.555410179710246,0.0,0.0,0.0,0.0,0.0,model4,15.0,False,270.0
90,2015-01-13T11:00:00Z,32.0,165.13125830983697,455.4056501942357,97.23347988942035,40.00274351365899,15.718342424520808,33.55526443897704,10.050571662325623,5.006018959863448,0.0,0.0,0.0,0.0,0.0,model4,15.0,False,273.0
91,2015-01-13T14:00:00Z,32.0,166.92802902274656,446.5512011945579,98.4736990561185,39.860632661763695,15.382023215766678,41.30870543240336,10.341716730458492,4.902179513747406,0.0,0.0,0.0,0.0,0.0,model4,15.0,False,276.0
92,2015-01-13T17:00:00Z,32.0,168.77242595293575,441.02765867380884,99.32218620568995,40.047634589155386,14.685376019626224,39.599026109705356,9.690956722392366,5.0199751493969815,0.0,0.0,0.0,0.0,0.0,model4,15.0,False,279.0
93,2015-01-13T20:00:00Z,32.0,170.0214850816969,439.6880098578946,100.47452746135176,40.05207220258032,14.296121346875665,39.47720930589955,9.634828251972834,5.081887913020801,0.0,0.0,0.0,0.0,0.0,model4,15.0,False,282.0
94,2015-01-13T23:00:00Z,32.0,170.09203952198888,445.36712393255857,99.4587843161828,40.37635295112075,15.460189819765587,41.66298792135596,10.607514953547755,4.708851531711287,0.0,0.0,0.0,0.0,0.0,model4,15.0,False,285.0
95,2015-01-14T02:00:00Z,32.0,168.52087387126258,443.0354499157254,98.65159322722704,40.31659296193321,14.310171260658475,42.45354999014437,10.600672568855586,4.38502364098355,0.0,0.0,0.0,0.0,0.0,model4,15.0,False,288.0
96,2015-01-14T05:00:00Z,32.0,171.42027039381398,438.8340971231896,99.928177956638,40.07194173547952,15.323936522865687,42.97885441080874,10.262560764977078,4.4731648564859725,0.0,0.0,0.0,0.0,0.0,model4,15.0,False,291.0
97,2015-01-14T08:00:00Z,32.0,171.55139811963855,441.50623932978516,98.66210989676912,39.6992487462415,13.904496664179185,47.2229583059396,10.833651623963695,4.72378310804154,0.0,0.0,0.0,0.0,0.0,model4,15.0,False,294.0
98,2015-01-14T11:00:00Z,32.0,171.60278116323622,442.1027701980085,99.22134429508014,40.408056659773294,14.038994156192805,46.93783602419711,10.481277637654582,4.440910987883433,0.0,0.0,0.0,0.0,0.0,model4,15.0,False,297.0
99,2015-01-14T14:00:00Z,32.0,170.21554002669814,447.6269003290845,98.55559980652632,40.06234410731316,15.190725998682039,42.98736344658398,9.702903265277408,4.2605281652529765,0.0,0.0,0.0,0.0,0.0,model4,15.0,False,300.0
100,2015-01-14T17:00:00Z,32.0,171.4676406831623,448.784557583573,98.54504987875332,39.79249435053647,16.518986617223472,43.85117086664479,10.025540897337995,4.018977945322553,0.0,0.0,0.0,0.0,0.0,model4,15.0,False,303.0
101,2015-01-14T20:00:00Z,32.0,172.9245794394675,444.3387453004088,97.3261414242248,40.41331967692477,17.346334524508954,46.27332243325942,9.8282868678722,3.90162142191189,0.0,0.0,0.0,0.0,0.0,model4,15.0,False,306.0
102,2015-01-14T23:00:00Z,32.0,172.9022453511338,435.8554159802278,99.78866894972178,40.2626312756591,16.18355412901601,44.280072681385015,9.896118016384577,4.2452641069484285,0.0,0.0,0.0,0.0,0.0,model4,15.0,False,309.0
103,2015-01-15T02:00:00Z,32.0,172.7793911280423,445.77730523433183,100.16167798740351,39.84714117806888,15.62912094795728,48.761108064356954,9.681359055191152,4.204908436623044,0.0,0.0,0.0,0.0,0.0,model4,15.0,False,312.0
104,2015-01-15T05:00:00Z,32.0,171.31878647292362,452.3196384890628,97.75200683471542,39.69535189320594,14.496020205322564,48.58920009092322,9.211681213618993,4.642463386014378,0.0,0.0,0.0,0.0,0.0,model4,15.0,False,315.0
105,2015-01-15T08:00:00Z,32.0,170.41182752685032,440.9685661298342,98.91915284856894,40.482395370627046,13.72487675852966,49.22140372658404,8.885846338465292,5.008745761774197,0.0,0.0,0.0,0.0,0.0,model4,15.0,False,318.0
106,2015-01-15T11:00:00Z,32.0,171.0677915734183,449.1156706794142,98.96077043452902,39.72803678156771,13.715606201317652,56.62931986101554,8.974606397472334,5.075219523762053,0.0,0.0,0.0,0.0,0.0,model4,15.0,False,321.0
107,2015-01-15T14:00:00Z,32.0,171.86220809925362,439.3074250526593,98.4090721136467,38.92606316736392,12.368146289959162,61.6998937604661,9.392130532578918,6.154410884077206,0.0,0.0,0.0,0.0,0.0,model4,15.0,False,324.0
108,2015-01-15T17:00:00Z,32.0,170.7322866560957,436.23522105352447,99.06750355206684,39.86843749646878,13.977798124144973,59.78264158080734,10.047742699906818,6.710745777826316,0.0,0.0,0.0,0.0,0.0,model4,15.0,False,327.0
109,2015-01-15T20:00:00Z,32.0,168.17962433949594,438.5223573464153,100.61765582842509,39.879230441032796,13.688923746180418,58.772874463251284,10.271426147824487,6.949633196426357,0.0,0.0,0.0,0.0,0.0,model4,15.0,False,330.0
110,2015-01-15T23:00:00Z,32.0,169.37192395593516,441.0552685205584,100.34733476641651,38.98123549432693,13.522956071526526,58.47723594689743,9.612709182322812,7.035620997304701,0.0,0.0,0.0,0.0,0.0,model4,15.0,False,333.0
111,2015-01-16T02:00:00Z,32.0,169.6342110828522,430.5959067119168,100.2658202981601,38.77386354416392,13.895033527335874,55.179802847952345,9.515245195891533,7.1526525949423485,0.0,0.0,0.0,0.0,0.0,model4,15.0,False,336.0
112,2015-01-16T05:00:00Z,32.0,171.43009006058838,424.98779906708825,102.013004464768,39.30136747950952,15.739207681549964,54.626154084020044,9.789243533861608,6.900540380149383,0.0,0.0,0.0,0.0,0.0,model4,15.0,False,339.0
113,2015-01-16T08:00:00Z,32.0,172.35339380974304,428.6441900654113,101.51704172123392,38.67004134709367,16.007532196546432,56.252825603746224,9.841201742911831,7.119371261527448,0.0,0.0,0.0,0.0,0.0,model4,15.0,False,342.0
114,2015-01-16T11:00:00Z,32.0,172.9262417771226,421.570519417292,101.01500550624876,39.081413879701145,16.102706961427774,45.275858208449705,9.751151494878089,7.082247612284055,0.0,0.0,0.0,0.0,0.0,model4,15.0,False,345.0
115,2015-01-16T14:00:00Z,32.0,173.2705175854906,426.06150273955086,101.410506432777,40.14967392360743,16.262501675116162,39.2766168377649,9.502237100322182,6.246777053706663,0.0,0.0,0.0,0.0,0.0,model4,15.0,False,348.0
116,2015-01-16T17:00:00Z,32.0,172.7857617295556,427.8279147686874,99.88806013369278,39.74504525402271,14.479144050658855,39.454956993230866,9.692032001784172,5.953350844604395,0.0,0.0,0.0,0.0,0.0,model4,15.0,False,351.0
117,2015-01-16T20:00:00Z,32.0,172.7199678504943,427.3993136793982,99.42107630243946,39.41330647840714,13.302605892863806,36.49557864891383,9.627862513904033,5.914984537129599,0.0,0.0,0.0,0.0,0.0,model4,15.0,False,354.0
118,2015-01-16T23:00:00Z,32.0,172.27929213898025,436.2895459737077,98.38980592494629,39.993617853712365,13.527385482685675,48.04799539202886,9.465198259678587,5.374815970663653,0.0,0.0,0.0,0.0,0.0,model4,15.0,False,357.0
119,2015-01-17T02:00:00Z,32.0,172.15140805723632,443.3660465431826,97.53224736536998,40.13601544273522,13.317093874996548,48.51968781369985,9.196223106206316,4.960914567191052,0.0,0.0,0.0,0.0,0.0,model4,15.0,False,360.0
120,2015-01-17T05:00:00Z,32.0,169.6880276369131,446.4030265239647,96.09755570901771,39.78438879994717,11.17988151369902,48.48517267416519,7.8900256309374734,5.2996842113506055,0.0,0.0,0.0,0.0,0.0,model4,15.0,False,363.0
121,2015-01-17T08:00:00Z,32.0,170.04770838027787,450.49666634591324,96.60974514003486,39.38497144536221,13.120087499665608,43.93186271362753,9.631885069500095,4.791380807312159,0.0,0.0,0.0,0.0,0.0,model4,15.0,False,366.0
122,2015-01-17T11:00:00Z,32.0,166.12781588637154,457.5183212016868,96.4232900408083,39.29845094292687,14.500132868843265,47.556840180299524,9.719644970822152,4.698404586680564,0.0,0.0,0.0,0.0,0.0,model4,15.0,False,369.0
123,2015-01-17T14:00:00Z,32.0,165.7918096208905,457.9512677171232,95.76017066715393,38.87350769418069,14.634765276623677,50.41671689156685,9.463132009363962,4.556971379613503,0.0,0.0,0.0,0.0,0.0,model4,15.0,False,372.0
124,2015-01-17T17:00:00Z,32.0,165.1989766510705,452.7406523899703,97.61290922228342,38.28304886231038,14.707748883239702,57.61827263085544,8.893938628919306,4.597766603971715,0.0,0.0,0.0,0.0,0.0,model4,15.0,False,375.0
125,2015-01-17T20:00:00Z,32.0,164.56145534027453,456.0674933885444,96.9194098987502,38.06201612230618,16.253425651308532,58.459030548982106,10.968859197925193,4.148681206102815,0.0,0.0,0.0,0.0,0.0,model4,15.0,False,378.0
126,2015-01-17T23:00:00Z,32.0,163.77007256392213,446.668520646759,96.96315478029749,38.01672520066106,16.346069631150726,53.280841757335494,11.310382457475926,4.104425962404221,0.0,0.0,0.0,0.0,0.0,model4,15.0,False,381.0
127,2015-01-18T02:00:00Z,32.0,163.75778882938,441.44477458649635,97.1968922728528,38.53195264049554,16.207509735704974,52.18526807248988,11.194809534582555,5.163711192031727,0.0,0.0,0.0,0.0,0.0,model4,15.0,False,384.0
128,2015-01-18T05:00:00Z,32.0,163.44952108082654,442.61379536330077,98.52537744782153,38.31635570104668,17.478218242799038,50.69674254298154,11.446075627073677,4.945129239713761,0.0,0.0,0.0,0.0,0.0,model4,15.0,False,387.0
129,2015-01-18T08:00:00Z,32.0,162.5968219386227,443.69945552994034,98.57643443229193,38.85918889618055,16.625146513360733,53.31955539053462,10.062388177371483,4.8180855636929145,0.0,0.0,0.0,0.0,0.0,model4,15.0,False,390.0
130,2015-01-18T11:00:00Z,32.0,164.1242199232461,439.92022875901176,99.28448286099844,39.51927152642155,15.788571675606205,49.57152493827837,10.224979541610454,5.3888742264762115,0.0,0.0,0.0,0.0,0.0,model4,15.0,False,393.0
131,2015-01-18T14:00:00Z,32.0,161.51911265470653,448.3992620336793,100.51489951607272,39.42779560031036,17.451463268981097,46.910478522016184,10.145295438985123,5.753653867250415,0.0,0.0,0.0,0.0,0.0,model4,15.0,False,396.0
132,2015-01-18T17:00:00Z,32.0,163.17298661796508,451.0186473476596,99.9579583230134,39.79137888072453,17.60367035170316,41.415625021025136,10.153513085242679,5.364375302173888,0.0,0.0,0.0,0.0,0.0,model4,15.0,False,399.0
133,2015-01-18T20:00:00Z,32.0,164.56365416654592,451.4532311475782,100.0426426595586,40.07673665672351,16.873740886132413,42.14020566575412,6.984990113430675,5.360072866236641,0.0,0.0,0.0,0.0,0.0,model4,15.0,False,402.0
134,2015-01-18T23:00:00Z,32.0,166.88754174816998,452.65347649456635,101.66845726295223,40.29384350395768,18.81323861823878,40.62741568254629,7.15861620875825,5.314591209334475,0.0,0.0,0.0,0.0,0.0,model4,15.0,False,405.0
135,2015-01-19T02:00:00Z,32.0,169.0993463438711,451.26515567010085,102.79934160282416,39.237306896552475,19.292566619370632,44.86411794849283,9.04640155211989,4.86741259860353,0.0,0.0,0.0,0.0,0.0,model4,15.0,False,408.0
136,2015-01-19T05:00:00Z,32.0,169.24424167248173,444.65717135215937,101.50771888016693,39.4867991550383,18.671982461900264,46.68216745133279,9.467248356761315,5.126963738895927,0.0,0.0,0.0,0.0,0.0,model4,15.0,False,411.0
137,2015-01-19T08:00:00Z,32.0,168.44580090854134,445.36992286407457,101.49332986285849,39.33708187361261,17.673064044249198,49.36741470836132,9.745399258072243,4.9382658493594,0.0,0.0,0.0,0.0,0.0,model4,15.0,False,414.0
138,2015-01-19T11:00:00Z,32.0,171.04136172408232,441.412579660773,100.78848761396458,38.407746364574926,17.8004332467502,49.75733847367281,10.053373747721537,4.4680407180033255,0.0,0.0,0.0,0.0,0.0,model4,15.0,False,417.0
139,2015-01-19T14:00:00Z,32.0,177.28806069100938,437.8694811744619,99.59185308235328,38.662334632818826,15.314468876725115,49.396728219977476,10.62108000610809,4.185888500753632,0.0,0.0,0.0,0.0,0.0,model4,15.0,False,420.0
140,2015-01-19T17:00:00Z,32.0,175.42817551860142,439.2034045145939,99.84737995064228,38.86707442006363,16.364167405378,48.11790486704545,10.651711024765703,4.6396350163398985,0.0,0.0,0.0,0.0,0.0,model4,15.0,False,423.0
141,2015-01-19T20:00:00Z,32.0,175.26731594879746,436.56080644016225,100.26391002069107,39.30256246130068,16.048018192076864,45.20724704485539,10.367337833495824,4.922472148944394,0.0,0.0,0.0,0.0,0.0,model4,15.0,False,426.0
142,2015-01-19T23:00:00Z,32.0,174.58929209978518,435.8359573140978,98.73629303714071,39.24830435577237,14.237883189707205,43.97296240630886,10.246809639881066,4.990439898199397,0.0,0.0,0.0,0.0,0.0,model4,15.0,False,429.0
143,2015-01-20T02:00:00Z,32.0,173.39136063580816,435.72665360651337,97.44538217983744,39.620302475556116,14.021213774743845,40.141092308674395,8.357702675566976,4.885284285739481,0.0,0.0,0.0,0.0,0.0,model4,15.0,False,432.0
144,2015-01-20T05:00:00Z,32.0,173.83137256312835,439.7021378111248,97.90589133315643,39.87743555666319,13.339343736613474,41.81480056156515,7.932014545527041,4.39254007869115,0.0,0.0,0.0,0.0,0.0,model4,15.0,False,435.0
145,2015-01-20T08:00:00Z,32.0,174.40161548990872,434.7481030554468,97.12788189340971,39.965056627546296,12.642030683102913,34.96170323892361,8.699312737594173,4.291826681649353,0.0,0.0,0.0,0.0,0.0,model4,15.0,False,438.0
146,2015-01-20T11:00:00Z,32.0,172.2182650418581,440.7831469695203,97.6746453324032,40.12300686684179,12.887718391534664,36.67217239241525,8.446420613163037,4.449965134822362,0.0,0.0,0.0,0.0,0.0,model4,15.0,False,441.0
147,2015-01-20T14:00:00Z,32.0,167.621219840271,436.3091577610413,97.53983272920229,40.196960564445725,10.430326799764847,35.8893898567946,7.799435743177113,4.253996858158552,0.0,0.0,0.0,0.0,0.0,model4,15.0,False,444.0
148,2015-01-20T17:00:00Z,32.0,170.35972019594917,437.62114579475497,96.99943541600922,39.73985042092928,10.884240163698543,37.37880366657283,8.884928839629275,3.9776970692111338,0.0,0.0,0.0,0.0,0.0,model4,15.0,False,447.0
149,2015-01-20T20:00:00Z,32.0,170.82940984817483,437.4106882121109,96.76881526414508,39.93315709708604,10.754150785019819,36.96540172077937,9.211703360222527,4.2073268170707,0.0,0.0,0.0,0.0,0.0,model4,15.0,False,450.0
150,2015-01-20T23:00:00Z,32.0,168.7153844985604,441.14646656446615,98.36221112921899,40.47098548971432,11.161494601550832,49.985476584792785,9.43197390485189,4.517314662005735,0.0,0.0,0.0,0.0,0.0,model4,15.0,False,453.0
151,2015-01-21T02:00:00Z,32.0,170.50445926249208,443.6307924903397,100.2391994108116,40.70990652078656,14.229534440772664,50.22735869905885,10.712697871370844,4.4627011269224335,0.0,0.0,0.0,0.0,0.0,model4,15.0,False,456.0
152,2015-01-21T05:00:00Z,32.0,172.7905808973373,441.94700468443335,99.51026384827921,40.37752516136028,15.888570852933743,51.42603655351912,11.23670077977422,4.706947592649112,0.0,0.0,0.0,0.0,0.0,model4,15.0,False,459.0
153,2015-01-21T08:00:00Z,32.0,173.70448769652333,443.4234239769955,99.81174609300169,40.806271023404996,16.79272383236766,53.09991093483351,10.500330193562991,4.5879141082338295,0.0,0.0,0.0,0.0,0.0,model4,15.0,False,462.0
154,2015-01-21T11:00:00Z,32.0,173.47357739231484,440.9012087692461,100.6010785674332,41.34848275555626,17.33754054506031,55.67168946124253,10.82376790973278,4.438586601130535,0.0,0.0,0.0,0.0,0.0,model4,15.0,False,465.0
155,2015-01-21T14:00:00Z,32.0,174.1296623018685,445.759934012864,100.71006501385178,41.64037342530353,18.522619901356197,52.83754101911785,10.887248813061838,4.627250326897702,0.0,0.0,0.0,0.0,0.0,model4,15.0,False,468.0
156,2015-01-21T17:00:00Z,32.0,171.51778509178112,443.32277480238196,100.49969302441193,41.48533114817323,18.73306893225275,52.15422433166854,11.468297863091994,4.670804798102466,0.0,0.0,0.0,0.0,0.0,model4,15.0,False,471.0
157,2015-01-21T20:00:00Z,32.0,171.11117029944808,445.7090826558696,100.9883654037302,41.56522179515896,19.15855086775537,53.056748092088604,11.101156655924491,4.769060844759334,0.0,0.0,0.0,0.0,0.0,model4,15.0,False,474.0
158,2015-01-21T23:00:00Z,32.0,171.49895676609384,445.59010220758245,99.5425673063473,41.43556565156547,20.324654696549707,42.66772064430908,11.019753358187986,4.787919608238408,0.0,0.0,0.0,0.0,0.0,model4,15.0,False,477.0
159,2015-01-22T02:00:00Z,32.0,168.91787209710208,451.23383486328765,100.36359852367329,41.51765763994084,18.567008895720168,49.20237560760313,12.089389599043406,4.6581790308450906,0.0,0.0,0.0,0.0,0.0,model4,15.0,False,480.0
160,2015-01-22T05:00:00Z,32.0,166.32917015962246,456.0745448896064,101.40800247757832,42.11293786230824,16.18104322571516,45.458202317516594,11.634629494710028,4.212332811550864,0.0,0.0,0.0,0.0,0.0,model4,15.0,False,483.0
161,2015-01-22T08:00:00Z,32.0,164.08862284495038,456.5179697162558,102.71926183968156,41.93276448113697,14.839027560168734,43.65631721313453,11.7082939165736,4.435472534249709,0.0,0.0,0.0,0.0,0.0,model4,15.0,False,486.0
162,2015-01-22T11:00:00Z,32.0,164.95732601917612,458.33000463776466,101.97245403337506,41.484359526061226,14.0486959983446,39.86924493455121,11.99637233586714,4.688032947264347,0.0,0.0,0.0,0.0,0.0,model4,15.0,False,489.0
163,2015-01-22T14:00:00Z,32.0,166.58956821039138,460.95118031682404,102.07143361255207,40.933498789518545,12.242937395484129,41.666519013098146,11.80286844649252,4.617537430025217,0.0,0.0,0.0,0.0,0.0,model4,15.0,False,492.0
164,2015-01-22T17:00:00Z,32.0,167.07992082752813,464.3062250147023,102.56104682447857,41.535369314342944,13.265510174263609,40.760385547608244,10.120274627289707,5.160444542745489,0.0,0.0,0.0,0.0,0.0,model4,15.0,False,495.0
165,2015-01-22T20:00:00Z,32.0,168.2286787550583,460.7791316035972,102.11007279644069,41.296461492282944,14.262685614240795,52.175692314700576,10.269027070339913,4.890928219576444,0.0,0.0,0.0,0.0,0.0,model4,15.0,False,498.0
166,2015-01-22T23:00:00Z,32.0,170.75085200772008,454.251514437204,103.47135777922637,40.841825272089636,12.34749311589322,56.43140273830521,10.62188981652266,5.3164357191631755,0.0,0.0,0.0,0.0,0.0,model4,15.0,False,501.0
167,2015-01-23T02:00:00Z,32.0,169.58607332804203,447.59118982681616,100.7706583571006,41.16125686339824,13.909667473957635,50.63915567520018,8.924885467153436,5.887798331261308,0.0,0.0,0.0,0.0,0.0,model4,15.0,False,504.0
168,2015-01-23T05:00:00Z,32.0,169.5543409975556,449.8146717707695,100.07527991460792,40.42784214540056,13.966699115790135,51.315291431859066,8.97334149747706,6.404000032046003,0.0,0.0,0.0,0.0,0.0,model4,15.0,False,507.0
169,2015-01-23T08:00:00Z,32.0,169.18975613733787,450.16043263743563,99.78208607156328,40.621326723741284,14.691688220147636,51.612120887758245,8.918438222017087,6.357678930515213,0.0,0.0,0.0,0.0,0.0,model4,15.0,False,510.0
170,2015-01-23T11:00:00Z,32.0,170.8676445617697,440.37060967693947,99.62709596845501,40.10207844412964,15.66760120043183,55.03774919923754,8.090404706223898,6.270362361193791,0.0,0.0,0.0,0.0,0.0,model4,15.0,False,513.0
171,2015-01-23T14:00:00Z,32.0,170.08250774354343,432.64034385112353,99.99602848256019,40.34506616341585,15.60133805877756,54.78597764915632,7.9587836494201385,6.375842095648322,0.0,0.0,0.0,0.0,0.0,model4,15.0,False,516.0
172,2015-01-23T17:00:00Z,32.0,170.5649262566603,430.88138234774567,99.53505250021992,39.82647901058096,16.871000756881426,54.18200343750243,8.944370039002596,5.880971731983108,0.0,0.0,0.0,0.0,0.0,model4,15.0,False,519.0
173,2015-01-23T20:00:00Z,32.0,170.49695739494672,434.6549535300453,99.8405729668521,39.98562016407725,15.732454113436727,44.9047480346816,8.9032469175971,6.433342175565135,0.0,0.0,0.0,0.0,0.0,model4,15.0,False,522.0
174,2015-01-23T23:00:00Z,32.0,168.52606886157176,439.29465737983077,98.9735842496739,40.09732610484485,15.364007409133173,44.04692675430583,7.773254047377218,6.14347998567784,0.0,0.0,0.0,0.0,0.0,model4,15.0,False,525.0
175,2015-01-24T02:00:00Z,32.0,171.04861011661663,446.38735799860115,100.71030081377586,39.82877322378735,14.115837602079921,47.785642941798365,8.089888188174637,5.418563180700484,0.0,0.0,0.0,0.0,0.0,model4,15.0,False,528.0
176,2015-01-24T05:00:00Z,32.0,170.01249619038663,447.3181180550926,101.19457961656259,40.24760501570609,14.981883504784253,48.41034226695857,8.050887540681435,5.151323919464423,0.0,0.0,0.0,0.0,0.0,model4,15.0,False,531.0
177,2015-01-24T08:00:00Z,32.0,170.9211065011595,449.24113690660596,100.50793070720104,39.40556386396896,13.564845492380547,48.207239106077395,7.437345528683816,5.632516495796808,0.0,0.0,0.0,0.0,0.0,model4,15.0,False,534.0
178,2015-01-24T11:00:00Z,32.0,169.89655175747558,455.66549528626837,100.34312410504343,40.58856569387349,12.82620255446728,41.93206981287707,7.3889476783818795,5.7769068672519195,0.0,0.0,0.0,0.0,0.0,model4,15.0,False,537.0
179,2015-01-24T14:00:00Z,32.0,168.934393546606,468.42709936633577,100.92398458231428,40.62822178831336,12.669435590701086,42.13905959161468,7.732835632917808,5.624052562787452,0.0,0.0,0.0,0.0,0.0,model4,15.0,False,540.0
180,2015-01-24T17:00:00Z,32.0,168.80176191205058,468.0444386622197,101.5785745039251,40.51829193240498,10.969062950707183,43.098247399658746,6.584549950504773,5.608527523640466,0.0,0.0,0.0,0.0,0.0,model4,15.0,False,543.0
181,2015-01-24T20:00:00Z,32.0,169.55644339699074,470.0010393916355,101.7761828916156,40.17144693036422,12.576321605209985,46.65101649310307,9.171821280424831,4.9016640525851916,0.0,0.0,0.0,0.0,0.0,model4,15.0,False,546.0
182,2015-01-24T23:00:00Z,32.0,170.3344591818348,469.2452880334434,103.06923931450157,39.95829994716487,12.339261911953502,45.189843119354435,9.642915849704085,5.234110827961044,0.0,0.0,0.0,0.0,0.0,model4,15.0,False,549.0
183,2015-01-25T02:00:00Z,32.0,168.88739356801796,465.26004269860994,102.17218446411655,39.777023909907435,12.12861430390867,43.02386161295846,9.20456438931146,5.2583200734048745,0.0,0.0,0.0,0.0,0.0,model4,15.0,False,552.0
184,2015-01-25T05:00:00Z,32.0,167.62825899891942,458.02420818949247,102.64844371025566,40.096650539123615,12.970957625795775,43.91805546666971,8.989558167940736,5.122012718714212,0.0,0.0,0.0,0.0,0.0,model4,15.0,False,555.0
185,2015-01-25T08:00:00Z,32.0,168.11723076141232,454.28937178487473,103.04395514356031,40.50546383811084,13.753374086347206,48.67357305220915,8.83699810205502,5.079290466559793,0.0,0.0,0.0,0.0,0.0,model4,15.0,False,558.0
186,2015-01-25T11:00:00Z,32.0,168.26584023646782,444.02709082236845,103.8878657645892,39.7838879865006,13.992282709745185,59.64101379770385,8.86892603651589,4.9173163019421695,0.0,0.0,0.0,0.0,0.0,model4,15.0,False,561.0
187,2015-01-25T14:00:00Z,32.0,168.36856453887918,441.22017548052384,104.84843466741607,39.48320390075029,14.191167964797303,62.68443822642225,8.988256278135653,5.014211003495583,0.0,0.0,0.0,0.0,0.0,model4,15.0,False,564.0
188,2015-01-25T17:00:00Z,32.0,169.01580174279346,447.3586352564096,105.09384404060137,39.67801347449393,13.120615669506883,63.25854256764888,9.293641086133855,4.814530372012439,0.0,0.0,0.0,0.0,0.0,model4,15.0,False,567.0
189,2015-01-25T20:00:00Z,32.0,167.93957179950286,450.1662068188115,104.31067654113184,39.067647090882566,11.253367765825844,63.657006074268466,7.492306151419099,4.818795719958064,0.0,0.0,0.0,0.0,0.0,model4,15.0,False,570.0
190,2015-01-25T23:00:00Z,32.0,165.5870841204791,459.24174340473763,103.20532804272443,38.23791005538965,12.252172282077582,66.30483731758427,7.079793346384545,4.7652698638804765,0.0,0.0,0.0,0.0,0.0,model4,15.0,False,573.0
191,2015-01-26T02:00:00Z,32.0,167.6302327802401,463.93838087508936,102.42329244169079,38.81143238550253,13.746178823916948,69.91989914402004,8.147978503687492,5.623841806484043,0.0,0.0,0.0,0.0,0.0,model4,15.0,False,576.0
192,2015-01-26T05:00:00Z,32.0,170.56889496456162,464.3906361330215,101.80248776233914,38.765461391310474,15.108999479426535,68.78590446201349,8.442387533886027,5.500608414217616,0.0,0.0,0.0,0.0,0.0,model4,15.0,False,579.0
193,2015-01-26T08:00:00Z,32.0,169.95489582456534,466.62671934726853,100.90911660754657,37.83821455004824,14.533394726479967,66.48824459037924,8.630584238265062,5.791785334416269,0.0,0.0,0.0,0.0,0.0,model4,15.0,False,582.0
194,2015-01-26T11:00:00Z,32.0,169.67358947643254,478.0859710302968,99.64306078316713,38.07012531100352,14.131440377001324,53.027075004284974,9.081723310157427,5.8262119550110665,0.0,0.0,0.0,0.0,0.0,model4,15.0,False,585.0
195,2015-01-26T14:00:00Z,32.0,172.03107467852266,475.9562227433293,98.57816007699554,38.50605954772712,15.979337147185301,48.16050294909576,11.05613035562818,6.075911156041586,0.0,0.0,0.0,0.0,0.0,model4,15.0,False,588.0
196,2015-01-26T17:00:00Z,32.0,170.7393733699291,473.408045053786,97.2837969854341,38.281165135620384,16.110298653433983,50.143129053894704,10.715966407960346,6.1633974754667324,0.0,0.0,0.0,0.0,0.0,model4,15.0,False,591.0
197,2015-01-26T20:00:00Z,32.0,170.60654261351988,469.4836147302629,98.01470998019913,38.471211296726814,18.130268881977038,47.401806970857066,12.198310471913047,6.143731644713651,0.0,0.0,0.0,0.0,0.0,model4,15.0,False,594.0
198,2015-01-26T23:00:00Z,32.0,172.69993676369737,460.93993634817497,97.34402253266556,39.917832427281546,16.806737315609293,47.11002714161597,11.754429245663431,6.003164718587392,0.0,0.0,0.0,0.0,0.0,model4,15.0,False,597.0
199,2015-01-27T02:00:00Z,32.0,171.32241188993925,457.87749258361464,97.81472905699005,38.95321366952019,16.023492333191445,44.48838668737774,11.463394652548056,5.42813411575676,0.0,0.0,0.0,0.0,0.0,model4,15.0,False,600.0
200,2015-01-27T05:00:00Z,32.0,170.6813614826028,462.67964447670477,98.56056849908043,38.13702272455585,15.009477879626957,45.54916874135285,11.557600523705563,5.50232137963779,0.0,0.0,0.0,0.0,0.0,model4,15.0,False,603.0
201,2015-01-27T08:00:00Z,32.0,170.60533223205255,457.3962458856929,98.65349826137198,38.959314436201524,15.169287963085447,47.752717330022925,11.783442809124706,4.595438708000375,0.0,0.0,0.0,0.0,0.0,model4,15.0,False,606.0
202,2015-01-27T11:00:00Z,32.0,169.51894257408432,457.7827885366257,98.11097367147363,38.96318697217704,15.17438438420728,45.73664284462402,12.255616641727665,4.460976462798111,0.0,0.0,0.0,0.0,0.0,model4,15.0,False,609.0
203,2015-01-27T14:00:00Z,32.0,169.2154303087586,458.3834897723812,98.05256086992006,39.234617158355185,13.296360073469556,43.34845239326495,9.954111699337874,4.473130004452519,0.0,0.0,0.0,0.0,0.0,model4,15.0,False,612.0
204,2015-01-27T17:00:00Z,32.0,169.67146286577884,453.40878470762084,98.63952808470232,39.58773418296713,13.155422862688331,42.63876006327625,10.20068263674255,4.260419206102954,0.0,0.0,0.0,0.0,0.0,model4,15.0,False,615.0
205,2015-01-27T20:00:00Z,32.0,169.99919323625375,448.12878276271033,97.92607500407179,39.38944619937927,11.187039013083556,45.9493662099792,8.46500446632097,4.491400984392106,0.0,0.0,0.0,0.0,0.0,model4,15.0,False,618.0
206,2015-01-27T23:00:00Z,32.0,169.84940121055897,449.71966873782935,98.63257170441746,38.614199958985076,11.314733098100973,44.85239196328191,9.05636404648484,4.115196947951169,0.0,0.0,0.0,0.0,0.0,model4,15.0,False,621.0
207,2015-01-28T02:00:00Z,32.0,169.428406546525,448.9026023569657,98.22599361776892,39.02543661434183,11.560965485027928,42.52809228954405,9.211692459080318,4.269979590085389,0.0,0.0,0.0,0.0,0.0,model4,15.0,False,624.0
208,2015-01-28T05:00:00Z,32.0,166.67303565075997,441.8194673645074,99.55503813788256,39.38820823013104,12.004366509032753,47.324146497760104,10.338974794849813,4.081075734651684,0.0,0.0,0.0,0.0,0.0,model4,15.0,False,627.0
209,2015-01-28T08:00:00Z,32.0,166.94622582734888,449.8392919493954,99.91172808401426,39.92400337441933,11.893007042829945,46.82115481070736,9.967009390953006,4.694961729144484,0.0,0.0,0.0,0.0,0.0,model4,15.0,False,630.0
210,2015-01-28T11:00:00Z,32.0,169.7978424387781,447.49975714048117,101.13597311149971,39.850962109906455,13.980497470479055,48.509462247340004,8.490961979904927,4.921315142844271,0.0,0.0,0.0,0.0,0.0,model4,15.0,False,633.0
211,2015-01-28T14:00:00Z,32.0,168.9482607917989,449.5750661664763,101.314141259749,39.56024310520291,13.517952691283623,49.549092793949136,8.107601572671213,4.9407597132565915,0.0,0.0,0.0,0.0,0.0,model4,15.0,False,636.0
212,2015-01-28T17:00:00Z,32.0,166.57582588800864,449.1509874518658,101.28199452051209,39.660234209343116,15.352729001718753,54.51535819169588,7.47399485374077,5.149843626791931,0.0,0.0,0.0,0.0,0.0,model4,15.0,False,639.0
213,2015-01-28T20:00:00Z,32.0,165.12216360423974,450.6473849130849,101.19903293211004,39.82527082830534,15.617706686062055,52.07110195248063,8.256285009512682,4.836444044871903,0.0,0.0,0.0,0.0,0.0,model4,15.0,False,642.0
214,2015-01-28T23:00:00Z,32.0,164.764548339741,452.26919287563453,100.38528775771135,39.76149392312514,15.62936133746042,52.30497436270576,8.677735763555617,4.5911443203517015,0.0,0.0,0.0,0.0,0.0,model4,15.0,False,645.0
215,2015-01-29T02:00:00Z,32.0,164.7789978855,453.59578853812747,99.41871980431843,40.13647596749076,16.59261440165203,53.637022474088354,10.673211859128301,4.519763221584823,0.0,0.0,0.0,0.0,0.0,model4,15.0,False,648.0
216,2015-01-29T05:00:00Z,32.0,166.92377631096932,457.6493111464066,97.21697185267384,40.255422507070655,14.828687418304,50.48238039240857,10.009947911946064,4.765037500733168,0.0,0.0,0.0,0.0,0.0,model4,15.0,False,651.0
217,2015-01-29T08:00:00Z,32.0,168.62325708600963,459.9333288146282,97.0049240695202,39.65348326769478,15.904429738786336,51.78189623405878,10.354337499544188,4.321300562380337,0.0,0.0,0.0,0.0,0.0,model4,15.0,False,654.0
218,2015-01-29T11:00:00Z,32.0,168.6633792484493,465.71177756512014,97.34008673891556,39.84393784598043,16.972736861554008,51.21072107898254,10.518165109540604,4.163441083947007,0.0,0.0,0.0,0.0,0.0,model4,15.0,False,657.0
219,2015-01-29T14:00:00Z,32.0,169.57686991893115,454.60725147816106,97.1674256949411,39.95468224813611,17.440008869746716,53.374265671738655,10.883023233084424,4.026771991791762,0.0,0.0,0.0,0.0,0.0,model4,15.0,False,660.0
220,2015-01-29T17:00:00Z,32.0,172.42562922619945,463.9968130551829,97.25829978876692,39.62956571428858,15.660893261282627,48.15797677370257,12.119828099372349,3.7882309851586538,0.0,0.0,0.0,0.0,0.0,model4,15.0,False,663.0
221,2015-01-29T20:00:00Z,32.0,173.73849224075093,463.31100985323616,97.91136223224458,39.95757082447077,14.434819332519185,49.058279321605816,11.615020288428807,4.348676510542102,0.0,0.0,0.0,0.0,0.0,model4,15.0,False,666.0
222,2015-01-29T23:00:00Z,32.0,174.10322110619245,464.3408429354069,97.68057149442585,39.97499557102637,14.223300294791017,52.74704163395631,11.428061984811096,4.37147062708034,0.0,0.0,0.0,0.0,0.0,model4,15.0,False,669.0
223,2015-01-30T02:00:00Z,32.0,176.88945353566638,462.57565997647737,98.37158127375973,39.66625152041125,13.388844535451607,52.18747696341439,10.633761333776725,4.364848577916714,0.0,0.0,0.0,0.0,0.0,model4,15.0,False,672.0
224,2015-01-30T05:00:00Z,32.0,178.93569801584502,461.2238598050065,97.35210251009865,39.863018664703,13.511368286329304,48.68300768653005,11.350899944255787,4.500798467125117,0.0,0.0,0.0,0.0,0.0,model4,15.0,False,675.0
225,2015-01-30T08:00:00Z,32.0,179.76675204672432,450.42530417215403,98.18289444649281,40.43827640338589,13.388479658125515,47.42309112451914,11.377525588641012,4.217630848646723,0.0,0.0,0.0,0.0,0.0,model4,15.0,False,678.0
226,2015-01-30T11:00:00Z,32.0,175.6554392744857,446.8799957075229,97.81296326417619,41.08645920602185,14.477100593917296,44.039525322736644,11.202240889248374,4.637411815683307,0.0,0.0,0.0,0.0,0.0,model4,15.0,False,681.0
227,2015-01-30T14:00:00Z,32.0,173.90132267344072,449.16200517091386,97.34976735013042,40.70551594767386,14.417600690525695,41.354934651106134,10.808892125662195,4.703692237643585,0.0,0.0,0.0,0.0,0.0,model4,15.0,False,684.0
228,2015-01-30T17:00:00Z,32.0,174.46496152301285,440.8954103710916,98.75374702098269,40.75145846251511,14.137075941576295,44.545233786321226,10.262140385370627,4.848111611863152,0.0,0.0,0.0,0.0,0.0,model4,15.0,False,687.0
229,2015-01-30T20:00:00Z,32.0,172.93048119689774,446.58317886458036,99.52245745874649,39.78061190999153,14.683673871213506,46.247772235114354,10.75678835770461,5.010886711117936,0.0,0.0,0.0,0.0,0.0,model4,15.0,False,690.0
230,2015-01-30T23:00:00Z,32.0,173.73825823151347,436.3248128558348,100.34461875541508,40.27524838287644,15.207280146493185,48.97566329201366,10.611291875641383,5.0744505299238245,0.0,0.0,0.0,0.0,0.0,model4,15.0,False,693.0
231,2015-01-31T02:00:00Z,32.0,172.15596564435668,436.1723168334673,102.11134206992064,40.4817192021626,15.185237316189742,47.88697265020669,9.61881410922588,4.970104567897828,0.0,0.0,0.0,0.0,0.0,model4,15.0,False,696.0
232,2015-01-31T05:00:00Z,32.0,171.15697338553915,433.4802002137762,103.92174912081164,40.162894886253646,14.704469722981148,52.370918370920656,7.000674287732887,5.836317443105568,0.0,0.0,0.0,0.0,0.0,model4,15.0,False,699.0
233,2015-01-31T08:00:00Z,32.0,167.83171208936346,437.5409897449385,103.2135156728417,39.3506213633109,13.599216874945693,52.770861846512545,8.173414935348472,6.244097176393467,0.0,0.0,0.0,0.0,0.0,model4,15.0,False,702.0
234,2015-01-31T11:00:00Z,32.0,169.8436074286455,432.21254310748367,102.77124434380778,37.62722023990207,12.202867791882445,56.06559189440917,8.480945770611497,5.812488315841048,0.0,0.0,0.0,0.0,0.0,model4,15.0,False,705.0
235,2015-01-31T14:00:00Z,32.0,171.26009780912784,431.5727107616297,103.07620207956334,37.34386978926396,13.801676922503207,55.51036042228807,8.280908311561229,5.625143519871833,0.0,0.0,0.0,0.0,0.0,model4,15.0,False,708.0
236,2015-01-31T17:00:00Z,32.0,170.39710857646983,438.2413438955429,101.59228370911728,37.69457956338397,13.343677614904287,55.125218807601506,8.032619768459544,5.7268948282140935,0.0,0.0,0.0,0.0,0.0,model4,15.0,False,711.0
237,2015-01-31T20:00:00Z,32.0,171.5357089953086,431.18049425502494,99.89723903197687,38.205970651291096,13.037009466061392,59.36827007058387,8.445100613558509,5.747504738102099,0.0,0.0,0.0,0.0,0.0,model4,15.0,False,714.0
238,2015-01-31T23:00:00Z,32.0,172.2989906675433,436.59364967281164,100.13203578476872,37.374566510321344,12.62218486543191,53.71236745866519,8.406930475985474,5.526437032803564,0.0,0.0,0.0,0.0,0.0,model4,15.0,False,717.0
239,2015-02-01T02:00:00Z,32.0,171.6921529329898,441.8942097950337,98.60976338339144,36.95960834419365,13.084572263202205,58.80126484896345,8.188479143573561,5.265549605114559,0.0,0.0,0.0,0.0,0.0,model4,15.0,False,720.0
240,2015-02-01T05:00:00Z,32.0,170.82639004375568,447.1327554072234,98.09456565348567,36.20566469705357,13.24151533271865,54.22773084115647,8.62872460590171,4.1999319574001746,0.0,0.0,0.0,0.0,0.0,model4,15.0,False,723.0
241,2015-02-01T08:00:00Z,32.0,172.39297574822632,445.78448248576524,97.71332579870138,36.623096526937545,15.743137459233484,53.137656858260705,8.509535084934107,3.965029100207228,0.0,0.0,0.0,0.0,0.0,model4,15.0,False,726.0
242,2015-02-01T11:00:00Z,32.0,171.47436396157318,452.89317013690453,97.35556409467523,37.25192531671461,16.84710763860981,48.99020559560584,8.394695685772557,3.608895743055263,0.0,0.0,0.0,0.0,0.0,model4,15.0,False,729.0
243,2015-02-01T14:00:00Z,32.0,170.52217133995057,457.0732611882322,97.28068769211755,37.90730567870729,15.80653230261436,50.602004812196604,8.28551804786622,4.248532902466652,0.0,0.0,0.0,0.0,0.0,model4,15.0,False,732.0
244,2015-02-01T17:00:00Z,32.0,171.84702381312408,451.15382389533227,98.03992998152029,37.9016792225491,17.26898492610792,49.089582044510145,9.126047290222738,4.435311809296689,0.0,0.0,0.0,0.0,0.0,model4,15.0,False,735.0
245,2015-02-01T20:00:00Z,32.0,170.6641714227864,451.86077295723436,98.8259086513442,37.970961376486734,17.19741598757924,42.265113371609296,8.860780799045566,4.400161600383037,0.0,0.0,0.0,0.0,0.0,model4,15.0,False,738.0
246,2015-02-01T23:00:00Z,32.0,170.8014956322818,453.89663066341285,99.56972671344812,37.9382201522988,17.606944733142267,40.43962090546543,9.93185322388188,4.494808328244999,0.0,0.0,0.0,0.0,0.0,model4,15.0,False,741.0
247,2015-02-02T02:00:00Z,32.0,171.73411384990837,449.60330223074754,99.90225011267736,38.54303821267421,16.93744623810776,60.25619391106595,10.153137711363948,4.8919354652242095,0.0,0.0,0.0,0.0,0.0,model4,15.0,False,744.0
248,2015-02-02T05:00:00Z,32.0,172.65489306945287,452.5799384980376,101.33956345790114,39.197177694238,16.616385473690404,61.059399662157496,10.093198162801446,4.925499769848203,0.0,0.0,0.0,0.0,0.0,model4,15.0,False,747.0
249,2015-02-02T08:00:00Z,32.0,173.82021989312776,454.4518991473983,101.22445127543621,39.62021257962101,14.376830192479524,61.4121694394228,9.692409133120316,5.3579843565390215,0.0,0.0,0.0,0.0,0.0,model4,15.0,False,750.0
250,2015-02-02T11:00:00Z,32.0,172.58818591037155,449.92127910163833,103.12996004619465,39.40236971625354,14.656203228037338,61.152101745327606,9.84084151361411,5.575901076571612,0.0,0.0,0.0,0.0,0.0,model4,15.0,False,753.0
251,2015-02-02T14:00:00Z,32.0,173.35679936603438,447.69447668652083,103.37094660185629,40.319048629660394,14.552813236963921,61.92985900460182,10.191488660125644,6.412963209516407,0.0,0.0,0.0,0.0,0.0,model4,15.0,False,756.0
252,2015-02-02T17:00:00Z,32.0,171.88768054282986,446.61646634823705,102.67103507699636,42.12506625922061,13.338457932413194,61.28785009337618,10.403050023743477,8.233098142673432,0.0,0.0,0.0,0.0,0.0,model4,15.0,False,759.0
253,2015-02-02T20:00:00Z,32.0,174.0299160055883,453.56320285534315,103.72001087725857,43.75543280337147,13.05574870170814,60.084184930552645,10.114462354742141,8.490273090744259,0.0,0.0,0.0,0.0,0.0,model4,15.0,False,762.0
254,2015-02-02T23:00:00Z,32.0,171.56405005552617,449.6602741167703,102.70372065631399,45.672723254851725,14.168349592653195,63.235672321885424,9.988806309238218,8.085071955946624,0.0,0.0,0.0,0.0,0.0,model4,15.0,False,765.0
255,2015-02-03T02:00:00Z,32.0,170.19669149247432,451.53905164898913,102.90118926259414,45.90433964029815,13.594172085913732,41.4461394111166,9.185508102679997,8.387886580483459,0.0,0.0,0.0,0.0,0.0,model4,15.0,False,768.0
256,2015-02-03T05:00:00Z,32.0,168.9091606161201,449.12163666930326,102.26541124963569,47.36502155164146,13.175503089918655,40.06823769573249,9.547612395321439,7.548767727410097,0.0,0.0,0.0,0.0,0.0,model4,15.0,False,771.0
257,2015-02-03T08:00:00Z,32.0,166.80639100712102,451.3649952250942,103.64851446918259,48.26778361042737,11.753369362618141,44.776873260794716,9.867413036937236,6.913284245712933,0.0,0.0,0.0,0.0,0.0,model4,15.0,False,774.0
258,2015-02-03T11:00:00Z,32.0,169.80487797641157,453.60353663306006,101.83072824957424,49.82415571070688,10.922208571793089,47.39388255903721,9.77557805189905,5.054040470638526,0.0,0.0,0.0,0.0,0.0,model4,15.0,False,777.0
259,2015-02-03T14:00:00Z,32.0,169.09788874730802,459.0432456484089,101.4442110440192,49.46649964532463,10.303307927989037,44.132967977857774,9.62682844655413,5.496825096343113,0.0,0.0,0.0,0.0,0.0,model4,15.0,False,780.0
260,2015-02-03T17:00:00Z,32.0,170.5537549697018,455.73134484316284,100.62922645460002,49.18277759492129,10.928024826487565,47.04718221182507,11.135746316338064,5.432140355742715,0.0,0.0,0.0,0.0,0.0,model4,15.0,False,783.0
261,2015-02-03T20:00:00Z,32.0,169.50933347836232,448.53530754798925,99.84293294514995,49.177809543107315,10.592724868699943,47.99756713499919,11.207111380375324,5.4588856605456195,0.0,0.0,0.0,0.0,0.0,model4,15.0,False,786.0
262,2015-02-03T23:00:00Z,32.0,170.6186795574331,454.9547326352592,99.59149719409277,49.43299701467578,8.180665933578805,45.52525912399435,10.679607525629304,5.557349260695238,0.0,0.0,0.0,0.0,0.0,model4,15.0,False,789.0
263,2015-02-04T02:00:00Z,32.0,170.7159899976925,450.9250655049758,99.61264186794996,50.40748611127716,9.569357024125585,43.298307583424474,10.656191307501127,5.458986564713825,0.0,0.0,0.0,0.0,0.0,model4,15.0,False,792.0
264,2015-02-04T05:00:00Z,32.0,172.49358608223025,453.491273608866,98.07965016748732,50.13246818959303,9.916389412064213,44.52902080144239,10.6192998427925,5.2795287174844745,0.0,0.0,0.0,0.0,0.0,model4,15.0,False,795.0
265,2015-02-04T08:00:00Z,32.0,172.11176401331196,457.76641878166396,96.2819318076952,50.1639046349988,10.450527004751363,43.88278357372364,9.70593434008256,5.47781813893497,0.0,0.0,0.0,0.0,0.0,model4,15.0,False,798.0
266,2015-02-04T11:00:00Z,32.0,172.29200028552899,452.9610895952751,97.54341961818749,50.55773810157643,11.319382731748785,42.974693066069115,10.283106311350947,5.3882027163808965,0.0,0.0,0.0,0.0,0.0,model4,15.0,False,801.0
267,2015-02-04T14:00:00Z,32.0,171.88195921009816,452.40565295030854,97.44886232037722,50.479478175694354,11.471880339476087,41.68264283490329,10.588947530651762,5.921196576469928,0.0,0.0,0.0,0.0,0.0,model4,15.0,False,804.0
268,2015-02-04T17:00:00Z,32.0,167.7294730111787,459.32602367806084,97.57242519785828,49.361688663285435,13.699189482953608,39.63912562215229,10.078481926956245,6.309428709193816,0.0,0.0,0.0,0.0,0.0,model4,15.0,False,807.0
269,2015-02-04T20:00:00Z,32.0,168.06651391332045,468.7746977943507,98.09796198307579,48.37474494623489,14.35282625790498,37.658948014075506,10.198545664288654,6.664318016546643,0.0,0.0,0.0,0.0,0.0,model4,15.0,False,810.0
270,2015-02-04T23:00:00Z,32.0,166.87377829759316,467.11493982780985,98.57592426559273,46.46403160695238,15.391548484560394,41.37525649414313,10.779578122591767,7.403590987517218,0.0,0.0,0.0,0.0,0.0,model4,15.0,False,813.0
271,2015-02-05T02:00:00Z,32.0,168.25202882027457,465.6972160934738,99.3415048213352,44.845647711506565,15.269087255171693,46.04109970825639,11.159764707522195,6.768728252168224,0.0,0.0,0.0,0.0,0.0,model4,15.0,False,816.0
272,2015-02-05T05:00:00Z,32.0,168.32618926886116,462.20840352150026,99.18202329988532,44.53821435790345,15.515274089093928,45.88034812140123,11.602320170049875,6.810572504592121,0.0,0.0,0.0,0.0,0.0,model4,15.0,False,819.0
273,2015-02-05T08:00:00Z,32.0,171.6946879231109,457.8645735611177,99.09253557716772,42.82072044246503,18.793445327375753,43.40300195992487,11.415340207178225,7.0985886228791335,0.0,0.0,0.0,0.0,0.0,model4,15.0,False,822.0
274,2015-02-05T11:00:00Z,32.0,172.28233399587802,465.1171534873009,97.97444179866855,41.278567799535104,18.56718703383789,45.16941692601647,11.005879708962038,6.411351996740869,0.0,0.0,0.0,0.0,0.0,model4,15.0,False,825.0
275,2015-02-05T14:00:00Z,32.0,172.61667074969967,452.67829066950515,98.38418753327043,40.855416588653185,18.94656227168779,56.0126989276188,11.23083893193909,5.565500324823352,0.0,0.0,0.0,0.0,0.0,model4,15.0,False,828.0
276,2015-02-05T17:00:00Z,32.0,176.8751826475711,454.4570178673642,99.05536168120148,40.30763185826473,16.499087216207265,55.17138188862965,9.977165769940854,5.621451680041057,0.0,0.0,0.0,0.0,0.0,model4,15.0,False,831.0
277,2015-02-05T20:00:00Z,32.0,174.31192537099807,447.1784759779432,99.23783773141277,39.355221835092074,17.76154402468203,54.41508246607562,10.200850979566901,5.43986434854,0.0,0.0,0.0,0.0,0.0,model4,15.0,False,834.0
278,2015-02-05T23:00:00Z,32.0,174.59275949107064,443.5888496851466,99.23421918568157,39.2051685589372,17.573471246480313,51.91300411832632,10.059653484241405,5.6243547098894044,0.0,0.0,0.0,0.0,0.0,model4,15.0,False,837.0
279,2015-02-06T02:00:00Z,32.0,173.69603109157643,438.1727626679006,98.71025018905372,38.723116524757096,17.291922871300326,52.125591046999254,10.171521737195468,6.203939882341772,0.0,0.0,0.0,0.0,0.0,model4,15.0,False,840.0
280,2015-02-06T05:00:00Z,32.0,172.86608709166657,434.4859653535218,99.24243635072828,38.00927243332882,16.793891638371896,53.916469574766026,8.713010875933511,5.730055515892893,0.0,0.0,0.0,0.0,0.0,model4,15.0,False,843.0
281,2015-02-06T08:00:00Z,32.0,170.34085141093104,432.0752419580585,100.83429254285478,38.65440139101907,13.08853807539753,51.33991892449195,8.339377749079244,5.78187230861367,0.0,0.0,0.0,0.0,0.0,model4,15.0,False,846.0
282,2015-02-06T11:00:00Z,32.0,168.43688054890518,425.8822452834984,100.26663762382981,38.70770546424395,12.356582632383859,44.83744864329278,8.707548533952899,6.376524194896287,0.0,0.0,0.0,0.0,0.0,model4,15.0,False,849.0
283,2015-02-06T14:00:00Z,32.0,168.21238914163476,435.194416382809,100.398927192454,37.91036219361485,11.738676818636355,37.63651452307582,8.981290494350088,6.130873860024859,0.0,0.0,0.0,0.0,0.0,model4,15.0,False,852.0
284,2015-02-06T17:00:00Z,32.0,167.87255228153288,429.30804735565005,100.54878783490835,38.06140056897461,10.651851206549608,35.81634591272696,9.186177745928688,5.407717278424834,0.0,0.0,0.0,0.0,0.0,model4,15.0,False,855.0
285,2015-02-06T20:00:00Z,32.0,169.70646506366302,435.8141737575251,98.65797187287384,38.24333242593259,11.058898808117881,42.24515454442472,9.098428830921703,5.547441795696744,0.0,0.0,1.0,0.0,0.0,model4,15.0,False,858.0
286,2015-02-06T23:00:00Z,32.0,170.0914440453468,442.04504215012633,98.39065145974722,39.109928680955896,10.716170113913416,43.316295961504714,8.738143897726902,5.664460495299486,0.0,0.0,1.0,0.0,0.0,model4,15.0,False,861.0
287,2015-02-07T02:00:00Z,32.0,170.3550476725837,449.08502643067607,98.8396731083182,39.24935328026736,11.68959719222108,41.33759139284668,10.269131348998448,5.1098575604964855,0.0,0.0,1.0,0.0,0.0,model4,15.0,False,864.0
288,2015-02-07T05:00:00Z,32.0,170.39779710947204,446.25444309630547,99.63033156543176,39.18258079023378,11.866495380368836,43.67208580866997,11.030116780164542,5.109624590160375,0.0,0.0,1.0,0.0,0.0,model4,15.0,False,867.0
289,2015-02-07T08:00:00Z,32.0,171.5352602553949,448.2298728326069,100.29583754286408,40.432685185723095,13.630296574600784,44.457369276450144,11.687319635232505,6.796927638308457,0.0,0.0,1.0,0.0,0.0,model4,15.0,False,870.0
290,2015-02-07T11:00:00Z,32.0,169.89005522176373,449.62033627071366,101.08500825674204,41.13376081871064,14.88357532999457,43.91784685514017,11.450215671846244,6.319804701384291,0.0,0.0,1.0,0.0,0.0,model4,15.0,False,873.0
291,2015-02-07T14:00:00Z,32.0,173.07230838986138,450.2617912021833,99.72900936976609,42.67581919752809,17.228514154426705,43.923405605621824,11.911566312989967,6.460978617301447,0.0,0.0,1.0,0.0,0.0,model4,15.0,False,876.0
292,2015-02-07T17:00:00Z,32.0,173.40034845222928,453.4319698768979,100.19843246621244,43.60558202250056,17.137819429667886,41.00929653953737,11.87366361958802,6.8490295687640526,0.0,0.0,1.0,0.0,0.0,model4,15.0,False,879.0
293,2015-02-07T20:00:00Z,32.0,173.51730189985358,452.83539832300994,101.35630061201738,45.35473400774568,15.92936900878421,40.82474754419354,12.153028846029393,6.686206416958353,0.0,0.0,0.0,0.0,0.0,model4,15.0,False,882.0
294,2015-02-07T23:00:00Z,32.0,172.22445948011463,450.2724756512716,101.78151739118772,46.55557371907468,16.394752964509234,46.51096528601678,12.18154230564401,6.883767700037263,0.0,0.0,0.0,0.0,0.0,model4,15.0,False,885.0
295,2015-02-08T02:00:00Z,32.0,173.67805835942124,453.3487990323575,100.12724178813964,48.048298371249196,16.67627897213516,50.90423618274485,11.421614348406038,5.780351849886335,0.0,0.0,0.0,0.0,0.0,model4,15.0,False,888.0
296,2015-02-08T05:00:00Z,32.0,171.57742604492822,457.5142053474265,99.27257376586952,49.01691947203275,17.89751662065681,47.97902390260433,11.02038984059642,4.388454981450132,0.0,0.0,0.0,0.0,0.0,model4,15.0,False,891.0
297,2015-02-08T08:00:00Z,32.0,168.57229350273232,458.5224940544873,99.24348522452713,49.02231246346362,18.02732896963857,48.58008947723579,11.619394463188346,3.75808091786008,0.0,0.0,0.0,0.0,1.0,model4,15.0,True,894.0
298,2015-02-08T11:00:00Z,32.0,170.5034425481526,459.6812599342995,98.82775863357948,49.85823123101662,17.46649513557523,49.25040853155336,12.401638947399327,3.5648283504969216,0.0,0.0,0.0,0.0,1.0,model4,15.0,True,897.0
299,2015-02-08T14:00:00Z,32.0,168.14667671960132,457.8241661980877,100.20976515683417,50.03397871243719,14.768629788689882,50.02140601258178,11.576347515175419,4.214620197932327,0.0,0.0,0.0,0.0,1.0,model4,15.0,True,900.0
300,2015-02-08T17:00:00Z,32.0,164.7209996201426,457.4941528616421,100.2361905827072,51.129840561531964,14.933455895022993,50.00588296692098,12.534160107152404,5.472389640085028,0.0,0.0,0.0,0.0,1.0,model4,15.0,True,903.0
301,2015-02-08T20:00:00Z,32.0,163.91257748231075,446.8889833048906,100.52045512143356,51.13376624380019,15.286215638081767,49.1456005476544,12.300430550670614,5.519489778415373,0.0,0.0,0.0,0.0,1.0,model4,15.0,True,906.0
302,2015-02-08T23:00:00Z,32.0,165.7555313045104,443.4853218714337,98.64582174125748,50.26505594965303,14.805017412059527,42.07492033096986,13.00381512701199,5.9567317410371174,0.0,0.0,0.0,0.0,1.0,model4,15.0,True,909.0
303,2015-02-09T02:00:00Z,32.0,164.11226935435647,430.8889656098067,99.53678746068238,50.28768372596896,13.08297849840585,44.205790937448995,13.204679823857632,6.06696621277915,0.0,0.0,0.0,0.0,1.0,model4,15.0,True,912.0
304,2015-02-09T05:00:00Z,32.0,166.46186729060747,439.29332496943397,100.1635611626117,51.57833889366458,13.658145918295116,55.994222233546,12.931649801731618,6.118958301712168,0.0,0.0,0.0,0.0,1.0,model4,15.0,True,915.0
305,2015-02-09T08:00:00Z,32.0,169.55963668339925,440.96616697382456,98.33900437247908,50.85736623205489,13.645430103686529,57.846228674943205,11.860836754426833,6.461317668075688,0.0,0.0,0.0,0.0,0.0,model4,15.0,False,918.0
306,2015-02-09T11:00:00Z,32.0,169.21867226103322,440.90717492540847,97.85333019318642,49.57647027356261,12.972160381527354,58.15968755354268,11.443933477886768,7.121031765647827,0.0,0.0,0.0,0.0,0.0,model4,15.0,False,921.0
307,2015-02-09T14:00:00Z,32.0,168.462475521736,443.63792582974236,98.2132263225071,48.70502172834096,13.305208076282645,60.3386512119944,11.303646478310087,7.356478268049668,0.0,0.0,0.0,0.0,0.0,model4,15.0,False,924.0
308,2015-02-09T17:00:00Z,32.0,171.33689283633163,442.3254424165963,98.19089485865456,47.547519173263204,14.943304702460782,60.66578654822516,10.147522655905018,5.953898746265902,0.0,0.0,0.0,0.0,0.0,model4,15.0,False,927.0
309,2015-02-09T20:00:00Z,32.0,172.05661831994,450.281781884603,97.44400206053669,46.49137105307892,14.337281635011713,59.8298864135825,9.489077988112726,5.834186664167768,0.0,0.0,0.0,0.0,0.0,model4,15.0,False,930.0
310,2015-02-09T23:00:00Z,32.0,173.37259425836342,453.7366428213627,98.68528764351105,45.30455419530711,14.616008730755627,60.52333567932918,9.667166131381746,6.593631951592712,0.0,0.0,0.0,0.0,0.0,model4,15.0,False,933.0
311,2015-02-10T02:00:00Z,32.0,172.5988304060011,459.47181714792845,98.31926634303323,44.445534854565814,14.651610464124133,51.54099175302276,8.896399939434504,6.385123678743369,0.0,0.0,0.0,0.0,0.0,model4,15.0,False,936.0
312,2015-02-10T05:00:00Z,32.0,171.87566339284183,458.36371481388437,97.3857815682956,43.21708795480801,14.006419986198322,48.35823759353402,9.322515541212177,4.706364218203677,0.0,0.0,0.0,0.0,0.0,model4,15.0,False,939.0
313,2015-02-10T08:00:00Z,32.0,171.14999629923608,450.238331024235,97.69797798690271,42.980042461555335,13.033898942012286,47.93204915457704,9.427356494491578,4.690638051161287,0.0,0.0,0.0,0.0,0.0,model4,15.0,False,942.0
314,2015-02-10T11:00:00Z,32.0,171.82475559416787,446.54338105278623,99.86339639975176,42.57701437497021,14.100973852297411,48.28593639277248,9.480773817656248,5.015913840682578,0.0,0.0,0.0,0.0,0.0,model4,15.0,False,945.0
315,2015-02-10T14:00:00Z,32.0,169.510366818676,445.579936688414,100.27205314166277,42.511419803837036,15.523236613901467,47.700182854958896,9.956298871033594,4.506106406414244,0.0,0.0,0.0,0.0,0.0,model4,15.0,False,948.0
316,2015-02-10T17:00:00Z,32.0,169.29403724545062,457.16893956959717,100.94125538667898,41.39550513493664,14.043500582654044,54.44842589986259,10.32931888345166,4.039178877721728,0.0,0.0,0.0,0.0,0.0,model4,15.0,False,951.0
317,2015-02-10T20:00:00Z,32.0,169.15443910888632,451.831088121343,100.04990256312212,41.44514301939779,14.117645994581563,54.7417673777118,11.380286262594867,4.298139920849905,0.0,0.0,0.0,0.0,0.0,model4,15.0,False,954.0
318,2015-02-10T23:00:00Z,32.0,167.05746702879128,448.2853149949089,99.97529261561868,41.402703771817706,13.429469992900055,54.4298146130604,10.420959108088349,4.6942720722937405,0.0,0.0,0.0,0.0,0.0,model4,15.0,False,957.0
319,2015-02-11T02:00:00Z,32.0,167.56278365103734,449.5288470651933,101.59889573730871,41.10393385362047,14.063045644279681,53.25362666453987,11.139753346661957,4.768253347224012,0.0,0.0,0.0,0.0,0.0,model4,15.0,False,960.0
320,2015-02-11T05:00:00Z,32.0,167.85375343560668,436.0688467537542,103.14685915412936,40.68857897332475,13.914540152978823,50.19103610151095,10.462243098492472,4.8303921309366435,0.0,0.0,0.0,0.0,0.0,model4,15.0,False,963.0
321,2015-02-11T08:00:00Z,32.0,169.4908324212192,440.2871950151755,104.22346536512349,39.73941550256409,14.712071700808206,50.83329467634908,9.857513951598074,5.2292457877821805,0.0,0.0,0.0,0.0,0.0,model4,15.0,False,966.0
322,2015-02-11T11:00:00Z,32.0,168.81679092917364,440.74127900925725,103.58222162600607,39.77041140543058,13.609271707634536,50.2402214883768,9.80925047211833,5.246044795268637,0.0,0.0,0.0,0.0,0.0,model4,15.0,False,969.0
323,2015-02-11T14:00:00Z,32.0,169.99731867186824,438.1223850782868,102.91826143289437,39.11495366490462,12.143251628107151,48.61741796437066,9.460373793609175,5.922791794984065,0.0,0.0,0.0,0.0,0.0,model4,15.0,False,972.0
324,2015-02-11T17:00:00Z,32.0,170.22509685502786,426.1742294400595,101.56515950213465,38.69965043651139,11.939961087926635,36.37230663289743,9.838101039412454,6.043266708100682,0.0,0.0,0.0,0.0,0.0,model4,15.0,False,975.0
325,2015-02-11T20:00:00Z,32.0,170.76558034583783,426.7872939894463,104.32499723270595,38.06670558246493,11.512162187608965,39.38118335463288,9.992541710409332,5.73684314282353,0.0,0.0,0.0,0.0,0.0,model4,15.0,False,978.0
326,2015-02-11T23:00:00Z,32.0,171.97824802822294,423.836938994216,103.7061236512505,38.10007412445422,11.175312089888477,38.54921019468718,10.205773536621424,6.061741320888749,0.0,0.0,0.0,0.0,0.0,model4,15.0,False,981.0
327,2015-02-12T02:00:00Z,32.0,172.07733226182503,424.49244097887396,102.57081273037828,38.19212406440015,11.75147067657877,38.07608073466458,9.974799984644005,6.106929303514336,0.0,0.0,0.0,0.0,0.0,model4,15.0,False,984.0
328,2015-02-12T05:00:00Z,32.0,172.12509375256298,430.0140165231217,102.07800823413866,38.229897140823155,11.854246024217224,31.75891985401847,10.516450298637476,5.713871103441732,0.0,0.0,0.0,0.0,0.0,model4,15.0,False,987.0
329,2015-02-12T08:00:00Z,32.0,169.82486027061464,435.2607007742363,100.84501188777668,39.44916642884007,10.57302306981931,35.993803026205214,11.12370663390938,5.927364694577109,0.0,0.0,0.0,0.0,0.0,model4,15.0,False,990.0
330,2015-02-12T11:00:00Z,32.0,168.39943612467624,435.9651596820145,99.73279395933928,39.64260799099096,11.612514116405027,37.343308643642594,11.359392172624302,5.843318024618544,0.0,0.0,0.0,0.0,0.0,model4,15.0,False,993.0
331,2015-02-12T14:00:00Z,32.0,171.8991635747712,437.19270677725325,98.49732858999113,39.20169528915958,13.734047614632368,37.268001393233455,11.517724002560367,5.415373148900703,0.0,0.0,0.0,0.0,0.0,model4,15.0,False,996.0
332,2015-02-12T17:00:00Z,32.0,171.11782221208287,441.74445869063834,98.80670037152952,39.684353219665695,12.777227133348058,37.17578720522321,11.572938480896125,5.346558035895772,0.0,0.0,0.0,0.0,0.0,model4,15.0,False,999.0
333,2015-02-12T20:00:00Z,32.0,171.13660981719875,448.38518740192336,96.62269143051151,39.9418590267336,12.865384349397454,34.99070257656331,9.264806425593038,5.3685249180002845,0.0,0.0,0.0,0.0,0.0,model4,15.0,False,1002.0
334,2015-02-12T23:00:00Z,32.0,171.32121347775663,452.2181535447263,96.58091394756529,40.91345756524281,12.97923718355882,37.32515597825483,9.383218493405673,4.779791150828316,0.0,0.0,0.0,0.0,0.0,model4,15.0,False,1005.0
335,2015-02-13T02:00:00Z,32.0,169.85106461810932,450.8425337586612,95.73225214565285,41.13728785203885,12.199774099069192,39.075637439518815,8.71942971332526,4.900457464902341,0.0,0.0,0.0,0.0,0.0,model4,15.0,False,1008.0
336,2015-02-13T05:00:00Z,32.0,168.1710557124903,452.14080883593635,96.12592136296443,40.44947961306529,13.263125210093582,39.53847622206275,9.249569925568004,5.130813831540757,0.0,0.0,0.0,0.0,0.0,model4,15.0,False,1011.0
337,2015-02-13T08:00:00Z,32.0,168.319849581597,453.0603527862066,96.35110989965123,39.71103388560724,13.369458661649475,46.49188683322669,8.833083317875639,4.60494889914359,0.0,0.0,0.0,0.0,0.0,model4,15.0,False,1014.0
338,2015-02-13T11:00:00Z,32.0,171.29407437077685,457.9587656376806,96.58883557325912,40.24084550863453,13.177525366156006,43.94166476172662,8.876872364914068,4.878623857758738,0.0,0.0,0.0,0.0,0.0,model4,15.0,False,1017.0
339,2015-02-13T14:00:00Z,32.0,170.19336269151674,461.0312771163103,96.00177932194131,41.48562626184055,13.91455010502964,46.00197315907004,9.878342970551564,4.266789832435648,0.0,0.0,0.0,0.0,0.0,model4,15.0,False,1020.0
340,2015-02-13T17:00:00Z,32.0,169.22447822461268,458.1914938702577,96.24045287440345,42.06440411665713,13.943777672440412,47.64798454670552,9.251585598013481,4.417290063355766,0.0,0.0,0.0,0.0,0.0,model4,15.0,False,1023.0
341,2015-02-13T20:00:00Z,32.0,168.3949503763063,456.38470411153395,96.82724978993704,42.204473657339655,14.433555045889886,51.16219082382394,8.908313178034092,4.1661578834030095,0.0,0.0,0.0,0.0,0.0,model4,15.0,False,1026.0
342,2015-02-13T23:00:00Z,32.0,166.49867207082096,464.3353249128745,97.90399980628736,41.22625278937214,14.278012660023125,49.90000060756178,9.37968704967045,4.895908703388219,0.0,0.0,0.0,0.0,0.0,model4,15.0,False,1029.0
343,2015-02-14T02:00:00Z,32.0,169.1270088905369,467.23603335404624,98.7245207870831,40.40332895606506,15.407532089060938,57.72397274759517,9.268756667431374,5.029031814998074,0.0,0.0,0.0,0.0,0.0,model4,15.0,False,1032.0
344,2015-02-14T05:00:00Z,32.0,171.71045731740188,469.86629124650335,97.90688084041551,39.876000375265924,14.671279391739015,57.00205676890797,7.824435013130673,5.368270392049367,0.0,0.0,0.0,0.0,0.0,model4,15.0,False,1035.0
345,2015-02-14T08:00:00Z,32.0,170.39705918113276,463.93285557089433,98.05823586278872,39.97631911786274,15.698343054057881,52.27199905197771,7.4894610573183025,5.491041614923293,0.0,0.0,0.0,0.0,0.0,model4,15.0,False,1038.0
346,2015-02-14T11:00:00Z,32.0,169.76957538908337,461.9809614184255,97.95869212822286,39.06873194025232,15.61112798414773,57.22211208889528,7.412206606141077,5.521500551682088,0.0,0.0,0.0,0.0,0.0,model4,15.0,False,1041.0
347,2015-02-14T14:00:00Z,32.0,169.79428318902728,464.0479578607454,99.12689481753364,38.35266095751794,12.94624638831156,57.374810228746156,5.70552425982202,5.954397756044187,0.0,0.0,0.0,0.0,0.0,model4,15.0,False,1044.0
348,2015-02-14T17:00:00Z,32.0,171.7095062314304,463.1476427636452,99.07142925252322,37.577675987267135,12.439783518092735,58.91261318278279,8.274713942682013,5.450363479811307,0.0,0.0,0.0,0.0,0.0,model4,15.0,False,1047.0
349,2015-02-14T20:00:00Z,32.0,173.55240470325958,461.76393810447894,98.82955736970708,37.68451028016385,12.28622207522936,59.47852693726651,8.483223403613131,5.849502120289763,0.0,0.0,0.0,0.0,0.0,model4,15.0,False,1050.0
350,2015-02-14T23:00:00Z,32.0,174.15713066183082,455.74899971404375,98.6725931862607,38.37039364302285,11.69892206191249,58.8902619299997,8.18410342145486,5.53960670404247,0.0,0.0,0.0,0.0,0.0,model4,15.0,False,1053.0
351,2015-02-15T02:00:00Z,32.0,172.3298845511757,455.2870790288665,98.41115569293123,38.37840624857,10.835868922222707,49.95532475615054,8.222362373312498,5.466022008428513,0.0,0.0,0.0,0.0,0.0,model4,15.0,False,1056.0
352,2015-02-15T05:00:00Z,32.0,169.37839634958132,450.4845580203282,99.75692461635721,39.08766660275454,12.085961498951027,52.96514034175462,9.514044906802406,5.122363941994144,0.0,0.0,0.0,0.0,0.0,model4,15.0,False,1059.0
353,2015-02-15T08:00:00Z,32.0,170.3292899102776,449.76954517848657,98.16062104076308,40.03147087156818,11.4105915434596,53.36757057615244,11.134050553780613,5.726913619634984,0.0,0.0,0.0,0.0,0.0,model4,15.0,False,1062.0
354,2015-02-15T11:00:00Z,32.0,169.79884377956162,444.02136871466246,99.04493508416937,40.18973773021193,13.15370852780199,52.72399899375636,11.214898228663056,5.50994638201044,0.0,0.0,0.0,0.0,0.0,model4,15.0,False,1065.0
355,2015-02-15T14:00:00Z,32.0,169.83662750032903,436.4454092906314,100.22413823409308,40.69626982107959,13.069544875597124,48.35730389639758,11.5150847003545,5.087180062120929,0.0,0.0,0.0,0.0,0.0,model4,15.0,False,1068.0
356,2015-02-15T17:00:00Z,32.0,168.37347837234972,437.42873642129547,98.90436833629923,41.67982600953579,14.269737223065796,44.72677842857222,10.542299458362077,5.295042920356903,0.0,0.0,0.0,0.0,0.0,model4,15.0,False,1071.0
357,2015-02-15T20:00:00Z,32.0,165.95481239643541,437.592273377088,98.49608265835128,41.116606919008795,14.283266864215484,42.6665129663258,10.830912249848128,5.164710886615963,0.0,0.0,0.0,0.0,0.0,model4,15.0,False,1074.0
358,2015-02-15T23:00:00Z,32.0,166.2476778539229,437.3154351814438,98.06994207743901,40.36633374024572,14.256302242269852,40.63687273899479,11.888196508450427,6.490437662337299,0.0,0.0,0.0,0.0,0.0,model4,15.0,False,1077.0
359,2015-02-16T02:00:00Z,32.0,168.650183273433,439.10614097111136,97.74349299095594,40.61488692616664,15.607760047243287,39.27833800203452,12.011682859078169,6.4834549180053145,0.0,0.0,0.0,0.0,0.0,model4,15.0,False,1080.0
360,2015-02-16T05:00:00Z,32.0,170.5199581984465,442.8824859315517,96.48671976113941,40.955870275169616,14.874426915013034,42.73628646119481,10.947483813301249,6.451740478933291,0.0,0.0,0.0,0.0,0.0,model4,15.0,False,1083.0
361,2015-02-16T08:00:00Z,32.0,170.3868730410552,439.4954896686476,98.37067032062231,39.624923650175965,14.633998995993393,51.12828313411315,9.890354525066064,6.138522934950062,0.0,0.0,0.0,0.0,0.0,model4,15.0,False,1086.0
362,2015-02-16T11:00:00Z,32.0,171.744745334286,440.07680002271144,98.32441668334148,39.907333988499296,14.677822221013141,48.58682479834986,9.563549279762242,6.54448359196508,0.0,0.0,0.0,0.0,0.0,model4,15.0,False,1089.0
363,2015-02-16T14:00:00Z,32.0,169.89769089152554,445.0215976450785,97.55329421983959,39.457472617855814,15.582358013484747,49.60715798365099,9.759633840206106,6.863846969556199,0.0,0.0,0.0,0.0,0.0,model4,15.0,False,1092.0
364,2015-02-16T17:00:00Z,32.0,171.8847863498198,441.40973133646963,99.86767785738056,38.03269925949665,14.846777224337295,52.282649425613535,10.255555241474744,6.240702909538458,0.0,0.0,0.0,0.0,0.0,model4,15.0,False,1095.0
365,2015-02-16T20:00:00Z,32.0,173.79974888206326,440.95405183228434,101.22534866357671,38.12134022549913,13.257425273437715,55.09421768097045,10.75352949151847,6.760183371941607,0.0,0.0,0.0,0.0,0.0,model4,15.0,False,1098.0
366,2015-02-16T23:00:00Z,32.0,172.0104390590134,440.9969692710145,102.35822948712921,38.299430271839206,15.550744719761731,61.50257660533683,9.751336235856554,6.120375934099044,0.0,1.0,0.0,0.0,0.0,model4,15.0,False,1101.0
367,2015-02-17T02:00:00Z,32.0,170.539368171908,442.2648125706263,103.70142201075373,38.1200448562833,14.731150026414454,63.62166869118551,9.342029093593569,6.0600048428894615,0.0,1.0,0.0,0.0,0.0,model4,15.0,False,1104.0
368,2015-02-17T05:00:00Z,32.0,171.87012057798458,445.1480680957672,103.28632652077013,37.984971976965454,15.12191435474483,61.160090316685924,9.640677273363394,6.084077114086732,0.0,1.0,0.0,0.0,0.0,model4,15.0,False,1107.0
369,2015-02-17T08:00:00Z,32.0,172.1220139776821,447.9298530823716,103.19997594145173,38.74384717182469,15.302127278928905,52.75161915368353,10.096541608864673,6.224165799116856,0.0,1.0,0.0,0.0,0.0,model4,15.0,False,1110.0
370,2015-02-17T11:00:00Z,32.0,169.8368759460835,457.35136976703023,102.61441417681095,38.6113582090257,15.488851413201315,52.93102613516358,11.234069867798256,5.652739737065843,0.0,1.0,0.0,0.0,0.0,model4,15.0,False,1113.0
371,2015-02-17T14:00:00Z,32.0,171.8383004151126,457.98054586540917,103.21906359000984,38.83468904016428,15.032040127065619,53.468794637495385,10.640510500457726,4.935901240937526,0.0,1.0,0.0,0.0,0.0,model4,15.0,False,1116.0
372,2015-02-17T17:00:00Z,32.0,170.77493547229568,461.46570615358513,102.91361707553664,39.33311943886788,14.692871841821756,52.48796569395724,11.371344295922654,4.8571388020050135,0.0,1.0,0.0,0.0,0.0,model4,15.0,False,1119.0
373,2015-02-17T20:00:00Z,32.0,169.84749882143763,456.9071028174835,101.80955629688772,39.87322103613469,14.581261167211153,51.71128711474135,10.895557494447555,4.132407108253012,0.0,1.0,0.0,0.0,0.0,model4,15.0,False,1122.0
374,2015-02-17T23:00:00Z,32.0,172.51413695495341,454.80441983388135,99.41734948107228,40.56349753909282,12.556182086011315,46.556447878277,11.15976175725501,4.0697806604969236,0.0,0.0,0.0,0.0,0.0,model4,15.0,False,1125.0
375,2015-02-18T02:00:00Z,32.0,170.65249875463454,454.9210426062635,98.5869461849856,41.42906542822281,13.660886368167924,45.12207341250089,11.0553737133075,4.17748666526573,0.0,0.0,0.0,0.0,0.0,model4,15.0,False,1128.0
376,2015-02-18T05:00:00Z,32.0,169.20306891493834,452.1045322058918,98.86711858459455,40.48561969701779,12.638605391988973,48.1542909004084,10.923780916264882,4.894715663313463,0.0,0.0,0.0,0.0,0.0,model4,15.0,False,1131.0
377,2015-02-18T08:00:00Z,32.0,168.7729331121336,455.23377851324994,99.49419349136588,40.63307763223039,13.435367569824786,52.17467922753603,10.940915362265825,4.9323808808971235,0.0,0.0,0.0,0.0,0.0,model4,15.0,False,1134.0
378,2015-02-18T11:00:00Z,32.0,170.59581683692443,450.267787612348,101.46689567550207,40.30427940419345,11.965381713751073,53.71955495707971,11.937126769031329,5.223167556713689,0.0,0.0,0.0,0.0,0.0,model4,15.0,False,1137.0
379,2015-02-18T14:00:00Z,32.0,169.603905358147,442.6932304345042,100.7803783484746,40.64106018568953,12.418999245410552,55.41814010722735,11.762082348177884,5.198718615580668,0.0,0.0,0.0,0.0,0.0,model4,15.0,False,1140.0
380,2015-02-18T17:00:00Z,32.0,169.95757321961787,447.3511510936682,100.263644898712,40.68257897090014,12.912882446277134,54.79249331212929,10.645185163519137,5.140998576695039,0.0,0.0,0.0,0.0,0.0,model4,15.0,False,1143.0
381,2015-02-18T20:00:00Z,32.0,169.57815207927138,456.617720008384,100.49037823586269,39.409507672741974,12.925419068932412,52.174667610617036,10.932733409515603,6.529985762944822,0.0,0.0,0.0,0.0,0.0,model4,15.0,False,1146.0
382,2015-02-18T23:00:00Z,32.0,169.30265612763696,456.200480039505,100.7545698776068,39.40007506125414,12.911529695903859,50.35524314251514,10.718671529572552,6.333602562498982,0.0,0.0,0.0,0.0,0.0,model4,15.0,False,1149.0
383,2015-02-19T02:00:00Z,32.0,170.42138216137428,450.2312987351007,101.02985765144234,39.301912056652405,12.057082913107347,56.07437121571476,10.813459524468836,6.083964147875775,0.0,0.0,0.0,0.0,0.0,model4,15.0,False,1152.0
384,2015-02-19T05:00:00Z,32.0,169.72718402659984,448.2929972944417,101.40893776376808,39.92749597949472,12.856091967985435,53.35212694472718,10.980262112514668,5.653146281567652,0.0,0.0,0.0,0.0,0.0,model4,15.0,False,1155.0
385,2015-02-19T08:00:00Z,32.0,170.94217177852016,447.32580741258494,101.47399487436928,39.50567305512266,11.594215748527837,48.918434005311106,10.923128172762768,5.4471935044492765,0.0,0.0,0.0,0.0,0.0,model4,15.0,False,1158.0
386,2015-02-19T11:00:00Z,32.0,169.6004831184095,457.9967777792363,99.39029356553087,39.535222159582794,13.216287415726807,51.89725827659827,9.140610388274819,5.269716247661737,0.0,0.0,0.0,0.0,0.0,model4,15.0,False,1161.0
387,2015-02-19T14:00:00Z,32.0,168.7296658983883,466.11303167369596,100.74021671989516,39.183891680801615,12.294418276254516,47.7250248284679,10.626667656165207,5.147293715630169,0.0,0.0,0.0,0.0,0.0,model4,15.0,False,1164.0
388,2015-02-19T17:00:00Z,32.0,168.29696032049515,467.1252614096027,100.00222381409546,38.83340461059258,11.783280341458653,51.540304372150075,11.141561806757936,5.2086233712538,0.0,0.0,0.0,0.0,0.0,model4,15.0,False,1167.0
389,2015-02-19T20:00:00Z,32.0,169.49960480000152,464.4338564485401,100.46634524248272,40.1655370952818,12.764013723668768,51.23882678312234,11.660568100608234,3.8008470679508695,0.0,0.0,0.0,0.0,0.0,model4,15.0,False,1170.0
390,2015-02-19T23:00:00Z,32.0,170.53115724486997,468.4057799462306,101.780715833879,39.881155290783965,14.783135605596964,50.97151822269496,11.328340918118027,3.4072358192498475,0.0,0.0,0.0,0.0,0.0,model4,15.0,False,1173.0
391,2015-02-20T02:00:00Z,32.0,172.1535764776772,471.7299811019024,101.41250106358505,38.90194032111207,15.235258473733358,42.176392274684545,11.298241736074333,3.790062971162617,0.0,0.0,0.0,0.0,0.0,model4,15.0,False,1176.0
392,2015-02-20T05:00:00Z,32.0,171.35999205758984,472.89062993813826,100.90090535822272,39.16419250205799,15.881913489370469,38.780143347874244,11.172003824266117,4.034823973812489,0.0,0.0,0.0,0.0,0.0,model4,15.0,False,1179.0
393,2015-02-20T08:00:00Z,32.0,169.60301252585663,471.8066056434437,99.80282915738928,39.58407072741257,16.889254820373115,39.05089739805627,11.326261397862096,4.319581016113002,0.0,0.0,0.0,0.0,0.0,model4,15.0,False,1182.0
394,2015-02-20T11:00:00Z,32.0,169.33113999510417,464.42023776738813,100.95186114826751,40.30645851868671,16.568895484811097,36.94598427322747,11.388833866516135,4.750965761136487,0.0,0.0,0.0,0.0,0.0,model4,15.0,False,1185.0
395,2015-02-20T14:00:00Z,32.0,171.27858456357148,458.23798442437175,99.62817944680944,40.13482325141457,16.718528702819516,39.193060054295394,9.990809408862226,4.999221923887943,0.0,0.0,0.0,0.0,0.0,model4,15.0,False,1188.0
396,2015-02-20T17:00:00Z,32.0,170.10973927376483,455.0193712821002,99.77917122458332,40.384194375715396,16.716056767907347,33.096541345220004,9.263646341542382,5.456050255892364,0.0,0.0,0.0,0.0,0.0,model4,15.0,False,1191.0
397,2015-02-20T20:00:00Z,32.0,168.7062520393814,457.6688986885525,98.68802228621456,40.221894384253076,16.268922917944092,39.95924652034625,8.668314951669007,5.5643170353167735,0.0,0.0,0.0,0.0,0.0,model4,15.0,False,1194.0
398,2015-02-20T23:00:00Z,32.0,168.52488400280532,457.92731216568177,99.27601950842222,40.2210735810896,15.026475663111894,39.79366343756481,8.859763393891647,5.786500528642808,0.0,0.0,0.0,0.0,0.0,model4,15.0,False,1197.0
399,2015-02-21T02:00:00Z,32.0,168.1872041383579,450.3044263070049,99.61353458515906,41.25809382787673,15.241219071609876,51.20765054569208,8.857058693376581,5.338851657285872,0.0,0.0,0.0,0.0,0.0,model4,15.0,False,1200.0
400,2015-02-21T05:00:00Z,32.0,170.52080001779547,451.0447547487896,99.43120879585108,40.83117820034269,14.70082769413044,51.38331450381229,9.110118737609737,5.49780174167068,0.0,0.0,0.0,0.0,0.0,model4,15.0,False,1203.0
401,2015-02-21T08:00:00Z,32.0,171.4994852721203,458.20328191748945,100.0959613651261,40.26522572932238,13.832973059908154,55.79243480588225,8.820946069967922,5.537043141807041,0.0,0.0,0.0,0.0,0.0,model4,15.0,False,1206.0
402,2015-02-21T11:00:00Z,32.0,170.23160147102445,453.1006498130349,98.660391738461,39.94872965171096,12.936391446186473,53.17280728336311,8.900279138991207,5.157695174303704,0.0,0.0,0.0,0.0,0.0,model4,15.0,False,1209.0
403,2015-02-21T14:00:00Z,32.0,167.54331423751287,454.5527559830742,98.90465757812763,39.903118718703546,12.660391186995215,56.12775247725425,9.014098116637713,5.183739741058003,0.0,0.0,0.0,0.0,0.0,model4,15.0,False,1212.0
404,2015-02-21T17:00:00Z,32.0,170.06918257459284,453.81106953982425,98.10739836819164,40.186798443504216,13.810485323882544,56.13317160068612,10.212807274951317,4.89164749564241,0.0,0.0,0.0,0.0,0.0,model4,15.0,False,1215.0
405,2015-02-21T20:00:00Z,32.0,169.87801351241546,444.9912958357035,97.47589142619152,40.26125106935097,15.049324674781834,52.56294033965185,10.367980984415821,4.599094253626294,0.0,0.0,0.0,0.0,0.0,model4,15.0,False,1218.0
406,2015-02-21T23:00:00Z,32.0,168.3472987589191,437.18723818024597,96.50683584166276,40.6192006198822,14.308424069627122,51.916147378297424,9.71340388410398,4.389891324534799,0.0,0.0,0.0,0.0,0.0,model4,15.0,False,1221.0
407,2015-02-22T02:00:00Z,32.0,166.20644288838054,451.97510240774085,96.21680043210146,40.30079906941003,13.735118400351887,49.50938036836658,9.176078509574412,4.1772420668631725,0.0,0.0,0.0,0.0,0.0,model4,15.0,False,1224.0
408,2015-02-22T05:00:00Z,32.0,167.56113618323013,450.04961804060446,96.42279240202505,41.366433866294216,14.914689392458127,51.4990703043055,9.510962106071664,4.423280398859621,0.0,0.0,0.0,0.0,0.0,model4,15.0,False,1227.0
409,2015-02-22T08:00:00Z,32.0,167.84474935332682,440.2609141494328,97.02125369016792,41.65720950332077,14.493054956498687,49.80541714262394,9.56770858260832,4.341225904957435,0.0,0.0,0.0,0.0,0.0,model4,15.0,False,1230.0
410,2015-02-22T11:00:00Z,32.0,170.89575906272768,441.4806959919258,96.67540257683879,41.09233405797027,14.309836143416096,49.43544943422882,9.44366347976776,5.006404328097459,0.0,0.0,0.0,0.0,0.0,model4,15.0,False,1233.0
411,2015-02-22T14:00:00Z,32.0,172.86214634697086,435.637595388518,96.12855499952505,40.862981868961626,14.32514518944791,49.13590329990154,9.061609497290744,5.023329365749016,0.0,0.0,0.0,0.0,0.0,model4,15.0,False,1236.0
412,2015-02-22T17:00:00Z,32.0,171.48865270224246,432.7480509250486,96.91036496425812,40.80530353744429,13.478783694615851,54.20380144606275,8.029838673995688,4.59624874919699,0.0,0.0,0.0,0.0,0.0,model4,15.0,False,1239.0
413,2015-02-22T20:00:00Z,32.0,171.2399883506157,435.9334246533451,99.35223000940854,40.40867905848381,12.612240919314267,57.62000143641035,8.376758694070185,4.970929333596604,0.0,0.0,0.0,0.0,0.0,model4,15.0,False,1242.0
414,2015-02-22T23:00:00Z,32.0,171.5839532357509,444.26711837259046,100.521328448848,40.07813686343948,13.26043620218559,57.957442791726436,8.671616723838989,4.907914343416736,0.0,0.0,0.0,0.0,0.0,model4,15.0,False,1245.0
415,2015-02-23T02:00:00Z,32.0,171.5927281322255,432.05073184494194,100.08953803599948,40.29276159046921,12.845004771199665,52.1820511372303,9.154647050067249,4.997774097544098,0.0,0.0,0.0,0.0,0.0,model4,15.0,False,1248.0
416,2015-02-23T05:00:00Z,32.0,166.76211175830412,431.3133789521492,100.307347520506,39.900664556658256,13.788046122937214,53.247049524362346,8.47717382112705,4.4655977475449244,0.0,0.0,0.0,0.0,0.0,model4,15.0,False,1251.0
417,2015-02-23T08:00:00Z,32.0,165.6209668554835,430.8386261150912,99.22970935884493,39.75424546677919,14.381720546656823,50.91494842494495,8.503394101144549,4.301774849607748,0.0,0.0,0.0,0.0,0.0,model4,15.0,False,1254.0
418,2015-02-23T11:00:00Z,32.0,165.40777393647363,432.2999869514537,100.28040617120821,39.85470007056346,14.402421028880225,56.06510456598888,8.08165286138464,4.021387718921259,0.0,0.0,0.0,0.0,0.0,model4,15.0,False,1257.0
419,2015-02-23T14:00:00Z,32.0,164.8154051135479,437.02144099382264,100.92965905889513,40.083595667624685,13.360774951198056,52.34983986648885,8.46246004493115,3.925966371512733,0.0,0.0,0.0,0.0,0.0,model4,15.0,False,1260.0
420,2015-02-23T17:00:00Z,32.0,165.7110166228737,436.8345619553048,102.3056321011618,41.19493932141769,14.026736688593529,50.02211273252525,8.369928627880423,5.016335181349714,0.0,0.0,0.0,0.0,0.0,model4,15.0,False,1263.0
421,2015-02-23T20:00:00Z,32.0,168.75477640844318,439.61165552705404,101.5224944455407,40.64843403752985,16.651513788244582,46.492495925717755,7.384666998127695,5.212612609473178,0.0,0.0,0.0,0.0,0.0,model4,15.0,False,1266.0
422,2015-02-23T23:00:00Z,32.0,167.40175641595803,432.7635612396566,100.44399778168716,40.83534009425221,16.582450032548486,44.46540129746048,6.91383814192817,5.152253826669893,0.0,0.0,0.0,0.0,0.0,model4,15.0,False,1269.0
423,2015-02-24T02:00:00Z,32.0,168.64366614447658,437.38189914284567,100.66161979853129,40.995499663414186,17.510579065052486,44.285249226864785,6.5991290862307155,5.219749347330769,0.0,0.0,0.0,0.0,0.0,model4,15.0,False,1272.0
424,2015-02-24T05:00:00Z,32.0,171.33488453027272,443.8082368757586,101.23710744847065,40.76907971904442,15.165808056178898,44.749493143677356,7.2673785362772465,6.112773576261318,0.0,0.0,0.0,0.0,0.0,model4,15.0,False,1275.0
425,2015-02-24T08:00:00Z,32.0,172.7012899118575,444.76016636256765,101.71539597188135,41.06763994578634,14.380116475905444,45.241534135380476,7.620094657185242,6.490889983829982,0.0,0.0,0.0,0.0,0.0,model4,15.0,False,1278.0
426,2015-02-24T11:00:00Z,32.0,172.1896177659021,446.16450956371483,102.82869516485758,41.241497421774575,14.274222882905581,43.51449461585486,8.04508807154665,6.2550074462088885,0.0,0.0,0.0,0.0,0.0,model4,15.0,False,1281.0
427,2015-02-24T14:00:00Z,32.0,170.45878154069788,446.9721063641017,102.22490577980972,41.08126032344243,15.703777427759025,47.359214548143214,8.004744810536682,6.338758698077607,0.0,0.0,0.0,0.0,0.0,model4,15.0,False,1284.0
428,2015-02-24T17:00:00Z,32.0,170.15069126535508,454.18139538282685,101.83284193398848,40.20933472452009,15.502726497657425,44.43117645903097,8.267965043360519,6.1012732941647325,0.0,0.0,0.0,0.0,0.0,model4,15.0,False,1287.0
429,2015-02-24T20:00:00Z,32.0,168.64103057488916,455.64745312338255,101.75486001905651,40.59303402668862,12.803151766214922,46.096598391469975,8.474329099050482,5.933459419611298,0.0,0.0,0.0,0.0,0.0,model4,15.0,False,1290.0
430,2015-02-24T23:00:00Z,32.0,169.96269832535287,459.45636942261694,101.90268180264488,40.505827375274734,12.476812575289896,43.93871741219137,8.416408913643753,5.939266404014198,0.0,0.0,0.0,0.0,0.0,model4,15.0,False,1293.0
431,2015-02-25T02:00:00Z,32.0,170.26254486445458,454.37283518474925,102.09092317582943,40.09310244300407,12.189783344551694,46.81422869696791,8.319289805201922,5.751996662388632,0.0,0.0,0.0,0.0,0.0,model4,15.0,False,1296.0
432,2015-02-25T05:00:00Z,32.0,169.86502793978894,447.50718389645203,101.8629117557782,39.545594966625046,13.731225484604266,52.85156530123452,8.459743443510678,4.869101377590635,0.0,0.0,0.0,0.0,0.0,model4,15.0,False,1299.0
433,2015-02-25T08:00:00Z,32.0,171.09946239274186,454.4742734223042,101.90113306707632,39.07730199157145,14.105185411017699,52.06847839164937,7.785572608117367,4.535249797791353,0.0,0.0,0.0,0.0,0.0,model4,15.0,False,1302.0
434,2015-02-25T11:00:00Z,32.0,171.59219298470416,444.6689858564208,99.584882065465,39.58954613127849,14.154269834653649,61.58614231162439,7.998012616988566,4.764128957958898,0.0,0.0,0.0,0.0,0.0,model4,15.0,False,1305.0
435,2015-02-25T14:00:00Z,32.0,173.98448654797255,446.699705692888,100.42834988730928,40.38095000027602,12.514318787796304,58.96395989152694,8.577323793710226,4.869373857668928,0.0,0.0,0.0,0.0,0.0,model4,15.0,False,1308.0
436,2015-02-25T17:00:00Z,32.0,173.36332302493759,449.5676327152478,99.27646131336306,39.8265749546646,12.622195826071794,63.17304817504628,8.597433453494737,4.230944806514144,0.0,0.0,0.0,0.0,0.0,model4,15.0,False,1311.0
437,2015-02-25T20:00:00Z,32.0,171.52893376295845,451.91897265784417,100.41562234328863,40.24132295416954,14.077398353030093,65.25031981505839,9.520364779645613,4.118410732037635,0.0,0.0,0.0,0.0,0.0,model4,15.0,False,1314.0
438,2015-02-25T23:00:00Z,32.0,172.8663562732355,448.16819263488446,100.54250198021164,40.30533713812555,14.456607995324385,66.21093731954309,9.841434147609098,4.109279448349247,0.0,0.0,0.0,0.0,0.0,model4,15.0,False,1317.0
439,2015-02-26T02:00:00Z,32.0,169.82020543019703,452.88724188769027,100.16110626095184,40.37480978070787,15.761909625739708,66.1690688735711,9.741935050986005,4.1197798779517045,0.0,0.0,0.0,0.0,0.0,model4,15.0,False,1320.0
440,2015-02-26T05:00:00Z,32.0,169.49857629699954,464.44130266216257,98.65397308699207,41.5019033416182,15.456541454096826,63.408601626253954,9.867048761965233,4.077963040097641,0.0,0.0,0.0,1.0,0.0,model4,15.0,False,1323.0
441,2015-02-26T08:00:00Z,32.0,169.95109681702664,456.1848702822202,96.82089174922993,41.2113542732689,16.210130393796693,64.65342447234927,10.364867051349163,3.92758220598503,0.0,0.0,0.0,1.0,0.0,model4,15.0,False,1326.0
442,2015-02-26T11:00:00Z,32.0,172.58976579599164,463.7560295909662,97.89013789900082,40.94011812678256,18.68317208816337,52.75303539595362,9.81875812145789,3.9248742727066235,0.0,0.0,0.0,1.0,0.0,model4,15.0,False,1329.0
443,2015-02-26T14:00:00Z,32.0,174.1333330230168,468.1043665795935,97.41421433646043,39.983703361864265,19.587583254959306,53.41175275103187,9.19488026528628,3.9234415018400224,0.0,0.0,0.0,1.0,0.0,model4,15.0,False,1332.0
444,2015-02-26T17:00:00Z,32.0,177.8099388028925,456.9554583454065,97.87086877289578,40.596560221106266,21.49326725717842,53.19095002196117,9.468924057241676,3.838356793599321,0.0,0.0,0.0,1.0,0.0,model4,15.0,False,1335.0
445,2015-02-26T20:00:00Z,32.0,181.61369999397635,451.06538052063127,96.2308217156022,40.72936056167847,19.719248745291065,48.58810634453005,8.403752248026766,3.5611598495917303,0.0,0.0,0.0,1.0,0.0,model4,15.0,False,1338.0
446,2015-02-26T23:00:00Z,32.0,182.6421195586771,457.19463522689483,95.49055246234562,40.37783455462719,19.708250663439816,51.44362961299001,8.192514182967003,3.8416686298269433,0.0,0.0,0.0,1.0,0.0,model4,15.0,False,1341.0
447,2015-02-27T02:00:00Z,32.0,186.8357832862812,456.7040632671561,96.28881688522736,40.87965302265627,16.02071385851836,49.29287771557869,9.144657762749409,4.222567942545665,0.0,0.0,0.0,1.0,0.0,model4,15.0,False,1344.0
448,2015-02-27T05:00:00Z,32.0,190.61929713104192,444.1343544947236,96.86797319002764,40.95976934729918,16.0230623999548,45.87508404772,9.119804452905099,5.041371108210856,0.0,0.0,0.0,0.0,0.0,model4,15.0,False,1347.0
449,2015-02-27T08:00:00Z,32.0,192.61847098467138,450.40512847184647,99.55586028126444,41.44661391988021,16.886934353624426,45.20301586840159,9.13798634524127,4.828577194327888,0.0,0.0,0.0,0.0,0.0,model4,15.0,False,1350.0
450,2015-02-27T11:00:00Z,32.0,192.93797177730804,455.00777283512116,100.49162859185827,40.51063105535971,17.379290880404177,46.75430047789942,9.60483155909832,5.671342268868724,0.0,0.0,0.0,0.0,0.0,model4,15.0,False,1353.0
451,2015-02-27T14:00:00Z,32.0,193.84166371981343,448.53110060093735,101.47574740468193,40.94171093271707,16.94743709004128,47.95240011787531,10.492703757303552,5.453711895014272,0.0,0.0,0.0,0.0,0.0,model4,15.0,False,1356.0
452,2015-02-27T17:00:00Z,32.0,190.8351296049612,444.86010631907806,101.94337020101378,39.894705885415156,17.43376331624307,47.690638058404076,11.156325805892813,5.9683524989213526,0.0,0.0,0.0,0.0,0.0,model4,15.0,False,1359.0
453,2015-02-27T20:00:00Z,32.0,190.59166942299075,441.7431064070241,102.79386880078432,39.682607000987616,17.988302459925215,49.160391034224965,10.524833367169892,6.01894780855704,0.0,0.0,0.0,0.0,0.0,model4,15.0,False,1362.0
454,2015-02-27T23:00:00Z,32.0,191.62502799221284,439.56031295859566,105.27146019672041,39.33820057393102,17.98709862276243,50.39015207675683,10.400310029845716,6.0117712348357175,0.0,0.0,0.0,0.0,0.0,model4,15.0,False,1365.0
455,2015-02-28T02:00:00Z,32.0,190.78950996318127,443.6101063513949,105.1566889079212,38.93944633966421,17.413518841387,51.593141119886205,10.37855344385785,5.708902757690147,0.0,0.0,0.0,0.0,0.0,model4,15.0,False,1368.0
456,2015-02-28T05:00:00Z,32.0,191.0470239344376,447.01833075149534,105.361928682922,38.42166326292522,14.06805981235448,49.50297256770765,9.915042742992732,4.887734337547352,0.0,0.0,0.0,0.0,0.0,model4,15.0,False,1371.0
457,2015-02-28T08:00:00Z,32.0,187.0936045227098,446.22799871109635,104.31288260619031,38.73742963705328,16.45042688788759,49.250391158265764,10.149503536350732,5.430790612662438,0.0,0.0,0.0,0.0,0.0,model4,15.0,False,1374.0
458,2015-02-28T11:00:00Z,32.0,182.7214889083733,444.9784921360253,102.93902786945448,39.07008930067325,16.883432635340203,46.08300296084303,10.972374074931723,5.140666792805097,0.0,0.0,0.0,0.0,0.0,model4,15.0,False,1377.0
459,2015-02-28T14:00:00Z,32.0,181.20969330428287,446.7822091753969,101.23011093071396,39.88095557448396,19.28079701552284,41.463874803648245,10.61249633356355,6.006472980023179,0.0,0.0,0.0,0.0,0.0,model4,15.0,False,1380.0
460,2015-02-28T17:00:00Z,32.0,180.95919216548938,450.8034385299443,101.47170884975444,40.87689511151705,19.916262098320843,37.37065171002276,9.391366746766057,5.927936927996706,0.0,0.0,0.0,0.0,0.0,model4,15.0,False,1383.0
461,2015-02-28T20:00:00Z,32.0,177.85096381483012,457.145045405607,101.03722620700388,41.17227961303712,20.81928548897765,35.98835197447731,9.483984346684057,5.9932829735982125,0.0,0.0,0.0,0.0,0.0,model4,15.0,False,1386.0
462,2015-02-28T23:00:00Z,32.0,175.0733601686887,456.139940606502,98.68674912765239,41.88556175650027,19.451736665863173,32.731079246864105,8.654608217468054,5.6289137010766055,0.0,0.0,0.0,0.0,0.0,model4,15.0,False,1389.0
463,2015-03-01T02:00:00Z,32.0,173.90497898636158,453.8369673797322,98.97230998799827,42.83668415243936,19.795279100976728,37.687414874131456,8.582756784459978,6.117296274826264,0.0,0.0,0.0,0.0,0.0,model4,15.0,False,1392.0
464,2015-03-01T05:00:00Z,32.0,170.62747820354332,464.0190416894735,99.07866094505532,42.79544505972063,17.923780136208613,44.74884694830347,9.348275541368494,5.8703966965746055,0.0,0.0,0.0,0.0,0.0,model4,15.0,False,1395.0
465,2015-03-01T08:00:00Z,32.0,169.51033515247326,461.4861449834562,98.0794826014472,42.333356347416185,16.786263690581233,46.14954216034008,10.152611089404065,5.8548428974878926,0.0,0.0,0.0,0.0,0.0,model4,15.0,False,1398.0
466,2015-03-01T11:00:00Z,32.0,169.45593354334054,459.4256230622558,98.25293294675541,42.82918752584522,17.230091051725182,49.427572454390834,9.352732183339148,5.436174696339059,0.0,0.0,0.0,0.0,0.0,model4,15.0,False,1401.0
467,2015-03-01T14:00:00Z,32.0,166.96812493494394,464.197118687848,99.91145731846106,42.25846278970438,13.358034110699382,52.01659784826032,10.139920053508307,5.091940640959879,0.0,0.0,0.0,0.0,0.0,model4,15.0,False,1404.0
468,2015-03-01T17:00:00Z,32.0,165.62174439122532,467.6545649476418,101.31360315110413,42.46170836574887,12.662365005275849,51.72288493938631,11.236533397628524,4.677091748091966,0.0,0.0,0.0,0.0,0.0,model4,15.0,False,1407.0
469,2015-03-01T20:00:00Z,32.0,167.6989545415797,464.4585374233228,101.09234820226827,42.65403596980715,12.550746386970813,52.07412940937586,11.16631366762799,4.992869137450144,0.0,0.0,0.0,0.0,0.0,model4,15.0,False,1410.0
470,2015-03-01T23:00:00Z,32.0,166.99764386546983,464.0643174912796,100.62305659879408,42.47122103286432,12.248135879130896,51.88655374111922,11.518013629459697,5.044506837314444,0.0,0.0,0.0,0.0,0.0,model4,15.0,False,1413.0
471,2015-03-02T02:00:00Z,32.0,167.70756519689775,465.8628249640402,100.49356696749649,41.19095791640529,14.562032390114586,54.10551148750557,11.591703135475367,4.979266995629416,0.0,0.0,0.0,0.0,0.0,model4,15.0,False,1416.0
472,2015-03-02T05:00:00Z,32.0,168.93540272094714,449.9904438722345,102.03484434972276,41.44814113580573,15.241139500413224,53.2407266390185,11.169568933991492,5.827171579874087,0.0,0.0,0.0,0.0,0.0,model4,15.0,False,1419.0
473,2015-03-02T08:00:00Z,32.0,170.92934866132057,450.4046257113506,103.0860322054123,41.515426068206175,16.589181378782566,54.44265741425144,10.600452091644318,5.793228514775766,0.0,0.0,0.0,0.0,0.0,model4,15.0,False,1422.0
474,2015-03-02T11:00:00Z,32.0,171.065334093257,447.8996757376248,103.66388247517929,41.788895405368145,15.555680411749352,57.53223430485325,10.515525297688463,5.739884394330533,0.0,0.0,0.0,0.0,0.0,model4,15.0,False,1425.0
475,2015-03-02T14:00:00Z,32.0,171.42284938307964,441.6765915380823,102.77997783306692,41.21622136199159,16.208647569652566,55.11804356302781,9.925571407829024,5.930255611754904,0.0,0.0,0.0,0.0,0.0,model4,15.0,False,1428.0
476,2015-03-02T17:00:00Z,32.0,173.4045211914187,443.9520802106823,100.62678283116426,40.856043622912225,16.5427777285715,54.63250747478693,8.889926881154523,5.99376629367212,0.0,0.0,0.0,0.0,0.0,model4,15.0,False,1431.0
477,2015-03-02T20:00:00Z,32.0,172.07271775334863,441.66512287402566,101.32194769476754,40.14761981238606,16.4479918597727,57.41189652605234,8.889034662111673,5.592910676997762,0.0,0.0,0.0,0.0,0.0,model4,15.0,False,1434.0
478,2015-03-02T23:00:00Z,32.0,172.03283185451468,441.5034652247004,102.55544703514029,40.311365319438465,16.21646357672009,54.59351066103142,7.520707350666593,5.709092916638192,0.0,0.0,0.0,0.0,0.0,model4,15.0,False,1437.0
479,2015-03-03T02:00:00Z,32.0,171.85898452807564,444.4304572673201,102.14480561250313,40.63235893824231,14.609265090095516,51.76036458037653,8.201619379913726,5.216891793470769,0.0,0.0,0.0,0.0,0.0,model4,15.0,False,1440.0
480,2015-03-03T05:00:00Z,32.0,168.42138393738009,450.51029815933373,101.25131060249865,40.29617330614171,15.584524704789699,47.20242475109684,7.850598023496777,4.239015965592423,0.0,0.0,0.0,0.0,0.0,model4,15.0,False,1443.0
481,2015-03-03T08:00:00Z,32.0,168.1294403570879,447.41184942893966,100.57809429250165,40.058561210868696,12.913655377335001,47.37304104342312,7.072943628558936,4.23622322560747,0.0,0.0,0.0,0.0,0.0,model4,15.0,False,1446.0
482,2015-03-03T11:00:00Z,32.0,167.4151958784815,448.7246747665515,101.04906170908262,39.877705838933736,13.272950733514481,45.16209640083907,7.927197958738066,4.0930785084476105,0.0,0.0,0.0,0.0,0.0,model4,15.0,False,1449.0
483,2015-03-03T14:00:00Z,32.0,168.69502191431218,447.82300903565766,101.02230758102979,39.9401077437634,12.35815093407365,43.48173039110024,8.624689351113814,4.387537318168727,0.0,0.0,0.0,0.0,0.0,model4,15.0,False,1452.0
484,2015-03-03T17:00:00Z,32.0,166.87979278017872,446.398411332024,101.68331885291607,39.424601182214715,11.77431342438971,42.95249394911804,8.897266264780649,4.351750338023951,0.0,0.0,0.0,0.0,0.0,model4,15.0,False,1455.0
485,2015-03-03T20:00:00Z,32.0,166.80787504989084,445.9681414254293,101.33168862611272,39.075724627637896,11.927408586102596,40.236872956890295,9.550283590014931,4.270871515159734,0.0,0.0,0.0,0.0,0.0,model4,15.0,False,1458.0
486,2015-03-03T23:00:00Z,32.0,167.2024794701881,444.4313183279097,100.56746662704107,39.124648758284614,13.16088635910949,52.36409679950011,9.985304768774053,4.291643454055741,0.0,0.0,0.0,0.0,0.0,model4,15.0,False,1461.0
487,2015-03-04T02:00:00Z,32.0,166.99551673282622,439.08241405615087,101.56175695775684,38.487578910950006,12.593583111194231,49.87178790068055,11.338782010905154,4.457422617857669,0.0,0.0,0.0,0.0,0.0,model4,15.0,False,1464.0
488,2015-03-04T05:00:00Z,32.0,169.20220384420548,435.5288313658032,102.70753942337812,38.197206381761276,11.184865297893364,50.46227073475855,12.251718829721199,4.342800869164849,0.0,0.0,0.0,0.0,0.0,model4,15.0,False,1467.0
489,2015-03-04T08:00:00Z,32.0,170.02402959564043,439.25416082981394,104.5264969188238,38.25738486901165,11.72259387235832,54.537891374013434,13.121207095490648,4.15728262652896,0.0,0.0,0.0,0.0,0.0,model4,15.0,False,1470.0
490,2015-03-04T11:00:00Z,32.0,169.70854144693453,439.7178178977414,103.59535551786007,38.437387423431495,14.282485483834549,50.29495550942089,13.901365373766765,4.134423783500802,0.0,0.0,0.0,0.0,0.0,model4,15.0,False,1473.0
491,2015-03-04T14:00:00Z,32.0,168.99529476826078,435.5571961244146,104.22258945706669,38.53063552028409,14.5545533274364,56.03617060583822,13.592795453461699,3.6435287873411535,0.0,0.0,0.0,0.0,0.0,model4,15.0,False,1476.0
492,2015-03-04T17:00:00Z,32.0,169.99774294932791,428.6421418618052,104.36634085269422,38.524367851891114,13.77873528355568,56.52475078637666,13.181403923327705,3.4024309032512385,0.0,0.0,0.0,0.0,0.0,model4,15.0,False,1479.0
493,2015-03-04T20:00:00Z,32.0,171.49327258430597,435.3852631422049,103.41543138181244,38.94665975763857,13.907827003735427,58.809123422809925,13.258763099140413,3.4552760015805566,0.0,0.0,0.0,0.0,0.0,model4,15.0,False,1482.0
494,2015-03-04T23:00:00Z,32.0,170.17104403334469,439.07047098092784,104.00322775529794,38.22476186590053,13.318568285247624,50.02915251650276,12.708888344419885,3.2817302493112583,0.0,0.0,0.0,0.0,1.0,model4,15.0,False,1485.0
495,2015-03-05T02:00:00Z,32.0,170.15913968501616,439.3868780202845,102.33621041311407,38.85546482793918,13.935654892990911,49.523639636849936,11.348947726952364,2.9952700567404484,0.0,0.0,0.0,0.0,1.0,model4,15.0,False,1488.0
496,2015-03-05T05:00:00Z,32.0,170.22654897990785,437.54853958200835,102.4133653689766,39.84503309267811,14.865947320857694,50.22948004810399,11.289539088028894,3.9915165936827117,0.0,0.0,0.0,0.0,1.0,model4,15.0,False,1491.0
497,2015-03-05T08:00:00Z,32.0,169.13211399784512,435.41714344785936,101.33010855944492,40.03993412780489,15.88745150778234,47.05025350820536,11.789387684070732,4.114577393385517,0.0,0.0,0.0,0.0,1.0,model4,15.0,False,1494.0
498,2015-03-05T11:00:00Z,32.0,169.92052380891982,432.6537201615834,102.16253713672035,40.07332335788404,13.497170785181249,48.85869722593448,10.93234308391793,4.18027975830948,0.0,0.0,0.0,0.0,1.0,model4,15.0,False,1497.0
499,2015-03-05T14:00:00Z,32.0,170.31039417531596,439.2172521791717,100.81407564158016,40.21528641852636,12.554982697966391,43.54326730691205,10.678717558127527,4.078883967455705,0.0,0.0,0.0,0.0,1.0,model4,15.0,False,1500.0
500,2015-03-05T17:00:00Z,32.0,171.003976348124,445.77314889082453,100.25555660146068,40.37771144322078,13.98220637200206,44.259471194458094,12.1910101296276,4.03851521146806,0.0,0.0,0.0,0.0,1.0,model4,15.0,False,1503.0
501,2015-03-05T20:00:00Z,32.0,171.04797288512472,441.17892344255137,100.82080605411899,40.401230167965174,15.329648606485168,41.78918678007723,11.938455371811669,4.70754258298389,0.0,0.0,0.0,0.0,1.0,model4,15.0,False,1506.0
502,2015-03-05T23:00:00Z,32.0,171.83056644417962,443.37657728961676,100.88187091965423,41.25652530634532,15.318493075120196,47.26655787377476,12.283149631867962,4.551364172985778,0.0,0.0,0.0,0.0,0.0,model4,15.0,False,1509.0
503,2015-03-06T02:00:00Z,32.0,172.83766283451297,444.21023293902977,101.01028624788698,40.608267871008145,16.304597911711348,48.17985311242806,12.306293535257664,4.798736109800699,0.0,0.0,0.0,0.0,0.0,model4,15.0,False,1512.0
504,2015-03-06T05:00:00Z,32.0,172.2126110502906,449.522272477914,99.58761648932074,40.16510883181571,15.691400190902133,46.0757193803849,11.220688777263437,4.487158213434909,0.0,0.0,0.0,0.0,0.0,model4,15.0,False,1515.0
505,2015-03-06T08:00:00Z,32.0,171.5447137180554,456.16882146234855,99.21116725933416,40.9069771133946,14.284308822585633,44.21840019215207,9.653475331905096,5.1045511215115305,0.0,0.0,0.0,0.0,0.0,model4,15.0,False,1518.0
506,2015-03-06T11:00:00Z,32.0,173.01845429863354,457.50459687131286,99.27469470178455,39.736670804935954,15.723269324126505,42.62617284637953,9.829138470379087,6.942501175181688,0.0,0.0,0.0,0.0,0.0,model4,15.0,False,1521.0
507,2015-03-06T14:00:00Z,32.0,172.00626340140838,456.3745821427016,99.23061440154258,40.200942064027664,16.21178953522055,42.02133422947728,10.459199673158276,7.180809432768457,0.0,0.0,0.0,0.0,0.0,model4,15.0,False,1524.0
508,2015-03-06T17:00:00Z,32.0,171.80341278069824,454.6181110316333,99.949451683866,40.26793992735178,15.591152303355456,41.196476019804365,9.601962794811149,7.2308264869409475,0.0,0.0,0.0,0.0,0.0,model4,15.0,False,1527.0
509,2015-03-06T20:00:00Z,32.0,171.1680806918572,456.54597041210127,99.46062048520204,40.69482510681557,14.774931328686273,41.23163174138485,9.929377326390485,7.43492179200512,0.0,0.0,0.0,0.0,0.0,model4,15.0,False,1530.0
510,2015-03-06T23:00:00Z,32.0,171.91808344638577,457.73164351451175,99.87096625693836,39.82195327174895,14.430330631252616,35.05382966658623,10.379181648170995,7.45160473670799,0.0,0.0,0.0,0.0,0.0,model4,15.0,False,1533.0
511,2015-03-07T02:00:00Z,32.0,170.28694266660912,453.3116303606677,100.72748942917762,40.25512642744067,12.691389508056512,40.166636364301006,10.061372030593905,7.545829273020625,0.0,0.0,0.0,0.0,0.0,model4,15.0,False,1536.0
512,2015-03-07T05:00:00Z,32.0,173.32266170716915,450.3675298027461,100.39220740903808,40.11970182109326,13.79546170002213,40.152227612812325,10.51644394626008,7.85396764686437,0.0,0.0,0.0,0.0,0.0,model4,15.0,False,1539.0
513,2015-03-07T08:00:00Z,32.0,174.08978640943326,441.6783780628696,99.84771027593979,39.55840097345654,13.774372222224835,38.51442764546656,9.966425188868374,7.5163133120827545,0.0,0.0,0.0,0.0,0.0,model4,15.0,False,1542.0
514,2015-03-07T11:00:00Z,32.0,173.99512829897995,443.76356229905366,100.17351716904686,40.47809660452696,13.056584404089826,41.637975781209406,9.676268205495571,6.075760944832237,0.0,0.0,0.0,0.0,0.0,model4,15.0,False,1545.0
515,2015-03-07T14:00:00Z,32.0,177.4666252912771,448.53957918145517,99.69634789067499,39.841314006483046,14.167016724480545,44.38465647696525,9.58025921545524,6.069346647853205,0.0,0.0,0.0,0.0,0.0,model4,15.0,False,1548.0
516,2015-03-07T17:00:00Z,32.0,177.71444118910276,450.40090506749465,99.39825431702074,40.227350978691405,13.784422303407498,45.321928003865175,8.706892318312399,6.084232849711873,0.0,0.0,0.0,0.0,0.0,model4,15.0,False,1551.0
517,2015-03-07T20:00:00Z,32.0,176.58061927791906,451.9303470978219,100.53797727679176,39.488757647619146,13.733919071209213,49.78372853898297,8.373877447688677,5.347156040950008,0.0,0.0,0.0,0.0,0.0,model4,15.0,False,1554.0
518,2015-03-07T23:00:00Z,32.0,174.2195862465527,454.35784178202414,99.44915305483005,39.511485963688024,15.673606644573836,53.09447591318744,7.424423134885949,5.329516790367799,0.0,0.0,0.0,0.0,0.0,model4,15.0,False,1557.0
519,2015-03-08T02:00:00Z,32.0,173.78843652869125,455.7456026407389,99.15880688235548,39.72494412433936,16.44770003223909,47.845410876108105,7.603403292655151,5.370615118375331,0.0,0.0,0.0,0.0,0.0,model4,15.0,False,1560.0
520,2015-03-08T05:00:00Z,32.0,170.78356179152826,465.8806218425917,98.32142706439522,39.53667393513193,16.864896976875492,58.21304225699851,8.78899255549491,5.1066272023752335,0.0,0.0,0.0,0.0,0.0,model4,15.0,False,1563.0
521,2015-03-08T08:00:00Z,32.0,170.283212335699,470.3924753798812,98.23436677150276,39.98612433970285,18.720990134311684,56.502773555823744,8.894518960740214,5.149797984134488,0.0,0.0,0.0,0.0,0.0,model4,15.0,False,1566.0
522,2015-03-08T11:00:00Z,32.0,168.03653614931045,473.1414296242877,97.27941184758234,39.458863735202534,18.476163935032197,53.09930242832442,8.028009097269953,5.247580150299994,0.0,0.0,0.0,0.0,0.0,model4,15.0,False,1569.0
523,2015-03-08T14:00:00Z,32.0,163.5592054147135,478.58432295620946,98.19936865436182,39.536279479387396,15.794063545370536,56.541104820469855,7.4638322495899345,5.080024836826894,0.0,0.0,0.0,0.0,0.0,model4,15.0,False,1572.0
524,2015-03-08T17:00:00Z,32.0,162.46114118402625,473.7822980964132,97.09161218507776,39.484492433675854,14.725769732668518,57.73434802089914,7.559913721102652,4.94073318833324,0.0,0.0,0.0,0.0,0.0,model4,15.0,False,1575.0
525,2015-03-08T20:00:00Z,32.0,164.04832264094324,474.4814409850438,96.30523734535902,39.90034216191143,15.554387744419525,56.79461504791792,7.693215859773612,4.850022156627009,0.0,0.0,0.0,0.0,0.0,model4,15.0,False,1578.0
526,2015-03-08T23:00:00Z,32.0,166.15199078187288,464.3129990715962,95.83485308573792,40.19718597632731,16.78525435201033,57.18158353503624,9.199616537395228,4.734820350885154,0.0,0.0,0.0,0.0,0.0,model4,15.0,False,1581.0
527,2015-03-09T02:00:00Z,32.0,168.98279377276234,473.59836699339127,95.92996702062908,39.957857632063934,17.714407436884112,58.239565733697404,9.295328680309133,4.404154720935787,0.0,0.0,0.0,0.0,0.0,model4,15.0,False,1584.0
528,2015-03-09T05:00:00Z,32.0,171.3949419202867,468.8637902929893,97.45461075417236,39.90561551002553,17.214461383113314,55.717207698941486,7.977873744068995,3.691170291525272,0.0,0.0,0.0,0.0,0.0,model4,15.0,False,1587.0
529,2015-03-09T08:00:00Z,32.0,173.93080797522097,464.7960541776976,98.66029940041159,39.65057189029685,16.25569368213788,56.85075370158729,8.733638048191963,3.771947213970437,0.0,0.0,0.0,0.0,0.0,model4,15.0,False,1590.0
530,2015-03-09T11:00:00Z,32.0,176.86263504339496,467.19862760938383,98.79617967014622,40.50023327400768,15.006276250834498,58.23150859530227,9.770853330145982,3.392989913791593,0.0,0.0,0.0,0.0,0.0,model4,15.0,False,1593.0
531,2015-03-09T14:00:00Z,32.0,181.2640250103753,456.07150694360917,99.48398081963718,40.73757345157245,13.652782003787891,57.78884827012679,10.305732983724617,3.1163827173050733,0.0,0.0,0.0,0.0,0.0,model4,15.0,False,1596.0
532,2015-03-09T17:00:00Z,32.0,183.41732997279087,460.218720284584,100.82054040001064,40.891389864013036,14.414232587369455,55.61948165696186,10.06138928510568,3.099261279048952,0.0,0.0,0.0,0.0,0.0,model4,15.0,False,1599.0
533,2015-03-09T20:00:00Z,32.0,184.09739177998642,453.39666318888726,101.22536721340113,40.99079527333063,15.47088544220487,57.72656597808861,10.116330811994981,3.91772706199385,0.0,0.0,0.0,0.0,0.0,model4,15.0,False,1602.0
534,2015-03-09T23:00:00Z,32.0,184.225937500717,455.2970590410186,104.05906320816658,40.07378208013262,14.569491698857044,57.76983523372486,9.247552958976497,5.632553047313796,0.0,0.0,0.0,0.0,0.0,model4,15.0,False,1605.0
535,2015-03-10T02:00:00Z,32.0,186.2555920902089,446.83939240060516,103.79446808476612,40.01611214379498,15.08240454520041,55.44187346724895,9.179774578865542,5.7309965317877065,0.0,0.0,0.0,0.0,0.0,model4,15.0,False,1608.0
536,2015-03-10T05:00:00Z,32.0,186.7697650124488,447.21469520850053,102.22770295109795,39.795781837238714,15.055703658676178,54.44757922131281,10.848476078019424,5.841271175181488,0.0,0.0,0.0,0.0,0.0,model4,15.0,False,1611.0
537,2015-03-10T08:00:00Z,32.0,185.73807407453486,450.67571394298693,101.8197059305725,38.91209994104109,15.714210149955106,53.389860730070495,10.373711558497726,5.566213378738197,1.0,0.0,0.0,0.0,0.0,model4,15.0,True,1614.0
538,2015-03-10T11:00:00Z,32.0,186.9978037408632,443.25688463679603,102.18681498216915,38.61813318450186,15.19135135054283,49.294134953240786,10.05354400531618,5.335179942349124,1.0,0.0,0.0,0.0,0.0,model4,15.0,True,1617.0
539,2015-03-10T14:00:00Z,32.0,184.8393318545901,444.0558317299038,101.22330588151918,38.81022461183093,16.78095932135688,45.2127846421108,9.946833042347782,5.3549213745580095,1.0,0.0,0.0,0.0,0.0,model4,15.0,True,1620.0
540,2015-03-10T17:00:00Z,32.0,186.7781227733393,439.3899935293541,99.72565352156894,38.381041218581096,17.537035240044773,46.18673141446021,10.169722950057404,5.253602845533279,1.0,0.0,0.0,0.0,0.0,model4,15.0,True,1623.0
541,2015-03-10T20:00:00Z,32.0,187.5135264887786,437.01291057180487,100.22279936223109,37.859935847751004,17.172136692103223,44.40798635993306,10.651408740550007,5.186109124022724,1.0,0.0,0.0,0.0,0.0,model4,15.0,True,1626.0
542,2015-03-10T23:00:00Z,32.0,188.7424613891045,436.9950607995265,98.85817885058815,39.28135696705751,15.525211759314844,45.32976160230444,9.385828591714466,4.309728749838657,1.0,0.0,0.0,0.0,0.0,model4,15.0,True,1629.0
543,2015-03-11T02:00:00Z,32.0,185.31364632700928,437.596403596929,98.70370187783371,39.01562779195398,16.15522194506133,44.948111800935685,9.701808353982564,4.219979439479033,1.0,0.0,0.0,0.0,0.0,model4,15.0,True,1632.0
544,2015-03-11T05:00:00Z,32.0,187.6188855998824,434.2297869811683,99.73068071047764,39.170943495643286,17.804414121299054,40.74880384455781,8.651521979925345,4.394950611918167,1.0,0.0,0.0,0.0,0.0,model4,15.0,True,1635.0
545,2015-03-11T08:00:00Z,32.0,189.28901460261525,428.46857637724816,99.0450797458367,39.799749024933156,16.89456895608404,41.12415078483328,8.91781963160644,4.9274160169482455,0.0,0.0,0.0,0.0,0.0,model4,15.0,False,1638.0
546,2015-03-11T11:00:00Z,32.0,188.497187851281,433.4804835976651,97.08193786117874,40.110398609119294,16.968933856580122,48.87331905764197,8.735035597666752,5.0421747894051325,0.0,0.0,0.0,0.0,0.0,model4,15.0,False,1641.0
547,2015-03-11T14:00:00Z,32.0,189.1087071706982,434.34518483948824,97.77083189759364,39.83261748535453,14.855367852541075,50.17722349257957,10.014468339269543,5.003651077500315,0.0,0.0,0.0,0.0,0.0,model4,15.0,False,1644.0
548,2015-03-11T17:00:00Z,32.0,183.52272170696145,440.208504714866,99.15512179457652,39.17777662449399,18.214285521641035,50.777655379199075,10.128755032229256,5.6912385751176,0.0,0.0,0.0,0.0,0.0,model4,15.0,False,1647.0
549,2015-03-11T20:00:00Z,32.0,182.09334720004216,441.1121791560125,98.08705865067913,39.455106119710585,17.550560296703992,49.744626217946646,9.370070777534053,4.950579904809712,0.0,0.0,0.0,0.0,0.0,model4,15.0,False,1650.0
550,2015-03-11T23:00:00Z,32.0,178.07457497808574,445.00135415054086,97.37704620839935,38.778709972375076,20.64597714688072,48.984936194365424,8.92379582595514,4.863023385929567,0.0,0.0,0.0,0.0,0.0,model4,15.0,False,1653.0
551,2015-03-12T02:00:00Z,32.0,177.64570254986333,444.4703530331838,97.301424769288,39.56757766031377,21.265611454322144,47.9388257173876,8.725667999091106,5.13242954568892,0.0,0.0,0.0,0.0,0.0,model4,15.0,False,1656.0
552,2015-03-12T05:00:00Z,32.0,172.49506928322998,443.093454048452,97.01413758342049,39.94786661060039,19.09143000036732,46.1862710502887,8.599735676707851,5.017437748370027,0.0,0.0,0.0,0.0,0.0,model4,15.0,False,1659.0
553,2015-03-12T08:00:00Z,32.0,168.93502015593768,450.69853676036223,98.54202051449025,39.55294674159572,17.648007425708467,45.7720847954651,9.28411334499695,4.468198086419079,0.0,0.0,0.0,0.0,0.0,model4,15.0,False,1662.0
554,2015-03-12T11:00:00Z,32.0,165.715795125971,449.36695067918777,100.4735443583436,39.12887843848585,17.089144497833164,40.73702501139729,8.841512023245501,4.703402676856218,0.0,0.0,0.0,0.0,0.0,model4,15.0,False,1665.0
555,2015-03-12T14:00:00Z,32.0,163.94573123603016,447.4489557290921,101.32091836852207,39.090214046631395,16.251464011260676,45.600258405767185,8.629644644558876,5.201655311297132,0.0,0.0,0.0,0.0,0.0,model4,15.0,False,1668.0
556,2015-03-12T17:00:00Z,32.0,164.4400430681331,444.0221254301844,101.38687593195722,39.57665382293353,14.064272913519366,45.62168197764633,8.93813933831546,4.426700295073989,0.0,0.0,0.0,0.0,0.0,model4,15.0,False,1671.0
557,2015-03-12T20:00:00Z,32.0,161.50002476422804,446.30578872090445,101.63548094484022,39.46275066367446,14.668310858125215,42.38451233882019,8.880647251009023,4.466464626791226,0.0,0.0,0.0,0.0,0.0,model4,15.0,False,1674.0
558,2015-03-12T23:00:00Z,32.0,164.1587694195661,440.01232377075104,100.46635727871193,39.320117368874655,15.222656772630534,43.011088781601536,10.120974901118405,4.181284726055626,0.0,0.0,0.0,0.0,0.0,model4,15.0,False,1677.0
559,2015-03-13T02:00:00Z,32.0,164.67215304635974,447.3127854309163,100.3256831673733,38.688308250257016,14.987933753821313,50.7408404546021,10.187807133974667,3.9579396712357817,0.0,0.0,0.0,0.0,0.0,model4,15.0,False,1680.0
560,2015-03-13T05:00:00Z,32.0,164.74506227173583,446.8647396364322,101.22005855787859,37.59812174324444,14.124921666029374,47.6958088006223,10.098280859262145,3.975156883957653,0.0,0.0,0.0,0.0,0.0,model4,15.0,False,1683.0
561,2015-03-13T08:00:00Z,32.0,166.46351112805428,437.01609381546297,99.72132921264529,37.90534758758052,15.019712101841192,62.6599462803524,9.787045074292443,4.15940851577562,0.0,0.0,0.0,0.0,0.0,model4,15.0,False,1686.0
562,2015-03-13T11:00:00Z,32.0,166.30988002908825,434.7741184094545,98.12341623913177,38.34414686754908,14.760148964045234,65.272896506962,9.702260810400583,3.9905603454225096,0.0,0.0,0.0,0.0,0.0,model4,15.0,False,1689.0
563,2015-03-13T14:00:00Z,32.0,168.6941553170287,433.1763198700466,99.20909581965292,38.88674598678331,16.41023664308178,60.43714698277403,11.664190954260174,4.283396644399296,0.0,0.0,0.0,0.0,0.0,model4,15.0,False,1692.0
564,2015-03-13T17:00:00Z,32.0,170.5567789608723,428.7674033742535,99.66803005276032,38.90693416195489,16.099658333111307,60.802536614631045,11.717278117882225,4.335307414207802,0.0,0.0,0.0,0.0,0.0,model4,15.0,False,1695.0
565,2015-03-13T20:00:00Z,32.0,171.7162853870598,423.40569631768614,99.94678865883893,39.056680375445325,14.217319582574724,66.47943506856862,11.47627987320983,4.307153126962439,0.0,0.0,0.0,0.0,0.0,model4,15.0,False,1698.0
566,2015-03-13T23:00:00Z,32.0,172.19605679747818,421.8749028625911,101.79490010466392,40.46913155300934,13.245543814330006,68.27919186643412,10.878464235805225,5.225854820586608,0.0,0.0,0.0,0.0,0.0,model4,15.0,False,1701.0
567,2015-03-14T02:00:00Z,32.0,171.8556004185978,400.8792030580271,103.15472041446249,40.83038886857725,12.403018986391109,64.36987478633202,10.669673439763733,5.116216209666139,0.0,0.0,0.0,0.0,0.0,model4,15.0,False,1704.0
568,2015-03-14T05:00:00Z,32.0,172.53260066922618,392.928365961176,102.27811193522656,42.10845319488734,11.843379646615293,66.7351870332231,11.339665671299395,4.4370379621500655,0.0,0.0,0.0,0.0,0.0,model4,15.0,False,1707.0
569,2015-03-14T08:00:00Z,32.0,172.05099633959338,390.99714594739294,103.18328934524092,42.60076012717272,11.743684626198581,55.582677192550705,11.426590400440743,4.586946224122447,0.0,0.0,0.0,0.0,0.0,model4,15.0,False,1710.0
570,2015-03-14T11:00:00Z,32.0,173.59126796463718,379.551628605104,103.67408481348822,41.87404614531789,12.21159020212847,48.08498223672064,12.03944064507542,5.104699367892741,0.0,0.0,0.0,0.0,0.0,model4,15.0,False,1713.0
571,2015-03-14T14:00:00Z,32.0,169.43490763546208,371.79850196132963,101.37732698362335,41.493901618864996,13.053181008887096,49.0436703393795,9.835649514770866,4.737431609748463,0.0,0.0,0.0,0.0,0.0,model4,15.0,False,1716.0
572,2015-03-14T17:00:00Z,32.0,168.81627760403097,369.7365429600565,101.65817874442577,42.16772882768039,13.211234241319618,52.63931304000188,10.574651857602413,4.477710423819514,0.0,0.0,0.0,0.0,0.0,model4,15.0,False,1719.0
573,2015-03-14T20:00:00Z,32.0,169.17722239438314,369.782670478876,101.25909769281151,42.32653465791898,12.712693567857682,48.79790041036632,10.768405225569587,4.4246427937997135,0.0,0.0,0.0,0.0,0.0,model4,15.0,False,1722.0
574,2015-03-14T23:00:00Z,32.0,167.99879065220847,362.25009193474887,101.41456595436148,41.66548572621443,12.41784485663642,44.49708520917283,10.815620276824786,3.7424836675661615,0.0,0.0,0.0,0.0,0.0,model4,15.0,False,1725.0
575,2015-03-15T02:00:00Z,32.0,167.94612144956722,362.7041610636338,100.3235849440478,42.09378406536656,12.265651468354188,43.431296197627105,11.555028651326499,4.117197663357762,0.0,0.0,0.0,0.0,0.0,model4,15.0,False,1728.0
576,2015-03-15T05:00:00Z,32.0,168.87795540574191,362.0604212006698,99.5469684732094,42.0214637698052,12.976675769017207,40.63167678114518,12.208515003142493,4.172258857500547,0.0,0.0,0.0,0.0,0.0,model4,15.0,False,1731.0
577,2015-03-15T08:00:00Z,32.0,167.9093141058601,353.3715908436181,97.27455108962609,40.94849839264072,11.950161834293112,46.095666477453975,13.654871597942313,5.0772727034836524,0.0,0.0,0.0,0.0,0.0,model4,15.0,False,1734.0
578,2015-03-15T11:00:00Z,32.0,167.43109811058883,361.38802603967736,96.09491957559315,40.898791585334564,10.255249227900103,55.543719475215,13.317310020390599,5.042064296721808,0.0,0.0,0.0,0.0,0.0,model4,15.0,False,1737.0
579,2015-03-15T14:00:00Z,32.0,169.8254993343606,375.036817305965,95.22603032388945,41.07478072079704,8.242192616339349,63.59416244813967,13.366435954932895,4.999625828616172,0.0,0.0,0.0,0.0,0.0,model4,15.0,False,1740.0
580,2015-03-15T17:00:00Z,32.0,169.43919531971676,389.96695293209916,93.54466097099196,41.06441754479615,8.567825986322951,74.1469693082893,11.728087006870586,5.0702725108822095,0.0,0.0,0.0,0.0,0.0,model4,15.0,False,1743.0
581,2015-03-15T20:00:00Z,32.0,168.7140025074094,398.98073618393903,93.3163028006281,40.403843446379426,10.465157542669166,81.3128639717442,12.306106773640645,5.384049074824308,0.0,0.0,0.0,0.0,0.0,model4,15.0,False,1746.0
582,2015-03-15T23:00:00Z,32.0,169.05121923574816,406.47878417990216,91.4061123290623,40.037071226528006,10.392119985973167,79.30295762003091,11.966611261375833,5.3481419122286065,0.0,0.0,0.0,0.0,0.0,model4,15.0,False,1749.0
583,2015-03-16T02:00:00Z,32.0,169.05290087642118,421.11877424512187,91.65293892309879,39.341145640107534,10.768796344193817,76.83056271569428,11.520307865279904,4.748073196135182,0.0,0.0,0.0,0.0,0.0,model4,15.0,False,1752.0
584,2015-03-16T05:00:00Z,32.0,167.26479892620475,431.5135113658926,94.28084834079613,38.92191059158699,9.526788812611233,75.50222380424574,12.551267700964553,4.353552726577301,0.0,0.0,0.0,0.0,0.0,model4,15.0,False,1755.0
585,2015-03-16T08:00:00Z,32.0,169.04946082944625,447.4803224992212,96.47104635477,39.40587109511394,10.673143204439087,57.67112030032078,11.034821867489542,4.126610827472297,0.0,0.0,0.0,0.0,0.0,model4,15.0,False,1758.0
586,2015-03-16T11:00:00Z,32.0,170.59165991767932,449.5199113911945,98.64042139646706,40.26879042756485,10.807538668185877,51.83895786735612,10.762270736861666,4.153022888050589,0.0,0.0,0.0,0.0,0.0,model4,15.0,False,1761.0
587,2015-03-16T14:00:00Z,32.0,169.59373382300598,445.7732276309327,100.27703571319763,40.36299256839353,11.754879942058293,54.57044765259822,11.22258226801857,4.67883600054766,0.0,0.0,0.0,0.0,0.0,model4,15.0,False,1764.0
588,2015-03-16T17:00:00Z,32.0,170.31317721085446,438.96622707970016,100.1780188004898,39.68429868856703,12.349397127328071,51.46304432997197,11.478872075003498,5.058687680944823,0.0,0.0,0.0,0.0,0.0,model4,15.0,False,1767.0
589,2015-03-16T20:00:00Z,32.0,172.46877398315155,440.6778553151529,100.086277164524,39.913352443716214,11.032631020992428,44.96975865667685,11.113709294055708,5.751686222284585,0.0,0.0,0.0,0.0,0.0,model4,15.0,False,1770.0
590,2015-03-16T23:00:00Z,32.0,171.55144646592638,445.1920892242904,101.64531293235208,40.432255951357824,11.453603931567025,43.69852713619773,10.021725876648595,6.017896743624937,0.0,0.0,0.0,0.0,0.0,model4,15.0,False,1773.0
591,2015-03-17T02:00:00Z,32.0,172.6035811959286,443.77418189140974,101.1113100575568,40.619258226928096,11.417130196917913,40.70050496993427,9.888073419821453,6.395330750571332,0.0,0.0,0.0,0.0,0.0,model4,15.0,False,1776.0
592,2015-03-17T05:00:00Z,32.0,172.26800913089096,447.2263291589283,101.24852020532923,40.93743671706381,12.52437326064116,42.69565888139821,9.969008498997212,6.623330701935027,0.0,0.0,0.0,0.0,0.0,model4,15.0,False,1779.0
593,2015-03-17T08:00:00Z,32.0,170.90040418196992,450.4451813011486,101.33734940531626,41.05836761281192,15.182736309161534,40.19203361160517,10.167400399431957,6.845399835308691,0.0,0.0,0.0,0.0,0.0,model4,15.0,False,1782.0
594,2015-03-17T11:00:00Z,32.0,171.64529074369946,448.9760901462834,100.87134946697157,41.26058727085544,16.275721772600598,44.456507353346616,10.309421252316316,7.0376992377103935,0.0,0.0,0.0,0.0,0.0,model4,15.0,False,1785.0
595,2015-03-17T14:00:00Z,32.0,172.41564070316898,450.71097286651917,99.80309466193157,41.380018578856365,15.277171554174426,45.44637358253188,9.729908865637176,6.73389781695747,0.0,0.0,0.0,0.0,0.0,model4,15.0,False,1788.0
596,2015-03-17T17:00:00Z,32.0,172.06087911903234,450.3268894804641,101.2295815248699,41.62896175600169,14.262339096276786,45.71852574523072,9.546183814302292,6.321942172619139,0.0,0.0,0.0,0.0,0.0,model4,15.0,False,1791.0
597,2015-03-17T20:00:00Z,32.0,173.5576326755394,445.213939165411,101.50420253935819,42.2271328121389,15.12820501674181,46.0669664120985,9.120184546360877,5.4095415607096,0.0,0.0,0.0,0.0,0.0,model4,15.0,False,1794.0
598,2015-03-17T23:00:00Z,32.0,175.94294769332345,446.02979423302827,101.10395132034544,41.84663781611442,15.055175034270079,43.684340778805115,9.554825539917463,5.275029614922532,0.0,0.0,0.0,0.0,0.0,model4,15.0,False,1797.0
599,2015-03-18T02:00:00Z,32.0,175.1677140498887,446.4138167974614,101.08756008364685,42.481410851374534,15.29905267481975,44.84479381074147,9.578509331706671,5.214272491521238,0.0,0.0,0.0,0.0,0.0,model4,15.0,False,1800.0
600,2015-03-18T05:00:00Z,32.0,177.67576605168438,446.3787833419459,100.02778041554001,42.427970376626114,14.086099115726226,38.821811298800704,8.97649453505115,5.128954237469972,0.0,0.0,0.0,0.0,0.0,model4,15.0,False,1803.0
601,2015-03-18T08:00:00Z,32.0,177.3007761880801,442.7829865159287,100.36434656937081,42.489689755019775,12.65556741431047,40.5789698141416,9.281526503425026,4.110434481046294,0.0,0.0,0.0,0.0,0.0,model4,15.0,False,1806.0
602,2015-03-18T11:00:00Z,32.0,176.5307123840569,451.1576228032904,100.39223707227421,41.47453381151017,11.614741088012448,39.978446031794775,8.943762258483117,4.320001434888774,0.0,0.0,0.0,0.0,0.0,model4,15.0,False,1809.0
603,2015-03-18T14:00:00Z,32.0,177.571896854507,455.2014809224419,102.84025394180277,40.902047441330794,11.414362492872158,37.783424327560255,11.231519209971292,4.398487738630727,0.0,0.0,0.0,0.0,0.0,model4,15.0,False,1812.0
604,2015-03-18T17:00:00Z,32.0,177.05623564470292,456.51411057935326,103.03464882405576,40.903970228257386,13.523127277696648,37.323064820035526,11.261883500208983,4.25581131843521,0.0,0.0,0.0,0.0,0.0,model4,15.0,False,1815.0
605,2015-03-18T20:00:00Z,32.0,173.61519039894299,454.8650686946682,103.73149784219092,41.15020014808932,13.602538928177587,37.68195542054811,10.956653262896571,5.132902153995484,0.0,0.0,0.0,0.0,0.0,model4,15.0,False,1818.0
606,2015-03-18T23:00:00Z,32.0,171.92541578950954,448.792467757583,103.04818845110924,40.49469996801936,12.9662304088763,43.4436940394878,10.556756624073481,5.67805991068222,0.0,0.0,0.0,0.0,0.0,model4,15.0,False,1821.0
607,2015-03-19T02:00:00Z,32.0,172.3287311205785,455.33922335938416,103.30482793732162,39.603920880844896,14.063460196702895,47.80151435345458,10.618781932478006,5.201760907432204,0.0,0.0,0.0,0.0,0.0,model4,15.0,False,1824.0
608,2015-03-19T05:00:00Z,32.0,171.0232601429741,455.8334953937712,103.55033225826266,39.32646481879336,13.459498787079553,48.76096242707289,12.099248818530054,4.934040268064846,0.0,0.0,0.0,0.0,0.0,model4,15.0,False,1827.0
609,2015-03-19T08:00:00Z,32.0,171.4460890440796,453.9139046153275,104.60234577119093,39.37231387916613,12.224812978960063,56.58266643644248,12.41729760820236,4.997082327519614,0.0,0.0,0.0,0.0,0.0,model4,15.0,False,1830.0
610,2015-03-19T11:00:00Z,32.0,170.61449946318442,447.38387483305473,104.0051112960902,39.763969455829894,13.063728342350936,58.62682245429532,12.51381115168642,4.759579183917334,0.0,0.0,0.0,0.0,0.0,model4,15.0,False,1833.0
611,2015-03-19T14:00:00Z,32.0,172.1596521723749,445.6333443682208,101.18664139235806,40.05653242830803,16.285889151854903,62.09656958917982,10.732109708381984,4.823222410550638,0.0,0.0,0.0,0.0,0.0,model4,15.0,False,1836.0
612,2015-03-19T17:00:00Z,32.0,172.38448836964088,450.78842922680366,99.51773599618448,40.272704569876325,15.156052749788243,64.09614298530656,10.566890257013627,4.8775595234633204,0.0,0.0,0.0,0.0,0.0,model4,15.0,False,1839.0
613,2015-03-19T20:00:00Z,32.0,172.6265893436655,456.2693067411197,99.62802346019122,39.47249588317092,14.884777199108255,62.923672946568594,10.286508424367248,4.429099319683515,0.0,0.0,0.0,0.0,0.0,model4,15.0,False,1842.0
614,2015-03-19T23:00:00Z,32.0,172.67768519705854,462.3213711506932,101.58219197319113,40.40255138256972,14.781770760796135,60.043120969513176,10.319759893545674,3.841432114124786,0.0,0.0,0.0,0.0,0.0,model4,15.0,False,1845.0
615,2015-03-20T02:00:00Z,32.0,172.05033793664867,463.2872649317665,101.04157757837281,40.521956599574494,13.78650005773298,60.38360306903999,10.330594825982496,3.828238910090593,0.0,0.0,0.0,0.0,0.0,model4,15.0,False,1848.0
616,2015-03-20T05:00:00Z,32.0,170.02250152400748,461.0719758510992,99.38349183679588,41.33212366698728,14.822340616049305,61.13634787320898,10.172939407336896,4.216320098916803,0.0,0.0,0.0,0.0,0.0,model4,15.0,False,1851.0
617,2015-03-20T08:00:00Z,32.0,170.14846786315564,460.5097031655698,97.68256919484186,41.406894439209644,17.12049475405082,55.12362687734983,9.444811010800793,4.816176770034606,0.0,0.0,0.0,0.0,0.0,model4,15.0,False,1854.0
618,2015-03-20T11:00:00Z,32.0,172.67011461160493,460.9510133184212,98.7526995412025,40.791368915063096,17.940903543118562,55.09476628636715,9.895184530490832,5.5527164908042375,0.0,0.0,0.0,0.0,0.0,model4,15.0,False,1857.0
619,2015-03-20T14:00:00Z,32.0,173.2665182365823,460.7071542645671,99.69385568358105,41.011316154072354,17.149519143949515,50.903170510380676,10.318543037210706,5.61163499922174,0.0,0.0,0.0,0.0,0.0,model4,15.0,False,1860.0
620,2015-03-20T17:00:00Z,32.0,172.449571677868,460.01635711859404,100.19951415652868,41.45516750139479,17.92173534812256,51.79771650713048,9.907254299514586,5.8763558543492005,0.0,0.0,0.0,0.0,0.0,model4,15.0,False,1863.0
621,2015-03-20T20:00:00Z,32.0,174.88760645518116,453.5226820328401,99.3659326269343,42.03737748371796,18.174225882996204,55.628353272816845,10.81591568177334,5.2571303728761976,0.0,0.0,0.0,0.0,0.0,model4,15.0,False,1866.0
622,2015-03-20T23:00:00Z,32.0,173.12727816980617,452.9040035409417,97.76846755036942,41.63305495294911,19.896515996406396,57.64845399767121,10.748839343486068,5.741600460756984,0.0,0.0,0.0,0.0,0.0,model4,15.0,False,1869.0
623,2015-03-21T02:00:00Z,32.0,173.43740138707398,443.20535115525115,99.29910535368259,41.33401780763833,19.872314167171368,52.53167324506958,10.936469702140396,6.0209505253963576,0.0,0.0,0.0,0.0,0.0,model4,15.0,False,1872.0
624,2015-03-21T05:00:00Z,32.0,176.02554237273586,439.90061259813035,100.32348865921455,40.74961618113861,18.641229114434672,51.765522999850724,9.956640591112166,6.082959065973863,0.0,0.0,0.0,0.0,0.0,model4,15.0,False,1875.0
625,2015-03-21T08:00:00Z,32.0,176.5066900545436,456.0079524380459,100.14107785571821,40.833027971870756,17.67175144887896,58.272791472370386,9.361836445941462,5.963805824300934,0.0,0.0,0.0,0.0,0.0,model4,15.0,False,1878.0
626,2015-03-21T11:00:00Z,32.0,172.5982856481289,459.1874580943174,99.057251838962,41.262487978021056,17.462437712574495,54.31443131515995,9.1864911584091,5.394018293502092,0.0,0.0,0.0,0.0,0.0,model4,15.0,False,1881.0
627,2015-03-21T14:00:00Z,32.0,169.16829075696884,466.68720205746695,98.11374844604352,40.916907674820045,15.202164420338669,56.7406925515367,8.773599235783719,5.296322559189458,0.0,0.0,0.0,0.0,0.0,model4,15.0,False,1884.0
628,2015-03-21T17:00:00Z,32.0,173.11338890671902,461.2504155933425,97.43165489407936,40.65643646684264,16.424414834849586,55.10758131160512,9.04747005991957,5.355411344912005,0.0,0.0,0.0,0.0,0.0,model4,15.0,False,1887.0
629,2015-03-21T20:00:00Z,32.0,171.82939460422833,459.59225711085935,98.04936132779983,40.17660656979754,17.371414126394793,56.12233137873411,8.068601217784401,5.293244733133318,0.0,0.0,0.0,0.0,0.0,model4,15.0,False,1890.0
630,2015-03-21T23:00:00Z,32.0,174.11317409212842,460.1712225264602,99.48054270718086,40.14539919635747,17.82492742018833,54.65655601487095,7.708921556058074,5.014974211200983,0.0,0.0,0.0,0.0,0.0,model4,15.0,False,1893.0
631,2015-03-22T02:00:00Z,32.0,174.07001172750168,464.7763104357914,99.16184447830207,40.88876162719628,17.728275647729657,53.8019680933718,7.874168895615612,4.72964487904925,0.0,0.0,0.0,0.0,0.0,model4,15.0,False,1896.0
632,2015-03-22T05:00:00Z,32.0,173.0949433305212,467.88633129841,99.33779637445105,41.06665409769924,17.933794524977948,52.34306981641586,7.076879045539327,4.377588168438889,0.0,0.0,0.0,0.0,0.0,model4,15.0,False,1899.0
633,2015-03-22T08:00:00Z,32.0,172.8850885395784,465.43892099820863,100.54824705552272,40.74847080078961,16.884261503143996,48.76415150041807,7.197261244061254,4.3372217694477975,0.0,0.0,0.0,0.0,0.0,model4,15.0,False,1902.0
634,2015-03-22T11:00:00Z,32.0,174.45619773910155,462.3863975405167,101.34718613707552,40.988173269450044,16.291848803353233,51.52944349559769,6.769475993801451,4.4105081312510235,0.0,0.0,0.0,0.0,0.0,model4,15.0,False,1905.0
635,2015-03-22T14:00:00Z,32.0,173.58805556877476,452.8265932665398,102.37478658767313,41.04428687642115,16.700354807508603,45.08106440484602,6.4458178368800345,4.472698006211914,0.0,0.0,0.0,0.0,0.0,model4,15.0,False,1908.0
636,2015-03-22T17:00:00Z,32.0,169.70125381790433,454.78957647886045,104.03081952792944,40.16712600835081,14.893616887516561,47.46994970235207,6.105174316011957,4.50267191852594,0.0,0.0,0.0,0.0,0.0,model4,15.0,False,1911.0
637,2015-03-22T20:00:00Z,32.0,170.66477427330219,462.9189869517898,103.11360232198685,41.02468204069806,13.741612185980618,43.9799955934207,7.547806526764685,5.2446394587849126,0.0,0.0,0.0,0.0,0.0,model4,15.0,False,1914.0
638,2015-03-22T23:00:00Z,32.0,172.31828014073966,464.7802065465637,101.46957354095277,41.211568198217094,14.350441109415634,41.78682534349068,8.173222029799428,5.0895481238993225,0.0,0.0,0.0,0.0,0.0,model4,15.0,False,1917.0
639,2015-03-23T02:00:00Z,32.0,170.9129303974524,461.02334186723925,101.11589121272499,40.96767144295315,14.725170625546891,43.47505965710821,8.705638204443897,4.945859615068033,0.0,0.0,0.0,0.0,0.0,model4,15.0,False,1920.0
640,2015-03-23T05:00:00Z,32.0,172.4027058102649,464.21473308235625,100.96976422663131,40.557899459032065,15.040091866863722,45.049976895199116,9.989028784339556,5.340834364297602,0.0,0.0,0.0,0.0,0.0,model4,15.0,False,1923.0
641,2015-03-23T08:00:00Z,32.0,172.24321809505162,457.8876741488156,100.5620869769256,41.173378491348636,14.68006148328858,41.10284438742085,10.356097280710037,5.510216580100808,0.0,0.0,0.0,0.0,0.0,model4,15.0,False,1926.0
642,2015-03-23T11:00:00Z,32.0,173.37320240422412,463.4047485630779,100.8375853718374,41.00087684173723,15.516765550883374,43.80098725340797,10.826521351535249,5.7280842225794855,0.0,0.0,0.0,0.0,0.0,model4,15.0,False,1929.0
643,2015-03-23T14:00:00Z,32.0,174.69220359521228,463.1113065718012,99.95464285741295,40.87888377555628,14.873960077261884,46.60314073709082,11.082899885142202,5.857834624873749,0.0,0.0,0.0,0.0,0.0,model4,15.0,False,1932.0
644,2015-03-23T17:00:00Z,32.0,175.09209398506786,466.5800760841286,99.46135541944716,41.261079619277396,17.75932200594494,45.75086758168724,10.483997733541145,5.457786127612788,0.0,0.0,0.0,0.0,0.0,model4,15.0,False,1935.0
645,2015-03-23T20:00:00Z,32.0,174.37755124703887,470.0098485815983,99.56028586610302,40.6349316010954,19.394628133769228,47.23496299351303,10.56447158172318,5.044231862427815,0.0,0.0,0.0,0.0,0.0,model4,15.0,False,1938.0
646,2015-03-23T23:00:00Z,32.0,172.21928215232293,467.83242436788635,101.69747063744778,40.88825936489222,17.341581235439588,51.92505811047553,10.871700779589014,5.083480895575182,0.0,0.0,0.0,0.0,0.0,model4,15.0,False,1941.0
647,2015-03-24T02:00:00Z,32.0,172.72956696326267,471.6231784166863,101.98374864313395,40.983149064422285,17.977553868015683,49.4634273990476,11.109775123727903,5.296768907341142,0.0,0.0,0.0,0.0,0.0,model4,15.0,False,1944.0
648,2015-03-24T05:00:00Z,32.0,170.42790997381132,468.1905735552687,102.07609665874365,40.93621993990739,18.900137265461094,52.077505073349094,10.399309522088464,5.0836281673738375,0.0,0.0,0.0,0.0,0.0,model4,15.0,False,1947.0
649,2015-03-24T08:00:00Z,32.0,169.7079333663724,467.59986503003444,101.08517815340059,40.14233633907108,19.24212825594085,53.91026879866784,9.941135820387428,4.326647682101461,0.0,0.0,0.0,0.0,0.0,model4,15.0,False,1950.0
650,2015-03-24T11:00:00Z,32.0,168.53664408778212,460.1404365250641,100.92110056837211,39.484972957248544,18.578390277120107,50.99197687817333,9.354762518182293,4.597228613357299,0.0,0.0,0.0,0.0,0.0,model4,15.0,False,1953.0
651,2015-03-24T14:00:00Z,32.0,168.98825493194963,457.99517436260317,101.83033257101286,40.1543806953469,18.637748996522713,52.629797407371775,9.5258252765399,4.954321826525345,0.0,0.0,0.0,0.0,0.0,model4,15.0,False,1956.0
652,2015-03-24T17:00:00Z,32.0,169.096000357026,455.9924009790358,101.81007979412706,40.181719560638896,17.42155128175912,52.172717312893155,10.28225606903404,5.119864247890996,0.0,0.0,0.0,0.0,0.0,model4,15.0,False,1959.0
653,2015-03-24T20:00:00Z,32.0,168.20096508680945,449.3406959938713,102.21591200674787,40.480017721378864,15.86971140389726,48.754874604582405,10.532784967203217,4.923400384796479,0.0,0.0,0.0,0.0,0.0,model4,15.0,False,1962.0
654,2015-03-24T23:00:00Z,32.0,168.14524795474708,454.74913970382767,100.64410367570746,40.22091013915203,15.740731421035962,46.9727718506643,9.87408340010761,5.284471901570628,0.0,0.0,0.0,0.0,0.0,model4,15.0,False,1965.0
655,2015-03-25T02:00:00Z,32.0,168.34495880489084,450.03399020846365,100.56671943208477,39.81241972515875,15.69792678810667,50.869464612590654,8.738582873283777,5.14463593751472,0.0,0.0,0.0,0.0,0.0,model4,15.0,False,1968.0
656,2015-03-25T05:00:00Z,32.0,166.93511219264082,447.5287021600399,99.9267115054942,39.70456983350953,16.6231093512109,47.51419380725703,9.060545577361184,4.938882635529368,0.0,0.0,0.0,0.0,0.0,model4,15.0,False,1971.0
657,2015-03-25T08:00:00Z,32.0,168.01123665574596,438.7817677643859,99.6259578032975,39.604549871452896,16.984003831181838,50.27559798438344,10.344816048343448,5.213027942146258,0.0,0.0,0.0,0.0,0.0,model4,15.0,False,1974.0
658,2015-03-25T11:00:00Z,32.0,167.37714532446856,447.9560212191263,98.8872500591234,40.398311928936074,16.387043542577036,55.405837011265476,10.38298101452221,4.641171600570644,0.0,0.0,0.0,0.0,0.0,model4,15.0,False,1977.0
659,2015-03-25T14:00:00Z,32.0,167.5661536477404,454.3614080644293,98.51823285311329,40.142674823463615,16.751245262028736,54.015397546205776,10.580788421146213,4.423951168422869,0.0,0.0,0.0,0.0,0.0,model4,15.0,False,1980.0
660,2015-03-25T17:00:00Z,32.0,167.31483695373782,447.60618281483664,97.96375302163534,40.7203612674808,14.773722897827033,55.60635002976645,10.1285182243801,4.794897637107264,0.0,0.0,0.0,0.0,0.0,model4,15.0,False,1983.0
661,2015-03-25T20:00:00Z,32.0,167.55974809017545,445.33882485628686,97.26967511508526,40.304264625305954,14.173643598012914,60.97169717635696,9.342725979474633,5.473297999406482,0.0,0.0,0.0,0.0,0.0,model4,15.0,False,1986.0
662,2015-03-25T23:00:00Z,32.0,168.91757714839318,441.0852616103578,97.88045769748457,40.61636645886913,14.790321215909767,58.094011237446296,9.57112979906968,5.283639773905889,0.0,0.0,0.0,0.0,0.0,model4,15.0,False,1989.0
663,2015-03-26T02:00:00Z,32.0,171.7905487069979,445.1216025872779,96.31520558416972,40.84479713309233,16.040636365432686,60.426889296259354,10.398085979209213,5.398552639690696,0.0,0.0,0.0,0.0,0.0,model4,15.0,False,1992.0
664,2015-03-26T05:00:00Z,32.0,174.2346217262585,447.83058484783066,96.26657905094768,40.76433844388889,12.828288845520868,59.475707336378825,9.822375536125657,5.4391842653775395,0.0,0.0,0.0,0.0,0.0,model4,15.0,False,1995.0
665,2015-03-26T08:00:00Z,32.0,173.1619151144017,458.4546048542736,97.28149161682488,40.62201105014541,13.244536655340696,55.31306487053993,8.74607380674866,5.285775426957453,0.0,0.0,0.0,0.0,0.0,model4,15.0,False,1998.0
666,2015-03-26T11:00:00Z,32.0,172.88064874263088,451.0582098403309,98.91165440633478,41.15935312325173,13.322946076984653,52.172259258014705,11.413165130415369,5.495534823716022,0.0,0.0,0.0,0.0,0.0,model4,15.0,False,2001.0
667,2015-03-26T14:00:00Z,32.0,170.96117858466906,453.0780141988524,98.36759029547213,40.82857615645268,14.34705679978305,52.89587035051462,10.693959953428472,5.293856018118259,0.0,0.0,0.0,0.0,0.0,model4,15.0,False,2004.0
668,2015-03-26T17:00:00Z,32.0,170.28158718440062,458.4504013281884,98.12810837949608,40.42340852831249,15.251927519943669,48.874321925494975,11.02654720712217,5.051935318002847,0.0,0.0,0.0,0.0,0.0,model4,15.0,False,2007.0
669,2015-03-26T20:00:00Z,32.0,170.8558411707285,464.4756088856962,98.63483648432238,40.07307965124152,14.913527587552268,43.019140938676045,10.751316122076716,4.7345256236332025,0.0,0.0,0.0,0.0,0.0,model4,15.0,False,2010.0
670,2015-03-26T23:00:00Z,32.0,169.58577174187823,464.3225706440392,96.91835662078688,40.09709253168421,14.831448953037107,43.144858207159146,11.708817988093648,4.659892498217821,0.0,0.0,0.0,0.0,0.0,model4,15.0,False,2013.0
671,2015-03-27T02:00:00Z,32.0,165.35976070938332,465.9249085034919,99.03282999936786,39.845092339228366,12.745923002158825,35.77162751790695,11.226613557054543,4.66653668678254,0.0,1.0,0.0,0.0,0.0,model4,15.0,False,2016.0
672,2015-03-27T05:00:00Z,32.0,164.86322086611392,467.9551035213722,98.97066612633476,40.31969109931786,12.48031393140309,41.673291143614996,11.752946641761069,5.0030266556057565,0.0,1.0,0.0,0.0,0.0,model4,15.0,False,2019.0
673,2015-03-27T08:00:00Z,32.0,166.00278194806904,466.3409782889012,98.32275401037269,40.84295981820983,15.279324135125249,41.22303165216184,12.39152456392594,4.946757400533331,0.0,1.0,0.0,0.0,0.0,model4,15.0,False,2022.0
674,2015-03-27T11:00:00Z,32.0,164.37644318271725,463.9304451885572,96.74384677385204,40.33699749678368,15.842819167804725,48.326239229639434,11.24228279522678,4.645164536868366,0.0,1.0,0.0,0.0,0.0,model4,15.0,False,2025.0
675,2015-03-27T14:00:00Z,32.0,164.86388926556498,453.20547615426057,96.00509371950571,39.795519825392105,15.08553878395143,50.07592060610391,11.263113385481693,4.9009778711069645,0.0,1.0,0.0,0.0,0.0,model4,15.0,False,2028.0
676,2015-03-27T17:00:00Z,32.0,166.32023427732187,451.0747420329415,97.01043972040036,39.92303475334399,15.719301781293824,52.97062722905674,11.494723152321685,4.657804641652162,0.0,1.0,0.0,0.0,0.0,model4,15.0,False,2031.0
677,2015-03-27T20:00:00Z,32.0,166.84520377883675,449.7547514408808,97.75002436265987,40.813245029778564,16.7518973045645,53.04073194933311,12.615343578641493,4.273414776050105,0.0,1.0,0.0,0.0,0.0,model4,15.0,False,2034.0
678,2015-03-27T23:00:00Z,32.0,165.88829624729004,448.9868665373063,98.67523236194496,40.68005832895956,16.452196236008948,52.73295531046796,12.300885020930526,4.265528450629256,0.0,1.0,0.0,0.0,0.0,model4,15.0,False,2037.0
679,2015-03-28T02:00:00Z,32.0,169.11871194032346,446.3169235703372,96.32170325497887,41.38369020785171,17.2087734983792,52.72396246605093,12.392518861408133,4.028429815848122,0.0,0.0,0.0,0.0,0.0,model4,15.0,False,2040.0
680,2015-03-28T05:00:00Z,32.0,169.35667376811986,439.2576885552788,97.12236279470586,41.3327631519093,17.12001350697093,50.33937484521717,12.064595931462154,3.650150344135083,0.0,0.0,0.0,0.0,0.0,model4,15.0,False,2043.0
681,2015-03-28T08:00:00Z,32.0,168.73772266412269,442.34458723721724,96.64810055603056,41.10822755290986,14.922753223122768,54.10445168672246,11.718571263729027,3.800587315850642,0.0,1.0,0.0,0.0,0.0,model4,15.0,False,2046.0
682,2015-03-28T11:00:00Z,32.0,172.27719844555003,445.1071732354828,96.35390654524895,41.3980038366083,14.358546240782852,50.266835456017645,10.69020941820029,4.56979741514491,0.0,1.0,0.0,0.0,0.0,model4,15.0,False,2049.0
683,2015-03-28T14:00:00Z,32.0,171.87790065979266,449.4612628542378,97.6333657533175,42.03963616970537,14.889572777057529,48.57433001980646,10.42340556849319,4.684926612128521,0.0,1.0,0.0,0.0,0.0,model4,15.0,False,2052.0
684,2015-03-28T17:00:00Z,32.0,170.3603959448186,450.91317197381517,96.9266287003788,41.676281139101384,15.184412093094116,46.25486157879557,9.484859085480073,5.105844687718761,0.0,1.0,0.0,0.0,0.0,model4,15.0,False,2055.0
685,2015-03-28T20:00:00Z,32.0,169.7385861276837,447.0993759705025,97.49753615256745,41.00347580225029,15.027483379966116,45.04991016558709,8.547153496742482,5.162147653681359,0.0,1.0,0.0,0.0,0.0,model4,15.0,False,2058.0
686,2015-03-28T23:00:00Z,32.0,168.61729500165487,445.65590838301284,98.09454137937516,40.81201054081588,16.148952395126358,49.037298831818106,7.528052527894317,5.600595812903318,0.0,1.0,0.0,0.0,0.0,model4,15.0,False,2061.0
687,2015-03-29T02:00:00Z,32.0,167.42598337804563,439.6069572818129,99.3712265348136,40.001977182597905,14.994727151314454,50.55637126540439,6.474691557103375,5.548862188973694,0.0,1.0,0.0,0.0,0.0,model4,15.0,False,2064.0
688,2015-03-29T05:00:00Z,32.0,166.26722921056117,441.98082631207916,98.45872357598516,39.668586392301066,15.391992567167046,53.78885619227334,6.7852272998224805,5.658452464244041,0.0,1.0,0.0,0.0,0.0,model4,15.0,False,2067.0
689,2015-03-29T08:00:00Z,32.0,166.20791996038588,437.408442988865,99.44397916705402,39.65833344737143,15.195707083210626,49.480211530536735,6.70915821977402,5.489511978354504,0.0,0.0,0.0,0.0,0.0,model4,15.0,False,2070.0
690,2015-03-29T11:00:00Z,32.0,164.91133575946458,440.6109448523822,99.51966766910226,39.464428859061094,13.898016635213807,51.7213642283817,6.827072254150268,4.749654733245665,0.0,0.0,0.0,0.0,0.0,model4,15.0,False,2073.0
691,2015-03-29T14:00:00Z,32.0,163.8926058256785,441.7819368582344,98.35714757264404,39.35762107972228,14.741937226273842,50.76212023814136,8.032934557174379,3.997036114462761,0.0,0.0,0.0,0.0,0.0,model4,15.0,False,2076.0
692,2015-03-29T17:00:00Z,32.0,166.89090369410545,435.4455870513371,98.01860060473295,39.72266942057525,15.962288882279944,49.98793338594552,8.279929104377603,3.69576042023508,0.0,0.0,0.0,0.0,0.0,model4,15.0,False,2079.0
693,2015-03-29T20:00:00Z,32.0,166.20743355865662,436.0954518701932,95.90482016275676,39.902501862295495,14.894493248535321,48.2222130497295,9.249438410686595,3.742995782966668,0.0,0.0,0.0,0.0,0.0,model4,15.0,False,2082.0
694,2015-03-29T23:00:00Z,32.0,169.48428076670288,438.1364291768477,95.43030721864366,39.926286031914465,13.829307479678194,44.342172555971956,9.003453459641376,3.1605377339233773,0.0,0.0,0.0,0.0,0.0,model4,15.0,False,2085.0
695,2015-03-30T02:00:00Z,32.0,170.1981995346091,436.6117784387017,94.96755617951813,40.3922651372036,13.443870478539257,47.27387156055012,8.76794195551484,3.176487534491527,0.0,0.0,0.0,0.0,0.0,model4,15.0,False,2088.0
696,2015-03-30T05:00:00Z,32.0,173.42536069170987,445.81490856562914,97.02542976170857,40.15228061920633,14.152406386464172,51.14568485609335,11.317670081225454,3.4265712065540326,0.0,0.0,0.0,0.0,0.0,model4,15.0,False,2091.0
697,2015-03-30T08:00:00Z,32.0,174.69333046146875,437.3495233493941,96.10149243180905,40.19515737635801,14.4589176895948,56.61363023095688,11.64734795585094,3.4346764462641985,0.0,0.0,0.0,0.0,0.0,model4,15.0,False,2094.0
698,2015-03-30T11:00:00Z,32.0,175.4917350028183,434.1369978987029,96.44354494275558,40.218728509331385,14.78559967204344,56.77238609602809,12.036669201641535,3.4553578837666663,0.0,0.0,0.0,0.0,0.0,model4,15.0,False,2097.0
699,2015-03-30T14:00:00Z,32.0,179.90087651668216,429.77453702411367,97.86514007156343,39.87014734228181,11.960750477257204,63.15123536283482,11.925142650244947,4.011221696688929,0.0,0.0,0.0,0.0,0.0,model4,15.0,False,2100.0
700,2015-03-30T17:00:00Z,32.0,177.36900062738772,430.09700178660563,98.90383450119272,39.23206633153599,12.57568959948957,62.659907930585106,12.050742085397609,4.184942313209017,0.0,0.0,0.0,0.0,0.0,model4,15.0,False,2103.0
701,2015-03-30T20:00:00Z,32.0,178.0830520859709,429.1368508951468,100.41794383801927,38.774159201418726,12.365596546845618,67.27940710978223,10.538648045118336,4.276964488431586,0.0,0.0,0.0,0.0,0.0,model4,15.0,False,2106.0
702,2015-03-30T23:00:00Z,32.0,177.58857472734263,427.5501904433368,100.75081651014635,38.66294511737678,13.229958127988489,66.47800069825375,11.160794850249314,4.040078693200321,0.0,0.0,0.0,0.0,0.0,model4,15.0,False,2109.0
703,2015-03-31T02:00:00Z,32.0,176.804481280742,438.5929196794426,101.19789748201143,39.199424604982475,13.423878552166656,67.07416551520811,11.285548556017414,4.94655813277795,0.0,0.0,0.0,0.0,0.0,model4,15.0,False,2112.0
704,2015-03-31T05:00:00Z,32.0,174.38951344987362,434.8216795781506,100.58106667043137,40.01546110634125,12.483744098297732,63.09252599082925,9.464589191884679,4.758485218664245,0.0,0.0,0.0,0.0,0.0,model4,15.0,False,2115.0
705,2015-03-31T08:00:00Z,32.0,173.31637920032813,442.8915608162115,102.21963364014783,40.12842044141009,11.424914575722527,59.346993331112,8.598227070831014,4.83752089633479,0.0,0.0,0.0,0.0,0.0,model4,15.0,False,2118.0
706,2015-03-31T11:00:00Z,32.0,172.20412604392547,447.43399061051696,102.56636973364746,40.218535069955905,12.487551977943887,58.052104831216184,7.411156424307853,4.942722336806472,0.0,0.0,0.0,0.0,0.0,model4,15.0,False,2121.0
707,2015-03-31T14:00:00Z,32.0,171.64554668512054,445.9215364053334,102.6138729396133,40.793359863542975,11.87881970012476,54.003991221757296,7.0938771878758935,4.7793927733226695,0.0,0.0,0.0,0.0,0.0,model4,15.0,False,2124.0
708,2015-03-31T17:00:00Z,32.0,173.24942826667916,453.38215109787427,102.82610266961464,41.275416529168155,11.857403114109886,53.53009917675697,7.161836171052372,4.969623851995407,0.0,0.0,0.0,0.0,0.0,model4,15.0,False,2127.0
709,2015-03-31T20:00:00Z,32.0,172.34988832409516,462.01270818007447,103.42722410021229,41.23021698867714,12.672739865260253,48.24806858607385,7.824110486952528,5.1322866642002944,0.0,0.0,0.0,0.0,0.0,model4,15.0,False,2130.0
710,2015-03-31T23:00:00Z,32.0,171.83282175720157,459.9511159501088,102.68044210693087,40.43074617007357,11.894452780979126,50.09440343575826,7.920156524443978,5.88074731072764,0.0,0.0,0.0,0.0,0.0,model4,15.0,False,2133.0
711,2015-04-01T02:00:00Z,32.0,172.56640701460705,452.0861185932712,103.25952658907244,39.7563888125607,12.228796269576641,56.00958079527458,8.181932176939666,5.293469635432716,0.0,0.0,0.0,0.0,0.0,model4,15.0,False,2136.0
712,2015-04-01T05:00:00Z,32.0,172.38724756492675,447.0656342269278,103.81988625420664,39.5493139933849,15.49900012077085,54.6408019313462,8.466027168342231,5.30182134946114,0.0,0.0,0.0,0.0,0.0,model4,15.0,False,2139.0
713,2015-04-01T08:00:00Z,32.0,170.88571995939336,450.4815430986736,102.9001702045435,39.77697322263988,16.484573868300185,54.61640397949571,8.215444568636288,5.515138247552126,0.0,0.0,0.0,0.0,0.0,model4,15.0,False,2142.0
714,2015-04-01T11:00:00Z,32.0,170.68876499476116,447.321927777715,102.12756141235351,39.14574188442533,15.360174761835596,53.951813870588616,9.94459786295277,5.58955593331029,0.0,0.0,0.0,0.0,0.0,model4,15.0,False,2145.0
715,2015-04-01T14:00:00Z,32.0,168.13360800017932,456.5603482057854,101.326430636969,39.174387357057036,14.216237794925195,56.74469204164915,10.125200179575923,5.584284878809996,0.0,0.0,0.0,0.0,0.0,model4,15.0,False,2148.0
716,2015-04-01T17:00:00Z,32.0,169.14596262250478,455.33318572260833,100.76034920607391,39.09241989732368,15.36036832252424,57.04915618820946,10.93826189064518,5.126021177603512,0.0,0.0,0.0,0.0,0.0,model4,15.0,False,2151.0
717,2015-04-01T20:00:00Z,32.0,169.01751028779242,443.05594818944803,100.70546798344992,39.31724119105297,15.339233206160321,57.632642264668725,10.970431751138486,4.934607462660461,0.0,0.0,0.0,0.0,0.0,model4,15.0,False,2154.0
718,2015-04-01T23:00:00Z,32.0,169.24539854091284,447.8747357790921,101.50872938103001,39.688918540890505,15.742445357657427,56.49871538676725,11.244544499873367,4.288929957795816,0.0,0.0,0.0,0.0,0.0,model4,15.0,False,2157.0
719,2015-04-02T02:00:00Z,32.0,167.69631346616225,455.26148406083365,100.41400749840416,40.077843413666685,17.107706053569526,49.624331067732726,11.210011838224537,4.763104525171029,0.0,0.0,0.0,0.0,0.0,model4,15.0,False,2160.0
720,2015-04-02T05:00:00Z,32.0,170.7133228420835,455.7216646505781,97.76270478958077,40.143829854569226,16.621707753392275,48.27743295750656,11.57114508049104,4.718233699137821,0.0,0.0,0.0,0.0,0.0,model4,15.0,False,2163.0
721,2015-04-02T08:00:00Z,32.0,171.61132282162004,450.01921236561134,98.47129917901259,40.134069715655436,16.917152701617063,50.079479178603705,11.80602210144546,5.013536399316167,0.0,0.0,0.0,0.0,0.0,model4,15.0,False,2166.0
722,2015-04-02T11:00:00Z,32.0,171.4003348023806,443.8794439922909,99.85411751751535,40.37351136342245,17.06228893734262,49.273930302613756,10.953982760269916,5.030861164392569,0.0,0.0,0.0,0.0,0.0,model4,15.0,False,2169.0
723,2015-04-02T14:00:00Z,32.0,172.026405227152,439.0336840335778,100.50228622734468,40.04048830283588,17.271049486413528,40.14226337808093,10.749557381826847,4.82469542955314,0.0,0.0,0.0,0.0,0.0,model4,15.0,False,2172.0
724,2015-04-02T17:00:00Z,32.0,171.536091100322,437.43027260106635,100.30165914976564,39.95587738307011,16.00132034620157,38.7673664789617,9.99665789785095,4.88021579859959,0.0,0.0,0.0,0.0,0.0,model4,15.0,False,2175.0
725,2015-04-02T20:00:00Z,32.0,172.74624586528168,443.1205565252542,99.75565053853151,39.81249291378296,16.778596087535416,41.10066937038151,10.092563501333078,5.129212103709252,0.0,0.0,0.0,0.0,0.0,model4,15.0,False,2178.0
726,2015-04-02T23:00:00Z,32.0,174.44675331858863,442.5870842590802,99.82434917150309,40.023415395939296,17.71400652946511,43.572416492852966,9.565535333583496,5.034744087287018,0.0,0.0,0.0,0.0,0.0,model4,15.0,False,2181.0
727,2015-04-03T02:00:00Z,32.0,174.38531995255246,437.86056520640494,100.79161843767824,39.29981360145172,16.028804148331467,45.137900665774794,8.986398563071894,4.563353377030725,0.0,0.0,0.0,0.0,0.0,model4,15.0,False,2184.0
728,2015-04-03T05:00:00Z,32.0,169.3351208472373,437.4092547707042,102.94754206687178,38.684673364883984,17.693188326338593,43.559855808470154,7.142934228415974,4.426426467666343,0.0,0.0,0.0,0.0,0.0,model4,15.0,False,2187.0
729,2015-04-03T08:00:00Z,32.0,170.38281148743087,436.8397890190658,102.25794231556671,38.56074245162689,16.73398068326554,42.513628474805095,7.270675694584727,3.6506988594061567,0.0,0.0,0.0,0.0,0.0,model4,15.0,False,2190.0
730,2015-04-03T11:00:00Z,32.0,170.40904402978236,448.34214335703524,100.4310173690163,38.23213490312632,16.8161327231879,46.03922653561095,8.19820927119337,4.532166901322562,0.0,0.0,0.0,0.0,0.0,model4,15.0,False,2193.0
731,2015-04-03T14:00:00Z,32.0,170.74211472430116,452.53541309198476,100.1237764460713,37.94226453381224,17.211009885209858,46.028067873080225,8.789774999691259,4.5422043227267,0.0,0.0,0.0,0.0,0.0,model4,15.0,False,2196.0
732,2015-04-03T17:00:00Z,32.0,168.93087767987674,458.1427245050366,100.00641691189512,38.071518091771495,17.76994677341449,49.60438615610376,8.312301385829604,4.44156727538875,0.0,0.0,0.0,0.0,0.0,model4,15.0,False,2199.0
733,2015-04-03T20:00:00Z,32.0,167.85751766674724,456.9149503195948,100.3459778867152,38.30250827192773,16.559095365687913,49.10037949239978,9.321490746621443,4.2812500480194835,0.0,0.0,0.0,0.0,0.0,model4,15.0,False,2202.0
734,2015-04-03T23:00:00Z,32.0,166.31323818611847,459.9611973318178,101.08289928293104,39.02644166016465,15.114910282569108,47.8481199288832,9.374659533370851,4.768594742762686,0.0,0.0,0.0,0.0,0.0,model4,15.0,False,2205.0
735,2015-04-04T02:00:00Z,32.0,167.89117770270218,456.8562677078474,100.7880089491793,39.07950290143594,15.478504312753039,46.178809393079575,9.649987678144992,4.879347571932913,0.0,0.0,0.0,0.0,0.0,model4,15.0,False,2208.0
736,2015-04-04T05:00:00Z,32.0,170.94580863502662,452.78318139906196,100.43645467977328,40.03726164271088,12.411752098940358,48.24564499267522,9.826366467873859,5.361367608637278,0.0,0.0,0.0,0.0,0.0,model4,15.0,False,2211.0
737,2015-04-04T08:00:00Z,32.0,169.7893235794245,457.9206220335652,101.57384882075495,39.68952904031732,12.0043485780248,46.42999701663957,10.189280032680326,5.425876516635052,0.0,0.0,0.0,0.0,0.0,model4,15.0,False,2214.0
738,2015-04-04T11:00:00Z,32.0,169.81973260456516,454.13558034493735,102.40760474151331,39.826357172895705,11.946662258415008,46.5775830176704,9.668338934886263,4.550129811607291,0.0,0.0,0.0,0.0,0.0,model4,15.0,False,2217.0
739,2015-04-04T14:00:00Z,32.0,171.56159744413102,450.2842828106432,102.779996368223,40.50652928641885,11.981980749556437,46.78174300566832,9.6895558871483,4.643648928548985,0.0,0.0,0.0,0.0,0.0,model4,15.0,False,2220.0
740,2015-04-04T17:00:00Z,32.0,172.1480416616334,441.09447424983665,103.45741595604194,40.33750130044189,10.999694160536986,41.4379206059691,9.664555657966526,5.609928582032371,0.0,0.0,0.0,0.0,0.0,model4,15.0,False,2223.0
741,2015-04-04T20:00:00Z,32.0,173.26764105036563,442.26354699810724,102.02787063671913,40.29728766418934,11.713355482895293,36.76253780184814,9.37173150568728,5.49799622072063,0.0,0.0,0.0,0.0,0.0,model4,15.0,False,2226.0
742,2015-04-04T23:00:00Z,32.0,171.8023481045332,444.5235096593463,99.03360002874315,39.66859177144175,11.696261111944985,40.17845136871914,11.116072282009187,5.239297554608731,0.0,0.0,0.0,0.0,0.0,model4,15.0,False,2229.0
743,2015-04-05T02:00:00Z,32.0,170.08797380353482,447.3501433816204,99.74890013525786,39.69350078618163,11.909948740987875,43.8754841316922,10.965886159871967,5.016486707138219,0.0,0.0,0.0,0.0,0.0,model4,15.0,False,2232.0
744,2015-04-05T05:00:00Z,32.0,170.6865140887915,457.7613850409311,100.87300866305642,38.91297917594535,12.16335844740891,43.924412557801006,11.466509908389392,4.364717044098056,0.0,0.0,0.0,0.0,0.0,model4,15.0,False,2235.0
745,2015-04-05T08:00:00Z,32.0,170.8768687483373,466.5591440774762,100.64587802750346,39.62846653807318,12.630492922862114,56.7697508528683,11.232320586855376,4.634156542880934,0.0,0.0,0.0,1.0,0.0,model4,15.0,False,2238.0
746,2015-04-05T11:00:00Z,32.0,172.4321990728032,472.00815952356425,100.48679883576584,39.83549072113985,13.866461412571898,58.6308851929645,11.164768708557416,4.371281442118295,0.0,0.0,0.0,1.0,0.0,model4,15.0,False,2241.0
747,2015-04-05T14:00:00Z,32.0,171.67194778628098,473.05179131700606,101.7991975506468,39.2261631353259,14.164214972035749,58.22546450300723,11.38794835624191,3.967403210799511,0.0,0.0,0.0,1.0,0.0,model4,15.0,False,2244.0
748,2015-04-05T17:00:00Z,32.0,169.98097582340688,478.95120746549003,101.94680498204792,39.317348362159535,15.62430366849602,55.124816540840214,11.559456278361626,2.816196819358112,0.0,0.0,0.0,1.0,0.0,model4,15.0,False,2247.0
749,2015-04-05T20:00:00Z,32.0,169.6612690839926,482.69549400837343,102.817203193079,39.44610541617211,15.650170656355169,60.785402374420116,10.6277878541788,2.9578006485416766,0.0,0.0,0.0,1.0,0.0,model4,15.0,False,2250.0
750,2015-04-05T23:00:00Z,32.0,170.58826639442842,475.46626739954536,105.4309325701342,38.90380769884622,15.363861088884757,62.2345768512103,7.058541917889284,3.7894444624711134,0.0,0.0,0.0,1.0,0.0,model4,15.0,False,2253.0
751,2015-04-06T02:00:00Z,32.0,171.44075131828316,480.5009189972114,105.58637302067022,38.7455763329772,15.597905572291047,56.44407946822767,7.620013899098947,4.00020736089355,0.0,0.0,0.0,1.0,0.0,model4,15.0,False,2256.0
752,2015-04-06T05:00:00Z,32.0,169.50677981444954,475.3552976336023,102.94715405814306,38.94852197723154,16.371129619590185,59.0413057156585,9.67908199621719,4.0918181041849655,0.0,0.0,0.0,1.0,0.0,model4,15.0,False,2259.0
753,2015-04-06T08:00:00Z,32.0,170.37990337510453,468.8494745539992,102.78892942694976,38.37976800203853,16.161049826901937,48.47790948834066,9.640432410286914,3.7567915977672404,0.0,0.0,0.0,0.0,0.0,model4,15.0,False,2262.0
754,2015-04-06T11:00:00Z,32.0,168.0410729809185,463.13330443554946,103.80604762909249,37.907225634795395,15.219263522149177,45.13731917360589,9.000922964628662,3.882468898945824,0.0,0.0,0.0,0.0,0.0,model4,15.0,False,2265.0
755,2015-04-06T14:00:00Z,32.0,165.82157866725123,464.4264059317828,101.3570498338714,38.15596601549113,13.922331507051586,45.01184629068817,8.962984728519046,4.213362004830588,0.0,0.0,0.0,0.0,0.0,model4,15.0,False,2268.0
756,2015-04-06T17:00:00Z,32.0,168.36297129363012,463.3840732140167,100.86670210025478,37.82265106873896,13.503371893139489,45.53226553910758,8.593400838896155,4.108341373466692,0.0,0.0,0.0,0.0,0.0,model4,15.0,False,2271.0
757,2015-04-06T20:00:00Z,32.0,166.92321645476318,462.8549371163292,101.04205990708893,37.838353616757935,12.867914503778653,37.309795843331536,8.86781352635243,4.3109930021838085,0.0,0.0,0.0,0.0,0.0,model4,15.0,False,2274.0
758,2015-04-06T23:00:00Z,32.0,166.07151674312598,463.87840488641746,101.28529872478792,38.42060107998714,13.629256284538705,41.88342122748493,8.988760461493694,4.132940240399692,0.0,0.0,0.0,0.0,0.0,model4,15.0,False,2277.0
759,2015-04-07T02:00:00Z,32.0,163.68311200236704,461.4901847257474,100.54332729948908,38.830579635130015,14.281994196668416,46.756645833017615,8.397416920874116,4.3230160582787605,0.0,0.0,0.0,0.0,0.0,model4,15.0,False,2280.0
760,2015-04-07T05:00:00Z,32.0,163.7847464896152,460.91893919703193,102.73570545962806,38.658785196969134,13.379244042141988,43.5460255559073,6.803214706568098,4.310263497743327,0.0,0.0,0.0,0.0,0.0,model4,15.0,False,2283.0
761,2015-04-07T08:00:00Z,32.0,163.73186581188375,460.82572391527407,103.27556264163799,38.75683277759624,13.393569591008964,42.735156375200646,7.401459240504464,4.3983769278418405,0.0,0.0,0.0,0.0,0.0,model4,15.0,False,2286.0
762,2015-04-07T11:00:00Z,32.0,164.234016625515,460.4786897980224,104.14045586228794,38.732737503557104,13.058994138383758,43.4393917587418,7.892676256229906,4.5120455943165405,0.0,0.0,0.0,0.0,0.0,model4,15.0,False,2289.0
763,2015-04-07T14:00:00Z,32.0,166.30544613146685,458.45119374586767,104.86266837487392,38.95477028392961,14.966171326816086,42.46620108854124,7.2201980927426685,4.811805743368102,0.0,0.0,0.0,0.0,0.0,model4,15.0,False,2292.0
764,2015-04-07T17:00:00Z,32.0,166.44484442302783,462.92151944640716,104.02063964530979,39.469207248426656,15.233319713420473,43.98960090753775,7.7549440673495305,4.699489771817682,0.0,0.0,0.0,0.0,0.0,model4,15.0,False,2295.0
765,2015-04-07T20:00:00Z,32.0,164.3783462142051,464.823385884927,103.99093431216671,39.01415936222958,16.35507431277926,44.521704323242645,7.250458642336887,4.891460912296464,0.0,0.0,0.0,0.0,0.0,model4,15.0,False,2298.0
766,2015-04-07T23:00:00Z,32.0,165.29612963539853,463.02211203986707,102.09693445165114,39.05046670059817,15.822712699467758,41.56506439907211,9.830302099230305,4.732804168153542,0.0,0.0,0.0,0.0,0.0,model4,15.0,False,2301.0
767,2015-04-08T02:00:00Z,32.0,169.3702753420053,468.13855999736603,102.7725667433965,39.10188066617364,15.42933269486361,38.545230816603706,9.904249293376637,4.587864418384092,0.0,0.0,0.0,0.0,0.0,model4,15.0,False,2304.0
768,2015-04-08T05:00:00Z,32.0,172.30691619189685,475.3860389708787,100.62744179670736,39.612163771106026,16.791113369683462,40.408797981405385,10.374949836033752,4.973607168345125,0.0,0.0,0.0,0.0,0.0,model4,15.0,False,2307.0
769,2015-04-08T08:00:00Z,32.0,172.71816821259603,471.95489978614165,98.85182269284935,40.945541007839104,16.766723008245034,40.652309092123495,10.218790272037497,6.214931262665298,0.0,0.0,0.0,0.0,0.0,model4,15.0,False,2310.0
770,2015-04-08T11:00:00Z,32.0,173.71796278025292,466.86469761675767,97.20349096426395,42.70651749065062,16.526964327099332,42.2182304991542,9.0483700548,6.315952313449057,0.0,0.0,0.0,0.0,0.0,model4,15.0,False,2313.0
771,2015-04-08T14:00:00Z,32.0,172.08248035472366,470.3220216681535,97.96732450029829,44.30863300324234,17.516979496463765,41.54847651406892,9.319705836015107,7.768260515033754,0.0,0.0,0.0,0.0,0.0,model4,15.0,False,2316.0
772,2015-04-08T17:00:00Z,32.0,172.140367851877,462.76738015215415,99.22932184256494,45.391382043199776,16.87650639904917,44.45012811150988,9.848706082754756,7.979703566960744,0.0,0.0,0.0,0.0,0.0,model4,15.0,False,2319.0
773,2015-04-08T20:00:00Z,32.0,176.07527748062103,454.2587165811075,99.44111619826708,47.08965337755006,14.090878533381696,47.65766558552229,10.289107163256563,6.927026232502643,0.0,0.0,0.0,0.0,0.0,model4,15.0,False,2322.0
774,2015-04-08T23:00:00Z,32.0,176.54999851085182,455.5992303602088,100.0602012938922,48.373229941636076,14.868048511584986,45.87476992353306,11.641455674021447,6.330390878643818,0.0,0.0,0.0,0.0,0.0,model4,15.0,False,2325.0
775,2015-04-09T02:00:00Z,32.0,176.07418182354522,442.39084751750687,100.30919545248469,49.9214073222349,14.582517992644474,46.66297965335189,11.926823148558125,5.6195371353097165,0.0,0.0,0.0,0.0,0.0,model4,15.0,False,2328.0
776,2015-04-09T05:00:00Z,32.0,172.85299259637597,439.7283166702871,102.15989309403864,51.08782916601693,14.894406247334974,43.362905087136944,11.162571610062272,4.878583000823044,0.0,0.0,0.0,0.0,0.0,model4,15.0,False,2331.0
777,2015-04-09T08:00:00Z,32.0,171.58107117639582,436.67399592128936,103.31548184092756,51.60824411913501,15.72852681412623,43.04511433099793,10.641615739724669,5.068558937547074,0.0,0.0,0.0,0.0,1.0,model4,15.0,True,2334.0
778,2015-04-09T11:00:00Z,32.0,173.03106107037826,448.9742995126077,103.61044938177635,51.756676858363676,16.755943826811198,51.275331168577004,10.658699121799485,5.063509576392432,0.0,0.0,0.0,0.0,1.0,model4,15.0,True,2337.0
779,2015-04-09T14:00:00Z,32.0,172.56817940647102,442.33977611178256,104.07985675825044,51.41079312985809,15.406696686706267,52.87863295881535,11.176010564032282,4.700988450190499,0.0,0.0,0.0,0.0,1.0,model4,15.0,True,2340.0
780,2015-04-09T17:00:00Z,32.0,169.72583119774478,440.7152775964379,103.9854811848126,51.29810830779683,16.249317854111972,50.94406659987076,11.163015039513557,4.740525088262022,0.0,0.0,0.0,0.0,1.0,model4,15.0,True,2343.0
781,2015-04-09T20:00:00Z,32.0,167.35234175671067,446.3093810402488,102.42020418860812,51.60406911471325,16.331610424732133,49.136612408042915,12.190376077164832,4.583049417341812,0.0,0.0,0.0,0.0,1.0,model4,15.0,True,2346.0
782,2015-04-09T23:00:00Z,32.0,167.7884779158847,445.6871635536164,102.37540827061932,51.0096205110448,16.430917061939972,48.6757251188936,9.281073735055783,5.000598105475634,0.0,0.0,0.0,0.0,1.0,model4,15.0,True,2349.0
783,2015-04-10T02:00:00Z,32.0,167.15297419262419,448.62786734384247,101.25132585678196,50.22828289524213,16.775353969338127,47.169001587642796,9.17452362277284,5.227262447104083,0.0,0.0,0.0,0.0,1.0,model4,15.0,True,2352.0
784,2015-04-10T05:00:00Z,32.0,168.83692280448142,446.53023502402567,100.92941334210505,49.783484196813355,15.885077310778787,47.72397256096517,10.193326673446874,5.008491831756757,0.0,0.0,0.0,0.0,1.0,model4,15.0,True,2355.0
785,2015-04-10T08:00:00Z,32.0,170.27835667445882,449.174429512198,99.96860428415393,48.384566132172715,15.656787191153612,47.46863557326313,10.283400998970837,5.469336595432897,0.0,0.0,0.0,0.0,0.0,model4,15.0,False,2358.0
786,2015-04-10T11:00:00Z,32.0,168.97855150618213,435.8408978894832,99.66689981203129,46.615844302131045,14.987004343292305,37.719406309128104,10.3154407106656,6.784921394205825,0.0,0.0,0.0,0.0,0.0,model4,15.0,False,2361.0
787,2015-04-10T14:00:00Z,32.0,170.38964413455304,441.96485221751055,98.24607203271515,45.194315041899955,14.247474310891867,36.479406645754096,9.181738853312028,6.765613555657895,0.0,0.0,0.0,0.0,0.0,model4,15.0,False,2364.0
788,2015-04-10T17:00:00Z,32.0,173.15868332510524,444.0800961119443,96.7984512091473,44.582257450131664,13.992028623833663,39.7564300000622,8.868823804983704,6.577263199719317,0.0,0.0,0.0,0.0,0.0,model4,15.0,False,2367.0
789,2015-04-10T20:00:00Z,32.0,174.25081092388282,441.65924746994216,99.00674677866894,43.670515382626284,14.618967079711386,37.0590931855246,9.129630013283618,5.9940094246112805,0.0,0.0,0.0,0.0,0.0,model4,15.0,False,2370.0
790,2015-04-10T23:00:00Z,32.0,172.67339912778846,442.4749094729088,99.69956249039272,43.189294374516706,14.523312139787546,39.92448115964365,9.106975318515904,5.9690834727051385,0.0,0.0,0.0,0.0,0.0,model4,15.0,False,2373.0
791,2015-04-11T02:00:00Z,32.0,171.6029039414438,455.20971353791276,100.32596857296416,41.870785747853155,14.974585414362776,45.50240125126418,9.357998090420773,6.074102610571033,0.0,0.0,0.0,0.0,0.0,model4,15.0,False,2376.0
792,2015-04-11T05:00:00Z,32.0,171.56324498292582,451.3276169702369,100.23614975391972,41.07747682115416,15.34262578906481,44.37327625249319,7.991318346615943,5.425959327608376,0.0,0.0,0.0,0.0,0.0,model4,15.0,False,2379.0
793,2015-04-11T08:00:00Z,32.0,169.88861645138354,445.7685109416439,101.11899867675592,40.656904670828794,15.114578523042375,47.96976628750595,7.568597287863474,4.7364408869081585,0.0,0.0,0.0,0.0,0.0,model4,15.0,False,2382.0
794,2015-04-11T11:00:00Z,32.0,169.00921328576837,446.2069625780944,100.2109564953027,40.77899284792096,14.330262148185387,49.197161804520206,8.63070021712084,4.498655720276992,0.0,0.0,0.0,0.0,0.0,model4,15.0,False,2385.0
795,2015-04-11T14:00:00Z,32.0,168.93965345927984,441.7133487630651,101.35375239504916,40.790917333389004,14.694597080690405,51.212536756879864,9.09563566566261,3.714820701678257,0.0,0.0,0.0,0.0,0.0,model4,15.0,False,2388.0
796,2015-04-11T17:00:00Z,32.0,169.17643124158096,441.2500049462153,102.240774944404,40.7157423304483,14.627120041223485,48.711561180590365,8.585238194365374,3.4093044861484367,0.0,0.0,0.0,0.0,0.0,model4,15.0,False,2391.0
797,2015-04-11T20:00:00Z,32.0,171.00265967890718,445.21297860424767,101.82884714684971,39.872936232202285,12.972679619658196,50.443666319082034,8.107432127400013,3.428470244107123,0.0,0.0,0.0,0.0,0.0,model4,15.0,False,2394.0
798,2015-04-11T23:00:00Z,32.0,170.32522395971463,443.8073924674881,99.91442447417316,40.51161965659593,13.721813854567998,48.583764288893995,10.038482328830419,4.393730362231836,0.0,0.0,0.0,0.0,0.0,model4,15.0,False,2397.0
799,2015-04-12T02:00:00Z,32.0,169.84698851718312,434.7347062406445,99.7876584726951,41.13875152362803,13.043267595050118,42.623262226019136,9.937907666978703,4.36286185361229,0.0,0.0,0.0,0.0,0.0,model4,15.0,False,2400.0
800,2015-04-12T05:00:00Z,32.0,170.2099531275206,438.1490940957267,98.48230776986249,41.4438916373717,12.805527991100373,44.4147421699254,10.218270661156554,4.580864652515164,0.0,0.0,0.0,0.0,0.0,model4,15.0,False,2403.0
801,2015-04-12T08:00:00Z,32.0,170.87391726979425,446.97349526115164,97.55265849414025,40.925180857966325,12.502641590592273,45.0909665879405,10.350816308811783,4.838962220566992,0.0,0.0,0.0,0.0,0.0,model4,15.0,False,2406.0
802,2015-04-12T11:00:00Z,32.0,169.53324139689062,453.4776427445813,98.5368204608789,41.95506788596636,14.94990195458874,44.47783731096449,9.904025154943351,5.536352863704646,0.0,0.0,0.0,0.0,0.0,model4,15.0,False,2409.0
803,2015-04-12T14:00:00Z,32.0,168.07081334484081,453.34646137515625,97.71138782583964,42.30776922744524,15.034330548754903,45.70258088970501,10.360061948826454,5.505423285468726,0.0,0.0,0.0,0.0,0.0,model4,15.0,False,2412.0
804,2015-04-12T17:00:00Z,32.0,167.26119598303566,452.5060189123462,96.97821391737601,41.983381343592704,14.080641409826832,45.2486340352387,11.062592349621553,6.269092584493213,0.0,0.0,0.0,0.0,0.0,model4,15.0,False,2415.0
805,2015-04-12T20:00:00Z,32.0,165.6150728447688,453.5951682589077,96.69127491968231,42.17158225457276,12.917400833278904,45.355836627415066,10.879238838660989,6.161964986972201,0.0,0.0,0.0,0.0,0.0,model4,15.0,False,2418.0
806,2015-04-12T23:00:00Z,32.0,167.01632269135487,456.640332089325,96.98711663242676,41.19768202321113,13.2803450231981,44.72860067527566,11.813199187787294,6.141376960271231,0.0,0.0,0.0,0.0,0.0,model4,15.0,False,2421.0
807,2015-04-13T02:00:00Z,32.0,168.62634472472627,460.28656912166997,97.76304210008585,40.91741090977086,13.026962443808406,49.123624517383185,12.86181035084572,5.973007294599848,0.0,0.0,0.0,0.0,0.0,model4,15.0,False,2424.0
808,2015-04-13T05:00:00Z,32.0,168.27941671906353,458.7179123055178,99.44510567233593,40.354290681175826,12.822923575707145,50.734276838841545,13.2036243092067,5.771301327413182,0.0,0.0,0.0,0.0,0.0,model4,15.0,False,2427.0
809,2015-04-13T08:00:00Z,32.0,169.4044479870056,457.89812503807997,100.19110955274992,40.9135227637826,14.096650302919324,48.47743165116074,13.159497790758936,5.59920948417217,0.0,0.0,0.0,0.0,0.0,model4,15.0,False,2430.0
810,2015-04-13T11:00:00Z,32.0,172.33167352797142,456.603082284496,100.49455564653542,40.83838170073586,11.748470974218655,46.05038215025542,13.253677774781337,4.796081077270863,0.0,0.0,0.0,0.0,0.0,model4,15.0,False,2433.0
811,2015-04-13T14:00:00Z,32.0,172.86563086866937,448.0019654508098,100.264718445046,40.366493203449224,11.272645528485858,51.82087771324588,13.703506642662306,5.026613800929726,0.0,0.0,0.0,0.0,0.0,model4,15.0,False,2436.0
812,2015-04-13T17:00:00Z,32.0,172.13158502952496,443.35105703185724,100.13516297817749,40.01652933620925,12.482240584928519,57.032982580961296,13.050427968153102,4.266152563916103,0.0,0.0,0.0,0.0,0.0,model4,15.0,False,2439.0
813,2015-04-13T20:00:00Z,32.0,171.76432820682209,434.7380410781905,99.23357945792841,40.28055158519026,12.7037021422867,56.90393525398011,13.042980510699566,4.357033503818631,0.0,0.0,0.0,0.0,0.0,model4,15.0,False,2442.0
814,2015-04-13T23:00:00Z,32.0,171.4091684496369,417.8487856374061,101.10110269492293,40.463592029852265,12.167041833680004,71.57833752347605,10.871533027598963,4.018827805782788,0.0,0.0,0.0,0.0,0.0,model4,15.0,False,2445.0
815,2015-04-14T02:00:00Z,32.0,170.64542924435563,403.4453203289284,100.30878851998438,41.26666377858656,12.387360193513171,65.60392772853106,10.22249077050212,4.456580658324178,0.0,0.0,0.0,0.0,0.0,model4,15.0,False,2448.0
816,2015-04-14T05:00:00Z,32.0,170.87530356252995,391.488188883068,99.37452517648286,41.16788215846936,12.742194530356775,62.37768490812953,9.602580599204288,4.809921900315113,0.0,0.0,0.0,0.0,0.0,model4,15.0,False,2451.0
817,2015-04-14T08:00:00Z,32.0,168.81238521456845,376.95926221776,98.70188542721122,40.92422010955824,12.206874826647606,55.049923937171535,9.160212415115478,4.770491115642293,0.0,0.0,0.0,0.0,0.0,model4,15.0,False,2454.0
818,2015-04-14T11:00:00Z,32.0,167.80748676383817,363.8363009707928,97.95165987803352,40.58267577473464,12.806337824373285,47.407519399919956,9.703514763138203,4.433993391127579,0.0,0.0,0.0,0.0,0.0,model4,15.0,False,2457.0
819,2015-04-14T14:00:00Z,32.0,167.6158842843069,368.2214438733121,98.63889056519487,41.08601125994827,14.560787431517793,49.06419624659566,9.602293281723512,4.519142811269611,0.0,0.0,0.0,0.0,0.0,model4,15.0,False,2460.0
820,2015-04-14T17:00:00Z,32.0,168.07007023482407,368.0582672317624,98.63436436562617,41.5170675485946,13.459368898184565,47.48533689211778,9.70899009835158,4.2139157416516015,0.0,0.0,0.0,0.0,0.0,model4,15.0,False,2463.0
821,2015-04-14T20:00:00Z,32.0,167.81221830676682,360.21526725641337,100.10697018827022,41.77315641340353,14.245529875128836,43.68497158037334,9.866875074775919,4.29706466224989,0.0,0.0,0.0,0.0,0.0,model4,15.0,False,2466.0
822,2015-04-14T23:00:00Z,32.0,166.80220337284942,365.73052626590857,99.74316422967905,41.30226827259624,14.948826121465553,41.279739889306,9.860052467731336,4.501100785292825,0.0,0.0,0.0,0.0,0.0,model4,15.0,False,2469.0
823,2015-04-15T02:00:00Z,32.0,167.11984734621245,369.1114304029289,99.93044724158706,41.00953907279325,15.238106534657447,41.79578493036467,10.638995700892536,4.435232687537495,0.0,0.0,0.0,0.0,0.0,model4,15.0,False,2472.0
824,2015-04-15T05:00:00Z,32.0,166.3975709328816,365.1844813124681,100.2203039377203,41.763730954268986,15.049069804181507,47.503292110862105,10.83527521425366,4.251380299004811,0.0,0.0,0.0,0.0,0.0,model4,15.0,False,2475.0
825,2015-04-15T08:00:00Z,32.0,166.09197362582125,366.39140589446123,100.35667800698955,41.99449310437457,15.006699531674194,48.399325605056106,10.791423287098516,4.447957564170856,0.0,0.0,0.0,0.0,0.0,model4,15.0,False,2478.0
826,2015-04-15T11:00:00Z,32.0,164.64805405573512,365.9528361094808,99.91913028682043,40.71483560136972,13.953626501984534,45.5244584804209,10.279459471680095,5.62872338480836,0.0,0.0,0.0,0.0,0.0,model4,15.0,False,2481.0
827,2015-04-15T14:00:00Z,32.0,165.90322711917912,373.77398426701103,98.87662895566628,39.9301175186142,12.397149851487644,60.64279381760499,8.804325628682555,5.352370149407551,0.0,0.0,0.0,0.0,0.0,model4,15.0,False,2484.0
828,2015-04-15T17:00:00Z,32.0,165.39387635724955,381.6217215320838,99.25472091537779,39.227027777414186,12.411232814096985,66.49967175400545,9.949029637960141,5.655681451468526,0.0,0.0,0.0,0.0,0.0,model4,15.0,False,2487.0
829,2015-04-15T20:00:00Z,32.0,166.76719693410377,401.7593469751336,98.43955108096952,39.29821934955893,11.753053616442205,78.87606822940919,10.506064870351516,5.962552791662498,0.0,0.0,0.0,0.0,0.0,model4,15.0,False,2490.0
830,2015-04-15T23:00:00Z,32.0,168.16545375949562,412.4214493929308,98.31083225340548,39.76656104411135,10.057395114416547,76.1063773366626,11.327635594750292,5.93329378582781,0.0,0.0,0.0,0.0,0.0,model4,15.0,False,2493.0
831,2015-04-16T02:00:00Z,32.0,169.09803866968,416.15143289798414,98.00716380073614,39.75867385742811,10.467997192825203,75.37350241193927,9.751379078016782,6.055519751701354,0.0,0.0,0.0,0.0,0.0,model4,15.0,False,2496.0
832,2015-04-16T05:00:00Z,32.0,172.875191598845,440.44500804924405,98.45321747367004,39.06561418734853,14.233125505609742,69.9405973819579,9.785580398684317,5.686962371341036,0.0,0.0,0.0,0.0,0.0,model4,15.0,False,2499.0
833,2015-04-16T08:00:00Z,32.0,175.8133169557754,451.22689306745696,98.34960214093194,38.910019998194905,13.76755447733018,63.60258535972018,10.356451263166724,5.416143589596925,0.0,0.0,0.0,0.0,0.0,model4,15.0,False,2502.0
834,2015-04-16T11:00:00Z,32.0,178.2437648995659,462.3144782761104,99.88629610752622,39.864540102253116,12.014943418691438,53.71513256532892,10.149169258415093,5.060198632286721,0.0,0.0,0.0,0.0,0.0,model4,15.0,False,2505.0
835,2015-04-16T14:00:00Z,32.0,175.48660389068925,451.04765555614637,99.42379520337006,39.611537685041725,16.24579328000965,56.62562670204776,10.574710225611064,6.384880030439723,0.0,0.0,0.0,0.0,0.0,model4,15.0,False,2508.0
836,2015-04-16T17:00:00Z,32.0,176.3758089932425,458.38908685658805,99.63850863629575,40.51204615838047,15.984281224095627,62.61823601648657,9.627058555974774,6.1276415867002845,0.0,0.0,0.0,0.0,0.0,model4,15.0,False,2511.0
837,2015-04-16T20:00:00Z,32.0,175.25486573995553,455.6514208544385,98.91140020070348,40.63044645505426,16.62245276907897,57.909006057584456,8.969053131559736,5.728361285695084,0.0,0.0,0.0,0.0,0.0,model4,15.0,False,2514.0
838,2015-04-16T23:00:00Z,32.0,174.755452110019,449.19962588709535,97.77314558536881,41.19820644210385,17.121049098347232,62.49426864603773,8.237709263472135,5.900439391051822,0.0,0.0,0.0,0.0,0.0,model4,15.0,False,2517.0
839,2015-04-17T02:00:00Z,32.0,172.52046461071708,450.00465021135653,96.80883590436949,41.136538674124864,18.560129763958066,63.82276666780682,8.229889744871862,5.572917931632266,0.0,0.0,0.0,0.0,0.0,model4,15.0,False,2520.0
840,2015-04-17T05:00:00Z,32.0,170.60937093315138,434.6821694521668,95.41739025587795,40.93424391422825,16.602676856761004,61.80492815552285,7.908099645149468,5.649711088980433,0.0,0.0,0.0,0.0,0.0,model4,15.0,False,2523.0
841,2015-04-17T08:00:00Z,32.0,169.74239397828615,429.5465535194371,95.47006290276336,40.94209690854963,16.159563686157632,63.09738740180954,7.042622104924412,5.651023550080737,0.0,0.0,0.0,0.0,0.0,model4,15.0,False,2526.0
842,2015-04-17T11:00:00Z,32.0,170.15788401260428,432.2383650882292,95.77543262357857,41.09147018561592,16.459119135134678,63.89241223633774,7.6230697712537765,5.418882805371905,0.0,0.0,0.0,0.0,0.0,model4,15.0,False,2529.0
843,2015-04-17T14:00:00Z,32.0,171.528872113803,448.0295108860205,96.59036914922207,40.74254785580705,14.091055082732494,63.07649587801896,7.427509956774719,4.48763149383121,0.0,0.0,0.0,0.0,0.0,model4,15.0,False,2532.0
844,2015-04-17T17:00:00Z,32.0,170.7872290352636,438.99360754617317,95.75339153458424,40.04567455900354,13.840960763097955,54.83421131123293,7.447428133758208,5.4760889480724035,0.0,0.0,0.0,0.0,0.0,model4,15.0,False,2535.0
845,2015-04-17T20:00:00Z,32.0,170.24839574237643,433.0904927518429,95.05276601314094,39.54345686292695,14.021149263015795,52.225872504092074,7.633534643597603,5.326229530829852,0.0,0.0,0.0,0.0,0.0,model4,15.0,False,2538.0
846,2015-04-17T23:00:00Z,32.0,170.85329080197286,441.61311302855387,96.71160425355556,38.56937983630214,14.227572812827466,48.36752210855314,8.698712858467777,4.850700240482409,0.0,0.0,0.0,0.0,0.0,model4,15.0,False,2541.0
847,2015-04-18T02:00:00Z,32.0,172.07075171224358,445.2217867811565,98.0906698504713,38.87191698450036,13.601987050206064,43.41445356729678,9.12615205481707,5.116003233071007,0.0,0.0,0.0,0.0,0.0,model4,15.0,False,2544.0
848,2015-04-18T05:00:00Z,32.0,169.79443860456615,450.9496871739251,97.58141390386393,38.73345064781173,12.392600548440967,39.45505797102739,10.087968923779053,5.107968010555932,0.0,0.0,0.0,0.0,0.0,model4,15.0,False,2547.0
849,2015-04-18T08:00:00Z,32.0,167.68474276878453,455.3232445268962,96.87471912713444,39.11980417527123,11.984495646860369,33.14708867291929,12.018140619912089,5.358683236079478,0.0,0.0,0.0,0.0,0.0,model4,15.0,False,2550.0
850,2015-04-18T11:00:00Z,32.0,164.4041396299987,457.3538630168482,96.808667217278,38.583930383794815,11.663196799162517,31.36025624409401,11.977854725931651,5.309548132848237,0.0,0.0,0.0,0.0,0.0,model4,15.0,False,2553.0
851,2015-04-18T14:00:00Z,32.0,165.4737988538017,448.006348414093,96.48681425383836,40.01959201062548,12.28620162701359,32.25604484639062,11.99108600584849,5.0895818546214535,0.0,0.0,0.0,0.0,0.0,model4,15.0,False,2556.0
852,2015-04-18T17:00:00Z,32.0,163.20654229670072,448.3450052046109,97.41127086462878,40.17974199191898,13.519860298625545,31.957156652727427,11.747955848307205,4.005666170378787,0.0,0.0,0.0,0.0,0.0,model4,15.0,False,2559.0
853,2015-04-18T20:00:00Z,32.0,163.32345627676744,452.34191018586,99.23728239364719,39.74591806769917,13.978261737804635,35.271285124705145,11.760016318197607,4.078297007588944,0.0,0.0,0.0,0.0,0.0,model4,15.0,False,2562.0
854,2015-04-18T23:00:00Z,32.0,162.17067211294813,450.44703465162047,99.44806571912943,40.209818395756606,13.713897068092164,35.07224234208656,11.281719508082368,4.638351320724625,0.0,0.0,0.0,0.0,0.0,model4,15.0,False,2565.0
855,2015-04-19T02:00:00Z,32.0,163.7699380772894,449.2497062117378,99.02953506187944,40.05157424673671,15.093439369870815,36.634943299004966,12.278733550630738,4.648729579572021,0.0,0.0,0.0,0.0,0.0,model4,15.0,False,2568.0
856,2015-04-19T05:00:00Z,32.0,164.88169148329217,454.01945305134,99.5029311253634,39.90691411638214,15.363021385150905,36.99283694534222,12.93240028701909,5.1075001618213465,0.0,0.0,0.0,0.0,0.0,model4,15.0,False,2571.0
857,2015-04-19T08:00:00Z,32.0,167.10463552103917,450.8091679208064,101.67271683324678,39.45856857243563,15.727760873754953,40.177490866786435,11.622091990489547,5.010943644746043,0.0,0.0,0.0,0.0,0.0,model4,15.0,False,2574.0
858,2015-04-19T11:00:00Z,32.0,168.7425029643465,445.15049367741165,100.69486810636784,40.18798865585987,15.603474493088813,40.9160011604969,12.19140435552527,5.202537206881718,0.0,0.0,0.0,0.0,0.0,model4,15.0,False,2577.0
859,2015-04-19T14:00:00Z,32.0,169.32965197243013,446.0491712701456,101.40965468775158,40.041554894038406,15.252154030780735,39.746399341263796,12.118244447732415,5.22085183048681,0.0,0.0,0.0,0.0,0.0,model4,15.0,False,2580.0
860,2015-04-19T17:00:00Z,32.0,171.6464051077804,445.74050816067427,101.63573861838208,39.87834519909968,15.175158945441098,41.3745771456304,12.327394654886108,5.9305987230640484,0.0,0.0,0.0,0.0,0.0,model4,15.0,False,2583.0
861,2015-04-19T20:00:00Z,32.0,171.56532050337267,445.8390288518389,100.43411928578571,39.919135903371505,15.063248270166572,38.79280016064123,12.388018284298827,5.90690703355822,0.0,0.0,0.0,0.0,0.0,model4,15.0,False,2586.0
862,2015-04-19T23:00:00Z,32.0,172.441409996642,440.7961335321816,100.1493961581138,40.244722070439956,14.797756364260009,45.32261271667611,12.978681833370686,5.450945325124471,0.0,0.0,0.0,0.0,0.0,model4,15.0,False,2589.0
863,2015-04-20T02:00:00Z,32.0,170.78234638222298,442.798361969843,99.95826686684241,38.9831184894567,14.414253923758574,49.58518207896433,11.773906891851327,5.612265678285338,0.0,0.0,0.0,0.0,0.0,model4,15.0,False,2592.0
864,2015-04-20T05:00:00Z,32.0,169.3638904188571,438.48942197614036,100.8035573932419,39.134332535530355,14.591613433071446,49.8048704061169,9.802333993712118,5.489356760937627,0.0,0.0,0.0,0.0,0.0,model4,15.0,False,2595.0
865,2015-04-20T08:00:00Z,32.0,168.76231372879954,448.39986497472887,98.17453655642704,38.80185663851079,16.147858356780286,52.959947758695094,10.192551750287313,5.489434013624126,0.0,0.0,0.0,0.0,0.0,model4,15.0,False,2598.0
866,2015-04-20T11:00:00Z,32.0,170.3582291470338,455.4350371992344,99.13112224256449,38.95064166953149,15.905329626748939,57.7202628618686,10.079163217964883,5.557489062639479,0.0,0.0,0.0,0.0,0.0,model4,15.0,False,2601.0
867,2015-04-20T14:00:00Z,32.0,170.43954142253378,454.4204040402553,99.54083884156816,38.579035664934686,15.885812022190757,59.62740069440919,9.820492581582537,5.293105118430117,0.0,0.0,0.0,0.0,0.0,model4,15.0,False,2604.0
868,2015-04-20T17:00:00Z,32.0,170.3942233340797,457.3986229947636,99.06145201505407,38.50660517491426,14.540371314071624,58.46928053546161,10.099996045754603,4.765615668186248,0.0,0.0,0.0,0.0,0.0,model4,15.0,False,2607.0
869,2015-04-20T20:00:00Z,32.0,171.01838206881212,455.73158186044884,99.47064695081775,39.091956521339135,15.246374777482664,60.76521457949657,10.664144679637372,4.893376055888547,0.0,0.0,0.0,0.0,0.0,model4,15.0,False,2610.0
870,2015-04-20T23:00:00Z,32.0,170.4433268569725,457.3993974207949,98.70272703900037,38.617603194753755,14.832884255009072,56.37843666319443,10.080066170901574,4.812001497358224,0.0,0.0,0.0,0.0,0.0,model4,15.0,False,2613.0
871,2015-04-21T02:00:00Z,32.0,169.940206070634,450.4064120816506,99.16325084523706,39.126157695390354,13.64085939786708,56.60853095237685,10.523268268292409,4.370712025613867,0.0,0.0,0.0,0.0,0.0,model4,15.0,False,2616.0
872,2015-04-21T05:00:00Z,32.0,171.4051912798513,448.7541793719976,98.64750269830046,39.78879292952758,14.702672375817945,58.84772108351326,10.576352375332734,4.1330543872007635,0.0,0.0,0.0,0.0,0.0,model4,15.0,False,2619.0
873,2015-04-21T08:00:00Z,32.0,171.57614456374947,441.5480035869625,100.31568915141636,39.931443176538075,13.039144576505134,55.1065368159889,9.787681423659775,4.370411868926531,0.0,0.0,0.0,0.0,0.0,model4,15.0,False,2622.0
874,2015-04-21T11:00:00Z,32.0,170.46203057422838,439.21385835918886,99.44162545904499,39.70121756701607,14.074767879634015,50.092811656238354,10.50371295782498,3.960634722858401,0.0,0.0,0.0,0.0,0.0,model4,15.0,False,2625.0
875,2015-04-21T14:00:00Z,32.0,169.783670186452,432.795558357385,98.23014229151389,39.814219921712585,14.109993024134495,53.33156317640633,10.651109181976514,3.9823303082298738,0.0,0.0,0.0,0.0,0.0,model4,15.0,False,2628.0
876,2015-04-21T17:00:00Z,32.0,170.75407407008967,431.6168669534871,98.342854958666,40.46309739597015,14.590197217660851,53.14035850530591,10.122638732455574,3.7530597156818772,0.0,0.0,0.0,0.0,0.0,model4,15.0,False,2631.0
877,2015-04-21T20:00:00Z,32.0,170.63459635334004,428.38049280108686,100.17086807902623,40.39337665561842,14.632631145367007,50.44584978231264,9.963077413256514,3.6684325419137314,0.0,0.0,0.0,0.0,0.0,model4,15.0,False,2634.0
878,2015-04-21T23:00:00Z,32.0,170.35760709234518,429.9481192002124,100.3730624376293,40.52843905937983,14.749644934331435,49.6206669799329,10.133817681534747,3.438083023856853,0.0,0.0,0.0,0.0,0.0,model4,15.0,False,2637.0
879,2015-04-22T02:00:00Z,32.0,173.17796792421672,433.48031580601537,99.21716412913167,40.97312043575502,16.757429030691036,53.468646475280714,10.124505209629335,3.3874296758770086,0.0,0.0,0.0,0.0,0.0,model4,15.0,False,2640.0
880,2015-04-22T05:00:00Z,32.0,172.83531276577565,432.23381642142317,99.74516905726757,41.062214234767694,15.64935090214214,51.50108500177181,9.786455576122753,3.391952427444221,0.0,0.0,0.0,0.0,0.0,model4,15.0,False,2643.0
881,2015-04-22T08:00:00Z,32.0,170.7042980242309,432.96157930585593,99.43558428402359,40.916262457174135,16.471818164003544,52.03255677272789,10.0817946096874,3.243906571654447,0.0,0.0,0.0,0.0,0.0,model4,15.0,False,2646.0
882,2015-04-22T11:00:00Z,32.0,172.1756206103117,424.57934909355276,100.07982864477975,40.1318720979859,16.516043260527624,51.123272448210535,9.53138928339539,3.873972752021792,0.0,0.0,0.0,0.0,0.0,model4,15.0,False,2649.0
883,2015-04-22T14:00:00Z,32.0,171.7686689627169,433.61780661202425,99.47793148596598,39.19432432599029,17.157632886972433,45.47140913049451,10.42993363281246,4.652427993941688,0.0,0.0,0.0,0.0,0.0,model4,15.0,False,2652.0
884,2015-04-22T17:00:00Z,32.0,173.41322225020272,436.7317989910877,99.77705195325136,38.81822410023704,17.82362005144909,51.863794197433606,10.856174591612053,5.300298185843394,0.0,0.0,0.0,0.0,0.0,model4,15.0,False,2655.0
885,2015-04-22T20:00:00Z,32.0,176.04019008795623,442.2413090141098,98.59670474210509,39.09625603989758,18.609453420343094,57.28788946998772,10.279640162351932,6.0866369343077205,0.0,0.0,0.0,0.0,0.0,model4,15.0,False,2658.0
886,2015-04-22T23:00:00Z,32.0,176.35524724862591,438.2977367407077,97.83229917709049,38.430799579539936,18.483799914564905,58.40992005707922,10.126677039433012,6.500526322356683,0.0,0.0,0.0,0.0,0.0,model4,15.0,False,2661.0
887,2015-04-23T02:00:00Z,32.0,173.1890769343948,436.70982619964997,98.57417979714708,38.05862272704505,17.50894163868437,53.12981043902207,10.041786373639807,6.5074262781821,0.0,0.0,0.0,0.0,0.0,model4,15.0,False,2664.0
888,2015-04-23T05:00:00Z,32.0,173.0317502895462,438.1061957496093,98.38353950337671,37.60449953326478,17.67427659809605,53.29530493920711,10.511490746205604,6.694672073698089,0.0,0.0,0.0,0.0,0.0,model4,15.0,False,2667.0
889,2015-04-23T08:00:00Z,32.0,175.69570987191628,432.17884455632327,98.26610817751677,38.738412530568574,17.256726683235982,53.297669900752794,9.900605779879873,7.403777611819684,0.0,0.0,0.0,0.0,0.0,model4,15.0,False,2670.0
890,2015-04-23T11:00:00Z,32.0,175.7394102397306,433.44955660936694,98.02966535302255,39.66959159648413,16.557268057624366,52.032538610832475,9.152831149612755,7.264036862054909,0.0,0.0,0.0,0.0,0.0,model4,15.0,False,2673.0
891,2015-04-23T14:00:00Z,32.0,177.67377995483326,433.5234693491263,99.47962266291898,40.79793890037328,16.55183650499841,58.141795238939885,9.07578018512826,6.735004776296523,0.0,0.0,0.0,0.0,0.0,model4,15.0,False,2676.0
892,2015-04-23T17:00:00Z,32.0,174.4134729766502,431.0835146241562,98.67053789998428,41.231624882025535,16.15061417918992,52.893145905628785,9.542109372268657,6.29470113929895,0.0,0.0,0.0,0.0,0.0,model4,15.0,False,2679.0
893,2015-04-23T20:00:00Z,32.0,171.3490624258065,429.7110755002426,99.40947232547137,40.61291323983167,14.938031402680974,46.58480825804676,10.062898915245695,5.647751793628642,0.0,0.0,0.0,0.0,0.0,model4,15.0,False,2682.0
894,2015-04-23T23:00:00Z,32.0,171.7901512829154,432.090406854238,100.17979130385142,40.858161601812405,16.720923589421275,46.42400548919292,9.734300046821412,5.094909730271076,0.0,0.0,0.0,0.0,0.0,model4,15.0,False,2685.0
895,2015-04-24T02:00:00Z,32.0,172.0368954202113,436.6491474580343,101.35536434951456,41.01256875918763,16.852577428157687,46.803765583823726,10.444920550671744,4.774892385677363,0.0,0.0,0.0,0.0,0.0,model4,15.0,False,2688.0
896,2015-04-24T05:00:00Z,32.0,172.39737076921722,436.483658482843,101.57275255538453,41.024111802984756,16.57828507778692,44.418479318077466,9.876152484426854,4.134673848618432,0.0,0.0,0.0,0.0,0.0,model4,15.0,False,2691.0
897,2015-04-24T08:00:00Z,32.0,171.6954546151854,445.8624817298684,101.76389926060257,40.6310111233725,17.061590964209383,44.68251753241783,9.652386121376301,3.2945530519898054,0.0,0.0,0.0,0.0,0.0,model4,15.0,False,2694.0
898,2015-04-24T11:00:00Z,32.0,169.95853240079109,448.0644949510164,101.1138263473362,40.3128620406569,17.673311735713945,41.5960696435392,10.188669012737096,3.604306693332956,0.0,0.0,0.0,0.0,0.0,model4,15.0,False,2697.0
899,2015-04-24T14:00:00Z,32.0,167.09674567989234,450.54695099978477,101.4518322687264,39.720001788869936,16.30645402565517,33.1903424483026,9.36279297098403,3.513969068442145,0.0,0.0,0.0,0.0,0.0,model4,15.0,False,2700.0
900,2015-04-24T17:00:00Z,32.0,167.64710894528184,443.1670558629405,102.57498358697949,40.10123455256527,16.824391982423652,40.54840900293548,7.956117966003969,3.981172116664992,0.0,0.0,0.0,0.0,0.0,model4,15.0,False,2703.0
901,2015-04-24T20:00:00Z,32.0,167.40642539081145,435.1925602073332,100.79139097044876,40.26519877634521,16.066005755208987,43.59236558126575,7.637775861355093,4.047864402107091,0.0,0.0,0.0,0.0,0.0,model4,15.0,False,2706.0
902,2015-04-24T23:00:00Z,32.0,168.31841690120922,442.5590126407656,102.75369398299406,41.049084758869355,14.087334463131786,47.75094611788595,9.987510430744424,4.015703597178238,0.0,0.0,0.0,0.0,0.0,model4,15.0,False,2709.0
903,2015-04-25T02:00:00Z,32.0,167.22012031988638,441.81553615305853,101.9441891153528,40.864597741581434,15.010762611173494,55.309523531552756,9.353544036331817,4.206953590498629,0.0,0.0,0.0,0.0,0.0,model4,15.0,False,2712.0
904,2015-04-25T05:00:00Z,32.0,166.22867233098268,440.8669981588649,102.99257744590885,40.95681739063449,14.991324833485775,54.6712009670241,10.171667911378515,4.164989870282608,0.0,0.0,0.0,0.0,0.0,model4,15.0,False,2715.0
905,2015-04-25T08:00:00Z,32.0,166.53449442289747,447.9926254227356,103.9999277333972,40.57163766735193,14.472317220127596,61.497638957602454,11.633866671904494,4.419650543570072,0.0,0.0,0.0,0.0,0.0,model4,15.0,False,2718.0
906,2015-04-25T11:00:00Z,32.0,165.77722155498762,452.74444144085436,103.12518517504786,41.13166404562285,12.936249903821453,61.53515734256405,12.093942776807273,4.701841251955201,0.0,0.0,0.0,0.0,0.0,model4,15.0,False,2721.0
907,2015-04-25T14:00:00Z,32.0,168.86270470008267,450.1907611233317,103.4630198777285,41.20573244010228,15.395000822651152,61.67837120657283,12.626626043978767,4.983510733200107,0.0,0.0,0.0,0.0,0.0,model4,15.0,False,2724.0
908,2015-04-25T17:00:00Z,32.0,168.60015322147416,464.08068168931504,103.44720160720092,40.187349458614506,15.085529382125225,61.19402032178662,12.837594549066068,4.50853291056325,0.0,0.0,0.0,0.0,0.0,model4,15.0,False,2727.0
909,2015-04-25T20:00:00Z,32.0,170.21239619758023,470.0113315513595,104.59265001211591,39.79026313513215,14.76964115327518,57.13227320032198,12.486043727473161,4.673346137334313,0.0,0.0,0.0,0.0,0.0,model4,15.0,False,2730.0
910,2015-04-25T23:00:00Z,32.0,170.30896382391282,459.3873164784826,103.105876270141,38.96533832934433,15.044621528288062,59.782214502464655,11.201568318376117,4.745736934614358,0.0,0.0,0.0,0.0,0.0,model4,15.0,False,2733.0
911,2015-04-26T02:00:00Z,32.0,171.5828726764879,455.8236692773864,103.22772064606748,39.57779893527926,13.216561162448661,59.78555039063014,11.39535437568512,4.909664197403472,0.0,0.0,0.0,0.0,0.0,model4,15.0,False,2736.0
912,2015-04-26T05:00:00Z,32.0,170.8880275316439,460.646151330566,102.6781888746246,39.40113244998334,14.125627290012904,58.63372236470007,11.009931573454473,4.980467524029671,0.0,0.0,0.0,0.0,0.0,model4,15.0,False,2739.0
913,2015-04-26T08:00:00Z,32.0,170.16423429989618,449.0243289780136,102.53782024037544,39.686706745813254,12.726783417304633,53.101597034835756,9.397980791928974,4.732236555840951,0.0,0.0,0.0,0.0,0.0,model4,15.0,False,2742.0
914,2015-04-26T11:00:00Z,32.0,170.49023068019645,448.12202081179606,102.88140161681488,39.36399535744106,12.755247256929051,57.80942956878089,9.016249938267336,4.049328771328746,0.0,0.0,0.0,0.0,0.0,model4,15.0,False,2745.0
915,2015-04-26T14:00:00Z,32.0,168.69829823727,454.6330535850028,102.29109767935259,39.97106390041734,9.984809660012543,61.422401563364545,9.006252805090227,3.9861151397152437,0.0,0.0,0.0,0.0,0.0,model4,15.0,False,2748.0
916,2015-04-26T17:00:00Z,32.0,169.30687901041722,450.69107869508883,101.01740660271321,40.318854773785475,10.812490745009887,56.70883032728307,9.12401728541517,3.8284147591647257,0.0,0.0,0.0,0.0,0.0,model4,15.0,False,2751.0
917,2015-04-26T20:00:00Z,32.0,168.85951880735158,451.5491967435758,100.81945541175504,40.72396881744427,10.647062876267023,55.285721543126144,8.92408292141153,3.56918933018703,0.0,0.0,0.0,0.0,0.0,model4,15.0,False,2754.0
918,2015-04-26T23:00:00Z,32.0,167.88324422092995,459.4749689645256,99.82414659778871,41.397527097889046,9.656700007589118,53.03664425695077,8.670826796954055,3.309646841497869,0.0,0.0,0.0,0.0,0.0,model4,15.0,False,2757.0
919,2015-04-27T02:00:00Z,32.0,168.81767130579237,461.80145184159255,98.99703350153533,41.13032972679589,10.831256520264185,45.990731123583316,8.15249548404907,3.235514685856211,0.0,0.0,0.0,0.0,0.0,model4,15.0,False,2760.0
920,2015-04-27T05:00:00Z,32.0,168.95123995984667,459.08827407296303,99.28285050177205,40.98387190907728,12.384561885483699,49.39177682343033,8.406298091647052,3.297497884891761,0.0,0.0,0.0,0.0,0.0,model4,15.0,False,2763.0
921,2015-04-27T08:00:00Z,32.0,167.99482805152098,461.30033664379096,97.82178017849478,41.27712750946422,12.882889760333144,52.712081667830475,8.266565482298878,4.102808106074591,0.0,0.0,0.0,0.0,0.0,model4,15.0,False,2766.0
922,2015-04-27T11:00:00Z,32.0,168.45128989578706,453.9476192844106,98.68622822715734,40.745230340462044,13.674763571314314,53.62474104427093,7.914225646135062,4.389971173826374,0.0,0.0,0.0,0.0,0.0,model4,15.0,False,2769.0
923,2015-04-27T14:00:00Z,32.0,169.06711483259897,443.6353962536682,97.4893762828294,39.930499590695156,13.960581806205232,50.6406635189354,7.60285575096102,4.413611456820268,0.0,0.0,0.0,0.0,0.0,model4,15.0,False,2772.0
924,2015-04-27T17:00:00Z,32.0,169.3484459100531,435.76178252565023,98.42727694972906,39.91959556885743,12.929975490651932,47.76198448035976,7.421513955874933,4.7260538593873935,0.0,0.0,0.0,0.0,0.0,model4,15.0,False,2775.0
925,2015-04-27T20:00:00Z,32.0,170.20646407738906,434.9256477496875,98.71169140659384,40.03756694118753,13.621545029783606,46.587942181119395,7.806733692775648,4.684870929808947,0.0,0.0,0.0,0.0,0.0,model4,15.0,False,2778.0
926,2015-04-27T23:00:00Z,32.0,171.57744665981204,425.03582218960236,100.22105987022788,39.7854169297822,14.282608349979489,50.10220956411282,9.158848058932527,4.4470050006557456,0.0,0.0,0.0,0.0,0.0,model4,15.0,False,2781.0
927,2015-04-28T02:00:00Z,32.0,170.32730246952968,436.50542889227967,100.03583179258105,39.79915436893318,14.196094555089392,62.6615158179652,9.929055789695008,4.51000165195048,0.0,0.0,0.0,0.0,0.0,model4,15.0,False,2784.0
928,2015-04-28T05:00:00Z,32.0,170.1126208209959,436.966608133294,98.70142585304194,40.42470026198843,12.985122252301785,63.479142284853275,9.453325880013015,4.5129513891790545,0.0,0.0,0.0,0.0,0.0,model4,15.0,False,2787.0
929,2015-04-28T08:00:00Z,32.0,171.4272754242031,437.52537569673655,98.6374005363952,40.409452302254905,12.399429999290282,61.52946387683364,9.039093113304894,4.468173811816691,0.0,0.0,0.0,0.0,0.0,model4,15.0,False,2790.0
930,2015-04-28T11:00:00Z,32.0,171.7039929457366,439.0203143028935,99.6920382259371,39.730421764941475,12.441815386438366,58.42095490346205,10.380164757588007,5.409088800236003,0.0,0.0,0.0,0.0,0.0,model4,15.0,False,2793.0
931,2015-04-28T14:00:00Z,32.0,171.5228652507343,448.1560664959136,101.34661886593628,40.150536287806794,12.554345863866573,64.07729417510335,9.664124677206878,6.000466470683199,0.0,0.0,0.0,0.0,0.0,model4,15.0,False,2796.0
932,2015-04-28T17:00:00Z,32.0,172.58889625884913,453.2520643248297,101.6411967018202,40.08771683983057,13.070326337724197,67.00737982721536,10.275081679561154,5.739625920192058,0.0,0.0,0.0,0.0,0.0,model4,15.0,False,2799.0
933,2015-04-28T20:00:00Z,32.0,173.28533704309163,455.43467450433656,100.35936821292098,39.74360534190596,13.063867237368006,67.52610376163797,10.839376993340128,5.9541413152955425,0.0,0.0,0.0,0.0,0.0,model4,15.0,False,2802.0
934,2015-04-28T23:00:00Z,32.0,172.36865100938115,454.7022389289209,99.38109714237608,39.75404187466886,12.34692779818265,67.60800609892445,9.657933441615967,5.820856185226567,0.0,0.0,0.0,0.0,0.0,model4,15.0,False,2805.0
935,2015-04-29T02:00:00Z,32.0,172.2814831303754,441.84872537654525,99.88500354838001,39.73521791923115,11.932013308378078,63.0077953611419,9.093759380390187,5.855624143526225,0.0,0.0,0.0,0.0,0.0,model4,15.0,False,2808.0
936,2015-04-29T05:00:00Z,32.0,172.80412012167622,438.7041500334639,100.48286468250248,38.65643193589789,10.38018211048973,59.90862117198708,9.015743522568297,6.248944594449225,0.0,0.0,0.0,0.0,0.0,model4,15.0,False,2811.0
937,2015-04-29T08:00:00Z,32.0,170.591880952162,442.14236699808816,101.31711956791628,38.347996289757404,12.004694525483911,60.30556335354927,10.049943431878386,5.793666157299428,0.0,0.0,0.0,0.0,0.0,model4,15.0,False,2814.0
938,2015-04-29T11:00:00Z,32.0,168.57718770379904,448.09094609770233,100.8975064120018,39.304410690594466,11.642253904299984,61.124838503334104,9.064995887833843,5.36850440915359,0.0,0.0,0.0,0.0,0.0,model4,15.0,False,2817.0
939,2015-04-29T14:00:00Z,32.0,167.51989633649026,449.88906101519484,100.30169772584269,39.170761718381904,11.778388680010526,59.009395283658,8.840844800540863,4.671166845261798,0.0,0.0,0.0,0.0,0.0,model4,15.0,False,2820.0
940,2015-04-29T17:00:00Z,32.0,168.70195459282118,450.92746726137017,99.58764125217579,39.28972359569824,13.8135448164602,54.88259763140371,9.01007086965662,4.771154658252998,0.0,0.0,0.0,0.0,0.0,model4,15.0,False,2823.0
941,2015-04-29T20:00:00Z,32.0,167.91046557390922,450.2859716866858,99.79906587409629,40.0053650721316,13.087597815393766,54.33981350644982,8.412105585206946,4.721329694790438,0.0,0.0,0.0,0.0,0.0,model4,15.0,False,2826.0
942,2015-04-29T23:00:00Z,32.0,166.1849040770254,463.29988478577417,99.59588962347858,39.41817811123281,13.744237255286427,46.80744661601796,8.784718547964651,5.083548522533056,0.0,0.0,0.0,0.0,0.0,model4,15.0,False,2829.0
943,2015-04-30T02:00:00Z,32.0,167.842951452317,463.9579344406037,99.89305721839622,39.558858738943016,14.893719354173069,43.8035358055548,8.525515835497357,5.772651050202472,0.0,0.0,0.0,0.0,0.0,model4,15.0,False,2832.0
944,2015-04-30T05:00:00Z,32.0,170.25825187809863,469.32812016837465,100.32367505966572,40.386562289265896,16.21936798948879,44.26103838479787,8.473329860421421,5.186253362198696,0.0,0.0,0.0,0.0,0.0,model4,15.0,False,2835.0
945,2015-04-30T08:00:00Z,32.0,174.02094826351623,455.37740400520033,99.5275251254995,40.19449891476911,16.721937051204414,54.1633103531129,7.697091577607336,5.228459256672848,0.0,0.0,0.0,0.0,0.0,model4,15.0,False,2838.0
946,2015-04-30T11:00:00Z,32.0,176.06467406122133,449.6296770295917,98.59881529859123,40.62803983166607,16.30119891022289,57.92128074831318,7.381815046413162,5.085887041106812,0.0,0.0,0.0,0.0,0.0,model4,15.0,False,2841.0
947,2015-04-30T14:00:00Z,32.0,175.55401748340253,439.81164263663237,98.5689968904538,40.90332914339461,16.287800237865095,52.43586180845367,8.764033962283893,5.083944887321262,0.0,0.0,0.0,0.0,0.0,model4,15.0,False,2844.0
948,2015-04-30T17:00:00Z,32.0,173.18174734503913,439.14956802459676,99.10232453621693,40.558826659681785,14.819164311209152,56.99289516786732,7.948693410027787,5.2414952765656215,0.0,0.0,1.0,0.0,0.0,model4,15.0,False,2847.0
949,2015-04-30T20:00:00Z,32.0,173.63654191874443,437.7119669893235,99.19706609737938,39.36501766829366,15.481835497181027,58.862707599714525,7.7131397604509395,5.36388844226017,0.0,0.0,1.0,0.0,0.0,model4,15.0,False,2850.0
950,2015-04-30T23:00:00Z,32.0,175.44526493465838,433.3720535449143,99.55208729408092,39.73772603663639,14.339592814131803,62.994078333278246,7.138365854812642,5.454799676993873,0.0,0.0,1.0,0.0,0.0,model4,15.0,False,2853.0
951,2015-05-01T02:00:00Z,32.0,175.02539010423922,435.3862707668337,99.03333248474522,39.82013696913728,14.131057700642602,61.96117428649821,7.061660016941472,4.784549592179499,0.0,0.0,1.0,0.0,0.0,model4,15.0,False,2856.0
952,2015-05-01T05:00:00Z,32.0,172.81613468901696,437.33752663128695,98.8822489367866,39.69126336040127,14.158149370807646,62.77266540252914,8.022740861207843,5.223801964984445,0.0,0.0,1.0,0.0,0.0,model4,15.0,False,2859.0
953,2015-05-01T08:00:00Z,32.0,168.6482583971675,450.8981488530843,99.64268289143578,39.31509955956892,14.147700989297295,59.326533079904756,7.4511215289719335,5.707488970914353,0.0,0.0,1.0,0.0,0.0,model4,15.0,False,2862.0
954,2015-05-01T11:00:00Z,32.0,167.74456234999641,452.36789160358734,99.32751555526492,38.71494270537052,13.226914660294655,54.83626372636631,7.694054424534713,5.329292906345285,0.0,0.0,1.0,0.0,0.0,model4,15.0,False,2865.0
955,2015-05-01T14:00:00Z,32.0,169.9070874682628,457.8095241873594,99.58081713997164,38.370087048739755,13.470786397168679,54.82356074189745,6.215072384684638,5.004248957227382,0.0,0.0,1.0,0.0,0.0,model4,15.0,False,2868.0
956,2015-05-01T17:00:00Z,32.0,168.6761186627711,460.2603032836754,99.91203144923462,38.387867506295954,13.772375450314716,49.854333205736225,6.541106078201567,5.176699605788817,0.0,0.0,0.0,0.0,0.0,model4,15.0,False,2871.0
957,2015-05-01T20:00:00Z,32.0,167.87156478878978,461.8047908418444,100.38790612441008,38.562623184205385,13.166224537116909,51.850267669725724,9.00338242240516,5.1286561406442495,0.0,0.0,0.0,0.0,0.0,model4,15.0,False,2874.0
958,2015-05-01T23:00:00Z,32.0,167.89061838384484,463.65064989066116,100.50203545102814,38.22664181022674,13.234848133657527,41.76073943040417,9.305232594226533,5.094261907004585,0.0,0.0,0.0,0.0,0.0,model4,15.0,False,2877.0
959,2015-05-02T02:00:00Z,32.0,166.58969476493857,467.3572712877501,101.0335318794103,38.48439717542009,12.533611922007115,42.612554768767204,9.389666998884982,5.337449975519199,0.0,0.0,0.0,0.0,0.0,model4,15.0,False,2880.0
960,2015-05-02T05:00:00Z,32.0,166.36506810301736,459.820958841857,101.63655018048914,39.22874054333271,11.723868112105984,42.950937029757135,9.525554095620521,5.367736451144576,0.0,0.0,0.0,0.0,0.0,model4,15.0,False,2883.0
961,2015-05-02T08:00:00Z,32.0,170.2569851920247,449.6023422845326,101.46985552981964,39.64624309803193,11.383243757632554,46.79141234674365,10.22746973093631,5.174214370142389,0.0,0.0,0.0,0.0,0.0,model4,15.0,False,2886.0
962,2015-05-02T11:00:00Z,32.0,169.54251990108529,450.8409278010277,102.56101593982108,39.052348258382985,12.06776021915504,46.61501182023012,9.597375865863881,5.639928379790814,0.0,0.0,0.0,0.0,0.0,model4,15.0,False,2889.0
963,2015-05-02T14:00:00Z,32.0,168.13786240431696,446.4453045442136,101.44556213095272,38.84346962456318,12.641659273084526,46.71036766115292,10.210944943899412,5.698172122917937,0.0,0.0,0.0,0.0,0.0,model4,15.0,False,2892.0
964,2015-05-02T17:00:00Z,32.0,168.37282380194728,444.1779720065828,98.6166488894594,38.21141792840104,14.725179792157087,45.14487837791414,12.201097946486476,6.334543530947894,0.0,0.0,0.0,0.0,0.0,model4,15.0,False,2895.0
965,2015-05-02T20:00:00Z,32.0,169.70540893422302,443.1290932682669,98.46406129413342,38.392551099141656,14.831157106319072,39.36821027751893,11.00631970819649,6.397217374281827,0.0,0.0,0.0,0.0,0.0,model4,15.0,False,2898.0
966,2015-05-02T23:00:00Z,32.0,168.29590436455416,438.19604582274377,100.29688600507087,38.76402421183048,14.800525408789492,40.706404163253495,12.261047633822058,6.099761784844425,0.0,0.0,0.0,0.0,0.0,model4,15.0,False,2901.0
967,2015-05-03T02:00:00Z,32.0,166.3608738502831,436.2767025650338,99.95042118380522,38.245710467844034,17.093436319614078,46.129243609468496,12.45783922726849,5.688154955646651,0.0,0.0,0.0,0.0,0.0,model4,15.0,False,2904.0
968,2015-05-03T05:00:00Z,32.0,168.3707945724201,440.35344925077385,98.53411617576047,37.72441295314409,17.93655421174913,50.33318656490707,11.632862495176726,5.486721232647357,0.0,0.0,0.0,0.0,0.0,model4,15.0,False,2907.0
969,2015-05-03T08:00:00Z,32.0,165.07320827369557,439.73030688562073,97.93430396809478,37.335873756562464,17.476781749171938,49.6039420694062,11.458956122156868,4.879498010826048,0.0,0.0,0.0,0.0,0.0,model4,15.0,False,2910.0
970,2015-05-03T11:00:00Z,32.0,164.51467226498463,438.2432447524215,97.22513114380304,38.906442033499545,17.66796171553531,51.40382803798909,11.574389191517492,5.804226955411067,0.0,0.0,0.0,0.0,0.0,model4,15.0,False,2913.0
971,2015-05-03T14:00:00Z,32.0,164.69941338691353,438.858414861393,98.126545218343,39.54440665589354,17.474957423966707,50.764675772159435,11.679452843665686,6.094158758226168,0.0,0.0,0.0,0.0,0.0,model4,15.0,False,2916.0
972,2015-05-03T17:00:00Z,32.0,165.8007079836809,436.990575188361,99.88382980361254,40.04199180711455,15.949787648360882,52.86678979430936,9.6481634007928,5.062511141134634,0.0,0.0,0.0,0.0,0.0,model4,15.0,False,2919.0
973,2015-05-03T20:00:00Z,32.0,161.47664956140184,436.3313676786081,99.8782843711175,40.42196312738237,15.707363668420605,61.10370937711788,9.06416362421434,4.997602510651458,0.0,0.0,0.0,0.0,0.0,model4,15.0,False,2922.0
974,2015-05-03T23:00:00Z,32.0,162.34975546807524,438.6475923156202,97.93132115365728,40.646155230650585,16.11150650952645,59.82607023633129,7.6133763220400095,4.972461419012812,0.0,0.0,0.0,0.0,0.0,model4,15.0,False,2925.0
975,2015-05-04T02:00:00Z,32.0,165.5562369593995,438.43814370184464,97.96557113949673,40.29774232313906,15.249694129888232,53.08842527219183,7.286156295419416,5.074605531679492,0.0,0.0,0.0,0.0,0.0,model4,15.0,False,2928.0
976,2015-05-04T05:00:00Z,32.0,163.17850683166466,431.5484208448649,98.6539951412608,40.12399895700729,13.946756689884744,50.1710348001096,7.579037683417402,5.075143459722475,0.0,0.0,0.0,0.0,0.0,model4,15.0,False,2931.0
977,2015-05-04T08:00:00Z,32.0,165.98293591822,434.0208153159082,99.76378770153542,40.95693952989596,14.187655566691776,47.99987266979605,7.639680942890884,5.0629109897063165,0.0,0.0,0.0,0.0,0.0,model4,15.0,False,2934.0
978,2015-05-04T11:00:00Z,32.0,169.2686495251092,433.55318600770164,100.64308889076844,40.96645018707696,15.839449667783553,48.10924316231347,8.618223501064099,4.6648253780265225,0.0,0.0,0.0,0.0,0.0,model4,15.0,False,2937.0
979,2015-05-04T14:00:00Z,32.0,169.6747703976745,438.11995302772834,100.13171415258516,40.85228634406501,16.040159063388252,50.3334138443449,8.268425356172344,4.286262588044588,0.0,0.0,0.0,0.0,0.0,model4,15.0,False,2940.0
980,2015-05-04T17:00:00Z,32.0,168.37081514893012,441.5434524016287,100.38617268004464,41.52695422516505,17.081360055894187,51.61042682351938,8.205248267466422,4.636670009690823,0.0,0.0,0.0,0.0,0.0,model4,15.0,False,2943.0
981,2015-05-04T20:00:00Z,32.0,169.88772047227081,439.5751245738464,100.31710271133319,41.94845313499211,15.34168962827466,40.87928793816522,8.332373944422562,4.514928605860287,0.0,0.0,0.0,0.0,0.0,model4,15.0,False,2946.0
982,2015-05-04T23:00:00Z,32.0,171.72346865259942,438.8788571720388,100.35138358376608,41.65881976106716,15.652670278521938,43.99501025159852,7.579998808737912,4.640097249036304,0.0,0.0,0.0,0.0,0.0,model4,15.0,False,2949.0
983,2015-05-05T02:00:00Z,32.0,168.92444425403554,431.0463077808413,99.94031869276812,42.044682888446985,16.76047986052643,51.629167491347935,8.151531010644796,4.680255831630073,0.0,0.0,0.0,0.0,0.0,model4,15.0,False,2952.0
984,2015-05-05T05:00:00Z,32.0,169.30949374056166,438.28062170759,100.08717718536741,41.38075495118544,16.495467310637938,50.07150464794386,7.778582475997817,5.465527813506516,0.0,0.0,0.0,0.0,0.0,model4,15.0,False,2955.0
985,2015-05-05T08:00:00Z,32.0,168.4541093156296,444.9810383909021,100.08259362307592,41.34748755382592,16.02541439006355,52.15792480924417,7.361835136903764,5.422351258351494,0.0,0.0,0.0,0.0,0.0,model4,15.0,False,2958.0
986,2015-05-05T11:00:00Z,32.0,168.4985822706976,447.5447275499753,99.7626735602376,40.500901895032115,16.74299310698666,50.02655349029954,5.389828291638472,5.2449709208123645,0.0,0.0,0.0,0.0,0.0,model4,15.0,False,2961.0
987,2015-05-05T14:00:00Z,32.0,170.06965888781392,441.84912872151637,101.04759406172305,40.733839782672966,17.4354561604546,48.89848869309728,5.959491173007726,5.345194101937657,0.0,0.0,0.0,0.0,0.0,model4,15.0,False,2964.0
988,2015-05-05T17:00:00Z,32.0,171.41247857491032,439.42743868323316,102.22341889486107,40.15571204908415,18.305142391319762,45.42819299390644,6.457979640541162,4.899001405695556,0.0,0.0,0.0,0.0,0.0,model4,15.0,False,2967.0
989,2015-05-05T20:00:00Z,32.0,170.77046826571754,443.0914891206377,103.20798927186485,39.762776004087755,18.864469203204468,47.601941378622215,6.371106376057267,4.6626102522957416,0.0,0.0,0.0,0.0,0.0,model4,15.0,False,2970.0
990,2015-05-05T23:00:00Z,32.0,168.8090921406676,445.56706735917794,102.97122067233978,40.133793912522066,18.96836037121137,48.02424649404779,6.536502958882481,5.435410642826004,0.0,0.0,0.0,0.0,0.0,model4,15.0,False,2973.0
991,2015-05-06T02:00:00Z,32.0,171.3176826360655,457.15809098434136,104.0076813116898,40.145846756338685,18.608193099592288,41.1064949696362,5.32610547723163,5.258818500058254,0.0,0.0,0.0,0.0,0.0,model4,15.0,False,2976.0
992,2015-05-06T05:00:00Z,32.0,172.12083507223736,454.6988942109268,103.76554556632796,40.395792509893006,19.24578331284016,43.137582996979845,6.199127398164082,4.655761771089455,0.0,0.0,0.0,0.0,0.0,model4,15.0,False,2979.0
993,2015-05-06T08:00:00Z,32.0,170.90202594909888,448.3941072466729,103.2419271380025,39.97791657796253,20.291179954991513,44.35335839459137,6.058505496877067,5.125211486496072,0.0,0.0,0.0,0.0,0.0,model4,15.0,False,2982.0
994,2015-05-06T11:00:00Z,32.0,170.02836573068325,445.70905686644477,101.67647813302023,40.4046385116397,18.134965594919734,47.967788309337436,7.85944016574502,5.2300918731020944,0.0,0.0,0.0,0.0,0.0,model4,15.0,False,2985.0
995,2015-05-06T14:00:00Z,32.0,168.44640450824502,455.4218026688166,100.3738603003052,40.54636798508624,16.621064727145537,50.37546566164612,7.881913789436443,5.38431266830574,0.0,0.0,0.0,0.0,0.0,model4,15.0,False,2988.0
996,2015-05-06T17:00:00Z,32.0,166.65722952754587,453.10311888503486,98.59492892819452,41.254996236091706,14.518889615429595,54.56824887597488,7.602129490386182,5.689600638250946,0.0,0.0,0.0,0.0,0.0,model4,15.0,False,2991.0
997,2015-05-06T20:00:00Z,32.0,168.06550297974476,453.6069428756832,98.47309114719368,41.241638042752825,14.021075606993834,56.25464893773346,8.912438742313755,5.856109398461893,0.0,0.0,0.0,0.0,0.0,model4,15.0,False,2994.0
998,2015-05-06T23:00:00Z,32.0,166.976325229284,447.55512770353965,99.165040060473,41.46315605494115,13.287885049859552,55.18948713761961,9.056964631235868,5.339380360595944,0.0,0.0,0.0,0.0,0.0,model4,15.0,False,2997.0
999,2015-05-07T02:00:00Z,32.0,167.34864552720828,436.3671493809403,98.85328791475271,42.71844243140903,11.66252972074318,55.53829353876869,10.3992833264301,6.154916163846719,0.0,0.0,0.0,0.0,0.0,model4,15.0,False,3000.0
1000,2015-05-07T05:00:00Z,32.0,168.83488763081468,434.67854698612564,99.97785062296384,44.557682134018535,13.198462561790588,56.92659292567294,11.027461012361693,6.260176437751308,0.0,0.0,0.0,0.0,0.0,model4,15.0,False,3003.0
1001,2015-05-07T08:00:00Z,32.0,168.9581673697795,438.4264267646234,101.3174583699816,45.88213908164357,14.233375313063785,58.00087597107451,11.669640174588144,6.487812197628901,0.0,0.0,0.0,0.0,0.0,model4,15.0,False,3006.0
1002,2015-05-07T11:00:00Z,32.0,166.4284094064985,449.12775390759003,100.9756015012482,46.70724727577871,14.692837050161344,64.45619114837335,12.733925686405893,6.459788966406218,0.0,0.0,0.0,0.0,0.0,model4,15.0,False,3009.0
1003,2015-05-07T14:00:00Z,32.0,166.8724473127046,444.1205275838418,101.828495897179,47.488671490905936,14.910954922533787,62.14202518160966,12.501262054430196,6.595805932198782,0.0,0.0,0.0,0.0,0.0,model4,15.0,False,3012.0
1004,2015-05-07T17:00:00Z,32.0,170.12674155107118,447.4701716318602,102.08862198225927,48.78860658914106,15.669757062254524,60.03954155258853,13.094121435914905,6.285327800394947,0.0,0.0,0.0,0.0,0.0,model4,15.0,False,3015.0
1005,2015-05-07T20:00:00Z,32.0,168.13297951053872,443.881624904308,101.21992157521905,48.829257431044084,17.039490241346062,56.87495271899662,12.224784128020215,6.280504175272182,0.0,0.0,0.0,0.0,0.0,model4,15.0,False,3018.0
1006,2015-05-07T23:00:00Z,32.0,170.7691058957295,456.07274982434967,101.0147658595492,50.238053345816326,17.512106222712678,63.66189885468293,12.843539210116413,5.917790196694398,0.0,0.0,0.0,0.0,0.0,model4,15.0,False,3021.0
1007,2015-05-08T02:00:00Z,32.0,169.8259410745473,454.5918925342354,101.28574561857582,49.50497405769793,17.987905645161828,63.13542715772597,11.6722371965938,6.408778897198607,0.0,0.0,0.0,0.0,0.0,model4,15.0,False,3024.0
1008,2015-05-08T05:00:00Z,32.0,168.925306590005,462.2922005867594,99.24659202776951,50.59222583189077,16.297681367338722,64.34268561552462,12.098999269237131,7.486826240736173,0.0,0.0,0.0,0.0,0.0,model4,15.0,False,3027.0
1009,2015-05-08T08:00:00Z,32.0,171.5216080748414,453.6446832699377,97.48775013199352,51.28541638954997,14.985465861072226,67.20096784949915,11.407444601700304,7.243143001715926,0.0,0.0,0.0,0.0,0.0,model4,15.0,False,3030.0
1010,2015-05-08T11:00:00Z,32.0,172.9839595103312,435.63959666605484,99.6216095597854,52.16036778307189,14.199070038732893,66.07539291641599,9.810715546341626,7.403157639358313,0.0,0.0,0.0,0.0,0.0,model4,15.0,False,3033.0
1011,2015-05-08T14:00:00Z,32.0,171.23653330306868,422.06123216710665,99.2631456054822,53.772390088574255,15.220231963893795,69.73755540295195,9.849623320613627,8.146826964801871,0.0,0.0,0.0,0.0,0.0,model4,15.0,False,3036.0
1012,2015-05-08T17:00:00Z,32.0,168.07855611399012,408.213854907769,98.77716170539026,54.35768690056342,14.677406295035395,72.50116304678116,9.344094383009976,8.371385611360896,0.0,0.0,0.0,0.0,0.0,model4,15.0,False,3039.0
1013,2015-05-08T20:00:00Z,32.0,170.5802092462312,403.32049876972025,99.05309158807377,56.92063891775147,12.958109641556673,71.72721643735295,9.532804265558008,6.775913760988902,0.0,0.0,0.0,0.0,0.0,model4,15.0,False,3042.0
1014,2015-05-08T23:00:00Z,32.0,168.64512100121866,386.6539193851426,99.37852720435774,57.54703481968197,14.16419356734391,54.606490478485,8.900222211477296,6.809624326343945,0.0,0.0,0.0,0.0,0.0,model4,15.0,False,3045.0
1015,2015-05-09T02:00:00Z,32.0,169.70858612885746,384.4906899215297,98.71163057386735,58.41587716304363,14.048971252769025,54.47342978723258,8.704753318365562,5.285815770892259,0.0,0.0,0.0,0.0,0.0,model4,15.0,False,3048.0
1016,2015-05-09T05:00:00Z,32.0,168.5404501483539,369.2570447002008,99.08026175682645,56.97564798040388,13.868014929079886,36.187815199911974,7.086787200926741,6.033290744309388,0.0,0.0,0.0,0.0,0.0,model4,15.0,False,3051.0
1017,2015-05-09T08:00:00Z,32.0,165.5775121397385,372.4110965413718,99.23409440166012,56.566118988300715,13.796239586669536,44.97535464033175,7.5707124324015975,6.347370440351592,0.0,1.0,1.0,0.0,0.0,model4,15.0,True,3054.0
1018,2015-05-09T11:00:00Z,32.0,165.7352632753799,378.3647049859343,99.88027046470987,55.738810736788366,13.541789237037635,45.0884954491453,8.408935003034228,6.657582566024254,0.0,1.0,1.0,0.0,0.0,model4,15.0,True,3057.0
1019,2015-05-09T14:00:00Z,32.0,165.65343249995414,375.1233219392719,99.60797524269465,54.03353154941185,13.596707119611398,51.91458704276586,8.351501884055226,6.048038559581629,0.0,1.0,1.0,0.0,0.0,model4,15.0,True,3060.0
1020,2015-05-09T17:00:00Z,32.0,167.053607029546,377.28174778889496,101.11597983041456,53.47416592659236,13.805139583833224,50.82792087513778,7.455704847469923,5.725987259589418,0.0,1.0,1.0,0.0,0.0,model4,15.0,True,3063.0
1021,2015-05-09T20:00:00Z,32.0,169.12133398341,377.58940703283685,100.350353600391,51.87550883162938,16.236224263787705,50.81731504323515,7.5123762171821955,4.8344861603637295,0.0,1.0,1.0,0.0,0.0,model4,15.0,True,3066.0
1022,2015-05-09T23:00:00Z,32.0,169.48753770803862,380.9583499159747,100.15812251887544,49.81964884180278,14.202423810788904,52.13687852128558,7.969138778490659,4.8598138739464565,0.0,1.0,1.0,0.0,0.0,model4,15.0,True,3069.0
1023,2015-05-10T02:00:00Z,32.0,167.66950534632116,379.6814275436917,98.98555948237757,49.12047701102442,14.512934372413829,59.27791775805229,9.982372126543538,4.6810732303890354,0.0,1.0,1.0,0.0,0.0,model4,15.0,True,3072.0
1024,2015-05-10T05:00:00Z,32.0,167.91106871230437,384.65422281726256,99.37773688746262,49.3274685079589,15.429566282967697,59.88352603579784,10.97228216927774,4.6244441909607445,0.0,1.0,1.0,0.0,0.0,model4,15.0,True,3075.0
1025,2015-05-10T08:00:00Z,32.0,171.4921276454057,384.68725565467116,99.63560561580003,48.04840551889925,15.83995881480037,59.489659102189954,10.656460504107416,4.908280239882703,0.0,0.0,0.0,0.0,0.0,model4,15.0,False,3078.0
1026,2015-05-10T11:00:00Z,32.0,172.8370539523363,391.68982765372704,98.00893099786907,47.41694440307249,15.87481057455313,65.7564560659457,10.232766410785132,5.017961972698744,0.0,0.0,0.0,0.0,0.0,model4,15.0,False,3081.0
1027,2015-05-10T14:00:00Z,32.0,174.04960259991608,410.13147381797455,98.39153369344154,46.66590229828248,15.059621862695089,62.956469331827115,10.25586756777707,5.122206304099437,0.0,0.0,0.0,0.0,0.0,model4,15.0,False,3084.0
1028,2015-05-10T17:00:00Z,32.0,172.65448427987775,413.27810448731833,98.41919597609301,45.29082292448125,16.1323065142648,60.44906654641158,10.218968512307027,4.4958021366292815,0.0,0.0,0.0,0.0,0.0,model4,15.0,False,3087.0
1029,2015-05-10T20:00:00Z,32.0,171.05749720651986,418.6738698291026,100.21146964773443,43.981323051498286,14.469554697092835,61.21882403549573,10.372444287259716,4.784764132078654,0.0,0.0,0.0,0.0,0.0,model4,15.0,False,3090.0
1030,2015-05-10T23:00:00Z,32.0,171.5960151329239,427.1616871440657,101.07364011334393,43.67981238808178,14.438590028363745,62.69187722222335,11.028362680954746,5.046844889033518,0.0,0.0,0.0,0.0,0.0,model4,15.0,False,3093.0
1031,2015-05-11T02:00:00Z,32.0,172.49565255792982,433.3243890404858,103.04328200729078,42.76859913115073,13.417598129722693,50.81312819978836,9.032197803345836,5.105980522505664,0.0,0.0,0.0,0.0,0.0,model4,15.0,False,3096.0
1032,2015-05-11T05:00:00Z,32.0,172.9651071692556,434.51258547314507,102.7113201814068,41.420122888178895,13.912683326007926,46.01696595054803,8.022237944859768,4.1486454746398245,0.0,0.0,0.0,0.0,0.0,model4,15.0,False,3099.0
1033,2015-05-11T08:00:00Z,32.0,168.31851783924662,450.69575822515776,102.78957382762532,40.159329046082654,13.921983309943295,53.81152898598725,7.7127023615273345,4.938342013379748,0.0,0.0,0.0,0.0,0.0,model4,15.0,False,3102.0
1034,2015-05-11T11:00:00Z,32.0,166.85053255085924,449.2522478729366,104.21444844767412,39.68959724392595,13.154160624482039,55.520343075797435,7.767586998450384,4.5566757614628415,0.0,0.0,0.0,0.0,0.0,model4,15.0,False,3105.0
1035,2015-05-11T14:00:00Z,32.0,165.80245856537832,444.00548940371306,104.50685573521072,39.255016809664895,13.376962165913104,54.95313865840978,8.43724706134661,5.211960306612388,0.0,0.0,0.0,0.0,0.0,model4,15.0,False,3108.0
1036,2015-05-11T17:00:00Z,32.0,167.7610389998726,451.1999628074926,105.47671630120544,38.573384796204465,14.561464902739266,50.276553508362895,8.950999555098406,5.0500193393791575,0.0,0.0,0.0,0.0,0.0,model4,15.0,False,3111.0
1037,2015-05-11T20:00:00Z,32.0,164.80982619382024,447.4144886343888,104.02253494240234,38.759873513851794,16.087683387614405,51.421433309136326,10.330282526775726,5.100917541002628,0.0,0.0,0.0,0.0,0.0,model4,15.0,False,3114.0
1038,2015-05-11T23:00:00Z,32.0,163.2343114852423,445.9216836691496,102.26353171590284,38.55218917663289,16.091755074028935,51.37275955088207,10.221317148458956,4.695818762998684,0.0,0.0,0.0,0.0,0.0,model4,15.0,False,3117.0
1039,2015-05-12T02:00:00Z,32.0,164.15920463161785,445.22151295274017,101.33954865136083,38.71660517429356,17.163379733441595,51.671316404171534,10.137021814869232,4.7874876469672545,0.0,0.0,0.0,0.0,0.0,model4,15.0,False,3120.0
1040,2015-05-12T05:00:00Z,32.0,163.46617597871514,448.6652129843952,102.1582911409274,38.86132923673197,17.450312439715677,51.11361494020151,10.27573713466236,4.8494385276340966,0.0,0.0,0.0,0.0,0.0,model4,15.0,False,3123.0
1041,2015-05-12T08:00:00Z,32.0,165.15794541001566,437.2495842967054,102.3526203160248,39.898034338948186,16.676734778247535,35.45394023919463,10.628860422269948,5.5917569933758475,0.0,0.0,0.0,0.0,0.0,model4,15.0,False,3126.0
1042,2015-05-12T11:00:00Z,32.0,165.2230447996976,434.2891504665042,99.90395285930582,39.416169047333895,16.528591409378148,34.373815501951285,11.801346247888244,5.508025194329242,0.0,0.0,0.0,0.0,0.0,model4,15.0,False,3129.0
1043,2015-05-12T14:00:00Z,32.0,167.337403835143,433.55841550279996,99.22665657799723,40.05579456173099,17.255796248162287,34.550853629130266,11.319171723059313,5.1980421037776905,0.0,0.0,0.0,0.0,0.0,model4,15.0,False,3132.0
1044,2015-05-12T17:00:00Z,32.0,165.7139542959925,434.45976029704553,98.27463165435414,40.2704415128406,15.92945262065516,34.880842342634644,10.721866881992858,5.018906577513456,0.0,0.0,0.0,0.0,0.0,model4,15.0,False,3135.0
1045,2015-05-12T20:00:00Z,32.0,166.57789225380458,433.7353595390202,98.58001094532798,40.49899346017441,15.101989414337243,40.64109235877578,10.047052321397944,5.304099593267524,0.0,0.0,0.0,0.0,0.0,model4,15.0,False,3138.0
1046,2015-05-12T23:00:00Z,32.0,167.0352686766933,418.1309735962481,100.84195040931878,40.384877404950274,14.761812309221733,50.770631692453634,11.101927978847337,5.566869207650888,0.0,0.0,0.0,0.0,0.0,model4,15.0,False,3141.0
1047,2015-05-13T02:00:00Z,32.0,166.74394882061804,415.8044369083132,101.38998042631607,40.37058864888213,15.085453046712484,51.8968921614983,12.234262990536447,5.547495263733188,0.0,0.0,0.0,0.0,0.0,model4,15.0,False,3144.0
1048,2015-05-13T05:00:00Z,32.0,167.33751821890502,403.65252864883934,100.56672019721891,39.83708377281306,14.968113076998575,57.803473816995655,12.407940113142473,5.7130279427972885,0.0,0.0,0.0,0.0,0.0,model4,15.0,False,3147.0
1049,2015-05-13T08:00:00Z,32.0,170.33122540243454,401.61937590279587,100.5234855547256,39.29013493686661,16.852873652690143,58.426439741766345,12.813323313509494,4.22007286399998,0.0,0.0,0.0,0.0,0.0,model4,15.0,False,3150.0
1050,2015-05-13T11:00:00Z,32.0,169.2766535617856,392.1643796485904,103.00497263270522,39.23876770818151,17.430874998993815,57.42469347641594,11.736849724070668,4.380776797616049,0.0,0.0,0.0,0.0,0.0,model4,15.0,False,3153.0
1051,2015-05-13T14:00:00Z,32.0,169.08490485362626,391.91989113598686,103.43151919106249,39.242282481986535,16.79604616608849,57.43810057737936,12.019189529407114,4.5702451241582605,0.0,0.0,0.0,0.0,0.0,model4,15.0,False,3156.0
1052,2015-05-13T17:00:00Z,32.0,172.2272815394357,372.6315982316253,103.55071928006781,39.313433085836365,17.54240256575361,61.13946009832018,11.664676789687656,4.685738593726941,0.0,0.0,0.0,0.0,0.0,model4,15.0,False,3159.0
1053,2015-05-13T20:00:00Z,32.0,174.62761088814824,369.657419241673,103.6844310844796,39.040366766251715,16.124347157475007,57.456986550229175,11.517192829844387,4.156243493508036,0.0,0.0,0.0,0.0,0.0,model4,15.0,False,3162.0
1054,2015-05-13T23:00:00Z,32.0,175.5513922061575,376.144132657884,103.08693003639569,39.744521252262366,16.656430921950687,57.03653107865861,11.019837925141351,4.494304934113089,0.0,0.0,0.0,0.0,0.0,model4,15.0,False,3165.0
1055,2015-05-14T02:00:00Z,32.0,175.75219400372242,371.71389410155695,101.77746537375404,39.725698911812174,17.857802074901954,58.247056275368436,10.458697357369779,4.519928912433387,0.0,0.0,0.0,0.0,0.0,model4,15.0,False,3168.0
1056,2015-05-14T05:00:00Z,32.0,175.75204645670024,373.96735147481917,101.3005899505616,40.57363642513879,17.035117332084848,56.829707660927824,11.067913330722853,4.351967863427829,0.0,0.0,0.0,0.0,0.0,model4,15.0,False,3171.0
1057,2015-05-14T08:00:00Z,32.0,173.5628596086911,373.0364821695102,101.25631858357004,40.80355256122596,16.420138473338877,53.37026195380718,10.409402645049807,4.198098426338811,0.0,0.0,0.0,0.0,0.0,model4,15.0,False,3174.0
1058,2015-05-14T11:00:00Z,32.0,173.1578685132153,376.35028642278013,99.715061434923,40.740665554546965,16.775162110313026,54.803870070790005,9.616917297274963,4.241899984079361,0.0,0.0,0.0,0.0,0.0,model4,15.0,False,3177.0
1059,2015-05-14T14:00:00Z,32.0,171.88378546118778,369.59939872877686,98.6044596543865,40.38893688786581,16.992063616787107,50.24281141218678,9.855783604467467,3.745958815660632,0.0,0.0,0.0,0.0,0.0,model4,15.0,False,3180.0
1060,2015-05-14T17:00:00Z,32.0,169.67004748164487,376.9072647845784,99.18171898960142,40.53011746625531,15.687872878307333,45.22954973219517,10.3358127640178,4.249093497022692,0.0,0.0,0.0,0.0,0.0,model4,15.0,False,3183.0
1061,2015-05-14T20:00:00Z,32.0,169.33995029783958,369.5276294555455,98.94601757199457,40.94821943716203,15.313904145022647,48.603721297411525,10.258305194735046,4.4110481749746775,0.0,0.0,0.0,0.0,0.0,model4,15.0,False,3186.0
1062,2015-05-14T23:00:00Z,32.0,169.25126517840204,375.58445825778466,97.06865790598629,40.38305324566986,14.850068928731362,51.06882831250474,9.176713009209765,3.933914943680997,0.0,0.0,0.0,0.0,0.0,model4,15.0,False,3189.0
1063,2015-05-15T02:00:00Z,32.0,168.50053318992553,388.4191362411776,97.84937891088579,40.61334528301329,11.76616735391751,56.63406616291499,10.011737760614182,4.090328476469149,0.0,0.0,0.0,0.0,0.0,model4,15.0,False,3192.0
1064,2015-05-15T05:00:00Z,32.0,166.74643780279018,404.1032777663007,99.0421576614591,40.546553382022964,11.283822786673774,62.99023464190425,9.14450701700683,4.0894446171444825,0.0,0.0,0.0,0.0,0.0,model4,15.0,False,3195.0
1065,2015-05-15T08:00:00Z,32.0,165.39834105245302,406.27005984767965,97.56163733940427,40.8034128182852,10.708021380530926,66.0543212123649,9.66185534994451,4.128771907573768,0.0,0.0,0.0,0.0,0.0,model4,15.0,False,3198.0
1066,2015-05-15T11:00:00Z,32.0,165.50063966981986,411.48384415081426,98.90013377747655,41.54653238543561,10.757727604340896,64.31469509178463,10.251765040093677,3.7577032230611835,0.0,0.0,0.0,0.0,0.0,model4,15.0,False,3201.0
1067,2015-05-15T14:00:00Z,32.0,166.86731734284515,421.9590622615104,100.59909840427844,41.310059294363185,11.080575928022414,67.00664691463203,10.486647513600154,3.936951619679527,0.0,0.0,0.0,0.0,0.0,model4,15.0,False,3204.0
1068,2015-05-15T17:00:00Z,32.0,167.76639735536557,430.4007936142694,98.5936188943557,41.49020421410136,11.906209949272421,59.0508352205262,10.90513773038312,3.9754278403822414,0.0,0.0,0.0,0.0,0.0,model4,15.0,False,3207.0
1069,2015-05-15T20:00:00Z,32.0,168.14988103049382,446.9641428100397,97.92090085408304,40.930283236901005,13.688053349726507,42.83886013571709,11.53226380309166,4.0449406006562025,0.0,0.0,0.0,0.0,0.0,model4,15.0,False,3210.0
1070,2015-05-15T23:00:00Z,32.0,168.84242325129904,445.22949966862546,98.63370325921801,41.24198625432736,13.823584494702676,46.81790352552988,11.91751282587172,4.03815077182142,0.0,0.0,0.0,0.0,0.0,model4,15.0,False,3213.0
1071,2015-05-16T02:00:00Z,32.0,167.55072568357417,445.26199169597857,99.20314998975044,41.74672851120975,16.651772773823424,47.117287278632155,11.341703742746189,4.662670358982371,0.0,0.0,0.0,0.0,0.0,model4,15.0,False,3216.0
1072,2015-05-16T05:00:00Z,32.0,170.06790681472984,441.32302200008064,98.62026675106286,41.40679659869432,16.56778275152544,52.7322146592349,11.373603129201063,4.7711531181458895,0.0,0.0,0.0,0.0,0.0,model4,15.0,False,3219.0
1073,2015-05-16T08:00:00Z,32.0,171.92956244057766,443.0623397567092,100.61385891357142,41.56297600181638,16.94322966894017,51.55930412388937,10.90208004959264,4.637571609021508,0.0,0.0,0.0,0.0,0.0,model4,15.0,False,3222.0
1074,2015-05-16T11:00:00Z,32.0,173.14157210700435,451.6346798836834,100.01590790037143,41.3973920332631,16.458563196410473,53.95252143656457,10.414473800337321,4.717076221206407,0.0,0.0,0.0,0.0,0.0,model4,15.0,False,3225.0
1075,2015-05-16T14:00:00Z,32.0,170.95290581552618,452.3738835492297,99.40344966738563,41.53272734828865,17.073847376145295,50.9622454892607,9.84599658751578,4.780509976694368,0.0,0.0,0.0,0.0,0.0,model4,15.0,False,3228.0
1076,2015-05-16T17:00:00Z,32.0,169.32603387591396,454.8131761877152,99.49324779475342,41.728143872772044,17.533958573630816,49.69134822216079,9.327485652369807,4.686752946370947,0.0,0.0,0.0,0.0,0.0,model4,15.0,False,3231.0
1077,2015-05-16T20:00:00Z,32.0,168.99259442149287,452.44578329060806,100.77338060714348,41.90146292001853,16.226597286495945,50.65092331809432,8.74903930675243,4.825328686184265,0.0,0.0,0.0,0.0,0.0,model4,15.0,False,3234.0
1078,2015-05-16T23:00:00Z,32.0,168.93354446782908,456.74374552632463,100.28988337307449,41.91830671369132,15.7264712938265,46.20063617288022,9.056719532435547,4.804938055175205,0.0,0.0,0.0,0.0,0.0,model4,15.0,False,3237.0
1079,2015-05-17T02:00:00Z,32.0,169.64671403651855,453.9799788788913,99.47977993968502,40.93775635310034,13.088042308118293,49.41606234946861,9.041260645025252,4.3077841369503185,0.0,0.0,0.0,0.0,0.0,model4,15.0,False,3240.0
1080,2015-05-17T05:00:00Z,32.0,168.18465057584243,445.8885872933273,100.34138552017292,40.832163411031374,12.736066364947344,46.53691479790493,10.401877736636061,4.414751986393587,0.0,0.0,0.0,0.0,0.0,model4,15.0,False,3243.0
1081,2015-05-17T08:00:00Z,32.0,167.37078523704312,445.3968024239479,99.68632867460629,40.66253943557572,11.559565884725973,48.83157383496154,10.147999783895548,4.752703394086148,0.0,0.0,0.0,0.0,0.0,model4,15.0,False,3246.0
1082,2015-05-17T11:00:00Z,32.0,169.17863667909805,443.9275393478389,99.25522309841206,40.68444716250425,11.743602527570753,55.04446840850039,10.315112686374473,4.62156897764705,0.0,0.0,0.0,0.0,0.0,model4,15.0,False,3249.0
1083,2015-05-17T14:00:00Z,32.0,171.7942056328014,442.6180116717443,98.68558113608196,40.520088824647715,12.088766879912956,56.2240941748038,10.192734269442317,4.264210576384404,0.0,0.0,0.0,0.0,0.0,model4,15.0,False,3252.0
1084,2015-05-17T17:00:00Z,32.0,173.12194419192596,441.5284023263469,98.83174329862764,40.411362532672015,10.453246053168703,55.75289906906136,9.794706534550267,3.817545575044247,0.0,0.0,0.0,0.0,0.0,model4,15.0,False,3255.0
1085,2015-05-17T20:00:00Z,32.0,171.74903948381282,448.2076156466193,98.49293504628281,40.331524050572135,11.60180870279175,57.54403838802106,9.46337151931494,3.6573853081010888,0.0,0.0,0.0,0.0,0.0,model4,15.0,False,3258.0
1086,2015-05-17T23:00:00Z,32.0,172.43693993490052,443.4184428927976,97.64106160247135,40.21116928493524,11.852904689041752,65.58854821295638,9.385694964309168,4.154680511887172,0.0,0.0,0.0,0.0,0.0,model4,15.0,False,3261.0
1087,2015-05-18T02:00:00Z,32.0,173.54773792069938,440.5990742220487,97.82407533129215,40.57821027813368,12.123707908686054,63.52708874746714,9.37920472697106,4.225589824027561,0.0,0.0,0.0,0.0,0.0,model4,15.0,False,3264.0
1088,2015-05-18T05:00:00Z,32.0,174.11154347194454,444.1879457824994,96.6956166038229,40.50082339655537,12.52446432780998,60.157309281483364,7.702298256908955,4.579732781270458,0.0,0.0,0.0,0.0,0.0,model4,15.0,False,3267.0
1089,2015-05-18T08:00:00Z,32.0,174.87752534398922,444.9479591777737,96.04799048798212,40.119314980155934,12.558161899231624,61.9890588141032,7.622927645579616,4.696019079880591,0.0,0.0,0.0,0.0,0.0,model4,15.0,False,3270.0
1090,2015-05-18T11:00:00Z,32.0,174.68178894710965,442.9374074826271,95.94104999420185,39.760487297206545,13.727858578477392,53.09650071179243,7.527442548111845,4.669930871208737,0.0,0.0,0.0,0.0,0.0,model4,15.0,False,3273.0
1091,2015-05-18T14:00:00Z,32.0,173.31293947733795,446.4991408114606,96.63138323311537,38.955861553059286,14.10066385450903,52.48365483114247,7.176219032004442,5.088996399933528,0.0,0.0,0.0,0.0,0.0,model4,15.0,False,3276.0
1092,2015-05-18T17:00:00Z,32.0,175.42994176615397,449.77866466885024,97.18361420139193,38.97285992103094,16.199513404623946,52.86619243741615,7.3026232005640175,5.192793739661559,0.0,0.0,0.0,0.0,0.0,model4,15.0,False,3279.0
1093,2015-05-18T20:00:00Z,32.0,175.46834330098415,436.35086893579,96.98194841058177,39.18128747284465,16.130447617927707,53.79770396681111,7.539454212039727,5.0799938420575925,0.0,0.0,0.0,0.0,0.0,model4,15.0,False,3282.0
1094,2015-05-18T23:00:00Z,32.0,175.04988685651765,435.5770045965213,98.5708040030468,38.87418520306957,17.06472392259791,45.56424758446214,8.994103569186274,4.642082540215784,0.0,0.0,0.0,0.0,0.0,model4,15.0,False,3285.0
1095,2015-05-19T02:00:00Z,32.0,174.81921873421012,441.8273087716423,97.59715224134277,38.257616789905526,16.371150675514063,45.529834474783286,9.225143304680632,4.997994619218632,0.0,0.0,0.0,0.0,0.0,model4,15.0,False,3288.0
1096,2015-05-19T05:00:00Z,32.0,175.34903064039986,449.0270134996727,97.97778656192725,38.1553609870662,15.599764262956883,45.309326267355814,9.364336373157347,4.776888390156906,0.0,0.0,0.0,0.0,0.0,model4,15.0,False,3291.0
1097,2015-05-19T08:00:00Z,32.0,174.68012870290596,451.19151374417305,99.25643085484516,37.707753986707694,15.410813700216115,41.036927251325814,9.805454581093842,4.710535494992351,0.0,0.0,0.0,0.0,0.0,model4,15.0,False,3294.0
1098,2015-05-19T11:00:00Z,32.0,175.46714794933968,445.18578457679513,99.81560537986452,37.90926819080218,15.929324308736955,41.61032581414897,9.708624925377347,5.309446325147047,0.0,0.0,0.0,0.0,0.0,model4,15.0,False,3297.0
1099,2015-05-19T14:00:00Z,32.0,176.46302651428837,436.80780481301,99.2448939000608,38.943007189287954,14.700780928660611,40.82425832909619,9.758732266324726,5.1637561125544496,0.0,0.0,0.0,0.0,0.0,model4,15.0,False,3300.0
1100,2015-05-19T17:00:00Z,32.0,173.2697093540116,428.981233227964,99.89757108241312,38.42469521533072,14.705865219581812,50.16961539585157,10.213720021897407,5.074541292843295,0.0,0.0,0.0,0.0,0.0,model4,15.0,False,3303.0
1101,2015-05-19T20:00:00Z,32.0,172.64198116513688,435.5113770542478,99.61122413227459,37.54077115927891,15.054813992245649,46.524510319614066,10.807813862061813,5.446242192760142,0.0,0.0,0.0,0.0,0.0,model4,15.0,False,3306.0
1102,2015-05-19T23:00:00Z,32.0,173.26897851906918,437.9705443094515,99.24779042403652,37.8458075592169,15.140666739015705,46.672949016092645,9.597816342889224,5.4987155861602846,0.0,0.0,0.0,0.0,0.0,model4,15.0,False,3309.0
1103,2015-05-20T02:00:00Z,32.0,172.18787340826003,431.9353574922439,99.93787245230669,38.460374739013965,15.588461047971284,54.36302522810467,9.403956073028665,5.409036894761837,0.0,0.0,0.0,0.0,0.0,model4,15.0,False,3312.0
1104,2015-05-20T05:00:00Z,32.0,170.99958084948548,431.01951688973776,99.681489799114,38.38141165958393,16.87275579086932,60.539061999096994,9.476589960579544,5.268098836865106,0.0,0.0,0.0,0.0,0.0,model4,15.0,False,3315.0
1105,2015-05-20T08:00:00Z,32.0,171.10321024307518,432.12799714202487,100.64726776686722,39.5474777593318,17.19564335834184,62.97712064367675,11.105844825106573,5.553876751015954,0.0,0.0,0.0,0.0,0.0,model4,15.0,False,3318.0
1106,2015-05-20T11:00:00Z,32.0,169.0873017029591,436.5008954343169,101.1264820060392,40.10613870947902,15.270567364913962,63.51281016740789,11.3560373320965,5.8220994426990265,0.0,1.0,0.0,0.0,0.0,model4,15.0,False,3321.0
1107,2015-05-20T14:00:00Z,32.0,167.93745309302983,446.8684089175691,101.6261680307109,39.72369408635127,15.972679268090815,65.45875289234921,11.88864214013576,5.793381922384614,0.0,1.0,0.0,0.0,0.0,model4,15.0,False,3324.0
1108,2015-05-20T17:00:00Z,32.0,167.7907781647881,451.9765043959975,102.78859185723628,39.63557726247525,14.739038710775974,57.14492500853735,12.24630299919612,5.578651823100286,0.0,1.0,0.0,0.0,0.0,model4,15.0,False,3327.0
1109,2015-05-20T20:00:00Z,32.0,170.0661359257463,456.85311110319213,103.23873392692116,40.169926142551496,14.958823842207632,57.46439116282448,11.268572948445287,5.0738904129325295,0.0,1.0,0.0,0.0,0.0,model4,15.0,False,3330.0
1110,2015-05-20T23:00:00Z,32.0,167.69274368458318,462.49196960131513,104.00567721981078,40.33761169370588,13.814912845552172,56.8475133759964,11.117810734646492,5.1669385562256815,0.0,1.0,0.0,0.0,0.0,model4,15.0,False,3333.0
1111,2015-05-21T02:00:00Z,32.0,169.51191959820025,467.3238528753212,105.55048396757759,40.147338329030134,14.463269542273085,45.122873364821864,10.424634523493411,4.821445938944971,0.0,1.0,0.0,0.0,0.0,model4,15.0,False,3336.0
1112,2015-05-21T05:00:00Z,32.0,170.21853571317283,465.05951280816186,105.84340390571931,40.19087134461844,13.330753757611275,35.764015207080114,9.630141491339943,4.770851514806663,0.0,1.0,0.0,0.0,0.0,model4,15.0,False,3339.0
1113,2015-05-21T08:00:00Z,32.0,170.86554984555372,464.1046549901136,104.10842429096772,39.3952233687588,13.122269253418901,31.314377835137893,8.335808657937937,4.29278123361027,0.0,1.0,0.0,0.0,0.0,model4,15.0,False,3342.0
1114,2015-05-21T11:00:00Z,32.0,170.9933850486427,468.94702955681464,103.33018781480095,38.51226404334836,12.787428920556538,32.341768701986844,8.315764636480207,3.111960569034172,0.0,0.0,0.0,0.0,0.0,model4,15.0,False,3345.0
1115,2015-05-21T14:00:00Z,32.0,171.2611791611354,465.840509778366,103.09257743307064,38.75968343297714,12.392654864077175,30.992643887877602,7.251870195936384,3.707190821567745,0.0,0.0,0.0,0.0,0.0,model4,15.0,False,3348.0
1116,2015-05-21T17:00:00Z,32.0,171.39494069189251,461.8251416735408,101.67729878605248,38.543493330119,13.707270010541036,37.76699334088384,6.047459055876281,3.7142871033550326,0.0,0.0,0.0,0.0,0.0,model4,15.0,False,3351.0
1117,2015-05-21T20:00:00Z,32.0,171.39846577128188,455.90257230592493,101.9034329227582,38.755237575166774,13.479298349888403,39.322605446376414,6.037643845699416,3.655381842747541,0.0,0.0,0.0,0.0,0.0,model4,15.0,False,3354.0
1118,2015-05-21T23:00:00Z,32.0,173.04765830678426,453.12586785017794,99.94756447724207,38.483993799068095,13.430619505435706,36.953140883287844,6.648820462258698,3.3968506348464103,0.0,0.0,0.0,0.0,0.0,model4,15.0,False,3357.0
1119,2015-05-22T02:00:00Z,32.0,172.73464621659846,452.9030689891135,99.66998178180832,38.953496759324736,12.9616706246096,37.66102634489203,6.388432630700097,4.0260734148336335,0.0,0.0,0.0,0.0,0.0,model4,15.0,False,3360.0
1120,2015-05-22T05:00:00Z,32.0,170.45217600115672,453.8036513677922,99.63144087216452,39.53161573135877,15.121277705232105,38.92257211351835,6.6597872071925766,4.124310141374947,0.0,0.0,0.0,0.0,0.0,model4,15.0,False,3363.0
1121,2015-05-22T08:00:00Z,32.0,168.38346971244303,450.7327548555645,99.02362940440142,40.19320180045491,15.313473179715555,39.131859123911006,6.736694690959324,3.9370041327554257,0.0,0.0,0.0,0.0,0.0,model4,15.0,False,3366.0
1122,2015-05-22T11:00:00Z,32.0,167.95440282927942,446.8893479047983,100.3365714654427,41.07187565339211,15.562297541477134,40.69970771312937,8.096236874668499,3.9679224802812394,0.0,0.0,0.0,0.0,0.0,model4,15.0,False,3369.0
1123,2015-05-22T14:00:00Z,32.0,168.68480731063954,442.23204914257826,99.89969592905369,40.98268400389141,17.01031571695278,39.098752078313325,8.337846522698003,3.732490031866337,0.0,0.0,0.0,0.0,0.0,model4,15.0,False,3372.0
1124,2015-05-22T17:00:00Z,32.0,169.86729934592668,449.9524783327535,99.39781694201214,41.022326591417524,15.46641956233444,41.43109873388088,8.956261507376041,4.136425294493378,0.0,0.0,0.0,0.0,0.0,model4,15.0,False,3375.0
1125,2015-05-22T20:00:00Z,32.0,167.7437290843238,455.4662044703553,97.66226921709585,41.281117602924674,15.409699779079233,48.94595472385964,10.101482000235642,4.138547428855265,0.0,0.0,0.0,0.0,0.0,model4,15.0,False,3378.0
1126,2015-05-22T23:00:00Z,32.0,166.95497366009104,458.44572462905296,97.7966801549793,40.95126050784389,14.882702558004745,52.41687888437773,10.327080539580438,4.431257267383362,0.0,0.0,0.0,0.0,0.0,model4,15.0,False,3381.0
1127,2015-05-23T02:00:00Z,32.0,164.90937672208614,460.8667180551228,99.09278963102949,39.8239954530717,14.567513332173686,52.84089723483283,11.697594097635507,4.680531468986091,0.0,0.0,0.0,0.0,0.0,model4,15.0,False,3384.0
1128,2015-05-23T05:00:00Z,32.0,168.44719268581918,461.1969633875023,98.53102802250534,39.35344394676813,14.926056110108568,55.08308440069742,13.034705873872685,4.584376163266062,0.0,0.0,0.0,0.0,0.0,model4,15.0,False,3387.0
1129,2015-05-23T08:00:00Z,32.0,169.6319878854011,462.1538251906224,100.28560740888494,38.77999266541642,16.667941859879242,54.147859855304134,13.34223305913594,4.96099666137918,0.0,1.0,0.0,0.0,0.0,model4,15.0,False,3390.0
1130,2015-05-23T11:00:00Z,32.0,169.65160210792058,454.5868783468883,97.78525472474271,38.033619242771756,17.71691880946365,54.667759513553676,13.431310910118166,4.476205454898923,0.0,1.0,0.0,0.0,0.0,model4,15.0,False,3393.0
1131,2015-05-23T14:00:00Z,32.0,169.9776169775184,457.74994064448714,98.31263604244013,38.12791429445984,16.3211141587746,56.12417732788406,13.429106398415994,4.862770652606133,0.0,1.0,0.0,0.0,0.0,model4,15.0,False,3396.0
1132,2015-05-23T17:00:00Z,32.0,167.7699059041345,455.5469274436818,98.42315878195606,38.4964527462405,17.404715687695155,52.888111357871644,12.999401516225696,4.937002591756727,0.0,1.0,0.0,0.0,0.0,model4,15.0,False,3399.0
1133,2015-05-23T20:00:00Z,32.0,169.8967530677547,453.56613897161424,100.02734538400496,38.63341210365585,17.414167467115362,46.08867688745279,12.042760553304579,5.15361658445151,0.0,1.0,0.0,0.0,0.0,model4,15.0,False,3402.0
1134,2015-05-23T23:00:00Z,32.0,170.89465482644712,450.58695534750575,101.02042526291048,39.05173829769054,17.885056007529293,47.34687987573284,11.28148424340227,5.313668023233868,0.0,1.0,0.0,0.0,0.0,model4,15.0,False,3405.0
1135,2015-05-24T02:00:00Z,32.0,172.13719814285912,443.802904243628,99.19683368802185,40.73985693870589,19.020171119024702,52.88708292258614,9.894915052793204,6.148183376265737,0.0,1.0,0.0,0.0,0.0,model4,15.0,False,3408.0
1136,2015-05-24T05:00:00Z,32.0,171.73549302788888,438.5029235398002,98.24430788384821,40.37988896830032,18.172564426807426,50.531259454077976,8.9975509204735,6.566361928465634,0.0,1.0,0.0,0.0,0.0,model4,15.0,False,3411.0
1137,2015-05-24T08:00:00Z,32.0,171.27648263688067,440.0123106340593,96.42115329236212,40.82438515365797,16.48916060515137,53.41625639810297,8.389482125108517,6.283305643296387,0.0,0.0,0.0,0.0,0.0,model4,15.0,False,3414.0
1138,2015-05-24T11:00:00Z,32.0,170.7878892218917,444.3816792658448,99.61569006794895,40.73000448810049,15.864408000114036,52.014464461307895,9.312193138871036,6.3238992099402696,0.0,0.0,0.0,0.0,0.0,model4,15.0,False,3417.0
1139,2015-05-24T14:00:00Z,32.0,168.82469351098734,440.65919543130997,98.48712946633637,40.2723665161398,15.800197737190675,50.31303021701094,10.612347561587214,6.295411387250595,0.0,0.0,0.0,0.0,0.0,model4,15.0,False,3420.0
1140,2015-05-24T17:00:00Z,32.0,169.9843172948765,441.6437845593508,97.84590675022058,39.5053154902075,15.070932293735124,51.751977660458145,10.775272654763775,6.4643597206290675,0.0,0.0,0.0,0.0,0.0,model4,15.0,False,3423.0
1141,2015-05-24T20:00:00Z,32.0,168.02367313881618,437.13893835821597,97.24710591182695,38.529345309376176,15.620338274599233,50.504592391256246,10.685465754016553,6.3090774161861205,0.0,0.0,0.0,0.0,0.0,model4,15.0,False,3426.0
1142,2015-05-24T23:00:00Z,32.0,166.70420523789576,436.3341102093672,96.8454484704993,39.00828596663275,15.382899928562793,44.931912837281935,11.086756788492915,6.580722555250821,0.0,0.0,0.0,0.0,0.0,model4,15.0,False,3429.0
1143,2015-05-25T02:00:00Z,32.0,167.65054979076254,440.0452308436358,96.57070796139662,37.88237500544522,13.510126933962797,37.42292906464245,11.809311945537862,5.088584015338289,0.0,0.0,0.0,0.0,0.0,model4,15.0,False,3432.0
1144,2015-05-25T05:00:00Z,32.0,166.59282955179296,451.04705088697983,97.81861332564308,38.407734096604734,14.139643622244488,48.40948816112562,11.20137691301686,4.851839762518057,0.0,0.0,0.0,0.0,0.0,model4,15.0,False,3435.0
1145,2015-05-25T08:00:00Z,32.0,165.64973421312132,453.3082993155978,98.90649206572054,37.77350944381846,14.90962123455143,46.69247931071503,11.04788802949932,4.665847276045993,0.0,0.0,0.0,0.0,0.0,model4,15.0,False,3438.0
1146,2015-05-25T11:00:00Z,32.0,163.97765114900938,455.49092388092146,96.73160265184148,38.824180520249016,15.556803382663267,47.22667569688612,9.294237459897957,6.054507384523232,0.0,0.0,0.0,0.0,0.0,model4,15.0,False,3441.0
1147,2015-05-25T14:00:00Z,32.0,165.41988750187954,457.4873487774343,99.01507348473991,38.938616668685825,16.149979885056478,47.58927535724746,8.96347772092831,5.8468659548227695,0.0,0.0,0.0,0.0,0.0,model4,15.0,False,3444.0
1148,2015-05-25T17:00:00Z,32.0,164.53059005634486,456.8577475370012,102.11782805012264,40.01810749445863,15.674262622879484,46.726008230632,11.028822322759797,5.394298769213642,0.0,0.0,0.0,0.0,0.0,model4,15.0,False,3447.0
1149,2015-05-25T20:00:00Z,32.0,166.57660513902846,461.6105013622163,103.60809890876926,41.129050865324395,15.064032597275176,45.76259064699006,10.963780890439706,5.252408092428798,0.0,0.0,0.0,0.0,0.0,model4,15.0,False,3450.0
1150,2015-05-25T23:00:00Z,32.0,166.894560114249,457.922347471424,103.79761961303394,40.424065422128464,14.399525418333829,48.79351082469614,10.224685223274973,5.03209233467036,0.0,0.0,0.0,0.0,0.0,model4,15.0,False,3453.0
1151,2015-05-26T02:00:00Z,32.0,164.6857980380075,460.3541520027259,105.0998829316959,40.12345287809901,14.332055661175033,48.460682725005,9.88842057602917,5.489332192902892,0.0,0.0,0.0,0.0,0.0,model4,15.0,False,3456.0
1152,2015-05-26T05:00:00Z,32.0,165.87355796014958,453.68357234526,106.38724379569081,40.01616154570928,14.309134760413773,48.803999848039844,9.417408991894867,5.8150655721093525,0.0,0.0,0.0,0.0,0.0,model4,15.0,False,3459.0
1153,2015-05-26T08:00:00Z,32.0,166.7276686569474,445.325990107533,106.09042155981741,40.77158646898477,13.62846411468834,49.06177663163138,9.371471328105768,6.126312615091156,0.0,0.0,0.0,0.0,0.0,model4,15.0,False,3462.0
1154,2015-05-26T11:00:00Z,32.0,169.12214148375514,444.34255730224226,106.76406565150977,40.51511408482707,13.739203189826902,50.643066879377315,8.738089914075939,5.47589545688352,0.0,0.0,0.0,0.0,0.0,model4,15.0,False,3465.0
1155,2015-05-26T14:00:00Z,32.0,168.302377054304,444.5130826923045,106.76212624968142,40.59784552493888,15.59658478391149,49.28321589559132,9.637388486555137,5.520282808421356,0.0,0.0,0.0,0.0,0.0,model4,15.0,False,3468.0
1156,2015-05-26T17:00:00Z,32.0,169.9800150605493,441.7373357232015,104.20472119635711,40.472990530402996,15.6816686228023,49.878840726739035,9.198018164419627,5.566455520070559,0.0,0.0,0.0,0.0,0.0,model4,15.0,False,3471.0
1157,2015-05-26T20:00:00Z,32.0,169.38952721047,439.61749852226114,103.35594237182741,40.70355208635598,15.881386074234504,49.77651881166504,9.148823362712644,5.644507533844175,0.0,0.0,0.0,0.0,0.0,model4,15.0,False,3474.0
1158,2015-05-26T23:00:00Z,32.0,169.84281466828796,443.4471373839842,102.94236096957572,40.650200468297065,15.89513026301368,54.19216957891111,10.391429330714088,5.768730814385967,0.0,0.0,0.0,0.0,0.0,model4,15.0,False,3477.0
1159,2015-05-27T02:00:00Z,32.0,172.03895816431782,443.3781902321483,103.47158243089949,41.706371858945545,15.205708249273071,53.751304616677295,10.649458029782654,5.313080882699026,0.0,0.0,0.0,0.0,0.0,model4,15.0,False,3480.0
1160,2015-05-27T05:00:00Z,32.0,169.74513277999654,445.3493996865575,102.97184505273873,41.60310238682096,15.216085219692982,46.796436984620506,11.041345774546137,5.031853833042653,0.0,0.0,0.0,0.0,0.0,model4,15.0,False,3483.0
1161,2015-05-27T08:00:00Z,32.0,170.09619344653817,444.6859072617557,102.78713684615332,41.32558638192349,16.151149206334406,46.6517546199309,11.177977843265708,5.547443639614536,0.0,0.0,0.0,0.0,0.0,model4,15.0,False,3486.0
1162,2015-05-27T11:00:00Z,32.0,170.46845986122938,446.1915937141064,103.61456441716265,40.39474852636037,16.672203042843794,44.148691824051454,11.567063857892066,5.622277740150204,0.0,0.0,0.0,0.0,0.0,model4,15.0,False,3489.0
1163,2015-05-27T14:00:00Z,32.0,172.4474360145235,448.7927428742418,102.36501050174091,40.978589933878006,14.867844770047116,44.45235475244176,11.38123133315167,5.915155712695611,0.0,0.0,0.0,0.0,0.0,model4,15.0,False,3492.0
1164,2015-05-27T17:00:00Z,32.0,173.1166784421665,445.7564176851667,102.65426036398657,41.26239076993122,15.173168974171054,43.94649560760328,10.763962025936024,6.183889636340183,0.0,0.0,0.0,0.0,0.0,model4,15.0,False,3495.0
1165,2015-05-27T20:00:00Z,32.0,175.7413622790749,450.1353287505906,102.98241848678407,40.70210422735917,16.554888292319234,44.03907241113555,11.943770088747275,6.207759094466634,0.0,0.0,0.0,0.0,0.0,model4,15.0,False,3498.0
1166,2015-05-27T23:00:00Z,32.0,177.0027175147465,449.65939729467317,103.49401557031544,40.534391530047046,16.369151646537546,37.67268466295524,11.32585142110568,6.245532610747228,0.0,0.0,0.0,0.0,0.0,model4,15.0,False,3501.0
1167,2015-05-28T02:00:00Z,32.0,175.21855971124913,448.79898883301865,100.6260723711816,40.284882449408286,17.198424841658692,39.73992982758817,11.082081242659747,6.102321514756423,0.0,0.0,0.0,0.0,0.0,model4,15.0,False,3504.0
1168,2015-05-28T05:00:00Z,32.0,176.75864383523876,446.980324613918,101.77323196666376,41.27917909280635,16.425595504336528,44.8943071161105,11.769888306971627,6.192211615571368,0.0,0.0,0.0,0.0,0.0,model4,15.0,False,3507.0
1169,2015-05-28T08:00:00Z,32.0,177.39814219152458,452.69110278894516,102.0585771043922,41.02951224844149,14.857679023047485,44.519111915710866,12.631460243103962,5.604186442622282,0.0,0.0,0.0,0.0,0.0,model4,15.0,False,3510.0
1170,2015-05-28T11:00:00Z,32.0,174.37283318791424,454.65336612352326,100.89118244920587,41.38350466726529,16.194520627760767,44.09834040520651,12.913624811609766,5.210204491943252,0.0,0.0,0.0,0.0,0.0,model4,15.0,False,3513.0
1171,2015-05-28T14:00:00Z,32.0,172.40859510711013,455.19907759207365,100.12289859845363,41.118329590990975,15.84378474149913,46.15239221070628,12.478217435754619,4.773943934299399,0.0,0.0,0.0,0.0,0.0,model4,15.0,False,3516.0
1172,2015-05-28T17:00:00Z,32.0,171.27489292971242,456.330234735139,101.14664428618654,41.08866382028089,15.083055476399071,43.87437713511369,12.80685402977726,4.4766645969264784,0.0,0.0,0.0,0.0,0.0,model4,15.0,False,3519.0
1173,2015-05-28T20:00:00Z,32.0,169.25475660460424,451.80321545337057,101.08460802966104,41.04756542700397,12.291352948988994,44.765124011791656,12.215407694817431,4.289008633760464,0.0,0.0,0.0,0.0,0.0,model4,15.0,False,3522.0
1174,2015-05-28T23:00:00Z,32.0,168.04246869033668,454.44479233526886,100.92573861047377,41.194302134380095,11.977503102219224,43.537555790201424,11.993763875408973,3.9647099479506727,0.0,0.0,0.0,0.0,0.0,model4,15.0,False,3525.0
1175,2015-05-29T02:00:00Z,32.0,168.9785499890196,448.80401462076964,101.48615892005596,40.48169801056072,13.006748357160015,47.43722176279022,11.405320867076707,4.160019198014109,0.0,0.0,0.0,0.0,0.0,model4,15.0,False,3528.0
1176,2015-05-29T05:00:00Z,32.0,169.95556915991162,454.65229962201204,99.73752365050116,39.63996822477884,13.148222516388268,52.77540747463525,10.194122523690307,3.989445886608156,0.0,0.0,0.0,0.0,0.0,model4,15.0,False,3531.0
1177,2015-05-29T08:00:00Z,32.0,169.30667135389368,447.87906750854586,100.81002070641364,40.081444777871866,13.740892889213214,54.578506111747906,9.798776671991472,3.926979014145476,0.0,0.0,0.0,0.0,0.0,model4,15.0,False,3534.0
1178,2015-05-29T11:00:00Z,32.0,172.23722535550712,450.5351348917608,99.94787206249802,39.76701503814245,10.442451220892579,56.90007012038666,9.191194228043774,4.309496660227446,0.0,0.0,0.0,0.0,0.0,model4,15.0,False,3537.0
1179,2015-05-29T14:00:00Z,32.0,171.26182950873942,446.09135145666426,101.67950774022124,39.003014740324076,11.501353288581731,57.40327071907648,9.6350122048562,4.648692971519137,0.0,0.0,0.0,0.0,0.0,model4,15.0,False,3540.0
1180,2015-05-29T17:00:00Z,32.0,172.28736762563446,448.585631741996,101.36564932968085,38.632296379458644,13.41602044735409,56.82383403163576,9.406888990611638,4.60913485565702,0.0,0.0,0.0,0.0,0.0,model4,15.0,False,3543.0
1181,2015-05-29T20:00:00Z,32.0,170.23667012647473,449.0784489486503,99.24700592585712,38.75257379701032,15.373841212672858,55.64788740027267,9.889547577839485,4.5018077199162105,0.0,0.0,0.0,0.0,0.0,model4,15.0,False,3546.0
1182,2015-05-29T23:00:00Z,32.0,169.30758398836912,443.2873632338472,100.78218910365095,39.03644081473804,16.07135908709285,58.022514812011224,10.07936635226761,4.6645986012895015,0.0,0.0,0.0,0.0,0.0,model4,15.0,False,3549.0
1183,2015-05-30T02:00:00Z,32.0,168.86725893673824,449.8174901839973,99.26348056566658,39.52707589634353,15.105773294250026,55.189281383201816,11.6931457030573,4.848621124087634,0.0,0.0,0.0,0.0,0.0,model4,15.0,False,3552.0
1184,2015-05-30T05:00:00Z,32.0,168.57023445064118,436.89730190456015,99.47342837064144,39.97770754095071,14.754655047800286,51.071259235031995,11.62843760874027,4.749061240699474,0.0,0.0,0.0,0.0,0.0,model4,15.0,False,3555.0
1185,2015-05-30T08:00:00Z,32.0,169.84818590630815,441.5259056082414,98.21770409933596,39.499908916839814,15.618612938596067,50.03414795981308,10.79015243287807,4.836400588407216,0.0,0.0,0.0,0.0,0.0,model4,15.0,False,3558.0
1186,2015-05-30T11:00:00Z,32.0,170.89833332539342,430.97431206864655,99.17472072008378,39.93981935676843,16.022112885566802,46.59953269682503,10.472610813090768,4.619247120083225,0.0,0.0,0.0,0.0,0.0,model4,15.0,False,3561.0
1187,2015-05-30T14:00:00Z,32.0,169.57959462497845,430.9498668975602,99.32838308759108,40.54342856824564,16.79509496623374,43.123573957915106,10.39696179566837,4.082487117859225,0.0,0.0,0.0,0.0,0.0,model4,15.0,False,3564.0
1188,2015-05-30T17:00:00Z,32.0,169.57699967164058,427.3765122751578,99.01449894349594,40.9180260537504,15.382051004983929,42.964058429417726,10.244878367649836,3.9103119831982966,0.0,0.0,0.0,0.0,0.0,model4,15.0,False,3567.0
1189,2015-05-30T20:00:00Z,32.0,170.9502543282255,427.1135767986026,101.23667750034402,41.14108769164496,15.147221184974489,45.016588308426,9.06324194168401,3.996022112571746,0.0,0.0,0.0,0.0,0.0,model4,15.0,False,3570.0
1190,2015-05-30T23:00:00Z,32.0,170.7235521366971,434.17682183535317,99.43015902477586,40.91628376318066,14.019693767743425,45.31890447614993,9.553607137928251,4.532987841166247,0.0,0.0,0.0,0.0,0.0,model4,15.0,False,3573.0
1191,2015-05-31T02:00:00Z,32.0,170.22734881842808,430.5606941296693,101.37794357863743,40.02121306825649,14.29439495589478,45.71309149395986,6.937630809497996,4.8670725025071215,0.0,0.0,0.0,0.0,0.0,model4,15.0,False,3576.0
1192,2015-05-31T05:00:00Z,32.0,170.12782325041738,434.5610398233122,101.14866851115306,39.59389426392751,14.405240826903233,49.329862117644225,7.9092188948105075,4.700437002227208,0.0,0.0,0.0,0.0,0.0,model4,15.0,False,3579.0
1193,2015-05-31T08:00:00Z,32.0,169.68270996144824,429.60065305114114,100.8277092111768,40.531626331145866,14.341218039075219,55.17811145488242,8.57470790611258,4.763746595567574,0.0,0.0,0.0,0.0,0.0,model4,15.0,False,3582.0
1194,2015-05-31T11:00:00Z,32.0,168.6963452408609,431.96395481807497,99.55451448659649,41.17719192039032,15.086537626287699,54.011416232593916,9.53603795087938,5.1568055642440624,0.0,0.0,0.0,0.0,0.0,model4,15.0,False,3585.0
1195,2015-05-31T14:00:00Z,32.0,171.70170494870266,435.9525373402062,99.28261612157472,40.98720850359803,14.418232785974688,56.44252601174762,9.082330457717903,5.245338178468313,0.0,0.0,0.0,0.0,0.0,model4,15.0,False,3588.0
1196,2015-05-31T17:00:00Z,32.0,171.85773882860698,439.92358178530077,99.42950336526165,40.655039653615454,15.30332615031885,57.62612386111914,9.300280136784195,5.293266182411646,0.0,0.0,0.0,0.0,0.0,model4,15.0,False,3591.0
1197,2015-05-31T20:00:00Z,32.0,172.4354934535183,440.97736962434334,98.9858095941707,39.97467811449467,14.278543588089779,58.13339055604288,9.357712656719153,5.245402968309524,0.0,0.0,0.0,0.0,0.0,model4,15.0,False,3594.0
1198,2015-05-31T23:00:00Z,32.0,173.15423285468518,445.94400766454527,99.78977680286171,40.91585738296481,14.287505158416623,65.2217493870594,10.44968537722759,5.165442282791536,0.0,0.0,0.0,0.0,0.0,model4,15.0,False,3597.0
1199,2015-06-01T02:00:00Z,32.0,176.40706135212506,454.6777596899345,99.19857143222755,42.39444900572642,14.064460814960364,65.29625471299947,11.146958988808825,4.623969393828383,0.0,0.0,0.0,1.0,0.0,model4,15.0,False,3600.0
1200,2015-06-01T05:00:00Z,32.0,174.56157470015876,460.4303124270632,99.70867489306164,42.5848901070265,14.690108337122636,55.81360336461009,11.038367029217703,4.6086592553659385,0.0,0.0,0.0,1.0,0.0,model4,15.0,False,3603.0
1201,2015-06-01T08:00:00Z,32.0,175.95397033427002,461.9405728338176,99.86484470129358,41.770279173144296,14.321557789467708,47.87609744281494,10.727163343734057,4.664706920239831,0.0,0.0,0.0,1.0,0.0,model4,15.0,False,3606.0
1202,2015-06-01T11:00:00Z,32.0,175.28054783712105,460.0406913315514,100.98456867217035,40.94424056230943,14.125534364470624,49.387428485318345,10.14460318768034,4.251239121313889,0.0,0.0,0.0,1.0,0.0,model4,15.0,False,3609.0
1203,2015-06-01T14:00:00Z,32.0,174.70537155635276,456.48514348018205,100.16648574724798,41.42407145148212,13.649746671221695,53.51431048576504,10.293923777936318,4.403190214987103,0.0,0.0,0.0,1.0,0.0,model4,15.0,False,3612.0
1204,2015-06-01T17:00:00Z,32.0,174.14903758025392,451.0066841833533,100.03201158876568,41.79789154841383,13.542537978415847,55.2904370078569,10.523536052970362,4.712295325406447,0.0,0.0,0.0,1.0,0.0,model4,15.0,False,3615.0
1205,2015-06-01T20:00:00Z,32.0,173.0530079894873,457.4731918024958,100.79493666817272,41.73132295644043,13.039455363558881,56.089593193216494,10.641737869000062,5.475284049724916,0.0,0.0,0.0,1.0,0.0,model4,15.0,False,3618.0
1206,2015-06-01T23:00:00Z,32.0,174.42850171882503,447.4907774883178,100.62436722679176,40.81431036993216,13.284258653446564,52.10087061685173,8.573778256454409,5.235985733741608,0.0,0.0,0.0,1.0,0.0,model4,15.0,False,3621.0
1207,2015-06-02T02:00:00Z,32.0,173.65839460864836,439.529449326692,100.00370776611184,40.04497730427798,12.821174477198738,48.80766563730168,9.019913955657646,5.547539774488857,0.0,0.0,0.0,0.0,0.0,model4,15.0,False,3624.0
1208,2015-06-02T05:00:00Z,32.0,176.8688413684174,436.1100687730306,99.88243491838982,39.859703701667655,13.423826515980707,47.26298537930098,8.444475448066576,5.750038001799282,0.0,0.0,0.0,0.0,0.0,model4,15.0,False,3627.0
1209,2015-06-02T08:00:00Z,32.0,174.34910771558575,434.1947355808902,100.02180996734651,39.85694174816907,13.835665549374779,49.174428472118045,8.935759375588098,5.607127733851174,0.0,0.0,0.0,0.0,0.0,model4,15.0,False,3630.0
1210,2015-06-02T11:00:00Z,32.0,174.5874352223931,442.1870096140918,100.36400896287407,39.761509590081296,12.832691140245785,51.94823243468228,9.180328041822598,5.9056000082068385,0.0,0.0,0.0,0.0,0.0,model4,15.0,False,3633.0
1211,2015-06-02T14:00:00Z,32.0,174.58548611394463,447.3833353397307,101.37085927455229,39.02491830701212,12.578638996341514,51.45107626538779,11.643976894440124,5.815111439267971,0.0,0.0,0.0,0.0,0.0,model4,15.0,False,3636.0
1212,2015-06-02T17:00:00Z,32.0,175.20912454713033,453.9374463134294,100.42533522189414,38.1025084895473,11.937199368334324,49.51075626094791,11.572075510708075,5.364035135012802,0.0,0.0,0.0,0.0,0.0,model4,15.0,False,3639.0
1213,2015-06-02T20:00:00Z,32.0,176.99647107351848,450.8394955006449,100.15181390565748,38.377944452766,12.878885615532756,49.45934955376926,11.942161647879505,4.675728695814703,0.0,0.0,0.0,0.0,0.0,model4,15.0,False,3642.0
1214,2015-06-02T23:00:00Z,32.0,176.35445462760688,456.3267401375069,99.61929955100427,38.826443833498324,12.528455259413946,52.73417091046482,12.133916140839894,4.962951370401517,0.0,0.0,0.0,0.0,0.0,model4,15.0,False,3645.0
1215,2015-06-03T02:00:00Z,32.0,172.4942047496917,461.091178467472,101.36867243551785,38.38955516319649,15.393359392798578,51.58330932777515,11.248939985102737,4.659800031838269,0.0,0.0,0.0,0.0,0.0,model4,15.0,False,3648.0
1216,2015-06-03T05:00:00Z,32.0,169.177343187076,464.6292171312612,102.21112596382125,38.52759164014985,15.347062485544429,50.70251922889629,11.943185017817633,4.460039070856613,0.0,0.0,0.0,0.0,0.0,model4,15.0,False,3651.0
1217,2015-06-03T08:00:00Z,32.0,168.11153851604695,468.30334917929457,102.85737047939922,38.13112024505159,15.227780348020804,47.80749686752283,11.426955352436087,4.8385811551735785,0.0,0.0,0.0,0.0,0.0,model4,15.0,False,3654.0
1218,2015-06-03T11:00:00Z,32.0,168.2180508839105,460.34602122926873,101.63055312831577,37.952883850278994,15.264617343056752,51.744683913766615,11.650599668122025,5.394386530681528,0.0,0.0,0.0,0.0,0.0,model4,15.0,False,3657.0
1219,2015-06-03T14:00:00Z,32.0,168.37524076438783,453.83483711905444,99.52023087022108,38.67464376623883,15.305278694544695,49.29169006696914,10.77611846551888,5.548311731573691,0.0,0.0,0.0,0.0,0.0,model4,15.0,False,3660.0
1220,2015-06-03T17:00:00Z,32.0,168.85739549003705,443.85333492872843,100.50427795705065,38.52584905476447,15.667535976059515,64.75352843898497,10.898185047674207,5.6726844724797125,0.0,0.0,0.0,0.0,0.0,model4,15.0,False,3663.0
1221,2015-06-03T20:00:00Z,32.0,166.1049911442984,444.56753192354194,100.47336255760412,38.822161973008775,13.885802341666427,65.33994715748419,10.396552271106517,5.743877984514822,0.0,0.0,0.0,0.0,0.0,model4,15.0,False,3666.0
1222,2015-06-03T23:00:00Z,32.0,163.68709401993138,443.325855995991,100.84964864214695,38.39436404498888,13.9875579929071,60.08268243492755,10.608555759742918,5.627708576534804,0.0,0.0,0.0,0.0,0.0,model4,15.0,False,3669.0
1223,2015-06-04T02:00:00Z,32.0,166.98895272065286,438.975473823249,99.85326354421812,38.66949626677482,15.303628494743409,59.38907549865079,11.127927208212054,5.535222230094303,0.0,0.0,0.0,0.0,0.0,model4,15.0,False,3672.0
1224,2015-06-04T05:00:00Z,32.0,167.81020877384788,434.49527733183027,98.18784342419588,38.671891758025296,13.505414553054173,63.647737372090006,10.936879908567489,5.431871694740502,0.0,0.0,0.0,0.0,0.0,model4,15.0,False,3675.0
1225,2015-06-04T08:00:00Z,32.0,169.53743178949492,442.93215875144233,96.88976413689345,39.11321215736846,13.090484831770047,67.97629613090481,11.137361256000702,5.1056369767883485,0.0,0.0,0.0,0.0,0.0,model4,15.0,False,3678.0
1226,2015-06-04T11:00:00Z,32.0,169.96929935807503,454.33912378360617,98.44392434435144,39.726909637100405,13.998648021950705,67.77256746158244,11.232405475543857,4.306037683630083,0.0,0.0,0.0,0.0,0.0,model4,15.0,False,3681.0
1227,2015-06-04T14:00:00Z,32.0,170.23932153836375,456.17150656900736,99.37633057740808,39.36330967598001,14.043737986666727,68.22182283407625,9.77108725096256,4.142376517856621,0.0,0.0,0.0,0.0,0.0,model4,15.0,False,3684.0
1228,2015-06-04T17:00:00Z,32.0,168.83556437693537,463.9249115369583,97.8527320240178,39.78573530446271,13.408119793189762,52.26973630544672,10.203207185823981,4.9703459121437685,0.0,0.0,0.0,0.0,0.0,model4,15.0,False,3687.0
1229,2015-06-04T20:00:00Z,32.0,168.61430295487563,454.97382314049827,96.5561443948222,39.58915630080389,14.45824235006044,52.04307639441824,9.911347944594898,4.887666104382263,0.0,0.0,0.0,0.0,0.0,model4,15.0,False,3690.0
1230,2015-06-04T23:00:00Z,32.0,172.96935225476247,455.2807549074178,97.10382269105897,39.18050762823413,15.345030794440785,51.62066640029857,10.10569525837,5.015637080101518,0.0,0.0,0.0,0.0,0.0,model4,15.0,False,3693.0
1231,2015-06-05T02:00:00Z,32.0,172.97117096828663,451.2027188653557,96.64582454618868,39.160666294423336,13.149704110215053,55.4728963989991,9.743943450080133,4.6598062451104,0.0,0.0,0.0,0.0,0.0,model4,15.0,False,3696.0
1232,2015-06-05T05:00:00Z,32.0,173.46137314987155,457.7223696604552,98.44591953798893,38.693126740009646,13.40469685663527,50.252134005143006,9.809360605493127,5.028721474295709,0.0,0.0,0.0,0.0,0.0,model4,15.0,False,3699.0
1233,2015-06-05T08:00:00Z,32.0,172.49057834314016,448.9701781052056,97.92078125328443,38.94918481566992,14.622927762247866,45.2030010254015,10.572126930955037,5.229205790227463,0.0,0.0,0.0,0.0,0.0,model4,15.0,False,3702.0
1234,2015-06-05T11:00:00Z,32.0,172.02394612707667,441.69014503219336,96.56274995665753,38.4595146495781,14.008864075748932,39.4445434796244,10.63801955434146,5.101969175646283,0.0,0.0,0.0,0.0,0.0,model4,15.0,False,3705.0
1235,2015-06-05T14:00:00Z,32.0,173.09167190739154,435.814674807695,97.53467878271552,38.93083074700635,14.60423150068124,45.71828043149289,11.145392651361453,5.260741959892647,0.0,0.0,0.0,0.0,0.0,model4,15.0,False,3708.0
1236,2015-06-05T17:00:00Z,32.0,173.47303952989225,436.10156548713996,97.55227017579064,38.75393725005024,15.113987330875338,45.77702988166659,10.368773541170887,4.781458421268696,0.0,0.0,0.0,0.0,0.0,model4,15.0,False,3711.0
1237,2015-06-05T20:00:00Z,32.0,175.1551061222398,435.66593227021326,98.1004725754978,38.136702723414174,13.203565989731604,50.47005841187434,10.586421058055755,4.823434993223566,0.0,0.0,0.0,0.0,0.0,model4,15.0,False,3714.0
1238,2015-06-05T23:00:00Z,32.0,172.4973309865964,433.7478698896129,97.91648907822521,38.68724065737225,11.353139305823245,48.91168416973549,10.348917941459025,4.63583915648388,0.0,0.0,0.0,0.0,0.0,model4,15.0,False,3717.0
1239,2015-06-06T02:00:00Z,32.0,172.5003903274102,438.5380542580657,98.92698740378636,38.987228278155186,12.330500953309762,45.73204186171157,10.356725744195314,4.790178462482514,0.0,0.0,0.0,0.0,0.0,model4,15.0,False,3720.0
1240,2015-06-06T05:00:00Z,32.0,172.46469457871834,434.0421583460015,99.17333915406073,39.69757434237583,13.312014225620082,42.719833433876865,10.5064778475752,4.598344636202955,0.0,0.0,0.0,0.0,0.0,model4,15.0,False,3723.0
1241,2015-06-06T08:00:00Z,32.0,172.93118837816746,439.923484196712,101.07482607666216,39.8180604294843,12.501735705323775,47.130817077647215,9.28499317737818,5.086590618954116,0.0,0.0,0.0,0.0,0.0,model4,15.0,False,3726.0
1242,2015-06-06T11:00:00Z,32.0,171.9580395133633,438.9386295736925,102.29499175930998,39.48931146308601,12.921322233238527,47.73709343691987,8.319468056619407,5.382734840224444,0.0,0.0,0.0,0.0,0.0,model4,15.0,False,3729.0
1243,2015-06-06T14:00:00Z,32.0,170.16074158613384,447.4646516731671,101.35167377127615,38.695244118243814,12.464880186599148,40.559093551953524,7.988782730324847,6.016695856122137,0.0,0.0,0.0,0.0,0.0,model4,15.0,False,3732.0
1244,2015-06-06T17:00:00Z,32.0,169.62297759815678,450.6018689810248,101.80304850298,39.65085840078029,11.297905137993727,39.0337776385897,8.252304550706143,5.8504031157119885,0.0,0.0,0.0,0.0,0.0,model4,15.0,False,3735.0
1245,2015-06-06T20:00:00Z,32.0,169.46088322430774,456.5864010286744,101.52177033878051,40.35117482712485,12.391248650568167,27.208660827731308,7.906848857820834,6.0111430530630745,0.0,0.0,0.0,0.0,0.0,model4,15.0,False,3738.0
1246,2015-06-06T23:00:00Z,32.0,170.52488141660882,457.3554048652481,102.0500005022852,40.12016381164672,12.417836857424321,29.836689602181874,8.108455750819891,6.083671083047353,0.0,0.0,0.0,0.0,0.0,model4,15.0,False,3741.0
1247,2015-06-07T02:00:00Z,32.0,170.81598816453513,465.4750848306505,103.58870897369604,40.29948258157036,11.795496349786431,37.082802348094056,9.789729406092103,6.1850117885385325,0.0,0.0,0.0,0.0,0.0,model4,15.0,False,3744.0
1248,2015-06-07T05:00:00Z,32.0,171.4762313984138,466.8012433097397,102.31422967698894,39.85519566620855,10.423123876864151,35.974605673076226,9.744957071167287,6.641480122492187,0.0,0.0,0.0,0.0,0.0,model4,15.0,False,3747.0
1249,2015-06-07T08:00:00Z,32.0,172.68190779537468,462.8266798611354,100.30266411084429,39.93089636725218,10.591853173184806,37.60356897622925,10.608107202216676,6.123781857009803,0.0,0.0,0.0,0.0,0.0,model4,15.0,False,3750.0
1250,2015-06-07T11:00:00Z,32.0,173.94355903844516,465.3026909392415,101.01592622098565,40.42308632185821,10.362048380844099,38.38340264165872,11.118012843760537,5.9030711834141325,0.0,0.0,0.0,0.0,0.0,model4,15.0,False,3753.0
1251,2015-06-07T14:00:00Z,32.0,175.06460270157783,471.5275348083262,99.97471662572005,40.99552913610678,10.341577827399425,48.486213927000044,11.542606574015947,4.887449342388564,0.0,0.0,0.0,0.0,0.0,model4,15.0,False,3756.0
1252,2015-06-07T17:00:00Z,32.0,172.03860632622158,467.7987703775028,100.59010686522508,40.582252035462425,14.35806092167592,49.72676807738989,11.568346024002546,4.697829914125758,0.0,0.0,0.0,0.0,0.0,model4,15.0,False,3759.0
1253,2015-06-07T20:00:00Z,32.0,172.7959800593535,457.0483160057801,100.59027269012272,40.63215172883762,13.638579458479516,65.61978457122878,12.355949478657394,4.23810841314111,0.0,0.0,0.0,0.0,0.0,model4,15.0,False,3762.0
1254,2015-06-07T23:00:00Z,32.0,170.55933910544096,453.68661931176763,100.97481363611669,40.85059923130463,14.402525104043159,70.5630461867443,13.053584006606386,4.148981160173338,0.0,0.0,0.0,0.0,0.0,model4,15.0,False,3765.0
1255,2015-06-08T02:00:00Z,32.0,170.77223066201813,450.77751840326835,98.89350686471391,40.072662151401296,14.401745680792693,68.58876375956761,11.691384740129877,4.509357615568281,0.0,0.0,0.0,0.0,0.0,model4,15.0,False,3768.0
1256,2015-06-08T05:00:00Z,32.0,167.9561335535351,447.9346780656625,97.86425867985164,39.63556921213706,15.458795565564735,73.13923578052297,11.767145202141926,3.915205416198982,0.0,0.0,0.0,0.0,0.0,model4,15.0,False,3771.0
1257,2015-06-08T08:00:00Z,32.0,166.32531277362796,443.4677464728891,99.38607822293972,39.41247280500772,14.40191593433645,74.9976968893799,12.636396916120761,4.325906633047431,0.0,0.0,0.0,0.0,0.0,model4,15.0,False,3774.0
1258,2015-06-08T11:00:00Z,32.0,166.4779759873615,447.6083508567376,98.22344136053354,39.88658911345304,14.765506842133552,76.33435776007977,11.976104190042006,4.2063075961908485,0.0,0.0,0.0,0.0,0.0,model4,15.0,False,3777.0
1259,2015-06-08T14:00:00Z,32.0,165.8434179489355,429.51230550841484,99.92161128921416,40.3698413033672,14.412104243504212,71.07548292465032,12.233190021685214,4.881564230655784,0.0,0.0,0.0,0.0,0.0,model4,15.0,False,3780.0
1260,2015-06-08T17:00:00Z,32.0,168.65041026320426,432.4619016014643,99.95637896116446,40.34255412386453,12.24893540036315,73.01020383711473,11.909483312776413,5.244777236081012,0.0,0.0,0.0,0.0,0.0,model4,15.0,False,3783.0
1261,2015-06-08T20:00:00Z,32.0,171.06577076259126,447.9548706181569,99.54832456450842,40.53360861130759,15.087616364714494,66.18691461321382,11.392943960701654,5.354689174073238,0.0,0.0,0.0,0.0,0.0,model4,15.0,False,3786.0
1262,2015-06-08T23:00:00Z,32.0,172.73875373432222,447.9151298825184,98.04009482113399,40.76028387962021,14.398786803544647,61.41516529525276,10.151145703394493,5.509837693091916,0.0,0.0,0.0,0.0,0.0,model4,15.0,False,3789.0
1263,2015-06-09T02:00:00Z,32.0,171.49049567310269,441.07594945764083,99.47203323228626,40.41025413667828,14.030135937160384,57.84640820828832,10.081218886722183,5.876199495995407,0.0,0.0,0.0,0.0,0.0,model4,15.0,False,3792.0
1264,2015-06-09T05:00:00Z,32.0,172.90781036526215,447.6099544716996,99.8871837433506,41.019277382383436,12.596674551087608,56.220761444217864,9.987033140677218,5.626635193703791,0.0,0.0,0.0,0.0,0.0,model4,15.0,False,3795.0
1265,2015-06-09T08:00:00Z,32.0,173.67779694357816,452.7948695841876,99.43155047275968,40.81032921024981,12.12873872006398,55.03090584655318,8.431052581943867,5.432925732727304,0.0,0.0,0.0,0.0,0.0,model4,15.0,False,3798.0
1266,2015-06-09T11:00:00Z,32.0,172.2538308590559,443.3078989695411,98.60919678829536,39.80892833484353,12.806201454959009,52.665074770221565,8.598924954875583,6.194514417144827,0.0,0.0,0.0,0.0,0.0,model4,15.0,False,3801.0
1267,2015-06-09T14:00:00Z,32.0,172.56678269514177,452.4317510057531,97.15310741893272,39.19248606705449,12.803844145720362,45.14206926509823,8.221560467201824,5.728867123719901,0.0,0.0,0.0,0.0,0.0,model4,15.0,False,3804.0
1268,2015-06-09T17:00:00Z,32.0,174.3587546868229,453.4866402567092,97.15766164953352,38.67830669169672,13.040244497555086,45.1848214415785,8.319367655264845,5.344835481970168,0.0,0.0,0.0,0.0,0.0,model4,15.0,False,3807.0
1269,2015-06-09T20:00:00Z,32.0,169.50564279904958,448.02117834837645,97.84318460279836,38.44497094120991,11.550882587795885,47.39505503417318,9.144349154597627,5.21876123720171,0.0,0.0,0.0,0.0,0.0,model4,15.0,False,3810.0
1270,2015-06-09T23:00:00Z,32.0,170.8371838149646,450.0006168667728,98.40459744019243,37.78042998941637,12.673565848246634,46.84610230502759,9.112814907973098,5.4171844033640015,0.0,0.0,0.0,0.0,0.0,model4,15.0,False,3813.0
1271,2015-06-10T02:00:00Z,32.0,170.0714345630258,445.8960907324067,98.4247701675026,38.0778870099829,15.41547302676124,55.17089357582943,9.165158468262604,5.536813246014569,0.0,0.0,0.0,0.0,0.0,model4,15.0,False,3816.0
1272,2015-06-10T05:00:00Z,32.0,170.05459392450243,446.8286050217356,100.5102087107448,37.99273491433173,16.022428511033375,56.53878476468844,10.02612836916374,5.711747929330963,0.0,0.0,0.0,0.0,0.0,model4,15.0,False,3819.0
1273,2015-06-10T08:00:00Z,32.0,169.788530956863,446.2655863671213,100.01371860114088,38.38117110885228,17.420248774249057,54.52258695988208,9.880346703826048,5.744791192742894,0.0,0.0,0.0,0.0,0.0,model4,15.0,False,3822.0
1274,2015-06-10T11:00:00Z,32.0,170.451075173044,446.93591758148943,100.62158712154041,38.61864010520015,16.83797760166154,54.21746662000717,10.126521855014095,5.093730275992948,0.0,0.0,0.0,0.0,0.0,model4,15.0,False,3825.0
1275,2015-06-10T14:00:00Z,32.0,170.01932613871574,444.1509214082882,101.74293172238798,38.399781408277434,16.333170026996648,58.40029260276181,9.435072072365985,4.903900690412627,0.0,0.0,0.0,0.0,0.0,model4,15.0,False,3828.0
1276,2015-06-10T17:00:00Z,32.0,168.57345778397175,448.74228122153534,102.21785127451919,38.91498500254878,15.744985707790232,60.217018702899075,10.02739309293973,4.9730465219739965,0.0,0.0,0.0,0.0,0.0,model4,15.0,False,3831.0
1277,2015-06-10T20:00:00Z,32.0,171.04498156097316,443.03690693436135,102.06195796040899,38.662692684511754,16.10731521832986,58.636363581368435,9.053353648623528,5.1984767585043725,0.0,0.0,0.0,0.0,0.0,model4,15.0,False,3834.0
1278,2015-06-10T23:00:00Z,32.0,171.38133124658387,448.72716851216285,102.42847670543541,38.83522176403911,16.524472403910092,60.86414853521981,8.881105920628919,4.77317177568538,0.0,0.0,0.0,0.0,0.0,model4,15.0,False,3837.0
1279,2015-06-11T02:00:00Z,32.0,171.64211225575053,454.0743520431738,101.93535038983276,39.44643540103725,14.510757031092727,55.854645860043924,8.61763518386546,4.02693589264079,0.0,0.0,0.0,0.0,0.0,model4,15.0,False,3840.0
1280,2015-06-11T05:00:00Z,32.0,173.72556332610642,446.2873189974278,99.66320587279385,39.13709548104333,14.167801785733953,50.82498863605726,8.473660454340326,3.6466906851245913,0.0,0.0,0.0,0.0,0.0,model4,15.0,False,3843.0
1281,2015-06-11T08:00:00Z,32.0,175.39423684656572,444.22079334515433,99.36350500866446,39.13765401007557,12.525002334143936,49.75245057982174,8.813488191318411,3.9478051710400175,0.0,0.0,0.0,0.0,0.0,model4,15.0,False,3846.0
1282,2015-06-11T11:00:00Z,32.0,176.5131544235215,450.43217100950005,99.80377579796196,39.199874317885524,11.923237719193931,53.26607365497746,8.282141444094666,4.203049412823011,0.0,0.0,0.0,0.0,0.0,model4,15.0,False,3849.0
1283,2015-06-11T14:00:00Z,32.0,175.77301703394508,455.3639012861309,100.37087690627293,39.11710167392693,12.777045756586512,53.51006539765304,8.58503542694307,4.448795078410964,0.0,0.0,0.0,0.0,0.0,model4,15.0,False,3852.0
1284,2015-06-11T17:00:00Z,32.0,176.241042227699,454.17469527721687,100.20404695756059,39.34591575067653,12.575031620835338,52.94951503151296,7.348336278704518,4.466808330195837,0.0,0.0,0.0,0.0,0.0,model4,15.0,False,3855.0
1285,2015-06-11T20:00:00Z,32.0,176.82703102359014,456.220795420552,100.81807534188759,39.13140188096784,11.745383561675625,51.07547309842509,7.514048187413567,4.036126554444706,0.0,0.0,0.0,0.0,0.0,model4,15.0,False,3858.0
1286,2015-06-11T23:00:00Z,32.0,179.8261129733001,452.755005325674,100.33019289066984,39.488877647282116,16.015629841984033,50.82286880831911,7.6697087535616575,4.198106302753795,0.0,0.0,0.0,0.0,0.0,model4,15.0,False,3861.0
1287,2015-06-12T02:00:00Z,32.0,183.1488929037653,453.2191661346942,100.2172992128408,39.390474670201954,15.390769160969734,47.51064038025746,8.626009506281997,4.224136420555686,0.0,0.0,0.0,0.0,0.0,model4,15.0,False,3864.0
1288,2015-06-12T05:00:00Z,32.0,185.49723168813716,458.0583001786249,101.12486759426216,39.45651250381394,16.623842815779962,48.2334386316429,8.882575593277817,4.681194787754809,0.0,0.0,0.0,0.0,0.0,model4,15.0,False,3867.0
1289,2015-06-12T08:00:00Z,32.0,185.40565225022408,459.4237961301243,101.47522747585128,39.251670276866534,18.054557509655137,47.959375222247886,8.502409837989891,4.3364803646308525,0.0,0.0,0.0,0.0,0.0,model4,15.0,False,3870.0
1290,2015-06-12T11:00:00Z,32.0,186.11444216967004,454.23264687921517,99.95630406172766,39.51107424076475,18.285954632652626,46.65986402193803,9.506396290195534,4.04493510240571,0.0,0.0,0.0,0.0,0.0,model4,15.0,False,3873.0
1291,2015-06-12T14:00:00Z,32.0,190.1669073719885,448.6667612486737,99.37191749699171,39.40201442226083,17.07136518591449,46.8944056837044,10.244911984736817,3.9866447785286407,0.0,0.0,0.0,0.0,0.0,model4,15.0,False,3876.0
1292,2015-06-12T17:00:00Z,32.0,192.4280544242154,442.3809434264177,98.8733370857736,38.589286950280425,16.331214659283784,43.079010547421454,10.19801361029485,4.008154359586056,0.0,0.0,0.0,0.0,0.0,model4,15.0,False,3879.0
1293,2015-06-12T20:00:00Z,32.0,193.55278159712228,448.17701863756446,98.84627085842222,39.33826356810775,15.683051471262221,45.689625038599566,10.118645575306504,4.518641021851857,0.0,0.0,0.0,0.0,0.0,model4,15.0,False,3882.0
1294,2015-06-12T23:00:00Z,32.0,191.85460721101413,449.3962796840365,98.51672555234829,39.05802742882613,14.290738922664607,53.649213264908816,9.913697958591783,4.114689716123826,0.0,0.0,0.0,0.0,0.0,model4,15.0,False,3885.0
1295,2015-06-13T02:00:00Z,32.0,190.3512309912035,448.0015050602729,98.94994460619252,39.44620029204897,14.5576247503795,55.28355070938545,9.286766931796656,4.261980976006096,0.0,0.0,0.0,0.0,0.0,model4,15.0,False,3888.0
1296,2015-06-13T05:00:00Z,32.0,189.33542511035702,445.1596585076044,100.80419409564834,39.77694170460902,14.600655462092867,54.22081513654298,10.503312354671849,3.908153892234208,0.0,0.0,0.0,0.0,0.0,model4,15.0,False,3891.0
1297,2015-06-13T08:00:00Z,32.0,188.97750551758136,446.03122263953895,100.59640674609926,39.442946330653314,15.33331222943753,53.44260355863496,11.168009865729058,4.168030349443527,0.0,0.0,0.0,0.0,0.0,model4,15.0,False,3894.0
1298,2015-06-13T11:00:00Z,32.0,191.54717882815547,448.4665430634169,100.10972718927832,39.61409240322743,15.116873086673147,52.424025699333676,11.921455674795412,4.144034532656813,0.0,0.0,0.0,0.0,0.0,model4,15.0,False,3897.0
1299,2015-06-13T14:00:00Z,32.0,191.1172886938504,450.24948474153837,101.19042836051784,40.088129431104115,14.054472163506944,46.92548420957729,12.182775965425849,3.8922514687575727,0.0,0.0,0.0,0.0,0.0,model4,15.0,False,3900.0
1300,2015-06-13T17:00:00Z,32.0,189.24810869285355,451.411761432036,100.59574405323193,40.98941114128335,15.074506029969307,47.719102987368224,12.45022083865132,3.6752822215581205,0.0,0.0,0.0,0.0,0.0,model4,15.0,False,3903.0
1301,2015-06-13T20:00:00Z,32.0,188.48194233768902,448.4597734207972,101.76813523747408,40.765604787021644,15.172718275366792,46.67929037369726,12.922348408727787,3.68544573996477,0.0,0.0,0.0,0.0,0.0,model4,15.0,False,3906.0
1302,2015-06-13T23:00:00Z,32.0,185.36321247003258,437.63136863202783,103.42270856415888,41.22934114395143,15.93554016034086,42.16554659961526,13.113160094830024,3.6819724051390468,0.0,0.0,0.0,0.0,0.0,model4,15.0,False,3909.0
1303,2015-06-14T02:00:00Z,32.0,182.835724880515,440.48555009536835,102.9669180598612,41.54704012425028,18.255182143173503,42.93852322360295,13.527826060231972,3.771753619818148,0.0,0.0,0.0,0.0,0.0,model4,15.0,False,3912.0
1304,2015-06-14T05:00:00Z,32.0,180.30174272164768,445.48274507807406,101.29175605884487,41.074115191897576,18.688996124904865,46.01882828162514,12.283196412517896,4.0688879922054655,0.0,0.0,0.0,0.0,0.0,model4,15.0,False,3915.0
1305,2015-06-14T08:00:00Z,32.0,177.81070852105478,446.01458225272535,102.30520103444609,41.389820027596436,18.51817218085232,45.9708786410705,11.606586259566539,4.748662202075517,0.0,0.0,0.0,0.0,0.0,model4,15.0,False,3918.0
1306,2015-06-14T11:00:00Z,32.0,173.9466175528094,442.6841361239813,103.31972971188335,41.157823996592384,16.2947750866551,51.30841351029483,10.250932450843466,4.8292085128768205,0.0,0.0,0.0,0.0,0.0,model4,15.0,False,3921.0
1307,2015-06-14T14:00:00Z,32.0,172.27973225764168,444.33672882304916,101.72165835940993,41.478303325933844,14.779922656341588,54.24809476555886,9.98966353433639,4.920350272386373,0.0,0.0,0.0,0.0,0.0,model4,15.0,False,3924.0
1308,2015-06-14T17:00:00Z,32.0,170.82223034023545,443.7319844179059,102.47714951281374,40.92595308769158,16.378955418040313,54.386203969034135,11.257170855991454,4.935261544972076,0.0,0.0,0.0,0.0,0.0,model4,15.0,False,3927.0
1309,2015-06-14T20:00:00Z,32.0,169.76962908200838,442.3577929284808,101.70852197573649,40.860203292682684,15.38071508220855,52.92877999885541,11.113264802998735,5.602615110251271,0.0,0.0,0.0,0.0,0.0,model4,15.0,False,3930.0
1310,2015-06-14T23:00:00Z,32.0,168.87144056857662,451.37329448056465,100.87961639082796,40.19909089278203,15.123256308633255,53.27153368712551,10.813103833703128,5.771133988452963,0.0,0.0,0.0,0.0,0.0,model4,15.0,False,3933.0
1311,2015-06-15T02:00:00Z,32.0,168.32582948523222,447.3306880363632,102.09079131895766,39.12891346343445,16.576644150269395,52.250453471794756,11.064299024073955,5.614254826496862,0.0,0.0,0.0,0.0,0.0,model4,15.0,False,3936.0
1312,2015-06-15T05:00:00Z,32.0,168.65959052219822,442.28375024943466,101.18663883018684,39.23600981713439,15.077792842525975,52.29343654087507,11.179143794071262,5.4378273071181455,0.0,0.0,0.0,0.0,0.0,model4,15.0,False,3939.0
1313,2015-06-15T08:00:00Z,32.0,170.88697588027287,448.5688192934919,102.36640047865832,39.30053169854968,15.119815681793678,58.84435674827554,11.218783846205532,4.600691075716803,0.0,0.0,0.0,0.0,0.0,model4,15.0,False,3942.0
1314,2015-06-15T11:00:00Z,32.0,170.222034982519,440.7743016703976,103.14035362523708,39.89065837551736,14.764223820102346,62.86779718210949,10.725801956325821,4.935749354175749,0.0,0.0,0.0,0.0,0.0,model4,15.0,False,3945.0
1315,2015-06-15T14:00:00Z,32.0,166.9618103073409,443.60764308646895,103.61481463522142,39.17409866460007,15.603180565695546,63.670762891607545,10.42378863269638,4.730757824106543,0.0,0.0,0.0,0.0,0.0,model4,15.0,False,3948.0
1316,2015-06-15T17:00:00Z,32.0,166.27723469514336,448.00091258905496,104.17517608133451,39.24940634782728,13.019531688573176,64.07032325116519,8.782705964998678,4.851331524214367,0.0,0.0,0.0,0.0,0.0,model4,15.0,False,3951.0
1317,2015-06-15T20:00:00Z,32.0,164.91777705687778,452.5757537263123,103.42608527953766,38.760765804448745,12.753183993852515,66.71721929991229,8.639507364452756,3.773293669388412,0.0,0.0,0.0,0.0,0.0,model4,15.0,False,3954.0
1318,2015-06-15T23:00:00Z,32.0,166.02536402508966,443.30196237938316,102.55185667225064,39.560996188201756,15.210606376727235,64.57833389617855,8.81291779075968,4.036531392830024,0.0,0.0,0.0,0.0,0.0,model4,15.0,False,3957.0
1319,2015-06-16T02:00:00Z,32.0,167.7746213162938,448.5930950848087,100.19193965924481,39.63618525539624,13.357656448497677,64.48804655081733,8.752477427162269,3.942134972592692,0.0,0.0,0.0,0.0,0.0,model4,15.0,False,3960.0
1320,2015-06-16T05:00:00Z,32.0,166.43901877279933,449.6025043132023,100.73038257819543,40.081987965717076,12.988828951909005,61.97174382313607,8.75676743019371,3.942472220752734,0.0,0.0,0.0,0.0,0.0,model4,15.0,False,3963.0
1321,2015-06-16T08:00:00Z,32.0,166.4347701065745,443.88972531242445,99.98496417912865,39.31078790509861,12.768906821938744,55.5990709969396,8.062202752059394,4.437396485913089,0.0,0.0,0.0,0.0,0.0,model4,15.0,False,3966.0
1322,2015-06-16T11:00:00Z,32.0,167.94850588489632,453.26380021265817,99.471598962004,38.997443774073226,14.079858449960465,48.92538260221768,8.470933683841077,4.156611951383087,0.0,0.0,0.0,0.0,0.0,model4,15.0,False,3969.0
1323,2015-06-16T14:00:00Z,32.0,169.38466473781045,455.9801085626194,99.42795161762274,38.79589658758145,12.334468987835884,46.51392208593121,7.7117104063424815,4.4057997585343935,0.0,0.0,0.0,0.0,0.0,model4,15.0,False,3972.0
1324,2015-06-16T17:00:00Z,32.0,171.11307014999966,450.9051292630722,97.98754767523212,38.888026146308704,13.775398604852187,45.11710068281757,7.6209218478845395,4.494991183729204,0.0,0.0,0.0,0.0,0.0,model4,15.0,False,3975.0
1325,2015-06-16T20:00:00Z,32.0,171.74000853749197,445.39517926054634,97.52536004247291,39.21907069008019,14.3113336794259,43.52263320301281,7.484832081185933,4.560199982083182,0.0,0.0,0.0,0.0,0.0,model4,15.0,False,3978.0
1326,2015-06-16T23:00:00Z,32.0,173.12843612780446,451.497740556349,98.76315435163755,38.89367998072159,13.618495987851677,38.24438673740345,7.957355258987838,4.313252285086942,0.0,0.0,0.0,0.0,0.0,model4,15.0,False,3981.0
1327,2015-06-17T02:00:00Z,32.0,172.91422068101687,443.4821552038038,100.45057976229909,38.291346895860244,14.415321301777878,43.90572665846232,7.605449091259048,5.141122333560485,0.0,0.0,0.0,0.0,0.0,model4,15.0,False,3984.0
1328,2015-06-17T05:00:00Z,32.0,173.85797098181854,439.9520735282052,100.06999019289101,38.56716232888002,14.20194494007745,55.675770202834045,8.169993347186217,5.421209516307224,0.0,0.0,0.0,0.0,0.0,model4,15.0,False,3987.0
1329,2015-06-17T08:00:00Z,32.0,172.9430591129005,441.29726370610405,100.54320076865322,39.03394610469426,14.349856990334153,57.55458875335568,9.015862275770107,5.392519883188995,0.0,0.0,0.0,0.0,0.0,model4,15.0,False,3990.0
1330,2015-06-17T11:00:00Z,32.0,171.79788545358966,450.0167213227755,101.19073151849994,39.051530892731954,14.487863833919516,56.96317757254435,8.777153970542807,5.429281131108311,0.0,0.0,0.0,0.0,0.0,model4,15.0,False,3993.0
1331,2015-06-17T14:00:00Z,32.0,172.65798631256874,443.88890379769913,101.07000478200172,39.99946352210256,14.511621866336124,55.937214499643716,9.283882582126887,5.534788212096922,0.0,0.0,0.0,0.0,0.0,model4,15.0,False,3996.0
1332,2015-06-17T17:00:00Z,32.0,174.1364846291367,450.8129125007927,101.52358566738235,40.182014774061976,14.570334214529426,59.040247373144396,9.40393749229265,5.283470905816395,0.0,0.0,0.0,0.0,0.0,model4,15.0,False,3999.0
1333,2015-06-17T20:00:00Z,32.0,171.77965949212637,452.6136856673069,101.34785901302112,40.39319150355929,16.348591444655884,59.61163727540565,10.721027482995584,5.310105129314999,0.0,0.0,0.0,0.0,0.0,model4,15.0,False,4002.0
1334,2015-06-17T23:00:00Z,32.0,172.3167834418062,456.6448681410444,101.37151107256466,39.93015589817289,16.277496061135125,59.91833376001478,10.819015651684728,5.406234482253463,0.0,0.0,0.0,0.0,0.0,model4,15.0,False,4005.0
1335,2015-06-18T02:00:00Z,32.0,173.79696153068352,454.2843840898429,101.42490906783793,41.13386556576831,16.52981848993101,62.69798120421122,11.348435202115047,4.179435379691717,0.0,0.0,0.0,0.0,0.0,model4,15.0,False,4008.0
1336,2015-06-18T05:00:00Z,32.0,174.90962747294552,458.39649093890864,102.27760199404707,41.177768975876994,17.055085181667025,55.54898874995661,10.652874125767488,4.272515273592438,0.0,0.0,0.0,0.0,0.0,model4,15.0,False,4011.0
1337,2015-06-18T08:00:00Z,32.0,175.9090778628155,457.3789274966648,100.47832975605594,41.219981188625496,17.73168249993514,54.892860962753325,11.100470796224618,3.9241714129324654,0.0,0.0,0.0,0.0,0.0,model4,15.0,False,4014.0
1338,2015-06-18T11:00:00Z,32.0,176.60758455739844,447.7184262420951,101.33918022881521,40.74954625588106,16.995837106552642,52.97228193994589,11.559048627655676,3.921316259935741,0.0,0.0,0.0,0.0,0.0,model4,15.0,False,4017.0
1339,2015-06-18T14:00:00Z,32.0,177.47753932476638,438.2997192565198,100.69961816326904,40.35599205700255,16.90515608829811,60.005468185298966,11.315620779141305,3.9815759866224623,0.0,0.0,0.0,0.0,0.0,model4,15.0,False,4020.0
1340,2015-06-18T17:00:00Z,32.0,175.11260984627978,435.9230676973797,101.1923306089303,40.23809720161946,16.203423367145597,58.82827708399206,11.022058025261805,4.092394514345108,0.0,0.0,0.0,0.0,0.0,model4,15.0,False,4023.0
1341,2015-06-18T20:00:00Z,32.0,176.17503427657138,439.10147441900193,102.53995489716715,39.90414647421553,14.417034251755464,60.137795944505385,9.736907481697061,3.9977590500591647,0.0,0.0,0.0,0.0,0.0,model4,15.0,False,4026.0
1342,2015-06-18T23:00:00Z,32.0,172.8968493534941,434.9664972540471,101.79741915132887,40.42115885780522,14.433211641110828,58.7842475750245,9.767704389140386,4.124887616064324,0.0,0.0,0.0,0.0,0.0,model4,15.0,False,4029.0
1343,2015-06-19T02:00:00Z,32.0,170.27146969448387,442.7585190874698,100.41778715024168,40.67851119620121,13.790557728104494,54.828906036744826,9.67255604696416,4.238284782270141,0.0,0.0,0.0,0.0,0.0,model4,15.0,False,4032.0
1344,2015-06-19T05:00:00Z,32.0,167.3546805107442,444.122178699747,99.6766339748335,40.007848952495415,13.09366048175802,51.38046485090541,9.638477294604602,4.363115506849479,0.0,0.0,0.0,0.0,0.0,model4,15.0,False,4035.0
1345,2015-06-19T08:00:00Z,32.0,167.25815961738257,438.2599129039859,101.00424031107264,40.40507002988358,11.476912063744885,52.70648786392375,9.160580518238712,4.301270853373001,0.0,0.0,0.0,0.0,0.0,model4,15.0,False,4038.0
1346,2015-06-19T11:00:00Z,32.0,164.97799128275068,444.4892438033447,100.14237727908665,40.8244699098682,11.217330396728821,53.46561502874484,9.3261351619595,4.819834276608091,0.0,0.0,0.0,0.0,0.0,model4,15.0,False,4041.0
1347,2015-06-19T14:00:00Z,32.0,162.96954426523712,446.861176141398,99.96776398446941,40.73495028059721,9.68615690481261,48.889676781715,9.354880746151089,4.691944040399597,0.0,0.0,0.0,0.0,0.0,model4,15.0,False,4044.0
1348,2015-06-19T17:00:00Z,32.0,161.75051675223946,440.7353977229562,99.40881681566395,40.60365077517073,9.4142312141576,46.517624413410104,9.017869603990118,5.087416393772946,0.0,0.0,0.0,0.0,0.0,model4,15.0,False,4047.0
1349,2015-06-19T20:00:00Z,32.0,162.73856435752398,445.0277064172746,97.91903519882926,41.07898524251883,9.623938461847915,46.15925851347599,9.353440784608727,5.813728131906295,0.0,0.0,0.0,0.0,0.0,model4,15.0,False,4050.0
1350,2015-06-19T23:00:00Z,32.0,163.88870544217517,445.49630265171976,98.6797842012855,41.333123602822006,11.534604760251,51.88595556702426,9.97386811757818,5.730837543931012,0.0,0.0,0.0,0.0,0.0,model4,15.0,False,4053.0
1351,2015-06-20T02:00:00Z,32.0,164.81876316097274,442.8704397513608,99.38876742311876,40.67747868650103,11.534257812408526,64.09269349100418,9.470917650229422,5.7077012197829005,0.0,0.0,0.0,0.0,0.0,model4,15.0,False,4056.0
1352,2015-06-20T05:00:00Z,32.0,165.2167938382039,441.729697161501,100.06875465619888,40.95694069293515,11.411181370699785,64.42195834817956,10.174320385114829,5.389928194005178,0.0,0.0,0.0,0.0,0.0,model4,15.0,False,4059.0
1353,2015-06-20T08:00:00Z,32.0,164.3289810311295,449.81661782103004,100.4911905071439,40.47585263379725,10.616383237477935,65.27062759481814,10.291200101668409,5.498926665172808,0.0,0.0,0.0,0.0,0.0,model4,15.0,False,4062.0
1354,2015-06-20T11:00:00Z,32.0,165.26258650790854,445.6985291071412,99.73166219506224,39.52016121147072,10.038588682734547,66.8985874214521,9.490130281031119,6.129908471016807,0.0,0.0,0.0,0.0,0.0,model4,15.0,False,4065.0
1355,2015-06-20T14:00:00Z,32.0,165.71181927098417,454.1648701254274,101.51233896305038,39.09202562438433,10.032672700879033,62.70136623714588,9.575709821756073,6.371277661925937,0.0,0.0,0.0,0.0,0.0,model4,15.0,False,4068.0
1356,2015-06-20T17:00:00Z,32.0,167.50216434163332,461.76915880248436,100.81672762159592,38.787244097051705,9.924876758295834,64.9083697122088,9.951308156245249,5.9871854016197625,0.0,0.0,0.0,0.0,0.0,model4,15.0,False,4071.0
1357,2015-06-20T20:00:00Z,32.0,168.68864777056731,447.65149392915527,101.46973117365455,38.75747454045202,11.18258043974036,69.02513358367092,9.538103704454327,5.1686853407218205,0.0,0.0,0.0,0.0,0.0,model4,15.0,False,4074.0
1358,2015-06-20T23:00:00Z,32.0,167.2645642091406,450.1200189271077,101.34477419634837,38.81514692695204,10.738031881455646,64.06126731355977,9.042530687645565,5.047217742600816,0.0,0.0,0.0,0.0,0.0,model4,15.0,False,4077.0
1359,2015-06-21T02:00:00Z,32.0,167.18702836317954,449.6491540777725,100.80002510080095,38.71179353647451,12.907705204125431,52.271107126256645,10.633506736736146,5.146856402728576,0.0,0.0,0.0,0.0,0.0,model4,15.0,False,4080.0
1360,2015-06-21T05:00:00Z,32.0,168.92385425566587,447.24159213262976,100.79433873448393,38.36356334336495,13.300199329045885,52.54439431244098,10.573852171387431,5.036423234308511,0.0,0.0,0.0,0.0,0.0,model4,15.0,False,4083.0
1361,2015-06-21T08:00:00Z,32.0,167.41811271945474,444.13900451850685,100.77664208355982,39.256135313609796,14.268264469744661,49.90333963622445,10.146143870137104,5.471941948630136,0.0,0.0,0.0,0.0,0.0,model4,15.0,False,4086.0
1362,2015-06-21T11:00:00Z,32.0,170.16383769697845,437.4705362161268,102.02751390885167,40.409021837959536,15.548326704436835,50.6393676385882,10.366235972823128,4.462177574840784,0.0,0.0,0.0,0.0,0.0,model4,15.0,False,4089.0
1363,2015-06-21T14:00:00Z,32.0,169.52147938866835,432.73132154939583,102.5350484329948,40.530172025215,16.566125368366713,50.42427401638569,10.915910914456939,3.9676246152593793,0.0,0.0,0.0,0.0,0.0,model4,15.0,False,4092.0
1364,2015-06-21T17:00:00Z,32.0,169.03309890758683,424.384349468489,104.56531009993292,40.802932048887584,16.812581849879574,43.27812185842881,10.857563133874537,3.8972706532995063,0.0,0.0,0.0,0.0,0.0,model4,15.0,False,4095.0
1365,2015-06-21T20:00:00Z,32.0,168.80000034738575,435.1023584034854,102.97042968553212,40.67835270573591,16.515000893149818,40.86120340653145,12.530342641967435,3.908864077543463,0.0,0.0,0.0,0.0,0.0,model4,15.0,False,4098.0
1366,2015-06-21T23:00:00Z,32.0,170.65290516442224,432.00175368233033,102.18639984198678,39.96884651030767,15.855773817592684,40.43757643151722,12.798761578181384,3.9999815499000655,0.0,0.0,0.0,0.0,0.0,model4,15.0,False,4101.0
1367,2015-06-22T02:00:00Z,32.0,171.26302633738297,438.3498095922213,103.16005605994064,39.81628706021785,14.524341614589204,41.18422631609921,11.442535306674804,4.391853649535302,0.0,0.0,0.0,0.0,0.0,model4,15.0,False,4104.0
1368,2015-06-22T05:00:00Z,32.0,171.37002910982864,444.9056707743076,103.57258996877896,40.10234519777556,14.950338824326934,44.38526292614939,11.71732239440521,4.490829255401893,0.0,0.0,0.0,0.0,0.0,model4,15.0,False,4107.0
1369,2015-06-22T08:00:00Z,32.0,174.23433222416972,430.64691340746833,102.96217023379934,40.92838747006813,13.727269270225424,56.567229047536685,12.350915325074466,5.973478807985552,0.0,0.0,0.0,0.0,0.0,model4,15.0,False,4110.0
1370,2015-06-22T11:00:00Z,32.0,172.96425463239441,421.8465608299939,101.30798834586729,42.343016769963924,13.827003480572257,68.70163696773834,13.223986543642573,7.397172939133804,0.0,0.0,0.0,0.0,0.0,model4,15.0,False,4113.0
1371,2015-06-22T14:00:00Z,32.0,173.53535949770063,420.3004506656079,98.57638338549258,44.268425849733156,12.830886728703618,70.30864131745375,13.209732234258075,7.784041869129047,0.0,0.0,0.0,0.0,0.0,model4,15.0,False,4116.0
1372,2015-06-22T17:00:00Z,32.0,173.79081310996563,410.26152642747115,96.3203187844557,45.76212753891056,12.213705959454195,73.8829932301061,13.940679936923713,8.208514127655109,0.0,0.0,0.0,0.0,0.0,model4,15.0,False,4119.0
1373,2015-06-22T20:00:00Z,32.0,172.30606858738875,398.41664520994703,98.30372690544621,46.479193655243634,11.982400010452356,69.69279725651992,13.493013922591159,8.853404641646666,0.0,0.0,0.0,0.0,0.0,model4,15.0,False,4122.0
1374,2015-06-22T23:00:00Z,32.0,172.3584831606894,386.8310211251492,99.54092515106741,48.06047848830128,11.325261510851767,72.48519123299357,13.881388428700907,8.192798371592954,0.0,0.0,0.0,0.0,0.0,model4,15.0,False,4125.0
1375,2015-06-23T02:00:00Z,32.0,172.29750701066902,370.85810813254517,99.86159197137228,49.53710446861032,10.932741333666058,67.24913936997784,14.070560998779476,6.665415838730245,0.0,0.0,0.0,0.0,0.0,model4,15.0,False,4128.0
1376,2015-06-23T05:00:00Z,32.0,168.81436547179487,354.60268894601546,99.12234074925921,51.249923846844645,12.843504365985751,46.426068145728365,13.306382416070244,5.483092800857909,0.0,0.0,0.0,0.0,0.0,model4,15.0,False,4131.0
1377,2015-06-23T08:00:00Z,32.0,166.926003720256,362.0598382439656,97.91103782468528,51.31365001699452,12.51981348635587,49.18387183558395,12.96474230199465,5.3255919878722215,0.0,1.0,1.0,0.0,1.0,model4,15.0,True,4134.0
1378,2015-06-23T11:00:00Z,32.0,165.86010865604518,367.13303960652985,98.72857086836599,51.235665132286044,12.152433358395882,50.123056372874146,12.487569102258195,5.286698023633671,0.0,1.0,1.0,0.0,1.0,model4,15.0,True,4137.0
1379,2015-06-23T14:00:00Z,32.0,168.15853914983455,361.2035519368212,99.1806806480674,50.93404851173082,15.283291912225664,48.77263699893374,11.809623996426305,5.783627732649709,0.0,1.0,1.0,0.0,1.0,model4,15.0,True,4140.0
1380,2015-06-23T17:00:00Z,32.0,169.05787569125297,365.2940474231092,100.32915024907768,51.282785222223424,15.80511354500174,49.044772573230134,9.709094234506788,5.534518163292488,0.0,1.0,1.0,0.0,1.0,model4,15.0,True,4143.0
1381,2015-06-23T20:00:00Z,32.0,167.73442820206174,373.0387888411264,99.71245982599888,51.37590078374506,16.684900172088074,55.69982837002689,9.307852783890693,4.151409670510271,0.0,1.0,1.0,0.0,1.0,model4,15.0,True,4146.0
1382,2015-06-23T23:00:00Z,32.0,166.02441513469762,380.1286784540314,97.36919554282491,51.719963117024434,16.407566800621964,52.02635962130329,9.085108153097927,4.157182639643212,0.0,1.0,1.0,0.0,1.0,model4,15.0,True,4149.0
1383,2015-06-24T02:00:00Z,32.0,165.98898324780103,379.8678602458754,96.34127867942232,51.496004451505115,16.586783911386526,47.82918617136746,9.806161031625164,4.423547944911486,0.0,1.0,1.0,0.0,1.0,model4,15.0,True,4152.0
1384,2015-06-24T05:00:00Z,32.0,169.60064864544913,376.7317239381117,95.3752524285182,50.90590432017855,16.127997338561233,48.06226296456422,9.439680617883377,4.947332028529913,0.0,1.0,1.0,0.0,1.0,model4,15.0,True,4155.0
1385,2015-06-24T08:00:00Z,32.0,170.2322550832361,383.2615392824403,96.60788413456535,49.71113295391386,17.100382064934998,57.13889730987317,9.390217508108195,5.771280280874738,0.0,0.0,0.0,0.0,0.0,model4,15.0,False,4158.0
1386,2015-06-24T11:00:00Z,32.0,169.64337301400982,394.85162334211196,96.71412379974484,48.64678888679926,16.799432842498266,58.872329186239604,8.650817762737026,5.686415028469307,0.0,0.0,0.0,0.0,0.0,model4,15.0,False,4161.0
1387,2015-06-24T14:00:00Z,32.0,169.02364943622715,403.4619420736405,97.77747871859705,47.36707779206122,15.536653423699734,56.12498622386293,9.492147210598693,5.959235427527249,0.0,0.0,0.0,0.0,0.0,model4,15.0,False,4164.0
1388,2015-06-24T17:00:00Z,32.0,166.6662854736504,415.9770071562394,97.75302742578829,45.101209682567045,15.439032102702255,64.62607281014672,9.108470163265961,6.439386271333962,0.0,0.0,0.0,0.0,0.0,model4,15.0,False,4167.0
1389,2015-06-24T20:00:00Z,32.0,167.8644873625527,418.97586531199744,98.26420138566885,44.3668405068216,14.820726647857127,66.11026845785332,9.020067387965213,6.947690541415932,0.0,0.0,0.0,0.0,0.0,model4,15.0,False,4170.0
1390,2015-06-24T23:00:00Z,32.0,168.3727604339855,423.467321112248,98.02104204185235,42.93132138057275,14.823503254531353,66.41010916275266,9.171564932746133,6.313222508537216,0.0,0.0,0.0,0.0,0.0,model4,15.0,False,4173.0
1391,2015-06-25T02:00:00Z,32.0,168.53262138144316,436.06728035187837,98.53879561968157,41.802141575227814,14.57706320789011,60.6761553106265,7.695598923268245,6.638059326459183,0.0,0.0,0.0,0.0,0.0,model4,15.0,False,4176.0
1392,2015-06-25T05:00:00Z,32.0,166.94624698528855,448.9566484927526,102.60852787717405,39.90741314200639,13.039198779935687,52.41074047060152,11.836572539491815,6.103157064020977,0.0,0.0,0.0,0.0,0.0,model4,15.0,False,4179.0
1393,2015-06-25T08:00:00Z,32.0,168.84695752531886,445.5200828257408,105.24506574730879,39.436055887845626,12.612214217884919,49.980576469011574,13.895868153914629,5.8769797935540415,0.0,0.0,0.0,0.0,0.0,model4,15.0,False,4182.0
1394,2015-06-25T11:00:00Z,32.0,169.39290342285358,450.27801672402967,108.99851314936436,37.96618903861983,12.128759739901321,51.55037904758673,16.070049691731473,6.125900912551018,0.0,0.0,0.0,0.0,0.0,model4,15.0,False,4185.0
1395,2015-06-25T14:00:00Z,32.0,168.39510365072925,454.0178615759119,111.16219768755495,38.02847393555639,10.683417309526256,51.10682865136658,15.726014024123685,6.19985814253299,0.0,0.0,0.0,0.0,0.0,model4,15.0,False,4188.0
1396,2015-06-25T17:00:00Z,32.0,170.08333605554168,444.78866363258453,113.62426335467478,38.316809242074044,10.438432072125133,47.64101810174558,15.323928659372255,6.067220268656166,0.0,0.0,0.0,0.0,0.0,model4,15.0,False,4191.0
1397,2015-06-25T20:00:00Z,32.0,171.8097033418356,443.35947366769096,116.42136989531431,38.41646906399093,10.198981632557324,58.76221906329813,14.764484771252954,5.471047421729187,0.0,0.0,0.0,0.0,0.0,model4,15.0,False,4194.0
1398,2015-06-25T23:00:00Z,32.0,172.1997730581449,447.68977663602965,121.21191190438951,37.86365970439485,11.240002339124244,60.110717846780084,10.520977875846807,5.034943744414669,0.0,0.0,0.0,0.0,0.0,model4,15.0,False,4197.0
1399,2015-06-26T02:00:00Z,32.0,172.05350420423332,441.5101589973387,124.03422544525404,37.98161068138504,11.240122698127923,61.25772072735107,7.946239631468433,4.667054786485892,0.0,0.0,0.0,0.0,0.0,model4,15.0,False,4200.0
1400,2015-06-26T05:00:00Z,32.0,172.8700597730814,439.5382380855124,123.87253530313879,38.84954171737019,11.245384584083565,61.09051163635913,7.580226919109068,4.37293826309452,0.0,0.0,0.0,0.0,0.0,model4,15.0,False,4203.0
1401,2015-06-26T08:00:00Z,32.0,171.2485903475833,441.0255987987196,124.34381404361477,38.80094373794298,11.239211853168754,60.67610962842685,8.771628976266166,4.930022884641461,0.0,0.0,0.0,0.0,0.0,model4,15.0,False,4206.0
1402,2015-06-26T11:00:00Z,32.0,170.19607223633463,437.1987424651432,123.24861311099848,39.6747347772932,13.057590746849721,57.62432301798336,9.130993573658973,4.2441584315910745,0.0,0.0,0.0,0.0,0.0,model4,15.0,False,4209.0
1403,2015-06-26T14:00:00Z,32.0,171.65623139293112,436.59123092344856,123.98869311856515,39.34482556029685,13.531910201325712,57.19267405363141,8.895327101293226,4.13367398325628,0.0,0.0,0.0,0.0,0.0,model4,15.0,False,4212.0
1404,2015-06-26T17:00:00Z,32.0,172.65671784512043,440.387969806865,124.73550564685115,39.44280828707629,14.407996944950135,55.791112230793296,9.35271202082342,3.8560099948057056,0.0,0.0,0.0,0.0,0.0,model4,15.0,False,4215.0
1405,2015-06-26T20:00:00Z,32.0,171.49190695515716,437.77747147870286,125.12639212371622,39.61950579598564,15.232905029136687,44.29256335445011,8.979092153310003,3.9849881369221634,0.0,0.0,0.0,0.0,0.0,model4,15.0,False,4218.0
1406,2015-06-26T23:00:00Z,32.0,172.49538582097907,431.6105129585255,125.27552073003366,39.74652127722192,15.1634126541473,43.237994194215965,9.256995525766381,3.8976613827531934,0.0,0.0,0.0,0.0,0.0,model4,15.0,False,4221.0
1407,2015-06-27T02:00:00Z,32.0,172.3032895497345,440.2345012307763,125.0389309211422,39.860136726519755,15.169281515057975,43.84421017369192,9.339086383942263,3.9952803738331117,0.0,0.0,0.0,0.0,0.0,model4,15.0,False,4224.0
1408,2015-06-27T05:00:00Z,32.0,172.8795774654385,439.2950315246965,122.04309229209385,39.518973872124405,15.012445144362824,47.653284477954216,12.465972609263153,4.082452188038253,0.0,0.0,0.0,0.0,0.0,model4,15.0,False,4227.0
1409,2015-06-27T08:00:00Z,32.0,172.25364756562888,443.03612163129685,117.92759536880035,40.21563281757989,15.722586394834654,45.6595269878417,14.605745613729553,4.301293427869162,0.0,0.0,0.0,0.0,0.0,model4,15.0,False,4230.0
1410,2015-06-27T11:00:00Z,32.0,173.1175548111571,441.42525399678186,115.58630100551079,40.114958437511795,14.550626267440107,42.747632072422384,15.440908124128963,4.301912065998912,0.0,0.0,0.0,0.0,0.0,model4,15.0,False,4233.0
1411,2015-06-27T14:00:00Z,32.0,173.25998269703808,443.8032730991044,111.4540246464182,40.56707565997184,15.64607103047132,42.69097910399141,16.76539205049544,4.120572636099941,0.0,0.0,0.0,0.0,0.0,model4,15.0,False,4236.0
1412,2015-06-27T17:00:00Z,32.0,172.05540660624584,445.3055787801088,109.46497803434109,40.25633173795747,14.907028960115511,43.6333833683393,15.595385449597812,4.611988761478162,0.0,0.0,0.0,0.0,0.0,model4,15.0,False,4239.0
1413,2015-06-27T20:00:00Z,32.0,171.12471295974268,446.12895773372423,107.04249384636641,39.91577824716125,14.911702773788875,43.11531887544057,14.33691561548954,4.482731533197597,0.0,0.0,0.0,0.0,0.0,model4,15.0,False,4242.0
1414,2015-06-27T23:00:00Z,32.0,171.26722831072559,447.04096902690287,103.26529970723976,39.69531472580742,14.31296260734446,44.77957318660454,12.077803889956892,4.8173143951642325,0.0,0.0,0.0,0.0,0.0,model4,15.0,False,4245.0
1415,2015-06-28T02:00:00Z,32.0,171.43467772687325,449.76772604795167,100.04344356260364,39.97283705481858,15.095693491524274,44.9549305658131,8.911620579872132,4.773587648753726,0.0,0.0,0.0,0.0,0.0,model4,15.0,False,4248.0
1416,2015-06-28T05:00:00Z,32.0,169.10910994614724,452.7908184897135,99.6623498617742,40.304007742628286,15.866409500674589,38.72659674365958,9.46074468700787,4.653360240606674,0.0,0.0,0.0,0.0,0.0,model4,15.0,False,4251.0
1417,2015-06-28T08:00:00Z,32.0,168.66665237966612,454.67884791416174,99.74836748998098,39.56472845922568,17.32592719540004,39.35453603841466,9.565307176466618,4.369918840633084,0.0,0.0,0.0,0.0,0.0,model4,15.0,False,4254.0
1418,2015-06-28T11:00:00Z,32.0,170.73741959461168,456.73536664849854,99.14385722286913,39.84039835748431,17.211759649862454,46.00161308040462,8.702787048795095,4.441469912078445,0.0,0.0,0.0,0.0,0.0,model4,15.0,False,4257.0
1419,2015-06-28T14:00:00Z,32.0,167.58673346968442,447.5090095221229,98.46836452657507,39.499960474111404,15.659620999124865,50.62738234633626,9.519475953693524,4.516935137912973,0.0,0.0,0.0,0.0,0.0,model4,15.0,False,4260.0
1420,2015-06-28T17:00:00Z,32.0,166.3170028169121,446.7529976733715,96.90370133261335,39.40398198501892,15.626784327324591,48.625234940261976,8.694937219120657,5.041140594935879,0.0,0.0,0.0,0.0,0.0,model4,15.0,False,4263.0
1421,2015-06-28T20:00:00Z,32.0,166.9103496969659,452.2250390764533,96.35330143514038,38.96428104545071,15.320652611933859,48.66159903235437,8.078314714596893,4.965019258649631,0.0,0.0,0.0,0.0,0.0,model4,15.0,False,4266.0
1422,2015-06-28T23:00:00Z,32.0,165.64801700192228,456.476549928746,96.39539756672785,40.00278204685353,15.141256128408337,47.87228064721398,7.5129689368556605,5.091353967519823,0.0,0.0,0.0,0.0,0.0,model4,15.0,False,4269.0
1423,2015-06-29T02:00:00Z,32.0,165.36303171105112,455.32287867586274,96.01804092085443,40.083699389546,14.851622075852404,47.69267381035628,7.903777796462117,5.131590299124811,0.0,0.0,0.0,0.0,0.0,model4,15.0,False,4272.0
1424,2015-06-29T05:00:00Z,32.0,167.95823434343112,456.01388520994794,95.9686443499448,40.017263596727545,14.995125172204554,48.59913105145976,7.959137038669909,5.164294013702955,0.0,0.0,0.0,0.0,0.0,model4,15.0,False,4275.0
1425,2015-06-29T08:00:00Z,32.0,169.54041429791133,451.4511387328108,95.6820012295862,40.24425629203732,12.315217883672291,48.05527479391324,7.70707579087016,4.836575623520425,0.0,0.0,0.0,0.0,0.0,model4,15.0,False,4278.0
1426,2015-06-29T11:00:00Z,32.0,168.1273542296197,452.5072681430137,96.73689165031529,40.02215568547812,11.579367916991039,44.35448845839098,9.100204512301387,4.706220392751253,0.0,0.0,0.0,0.0,0.0,model4,15.0,False,4281.0
1427,2015-06-29T14:00:00Z,32.0,169.74395400759823,456.58024015631753,98.41688779056378,40.108146763194135,13.927661265892565,44.29549267386264,8.721288676700997,4.950533642928941,0.0,0.0,0.0,0.0,0.0,model4,15.0,False,4284.0
1428,2015-06-29T17:00:00Z,32.0,171.09347666900982,455.6717571924801,98.49458444467241,40.469865342631394,13.766750144195864,46.12846554212496,8.266816455487097,4.541035310234345,0.0,0.0,0.0,0.0,0.0,model4,15.0,False,4287.0
1429,2015-06-29T20:00:00Z,32.0,171.62709563022213,450.50137940466055,99.60440482650532,40.76781358754125,13.377498519560268,51.809769794455995,9.262198639259662,4.6680197687522185,0.0,0.0,0.0,0.0,0.0,model4,15.0,False,4290.0
1430,2015-06-29T23:00:00Z,32.0,170.2991405184589,449.5792008140911,100.314402182541,40.351030343924926,14.255083388718328,49.23907241110326,9.380611979992963,4.444865745421675,0.0,0.0,0.0,0.0,0.0,model4,15.0,False,4293.0
1431,2015-06-30T02:00:00Z,32.0,172.1516807972945,438.40596407095563,101.63715816430063,40.1159916244706,14.753640078943546,56.93899922720573,8.958397181771117,4.284943665375675,0.0,0.0,0.0,0.0,0.0,model4,15.0,False,4296.0
1432,2015-06-30T05:00:00Z,32.0,171.74747914583486,443.10920683698237,102.33676166194056,40.71254876481058,14.618711529593813,59.05458570984458,8.226943125058826,4.6833139799187125,0.0,0.0,0.0,0.0,0.0,model4,15.0,False,4299.0
1433,2015-06-30T08:00:00Z,32.0,169.89115966759425,445.52693863357536,103.96343489481924,40.85838683512578,15.774980713099445,59.96121568773137,8.16585860118504,5.142932680565074,0.0,0.0,0.0,0.0,0.0,model4,15.0,False,4302.0
1434,2015-06-30T11:00:00Z,32.0,171.00503401723736,442.5569542104551,104.90566697356442,40.856232635082456,16.437742770807287,58.15611385945624,8.088405593224943,5.361337929780643,0.0,0.0,0.0,0.0,0.0,model4,15.0,False,4305.0
1435,2015-06-30T14:00:00Z,32.0,171.01960421602132,445.12846877665015,104.44775561466344,41.00917609187565,14.030017034246345,55.74663453291732,7.909233614049394,4.989365786599162,0.0,0.0,0.0,0.0,0.0,model4,15.0,False,4308.0
1436,2015-06-30T17:00:00Z,32.0,171.16921607859183,444.17682876508417,105.2516143991632,41.299311191231695,14.416540910930483,58.480733921126614,7.124588641529452,4.778524070842977,0.0,0.0,0.0,0.0,0.0,model4,15.0,False,4311.0
1437,2015-06-30T20:00:00Z,32.0,170.46998517614583,443.55776760117743,103.48813050485546,41.10039244032479,14.761157665363061,53.750914115696716,7.4276771709254,4.950651624970013,0.0,0.0,0.0,0.0,0.0,model4,15.0,False,4314.0
1438,2015-06-30T23:00:00Z,32.0,172.44687523794892,444.3866655277213,102.74528028408218,40.360558124957855,14.254136612028926,53.264320441044816,7.267191480798179,5.379471765566741,0.0,0.0,0.0,0.0,0.0,model4,15.0,False,4317.0
1439,2015-07-01T02:00:00Z,32.0,173.53801497311443,453.6648421097561,102.75864070720486,40.28122873060832,15.313405452511619,44.49414960536029,7.1565119677694575,5.514459467749739,0.0,0.0,0.0,0.0,0.0,model4,15.0,False,4320.0
1440,2015-07-01T05:00:00Z,32.0,174.88663431933463,442.53756577002366,101.94623358791208,39.68741082834321,15.795756661373744,43.53817406266767,7.508174426781185,5.275792944793777,0.0,0.0,0.0,0.0,0.0,model4,15.0,False,4323.0
1441,2015-07-01T08:00:00Z,32.0,174.3886056378379,439.1102949924949,100.8331724871266,39.63176032482019,15.831937173433607,45.70542140967654,7.137017288249214,4.656440695810296,0.0,0.0,0.0,0.0,0.0,model4,15.0,False,4326.0
1442,2015-07-01T11:00:00Z,32.0,171.85403452363434,437.0165156985321,98.8608848433026,39.69726607938297,16.472994472554813,45.27009277167043,6.230006335342616,4.4206937346036375,0.0,0.0,0.0,0.0,0.0,model4,15.0,False,4329.0
1443,2015-07-01T14:00:00Z,32.0,170.997124640049,436.43732860384927,99.40801492050396,39.74005661594399,16.506142743193685,43.25164348079272,6.222738909154966,4.445138077620099,0.0,0.0,0.0,0.0,0.0,model4,15.0,False,4332.0
1444,2015-07-01T17:00:00Z,32.0,171.03732028056987,438.785695510668,96.73001561117748,39.80766117822057,15.760137121086895,39.16925428233883,8.469934412968309,4.398950515457117,0.0,0.0,0.0,0.0,0.0,model4,15.0,False,4335.0
1445,2015-07-01T20:00:00Z,32.0,174.3954082322343,439.19762482237167,97.95523690979263,40.26080589286824,18.16408930382017,38.2811058159136,9.204964477655977,4.326093908166195,0.0,0.0,0.0,0.0,0.0,model4,15.0,False,4338.0
1446,2015-07-01T23:00:00Z,32.0,173.3814513879021,440.0895916968409,98.48496686558953,40.53878624253512,20.32859153445301,37.20446087164057,10.719435472818557,3.8880187713897283,0.0,0.0,0.0,0.0,0.0,model4,15.0,False,4341.0
1447,2015-07-02T02:00:00Z,32.0,172.19355044878986,434.87125226329835,98.34866417475195,40.44615447284857,19.346580004180264,34.24754542166448,10.794577806790967,4.238593985167707,0.0,0.0,0.0,0.0,0.0,model4,15.0,False,4344.0
1448,2015-07-02T05:00:00Z,32.0,169.7698563122964,442.0518582467562,98.48967538000048,40.13438400735493,18.86712071861404,32.02890895248556,11.027354823871134,4.488876165264786,0.0,0.0,0.0,0.0,0.0,model4,15.0,False,4347.0
1449,2015-07-02T08:00:00Z,32.0,171.56390699745066,444.54746718083436,98.49281260658483,39.852584662729264,17.891938094120487,35.80940004766189,10.733255868705186,4.481087034649158,0.0,0.0,0.0,0.0,0.0,model4,15.0,False,4350.0
1450,2015-07-02T11:00:00Z,32.0,171.52956422079183,448.01214645487516,98.26570504327879,40.268610577683134,18.652137927991138,36.511532958470994,10.681032357265623,4.579287174839983,0.0,0.0,0.0,0.0,0.0,model4,15.0,False,4353.0
1451,2015-07-02T14:00:00Z,32.0,170.97282282546226,451.0143094443768,98.81550637966221,39.98951886828634,19.07769087403386,39.79437661079452,11.432918832775288,4.649738647068469,0.0,0.0,0.0,0.0,0.0,model4,15.0,False,4356.0
1452,2015-07-02T17:00:00Z,32.0,170.1580948441134,452.0115372313225,101.46304440681179,39.214398536715095,19.426484912142296,51.65456079330968,9.456135027003294,5.087713067948068,0.0,0.0,0.0,0.0,0.0,model4,15.0,False,4359.0
1453,2015-07-02T20:00:00Z,32.0,169.56719234991624,454.9199335272405,99.6414203133592,39.340351326944884,17.399404635826848,51.64325128591629,9.967063467893091,5.035541290750436,0.0,0.0,0.0,0.0,0.0,model4,15.0,False,4362.0
1454,2015-07-02T23:00:00Z,32.0,169.3275337216535,455.3199072941668,100.21817914559357,38.96040987429647,14.348701556128338,51.64614054308567,9.202791527950929,5.2493635666776965,0.0,0.0,0.0,0.0,0.0,model4,15.0,False,4365.0
1455,2015-07-03T02:00:00Z,32.0,167.67970328423212,460.0965655954551,98.85760925373272,39.37008035030346,14.629500923991065,50.45326652531632,9.081917993695297,5.02004541601633,0.0,0.0,0.0,0.0,0.0,model4,15.0,False,4368.0
1456,2015-07-03T05:00:00Z,32.0,169.15718233523015,458.9773478384408,100.09405976204869,39.50027928933908,14.621279005379932,51.761298686370495,9.530294100096325,4.991726045388903,0.0,0.0,0.0,0.0,0.0,model4,15.0,False,4371.0
1457,2015-07-03T08:00:00Z,32.0,168.98257176481016,456.5153309409273,99.11638183673685,40.14251536682802,14.643971191017233,49.4806183194421,10.890136949846067,5.200641013278406,0.0,0.0,0.0,0.0,0.0,model4,15.0,False,4374.0
1458,2015-07-03T11:00:00Z,32.0,170.07901446811388,455.3451770934229,100.27622607969481,39.57840424327501,13.093312108262394,50.076609805321254,10.716371419180296,6.10436308767286,0.0,0.0,0.0,0.0,0.0,model4,15.0,False,4377.0
1459,2015-07-03T14:00:00Z,32.0,171.42831125606173,454.5728380679768,99.73548126867924,39.84942917619366,12.42023965012316,48.536483094970045,9.926774749002213,6.458316668400013,0.0,0.0,0.0,0.0,0.0,model4,15.0,False,4380.0
1460,2015-07-03T17:00:00Z,32.0,171.58950308054318,451.2071976055988,99.13729621737714,40.72689271746588,12.182477988312227,39.40745874019653,10.250754037425253,5.8016467794279984,0.0,0.0,0.0,0.0,0.0,model4,15.0,False,4383.0
1461,2015-07-03T20:00:00Z,32.0,170.92905179474315,450.3646899757302,100.314207110753,40.361925964258646,11.168982670942604,39.27288322398107,9.462485160840824,5.618619472319501,0.0,0.0,0.0,0.0,0.0,model4,15.0,False,4386.0
1462,2015-07-03T23:00:00Z,32.0,171.07394970321116,447.28238855945574,99.81442248980166,40.35988203228373,11.92057390747332,39.11916971268853,8.92548987255258,5.5727103364971615,0.0,0.0,0.0,0.0,0.0,model4,15.0,False,4389.0
1463,2015-07-04T02:00:00Z,32.0,171.48501250940947,451.01176442076655,100.80760154185137,40.414870004045156,12.002906471204364,40.01070836573436,9.962662987506388,5.9158873499705855,0.0,0.0,0.0,0.0,0.0,model4,15.0,False,4392.0
1464,2015-07-04T05:00:00Z,32.0,169.61082021738443,446.1070502667097,99.89365226394123,40.380404298128035,12.889016175372946,45.5220595764425,9.356953188284258,5.972301306682752,0.0,0.0,0.0,0.0,0.0,model4,15.0,False,4395.0
1465,2015-07-04T08:00:00Z,32.0,170.13721673596572,449.11675261159826,101.41522410786574,40.21437094565837,12.861866737675474,43.862287940632896,7.632016274829581,5.996419812629219,0.0,0.0,0.0,0.0,0.0,model4,15.0,False,4398.0
1466,2015-07-04T11:00:00Z,32.0,168.15305045928528,448.3528586694088,101.55411665287949,40.048485721988676,14.480009118411289,41.619685746980856,8.06495832953277,4.903501996049499,0.0,0.0,0.0,0.0,0.0,model4,15.0,False,4401.0
1467,2015-07-04T14:00:00Z,32.0,167.1462677226286,452.2831269438932,101.56702250915902,39.49379731126131,15.381773129940667,43.99955327848755,8.133570286246496,4.686468501554861,0.0,0.0,0.0,0.0,0.0,model4,15.0,False,4404.0
1468,2015-07-04T17:00:00Z,32.0,167.992287319912,454.4413337830889,103.01077381218808,38.492711765790645,15.741411729803007,42.84424550549078,8.243964980930901,4.803571160146993,0.0,0.0,0.0,0.0,0.0,model4,15.0,False,4407.0
1469,2015-07-04T20:00:00Z,32.0,169.2668646462479,453.2758479044783,103.73410888859196,39.24115860446091,18.027565953499245,47.516696042788276,8.800547146436221,5.528189321948985,0.0,0.0,0.0,0.0,0.0,model4,15.0,False,4410.0
1470,2015-07-04T23:00:00Z,32.0,168.72836587446398,447.6710010436685,103.85987159861105,39.134412575767215,17.679571391483893,57.552734348891285,9.069770833829311,5.6980725877320655,0.0,0.0,0.0,0.0,0.0,model4,15.0,False,4413.0
1471,2015-07-05T02:00:00Z,32.0,169.58019584764241,442.84909504331057,103.32745599448441,38.691818417614215,17.165037209158033,58.48111863274513,7.927128868205551,5.293045724821251,0.0,0.0,0.0,0.0,0.0,model4,15.0,False,4416.0
1472,2015-07-05T05:00:00Z,32.0,170.04920811292098,451.7516948052978,103.09645264955583,39.19654653321891,17.037880121621072,54.91120405698921,8.195712172716494,5.242744038733251,0.0,0.0,0.0,0.0,0.0,model4,15.0,False,4419.0
1473,2015-07-05T08:00:00Z,32.0,169.41067733407635,449.4729961845128,102.97932764470156,38.44276282386488,18.0844780470286,53.98621288746021,8.81244929835544,5.016929238906241,0.0,0.0,0.0,0.0,0.0,model4,15.0,False,4422.0
1474,2015-07-05T11:00:00Z,32.0,170.85822506756472,449.529156297006,102.32824594689642,38.72887168337268,17.98354186845089,56.17998996596384,8.415572134594445,5.048366689266518,0.0,0.0,0.0,0.0,0.0,model4,15.0,False,4425.0
1475,2015-07-05T14:00:00Z,32.0,172.02028603065386,438.3504291628002,102.86249029803844,39.491114675150364,17.04709957162607,54.6713120943064,8.416289347727574,5.06532572031235,0.0,0.0,0.0,0.0,0.0,model4,15.0,False,4428.0
1476,2015-07-05T17:00:00Z,32.0,169.8686841672349,434.3785511465468,102.03131914368929,39.636373605419415,17.455233196190242,53.498337435867185,10.04759641841244,4.991754057914815,0.0,0.0,0.0,0.0,0.0,model4,15.0,False,4431.0
1477,2015-07-05T20:00:00Z,32.0,168.62669554892096,434.9146671523504,101.28888738091658,38.17288556031768,15.360411319264731,51.380844921827965,9.419367122684367,4.627246805722512,0.0,0.0,0.0,0.0,0.0,model4,15.0,False,4434.0
1478,2015-07-05T23:00:00Z,32.0,168.64614978124908,443.62945874446837,100.41438558888784,39.25866008274065,15.383283597363436,43.443065199464854,9.239688217871267,4.624156062946402,0.0,0.0,0.0,0.0,0.0,model4,15.0,False,4437.0
1479,2015-07-06T02:00:00Z,32.0,167.87585139753182,445.41360156051,101.52103080214034,38.88538577187358,14.955347455503711,42.38385354483025,9.585257860842244,4.710395547593187,0.0,0.0,0.0,0.0,0.0,model4,15.0,False,4440.0
1480,2015-07-06T05:00:00Z,32.0,165.18832929754237,432.55966252804507,100.74962407043185,39.05826650272164,16.61372915739389,43.76824186367369,9.95613649566819,5.195295379214707,0.0,0.0,0.0,0.0,0.0,model4,15.0,False,4443.0
1481,2015-07-06T08:00:00Z,32.0,164.20548694855313,441.31306654260607,100.26476906180937,39.3001158015252,16.998331445372614,52.029889795448476,9.450557050845939,5.584529304235039,0.0,0.0,0.0,0.0,0.0,model4,15.0,False,4446.0
1482,2015-07-06T11:00:00Z,32.0,163.87484539604048,446.4713814146521,99.0113252831783,39.24014966121658,15.582343310627644,57.72766132171942,9.836892130504301,5.573173907944511,0.0,0.0,0.0,0.0,0.0,model4,15.0,False,4449.0
1483,2015-07-06T14:00:00Z,32.0,161.99958625876067,451.06997686128716,98.47488668250116,39.098761037766266,17.764946196473158,57.37254277869254,9.589968197847384,5.413375715503659,0.0,0.0,0.0,0.0,0.0,model4,15.0,False,4452.0
1484,2015-07-06T17:00:00Z,32.0,164.6292586735021,456.8567264443873,98.27942879435021,38.95500972943249,18.572240564969235,56.128327611611006,6.939066667240742,5.5771033042450915,0.0,0.0,0.0,0.0,0.0,model4,15.0,False,4455.0
1485,2015-07-06T20:00:00Z,32.0,163.0782483945154,452.7525744212042,97.37085000971605,39.26598224760989,17.28876163544914,57.21037490559861,7.676690927228178,5.293638103836939,0.0,0.0,0.0,0.0,0.0,model4,15.0,False,4458.0
1486,2015-07-06T23:00:00Z,32.0,165.47093769763416,445.99963956861353,97.56363535948212,38.71258772003439,18.488953811908225,58.95026565338565,8.730962713687067,4.987225026915404,0.0,0.0,0.0,0.0,0.0,model4,15.0,False,4461.0
1487,2015-07-07T02:00:00Z,32.0,165.84414595133654,444.2026461382376,96.95069467632942,39.35652238142037,18.27466665635049,56.857876920602024,8.550000955600261,5.113185904022808,0.0,0.0,0.0,0.0,0.0,model4,15.0,False,4464.0
1488,2015-07-07T05:00:00Z,32.0,169.08126776419542,457.33834422987036,98.1265158460631,38.4787860589098,16.101656906449794,53.05798344218747,8.356057544706108,4.644010277091171,0.0,0.0,0.0,0.0,0.0,model4,15.0,False,4467.0
1489,2015-07-07T08:00:00Z,32.0,170.6952183469276,446.67551949201163,98.34618439652408,38.91754981240007,14.131581052683066,48.50393585075914,9.494871553129258,4.509586382187951,0.0,0.0,0.0,0.0,0.0,model4,15.0,False,4470.0
1490,2015-07-07T11:00:00Z,32.0,173.17113970460747,441.13456888444733,100.42091724562876,38.42460176652401,13.811777411603215,41.219436897649906,9.431030457173222,5.151666645196149,0.0,0.0,0.0,0.0,0.0,model4,15.0,False,4473.0
1491,2015-07-07T14:00:00Z,32.0,175.36391447469958,438.5482107417482,101.36755941644873,38.33069881147161,8.457769502684826,40.103563542910706,10.439338683201749,5.106657142429008,0.0,0.0,0.0,0.0,0.0,model4,15.0,False,4476.0
1492,2015-07-07T17:00:00Z,32.0,172.36059124362285,436.8621381730145,100.69326918738524,39.03650688437495,11.850483660824,37.91509805806075,10.660095943785414,4.7359152636657615,0.0,0.0,0.0,0.0,0.0,model4,15.0,False,4479.0
1493,2015-07-07T20:00:00Z,32.0,173.57443473893886,442.01212317180335,101.28120403476672,39.218654464704116,12.379340805428152,36.31703294073173,10.290635735432089,4.519929324705994,0.0,0.0,0.0,1.0,0.0,model4,15.0,False,4482.0
1494,2015-07-07T23:00:00Z,32.0,172.59507060515713,451.50843611560236,102.38884690828718,39.21107733536947,13.899912030531867,36.42761456366879,11.062030151288738,4.5587982761376535,0.0,0.0,0.0,1.0,0.0,model4,15.0,False,4485.0
1495,2015-07-08T02:00:00Z,32.0,172.0327015602356,458.0021195616336,102.19822863138864,38.588079485732095,13.651620740065935,43.49140467271085,10.813672888332679,4.438389342119237,0.0,0.0,0.0,1.0,0.0,model4,15.0,False,4488.0
1496,2015-07-08T05:00:00Z,32.0,172.28997122182233,455.473752686962,102.54719244341108,39.18766308095465,13.95092215845174,43.232681727598475,10.777620793197567,4.25575966605815,0.0,0.0,0.0,1.0,0.0,model4,15.0,False,4491.0
1497,2015-07-08T08:00:00Z,32.0,171.21725604584998,455.6324095205767,102.80589228880257,39.19472691089376,14.327667365108626,44.3995735670546,10.396691146038304,4.377810250559627,0.0,0.0,0.0,1.0,0.0,model4,15.0,False,4494.0
1498,2015-07-08T11:00:00Z,32.0,169.26894332317883,457.7113812297178,101.26912910514656,39.90357028170619,15.064930458836464,41.94160034384095,10.717351856028863,4.131650326435291,0.0,0.0,0.0,1.0,0.0,model4,15.0,False,4497.0
1499,2015-07-08T14:00:00Z,32.0,167.89257968710913,465.50653179314,101.47974643099016,39.827828682642014,15.746765116011725,38.7140073277731,10.28386994694325,4.8964401963465605,0.0,0.0,0.0,1.0,0.0,model4,15.0,False,4500.0
1500,2015-07-08T17:00:00Z,32.0,169.93414383300438,465.4464797919069,101.94037803554352,40.12628324603195,13.979632911525705,40.59736049592497,10.50106716012484,5.391670441741534,0.0,0.0,0.0,1.0,0.0,model4,15.0,False,4503.0
1501,2015-07-08T20:00:00Z,32.0,169.19601437168953,464.2392949648432,102.60720515176098,40.013688548534006,14.67550522639418,41.22329204436832,11.962060771628533,5.6228091585264295,0.0,0.0,0.0,0.0,0.0,model4,15.0,False,4506.0
1502,2015-07-08T23:00:00Z,32.0,169.21309871116767,455.9842150225945,101.68296053670332,39.93782653658389,13.165601303045076,44.681028861164464,10.92448092749468,5.766921881932459,0.0,0.0,0.0,0.0,0.0,model4,15.0,False,4509.0
1503,2015-07-09T02:00:00Z,32.0,168.50209827050972,446.9155755130827,100.79698287947711,40.06026209659136,13.89868974558416,39.572889165565314,11.25818624485924,5.698176542403804,0.0,0.0,0.0,0.0,0.0,model4,15.0,False,4512.0
1504,2015-07-09T05:00:00Z,32.0,167.73328322713638,452.51247901305015,99.5795410546147,39.50962637913072,14.6917342267195,43.62719141822358,11.473760720649233,5.9560777062224926,0.0,0.0,0.0,0.0,0.0,model4,15.0,False,4515.0
1505,2015-07-09T08:00:00Z,32.0,168.48000879749966,451.6050859342302,98.93838029836293,40.032635694522575,14.657389867377029,43.12083888023301,11.325802603542066,6.05068962793489,0.0,0.0,0.0,0.0,0.0,model4,15.0,False,4518.0
1506,2015-07-09T11:00:00Z,32.0,169.86705021292016,448.0442895638869,100.29463426721362,39.391795240558466,14.30520463379166,48.681429907705144,11.42188153257408,5.743169471476735,0.0,0.0,0.0,0.0,0.0,model4,15.0,False,4521.0
1507,2015-07-09T14:00:00Z,32.0,172.37003342011826,447.12900209826375,98.81345217166643,39.34636664624893,14.203367642197865,47.84649217463409,11.405504976657506,5.095815422593764,0.0,0.0,0.0,0.0,0.0,model4,15.0,False,4524.0
1508,2015-07-09T17:00:00Z,32.0,173.64055296171642,444.551374322886,97.2101330034725,39.41256463605189,15.413559623198486,51.401361864893296,11.542756641981196,5.171623308587127,0.0,0.0,0.0,0.0,0.0,model4,15.0,False,4527.0
1509,2015-07-09T20:00:00Z,32.0,172.45350714115952,449.6783604640177,96.13074704281144,39.651030190886736,14.767184412355007,54.21778832249795,9.205548662028509,5.001688122606778,0.0,0.0,0.0,0.0,0.0,model4,15.0,False,4530.0
1510,2015-07-09T23:00:00Z,32.0,173.1181613203026,444.7907620395494,97.2363491842498,39.50638386619207,14.86223859636292,55.302689271017286,9.624747057025235,4.888083726794837,0.0,0.0,0.0,0.0,0.0,model4,15.0,False,4533.0
1511,2015-07-10T02:00:00Z,32.0,173.16568833554882,456.34712037282526,97.63484487142428,39.77211592070986,14.785259971283462,60.74305496559281,9.38759599435016,4.639217960521501,0.0,0.0,0.0,0.0,0.0,model4,15.0,False,4536.0
1512,2015-07-10T05:00:00Z,32.0,171.99383944040557,447.5770598397175,99.56441812331744,39.97820295011913,14.436439188832493,58.07327046891557,10.129966572872704,4.352423713451463,0.0,0.0,0.0,0.0,0.0,model4,15.0,False,4539.0
1513,2015-07-10T08:00:00Z,32.0,172.74488674482825,446.65125134401876,99.77563285707758,39.29762529006975,14.805589153161554,60.486177096146285,10.239821255869606,3.6152602414104296,0.0,0.0,0.0,0.0,0.0,model4,15.0,False,4542.0
1514,2015-07-10T11:00:00Z,32.0,173.05361347067412,447.88950864832174,98.09854434179798,39.46160152065676,14.513149947307543,56.05172533278093,9.937580666798588,3.6334776885885467,0.0,0.0,0.0,0.0,0.0,model4,15.0,False,4545.0
1515,2015-07-10T14:00:00Z,32.0,169.9898595607657,447.0757127735614,98.40896404111099,39.34519422510551,15.278124154430092,58.103201470833795,9.205336084417082,4.147778803676083,0.0,0.0,0.0,0.0,0.0,model4,15.0,False,4548.0
1516,2015-07-10T17:00:00Z,32.0,168.13695401114958,447.5791788106358,99.76151511104887,39.08539612893643,13.533778656741829,53.82008431700186,10.169811308280039,3.453645809106692,0.0,0.0,0.0,0.0,0.0,model4,15.0,False,4551.0
1517,2015-07-10T20:00:00Z,32.0,169.78602700810288,439.0844536087421,100.37325369748024,39.10066751943111,14.713263315108302,52.20511069566805,10.402794699290821,3.5802964990581345,0.0,0.0,0.0,0.0,0.0,model4,15.0,False,4554.0
1518,2015-07-10T23:00:00Z,32.0,168.52986206002947,451.58942925847913,99.13219155797009,39.2259397332472,14.35756795271806,52.497215373345355,9.752583597722133,3.9772474104136974,0.0,0.0,0.0,0.0,0.0,model4,15.0,False,4557.0
1519,2015-07-11T02:00:00Z,32.0,170.5422672533306,443.88141835982765,99.72733739328228,39.02205345128972,14.573279086158434,43.88591000811081,10.07545988570006,4.493332261305329,0.0,0.0,0.0,0.0,0.0,model4,15.0,False,4560.0
1520,2015-07-11T05:00:00Z,32.0,172.25254618608017,440.4653087919201,98.93597642425225,38.61021892573786,13.556727175689645,45.4004585227808,9.710809130264883,4.5216132953718455,0.0,0.0,0.0,0.0,0.0,model4,15.0,False,4563.0
1521,2015-07-11T08:00:00Z,32.0,170.22460794166497,451.1227564111636,99.08216420635166,37.60205686791747,13.196325772597818,46.469062426046044,9.720979848235524,5.315466076388941,0.0,0.0,0.0,0.0,0.0,model4,15.0,False,4566.0
1522,2015-07-11T11:00:00Z,32.0,169.56697519304026,446.4910482650157,99.52140642935308,38.181760521918335,13.205113329984867,50.17874311184247,9.860941637580993,5.674439872392516,0.0,0.0,0.0,0.0,0.0,model4,15.0,False,4569.0
1523,2015-07-11T14:00:00Z,32.0,170.3747743561367,443.39413916775993,98.82976500713829,38.078119724038025,12.611347098763751,49.37154820099361,10.92155336976814,6.0844596651663405,0.0,0.0,0.0,0.0,0.0,model4,15.0,False,4572.0
1524,2015-07-11T17:00:00Z,32.0,171.1113292896899,446.94637916857664,99.66904935543256,39.11765469809581,12.671863478639324,50.78280595899092,9.646117265501623,7.233816793253716,0.0,0.0,0.0,0.0,0.0,model4,15.0,False,4575.0
1525,2015-07-11T20:00:00Z,32.0,170.63699198685862,447.53506383885116,101.6822932567074,40.00228663478601,11.612190966233698,50.01395092579301,10.818092346362107,7.660369627003896,0.0,0.0,0.0,0.0,0.0,model4,15.0,False,4578.0
1526,2015-07-11T23:00:00Z,32.0,172.2179515151928,447.6574223322602,102.95824627504324,41.79935631744968,12.286046342618427,51.54026027722282,11.338745772185929,8.29275249738414,0.0,0.0,0.0,0.0,0.0,model4,15.0,False,4581.0
1527,2015-07-12T02:00:00Z,32.0,171.25016830956875,444.85164083939986,102.69500596752495,42.88506302235104,11.648482137563525,51.516609021274434,11.260551874294508,8.258259854615734,0.0,0.0,0.0,0.0,0.0,model4,15.0,False,4584.0
1528,2015-07-12T05:00:00Z,32.0,171.9683439580756,438.48513483968077,101.84724390871337,44.69965173704927,11.771470701203928,57.5245568814517,11.80699027835029,8.126349138945951,0.0,0.0,0.0,0.0,0.0,model4,15.0,False,4587.0
1529,2015-07-12T08:00:00Z,32.0,174.1702912425468,429.977482867977,101.68596942662451,46.82580538331555,11.52387781315608,52.35064943289231,11.454449196599723,6.46138751252467,0.0,0.0,0.0,0.0,0.0,model4,15.0,False,4590.0
1530,2015-07-12T11:00:00Z,32.0,173.2152487761895,434.8715297456956,102.4818606051031,47.98779749291343,11.818194600618966,52.26308697837814,10.961267658343948,6.234470291554412,0.0,0.0,0.0,0.0,0.0,model4,15.0,False,4593.0
1531,2015-07-12T14:00:00Z,32.0,173.60674209931526,432.9988773970471,104.03425203382996,49.39967264799698,11.274552215171845,49.68305468152401,9.828809964078797,4.170853107008922,0.0,0.0,0.0,0.0,0.0,model4,15.0,False,4596.0
1532,2015-07-12T17:00:00Z,32.0,172.16764762840774,435.9980131536913,102.61069823093791,50.19383108601304,13.135433438754664,49.783353201732425,11.001182853272354,4.80757124909896,0.0,0.0,0.0,0.0,0.0,model4,15.0,False,4599.0
1533,2015-07-12T20:00:00Z,32.0,169.266856072554,445.03398574883835,100.29174103932306,50.62385355439101,15.750215834018865,52.58918426895636,9.671544096013863,4.725338708969182,0.0,0.0,0.0,0.0,0.0,model4,15.0,False,4602.0
1534,2015-07-12T23:00:00Z,32.0,166.85060300078683,435.28014875191735,99.93174882600105,50.82613230260413,14.341981612904053,47.20783395635382,9.12627745287467,4.8224159479729725,0.0,0.0,0.0,0.0,0.0,model4,15.0,False,4605.0
1535,2015-07-13T02:00:00Z,32.0,167.48826318777466,433.00849936774665,99.64365270712221,51.305470810325936,14.687955607721673,48.31444416321933,9.689531251038515,4.65240454160156,0.0,0.0,0.0,0.0,0.0,model4,15.0,False,4608.0
1536,2015-07-13T05:00:00Z,32.0,166.64730197395892,438.65253591234847,100.934169368415,52.13673255237929,14.376514125061009,42.30751939540461,9.241480512974404,4.88738273324138,0.0,0.0,0.0,0.0,0.0,model4,15.0,False,4611.0
1537,2015-07-13T08:00:00Z,32.0,167.16999811791746,433.8840487254171,100.50789479653135,51.63758269560607,14.676463902979455,46.05778497604391,10.360975577251276,5.304686533567298,0.0,0.0,0.0,0.0,0.0,model4,15.0,False,4614.0
1538,2015-07-13T11:00:00Z,32.0,168.2646797939289,436.08274153296935,100.32079720418564,52.251885716836824,14.355006852528904,44.81825189127951,11.113915276849985,5.590839537742443,0.0,0.0,0.0,0.0,0.0,model4,15.0,False,4617.0
1539,2015-07-13T14:00:00Z,32.0,169.29754555771743,438.8221918137605,99.00979989126785,52.210064552489136,14.571730442134859,46.611446652120044,10.666705857796162,5.384054670587284,0.0,0.0,0.0,0.0,0.0,model4,15.0,False,4620.0
1540,2015-07-13T17:00:00Z,32.0,172.44413937282246,429.8786350386845,98.425285205243,50.35713696706359,14.123229135641001,46.06439752690189,10.308941464814176,6.167196435415921,0.0,0.0,0.0,0.0,0.0,model4,15.0,False,4623.0
1541,2015-07-13T20:00:00Z,32.0,174.62085300081154,418.64113725875205,98.99830311134258,49.03268926868642,10.251131322528202,40.12544976106921,10.810040035356502,7.256880981976331,0.0,0.0,0.0,0.0,0.0,model4,15.0,False,4626.0
1542,2015-07-13T23:00:00Z,32.0,176.4505866387495,424.0558251606013,96.2142711640948,47.4484673369651,9.096507297372618,40.5459302482901,11.247212946677582,8.153568393338963,0.0,0.0,0.0,0.0,0.0,model4,15.0,False,4629.0
1543,2015-07-14T02:00:00Z,32.0,173.06320751305472,425.0351837712415,97.81646146311758,46.40399242572747,12.436706579205833,43.074900395271044,11.702016024981509,8.09594437611398,0.0,0.0,0.0,0.0,0.0,model4,15.0,False,4632.0
1544,2015-07-14T05:00:00Z,32.0,172.91727210836476,434.4237791003208,97.0988308771611,44.093671460923325,13.357199564451108,50.73382813616042,11.412528953749671,7.600234539358653,0.0,0.0,0.0,0.0,0.0,model4,15.0,False,4635.0
1545,2015-07-14T08:00:00Z,32.0,172.1005890760252,445.198638647104,98.50263154203388,42.90245201312327,13.912858115136904,47.66232597113029,10.713573372988783,8.02959621678992,0.0,0.0,0.0,0.0,0.0,model4,15.0,False,4638.0
1546,2015-07-14T11:00:00Z,32.0,173.68819721920133,441.4650670787863,97.6698649914262,40.798523538881405,15.8552007883286,49.20845721604386,9.918463227439087,6.302806747529041,0.0,0.0,0.0,0.0,0.0,model4,15.0,False,4641.0
1547,2015-07-14T14:00:00Z,32.0,174.63001052831058,440.4820916643748,97.8333450254149,39.39385748096336,16.55357131530078,48.35857551162198,9.960520650645444,5.78716078328161,0.0,0.0,0.0,0.0,0.0,model4,15.0,False,4644.0
1548,2015-07-14T17:00:00Z,32.0,170.16273694880212,446.83786014239035,99.65691975729746,38.8745228487606,19.347139436289027,47.454041722445524,9.918781867568393,5.954589167302943,0.0,0.0,0.0,0.0,0.0,model4,15.0,False,4647.0
1549,2015-07-14T20:00:00Z,32.0,171.33868365245462,453.98694367673517,99.75618340860754,38.46954626658568,20.29507622418815,45.74520726690484,10.124002195889359,5.72667081779875,0.0,0.0,0.0,0.0,0.0,model4,15.0,False,4650.0
1550,2015-07-14T23:00:00Z,32.0,174.55285214175808,449.8010301010978,102.61597835826252,37.911839987357155,23.109995479663066,48.057580479350214,8.469142777995721,4.7474713696675765,0.0,0.0,0.0,0.0,0.0,model4,15.0,False,4653.0
1551,2015-07-15T02:00:00Z,32.0,179.73829595636624,450.87816661323035,101.30122608478008,37.43812358472951,21.97524842691447,44.113917035958785,7.792100406168204,4.1986918322519236,0.0,0.0,0.0,0.0,0.0,model4,15.0,False,4656.0
1552,2015-07-15T05:00:00Z,32.0,181.62598171759163,445.1559060926833,102.31544441992872,37.17062783485572,21.35833545060879,35.09732440035521,8.357177481211718,4.099468698877788,0.0,0.0,0.0,0.0,0.0,model4,15.0,False,4659.0
1553,2015-07-15T08:00:00Z,32.0,184.6785727234754,444.40899624979926,101.7818455834884,38.164904751536156,21.61462086085078,35.109419729036695,8.528474592475519,4.654299636826031,0.0,0.0,0.0,0.0,0.0,model4,15.0,False,4662.0
1554,2015-07-15T11:00:00Z,32.0,186.0055402538618,450.782741822212,102.56457818397264,37.85405399196093,21.18818908911397,36.61643828632196,8.04838194471517,4.705303796301911,0.0,0.0,0.0,0.0,0.0,model4,15.0,False,4665.0
1555,2015-07-15T14:00:00Z,32.0,185.73005573388252,450.22767546287076,102.16134278022636,37.51673678976451,21.277500154720713,42.9975174337092,10.456933943977589,4.535248884776757,0.0,0.0,0.0,0.0,0.0,model4,15.0,False,4668.0
1556,2015-07-15T17:00:00Z,32.0,190.54636858973225,445.9727926400418,102.24493458264294,37.7881317681086,14.920915828454044,43.02503685676234,9.874823550303477,4.774876532898864,0.0,0.0,0.0,0.0,0.0,model4,15.0,False,4671.0
1557,2015-07-15T20:00:00Z,32.0,194.44254449085963,439.79884155487,101.01326777421544,37.69363977343392,12.738419220536768,40.46095657478369,11.133660280192714,5.09542706260666,0.0,0.0,0.0,0.0,0.0,model4,15.0,False,4674.0
1558,2015-07-15T23:00:00Z,32.0,193.83396041064262,445.22397726785584,101.566959038739,38.64329476078708,11.948396145850072,38.85574563216618,11.596402374274161,5.451339564990523,0.0,0.0,0.0,0.0,0.0,model4,15.0,False,4677.0
1559,2015-07-16T02:00:00Z,32.0,193.55100214103817,447.149557424192,101.55195949100369,39.174791279909776,12.568527741754925,38.696680176298564,11.618668125235127,5.6549244242756735,0.0,0.0,0.0,0.0,0.0,model4,15.0,False,4680.0
1560,2015-07-16T05:00:00Z,32.0,195.05978595849243,451.91291184143705,101.17998430446585,39.9019971652868,12.016570978280114,41.024173526753934,11.3904222102316,5.2640891973789605,0.0,0.0,0.0,0.0,0.0,model4,15.0,False,4683.0
1561,2015-07-16T08:00:00Z,32.0,195.17638104948483,450.6190750071136,100.93347543225548,39.97454218032475,13.367382881431856,42.08142498821324,11.253928991891428,5.366124152402575,0.0,0.0,0.0,0.0,0.0,model4,15.0,False,4686.0
1562,2015-07-16T11:00:00Z,32.0,195.8377193075241,441.6343478095079,100.45414568207724,40.00852138824322,13.671387456978223,41.02815339010638,11.895371747485378,5.0041579656784005,0.0,0.0,0.0,0.0,0.0,model4,15.0,False,4689.0
1563,2015-07-16T14:00:00Z,32.0,197.76832884105232,448.3266749167914,100.86701928051001,40.03140587070619,14.07789978390263,37.65019354605168,9.92633437290786,4.915280289535817,0.0,0.0,0.0,0.0,0.0,model4,15.0,False,4692.0
1564,2015-07-16T17:00:00Z,32.0,198.272241496464,455.6587118553276,100.02038705226187,39.64316101829361,13.092108699685348,42.18916084833804,10.065149678666671,4.950382885487746,0.0,0.0,0.0,0.0,0.0,model4,15.0,False,4695.0
1565,2015-07-16T20:00:00Z,32.0,197.45085610081563,468.07122805063835,100.88543812546894,40.20547463096162,14.781134141191867,43.837464418506,9.387807947715343,4.897028910772974,0.0,0.0,0.0,0.0,0.0,model4,15.0,False,4698.0
1566,2015-07-16T23:00:00Z,32.0,194.8793667421764,468.3468453832925,99.19850117441672,40.13694322811585,17.480583937414085,45.875451112078714,8.522436606801737,5.278053405219987,0.0,0.0,0.0,0.0,0.0,model4,15.0,False,4701.0
1567,2015-07-17T02:00:00Z,32.0,192.77231460004106,469.9825110288385,99.69492657771494,39.62321149508172,19.87496330066563,47.661345432120626,9.030060422156133,5.358332430887897,0.0,0.0,0.0,0.0,0.0,model4,15.0,False,4704.0
1568,2015-07-17T05:00:00Z,32.0,191.51540290905484,469.6000643911545,99.11698933146528,39.754560857758335,19.646228883760948,46.581960781553754,8.550708587374482,5.4179470594841135,0.0,0.0,0.0,0.0,0.0,model4,15.0,False,4707.0
1569,2015-07-17T08:00:00Z,32.0,185.5204697756741,472.3036572933345,98.37702536182651,39.01593533658959,22.041431172714766,44.9760735432209,9.703461476058482,4.999832055166549,0.0,0.0,0.0,0.0,0.0,model4,15.0,False,4710.0
1570,2015-07-17T11:00:00Z,32.0,182.36866117890892,476.13827969215515,100.01686315561086,39.75603091856031,22.78537800587801,42.48480087451709,9.719217068322683,5.724266003699242,0.0,0.0,0.0,0.0,0.0,model4,15.0,False,4713.0
1571,2015-07-17T14:00:00Z,32.0,178.70081751104382,468.9279969212332,99.51235015699982,40.60342633078153,20.911843940625104,44.867256293636295,9.818302554272831,5.455738141957115,0.0,0.0,0.0,0.0,0.0,model4,15.0,False,4716.0
1572,2015-07-17T17:00:00Z,32.0,175.83976204598812,460.0101655095112,99.87568803229985,41.266078756514226,21.230860015464216,46.607984226107035,10.038551606458617,4.95980621685816,0.0,0.0,0.0,0.0,0.0,model4,15.0,False,4719.0
1573,2015-07-17T20:00:00Z,32.0,173.32998169399517,447.9936566271869,99.26218402925085,41.15453692085713,18.70379311956424,42.675824852673614,8.8623257250655,4.479405822908896,0.0,0.0,0.0,0.0,0.0,model4,15.0,False,4722.0
1574,2015-07-17T23:00:00Z,32.0,174.44118214854583,447.7393806207775,100.06151777882481,39.89661077177696,18.43114044988468,44.26869126037881,8.777179903893614,4.658973833553727,0.0,0.0,0.0,0.0,0.0,model4,15.0,False,4725.0
1575,2015-07-18T02:00:00Z,32.0,172.6496623951781,444.8602983589762,100.51880144968786,40.49108162843789,18.22721506381396,45.70119726109526,8.866826389769287,4.558065807285477,0.0,0.0,0.0,0.0,0.0,model4,15.0,False,4728.0
1576,2015-07-18T05:00:00Z,32.0,173.68106896553033,439.6639010019594,100.37021174189928,39.53827018193395,19.160669088304328,49.25661415292361,8.797443826582766,4.77358660697489,0.0,0.0,0.0,0.0,0.0,model4,15.0,False,4731.0
1577,2015-07-18T08:00:00Z,32.0,177.12535944923889,431.01532969404707,101.24299574273294,39.69077297643275,17.603300940486125,48.15018145240418,8.518260319412597,5.4568136339295314,0.0,0.0,0.0,0.0,0.0,model4,15.0,False,4734.0
1578,2015-07-18T11:00:00Z,32.0,175.90381593199416,429.511641454395,99.99014583922676,39.208912633463676,16.293258214042734,48.240904748067024,8.614531561048715,4.682499812839077,0.0,0.0,0.0,0.0,0.0,model4,15.0,False,4737.0
1579,2015-07-18T14:00:00Z,32.0,176.13070401423505,439.6754172415129,101.70748060739076,39.06672199228185,16.111355593547522,56.13686296813025,8.848845719293223,5.013072407037728,0.0,0.0,0.0,0.0,0.0,model4,15.0,False,4740.0
1580,2015-07-18T17:00:00Z,32.0,175.95011986520862,447.0121228039993,101.3323185237567,38.276972334890154,16.090678161422048,53.81663287107784,9.071509993239783,5.0938465448974855,0.0,0.0,0.0,0.0,0.0,model4,15.0,False,4743.0
1581,2015-07-18T20:00:00Z,32.0,175.0089034255888,446.51182137417237,101.88652636588185,37.75923519866848,15.397288618676564,53.859086988257,9.482392331879645,5.168654488286252,0.0,0.0,0.0,0.0,0.0,model4,15.0,False,4746.0
1582,2015-07-18T23:00:00Z,32.0,175.05421186594316,445.50580382948624,101.6864099396188,38.051137882033046,15.681660427540093,50.65118837675014,9.444317292798617,4.952907760263948,0.0,0.0,0.0,0.0,0.0,model4,15.0,False,4749.0
1583,2015-07-19T02:00:00Z,32.0,175.60730085521953,438.5638112521083,101.36769882885427,37.71945671799097,14.448660299820128,52.939759759893406,9.6465021054566,4.780675483656488,0.0,0.0,0.0,0.0,0.0,model4,15.0,False,4752.0
1584,2015-07-19T05:00:00Z,32.0,173.46747458003819,438.37222684088516,102.06376370924076,38.52145880732511,12.889572577794715,51.5179872962445,10.051111355847722,5.204651396228399,0.0,0.0,0.0,0.0,0.0,model4,15.0,False,4755.0
1585,2015-07-19T08:00:00Z,32.0,174.78026854202588,440.9864995139538,103.38857134566445,39.92512683067636,14.663478917707028,50.17177087328729,10.228760920388597,6.3319079238913165,0.0,0.0,0.0,0.0,0.0,model4,15.0,False,4758.0
1586,2015-07-19T11:00:00Z,32.0,174.08727805764443,439.8240574905085,104.16069380637308,40.22486372890274,14.782826259695813,48.55392765569594,9.955908130622774,6.315626779162147,0.0,0.0,0.0,0.0,0.0,model4,15.0,False,4761.0
1587,2015-07-19T14:00:00Z,32.0,173.72053381821343,427.11763489402495,103.39535810131984,39.83521564605748,15.233134540075865,38.51447603282049,10.022695847347096,6.054720906946285,0.0,0.0,0.0,0.0,0.0,model4,15.0,False,4764.0
1588,2015-07-19T17:00:00Z,32.0,172.4054765618746,431.9729059167369,104.74727632397457,40.55561975216421,15.075733447270519,45.809787407440616,9.601717828700949,5.806361981200906,0.0,0.0,0.0,0.0,0.0,model4,15.0,False,4767.0
1589,2015-07-19T20:00:00Z,32.0,172.9851688436969,438.49293457077385,104.49533506068977,41.30556490161607,15.105505150195475,47.78715897051819,9.694622884952178,5.8977961119912585,0.0,0.0,0.0,0.0,0.0,model4,15.0,False,4770.0
1590,2015-07-19T23:00:00Z,32.0,171.54233324421824,432.90575330024177,105.53248855814415,41.83884600618251,14.100861053887682,49.19641310809142,10.34019711886491,6.280733114415575,0.0,0.0,0.0,0.0,0.0,model4,15.0,False,4773.0
1591,2015-07-20T02:00:00Z,32.0,172.26995252878834,447.81556646093225,104.36118191744228,41.636177795859005,17.903306350577633,50.04365051158801,10.59017841488626,6.302773055276287,0.0,0.0,0.0,0.0,0.0,model4,15.0,False,4776.0
1592,2015-07-20T05:00:00Z,32.0,171.79194126979732,443.6176063538464,103.99239932180821,41.11256225164269,17.63402543166457,50.557649794473505,10.245010742314747,6.1946942055664005,0.0,0.0,0.0,0.0,0.0,model4,15.0,False,4779.0
1593,2015-07-20T08:00:00Z,32.0,169.87281828336646,444.0523171960354,103.97072133051232,39.91374778096047,16.29655857008487,52.6252741502121,9.29672328075077,4.747795314471484,0.0,0.0,0.0,0.0,0.0,model4,15.0,False,4782.0
1594,2015-07-20T11:00:00Z,32.0,169.16149921458722,450.74674945854133,103.70086537235477,40.02562545485965,16.794349118980428,52.434015313265114,9.396716232358784,4.814411799267722,0.0,0.0,0.0,0.0,0.0,model4,15.0,False,4785.0
1595,2015-07-20T14:00:00Z,32.0,170.73328915063763,455.2950003003843,103.34637189655191,40.35310290457861,17.098112155894572,50.266969446031645,9.443720048634754,4.770253707103802,0.0,0.0,0.0,0.0,0.0,model4,15.0,False,4788.0
1596,2015-07-20T17:00:00Z,32.0,172.0347587468658,443.6274390297672,103.3498556356985,40.52129464896032,16.294842741927713,51.65072106324647,9.28707999973184,4.78679943534938,0.0,0.0,0.0,0.0,0.0,model4,15.0,False,4791.0
1597,2015-07-20T20:00:00Z,32.0,168.70259848622152,442.0787884778986,102.63139339594656,40.0968485835547,17.943981591897376,51.15917531593146,9.476327091777117,4.380359826298896,0.0,0.0,0.0,0.0,0.0,model4,15.0,False,4794.0
1598,2015-07-20T23:00:00Z,32.0,165.61832712843702,446.82778651182616,102.2192599025928,39.90694393872357,18.59620691119985,48.205206312326574,9.09831372980427,3.261676913247587,0.0,0.0,0.0,0.0,0.0,model4,15.0,False,4797.0
1599,2015-07-21T02:00:00Z,32.0,165.68414640792454,436.44654240270006,102.80623550095808,40.19927946517886,15.22050894982702,45.14360768142311,8.817741986228553,3.236967868164107,0.0,0.0,0.0,0.0,0.0,model4,15.0,False,4800.0
1600,2015-07-21T05:00:00Z,32.0,167.72751449562526,441.6820428096985,102.37585419393116,40.46593895477173,17.793152787338144,41.51102174440597,9.805353370258556,3.0663194763532995,0.0,0.0,0.0,0.0,0.0,model4,15.0,False,4803.0
1601,2015-07-21T08:00:00Z,32.0,168.71358014460068,444.5803908535767,100.77216923704754,40.53697992165535,17.81656811544605,38.26559037793688,9.923009266388084,3.296650397132197,0.0,0.0,0.0,0.0,0.0,model4,15.0,False,4806.0
1602,2015-07-21T11:00:00Z,32.0,169.08540263377168,447.53779608234436,99.91476845622248,39.98737472391152,17.846432094027488,41.57457514656743,9.322280340142346,3.5920128414896118,0.0,0.0,0.0,0.0,0.0,model4,15.0,False,4809.0
1603,2015-07-21T14:00:00Z,32.0,168.8316825474041,447.37235865453925,98.71894243028125,40.42950513067128,17.780609287101356,41.59626391163953,9.866247843790934,4.2647313039695645,0.0,0.0,0.0,0.0,0.0,model4,15.0,False,4812.0
1604,2015-07-21T17:00:00Z,32.0,169.7026553613499,454.38783910769035,98.18220310902436,40.63398867326693,17.89823272734175,34.293483634083536,9.319139135071756,4.302830046536843,0.0,0.0,0.0,0.0,0.0,model4,15.0,False,4815.0
1605,2015-07-21T20:00:00Z,32.0,173.46349156839062,452.06069996555374,99.81030859769069,41.46124769939525,15.840009279388097,36.00686154718029,9.048009791302606,4.532308160675616,0.0,0.0,0.0,0.0,0.0,model4,15.0,False,4818.0
1606,2015-07-21T23:00:00Z,32.0,174.5627940474871,451.1127527681418,98.67594973371237,41.435457837068526,14.613605634143985,39.480229939719344,8.214753135339787,4.968888007384252,0.0,0.0,0.0,0.0,0.0,model4,15.0,False,4821.0
1607,2015-07-22T02:00:00Z,32.0,174.7559112001339,452.14212862253487,99.76351819922456,40.865703956572226,14.21923737886692,38.90359911822245,9.162232408835736,5.261126712002287,0.0,0.0,0.0,0.0,0.0,model4,15.0,False,4824.0
1608,2015-07-22T05:00:00Z,32.0,173.1859010520253,454.251061708685,98.47512170567829,40.50523427622264,12.340510521560304,40.385245185062594,8.796944001877383,5.405285749276638,0.0,0.0,0.0,0.0,0.0,model4,15.0,False,4827.0
1609,2015-07-22T08:00:00Z,32.0,170.259916912437,455.18572250539717,98.40149124384124,40.626266253122395,12.413589676633675,44.14486163784596,8.955864273661351,5.328439770688056,0.0,0.0,0.0,0.0,0.0,model4,15.0,False,4830.0
1610,2015-07-22T11:00:00Z,32.0,170.413215232521,450.68104421479416,98.06704710722212,40.47154404614874,11.72292323191314,42.105278599356616,9.079650059663807,5.206945375867505,0.0,0.0,0.0,0.0,0.0,model4,15.0,False,4833.0
1611,2015-07-22T14:00:00Z,32.0,169.17779063143678,450.3406453925669,98.40458995036812,39.81678874796538,11.360719866051307,46.37252796769233,8.697541773381147,4.667995593430757,0.0,0.0,0.0,0.0,0.0,model4,15.0,False,4836.0
1612,2015-07-22T17:00:00Z,32.0,168.64997328458298,447.1922226015799,98.43868815254942,39.81986541325199,11.090235313922806,44.97277163376688,9.579843516327797,4.702283246558241,0.0,0.0,0.0,0.0,0.0,model4,15.0,False,4839.0
1613,2015-07-22T20:00:00Z,32.0,168.14428079886275,443.627495837047,98.05562591241888,39.37006558592919,11.17403808450488,49.33685781100935,10.49447495733967,4.1387720403026815,0.0,0.0,0.0,0.0,0.0,model4,15.0,False,4842.0
1614,2015-07-22T23:00:00Z,32.0,170.44915232189743,442.4798615916389,98.04794739186504,38.61360401101959,10.924771336784675,52.77290202225439,10.409422659933982,4.533889150102117,0.0,0.0,0.0,0.0,0.0,model4,15.0,False,4845.0
1615,2015-07-23T02:00:00Z,32.0,169.7742684466741,448.3294918406733,98.35173114850951,38.81366129200099,10.534651788286775,51.03170958285154,10.729416686885092,4.388311379242286,0.0,0.0,0.0,0.0,0.0,model4,15.0,False,4848.0
1616,2015-07-23T05:00:00Z,32.0,170.6062179981738,451.49648566505516,99.16997635199249,39.18045462489403,11.149060052772484,51.86758943297903,10.240739596038237,4.341276612610124,0.0,0.0,0.0,0.0,0.0,model4,15.0,False,4851.0
1617,2015-07-23T08:00:00Z,32.0,169.91100969180158,460.32952319987504,100.81167855771842,39.09086662953487,11.536483331768613,57.076337805507755,10.222929263033851,4.487229530948875,0.0,0.0,0.0,0.0,0.0,model4,15.0,False,4854.0
1618,2015-07-23T11:00:00Z,32.0,170.14696960707238,463.73274122912613,100.3760311005176,39.244815413299996,12.607295319666802,58.03113582065558,11.454241010211911,4.672730320292615,0.0,0.0,0.0,0.0,0.0,model4,15.0,False,4857.0
1619,2015-07-23T14:00:00Z,32.0,170.81909189535827,461.4490504450885,101.65093991772216,40.43982472650557,12.976300085941643,57.887032247066536,11.002953243827474,5.5587014741674015,0.0,0.0,0.0,0.0,0.0,model4,15.0,False,4860.0
1620,2015-07-23T17:00:00Z,32.0,172.1562809411478,459.6697946540615,101.88394867103365,40.69264126750482,14.676674552334886,63.73853041987109,10.665489308709068,5.7435500011333085,0.0,0.0,0.0,0.0,0.0,model4,15.0,False,4863.0
1621,2015-07-23T20:00:00Z,32.0,169.5061605936256,463.90659494964393,101.33346751945692,40.24772677416225,15.470879737717786,59.50010120875493,9.728248914610027,5.771173639253899,0.0,0.0,0.0,0.0,0.0,model4,15.0,False,4866.0
1622,2015-07-23T23:00:00Z,32.0,166.86182812049785,465.7364272505224,101.24584434688923,40.955129327437895,15.429464068334758,54.429967694387464,9.86109502038501,4.858724300614701,0.0,0.0,0.0,0.0,0.0,model4,15.0,False,4869.0
1623,2015-07-24T02:00:00Z,32.0,166.96384938352008,466.78608441694536,99.4519799504614,41.35978706112806,15.796181820126614,54.104482714277935,9.216745611834774,4.7442119931458295,0.0,0.0,0.0,0.0,0.0,model4,15.0,False,4872.0
1624,2015-07-24T05:00:00Z,32.0,163.8189463083634,459.8492975503965,100.36009328283257,41.021957014783204,14.937175495472813,57.18096443600584,9.453387681085918,4.953846346305844,0.0,0.0,0.0,0.0,0.0,model4,15.0,False,4875.0
1625,2015-07-24T08:00:00Z,32.0,166.2169068054964,451.9165485285421,98.93274009749643,41.09970996887153,15.470378556340867,52.470655061497915,8.746313643221601,4.910457828602946,0.0,0.0,0.0,0.0,0.0,model4,15.0,False,4878.0
1626,2015-07-24T11:00:00Z,32.0,168.43769912501958,446.4589485282737,99.99582464348057,41.95227376637989,15.666063221276465,50.50849949982368,7.200130177844407,4.844736899264895,0.0,0.0,0.0,0.0,0.0,model4,15.0,False,4881.0
1627,2015-07-24T14:00:00Z,32.0,168.78732161674958,447.9066978774727,99.6547798395484,40.46995091994349,15.470439990893464,48.35474737486835,7.1084617975213895,4.672904210836755,0.0,0.0,0.0,0.0,0.0,model4,15.0,False,4884.0
1628,2015-07-24T17:00:00Z,32.0,165.89902406946362,443.2266009829068,99.0936800555386,39.17023535858976,14.24837729132548,46.55327663011934,6.501011829622017,4.8036892262559405,0.0,0.0,0.0,0.0,0.0,model4,15.0,False,4887.0
1629,2015-07-24T20:00:00Z,32.0,167.84394223082947,440.5323214137304,99.64901223643196,38.756738872637264,13.399539227933948,47.66965609759984,7.236341070099827,5.075028873676693,0.0,0.0,0.0,0.0,0.0,model4,15.0,False,4890.0
1630,2015-07-24T23:00:00Z,32.0,168.7796635136619,441.5588660045462,100.71206480414473,38.647785556337574,13.10278672647372,47.341150815386655,7.199671418381662,5.127717728660893,0.0,0.0,0.0,0.0,0.0,model4,15.0,False,4893.0
1631,2015-07-25T02:00:00Z,32.0,170.21321052541882,433.07864424145515,101.54531328068659,38.058119982956185,13.761069088355274,48.262964450873525,6.409739801011398,5.052934330721282,0.0,0.0,0.0,0.0,0.0,model4,15.0,False,4896.0
1632,2015-07-25T05:00:00Z,32.0,170.35933736946816,437.92610187281014,100.60978467801796,38.801208336001615,13.86053931419436,47.22622325537358,6.272402250033302,5.259721277533368,0.0,0.0,0.0,0.0,0.0,model4,15.0,False,4899.0
1633,2015-07-25T08:00:00Z,32.0,169.25600209445489,436.7720078305062,101.11938911497023,38.303706000962336,15.104547526551347,43.923307220677664,6.204446451033754,4.952122048546396,0.0,0.0,0.0,0.0,0.0,model4,15.0,False,4902.0
1634,2015-07-25T11:00:00Z,32.0,168.80870638786968,444.9576404747991,100.65183888119265,37.61364153646253,16.241483900489758,49.41013167888853,6.706476372986207,4.230139484955636,0.0,0.0,0.0,0.0,0.0,model4,15.0,False,4905.0
1635,2015-07-25T14:00:00Z,32.0,167.93565143834275,442.83347013515447,101.378575331195,37.82716069465583,15.60454953000854,52.31220467354208,6.945071883775471,4.026487163189117,0.0,0.0,0.0,0.0,0.0,model4,15.0,False,4908.0
1636,2015-07-25T17:00:00Z,32.0,170.03662895804425,457.78516345179537,101.01247754502673,38.35255269107954,15.340442647054193,52.39222989094034,7.202515553790633,3.9134207683759965,0.0,0.0,0.0,0.0,0.0,model4,15.0,False,4911.0
1637,2015-07-25T20:00:00Z,32.0,172.55698773612602,462.05310107148483,100.83930066304278,39.03958458795756,16.785615597846498,47.81929210165959,6.6169710511246596,3.659472175111632,0.0,0.0,0.0,0.0,0.0,model4,15.0,False,4914.0
1638,2015-07-25T23:00:00Z,32.0,177.0061906663678,466.24348383602546,100.73708551653532,39.54701935357615,18.22894472854147,49.0976985124717,6.658700596993118,3.8432167009796014,0.0,0.0,0.0,0.0,0.0,model4,15.0,False,4917.0
1639,2015-07-26T02:00:00Z,32.0,178.37006812250075,469.603886245097,99.90564991008877,40.6254020514039,18.752123814008986,47.471867396229754,7.433833816430504,4.238538078481128,0.0,0.0,0.0,0.0,0.0,model4,15.0,False,4920.0
1640,2015-07-26T05:00:00Z,32.0,181.41703182657017,465.4900120812695,99.9817741124074,40.312345516613156,16.844153753400008,48.28609238438777,7.228339767778115,4.708828529579017,0.0,0.0,0.0,0.0,0.0,model4,15.0,False,4923.0
1641,2015-07-26T08:00:00Z,32.0,183.08926410971225,467.3852948900498,100.14279434650156,41.326848676552146,14.59179356254035,49.25341072346031,7.336414641744717,5.061049858624068,0.0,0.0,0.0,0.0,0.0,model4,15.0,False,4926.0
1642,2015-07-26T11:00:00Z,32.0,184.6840381356596,460.03397390549065,101.63314369104614,41.55702775198176,11.870358662057393,56.106490097631294,7.064469082540414,5.056353880297562,0.0,0.0,0.0,0.0,0.0,model4,15.0,False,4929.0
1643,2015-07-26T14:00:00Z,32.0,187.0250112661943,461.7328489284865,100.16945555859041,41.50006081132414,10.722175368020736,53.34321186333336,7.286775413525766,5.051289586911959,0.0,0.0,0.0,0.0,0.0,model4,15.0,False,4932.0
1644,2015-07-26T17:00:00Z,32.0,189.8973928877871,453.85502421012,100.1968836049694,41.06687306950608,9.854973932353738,50.34155775076106,8.523248210467141,5.025880899929675,0.0,0.0,0.0,0.0,0.0,model4,15.0,False,4935.0
1645,2015-07-26T20:00:00Z,32.0,188.77936765943642,453.7922833426224,100.07771323311148,41.27411609603542,11.005778451450608,51.03586273322718,8.528387166995854,5.253650587391039,0.0,0.0,0.0,0.0,0.0,model4,15.0,False,4938.0
1646,2015-07-26T23:00:00Z,32.0,188.60917473795988,445.50496122790537,99.23022244692757,40.59658252282699,11.273690648023612,49.36588248085599,8.14707855037489,5.440134912294239,0.0,0.0,0.0,0.0,0.0,model4,15.0,False,4941.0
1647,2015-07-27T02:00:00Z,32.0,187.29784039450274,448.4717320772786,99.28081358256742,39.98798045405425,11.198824455017927,45.59010171438388,7.5635427377005815,5.344388857578216,0.0,0.0,0.0,0.0,0.0,model4,15.0,False,4944.0
1648,2015-07-27T05:00:00Z,32.0,187.2729458400185,449.1804437391072,99.17960204679702,39.84347986674342,11.57641185821416,45.239207138364364,8.18708712439347,5.080930989773858,0.0,0.0,0.0,0.0,0.0,model4,15.0,False,4947.0
1649,2015-07-27T08:00:00Z,32.0,187.93849261019957,444.91424494846063,98.66947196798864,39.090954991199936,10.392601322427037,44.31917782323472,8.038427447878902,4.408548846122588,0.0,0.0,0.0,0.0,0.0,model4,15.0,False,4950.0
1650,2015-07-27T11:00:00Z,32.0,189.9092202429824,448.747734807661,96.80787837043104,38.673894742312704,13.535540492287645,35.61831640996799,7.307185364153668,4.0402349336807415,0.0,0.0,0.0,0.0,0.0,model4,15.0,False,4953.0
1651,2015-07-27T14:00:00Z,32.0,190.47363933258404,450.82995996238503,98.20866778877644,39.573059185571694,13.510610858025885,40.86014998336411,7.814852279762803,4.888519148304833,0.0,0.0,0.0,0.0,0.0,model4,15.0,False,4956.0
1652,2015-07-27T17:00:00Z,32.0,189.0978911799306,453.3286417709266,99.12050416930168,39.97923358283821,13.404247330884822,40.41787559552114,6.794470677766397,4.725675469156301,0.0,0.0,0.0,0.0,0.0,model4,15.0,False,4959.0
1653,2015-07-27T20:00:00Z,32.0,186.6805319871825,453.34663108168616,98.086068098014,39.22041899016697,16.61299081091319,39.310077602660854,7.244726805843563,4.625505998160758,0.0,0.0,0.0,0.0,0.0,model4,15.0,False,4962.0
1654,2015-07-27T23:00:00Z,32.0,185.7257818091116,455.88629651135375,99.00120822796494,40.31588589031024,16.347358662654678,39.52300473425162,7.9110156239637766,5.042772099586986,0.0,0.0,0.0,0.0,0.0,model4,15.0,False,4965.0
1655,2015-07-28T02:00:00Z,32.0,185.13786431873845,451.62300653466207,99.90648182457504,40.1760504303589,16.60825059994431,41.30936954392627,7.875913197165259,4.986670591252097,0.0,0.0,0.0,0.0,0.0,model4,15.0,False,4968.0
1656,2015-07-28T05:00:00Z,32.0,184.27946919993585,457.13027571949164,100.206801061868,40.487040758785156,16.575404408969266,42.43784244999193,10.050699828947993,4.908180063002996,0.0,0.0,0.0,0.0,0.0,model4,15.0,False,4971.0
1657,2015-07-28T08:00:00Z,32.0,181.3323372535852,458.5483102313301,99.57682081038419,40.433731869527634,18.67605137764838,40.86215254758145,10.141017031841784,4.899236773995188,0.0,0.0,0.0,0.0,0.0,model4,15.0,False,4974.0
1658,2015-07-28T11:00:00Z,32.0,179.4827888978933,453.96204908453257,100.27290672814169,40.16938227623389,16.7411135001205,41.30718468616379,10.375915566892793,5.142948662223486,0.0,0.0,0.0,0.0,0.0,model4,15.0,False,4977.0
1659,2015-07-28T14:00:00Z,32.0,176.6212188847023,446.7145302472589,100.36334342514584,38.971575204418976,15.984579508757234,40.5931912240702,11.118269050681644,5.325568034307946,0.0,0.0,0.0,0.0,0.0,model4,15.0,False,4980.0
1660,2015-07-28T17:00:00Z,32.0,174.60113897786837,446.0735775519509,100.33437188177166,38.524304195945376,15.374534790646848,39.316501820182346,11.789653860860618,5.499838018943716,0.0,0.0,0.0,0.0,0.0,model4,15.0,False,4983.0
1661,2015-07-28T20:00:00Z,32.0,175.88097374619912,449.17863593448317,101.7683298925778,38.79145190794834,13.762333396900164,42.00456741413402,11.472614696178114,5.519603414242273,0.0,0.0,0.0,0.0,0.0,model4,15.0,False,4986.0
1662,2015-07-28T23:00:00Z,32.0,175.2460842853923,444.259708347169,100.03663560356064,38.48165158999739,13.07731977146652,45.79259478565986,11.713145208100665,4.936318283837597,0.0,0.0,0.0,0.0,0.0,model4,15.0,False,4989.0
1663,2015-07-29T02:00:00Z,32.0,174.2482318100015,445.01379591800935,99.86737781542746,38.24324850614661,13.272487018323519,45.68030687386186,12.122257978694732,4.8793224547825735,0.0,0.0,0.0,0.0,0.0,model4,15.0,False,4992.0
1664,2015-07-29T05:00:00Z,32.0,174.01017926696616,437.0171803614016,100.35303327694477,38.20086956998396,13.532860670493994,46.45458817466928,10.1129717850376,4.85029478120657,0.0,0.0,0.0,0.0,0.0,model4,15.0,False,4995.0
1665,2015-07-29T08:00:00Z,32.0,173.83504220139457,434.8930512120665,99.79698321571287,38.05514173522457,14.202380957359786,45.45295097886297,11.262541900384393,4.70053978198718,0.0,0.0,0.0,0.0,0.0,model4,15.0,False,4998.0
1666,2015-07-29T11:00:00Z,32.0,168.95853010183475,435.3749331146786,100.3144273821159,38.852333772152015,15.079104554502926,43.52605747697108,10.777489109020513,4.731991994798103,0.0,0.0,0.0,0.0,0.0,model4,15.0,False,5001.0
1667,2015-07-29T14:00:00Z,32.0,167.854952622987,445.1801725492232,100.51406620442437,39.77813020234194,15.159826864829714,66.67038760524653,10.129059087616056,3.891830134270497,0.0,0.0,0.0,0.0,0.0,model4,15.0,False,5004.0
1668,2015-07-29T17:00:00Z,32.0,167.78448498558132,442.5532081535957,100.79679857063564,40.0763950786186,15.83850978909174,67.40033465934299,9.759228225454141,3.5167012869728365,0.0,0.0,0.0,0.0,0.0,model4,15.0,False,5007.0
1669,2015-07-29T20:00:00Z,32.0,170.27363033734233,440.8569369741425,99.49129414585188,40.57569571600437,17.731320950377334,67.69648443054676,9.981882044703756,4.189051231562591,0.0,0.0,0.0,0.0,0.0,model4,15.0,False,5010.0
1670,2015-07-29T23:00:00Z,32.0,168.64629123595196,444.6409688210215,100.57726884462306,40.82369781723313,16.595841060834154,65.38655373658082,9.74147519805692,4.247515645059469,0.0,0.0,0.0,0.0,0.0,model4,15.0,False,5013.0
1671,2015-07-30T02:00:00Z,32.0,169.12148868792406,440.70300356537246,100.24776941782812,41.63546658693528,16.710500894788662,69.48888701364413,9.160409677064976,3.9062694816514334,0.0,0.0,0.0,0.0,0.0,model4,15.0,False,5016.0
1672,2015-07-30T05:00:00Z,32.0,169.45409465249932,444.960041218606,100.30619600478624,42.10418143731472,16.760782880597883,67.99059193020436,8.973535006822964,4.085281851253035,0.0,0.0,0.0,0.0,0.0,model4,15.0,False,5019.0
1673,2015-07-30T08:00:00Z,32.0,170.95308265613713,451.35052977249205,99.97821909341093,41.65696501729448,16.15103415707825,70.05714340261552,8.764207691446028,4.701084901403469,0.0,0.0,0.0,0.0,0.0,model4,15.0,False,5022.0
1674,2015-07-30T11:00:00Z,32.0,173.1426849833152,451.7723476455083,98.9268168522957,41.47738103218811,14.613965679742355,69.1584376764325,9.289449667246286,5.039882001876721,0.0,0.0,0.0,0.0,0.0,model4,15.0,False,5025.0
1675,2015-07-30T14:00:00Z,32.0,173.5406210470837,441.91903269956856,97.62505206905695,40.95094271923972,14.430926061406504,48.380910401046066,9.044171623191003,5.131586045840303,0.0,0.0,0.0,0.0,0.0,model4,15.0,False,5028.0
1676,2015-07-30T17:00:00Z,32.0,172.28841028230542,444.7328216287643,97.03758215516552,41.36534289823972,14.069021173396585,52.335904148401184,8.986841817342576,5.192441516764968,0.0,0.0,0.0,0.0,0.0,model4,15.0,False,5031.0
1677,2015-07-30T20:00:00Z,32.0,168.25581526823416,442.02512811810914,98.17640173705452,41.133558978146866,12.472039078433001,53.74220134013833,9.38486483759559,4.413068781560463,0.0,0.0,0.0,0.0,0.0,model4,15.0,False,5034.0
1678,2015-07-30T23:00:00Z,32.0,166.75152644631873,447.90356453784034,97.99737604908137,40.746682999749545,12.35982557006465,54.27786754143386,9.236534424703562,4.28689304679952,0.0,0.0,0.0,1.0,0.0,model4,15.0,False,5037.0
1679,2015-07-31T02:00:00Z,32.0,166.53724179467403,456.735761703191,98.32799626636715,40.811042831785,15.986762406960034,48.768495040542575,10.4181353984621,4.383131194963544,0.0,0.0,0.0,1.0,0.0,model4,15.0,False,5040.0
1680,2015-07-31T05:00:00Z,32.0,166.01692183629797,457.925063253667,97.85524496756815,40.04451819203157,15.853643155591554,48.42623363553359,10.353047958494537,4.099949529809861,0.0,0.0,0.0,1.0,0.0,model4,15.0,False,5043.0
1681,2015-07-31T08:00:00Z,32.0,165.1646385719,447.79717798525564,97.97998507706059,40.48231749308525,15.090528502200513,47.75878419667694,10.901090309466753,3.705217034320309,0.0,0.0,0.0,1.0,0.0,model4,15.0,False,5046.0
1682,2015-07-31T11:00:00Z,32.0,165.70927178792718,449.6729626801323,98.3831463760392,40.4118777120058,13.039505561625168,48.24982299196797,10.780577999909415,3.277335255922861,0.0,0.0,0.0,1.0,0.0,model4,15.0,False,5049.0
1683,2015-07-31T14:00:00Z,32.0,167.51885984512072,459.29618952281714,99.67503498584044,39.93344569572164,14.238288718509256,48.06577589261263,11.069827797758201,3.802728424503168,0.0,0.0,0.0,1.0,0.0,model4,15.0,False,5052.0
1684,2015-07-31T17:00:00Z,32.0,169.19840861120198,456.8854298898689,99.80187748732789,39.63680283401745,14.682418104993653,44.85789859342904,10.403442870875793,3.5401695606838453,0.0,0.0,0.0,1.0,0.0,model4,15.0,False,5055.0
1685,2015-07-31T20:00:00Z,32.0,170.71300480683269,449.65191422031097,99.46415942915077,39.34231683042525,14.133911664412189,49.04999732509307,9.970376410415053,3.950490886856975,0.0,0.0,0.0,1.0,0.0,model4,15.0,False,5058.0
1686,2015-07-31T23:00:00Z,32.0,171.08002470382888,441.5067680678617,100.81202219366199,40.05996774448505,14.456531674197846,51.66831878456353,10.564617643692507,4.60053650980553,0.0,0.0,0.0,0.0,0.0,model4,15.0,False,5061.0
1687,2015-08-01T02:00:00Z,32.0,171.04590593026163,436.20132748191236,100.14183369367214,39.72061265136287,10.078078199653326,48.80661675547634,9.815579062080182,4.25955467766348,0.0,0.0,0.0,0.0,0.0,model4,15.0,False,5064.0
1688,2015-08-01T05:00:00Z,32.0,170.32404175912788,427.50273883456566,100.316355236588,39.88155026333641,11.015636467183377,51.480950276333026,9.7108544330005,4.643656984068842,0.0,0.0,0.0,0.0,0.0,model4,15.0,False,5067.0
1689,2015-08-01T08:00:00Z,32.0,171.92013246997925,436.161227910638,100.90046917353851,40.58625859118932,11.262143904246535,54.62658668999959,8.039112495146453,4.962989177868407,0.0,0.0,0.0,0.0,0.0,model4,15.0,False,5070.0
1690,2015-08-01T11:00:00Z,32.0,171.51940237092666,433.57136722250056,101.95397836480585,40.75328108126536,11.415928468952274,53.46088481727007,8.067389556049605,5.36055373396848,0.0,0.0,0.0,0.0,0.0,model4,15.0,False,5073.0
1691,2015-08-01T14:00:00Z,32.0,170.75703917246878,438.1015063223514,101.36131298564364,41.07991518891557,11.400989515965113,54.1040264253674,7.718510091435474,5.034197343262925,0.0,0.0,0.0,0.0,0.0,model4,15.0,False,5076.0
1692,2015-08-01T17:00:00Z,32.0,168.752565273966,436.379433640272,101.862985818579,40.84707992922794,11.687931926471586,55.63702619330786,7.969215531091376,5.188106407953086,0.0,0.0,0.0,0.0,0.0,model4,15.0,False,5079.0
1693,2015-08-01T20:00:00Z,32.0,169.29813514376497,446.3208088731949,103.11151609103466,41.76617318600642,11.735631948027368,50.67387726582652,8.114864135103145,4.965978465191927,0.0,0.0,0.0,0.0,0.0,model4,15.0,False,5082.0
1694,2015-08-01T23:00:00Z,32.0,172.0537401975222,450.0083525963465,101.44416095585908,40.96994664620104,11.746501932211965,52.157493128695506,7.816781533067889,5.150475857300455,0.0,0.0,0.0,0.0,0.0,model4,15.0,False,5085.0
1695,2015-08-02T02:00:00Z,32.0,171.84681509195988,450.88021512915367,102.08160345263771,40.58311052817016,13.036470068504991,54.32682231924265,7.5556069239660095,5.913524661132713,0.0,0.0,0.0,0.0,0.0,model4,15.0,False,5088.0
1696,2015-08-02T05:00:00Z,32.0,171.55698398936536,464.10860220861434,100.85363273284672,40.196550085318606,12.423252269107095,48.09098964387079,8.67384071201836,5.7276941217819966,0.0,0.0,0.0,0.0,0.0,model4,15.0,False,5091.0
1697,2015-08-02T08:00:00Z,32.0,171.76378083805838,453.7388877760175,102.30647036947259,39.66921910315597,13.183503342146885,52.13893721018064,8.385884377711822,5.3413895623110585,0.0,0.0,0.0,0.0,0.0,model4,15.0,False,5094.0
1698,2015-08-02T11:00:00Z,32.0,170.62592406730698,456.68087873417727,101.3870933581678,38.8827460408339,13.863383313060329,54.020254601485966,8.241252826915769,5.339601917145044,0.0,0.0,0.0,0.0,0.0,model4,15.0,False,5097.0
1699,2015-08-02T14:00:00Z,32.0,172.93146876428486,445.3910141726774,99.888039601513,39.026171808963376,17.088403307760526,52.15888674810952,9.003311368525598,5.5068455085355685,0.0,0.0,0.0,0.0,0.0,model4,15.0,False,5100.0
1700,2015-08-02T17:00:00Z,32.0,171.88873444334192,450.5714140891403,99.57378565884555,39.41230911921755,18.076681942023857,51.052329233572934,9.458521125092144,5.664496024256772,0.0,0.0,0.0,0.0,0.0,model4,15.0,False,5103.0
1701,2015-08-02T20:00:00Z,32.0,170.53758617299837,453.2477131064955,98.16558626451021,39.07039686142703,19.195794719868537,52.940893800470455,8.652779610974394,5.402639458766135,0.0,0.0,0.0,0.0,0.0,model4,15.0,False,5106.0
1702,2015-08-02T23:00:00Z,32.0,168.65797972341392,452.96453583461465,99.6640870756081,39.109979881099036,19.255238875227093,48.48456933426569,9.837283559191867,4.991043697812632,0.0,0.0,0.0,0.0,0.0,model4,15.0,False,5109.0
1703,2015-08-03T02:00:00Z,32.0,168.74227709565304,462.3531769310706,100.30016960806364,39.422573160205104,19.05271603723856,52.27581019317945,9.92898204323232,4.125689001007132,0.0,0.0,0.0,0.0,0.0,model4,15.0,False,5112.0
1704,2015-08-03T05:00:00Z,32.0,168.96174298360063,457.8099059932222,102.256937089501,39.520720281508886,19.7446831214202,54.050670892907064,9.09198784596741,4.020912600688864,0.0,0.0,0.0,0.0,0.0,model4,15.0,False,5115.0
1705,2015-08-03T08:00:00Z,32.0,168.04713532263074,464.2981513947132,100.94548928502176,39.34161927482953,19.1221464440126,48.07239841028865,10.122017208586527,4.290664882453043,0.0,0.0,0.0,0.0,0.0,model4,15.0,False,5118.0
1706,2015-08-03T11:00:00Z,32.0,169.25723549771098,458.48271063727407,101.17897994576371,39.963631770542776,18.817935762380788,50.14438021588657,11.222727715862778,3.7902120684872456,0.0,0.0,0.0,0.0,0.0,model4,15.0,False,5121.0
1707,2015-08-03T14:00:00Z,32.0,165.31359822433666,466.7692865731697,102.94740047644993,40.359565509625504,14.998479252482966,47.821637562562934,10.52089287131868,3.907564582676324,0.0,0.0,0.0,0.0,0.0,model4,15.0,False,5124.0
1708,2015-08-03T17:00:00Z,32.0,165.13780703386797,463.0550036719465,102.93019704269251,40.34574433540421,15.20021732319948,49.5373996485229,9.68379432746006,3.767476831014932,0.0,0.0,0.0,0.0,0.0,model4,15.0,False,5127.0
1709,2015-08-03T20:00:00Z,32.0,165.63667123243175,456.2969462975222,102.9574475436774,39.968794779541724,15.055177936576044,50.64388364888658,9.742018466424444,3.7639591389169986,0.0,0.0,0.0,0.0,0.0,model4,15.0,False,5130.0
1710,2015-08-03T23:00:00Z,32.0,165.20630207770753,456.0378513141211,102.37174177936336,40.24057609383691,13.824864230912528,49.81344896200922,9.531870807771867,4.084261938166856,0.0,0.0,0.0,0.0,0.0,model4,15.0,False,5133.0
1711,2015-08-04T02:00:00Z,32.0,164.51113802014513,448.2177452775508,102.33908617126272,40.04106214741217,13.092172117908163,45.56022761779896,10.425399296632463,4.4631080815954425,0.0,0.0,0.0,0.0,0.0,model4,15.0,False,5136.0
1712,2015-08-04T05:00:00Z,32.0,166.36303627739883,451.58377813007377,102.70531131345696,40.31889711884222,13.393733566837005,44.29518613183548,11.118382771372529,4.897611684931598,0.0,0.0,0.0,0.0,0.0,model4,15.0,False,5139.0
1713,2015-08-04T08:00:00Z,32.0,166.79055987747822,450.019672922044,104.16904672717823,40.782198201785256,13.607795219017072,48.24830812655282,11.406060934053178,4.7090541001900315,0.0,0.0,0.0,0.0,0.0,model4,15.0,False,5142.0
1714,2015-08-04T11:00:00Z,32.0,167.0001725093095,449.79754486728035,105.22376938055788,41.532017349860055,13.953461106289929,50.09298642515133,10.188322659759542,4.894010664209737,0.0,0.0,0.0,0.0,0.0,model4,15.0,False,5145.0
1715,2015-08-04T14:00:00Z,32.0,165.79539647170714,444.9615251279734,104.73251956894016,41.11448928744471,15.022503109730904,48.53164723562296,10.21308820990848,5.420035886564285,0.0,0.0,0.0,0.0,0.0,model4,15.0,False,5148.0
1716,2015-08-04T17:00:00Z,32.0,167.7298240576326,440.2552180009871,103.62866562027216,41.07651352193691,13.788742342892398,47.183070728313524,10.925382287545245,5.272568992514742,0.0,0.0,0.0,0.0,0.0,model4,15.0,False,5151.0
1717,2015-08-04T20:00:00Z,32.0,167.78769017567933,445.34045612309797,104.68230990773596,41.203533974730696,13.126829691357793,50.005648081062496,10.930381705460947,5.139343810689481,0.0,0.0,0.0,0.0,0.0,model4,15.0,False,5154.0
1718,2015-08-04T23:00:00Z,32.0,167.61561065381963,445.8899893463977,104.69202708998243,41.07435502777489,13.274449725389173,49.18963415631004,10.620345336277452,5.149866554800123,0.0,0.0,0.0,0.0,0.0,model4,15.0,False,5157.0
1719,2015-08-05T02:00:00Z,32.0,171.76313852627763,448.55641277358194,103.21537330650648,41.5033255520456,17.380805161549517,46.374971525876894,10.550906150681408,4.9503105612345975,0.0,0.0,0.0,0.0,0.0,model4,15.0,False,5160.0
1720,2015-08-05T05:00:00Z,32.0,171.38373384835498,446.2753586628239,101.48063169207536,40.97789849709053,16.935951989093535,43.83903393012898,10.411502220374178,5.1756965222493045,0.0,0.0,0.0,0.0,0.0,model4,15.0,False,5163.0
1721,2015-08-05T08:00:00Z,32.0,170.39137887665433,445.1866201930925,99.74360754216973,40.533053840882495,16.990669882629486,40.12666869875796,9.041976399319507,5.283876783380536,0.0,0.0,0.0,0.0,0.0,model4,15.0,False,5166.0
1722,2015-08-05T11:00:00Z,32.0,171.78313854528318,448.996441113702,100.50271829688904,40.29132596811257,17.753532803365754,34.28026645464231,10.783272327020596,5.351092094229588,0.0,0.0,0.0,0.0,0.0,model4,15.0,False,5169.0
1723,2015-08-05T14:00:00Z,32.0,173.4732235827375,456.58616222796485,100.6153407954628,40.34410009322611,15.855212869270634,41.142502425908056,10.808829353818636,4.560617053427883,0.0,0.0,0.0,0.0,0.0,model4,15.0,False,5172.0
1724,2015-08-05T17:00:00Z,32.0,175.3823241233866,468.9726122815564,100.65228356481882,40.771545231967295,15.202513438114552,39.72541344233406,11.269940090283287,4.830146299359376,0.0,0.0,0.0,0.0,0.0,model4,15.0,False,5175.0
1725,2015-08-05T20:00:00Z,32.0,173.75368434051796,469.54163825684606,99.26955616069422,41.03816447763357,16.055602865908767,34.49365741658453,11.013301875908166,4.935384786342168,0.0,0.0,0.0,0.0,0.0,model4,15.0,False,5178.0
1726,2015-08-05T23:00:00Z,32.0,173.25795574671082,475.4822681257769,98.76528085029943,40.773232966319725,16.988587585838207,34.55356797783207,11.08384955769247,4.950546159438022,0.0,0.0,0.0,0.0,0.0,model4,15.0,False,5181.0
1727,2015-08-06T02:00:00Z,32.0,170.90362860464458,472.596258262416,98.9229543118288,40.70571716772567,13.349928404670017,35.80405247905382,10.772378283986368,4.902949942620344,0.0,0.0,0.0,0.0,0.0,model4,15.0,False,5184.0
1728,2015-08-06T05:00:00Z,32.0,171.4097630065803,469.6152775953454,98.9423524801278,41.655733121335615,13.837713683624301,42.31725623671403,11.230983219340418,4.349915478813563,0.0,0.0,0.0,0.0,0.0,model4,15.0,False,5187.0
1729,2015-08-06T08:00:00Z,32.0,175.66482027661925,473.19519775657614,99.32556929238017,41.78216851445281,17.362955207793526,41.413791303934616,11.305430981127223,4.489604400941193,0.0,0.0,0.0,0.0,0.0,model4,15.0,False,5190.0
1730,2015-08-06T11:00:00Z,32.0,178.33953328815258,474.2536565489663,96.75366604324512,40.92311643634636,19.538982542273065,42.492573789588754,8.763928738379063,4.254820888264591,0.0,0.0,0.0,0.0,0.0,model4,15.0,False,5193.0
1731,2015-08-06T14:00:00Z,32.0,183.5791702855645,466.7954621178569,96.3187072751965,40.939538276513254,20.644768144842427,39.93109519526457,8.381950862709166,4.601428873988047,0.0,0.0,0.0,0.0,0.0,model4,15.0,False,5196.0
1732,2015-08-06T17:00:00Z,32.0,185.55970652344018,457.0798001743006,96.82737814624262,40.2692624262604,21.37861798679152,38.07220347011633,8.05825168007035,4.46997819162427,0.0,0.0,0.0,0.0,0.0,model4,15.0,False,5199.0
1733,2015-08-06T20:00:00Z,32.0,192.24490203808529,448.16118980202754,98.04373117130554,39.61419135926883,20.07071474663084,40.597315928589204,8.280712057964791,4.817526543066652,0.0,0.0,0.0,0.0,0.0,model4,15.0,False,5202.0
1734,2015-08-06T23:00:00Z,32.0,199.5659356579046,441.9439817030096,97.5530015297712,40.23186852112686,17.324048570528205,36.545268099223925,7.959946224895019,4.987998681318909,0.0,0.0,0.0,0.0,0.0,model4,15.0,False,5205.0
1735,2015-08-07T02:00:00Z,32.0,203.61453453135584,441.8207293104895,97.08088544044304,40.35946573209985,14.760825223822431,37.03143586943613,8.217499147712829,4.990672716474161,0.0,0.0,0.0,0.0,0.0,model4,15.0,False,5208.0
1736,2015-08-07T05:00:00Z,32.0,207.20293577823097,445.00240985966263,98.92220977137384,39.88040635359662,12.823919898240234,32.1760876410491,8.581900481921616,4.897049704948693,0.0,0.0,0.0,0.0,0.0,model4,15.0,False,5211.0
1737,2015-08-07T08:00:00Z,32.0,208.80597689877862,443.57787799744125,99.72921004239927,39.81602589399014,12.224468859421934,33.9633039491163,9.022812655794617,4.719935652407055,1.0,0.0,0.0,0.0,0.0,model4,15.0,True,5214.0
1738,2015-08-07T11:00:00Z,32.0,209.56355883439988,441.60379152931984,101.18255743935828,40.489189708250734,13.461424782101492,31.70596614560323,9.001342220487976,4.929658573058509,1.0,0.0,0.0,0.0,0.0,model4,15.0,True,5217.0
1739,2015-08-07T14:00:00Z,32.0,209.8418091173692,435.75306937576363,101.03326078771387,40.87552667775892,13.663347969674694,33.425295997641506,9.227514853461301,4.600940799510602,1.0,0.0,0.0,0.0,0.0,model4,15.0,True,5220.0
1740,2015-08-07T17:00:00Z,32.0,211.65518219686032,442.5524259210167,100.79001620090686,40.779389366188,12.4398627753813,36.92058382102007,9.573852476905651,4.6922207868713866,1.0,0.0,0.0,0.0,0.0,model4,15.0,True,5223.0
1741,2015-08-07T20:00:00Z,32.0,211.13758887294202,453.3436530911277,101.24004552990955,41.01476938998115,12.528850601947394,38.82425612146427,9.864409297779279,4.144007407865978,1.0,0.0,0.0,0.0,0.0,model4,15.0,True,5226.0
1742,2015-08-07T23:00:00Z,32.0,209.71830570132286,456.1671632631079,101.7589424275568,40.09648613950896,11.823284173029046,38.167520935322564,9.72608020535491,4.308704119415261,1.0,0.0,0.0,0.0,0.0,model4,15.0,True,5229.0
1743,2015-08-08T02:00:00Z,32.0,207.4898358661853,462.9603648557497,103.43650882367943,39.921170101649736,13.364738710124831,44.618890411113526,8.892771278422503,4.136226778424055,1.0,0.0,0.0,0.0,0.0,model4,15.0,True,5232.0
1744,2015-08-08T05:00:00Z,32.0,203.9432790592636,460.52401505845563,104.00283083876629,39.97145178873813,15.064239152076551,49.250575342614795,9.161643338009657,3.740568441584714,1.0,0.0,0.0,0.0,0.0,model4,15.0,True,5235.0
1745,2015-08-08T08:00:00Z,32.0,198.29028582983952,462.6284961625568,104.63577665298818,40.97727635525219,18.353012413686265,45.951426364965286,8.190126836334096,4.420782252369027,0.0,0.0,0.0,0.0,0.0,model4,15.0,False,5238.0
1746,2015-08-08T11:00:00Z,32.0,193.26996219194518,470.262391867581,103.85358370310725,40.228128884141604,19.123136509077945,47.057093257260895,8.430472561404557,4.391801694346748,0.0,0.0,0.0,0.0,0.0,model4,15.0,False,5241.0
1747,2015-08-08T14:00:00Z,32.0,187.59796935460997,480.4454584785026,104.33697771525836,38.83724920631964,20.501779931427592,38.943676611587634,8.274485611816074,5.425732138705684,0.0,0.0,0.0,0.0,0.0,model4,15.0,False,5244.0
1748,2015-08-08T17:00:00Z,32.0,181.22060760870258,476.47089879546957,104.64301962270405,39.40193112470717,20.45723329914405,40.70310697952279,8.07344963807203,5.4404274511749735,0.0,0.0,0.0,0.0,0.0,model4,15.0,False,5247.0
1749,2015-08-08T20:00:00Z,32.0,178.08225310466904,473.7495772708976,103.2785760781716,39.41353894835544,17.496194088029068,38.591206873669094,9.260368327297106,5.566393004109551,0.0,0.0,0.0,0.0,0.0,model4,15.0,False,5250.0
1750,2015-08-08T23:00:00Z,32.0,172.85851620099518,469.70225827577826,103.16025863373385,40.01603077680985,13.49844136080709,41.16712198570907,10.391341475274556,5.336343889137064,0.0,0.0,0.0,0.0,0.0,model4,15.0,False,5253.0
1751,2015-08-09T02:00:00Z,32.0,170.85511209161953,467.62362211699616,102.1056047058461,39.971820290304976,11.864977886482508,43.47315233579008,10.5475057063735,5.403400597444831,0.0,0.0,0.0,0.0,0.0,model4,15.0,False,5256.0
1752,2015-08-09T05:00:00Z,32.0,168.25644928564486,463.5704585953462,100.99319687354107,40.57981121479572,11.408513861756225,43.87765293706303,10.252976876599623,5.7444431549381765,0.0,0.0,0.0,0.0,0.0,model4,15.0,False,5259.0
1753,2015-08-09T08:00:00Z,32.0,167.73748803957614,458.37073409940626,99.29497091411119,39.297631840218365,11.28825569758107,47.27766527204817,11.110550733867461,5.431770705276216,0.0,0.0,0.0,0.0,0.0,model4,15.0,False,5262.0
1754,2015-08-09T11:00:00Z,32.0,167.93242221812434,450.5480360012794,100.16020034506478,39.7794760246437,11.320617841182337,52.353757606128205,11.182804141179664,5.4292173921825,0.0,0.0,0.0,0.0,0.0,model4,15.0,False,5265.0
1755,2015-08-09T14:00:00Z,32.0,168.02110150922013,442.3403612595994,99.58211034325352,41.02671854678936,10.976425986419963,51.733731195044314,11.191438756055286,4.0743042827408855,0.0,0.0,0.0,0.0,0.0,model4,15.0,False,5268.0
1756,2015-08-09T17:00:00Z,32.0,169.30474353608136,438.45478031686906,98.53387446530027,41.11608190061076,10.288162207201234,52.228690833346654,10.767539125444495,4.286319925317699,0.0,0.0,0.0,0.0,0.0,model4,15.0,False,5271.0
1757,2015-08-09T20:00:00Z,32.0,168.78432726824482,437.4276618833751,99.45291739552849,41.37449785024951,9.786119104336466,54.90334902214642,10.965000493961035,4.091547170999938,0.0,0.0,0.0,0.0,0.0,model4,15.0,False,5274.0
1758,2015-08-09T23:00:00Z,32.0,167.59363676544353,438.85782709651977,98.76426457382523,41.27955274252879,11.007173888077187,55.423251383377256,9.901635349103438,3.9987339972645586,0.0,0.0,0.0,0.0,0.0,model4,15.0,False,5277.0
1759,2015-08-10T02:00:00Z,32.0,168.75711609245366,439.73448379574586,99.58867579513563,40.26655504913382,12.876760195830355,51.72186616267012,10.36197644540025,4.804755862830375,0.0,0.0,0.0,0.0,0.0,model4,15.0,False,5280.0
1760,2015-08-10T05:00:00Z,32.0,170.4803261083812,443.39684419741576,97.58174428504749,38.9145120572324,14.696193560459847,53.275799435984446,9.900287274030946,5.0433394134825145,0.0,0.0,0.0,0.0,0.0,model4,15.0,False,5283.0
1761,2015-08-10T08:00:00Z,32.0,171.8161028106104,447.84576175101984,97.82153746116036,38.867128274422406,15.398554241339236,58.56351711666792,9.021239516324565,4.763549830640415,0.0,0.0,0.0,0.0,0.0,model4,15.0,False,5286.0
1762,2015-08-10T11:00:00Z,32.0,170.1979698196675,444.25337135062637,96.40538174872988,38.40478153211653,17.693830661330527,53.42664648415803,8.43040398313109,4.673112400973297,0.0,0.0,0.0,0.0,0.0,model4,15.0,False,5289.0
1763,2015-08-10T14:00:00Z,32.0,171.11396803649055,452.7560010326989,96.3920837381407,38.833356769978096,18.555841969395455,54.06716109073316,8.133749683323407,5.15040043876137,0.0,0.0,0.0,0.0,0.0,model4,15.0,False,5292.0
1764,2015-08-10T17:00:00Z,32.0,170.20922463038758,455.60321963343824,98.32293037394592,38.76794749521873,18.82529520221652,54.223390191853895,9.772925205977208,4.957677515465397,0.0,0.0,0.0,0.0,0.0,model4,15.0,False,5295.0
1765,2015-08-10T20:00:00Z,32.0,167.8980873203199,454.32537448536317,97.42496090608122,38.20194789050032,19.844190807928648,54.50650950729047,8.740231411565173,4.8732180167787735,0.0,0.0,0.0,0.0,0.0,model4,15.0,False,5298.0
1766,2015-08-10T23:00:00Z,32.0,168.86426522762426,458.58949053105033,98.65853233536932,37.74590615878015,19.67424644777128,55.35022115030132,9.323599311820523,4.723564317079477,0.0,0.0,0.0,0.0,0.0,model4,15.0,False,5301.0
1767,2015-08-11T02:00:00Z,32.0,166.3831415725866,454.0228579522484,98.3217676339249,38.385834896634094,18.734734647689237,54.62199390651786,9.942475739526822,4.587580271131655,0.0,0.0,0.0,0.0,0.0,model4,15.0,False,5304.0
1768,2015-08-11T05:00:00Z,32.0,165.30164895078389,450.405325431644,99.75723261649985,39.39504423203664,17.145471928741213,56.615604967280596,9.561345274312576,4.167543122781857,0.0,0.0,0.0,0.0,0.0,model4,15.0,False,5307.0
1769,2015-08-11T08:00:00Z,32.0,164.83904644585363,450.8897003756404,100.27242763274486,40.04471808424081,16.36953854310944,50.874674335187656,9.761081330059604,4.489958474943951,0.0,0.0,0.0,0.0,0.0,model4,15.0,False,5310.0
1770,2015-08-11T11:00:00Z,32.0,165.08812820442543,453.7940221308088,100.57266064975457,40.57480982403882,15.245849916372665,49.45423122371631,9.982851534768242,4.552363780688163,0.0,0.0,0.0,0.0,0.0,model4,15.0,False,5313.0
1771,2015-08-11T14:00:00Z,32.0,166.31019355671782,452.87783465444136,100.77840739001154,40.61984006482259,18.536320438202967,48.073913773126755,10.173748055948012,4.780832172557243,0.0,0.0,0.0,0.0,0.0,model4,15.0,False,5316.0
1772,2015-08-11T17:00:00Z,32.0,166.98883968597968,450.1298318164437,100.66704659460095,40.63207531339783,18.357889257433158,49.733364865537176,9.332703711612153,4.987746813067512,0.0,0.0,0.0,0.0,0.0,model4,15.0,False,5319.0
1773,2015-08-11T20:00:00Z,32.0,169.00576988469808,453.2301306094426,100.44759438864679,40.42163740404259,17.45214490415857,60.13017410985841,9.35939823223794,5.768180200531912,0.0,0.0,0.0,0.0,0.0,model4,15.0,False,5322.0
1774,2015-08-11T23:00:00Z,32.0,168.83947851530678,454.66760709597196,100.0063507100394,40.11436099823485,17.20800738693632,59.95080893120954,9.052294788048082,5.9506131801930175,0.0,0.0,0.0,0.0,0.0,model4,15.0,False,5325.0
1775,2015-08-12T02:00:00Z,32.0,168.7019921863505,457.83982900589376,100.32913284991423,40.127061294765355,16.780809323175248,61.27971463738679,8.629965355743401,6.271246910708835,0.0,0.0,0.0,0.0,0.0,model4,15.0,False,5328.0
1776,2015-08-12T05:00:00Z,32.0,170.5182747780157,462.4701457916567,99.37624697261393,39.803551435428425,17.156191402782053,55.943078613984135,9.052447481110995,6.292585186282313,0.0,0.0,0.0,0.0,0.0,model4,15.0,False,5331.0
1777,2015-08-12T08:00:00Z,32.0,169.92381000730714,461.58093631592544,99.55129017113094,39.81021813936085,17.291890097322778,54.814226771610095,8.6475090650955,6.121111334580367,0.0,0.0,0.0,0.0,0.0,model4,15.0,False,5334.0
1778,2015-08-12T11:00:00Z,32.0,171.4856149820694,465.18404513134317,99.62421187004914,39.8030419002306,17.088642014486325,54.464210395028545,8.154746325229349,5.998848128671622,0.0,0.0,0.0,0.0,0.0,model4,15.0,False,5337.0
1779,2015-08-12T14:00:00Z,32.0,171.47078449003888,453.78109563085195,100.25333437445505,39.302055667015466,13.936572941576474,65.38907014706672,8.193952952969248,5.442545984387151,0.0,0.0,0.0,0.0,0.0,model4,15.0,False,5340.0
1780,2015-08-12T17:00:00Z,32.0,171.758115980441,455.9546738737615,98.62754026094822,39.16306017422055,13.63233203199977,62.483625129711186,8.236601911146503,5.241581253141085,0.0,0.0,0.0,0.0,0.0,model4,15.0,False,5343.0
1781,2015-08-12T20:00:00Z,32.0,169.73284321507262,450.69365078991166,98.94097077661478,39.814191615543095,13.826530040842929,52.98282250081039,7.820320483522973,4.605310679454593,0.0,0.0,0.0,0.0,0.0,model4,15.0,False,5346.0
1782,2015-08-12T23:00:00Z,32.0,170.52404048642663,444.48849308903885,99.41962620858143,40.916402946435966,13.823229694590704,57.546150682531106,9.759579203499275,4.52878169427734,0.0,0.0,0.0,0.0,0.0,model4,15.0,False,5349.0
1783,2015-08-13T02:00:00Z,32.0,170.6437579672985,436.5458355914991,99.7569082312414,41.62462803040472,13.441453885561087,53.84802073760373,9.849702624122703,4.01912488986781,0.0,0.0,0.0,0.0,0.0,model4,15.0,False,5352.0
1784,2015-08-13T05:00:00Z,32.0,170.73509464492426,434.28360927864446,100.85578071981868,41.188564540187116,13.242957998554866,55.842532859115295,9.247903389857374,4.206466388603803,0.0,0.0,0.0,0.0,0.0,model4,15.0,False,5355.0
1785,2015-08-13T08:00:00Z,32.0,170.97733464211987,434.6066391782125,101.55805686003876,40.90630733899539,13.579095263438672,59.24785011563146,9.34584060830266,3.971733832478115,0.0,0.0,0.0,0.0,0.0,model4,15.0,False,5358.0
1786,2015-08-13T11:00:00Z,32.0,171.82411284786298,430.6045439128257,101.40967824297415,40.56537448962297,12.501148612111127,58.309512602214134,9.691029111322493,3.9955916900790287,0.0,0.0,0.0,0.0,0.0,model4,15.0,False,5361.0
1787,2015-08-13T14:00:00Z,32.0,170.27674839134482,436.42242214623207,101.65595232002407,40.488863654542364,10.890201086589393,53.6638371459689,9.917831664806783,3.999513733172287,0.0,0.0,0.0,0.0,0.0,model4,15.0,False,5364.0
1788,2015-08-13T17:00:00Z,32.0,171.4560819288458,434.4038941622076,101.4245395322867,40.87421507625736,11.499072673578622,54.59154799979164,9.860650934590511,4.597610180106975,0.0,0.0,0.0,0.0,0.0,model4,15.0,False,5367.0
1789,2015-08-13T20:00:00Z,32.0,171.75125217780902,430.7186512929474,102.62434247035836,41.686474263594704,12.432847627317177,54.34873734018136,9.987166597674737,4.631759946413836,0.0,0.0,0.0,0.0,0.0,model4,15.0,False,5370.0
1790,2015-08-13T23:00:00Z,32.0,171.95353263872116,430.7375703088686,102.10087470723751,41.67412537103118,12.80955626987926,47.57090378654047,8.00192408880652,4.764262677594101,0.0,0.0,0.0,0.0,0.0,model4,15.0,False,5373.0
1791,2015-08-14T02:00:00Z,32.0,171.4134882105521,430.88326791231856,100.69416747131821,40.82896602567509,14.350110980428493,47.63979838739032,7.974923650095082,4.859222045187868,0.0,0.0,0.0,0.0,0.0,model4,15.0,False,5376.0
1792,2015-08-14T05:00:00Z,32.0,169.3990086476391,431.0024212180099,100.58007617996245,40.888636885278736,15.027970513368508,45.7443985743727,8.068451913617574,4.845274849505894,0.0,0.0,0.0,0.0,0.0,model4,15.0,False,5379.0
1793,2015-08-14T08:00:00Z,32.0,170.6250226499565,435.27795665180497,99.59833605746458,40.97728130279176,15.34465725197823,47.21541606242315,8.50737881025865,5.136863968129597,0.0,0.0,0.0,0.0,0.0,model4,15.0,False,5382.0
1794,2015-08-14T11:00:00Z,32.0,169.4413645436071,443.0619029198085,100.02835361282749,41.86353859949949,15.009484508031008,50.23325185270322,9.814160515474596,5.400020858839994,0.0,0.0,0.0,0.0,0.0,model4,15.0,False,5385.0
1795,2015-08-14T14:00:00Z,32.0,170.78556122156266,442.7943066572074,100.36730803112252,42.660031595910134,16.143765897278513,51.60534901034606,9.9400985670718,5.6110367173296565,0.0,0.0,0.0,0.0,0.0,model4,15.0,False,5388.0
1796,2015-08-14T17:00:00Z,32.0,169.90180509880375,449.58022251231233,100.93645827832952,42.07774630024668,15.874966268354347,51.98333931409767,9.402899282863377,5.31531774412981,0.0,0.0,0.0,0.0,0.0,model4,15.0,False,5391.0
1797,2015-08-14T20:00:00Z,32.0,172.39622366216588,461.2258486708085,101.12194138613506,41.52409521937675,16.664129431169275,50.175266805557406,9.901893930020144,5.140618503783417,0.0,0.0,0.0,0.0,0.0,model4,15.0,False,5394.0
1798,2015-08-14T23:00:00Z,32.0,171.4915242839713,461.4536579128775,99.78020830483442,41.38135567434442,16.983379690511374,51.15491832543276,12.534335451437915,5.086762958890904,0.0,0.0,0.0,0.0,0.0,model4,15.0,False,5397.0
1799,2015-08-15T02:00:00Z,32.0,172.6370511701625,467.198780135983,99.87454124614807,41.671317526112155,16.379079892174143,47.644405295481384,12.146002984363749,5.125781963048289,0.0,0.0,0.0,0.0,0.0,model4,15.0,False,5400.0
1800,2015-08-15T05:00:00Z,32.0,171.7640028838996,465.6411685112194,100.19136035971434,42.36358997308224,15.660191946259749,48.83805164199423,13.168899472799827,4.8952056078206665,0.0,0.0,0.0,0.0,0.0,model4,15.0,False,5403.0
1801,2015-08-15T08:00:00Z,32.0,170.74055203137772,462.5202718683092,99.0903554159983,42.243432602405775,15.200539222309501,47.120027838489506,13.697790996636114,4.706205043383026,0.0,0.0,0.0,0.0,0.0,model4,15.0,False,5406.0
1802,2015-08-15T11:00:00Z,32.0,171.33614728755782,455.80277024279366,99.05014235502294,41.46378180669,16.773951118339074,49.826184534096136,12.885115949920126,4.971366947106462,0.0,0.0,0.0,0.0,0.0,model4,15.0,False,5409.0
1803,2015-08-15T14:00:00Z,32.0,169.7364105054678,461.1031022354037,96.99335464404794,40.57107669860125,15.977444032611954,42.47648893234968,12.99643894537462,4.779427113724237,0.0,0.0,0.0,0.0,0.0,model4,15.0,False,5412.0
1804,2015-08-15T17:00:00Z,32.0,169.68659615074753,459.1222491354528,97.24237882475413,40.71198295765676,17.085555547780963,43.583407816111574,13.32268946432149,4.903535459894285,0.0,0.0,0.0,0.0,0.0,model4,15.0,False,5415.0
1805,2015-08-15T20:00:00Z,32.0,167.14307707071634,454.3812495971252,96.07488745591095,40.323370462471935,16.90118347928307,41.27875464463366,12.271771643586295,4.8355804104390465,0.0,0.0,0.0,0.0,0.0,model4,15.0,False,5418.0
1806,2015-08-15T23:00:00Z,32.0,168.58395758028522,456.6688877721783,96.9296314321612,40.01346037305067,16.227580956883777,39.72654263440862,10.635836680894064,4.628309065358351,0.0,0.0,0.0,0.0,0.0,model4,15.0,False,5421.0
1807,2015-08-16T02:00:00Z,32.0,167.36030724680583,453.628010168598,97.56900435048573,39.75812907662284,15.821834961784587,44.97854277581643,11.284025365788779,4.187278813326572,0.0,0.0,0.0,0.0,0.0,model4,15.0,False,5424.0
1808,2015-08-16T05:00:00Z,32.0,168.14078131462682,454.30511720638435,97.0189434490808,39.43323204098446,15.574360542368414,42.48342309069049,9.801872762926873,3.956161885105516,0.0,0.0,0.0,0.0,0.0,model4,15.0,False,5427.0
1809,2015-08-16T08:00:00Z,32.0,169.6432352221294,452.58227488745524,99.1318615364932,39.01261845127268,15.80681028420866,44.389426334532395,9.101660453244627,3.9537065600390138,0.0,0.0,0.0,0.0,0.0,model4,15.0,False,5430.0
1810,2015-08-16T11:00:00Z,32.0,168.36299145321368,453.1603030339148,99.63729978374771,39.071897347738926,14.52808725096292,40.39627393103869,8.743954401499147,3.72142747163896,0.0,0.0,0.0,0.0,0.0,model4,15.0,False,5433.0
1811,2015-08-16T14:00:00Z,32.0,169.00826328298825,445.25787626934084,100.44900599927871,39.206365232271104,14.770373712957705,45.42093994197709,7.1688238466987775,3.982001432967132,0.0,0.0,0.0,0.0,0.0,model4,15.0,False,5436.0
1812,2015-08-16T17:00:00Z,32.0,167.479959097194,448.59805150632036,100.16953626939664,39.139943126906545,13.569271029232366,48.15869908936728,6.843958374355612,3.8120271241871686,0.0,0.0,0.0,0.0,0.0,model4,15.0,False,5439.0
1813,2015-08-16T20:00:00Z,32.0,167.76520166844412,444.8656076583009,99.507267747272,39.2372765446728,11.57531994861463,46.41053875092863,7.538950287176486,4.073885616296808,0.0,0.0,0.0,0.0,0.0,model4,15.0,False,5442.0
1814,2015-08-16T23:00:00Z,32.0,167.272941627547,452.7093305596688,99.4633383919606,39.123049899950935,11.686091782827992,53.35232460218856,7.511977028279065,4.3728378909508265,0.0,0.0,0.0,0.0,0.0,model4,15.0,False,5445.0
1815,2015-08-17T02:00:00Z,32.0,168.94452550118118,452.8097501667009,99.74887117431038,39.84199977469304,11.818055552035885,48.77118284429635,7.301450831210557,4.907351969316982,0.0,0.0,0.0,0.0,0.0,model4,15.0,False,5448.0
1816,2015-08-17T05:00:00Z,32.0,169.65522498048608,458.00214573855317,101.0777428941055,39.524510568488964,12.355908070698964,49.87787694834172,8.436565360606625,4.984723366232234,0.0,0.0,0.0,0.0,0.0,model4,15.0,False,5451.0
1817,2015-08-17T08:00:00Z,32.0,168.17146083730543,451.9608917592479,99.40301252436242,39.97065662595495,13.25277454082362,53.33904669501619,8.546012329131267,5.198377682174352,0.0,0.0,0.0,0.0,0.0,model4,15.0,False,5454.0
1818,2015-08-17T11:00:00Z,32.0,169.0959871241468,447.53888509378754,98.73478750771388,39.95164038978611,12.618414240766425,56.31868931284441,8.481086321261266,5.378485528374642,0.0,0.0,0.0,0.0,0.0,model4,15.0,False,5457.0
1819,2015-08-17T14:00:00Z,32.0,169.2081062398411,451.80854628194015,98.89595190532042,40.047661295148295,13.593346024892929,60.43974012484726,9.703555783766873,5.1443662680918605,0.0,0.0,0.0,0.0,0.0,model4,15.0,False,5460.0
1820,2015-08-17T17:00:00Z,32.0,168.30682120441918,453.4398142758631,99.88655614225685,40.480378102462026,15.157426047550704,69.07220781987121,9.812229358219623,5.19460538772992,0.0,0.0,0.0,0.0,0.0,model4,15.0,False,5463.0
1821,2015-08-17T20:00:00Z,32.0,168.6421708401422,456.036418616361,100.32653572199014,40.449548116758386,15.611814119102974,68.92215554524203,9.316635086162293,4.9585769628459335,0.0,0.0,0.0,0.0,0.0,model4,15.0,False,5466.0
1822,2015-08-17T23:00:00Z,32.0,166.3563017099839,449.7699872055383,101.46199111120329,40.59861392784783,17.25574465148774,67.43441452908897,9.240225281531504,5.057177373744668,0.0,0.0,0.0,0.0,0.0,model4,15.0,False,5469.0
1823,2015-08-18T02:00:00Z,32.0,166.77144893709087,452.1401275729256,100.31935361031677,40.779573675933904,17.08936640206857,69.99970424084543,9.1186944333064,5.194985878294599,0.0,0.0,0.0,0.0,0.0,model4,15.0,False,5472.0
1824,2015-08-18T05:00:00Z,32.0,166.7288681074487,448.7471702606233,97.9278377952015,40.79099186037252,17.207288414293515,68.7453949946669,8.443797752565924,5.09647449898683,0.0,0.0,0.0,0.0,0.0,model4,15.0,False,5475.0
1825,2015-08-18T08:00:00Z,32.0,166.135534401138,454.1737880158085,99.57081211658137,40.35290157832426,17.06140378961993,65.6173908394377,8.891803088723927,5.125029885394562,0.0,0.0,0.0,0.0,0.0,model4,15.0,False,5478.0
1826,2015-08-18T11:00:00Z,32.0,166.38153816712645,457.26105786437415,100.33336642651508,40.17997946771286,17.2914532153027,61.43374435935512,8.874855120152501,4.946388055106233,0.0,0.0,0.0,0.0,0.0,model4,15.0,False,5481.0
1827,2015-08-18T14:00:00Z,32.0,166.41563225975275,451.30351318729936,100.58681453191532,40.447276237601976,17.28693432010973,61.4957266870747,7.739962156663803,4.91200569694996,0.0,0.0,0.0,0.0,0.0,model4,15.0,False,5484.0
1828,2015-08-18T17:00:00Z,32.0,169.36737830947075,445.44800583787736,100.39737001372269,40.19859133295321,16.028304594752804,48.84504660956704,7.502228387430892,4.829297484312877,0.0,0.0,0.0,0.0,0.0,model4,15.0,False,5487.0
1829,2015-08-18T20:00:00Z,32.0,171.4198374570969,444.7330701317732,100.61141423166134,40.3016590709766,17.33550850665348,48.840909821043,7.578758896539103,4.86443923514207,0.0,0.0,0.0,0.0,0.0,model4,15.0,False,5490.0
1830,2015-08-18T23:00:00Z,32.0,173.72918538449485,435.5405525703798,100.01535447691357,40.05566355211735,14.436514796431036,45.98718598966678,7.52914343249608,4.581050907920996,0.0,0.0,0.0,0.0,0.0,model4,15.0,False,5493.0
1831,2015-08-19T02:00:00Z,32.0,171.54178514023417,428.38911866667746,100.95632125930712,39.61760607289671,15.0795237773815,43.235340246402274,7.401298941440749,3.988184291040034,0.0,0.0,0.0,0.0,0.0,model4,15.0,False,5496.0
1832,2015-08-19T05:00:00Z,32.0,171.84790838218055,425.8532248561248,102.25583949355206,40.398096109977466,14.734922786629765,43.016330945684345,6.5633547691664,4.040291528429476,0.0,0.0,0.0,0.0,0.0,model4,15.0,False,5499.0
1833,2015-08-19T08:00:00Z,32.0,173.2010341559205,424.9254732851196,101.67796209539631,41.23657825012175,13.554789052459874,43.57329618364279,5.904851800644171,3.709017730960245,0.0,0.0,0.0,0.0,0.0,model4,15.0,False,5502.0
1834,2015-08-19T11:00:00Z,32.0,173.0527015638474,433.95480412655695,100.49231356444432,41.30872601306466,13.326353795064641,52.23150267764506,6.295095608740655,3.3787041504338973,0.0,0.0,0.0,0.0,0.0,model4,15.0,False,5505.0
1835,2015-08-19T14:00:00Z,32.0,173.23236102931244,432.7876502598893,101.56444812184958,40.986973525261135,12.485497397624815,49.55526554061484,7.378234218178598,3.3826295339883345,0.0,0.0,0.0,0.0,0.0,model4,15.0,False,5508.0
1836,2015-08-19T17:00:00Z,32.0,171.4069719264629,431.9298295362567,100.86467625078647,40.701125492455894,14.032328869522171,52.7485317959943,7.962838259337609,3.670692020434189,0.0,0.0,0.0,0.0,0.0,model4,15.0,False,5511.0
1837,2015-08-19T20:00:00Z,32.0,170.45678235793554,436.51531998410434,101.72852896288984,40.45997406257781,11.071991794160652,54.89302329264447,8.760299080245913,3.873531601918245,0.0,0.0,0.0,0.0,0.0,model4,15.0,False,5514.0
1838,2015-08-19T23:00:00Z,32.0,170.724522916848,446.76239433670287,101.1056342846337,40.30593656674964,11.697971570643473,54.89088218725127,8.589499718190932,3.774793610743088,0.0,0.0,0.0,0.0,0.0,model4,15.0,False,5517.0
1839,2015-08-20T02:00:00Z,32.0,170.86758462960353,446.2934121237645,100.84055891868229,39.92654608342068,11.787581824923782,61.226975542032655,9.821482246887367,3.86611749965778,0.0,0.0,0.0,0.0,0.0,model4,15.0,False,5520.0
1840,2015-08-20T05:00:00Z,32.0,171.62468794443208,447.9753830562765,100.78457518642195,39.37522051078219,11.81472118684994,63.537326542915935,9.6790249999228,3.686833493732463,0.0,0.0,0.0,0.0,0.0,model4,15.0,False,5523.0
1841,2015-08-20T08:00:00Z,32.0,171.35893481416392,452.65371430251884,99.35346877677942,38.8464404477608,12.567669996226805,62.33295142997089,10.521192395225539,3.5769216349441533,0.0,0.0,0.0,0.0,0.0,model4,15.0,False,5526.0
1842,2015-08-20T11:00:00Z,32.0,168.54978354432882,445.65953842733,100.84547712984873,40.01090530452918,14.289990735854547,59.79639153253327,11.46860693064019,4.6928236133982715,0.0,0.0,0.0,0.0,0.0,model4,15.0,False,5529.0
1843,2015-08-20T14:00:00Z,32.0,169.3598564658661,452.2961090849869,99.6651679670282,39.90475188007013,14.445743741577836,56.32245823872868,10.600707350004996,4.5794302817666885,0.0,0.0,0.0,0.0,0.0,model4,15.0,False,5532.0
1844,2015-08-20T17:00:00Z,32.0,168.74399485963932,454.456184603966,99.39637146939195,39.663239094783705,14.291790531410086,51.09898723777238,10.317712348177508,4.4950438956142325,0.0,0.0,0.0,0.0,0.0,model4,15.0,False,5535.0
1845,2015-08-20T20:00:00Z,32.0,167.91703054009437,456.1565069683305,98.84374878914562,39.96656541925493,14.241807035989016,53.64700510576706,10.37901315340292,5.224486228660829,0.0,0.0,0.0,0.0,0.0,model4,15.0,False,5538.0
1846,2015-08-20T23:00:00Z,32.0,167.32191571415228,453.26636368408094,100.59259973160385,40.73094457215976,14.428476327449575,51.87136648389525,10.788394254263025,5.3296282480071415,0.0,0.0,0.0,0.0,0.0,model4,15.0,False,5541.0
1847,2015-08-21T02:00:00Z,32.0,168.24033734621744,457.67246477177076,102.5519656812612,40.89263859574899,17.733788267291924,39.36139162858748,10.71132492303546,5.274278304098211,0.0,0.0,0.0,0.0,0.0,model4,15.0,False,5544.0
1848,2015-08-21T05:00:00Z,32.0,166.61062649119094,465.6577887804609,101.8158209158353,41.20943590867634,17.587674146871112,38.21978587821046,11.070605915811733,5.357820733083049,0.0,0.0,0.0,0.0,0.0,model4,15.0,False,5547.0
1849,2015-08-21T08:00:00Z,32.0,166.52859613378598,463.56416300719735,102.84127890732971,41.03688393815211,16.98281235068549,38.44883691112736,9.998084907873695,5.315511792159618,0.0,0.0,0.0,0.0,0.0,model4,15.0,False,5550.0
1850,2015-08-21T11:00:00Z,32.0,169.12447792347376,459.1953435925153,102.1303941139965,39.70575222084879,16.607988858200855,40.920104960830585,9.457866583855756,4.54103928842806,0.0,0.0,0.0,0.0,0.0,model4,15.0,False,5553.0
1851,2015-08-21T14:00:00Z,32.0,165.4637080504749,461.73788794890686,103.47508716756457,39.44117294704935,18.761259392578925,41.976692282487136,9.99487293760386,4.727288781160407,0.0,0.0,0.0,0.0,0.0,model4,15.0,False,5556.0
1852,2015-08-21T17:00:00Z,32.0,166.11351763389268,460.50897917706897,103.74324393255054,39.30189482860132,19.123346397664875,46.91989966217335,10.138820811887928,4.763860682227512,0.0,0.0,0.0,0.0,0.0,model4,15.0,False,5559.0
1853,2015-08-21T20:00:00Z,32.0,167.83146152575026,455.2774888859287,103.93731851892694,39.022020396442734,19.774928453972517,43.52837926393197,9.449900559927586,4.7918204104094135,0.0,0.0,0.0,0.0,0.0,model4,15.0,False,5562.0
1854,2015-08-21T23:00:00Z,32.0,167.85124144880027,452.54066938947983,103.26668458351062,37.61885911547792,20.97347484651777,44.697026243391626,9.377661749385537,4.853998991221559,0.0,0.0,0.0,0.0,0.0,model4,15.0,False,5565.0
1855,2015-08-22T02:00:00Z,32.0,166.8361222844027,456.56548094646377,99.95459016388945,37.397530737584574,19.710100838944076,44.637500057713545,9.813301219017836,4.8913367368763305,0.0,0.0,0.0,0.0,0.0,model4,15.0,False,5568.0
1856,2015-08-22T05:00:00Z,32.0,166.72498064586688,445.041507108336,100.94991605910343,37.62464423138274,21.027028862778934,42.31034035206629,9.797997243987156,5.528202017693781,0.0,0.0,0.0,0.0,0.0,model4,15.0,False,5571.0
1857,2015-08-22T08:00:00Z,32.0,167.51337953743192,449.013040267059,102.05062497823313,37.6191423983901,21.157713088653487,45.1428170346265,10.612706939588977,5.511635683238927,0.0,0.0,0.0,0.0,0.0,model4,15.0,False,5574.0
1858,2015-08-22T11:00:00Z,32.0,164.84095061083798,448.9218737045366,102.75945785269212,37.95127029434616,22.125928786505288,43.98723041871847,10.23586781729701,5.5979849597717015,0.0,0.0,0.0,0.0,0.0,model4,15.0,False,5577.0
1859,2015-08-22T14:00:00Z,32.0,166.56977693081066,450.918443311305,101.38905899159364,37.63143248027875,19.788039977686907,43.454337746069044,9.604201057866614,5.637547628897184,0.0,0.0,0.0,0.0,0.0,model4,15.0,False,5580.0
1860,2015-08-22T17:00:00Z,32.0,167.48479817201016,459.70867887416426,103.09165182425848,38.577511740561775,18.795106528601817,48.68524990151779,10.652320043219762,6.027811272356041,0.0,0.0,0.0,0.0,0.0,model4,15.0,False,5583.0
1861,2015-08-22T20:00:00Z,32.0,163.66937416474312,461.3608657729029,102.51366403276494,38.99054558247076,18.577193961666705,49.8649079281083,10.817566026655113,5.516330256691643,0.0,0.0,0.0,0.0,0.0,model4,15.0,False,5586.0
1862,2015-08-22T23:00:00Z,32.0,163.68404456345738,462.9512710694723,101.03578749486307,39.70458423458154,16.603793826801972,54.94243825463225,10.963268302451164,4.844656566063555,0.0,0.0,0.0,0.0,0.0,model4,15.0,False,5589.0
1863,2015-08-23T02:00:00Z,32.0,164.71085324905326,460.01952828305593,102.85877377899246,39.56391558462597,15.774898334368716,57.04091692572739,9.99810890846926,5.182949091179292,0.0,0.0,0.0,0.0,0.0,model4,15.0,False,5592.0
1864,2015-08-23T05:00:00Z,32.0,164.99556748000782,466.52281997859313,102.01854767899418,38.49717976737805,13.652077411406555,55.824033352660656,9.999447509449654,4.588162440274051,0.0,0.0,0.0,0.0,0.0,model4,15.0,False,5595.0
1865,2015-08-23T08:00:00Z,32.0,164.7360390309789,464.39975648622396,100.35902478320149,38.39717647261497,13.363364157744535,56.42255019751328,11.076837862340104,4.717863470984343,0.0,0.0,0.0,0.0,0.0,model4,15.0,False,5598.0
1866,2015-08-23T11:00:00Z,32.0,166.33447295610208,463.93360783293053,99.05168395750259,38.418200511147255,10.613927904745044,57.6116517217012,11.921434055080946,4.995110589614617,0.0,0.0,0.0,0.0,0.0,model4,15.0,False,5601.0
1867,2015-08-23T14:00:00Z,32.0,165.57719041114842,460.1875118250157,98.7398969361552,38.97765372936129,11.075768599792442,57.93291942311332,11.917240076850932,4.764659619497466,0.0,0.0,0.0,0.0,0.0,model4,15.0,False,5604.0
1868,2015-08-23T17:00:00Z,32.0,165.82733602543775,460.98438962024727,97.732408126809,38.35843861849968,11.319506511717346,57.8139621483036,10.408696168725266,4.300928819450911,0.0,0.0,0.0,0.0,0.0,model4,15.0,False,5607.0
1869,2015-08-23T20:00:00Z,32.0,169.62531311523972,454.7945002892459,97.63056215221208,38.18283017469381,11.15457980934941,58.909582128472884,9.965977207348363,4.181279815332652,0.0,0.0,0.0,0.0,0.0,model4,15.0,False,5610.0
1870,2015-08-23T23:00:00Z,32.0,167.11806005993483,454.4463986206712,98.25942252821264,38.80453152263337,13.334320795862975,55.56062232131037,9.886722185744746,4.5702945468382685,0.0,0.0,0.0,0.0,0.0,model4,15.0,False,5613.0
1871,2015-08-24T02:00:00Z,32.0,167.40858221083963,454.79958295137703,98.2206186508347,38.34682387618645,13.064366069591944,53.01972838144388,9.182109019752186,4.339889515651807,0.0,0.0,0.0,0.0,0.0,model4,15.0,False,5616.0
1872,2015-08-24T05:00:00Z,32.0,169.06711171233218,455.2812034942324,98.30956779075103,39.16313303023762,14.446566185043974,51.891775057799435,10.06704762693098,4.194669808761784,0.0,0.0,0.0,0.0,0.0,model4,15.0,False,5619.0
1873,2015-08-24T08:00:00Z,32.0,168.5190542376079,452.8247854283408,98.31034332514419,39.64806232398925,14.504799352709858,51.76932612957557,8.200096070327549,4.516424165370118,0.0,0.0,0.0,0.0,0.0,model4,15.0,False,5622.0
1874,2015-08-24T11:00:00Z,32.0,168.01532343204883,460.2048463375537,99.68217360687592,39.50828925150304,15.60187757453384,49.655256858583925,8.567112047352794,4.160851044502622,0.0,0.0,0.0,0.0,0.0,model4,15.0,False,5625.0
1875,2015-08-24T14:00:00Z,32.0,167.5267066471812,453.85503608015466,99.63081622588415,39.45565690687874,16.502868053961752,57.98200825165677,9.008607721587637,4.169707452504831,0.0,0.0,0.0,0.0,0.0,model4,15.0,False,5628.0
1876,2015-08-24T17:00:00Z,32.0,167.12585934000353,451.1284494644928,98.86029147595484,39.746639629609604,17.790021635761867,56.15651707572381,8.62847754100775,4.414742304208837,0.0,0.0,0.0,0.0,0.0,model4,15.0,False,5631.0
1877,2015-08-24T20:00:00Z,32.0,164.33626170148233,459.6630838628014,98.45461380887112,38.900572550457184,17.376627506829063,55.88537753037021,9.128415281247124,4.929790908165459,0.0,0.0,0.0,0.0,0.0,model4,15.0,False,5634.0
1878,2015-08-24T23:00:00Z,32.0,168.7960021849902,465.43911920313934,99.3768359433108,38.848873286398614,17.819109065533365,65.03692492675292,9.596339282577418,4.768808069814341,0.0,0.0,0.0,0.0,0.0,model4,15.0,False,5637.0
1879,2015-08-25T02:00:00Z,32.0,169.38497726017363,467.9768949468768,98.23652169669457,39.34076727889615,17.951087434705027,67.78179677469247,9.955087566434024,4.670781923093714,0.0,0.0,0.0,0.0,0.0,model4,15.0,False,5640.0
1880,2015-08-25T05:00:00Z,32.0,167.47893365619768,467.5047611690149,99.34777594381008,39.409729487308695,16.76074127657359,66.28607806345535,10.29379225668842,5.699815423499526,0.0,0.0,0.0,0.0,0.0,model4,15.0,False,5643.0
1881,2015-08-25T08:00:00Z,32.0,166.28349706133096,461.69382333242953,99.12948032831859,39.440311515322826,18.84315269879714,69.0931710785997,10.897691513656078,5.308893274159703,0.0,0.0,0.0,0.0,0.0,model4,15.0,False,5646.0
1882,2015-08-25T11:00:00Z,32.0,168.86528841148746,457.5930250935038,97.89110192759158,40.279086005200135,18.43172769018789,69.82924332709533,9.418371191430829,5.820003427209473,0.0,0.0,0.0,0.0,0.0,model4,15.0,False,5649.0
1883,2015-08-25T14:00:00Z,32.0,171.14441459766113,467.1624268539127,97.88510336924398,40.544065353327724,17.675359894946038,59.72024110603907,9.342805269253557,5.790114493314826,0.0,0.0,0.0,0.0,0.0,model4,15.0,False,5652.0
1884,2015-08-25T17:00:00Z,32.0,171.69544050791686,467.327000446466,97.66349988953829,39.964916660186006,16.261296696798635,57.00020255898399,9.835428726266086,5.800599373467812,0.0,0.0,0.0,0.0,0.0,model4,15.0,False,5655.0
1885,2015-08-25T20:00:00Z,32.0,172.96035590533742,455.52562767624886,97.74707932233324,40.948596266782964,15.141938599932484,64.49229740041368,9.515821845617447,5.162629016130605,0.0,0.0,0.0,0.0,0.0,model4,15.0,False,5658.0
1886,2015-08-25T23:00:00Z,32.0,171.3220980550421,450.7068278464344,97.24997468679659,40.24734359226636,14.936653730150779,52.22690032993901,9.576824571242152,5.328815531166273,0.0,0.0,0.0,0.0,0.0,model4,15.0,False,5661.0
1887,2015-08-26T02:00:00Z,32.0,169.50799068720482,448.3325373064188,97.72581941502493,39.77312331913815,14.41545987007045,51.23821970730146,9.351286312503088,5.419143994440427,0.0,0.0,0.0,0.0,0.0,model4,15.0,False,5664.0
1888,2015-08-26T05:00:00Z,32.0,172.36484990771442,453.5242237840649,98.19822527217613,39.240285161551455,16.808302127540625,55.761404863447936,9.137569254167902,4.439807845456049,0.0,0.0,0.0,0.0,0.0,model4,15.0,False,5667.0
1889,2015-08-26T08:00:00Z,32.0,174.99194485842168,456.7100138900862,98.90788060260508,38.981825912670224,15.01624008176162,53.016223311036775,8.587559824230125,4.840516130939882,0.0,0.0,0.0,0.0,0.0,model4,15.0,False,5670.0
1890,2015-08-26T11:00:00Z,32.0,172.4130640627177,457.2170182500692,100.48172312808066,37.93892027847423,15.771927949706422,52.37535998768711,9.442528722692275,3.9373733664291226,0.0,0.0,0.0,0.0,0.0,model4,15.0,False,5673.0
1891,2015-08-26T14:00:00Z,32.0,170.32160867559966,454.3134708962201,101.41912904031338,38.107455593119724,16.51016564595447,52.25059266298436,9.601961282291636,4.165415837664038,0.0,0.0,0.0,0.0,0.0,model4,15.0,False,5676.0
1892,2015-08-26T17:00:00Z,32.0,168.52161816811144,445.8080567357965,101.56297013034842,38.34948747223011,16.86063571122845,48.5767370338906,9.158402763972935,4.112933754577666,0.0,0.0,0.0,0.0,0.0,model4,15.0,False,5679.0
1893,2015-08-26T20:00:00Z,32.0,168.73094280781515,459.1758051541771,101.35209919176144,38.36814943420354,17.511664727766238,41.17636409901132,9.544172470663817,4.23220116314361,0.0,0.0,0.0,0.0,0.0,model4,15.0,False,5682.0
1894,2015-08-26T23:00:00Z,32.0,168.18914341055242,461.723874109705,100.55573726897998,39.25819545151361,17.098775604162086,40.318209983000216,9.3916976117704,4.756441423454002,0.0,0.0,0.0,0.0,0.0,model4,15.0,False,5685.0
1895,2015-08-27T02:00:00Z,32.0,168.21703846667725,461.2878970573893,101.5483763383402,39.50500035298752,17.77584333921687,35.898690747994976,9.418287145779825,4.552264693480094,0.0,0.0,0.0,0.0,0.0,model4,15.0,False,5688.0
1896,2015-08-27T05:00:00Z,32.0,166.16537173248489,447.24191318709296,101.1260838626845,39.59943155500722,15.264989787445812,40.86377289060157,8.944479150684579,4.501090735262973,0.0,0.0,0.0,0.0,0.0,model4,15.0,False,5691.0
1897,2015-08-27T08:00:00Z,32.0,164.18215544270475,449.6916895782605,101.04924070554225,39.024926340902816,12.595093403171338,41.6139889932122,9.398706594389242,4.537676123330462,0.0,0.0,0.0,0.0,0.0,model4,15.0,False,5694.0
1898,2015-08-27T11:00:00Z,32.0,165.63839194590503,453.7595344765412,99.94630613856351,39.24346407683268,12.988720350922891,41.30591200231565,8.434185490499495,5.036491698428078,0.0,0.0,0.0,0.0,0.0,model4,15.0,False,5697.0
1899,2015-08-27T14:00:00Z,32.0,167.35151745839642,458.6282419234607,98.83199244018827,38.55525885451824,13.173136246016359,43.84730684312439,7.814430326336918,4.994999217841342,0.0,0.0,0.0,0.0,0.0,model4,15.0,False,5700.0
1900,2015-08-27T17:00:00Z,32.0,169.39604856365162,458.8232351781823,100.04881373673858,38.58619610797162,13.242365222306974,43.53637002573544,8.210774525667722,5.111892807561361,0.0,0.0,0.0,0.0,0.0,model4,15.0,False,5703.0
1901,2015-08-27T20:00:00Z,32.0,169.11199434530272,451.82442308166014,101.91652002807932,38.84971507514436,14.527887357492334,40.84934259542696,8.18070978218493,5.2532936972637545,0.0,0.0,0.0,0.0,0.0,model4,15.0,False,5706.0
1902,2015-08-27T23:00:00Z,32.0,166.4901915451065,450.22063767394167,102.26911123443097,38.77780794077607,17.642584674284166,41.853341048536265,7.959963608260126,4.9416843184683374,0.0,0.0,0.0,0.0,0.0,model4,15.0,False,5709.0
1903,2015-08-28T02:00:00Z,32.0,166.55746677390454,444.9787533550969,101.42814002136991,38.89868538129055,17.214466503095856,45.710207972906026,8.451144090910152,4.848647276007879,0.0,0.0,0.0,0.0,0.0,model4,15.0,False,5712.0
1904,2015-08-28T05:00:00Z,32.0,167.11601762101162,449.471562716602,100.68807639076836,38.97730243828024,17.489344436685265,42.26326281550443,8.104239771202373,4.868131835661884,0.0,0.0,0.0,0.0,0.0,model4,15.0,False,5715.0
1905,2015-08-28T08:00:00Z,32.0,165.46666602679974,457.26915376917833,100.87854886467942,39.33595568780019,18.925309964948553,47.349100074145234,7.261298977699669,4.4634798359023815,0.0,0.0,0.0,0.0,0.0,model4,15.0,False,5718.0
1906,2015-08-28T11:00:00Z,32.0,164.96772533122532,462.1874370780488,100.96872395968029,39.445552998721965,19.589143552285133,52.07289981142562,7.223365869643223,4.782360304164847,0.0,0.0,0.0,0.0,0.0,model4,15.0,False,5721.0
1907,2015-08-28T14:00:00Z,32.0,166.4443657035239,457.3005429260693,100.5217063614517,39.97335476995749,19.555948608192843,52.022771994886206,7.7602218805764736,4.694066824952281,0.0,0.0,0.0,0.0,0.0,model4,15.0,False,5724.0
1908,2015-08-28T17:00:00Z,32.0,163.9663786012355,455.10625861847876,99.65869824704708,40.57051782345021,19.762451533251507,54.073141201265,7.468926232197428,5.435977208122449,0.0,0.0,0.0,0.0,0.0,model4,15.0,False,5727.0
1909,2015-08-28T20:00:00Z,32.0,164.941457631788,453.4246544499621,98.54127693864012,40.35470370531221,18.558141289157465,54.9768666379957,6.466512284475487,5.196440085089208,0.0,0.0,0.0,0.0,0.0,model4,15.0,False,5730.0
1910,2015-08-28T23:00:00Z,32.0,168.9686032240336,453.72712121781785,99.07287466485563,40.29420537535494,16.810010319469992,53.75909358940036,6.089637689116905,5.587809382924557,0.0,0.0,0.0,0.0,0.0,model4,15.0,False,5733.0
1911,2015-08-29T02:00:00Z,32.0,170.620152735282,455.63396207377747,99.23326181538195,40.31621858307838,16.314204360347322,52.3789605872086,6.1330691937602175,5.707857879720883,0.0,0.0,0.0,0.0,0.0,model4,15.0,False,5736.0
1912,2015-08-29T05:00:00Z,32.0,169.90408702729337,453.2389488356362,99.26084680559569,40.51208180423321,15.921374823008852,54.15425835784834,6.230591794414643,5.777842941189292,0.0,0.0,0.0,0.0,0.0,model4,15.0,False,5739.0
1913,2015-08-29T08:00:00Z,32.0,170.44328773478782,446.8528057248819,99.1032142847302,41.156796263982685,14.333954652198026,47.37123878602142,6.479504733298872,5.744003989658253,0.0,0.0,0.0,0.0,0.0,model4,15.0,False,5742.0
1914,2015-08-29T11:00:00Z,32.0,171.796727007079,434.950702113755,99.42137621869615,40.964755603020365,13.507546288099036,40.54695938632529,6.719366141332481,5.153970107464522,0.0,0.0,0.0,0.0,0.0,model4,15.0,False,5745.0
1915,2015-08-29T14:00:00Z,32.0,169.64756218596898,431.15050385116456,99.56180627639192,40.58410990839485,13.201593460585869,40.73993235844423,7.287762118901599,5.1546241064443565,0.0,1.0,0.0,0.0,0.0,model4,15.0,False,5748.0
1916,2015-08-29T17:00:00Z,32.0,171.91217407122468,438.8054377454795,99.3152250782182,40.09156598298624,12.154378151510635,42.55494436389333,8.164319480797106,4.155279575294174,0.0,1.0,0.0,0.0,0.0,model4,15.0,False,5751.0
1917,2015-08-29T20:00:00Z,32.0,170.0697913846196,439.5991563239856,98.51691979652443,39.76234722878701,13.347775421876982,42.01305921886296,9.647684922147814,5.515867562855506,0.0,1.0,0.0,0.0,0.0,model4,15.0,False,5754.0
1918,2015-08-29T23:00:00Z,32.0,166.1878795241144,442.27995855920966,98.30706831420729,39.33033878223059,13.942515172079434,44.481599122300025,10.31407897330578,4.956081680884455,0.0,1.0,0.0,0.0,0.0,model4,15.0,False,5757.0
1919,2015-08-30T02:00:00Z,32.0,167.45879779169704,448.072979577888,97.75692942623743,39.84950079231533,15.549779680338874,46.37977496584594,10.098796734821624,4.890603453989853,0.0,1.0,0.0,0.0,0.0,model4,15.0,False,5760.0
1920,2015-08-30T05:00:00Z,32.0,168.88935851356703,454.24595985068436,97.25670289244196,40.115710135457455,17.04617200828417,42.217332027049714,10.062910704616026,4.832382839945018,0.0,1.0,0.0,0.0,0.0,model4,15.0,False,5763.0
1921,2015-08-30T08:00:00Z,32.0,169.83686808854122,448.90016952972985,96.80531329496976,40.63504635091157,17.11830191505459,44.43313714103236,10.006216065420396,5.409982753362256,0.0,1.0,0.0,0.0,0.0,model4,15.0,False,5766.0
1922,2015-08-30T11:00:00Z,32.0,169.42944116211896,454.4093937826222,95.23377266885636,41.14876759230838,16.551367121560695,42.33992442756653,9.603828748701387,5.270547195466395,0.0,1.0,0.0,0.0,0.0,model4,15.0,False,5769.0
1923,2015-08-30T14:00:00Z,32.0,170.68688946788734,462.37212091982076,95.86945226572092,41.11427043593503,17.52874115393022,50.699205576681614,9.642468441983839,5.408689671236968,0.0,0.0,0.0,0.0,0.0,model4,15.0,False,5772.0
1924,2015-08-30T17:00:00Z,32.0,170.763208052133,461.67325753620025,96.43714931924221,41.83592433198061,17.175399105984575,59.99412744969223,8.950593383141484,5.74126425001747,0.0,0.0,0.0,0.0,0.0,model4,15.0,False,5775.0
1925,2015-08-30T20:00:00Z,32.0,172.36190445712612,468.18856418797515,97.90586251400015,41.84459922957379,19.991386726646027,60.46092062110178,10.405040388913905,5.483279868252771,0.0,0.0,0.0,0.0,0.0,model4,15.0,False,5778.0
1926,2015-08-30T23:00:00Z,32.0,174.63286763437736,470.323834827396,98.17473454500404,42.12023567456678,18.758247501313807,65.15461525201574,9.731127372224384,5.885472691501776,0.0,0.0,0.0,0.0,0.0,model4,15.0,False,5781.0
1927,2015-08-31T02:00:00Z,32.0,174.07345870811105,473.4362697551954,99.63410139832438,42.28408125433874,18.53757692774753,66.49475247176242,11.34205682253256,5.697682375638948,0.0,0.0,0.0,0.0,0.0,model4,15.0,False,5784.0
1928,2015-08-31T05:00:00Z,32.0,171.20178120693612,475.7852279083911,99.61707751598522,42.24937659483679,18.15437907407814,65.1553997882918,11.612175618330069,5.80320840156796,0.0,0.0,0.0,0.0,0.0,model4,15.0,False,5787.0
1929,2015-08-31T08:00:00Z,32.0,171.06697620107866,476.32547969628035,101.66160617404505,42.029613417930044,17.42120667020284,64.92944021473934,12.051149785007865,5.6799031066140735,0.0,0.0,0.0,0.0,0.0,model4,15.0,False,5790.0
1930,2015-08-31T11:00:00Z,32.0,171.89973798250125,482.5692973032885,102.57187311500331,41.23082008396411,18.04346128270496,66.38877572893523,11.652918572744605,6.552717662407519,0.0,0.0,0.0,0.0,0.0,model4,15.0,False,5793.0
1931,2015-08-31T14:00:00Z,32.0,170.229280267679,482.96108878707435,102.69608235781729,41.495973801327075,18.111036185218275,57.93779884593106,11.296209157485313,6.500841644680494,0.0,0.0,0.0,0.0,0.0,model4,15.0,False,5796.0
1932,2015-08-31T17:00:00Z,32.0,171.09710616968218,472.5602222742638,101.62472943546892,40.725291794404704,18.54515457932712,56.031290636813964,11.714319542890134,6.231653215459198,0.0,0.0,0.0,0.0,0.0,model4,15.0,False,5799.0
1933,2015-08-31T20:00:00Z,32.0,170.69063900414685,465.813558596753,100.53764333568735,41.18661280529332,15.10408240594142,56.740031582984,9.562495818878736,5.4924856066580094,0.0,0.0,0.0,0.0,0.0,model4,15.0,False,5802.0
1934,2015-08-31T23:00:00Z,32.0,170.56356419523775,463.3975643473063,101.07842700004996,40.759101215308014,13.881591174866278,50.95352153578066,9.720067799671897,5.644277817788085,0.0,0.0,0.0,0.0,0.0,model4,15.0,False,5805.0
1935,2015-09-01T02:00:00Z,32.0,169.29181518395987,459.54976737693283,100.27645796560302,40.91870094349935,13.337649491247824,45.70430301013357,7.978589334088904,5.748348482338043,0.0,0.0,0.0,0.0,0.0,model4,15.0,False,5808.0
1936,2015-09-01T05:00:00Z,32.0,171.03280387257718,456.35547915210884,100.4458769587857,40.17088130559026,12.964414014323447,49.858890788412104,8.107692094435604,5.719774317978826,0.0,0.0,0.0,0.0,0.0,model4,15.0,False,5811.0
1937,2015-09-01T08:00:00Z,32.0,170.87356674061155,458.8188993595688,99.9049157654713,39.35884417046977,13.017918677434896,49.598104251827706,7.3771945145795135,5.407893867389288,0.0,0.0,0.0,0.0,0.0,model4,15.0,False,5814.0
1938,2015-09-01T11:00:00Z,32.0,168.65186454781858,446.3307806896794,100.07275240438385,40.70525994128752,12.579512641900447,46.25813191354066,7.44369091225257,5.280998341044292,0.0,0.0,0.0,0.0,0.0,model4,15.0,False,5817.0
1939,2015-09-01T14:00:00Z,32.0,168.98089981981826,442.4455833501871,100.51040229630807,41.27623059902761,11.102111028233711,44.37376754180493,7.166809243961848,5.5200441286239466,0.0,0.0,0.0,0.0,0.0,model4,15.0,False,5820.0
1940,2015-09-01T17:00:00Z,32.0,167.57692475414,450.62074115225,101.55786092345335,41.4720058799422,9.471117010719952,42.48076439025069,8.892498556946428,5.4046562365220865,0.0,0.0,0.0,0.0,0.0,model4,15.0,False,5823.0
1941,2015-09-01T20:00:00Z,32.0,169.01862263313885,449.50303129972497,101.73387227659953,40.952556045967114,9.60642636878456,42.41382362722606,8.899273911022393,5.301936667450679,0.0,0.0,0.0,0.0,0.0,model4,15.0,False,5826.0
1942,2015-09-01T23:00:00Z,32.0,170.74793393395657,447.3840251190349,100.87774325679982,40.962481271868505,10.153070081807408,41.32996621803135,8.856594965480292,4.750939233000652,0.0,0.0,0.0,0.0,0.0,model4,15.0,False,5829.0
1943,2015-09-02T02:00:00Z,32.0,172.99371220950496,447.09069744717004,100.21490877638668,40.32256529977296,12.736883710856139,44.68220609078944,8.471166773213126,4.704516316590324,0.0,0.0,0.0,0.0,0.0,model4,15.0,False,5832.0
1944,2015-09-02T05:00:00Z,32.0,170.5611597337523,449.56722437025735,101.19881449317892,41.56271150149526,14.1193984516119,43.83118998921847,9.427809462346476,5.225459153529397,0.0,0.0,0.0,0.0,0.0,model4,15.0,False,5835.0
1945,2015-09-02T08:00:00Z,32.0,171.66468721910545,447.8319909482972,102.00202823073359,41.56215042615861,15.424072633090413,46.07138354670848,9.856231773107206,5.1041807330162845,0.0,0.0,0.0,0.0,0.0,model4,15.0,False,5838.0
1946,2015-09-02T11:00:00Z,32.0,172.32122171291851,448.2175563020864,102.67992409290613,41.0320785213472,17.738704085760098,48.80193636907861,11.004490797616212,4.735461635922611,0.0,0.0,0.0,0.0,0.0,model4,15.0,False,5841.0
1947,2015-09-02T14:00:00Z,32.0,171.65337415889925,452.2057066725463,102.22128574642227,40.516283417511204,19.14097000113432,54.11094431976436,10.978375229720323,4.437494682778362,0.0,0.0,0.0,0.0,0.0,model4,15.0,False,5844.0
1948,2015-09-02T17:00:00Z,32.0,171.46997264599932,451.1147151386151,103.764501105011,40.78348214070818,20.323603434893226,53.52175066239917,10.242274602274877,5.09755985986126,0.0,0.0,0.0,0.0,0.0,model4,15.0,False,5847.0
1949,2015-09-02T20:00:00Z,32.0,170.387281336261,455.07872091086665,104.32907328334228,41.2450423781176,20.32043606660871,54.499012994046495,10.216162660022716,5.245102601795953,0.0,0.0,0.0,0.0,0.0,model4,15.0,False,5850.0
1950,2015-09-02T23:00:00Z,32.0,169.76567759250028,450.65488314456553,103.5471918344482,41.49500637184496,19.999930649907103,54.494925234155644,10.953832131951936,5.219257456078092,0.0,0.0,0.0,0.0,0.0,model4,15.0,False,5853.0
1951,2015-09-03T02:00:00Z,32.0,166.5396726361549,445.0369014818074,103.81293203407246,41.32337523285296,18.42604325126047,52.8640862404502,10.95664126482546,5.482815988035712,0.0,0.0,0.0,0.0,0.0,model4,15.0,False,5856.0
1952,2015-09-03T05:00:00Z,32.0,167.99962708247182,442.23817597187593,104.4650821832254,40.46395267382313,17.801010833072837,51.28747334983433,10.314970658428527,4.759082640283284,0.0,0.0,0.0,0.0,0.0,model4,15.0,False,5859.0
1953,2015-09-03T08:00:00Z,32.0,167.42860549439828,446.3034065184021,103.92987218200159,40.89453120251028,17.58874428836011,47.8770788853292,10.735034345102953,4.8108336896853165,0.0,0.0,0.0,0.0,0.0,model4,15.0,False,5862.0
1954,2015-09-03T11:00:00Z,32.0,165.5191761933746,448.7190854710156,103.32657990488914,41.453870439002095,15.349231795241884,44.30004674625021,9.808676050713805,5.827086124303877,1.0,0.0,0.0,0.0,0.0,model4,15.0,False,5865.0
1955,2015-09-03T14:00:00Z,32.0,165.97431290728682,447.8780194957581,103.57029146011524,41.265733846410534,15.626086704306744,47.21632896727419,9.862778552799664,5.7892829649620365,1.0,0.0,0.0,0.0,0.0,model4,15.0,False,5868.0
1956,2015-09-03T17:00:00Z,32.0,166.42335064574758,447.9185464000367,102.38255600717228,40.86848824425106,14.353156696402356,48.41264990412636,10.649010272119492,5.3877871223411296,1.0,0.0,0.0,0.0,0.0,model4,15.0,False,5871.0
1957,2015-09-03T20:00:00Z,32.0,166.8134569950704,449.0934939975474,102.28674159996108,40.35673866831335,14.072217984219902,48.12195556738257,11.034535507173473,5.547112025533056,1.0,0.0,0.0,0.0,0.0,model4,15.0,False,5874.0
1958,2015-09-03T23:00:00Z,32.0,164.85598783327072,450.33285488906415,102.88926380286448,40.754592173505735,14.096988409108198,49.10353849788606,11.1560978295505,5.5021422394208885,1.0,0.0,0.0,0.0,0.0,model4,15.0,False,5877.0
1959,2015-09-04T02:00:00Z,32.0,165.7052007670559,457.54929920167314,102.41104734853384,41.706961786262156,13.518238203212352,50.73424839707194,11.413258894192506,5.318856215922045,1.0,0.0,0.0,0.0,0.0,model4,15.0,False,5880.0
1960,2015-09-04T05:00:00Z,32.0,166.0799202919313,452.82449994277283,101.2869615010032,41.26804336852844,13.774398533662241,53.56685697473264,10.977015836316273,5.7414779029958405,1.0,0.0,0.0,0.0,0.0,model4,15.0,False,5883.0
1961,2015-09-04T08:00:00Z,32.0,165.4489305096391,450.1591774729674,99.65984392001272,40.81993198030856,14.223188280605015,53.76633102489067,10.622538572321556,5.607113590246413,1.0,0.0,0.0,0.0,0.0,model4,15.0,False,5886.0
1962,2015-09-04T11:00:00Z,32.0,168.77726059608128,453.6478815588097,99.92671983659055,40.136153724441655,14.373660550873554,52.75740799058674,10.373582398832454,4.5218007996348035,0.0,0.0,0.0,0.0,0.0,model4,15.0,False,5889.0
1963,2015-09-04T14:00:00Z,32.0,168.6596807024979,443.6481427236977,99.92239688865247,40.04415162494107,13.101751543957958,47.719867982332886,10.276137594271724,4.445159595447152,0.0,0.0,0.0,0.0,0.0,model4,15.0,False,5892.0
1964,2015-09-04T17:00:00Z,32.0,167.86857801677175,445.89317139251335,99.58096154657775,39.952318564010746,12.930763369242715,46.597829301445856,10.168489788235233,4.489643553915734,0.0,0.0,0.0,0.0,0.0,model4,15.0,False,5895.0
1965,2015-09-04T20:00:00Z,32.0,166.1758434503432,447.9667485045831,100.06193681608757,39.48606933085722,12.32931540727582,47.224358203289746,11.108545677190774,4.356779211640683,0.0,0.0,1.0,0.0,0.0,model4,15.0,False,5898.0
1966,2015-09-04T23:00:00Z,32.0,167.5865072194269,446.27774593578886,100.10338131741354,39.31061111474008,11.618856777931896,47.539494227190865,10.453659036349316,5.033495566466803,0.0,0.0,1.0,0.0,0.0,model4,15.0,False,5901.0
1967,2015-09-05T02:00:00Z,32.0,166.81780186256108,440.21765549339995,100.92077154081824,39.00356058586068,11.390988761197246,46.78577784613498,10.825361084862347,4.772472288820347,0.0,0.0,1.0,0.0,0.0,model4,15.0,False,5904.0
1968,2015-09-05T05:00:00Z,32.0,167.50768949864872,446.8880289598522,101.31395266035364,39.23224240940593,12.356246939551914,45.13394917432182,10.547860291320564,4.6319689094820164,0.0,0.0,1.0,0.0,0.0,model4,15.0,False,5907.0
1969,2015-09-05T08:00:00Z,32.0,167.31815393535354,437.3341654869548,101.61918148583901,39.498313730372686,10.150697801462472,53.82516871037852,10.027715030427917,4.745677004177076,0.0,0.0,1.0,0.0,0.0,model4,15.0,False,5910.0
1970,2015-09-05T11:00:00Z,32.0,167.10344396307755,434.2378580107103,102.17634864548263,39.34690546045793,10.13753909510624,53.47886246810661,10.395586646679103,4.689603810229436,0.0,0.0,1.0,0.0,0.0,model4,15.0,False,5913.0
1971,2015-09-05T14:00:00Z,32.0,169.55670279133957,440.32287259521087,102.18361621861195,39.65761949827552,10.203788087239847,52.213606087899024,10.837012024886947,5.335340057145777,0.0,0.0,1.0,0.0,0.0,model4,15.0,False,5916.0
1972,2015-09-05T17:00:00Z,32.0,171.2749138307332,434.1723883878389,102.15854913070382,40.00773792834107,10.907664966465848,50.734028658144204,9.67123195050882,5.238024266615241,0.0,0.0,1.0,0.0,0.0,model4,15.0,False,5919.0
1973,2015-09-05T20:00:00Z,32.0,171.1311441043612,427.9688280093186,101.11241426304414,40.68996539002734,11.549557200950856,46.092287186111314,8.701766126624799,5.1703189367545175,0.0,0.0,0.0,0.0,0.0,model4,15.0,False,5922.0
1974,2015-09-05T23:00:00Z,32.0,171.3247325744584,435.1031008498859,101.25367344428905,40.71338626208343,11.832956373177742,54.6459583472161,9.371293413910614,4.551528300948369,0.0,0.0,0.0,0.0,0.0,model4,15.0,False,5925.0
1975,2015-09-06T02:00:00Z,32.0,171.512075863214,435.812174331434,101.21236067093001,39.97219964077157,11.889514553096936,54.08328541424258,8.738242244531332,4.7079875362077095,0.0,0.0,0.0,0.0,0.0,model4,15.0,False,5928.0
1976,2015-09-06T05:00:00Z,32.0,168.77268093691166,434.67635320036317,99.83229813969,40.68677922286932,13.059116699003804,51.024645274869,10.168551674225967,4.982599996007557,0.0,0.0,0.0,0.0,0.0,model4,15.0,False,5931.0
1977,2015-09-06T08:00:00Z,32.0,167.4031504894937,451.1530713851464,98.8774177811081,40.6744255328074,14.58885526932568,45.20623098929666,11.19648089984562,4.946676412062342,0.0,0.0,0.0,0.0,0.0,model4,15.0,False,5934.0
1978,2015-09-06T11:00:00Z,32.0,167.43839481611312,442.0371815836512,97.99821882151377,40.05819801243472,14.405155932669489,51.5961660393738,10.727028130645307,4.999845715606792,0.0,0.0,0.0,0.0,0.0,model4,15.0,False,5937.0
1979,2015-09-06T14:00:00Z,32.0,166.8181303465602,450.48349130356695,97.792645081171,40.943058431463854,14.729251520441005,57.130892546025116,11.759179424574304,5.117682943613953,0.0,0.0,0.0,0.0,0.0,model4,15.0,False,5940.0
1980,2015-09-06T17:00:00Z,32.0,166.6914285755841,454.72752068013875,98.55115196229687,40.80621403758632,15.502732553627133,58.06960127727825,11.85306094022326,5.1337383996194585,0.0,0.0,0.0,0.0,0.0,model4,15.0,False,5943.0
1981,2015-09-06T20:00:00Z,32.0,166.85385376198596,456.12991092183177,98.9883859754505,40.89849470369864,15.048310811979515,58.375129772746476,11.492903865299759,4.8083624976089725,0.0,0.0,0.0,0.0,0.0,model4,15.0,False,5946.0
1982,2015-09-06T23:00:00Z,32.0,168.19207351565666,454.0401100858084,99.69950545219764,40.80895140595482,16.767036610538366,52.0122551517924,11.306992975267649,4.781230194220477,0.0,0.0,0.0,0.0,0.0,model4,15.0,False,5949.0
1983,2015-09-07T02:00:00Z,32.0,167.44707546158017,460.57245257553717,99.60102009628136,41.50880602505747,18.13736618037613,51.12444844869814,11.995020593394434,4.496564173076009,0.0,0.0,0.0,0.0,0.0,model4,15.0,False,5952.0
1984,2015-09-07T05:00:00Z,32.0,169.09845235317283,461.5424726910069,100.77461306522206,41.44557711285508,17.43958428678414,52.29360657767246,12.091139547666572,4.094008144734435,0.0,0.0,0.0,0.0,0.0,model4,15.0,False,5955.0
1985,2015-09-07T08:00:00Z,32.0,170.39293670370702,459.4492042669767,103.13836045678171,41.52481527160383,17.200238123122748,51.81804027080239,11.211993875213457,4.0096809559011835,0.0,0.0,0.0,0.0,0.0,model4,15.0,False,5958.0
1986,2015-09-07T11:00:00Z,32.0,170.61407397568578,469.54716634825996,104.46736983736193,42.048521748280436,17.86075373677521,38.553229836877186,11.707628002661176,3.5012419676998485,0.0,0.0,0.0,0.0,0.0,model4,15.0,False,5961.0
1987,2015-09-07T14:00:00Z,32.0,169.34435796360492,459.1786059453434,104.76511368504984,40.438427311218135,17.59088900053915,36.77914605369811,10.425314188845613,3.855614880329024,0.0,0.0,0.0,0.0,0.0,model4,15.0,False,5964.0
1988,2015-09-07T17:00:00Z,32.0,168.60917819956254,454.18548136466484,104.11596337318058,39.76097964150135,16.942805005529248,41.19904375803434,10.31905751720281,4.5626439280687485,0.0,0.0,0.0,0.0,0.0,model4,15.0,False,5967.0
1989,2015-09-07T20:00:00Z,32.0,168.9491327042084,456.415776058424,104.19606136153317,39.09679614392363,18.871989749488094,45.32453233445742,10.620672125717164,5.0470241449012665,0.0,0.0,0.0,0.0,0.0,model4,15.0,False,5970.0
1990,2015-09-07T23:00:00Z,32.0,168.6829626267859,447.1968802511846,105.17997564198672,38.95760105009225,18.12685757597218,51.5178744895775,10.697485361332204,5.571155594770058,0.0,0.0,0.0,0.0,0.0,model4,15.0,False,5973.0
1991,2015-09-08T02:00:00Z,32.0,170.30740754179809,439.67388544631376,105.62231829166849,38.91862096822749,16.45475481590325,48.098005479854145,9.503834158854874,5.5652205613220165,0.0,0.0,0.0,0.0,0.0,model4,15.0,False,5976.0
1992,2015-09-08T05:00:00Z,32.0,170.84652927489688,438.4902151646468,105.611549257236,38.381286078552215,15.615881536641648,47.4160171583432,8.10715859557611,5.299529854427617,0.0,0.0,0.0,0.0,0.0,model4,15.0,False,5979.0
1993,2015-09-08T08:00:00Z,32.0,171.25490441078418,441.9014322912526,105.35613190111341,38.32633005090539,14.953140228934258,51.40605678726968,7.844967932179174,5.252694516791219,0.0,0.0,0.0,0.0,0.0,model4,15.0,False,5982.0
1994,2015-09-08T11:00:00Z,32.0,169.72649027924612,443.1884099245733,103.2309362837054,37.738254934136094,14.807726665715034,52.436882023975656,7.7107361103374865,5.408626186388533,0.0,0.0,0.0,0.0,0.0,model4,15.0,False,5985.0
1995,2015-09-08T14:00:00Z,32.0,169.75693080895002,445.8701535367622,102.34370264620001,38.17250122968967,14.22198689173486,54.97804329924555,7.93423702199954,5.259060111151318,0.0,0.0,0.0,0.0,0.0,model4,15.0,False,5988.0
1996,2015-09-08T17:00:00Z,32.0,169.52665364606,451.17089353423034,102.44728254853227,38.64673488598882,13.803697726621644,54.40567790094384,8.565383138042177,4.907390640122107,0.0,0.0,0.0,0.0,0.0,model4,15.0,False,5991.0
1997,2015-09-08T20:00:00Z,32.0,167.49914158626837,455.2233752683338,101.89167866599531,39.39765851746356,13.089251077762174,53.36218760165817,9.172252710911762,4.811538725411371,0.0,0.0,0.0,0.0,0.0,model4,15.0,False,5994.0
1998,2015-09-08T23:00:00Z,32.0,165.86176083072863,461.075732200516,99.98703147168736,39.98932542566122,11.651080945750243,51.050781645838356,9.480455914693607,5.040238524873743,0.0,0.0,0.0,0.0,0.0,model4,15.0,False,5997.0
1999,2015-09-09T02:00:00Z,32.0,164.1940199673782,472.4318003864842,98.96637439344644,39.61020633587957,12.37757999906941,52.53259239852766,9.884365061208007,5.008412383010863,0.0,0.0,0.0,0.0,0.0,model4,15.0,False,6000.0
2000,2015-09-09T05:00:00Z,32.0,162.9082917233111,472.757649367776,97.2613757516232,39.86410865482152,12.258686335489385,52.420342659998795,10.078061149170424,5.0619519543267,0.0,0.0,0.0,0.0,0.0,model4,15.0,False,6003.0
2001,2015-09-09T08:00:00Z,32.0,163.27782591429968,462.9176502647076,95.663434626636,39.742263359481726,12.022237987473321,55.67703940326489,10.0768740640048,5.114747065884979,0.0,0.0,0.0,0.0,0.0,model4,15.0,False,6006.0
2002,2015-09-09T11:00:00Z,32.0,163.1830338827751,461.213813271931,96.14985379966379,39.80233899689496,11.986355847930426,59.402758841776546,11.731426715026512,4.946088423072949,0.0,0.0,0.0,0.0,0.0,model4,15.0,False,6009.0
2003,2015-09-09T14:00:00Z,32.0,162.6582467571411,463.21927095021545,95.05187612136122,39.441860532294534,11.895164772170885,57.25092958035727,12.209899870763651,5.196323535017902,0.0,0.0,0.0,0.0,0.0,model4,15.0,False,6012.0
2004,2015-09-09T17:00:00Z,32.0,163.14712991583238,462.8139801246335,94.29682889388195,39.31641463604599,11.70428653699589,53.551770619878944,11.297010181778553,5.262434220367559,0.0,0.0,0.0,0.0,0.0,model4,15.0,False,6015.0
2005,2015-09-09T20:00:00Z,32.0,165.47225660005734,456.9932082890305,93.35783444528069,39.38024423244747,10.949772291941574,50.98422018398622,10.600389075023754,5.2741472649789065,0.0,0.0,0.0,0.0,0.0,model4,15.0,False,6018.0
2006,2015-09-09T23:00:00Z,32.0,166.21533072553737,459.44703174124936,93.44581627928171,38.64885710924885,12.29730548142628,46.70950289398907,9.492102322968533,4.145396901559093,0.0,0.0,0.0,0.0,0.0,model4,15.0,False,6021.0
2007,2015-09-10T02:00:00Z,32.0,167.44747885672786,453.342537991915,94.68398375437391,39.63698341124768,11.227300762341137,41.53873581102511,11.349097024808682,4.812115406860523,0.0,0.0,0.0,0.0,0.0,model4,15.0,False,6024.0
2008,2015-09-10T05:00:00Z,32.0,169.99831035338997,455.30956952380217,95.98763326198376,39.975569034534814,11.593013897801587,45.70927927709182,11.639279629877686,5.26514141302128,0.0,0.0,0.0,0.0,0.0,model4,15.0,False,6027.0
2009,2015-09-10T08:00:00Z,32.0,169.2520702014301,467.43144351202886,97.55960477158114,40.04119585085692,11.580593131154066,51.27070671207842,11.642316534761848,5.4540509603217044,0.0,0.0,0.0,0.0,0.0,model4,15.0,False,6030.0
2010,2015-09-10T11:00:00Z,32.0,169.27496185161218,470.9274531359738,96.80414715559748,40.78098487688632,10.112694440174847,46.72033130856618,10.718923673499829,5.156837996104909,0.0,0.0,1.0,0.0,0.0,model4,15.0,False,6033.0
2011,2015-09-10T14:00:00Z,32.0,171.0201547899191,468.4535943591414,98.73511358078636,41.2155230742749,10.639574377521514,45.114458127800894,9.867405391682114,4.3600999975139425,0.0,0.0,1.0,0.0,0.0,model4,15.0,False,6036.0
2012,2015-09-10T17:00:00Z,32.0,171.22972446595605,469.4503820332095,98.4407585844592,41.43038844273463,10.641224212666415,45.67620453675083,10.400682296558854,4.5953220127923355,0.0,0.0,1.0,0.0,0.0,model4,15.0,False,6039.0
2013,2015-09-10T20:00:00Z,32.0,172.5299504183051,470.5557960246544,99.14308245664448,41.50014532110015,10.65270020414068,48.41980388513024,10.134845820673338,4.637830382008255,0.0,0.0,1.0,0.0,0.0,model4,15.0,False,6042.0
2014,2015-09-10T23:00:00Z,32.0,172.76266765469038,468.14308664617346,99.90431889620041,41.625145721585056,9.994918772182572,49.833874203071396,10.456134057903165,4.598383261692188,0.0,0.0,1.0,0.0,0.0,model4,15.0,False,6045.0
2015,2015-09-11T02:00:00Z,32.0,173.78156943271182,467.9962989968252,100.61490682133987,40.63078718839939,10.324918365525633,48.697972079299404,9.682716590890642,4.289493231984742,0.0,0.0,1.0,0.0,0.0,model4,15.0,False,6048.0
2016,2015-09-11T05:00:00Z,32.0,171.8619127409043,466.3724809709209,100.025843469032,40.187672914236,10.933908463632244,49.97223771548366,9.367037688522368,4.4023245223860945,0.0,0.0,1.0,0.0,0.0,model4,15.0,False,6051.0
2017,2015-09-11T08:00:00Z,32.0,173.65074230047776,460.88670547888535,99.74288964611121,39.491999032199075,11.666179347956051,39.664940855989535,9.093326444404905,5.180524625566767,0.0,0.0,1.0,0.0,0.0,model4,15.0,False,6054.0
2018,2015-09-11T11:00:00Z,32.0,173.12471638893498,452.80158413229606,101.3273543379968,38.9702917221117,12.574426932772385,42.3828885220761,8.277429130183256,5.211873109694456,0.0,0.0,0.0,0.0,0.0,model4,15.0,False,6057.0
2019,2015-09-11T14:00:00Z,32.0,172.51221829481273,453.3635750704065,101.71133430545956,38.63457170614238,11.89382424373822,43.0422159233947,8.427211627439442,5.295853880634251,0.0,0.0,0.0,0.0,0.0,model4,15.0,False,6060.0
2020,2015-09-11T17:00:00Z,32.0,171.59823343875834,455.5129863665149,101.06888562516113,38.639750745814865,12.834546389120634,43.808683950679054,8.686685271118543,5.279161056469514,0.0,0.0,0.0,0.0,0.0,model4,15.0,False,6063.0
2021,2015-09-11T20:00:00Z,32.0,169.62007631362937,453.7029650760476,101.65321948521364,38.11302786478323,13.088587739902986,40.61433953509928,8.486153206471464,5.063985438439664,0.0,0.0,0.0,0.0,0.0,model4,15.0,False,6066.0
2022,2015-09-11T23:00:00Z,32.0,168.6195554122976,450.6322912009779,101.88232372093115,37.97907891035477,12.75716548363891,42.815866422734544,9.188729000567225,5.103666792887263,0.0,0.0,0.0,0.0,0.0,model4,15.0,False,6069.0
2023,2015-09-12T02:00:00Z,32.0,167.9132114230849,451.15196798245086,100.97365527893116,38.15363492205597,12.423937572032692,48.90965681908707,9.078906502392842,5.898073236372541,0.0,0.0,0.0,0.0,0.0,model4,15.0,False,6072.0
2024,2015-09-12T05:00:00Z,32.0,167.86724503503876,453.6328920715947,102.38726145641527,38.319125703077475,13.276511180714744,43.32610486994854,10.01125983784672,5.510540514082513,0.0,0.0,0.0,0.0,0.0,model4,15.0,False,6075.0
2025,2015-09-12T08:00:00Z,32.0,167.36250829500597,451.39452783892426,103.218349430382,38.80691424168189,11.520104911040914,43.57989574660203,11.719932228810869,5.106098500020637,1.0,0.0,0.0,0.0,0.0,model4,15.0,False,6078.0
2026,2015-09-12T11:00:00Z,32.0,166.53485958105196,455.35038928426513,102.30190365899044,39.200934111861685,13.790721522358036,44.81639553952192,13.033215375100285,5.84281468883766,1.0,0.0,0.0,0.0,0.0,model4,15.0,False,6081.0
2027,2015-09-12T14:00:00Z,32.0,165.3917394607978,454.34760117705673,101.68890580790855,39.9253895601199,13.895277164308267,46.667553822531566,12.951635219060929,5.896005816714048,1.0,0.0,0.0,0.0,0.0,model4,15.0,False,6084.0
2028,2015-09-12T17:00:00Z,32.0,166.09342844390468,448.1172943224947,102.72966694291048,39.81317770974996,13.649178873689587,46.88324450250946,12.25697241890509,5.585695181902405,1.0,0.0,0.0,0.0,0.0,model4,15.0,False,6087.0
2029,2015-09-12T20:00:00Z,32.0,166.22694892978103,448.469334813031,103.1163181172451,40.13442822709835,16.748675606064097,49.56455452455568,12.016530979628696,5.300189177123822,1.0,0.0,0.0,0.0,0.0,model4,15.0,False,6090.0
2030,2015-09-12T23:00:00Z,32.0,165.70559423317346,458.88574965532956,102.1217182423725,40.02040176302464,16.84321356629925,54.24865940931082,11.64184827070656,5.25749712041174,1.0,0.0,0.0,0.0,0.0,model4,15.0,False,6093.0
2031,2015-09-13T02:00:00Z,32.0,166.4834932940134,454.69002297061286,102.86863691743677,39.67300386599433,17.591734035508562,49.388578960395975,11.75834051412518,4.645318543596582,1.0,0.0,0.0,0.0,0.0,model4,15.0,False,6096.0
2032,2015-09-13T05:00:00Z,32.0,165.77874748000318,451.2045051191595,100.03381092414898,39.56166117784553,18.128744631796653,51.1481738183995,12.433656841007956,4.672299452451576,1.0,0.0,0.0,0.0,0.0,model4,15.0,False,6099.0
2033,2015-09-13T08:00:00Z,32.0,165.26339368492933,447.6279409089759,100.27325591868716,40.33246344754861,18.450710346060145,49.28225900290297,11.317490886514854,4.662032918938686,0.0,0.0,0.0,0.0,0.0,model4,15.0,False,6102.0
2034,2015-09-13T11:00:00Z,32.0,166.23733504739482,450.926834354026,100.937257796609,39.88789490810544,16.710988789733243,46.60080980917736,10.030153641018831,3.775411832144025,0.0,0.0,0.0,0.0,0.0,model4,15.0,False,6105.0
2035,2015-09-13T14:00:00Z,32.0,167.35247594247258,457.36699621866416,101.97272437530935,39.669487333135365,16.968288117306447,49.068874898236935,10.84826741392624,3.964441799503125,0.0,0.0,0.0,0.0,0.0,model4,15.0,False,6108.0
2036,2015-09-13T17:00:00Z,32.0,166.99574628194125,458.4293454727688,101.99481781110191,39.63161039064593,17.339512880609547,48.24899031647868,11.10679330013359,4.391973932986727,0.0,0.0,0.0,0.0,0.0,model4,15.0,False,6111.0
2037,2015-09-13T20:00:00Z,32.0,165.1613727740806,462.1776871471336,100.92990634778424,39.66191318236161,14.848541907136473,50.39565863144102,11.498796903966902,4.4007153401371335,0.0,0.0,0.0,0.0,0.0,model4,15.0,False,6114.0
2038,2015-09-13T23:00:00Z,32.0,166.56368712849257,447.13416392694603,102.17443592277675,39.92042471388522,14.708704741516948,52.980564576376274,11.625126557301432,4.63102086480796,0.0,0.0,0.0,0.0,0.0,model4,15.0,False,6117.0
2039,2015-09-14T02:00:00Z,32.0,166.06821437232608,451.568251647481,101.25862948239764,40.687536795773696,14.725163273727029,54.85877463083973,10.925734711779834,4.489328260412648,0.0,0.0,0.0,0.0,0.0,model4,15.0,False,6120.0
2040,2015-09-14T05:00:00Z,32.0,165.19163374242902,448.8499599904312,103.33961521673449,41.13543370090471,13.748922411704926,55.863222899762924,9.210352463851585,4.549466156473043,0.0,0.0,0.0,0.0,0.0,model4,15.0,False,6123.0
2041,2015-09-14T08:00:00Z,32.0,166.00202409224391,446.27296427853537,100.76755807091234,40.63531656425785,14.19303119091732,56.98829882210855,10.049463283917255,4.754671365342352,0.0,0.0,0.0,0.0,0.0,model4,15.0,False,6126.0
2042,2015-09-14T11:00:00Z,32.0,165.82478390698518,447.7015239144631,100.40425097195022,41.05572405238808,14.186550128374622,57.93313719910146,9.93073845744082,4.5661387570632055,0.0,0.0,0.0,0.0,0.0,model4,15.0,False,6129.0
2043,2015-09-14T14:00:00Z,32.0,164.17512987025103,441.5528858303129,99.67345023005673,41.28616032003124,13.725934289623007,52.95937779217633,9.606468664777376,4.547687724771667,0.0,0.0,0.0,0.0,0.0,model4,15.0,False,6132.0
2044,2015-09-14T17:00:00Z,32.0,164.26130308385163,447.9848099323474,98.69052431344141,41.33217714484708,13.439027149577765,55.89178493043928,9.945412995595728,4.069238627197189,0.0,0.0,0.0,0.0,0.0,model4,15.0,False,6135.0
2045,2015-09-14T20:00:00Z,32.0,166.91464718706968,445.8853489791671,98.95391063568806,40.741417022342674,13.021832815601197,51.19003349499025,9.983760648737453,4.849445856409598,0.0,0.0,0.0,0.0,0.0,model4,15.0,False,6138.0
2046,2015-09-14T23:00:00Z,32.0,168.15335303082458,455.3425108358013,98.2505577201961,40.71081915788945,14.841025580519464,40.867120208991146,10.12158286176823,4.754396139808434,0.0,0.0,0.0,0.0,0.0,model4,15.0,False,6141.0
2047,2015-09-15T02:00:00Z,32.0,170.4349241885464,448.1633799830638,98.28498453712751,40.118328882174005,16.10158076694357,41.6059332440988,10.581896000656444,5.013326041600161,0.0,0.0,0.0,0.0,0.0,model4,15.0,False,6144.0
2048,2015-09-15T05:00:00Z,32.0,171.5414101846948,456.76467157183816,97.46727297374372,39.26096552766796,15.039724757268827,42.575996190306036,10.195940887352236,5.05413754944791,0.0,0.0,0.0,0.0,0.0,model4,15.0,False,6147.0
2049,2015-09-15T08:00:00Z,32.0,170.46068576978314,460.6957025213583,98.38245206128471,39.291287042635176,15.974292952052018,45.472794285040436,9.321481227909064,4.579512153556644,0.0,0.0,0.0,0.0,0.0,model4,15.0,False,6150.0
2050,2015-09-15T11:00:00Z,32.0,168.77970260575037,454.4680674741484,98.06787648836844,39.0871196844986,18.5780209041108,45.14360393305228,10.319696455854627,4.533865817806398,0.0,0.0,0.0,0.0,0.0,model4,15.0,False,6153.0
2051,2015-09-15T14:00:00Z,32.0,169.3245015173299,459.2474086073789,96.67693939097737,38.841724081467326,18.60038728830096,48.28326505354681,10.020278532523482,4.503636839645775,0.0,0.0,0.0,0.0,0.0,model4,15.0,False,6156.0
2052,2015-09-15T17:00:00Z,32.0,170.16889607975472,458.0552615756316,98.00272874628342,39.247232416964344,18.575102295224575,47.86289395335589,10.128450146611444,4.648256130000344,0.0,0.0,0.0,0.0,0.0,model4,15.0,False,6159.0
2053,2015-09-15T20:00:00Z,32.0,171.3992508398104,451.4433860691449,97.22278613572071,39.53900297862753,18.67493663856176,51.574266392425756,10.680672392533682,4.2072232053419,0.0,0.0,0.0,0.0,0.0,model4,15.0,False,6162.0
2054,2015-09-15T23:00:00Z,32.0,169.6228318679666,447.4638803178017,97.20436406398508,39.33532584737153,17.97230344500021,52.8978692198973,10.239263726709128,4.017179306096549,0.0,0.0,0.0,0.0,0.0,model4,15.0,False,6165.0
2055,2015-09-16T02:00:00Z,32.0,167.24821911701937,448.8966959004554,98.35115491591931,39.95536084728753,15.883163475265427,53.958493688076594,12.106538523626124,3.9420971432421226,0.0,0.0,0.0,0.0,0.0,model4,15.0,False,6168.0
2056,2015-09-16T05:00:00Z,32.0,169.13613949137854,446.7514626088753,98.9586685699892,40.607118945433726,16.220395581580178,51.66993074906324,11.89429196815546,3.8800693169441813,0.0,0.0,0.0,0.0,0.0,model4,15.0,False,6171.0
2057,2015-09-16T08:00:00Z,32.0,168.6053116370727,444.1095403251389,98.5227505667308,40.72934067122107,15.098068546925267,47.972999782941024,11.73285845261051,3.955113362581851,0.0,0.0,0.0,0.0,0.0,model4,15.0,False,6174.0
2058,2015-09-16T11:00:00Z,32.0,172.2484735075865,443.1970562065578,99.14295513915577,40.668123510381925,11.358722579259473,52.3044405625466,11.459843273117352,3.9754039374490535,0.0,0.0,0.0,1.0,0.0,model4,15.0,False,6177.0
2059,2015-09-16T14:00:00Z,32.0,173.47886852621258,440.39250326209833,99.64877346763204,40.29234891321572,12.689706823637161,53.83590653636561,11.028832115933659,3.7514717113320266,0.0,0.0,0.0,1.0,0.0,model4,15.0,False,6180.0
2060,2015-09-16T17:00:00Z,32.0,173.79070641976935,435.5282230733551,100.03585774765234,38.946601587518046,12.751538587040553,53.19448352053322,10.702215626202848,4.807567587030975,0.0,0.0,0.0,1.0,0.0,model4,15.0,False,6183.0
2061,2015-09-16T20:00:00Z,32.0,170.31750697657964,442.0091230259242,100.45771403554168,39.18115455688253,13.846500050189874,58.47898561607006,10.376777029782618,4.891007901640262,0.0,0.0,0.0,1.0,0.0,model4,15.0,False,6186.0
2062,2015-09-16T23:00:00Z,32.0,171.3204720808239,447.81320612471006,101.27473851923016,39.46584180468951,14.739023792044089,59.100976395846594,10.481479762183543,4.918418364445151,0.0,0.0,0.0,1.0,0.0,model4,15.0,False,6189.0
2063,2015-09-17T02:00:00Z,32.0,171.1144860488967,447.4670555829656,100.00276084318828,38.687104511379054,14.908617015138091,62.21807311435912,8.521724572935073,4.782376419004027,0.0,0.0,0.0,1.0,0.0,model4,15.0,False,6192.0
2064,2015-09-17T05:00:00Z,32.0,169.30302884618013,452.5065126453997,100.09171244398131,38.617089540377606,15.720966407165944,69.54677988776753,9.143959844371214,4.806178893662417,0.0,0.0,0.0,1.0,0.0,model4,15.0,False,6195.0
2065,2015-09-17T08:00:00Z,32.0,170.51699905535014,458.3008545196944,100.41877280543163,38.34424192797144,15.207089432439528,70.04002298184005,8.989403065275251,4.936088762471531,0.0,0.0,0.0,1.0,0.0,model4,15.0,False,6198.0
2066,2015-09-17T11:00:00Z,32.0,171.86522766049066,462.02998434707115,99.39756263972299,38.55947070644922,16.259245192875895,65.33411039162641,9.084304065567203,4.981837906850205,0.0,0.0,0.0,0.0,0.0,model4,15.0,False,6201.0
2067,2015-09-17T14:00:00Z,32.0,172.57575895056618,461.2728811331782,100.39441347469179,39.35207356774081,14.945969422814386,60.888457002291794,10.298031617205273,5.178244789881557,0.0,0.0,0.0,0.0,0.0,model4,15.0,False,6204.0
2068,2015-09-17T17:00:00Z,32.0,171.38699997602853,464.8946170324012,99.86038502969656,40.49713700545366,15.312958871052105,61.09412165222982,10.970065080823634,4.052993934631872,0.0,0.0,0.0,0.0,0.0,model4,15.0,False,6207.0
2069,2015-09-17T20:00:00Z,32.0,174.42799515731772,461.6106059344014,100.16917080844543,40.80315779748711,13.692089202384972,56.26009669506118,10.291057670375242,4.038145599898649,0.0,0.0,0.0,0.0,0.0,model4,15.0,False,6210.0
2070,2015-09-17T23:00:00Z,32.0,173.83057417051108,456.862406210223,98.84068223133377,40.86210676375878,13.716842817308445,56.343236985378894,9.733966106479787,4.1327523125776535,0.0,0.0,0.0,0.0,0.0,model4,15.0,False,6213.0
2071,2015-09-18T02:00:00Z,32.0,174.08678063891915,459.4894290141074,99.42384622601186,40.768020169500936,13.681544148056796,50.58279679572419,9.571575271172568,4.311298339029313,0.0,0.0,0.0,0.0,0.0,model4,15.0,False,6216.0
2072,2015-09-18T05:00:00Z,32.0,177.50513978266446,454.4855450784297,100.35709043136312,40.39124253261768,13.627121523266695,40.41153989033711,9.823019965621947,4.0327117862297275,0.0,0.0,0.0,0.0,0.0,model4,15.0,False,6219.0
2073,2015-09-18T08:00:00Z,32.0,177.77996444531254,446.341567733544,100.62284674129779,40.77650532105148,14.439142918274758,40.338699365549054,11.447312132604349,4.7362035819178,0.0,0.0,0.0,0.0,0.0,model4,15.0,False,6222.0
2074,2015-09-18T11:00:00Z,32.0,173.92868131344616,448.8942938271714,101.09659600637664,40.449300813514036,15.502418712467987,41.058187034016136,11.143540447991526,5.135273703747464,0.0,0.0,0.0,0.0,0.0,model4,15.0,False,6225.0
2075,2015-09-18T14:00:00Z,32.0,173.87262464983863,446.4210674761308,100.68797030007198,40.41406037228617,15.088314477689558,41.87473586157831,11.23670760990653,5.0572603638068045,0.0,0.0,0.0,0.0,0.0,model4,15.0,False,6228.0
2076,2015-09-18T17:00:00Z,32.0,171.24171508310488,442.63501461447294,101.56180611774964,40.15783286945288,16.602134109815708,34.987292511072155,11.05086959507981,5.135573518201448,0.0,0.0,0.0,0.0,0.0,model4,15.0,False,6231.0
2077,2015-09-18T20:00:00Z,32.0,171.50369034346846,455.543350647082,101.66159091015128,39.086877927627135,17.628946398468234,46.45659269938383,11.002129793008127,5.692331219114513,0.0,0.0,0.0,0.0,0.0,model4,15.0,False,6234.0
2078,2015-09-18T23:00:00Z,32.0,172.56698821867238,453.24183151512324,102.05503710831871,38.548518849142944,16.802309230835952,55.90781447826016,11.463252848913195,5.958437420879372,0.0,0.0,0.0,0.0,0.0,model4,15.0,False,6237.0
2079,2015-09-19T02:00:00Z,32.0,171.77196426456638,454.5943564632517,101.88165790447071,39.303367850893395,16.761226334744787,56.50398582062438,12.471137238920806,6.152729733430986,0.0,0.0,0.0,0.0,0.0,model4,15.0,False,6240.0
2080,2015-09-19T05:00:00Z,32.0,170.5535302288161,456.26915679275993,101.59192322345444,39.541038647809685,14.677205187350454,57.18151659604342,12.381197222835151,6.130897554944023,0.0,0.0,0.0,0.0,0.0,model4,15.0,False,6243.0
2081,2015-09-19T08:00:00Z,32.0,168.8814799096046,460.6577098986889,101.93892051642318,39.425357924611305,14.573889480247145,55.324716448259146,11.232677715128414,6.0832852806589015,0.0,0.0,0.0,0.0,0.0,model4,15.0,False,6246.0
2082,2015-09-19T11:00:00Z,32.0,169.8054165801989,455.8352716582849,102.2659834120411,39.72836039056964,14.045602890148736,58.35212880584418,10.762397999864735,5.8183480393067155,0.0,0.0,0.0,0.0,0.0,model4,15.0,False,6249.0
2083,2015-09-19T14:00:00Z,32.0,167.6108605638119,456.80813261540686,103.57839045445957,39.1472477282687,14.3068529043537,58.20302528614957,9.845814478471537,5.948896946188698,0.0,0.0,0.0,0.0,0.0,model4,15.0,False,6252.0
2084,2015-09-19T17:00:00Z,32.0,171.04446046268916,462.81058392158883,103.58691808969296,39.59993593001155,12.610074689438198,61.217716217298964,9.60193330909823,6.0563816431248885,0.0,0.0,0.0,0.0,0.0,model4,15.0,False,6255.0
2085,2015-09-19T20:00:00Z,32.0,171.16541582884545,448.5868835218008,103.88326756184463,41.770076098125045,12.236695867740266,55.40001910838818,10.108245212411736,6.756470788093492,0.0,0.0,0.0,0.0,0.0,model4,15.0,False,6258.0
2086,2015-09-19T23:00:00Z,32.0,169.76672620375888,454.2078286011038,103.88243573412649,43.6018918072024,12.178200346436,49.75936492039404,9.492453833548703,6.844599679139563,0.0,0.0,0.0,0.0,0.0,model4,15.0,False,6261.0
2087,2015-09-20T02:00:00Z,32.0,171.36174193912012,455.37325365863785,104.49282099835985,44.75820908371377,12.14736782129755,50.184879748947154,8.479738391640565,7.3242450844702525,0.0,0.0,0.0,0.0,0.0,model4,15.0,False,6264.0
2088,2015-09-20T05:00:00Z,32.0,170.11601626571502,448.3377884197431,103.87500373941162,45.69961963609534,12.422649886178446,52.35399930810773,8.445649665034594,7.2381949646350074,0.0,0.0,0.0,0.0,0.0,model4,15.0,False,6267.0
2089,2015-09-20T08:00:00Z,32.0,171.99764197454846,452.4882082628386,103.36903294987869,47.33439346898057,12.157157119610936,51.15711804829893,8.466532705618784,6.957268065570682,0.0,0.0,0.0,0.0,0.0,model4,15.0,False,6270.0
2090,2015-09-20T11:00:00Z,32.0,171.19115861395818,451.3017506827091,103.68698079759665,50.1538095326136,12.419441667556832,51.76369757565313,8.184932233932821,7.950973319074624,0.0,0.0,0.0,0.0,0.0,model4,15.0,False,6273.0
2091,2015-09-20T14:00:00Z,32.0,171.94808918178947,450.55888330256494,102.39875583113523,52.70416074776308,11.700441767656793,54.01311228024998,7.922989156528102,7.215445833017709,0.0,0.0,0.0,0.0,0.0,model4,15.0,False,6276.0
2092,2015-09-20T17:00:00Z,32.0,171.23909575731062,446.4991829753768,101.6486067221668,55.22045999325465,12.313274121459026,53.829784174031026,7.636080727708946,6.4053035258932125,0.0,0.0,0.0,0.0,0.0,model4,15.0,False,6279.0
2093,2015-09-20T20:00:00Z,32.0,169.67817246888148,449.96433349493117,102.42098892154169,56.29845990819521,11.260278699244651,53.37613423402392,6.9004280951729156,6.51409256878106,0.0,0.0,0.0,0.0,0.0,model4,15.0,False,6282.0
2094,2015-09-20T23:00:00Z,32.0,169.8098872530629,449.927248451284,101.05957714157296,57.36797228173123,11.133124870289487,50.96127386294658,8.406131565429126,6.411439105845437,0.0,0.0,0.0,0.0,0.0,model4,15.0,False,6285.0
2095,2015-09-21T02:00:00Z,32.0,168.02096113462602,448.06079835500776,99.30985931420445,57.90568725060602,10.98194674590548,51.578460750393326,8.737482701273027,5.8269744827106775,0.0,0.0,0.0,0.0,0.0,model4,15.0,False,6288.0
2096,2015-09-21T05:00:00Z,32.0,168.0310541915141,453.82041316199997,99.44600657895955,58.59562373020376,12.291200002123905,47.95204731456845,8.441141853803439,5.0060111056497485,0.0,0.0,0.0,0.0,0.0,model4,15.0,False,6291.0
2097,2015-09-21T08:00:00Z,32.0,168.13883669644662,445.88598278449996,99.85230995442043,59.24162938794966,11.676183394160168,49.71121111323332,8.485498824527657,5.0022312950188965,0.0,0.0,0.0,0.0,1.0,model4,15.0,True,6294.0
2098,2015-09-21T11:00:00Z,32.0,169.02365084566787,448.0830203051922,99.08536838988613,58.85885789116808,11.291338353398347,48.02241550036547,8.30276882731569,4.711895416397232,0.0,0.0,0.0,0.0,1.0,model4,15.0,True,6297.0
2099,2015-09-21T14:00:00Z,32.0,169.25007635277888,445.3026063466859,98.8814395648151,59.17650314650914,11.077359555155915,46.28591151496667,8.284164144561316,4.201783186673231,0.0,0.0,0.0,0.0,1.0,model4,15.0,True,6300.0
2100,2015-09-21T17:00:00Z,32.0,168.48472441930517,438.32585352709276,98.15962776586201,59.01545478683597,10.906977307117698,43.14325102778896,8.319275978359293,4.443264798805323,0.0,0.0,0.0,0.0,1.0,model4,15.0,True,6303.0
2101,2015-09-21T20:00:00Z,32.0,169.386979802588,439.27698607470086,96.67336801271192,58.38058765438768,11.583698959431365,45.79045073499577,7.768934774740878,4.383286380637993,0.0,0.0,0.0,0.0,1.0,model4,15.0,True,6306.0
2102,2015-09-21T23:00:00Z,32.0,168.59098219925775,438.89480968849364,97.10970120068035,57.31935054804109,11.372596210035214,45.78732905116786,7.864312864523423,4.77824626841762,0.0,0.0,0.0,0.0,1.0,model4,15.0,True,6309.0
2103,2015-09-22T02:00:00Z,32.0,168.95314775101187,443.5008774827971,97.83978292882269,56.393782381674825,11.106775654429876,44.997984780436354,7.084167529258701,5.953471868799733,0.0,0.0,0.0,0.0,1.0,model4,15.0,True,6312.0
2104,2015-09-22T05:00:00Z,32.0,169.02942793086305,438.8994702993343,98.7635163874105,55.59568085459446,11.100184337692404,45.53339208891604,7.819337732488504,6.5614413759583305,0.0,0.0,0.0,0.0,1.0,model4,15.0,True,6315.0
2105,2015-09-22T08:00:00Z,32.0,168.32928248368015,443.3635440836484,98.75157190536257,53.062587143265105,11.054250628417297,45.32178022766996,7.918373822334668,8.321329636692651,0.0,0.0,0.0,0.0,0.0,model4,15.0,False,6318.0
2106,2015-09-22T11:00:00Z,32.0,167.04907275047108,446.9691493738598,99.60947625404819,50.9661922834914,12.53712620498067,44.24700064401532,8.819322327587386,8.820092057777261,0.0,0.0,0.0,0.0,0.0,model4,15.0,False,6321.0
2107,2015-09-22T14:00:00Z,32.0,165.28212576845155,452.059284998798,99.11397893972764,47.785214327181606,13.303446278152787,46.301665030450536,8.845486198543158,9.116791568125588,0.0,0.0,0.0,0.0,0.0,model4,15.0,False,6324.0
2108,2015-09-22T17:00:00Z,32.0,164.79461091861754,452.0962135808245,100.22797326966068,44.91477266192397,12.845309115702946,46.11166750773637,8.84695256002644,7.917174435347505,0.0,0.0,0.0,0.0,0.0,model4,15.0,False,6327.0
2109,2015-09-22T20:00:00Z,32.0,162.75964242033618,444.70309174509583,100.92441599343228,42.72644317336307,11.585254833708222,49.07528692087485,8.712756216780107,6.883896539796628,0.0,0.0,0.0,0.0,0.0,model4,15.0,False,6330.0
2110,2015-09-22T23:00:00Z,32.0,165.15239292536342,439.24975577032995,102.72351665154831,41.40629844527327,16.447746129095886,48.910680866721535,8.131466002825395,6.210607424387487,0.0,0.0,0.0,0.0,0.0,model4,15.0,False,6333.0
2111,2015-09-23T02:00:00Z,32.0,166.06852368830508,436.68928649393615,102.42524457386874,39.8174014926383,17.241467062335413,47.50425072347437,8.10753653475166,5.370621648220463,0.0,0.0,0.0,0.0,0.0,model4,15.0,False,6336.0
2112,2015-09-23T05:00:00Z,32.0,166.02397014054966,435.9690547647982,100.85492730290224,38.75930820230406,15.935025994254065,44.618494881536215,8.821425003416298,4.730253674851668,0.0,0.0,0.0,0.0,0.0,model4,15.0,False,6339.0
2113,2015-09-23T08:00:00Z,32.0,166.12527961717487,438.4309352702192,100.73413437061515,38.743836068530776,16.118042570431168,46.7400584427405,8.683768156338607,4.501719173294234,0.0,0.0,0.0,0.0,0.0,model4,15.0,False,6342.0
2114,2015-09-23T11:00:00Z,32.0,165.333004189407,437.5822509187033,100.79216163927929,38.46799318271025,16.365002256291305,49.081887278138254,9.196401973269518,4.932129601272224,0.0,0.0,0.0,0.0,0.0,model4,15.0,False,6345.0
2115,2015-09-23T14:00:00Z,32.0,167.1733937421955,439.29630086047996,100.47193090150749,39.06339341171485,15.893766711279829,49.923072539200646,9.719417759430632,4.817352233483367,0.0,0.0,0.0,0.0,0.0,model4,15.0,False,6348.0
2116,2015-09-23T17:00:00Z,32.0,166.20899175273252,448.7090784706942,100.01086651286872,39.47925332374258,16.487139035160233,52.4743624853616,9.461681668096322,4.7570115678441365,0.0,0.0,0.0,0.0,0.0,model4,15.0,False,6351.0
2117,2015-09-23T20:00:00Z,32.0,170.29660690328478,453.97244706273534,100.97665787219236,39.850003370425796,18.515602761174684,48.76879965303882,9.560118873825424,5.0208113782423816,0.0,0.0,0.0,0.0,0.0,model4,15.0,False,6354.0
2118,2015-09-23T23:00:00Z,32.0,167.92239522788773,453.7080610519303,100.22159708834023,39.46943166752692,15.193816276236111,49.39931006621688,9.123186254162064,4.864588304111292,0.0,0.0,0.0,0.0,0.0,model4,15.0,False,6357.0
2119,2015-09-24T02:00:00Z,32.0,167.72825311228502,451.87305213786277,100.10779358731793,39.540934349436284,14.634834737741336,47.98982903824975,9.41105485393332,4.736505182025042,0.0,0.0,0.0,0.0,0.0,model4,15.0,False,6360.0
2120,2015-09-24T05:00:00Z,32.0,166.39393492187259,448.16307148660314,104.03957799959205,40.00728429734428,15.266425153610216,50.13227400589366,12.546814988695129,4.684515457409348,0.0,0.0,0.0,0.0,0.0,model4,15.0,False,6363.0
2121,2015-09-24T08:00:00Z,32.0,167.38719451459625,444.6271974424032,106.81959207294236,39.85944575994973,15.486487890980243,48.448729788167505,14.022308850581664,4.690998536862868,0.0,0.0,0.0,0.0,0.0,model4,15.0,False,6366.0
2122,2015-09-24T11:00:00Z,32.0,167.8600320677245,439.1980420977943,109.44202847222851,40.08772213868832,14.72054031653996,49.433438377801416,14.90314279708951,3.8595779479100782,0.0,0.0,0.0,0.0,0.0,model4,15.0,False,6369.0
2123,2015-09-24T14:00:00Z,32.0,169.20278301293556,435.1650675280985,114.06426387685265,39.991160887422254,15.827541383619845,45.76782736564658,14.066186265447586,4.059083976737131,0.0,0.0,0.0,0.0,0.0,model4,15.0,False,6372.0
2124,2015-09-24T17:00:00Z,32.0,170.9997873459951,424.9198782173368,118.91403016232132,40.08671984799785,14.921392782008786,43.63388605438767,15.301366105067833,4.093395780447207,0.0,0.0,0.0,0.0,0.0,model4,15.0,False,6375.0
2125,2015-09-24T20:00:00Z,32.0,167.99599038488728,430.6529430038858,121.01149761023069,40.27148695188999,14.502417468708675,47.650265116143466,14.660830266507233,3.9915012851446097,0.0,0.0,0.0,0.0,0.0,model4,15.0,False,6378.0
2126,2015-09-24T23:00:00Z,32.0,168.45721707107532,434.24452039811234,122.46146775872448,40.021047758739094,16.50290257949785,47.12727694076128,13.411979119904844,4.7943677805661755,0.0,0.0,0.0,0.0,0.0,model4,15.0,False,6381.0
2127,2015-09-25T02:00:00Z,32.0,167.57866154276041,432.89516674425596,125.50733614218271,40.739665022798704,16.309334834663538,48.40438300208697,9.792542554283381,4.859303617082235,0.0,0.0,0.0,0.0,0.0,model4,15.0,False,6384.0
2128,2015-09-25T05:00:00Z,32.0,169.61990708205022,431.6650731023349,125.18604677730283,40.049755172640225,15.825163889860738,59.18518700626298,9.670122330561368,4.867069075314527,0.0,0.0,0.0,0.0,0.0,model4,15.0,False,6387.0
2129,2015-09-25T08:00:00Z,32.0,168.16624636632847,430.49856639238885,125.7971389493935,40.58221659064896,16.20935735032003,59.79586157642726,9.795007959319543,4.7761425412876175,0.0,0.0,0.0,0.0,0.0,model4,15.0,False,6390.0
2130,2015-09-25T11:00:00Z,32.0,170.53418124116254,436.9067319611412,125.89885429799604,39.75702616786091,16.034493925183572,58.57951931800457,10.131445847022304,4.916221373641277,0.0,0.0,0.0,0.0,0.0,model4,15.0,False,6393.0
2131,2015-09-25T14:00:00Z,32.0,168.26444158369395,439.8418977350004,126.39565989632177,40.1948404029429,15.545509950918415,57.70411959664454,10.761969682540867,4.85815941234418,0.0,0.0,0.0,0.0,0.0,model4,15.0,False,6396.0
2132,2015-09-25T17:00:00Z,32.0,167.45318954024626,439.2668206543324,125.34886887090458,39.87958044800472,16.709344883914415,59.57393996630182,9.56205045244119,5.183245097076672,0.0,0.0,0.0,0.0,0.0,model4,15.0,False,6399.0
2133,2015-09-25T20:00:00Z,32.0,166.89624302703183,431.3640711611449,126.30470103327372,39.823194300722896,15.234527747497847,56.299167570491846,9.806343685014967,5.0513376699311605,0.0,0.0,0.0,0.0,0.0,model4,15.0,False,6402.0
2134,2015-09-25T23:00:00Z,32.0,167.30663290786134,434.0370716805589,126.82589422261916,40.121602107119934,13.368350339506552,55.64462470356019,8.745612862506917,4.404983904531499,0.0,0.0,0.0,0.0,0.0,model4,15.0,False,6405.0
2135,2015-09-26T02:00:00Z,32.0,168.23697268711442,438.67476558902007,128.8447546301946,39.26096423806679,13.475671657672393,58.0343434908586,8.595140738072137,4.5810457247760885,0.0,0.0,0.0,0.0,0.0,model4,15.0,False,6408.0
2136,2015-09-26T05:00:00Z,32.0,167.73087999163266,450.08065834096476,127.78651360959766,39.4512749095856,13.43752820252969,48.31220096033449,10.256841298949675,5.019887844404177,0.0,0.0,0.0,0.0,0.0,model4,15.0,False,6411.0
2137,2015-09-26T08:00:00Z,32.0,168.65421052282625,452.4200292939014,122.38818620558115,39.34803901316893,13.181479436647027,53.90032640559169,17.682431101117523,5.156555100226769,0.0,0.0,0.0,0.0,0.0,model4,15.0,False,6414.0
2138,2015-09-26T11:00:00Z,32.0,168.21034906769782,449.54851298840265,118.90401820659677,40.18730878462475,11.908044464451963,57.80437256006357,19.123332932594124,5.087526252672211,0.0,0.0,0.0,0.0,0.0,model4,15.0,False,6417.0
2139,2015-09-26T14:00:00Z,32.0,170.25979404908458,447.5318531709069,114.73703948882195,39.868735595194046,11.713743497019285,57.903206187107,19.49405062137236,4.933863459757451,0.0,0.0,0.0,0.0,0.0,model4,15.0,False,6420.0
2140,2015-09-26T17:00:00Z,32.0,172.4425265257367,452.4434257372391,110.89142405822771,39.48374321485704,10.276348890561042,53.40165008630347,19.01906036688421,4.806711671712102,0.0,0.0,0.0,0.0,0.0,model4,15.0,False,6423.0
2141,2015-09-26T20:00:00Z,32.0,172.5377943193711,458.86342251218946,106.83985479890931,39.02598194336858,10.17129674605845,51.26779154359075,17.823169761240496,4.822984565636767,0.0,0.0,0.0,0.0,0.0,model4,15.0,False,6426.0
2142,2015-09-26T23:00:00Z,32.0,171.17950353249347,457.855748798874,104.61509470596529,39.74815975967193,13.375757223963037,59.55569079680337,17.524965971437844,4.952666275102387,0.0,0.0,0.0,0.0,0.0,model4,15.0,False,6429.0
2143,2015-09-27T02:00:00Z,32.0,172.4858553398542,454.98400543245066,99.71493084157488,40.686143480788004,14.670683441779973,58.905491233928736,12.486308085000315,4.748488336890825,0.0,0.0,0.0,0.0,0.0,model4,15.0,False,6432.0
2144,2015-09-27T05:00:00Z,32.0,173.3970252804825,451.8981481604562,97.12450010055485,40.99864090024918,14.554662920343235,56.91592611163083,10.167824418491046,4.109468690296883,0.0,0.0,0.0,0.0,0.0,model4,15.0,False,6435.0
2145,2015-09-27T08:00:00Z,32.0,175.1625922281566,454.8265507591716,100.7614441316105,41.07681018154381,16.202312323383744,51.57541770830151,10.639692677083119,3.8379097770195374,0.0,0.0,0.0,0.0,0.0,model4,15.0,False,6438.0
2146,2015-09-27T11:00:00Z,32.0,175.16389084221962,456.82343212511205,99.60158930323158,40.99294293363735,16.395166144403756,51.529428270308415,11.091443784930444,3.8132245335943233,0.0,0.0,0.0,0.0,0.0,model4,15.0,False,6441.0
2147,2015-09-27T14:00:00Z,32.0,174.53710631819197,458.01385312863715,100.4018702869597,40.65426668481352,16.736863471616786,51.150442660716784,11.406128285323865,3.8947482502823663,0.0,0.0,0.0,0.0,0.0,model4,15.0,False,6444.0
2148,2015-09-27T17:00:00Z,32.0,172.55470761661468,457.5837864861508,99.6566389285164,41.116007522204534,17.106981170433492,48.33103702464169,11.512026956260593,4.161768225558234,0.0,0.0,0.0,0.0,0.0,model4,15.0,False,6447.0
2149,2015-09-27T20:00:00Z,32.0,172.25474438605278,455.61708080400354,100.3230021635415,40.72497868708227,17.365286010335304,51.0138136610633,12.355841251844065,4.7756989250719695,0.0,0.0,0.0,0.0,0.0,model4,15.0,False,6450.0
2150,2015-09-27T23:00:00Z,32.0,173.97979805764163,452.56334846606336,99.8701367075763,40.571575261305156,14.911547546842515,42.1131860484204,12.047656325696346,4.8478841755526085,0.0,0.0,0.0,0.0,0.0,model4,15.0,False,6453.0
2151,2015-09-28T02:00:00Z,32.0,171.08990853093098,452.06481155561,101.5980590333626,40.180027770156826,14.638719581717696,41.0202907853967,12.33018597526994,5.1755651452861855,0.0,0.0,0.0,0.0,0.0,model4,15.0,False,6456.0
2152,2015-09-28T05:00:00Z,32.0,169.29336703107913,449.1183948020614,101.6262996848218,39.616586437253325,14.376368840986796,40.80259432921449,12.154233526704813,6.008723334389062,0.0,0.0,0.0,0.0,0.0,model4,15.0,False,6459.0
2153,2015-09-28T08:00:00Z,32.0,166.34710080679267,442.50290710647727,101.02727223080682,39.18139959033915,12.88944143712291,47.58306237703164,11.438051805344456,6.2068366319280495,0.0,0.0,0.0,0.0,0.0,model4,15.0,False,6462.0
2154,2015-09-28T11:00:00Z,32.0,167.50245995677318,441.9072328894149,101.50885024393064,39.13497614355185,14.075831274733606,48.91911395820773,10.870745422904706,6.125421096785336,0.0,0.0,0.0,0.0,0.0,model4,15.0,False,6465.0
2155,2015-09-28T14:00:00Z,32.0,167.5617860500761,443.0083358972179,99.55083974553476,39.2098142952575,13.653524321359177,50.64566169649833,11.201458964379055,6.083118503804874,0.0,0.0,0.0,0.0,0.0,model4,15.0,False,6468.0
2156,2015-09-28T17:00:00Z,32.0,169.33203480219046,445.43190561328856,100.47711779280942,39.1115983839115,13.424119300885849,51.812568318724864,11.068503937193382,5.759922888971722,0.0,0.0,0.0,0.0,0.0,model4,15.0,False,6471.0
2157,2015-09-28T20:00:00Z,32.0,169.78241033736188,450.5216651095018,99.74028312710584,39.42057459299237,15.44449434071178,53.11523398967054,10.007134170286744,5.4810491936563634,0.0,0.0,0.0,0.0,0.0,model4,15.0,False,6474.0
2158,2015-09-28T23:00:00Z,32.0,167.0593028751918,453.0037037964592,99.83299046209886,38.93927886308902,17.260256807774514,52.484106035654,10.256022515123393,5.249946114079009,0.0,0.0,0.0,0.0,0.0,model4,15.0,False,6477.0
2159,2015-09-29T02:00:00Z,32.0,167.78562008007387,452.7562417985442,98.92776133811972,38.48705752882511,16.794435795560524,52.618426605508155,9.93565550079655,5.129724623484949,0.0,0.0,0.0,0.0,0.0,model4,15.0,False,6480.0
2160,2015-09-29T05:00:00Z,32.0,169.4261014959377,460.1312932625161,98.90063878225588,38.52527818551969,17.169455044423316,55.72823208713296,10.049228256661427,4.26337198236107,0.0,0.0,0.0,0.0,0.0,model4,15.0,False,6483.0
2161,2015-09-29T08:00:00Z,32.0,168.96136085767915,464.8454307285288,97.15751595575995,38.623078197136,16.02346479268633,49.58279168687804,8.850579992693437,4.021116789203002,0.0,0.0,0.0,0.0,0.0,model4,15.0,False,6486.0
2162,2015-09-29T11:00:00Z,32.0,167.83038135493632,463.68164190333084,98.14941123179052,38.07319843640259,14.956165452554009,43.28938694702822,9.492237789153076,4.1686131753991695,0.0,0.0,0.0,0.0,0.0,model4,15.0,False,6489.0
2163,2015-09-29T14:00:00Z,32.0,166.69172791936316,460.50595712105036,99.25632998637172,38.73172427454266,15.285027533712276,51.15753800284213,8.53382755728512,4.677609079456318,0.0,0.0,0.0,0.0,0.0,model4,15.0,False,6492.0
2164,2015-09-29T17:00:00Z,32.0,164.97464557589157,461.1790943771209,99.18596711824974,39.12841766907711,15.00855751958504,53.56342466880211,9.036274835899127,4.690269600460134,0.0,0.0,0.0,0.0,0.0,model4,15.0,False,6495.0
2165,2015-09-29T20:00:00Z,32.0,165.019179931652,456.846961996501,99.92221280902649,39.746157771118,12.104888997589637,50.3536676820052,9.436153695282616,4.977825096675954,0.0,0.0,0.0,0.0,0.0,model4,15.0,False,6498.0
2166,2015-09-29T23:00:00Z,32.0,168.57206762301476,459.95416632224806,100.2222004750234,40.5315743258089,10.668740698305935,50.09157621330986,10.202754097251928,5.319440646906717,0.0,0.0,0.0,0.0,0.0,model4,15.0,False,6501.0
2167,2015-09-30T02:00:00Z,32.0,168.59867329566853,458.3770946260322,99.0289468553715,41.19149981420513,12.875639987657747,49.7110848310974,10.185877966528713,5.728053272534341,0.0,0.0,0.0,0.0,0.0,model4,15.0,False,6504.0
2168,2015-09-30T05:00:00Z,32.0,167.68476356221126,451.1096569995366,99.62505286165876,41.487582657697786,13.238513240076037,48.518259801927385,10.715350842532578,5.525741684643845,0.0,0.0,0.0,0.0,0.0,model4,15.0,False,6507.0
2169,2015-09-30T08:00:00Z,32.0,166.43022186006002,446.72994598199034,100.72373057851657,41.27508383003932,15.489564499497561,46.1017015779805,11.16231610980608,5.587128416903927,0.0,0.0,0.0,0.0,0.0,model4,15.0,False,6510.0
2170,2015-09-30T11:00:00Z,32.0,166.39507326326716,439.5005295700757,100.94511404095249,41.77677985142883,15.48316689435741,48.66154770939926,11.216967864894082,5.169059472563579,0.0,0.0,0.0,0.0,0.0,model4,15.0,False,6513.0
2171,2015-09-30T14:00:00Z,32.0,167.7942571337828,442.0536132994062,101.27053038368237,41.04983370954349,16.62999663688711,40.00281873209565,11.102691269614002,5.210977941695034,0.0,0.0,0.0,0.0,0.0,model4,15.0,False,6516.0
2172,2015-09-30T17:00:00Z,32.0,167.54060959774682,438.0894480844613,99.55519196463888,41.07014742448393,17.2773926448835,34.527516996351906,11.901893405452444,5.301955055910928,0.0,0.0,0.0,0.0,0.0,model4,15.0,False,6519.0
2173,2015-09-30T20:00:00Z,32.0,166.8792506580779,436.70149011042463,98.65370883910458,41.34342102436303,17.919739907368086,38.98498483189943,11.25418414012907,5.294408995792487,0.0,0.0,0.0,0.0,0.0,model4,15.0,False,6522.0
2174,2015-09-30T23:00:00Z,32.0,165.19807797748155,435.0225600794622,98.79685371076931,40.73807727530835,17.58980451962567,38.87038450847947,10.723693063237485,4.930380021959474,0.0,0.0,0.0,0.0,0.0,model4,15.0,False,6525.0
2175,2015-10-01T02:00:00Z,32.0,164.9845014440141,436.69251311769136,100.47831850987585,40.70151982918127,16.45753795210919,40.60449198419735,10.527130804797418,4.860492928857809,0.0,0.0,0.0,0.0,0.0,model4,15.0,False,6528.0
2176,2015-10-01T05:00:00Z,32.0,164.1661930913866,433.30824246495115,99.64609713460793,40.6835348381556,16.199390431981186,38.28852064101352,10.11748102343344,4.96762907332933,0.0,0.0,0.0,0.0,0.0,model4,15.0,False,6531.0
2177,2015-10-01T08:00:00Z,32.0,167.1815295512863,437.2420586190888,99.042284008008,40.38949903484637,15.494475081088224,40.92375096248863,10.317316457550133,5.786893359656366,0.0,0.0,0.0,0.0,0.0,model4,15.0,False,6534.0
2178,2015-10-01T11:00:00Z,32.0,166.06781647090028,449.30307147692,98.95642178331829,39.63232679255122,15.834407993416805,42.845445064334974,10.35793987983147,6.067347012220763,0.0,0.0,0.0,0.0,0.0,model4,15.0,False,6537.0
2179,2015-10-01T14:00:00Z,32.0,166.14104512470234,457.84214853547735,100.06609574409416,39.88337185735333,17.918925933719105,59.29183800084896,10.915412658777662,6.071979187638334,0.0,0.0,0.0,0.0,0.0,model4,15.0,False,6540.0
2180,2015-10-01T17:00:00Z,32.0,166.7273977343145,459.0058922704119,101.93093625108112,39.02863789876565,17.464236983982044,58.41855028721357,9.922906647596225,5.984204441534544,0.0,0.0,0.0,0.0,0.0,model4,15.0,False,6543.0
2181,2015-10-01T20:00:00Z,32.0,168.60213450843816,456.4106849777957,100.44664502979693,38.74622196043293,18.65713391934865,56.962936044388215,11.264683605488491,5.6176847270920405,0.0,0.0,0.0,0.0,0.0,model4,15.0,False,6546.0
2182,2015-10-01T23:00:00Z,32.0,168.5130578876841,459.1341429927708,100.34832907991577,38.60014597510653,18.58721719569507,58.44830129719586,10.937932290548897,5.587849134493885,0.0,0.0,0.0,0.0,0.0,model4,15.0,False,6549.0
2183,2015-10-02T02:00:00Z,32.0,169.6930829411449,457.8842339403302,99.70665408863972,39.05915469633297,18.71572910249548,58.05083448380889,10.424190373190866,5.087859805681744,0.0,0.0,0.0,0.0,0.0,model4,15.0,False,6552.0
2184,2015-10-02T05:00:00Z,32.0,169.4992523414396,459.2490770791099,99.09276286284576,39.3258278512776,18.409019792439214,56.9459211860836,11.14570148883598,5.393547002247387,0.0,0.0,0.0,0.0,0.0,model4,15.0,False,6555.0
2185,2015-10-02T08:00:00Z,32.0,168.14947525994586,465.2096988702444,99.74888453842337,39.89559520725793,17.40590736111394,57.26634507153408,10.992976569541582,4.665776059820356,0.0,0.0,0.0,0.0,0.0,model4,15.0,False,6558.0
2186,2015-10-02T11:00:00Z,32.0,170.25368650167894,464.6521441146599,99.41820888903692,40.40444417295825,17.576126323096027,54.915195267017616,10.186957445641458,4.320028753740371,0.0,0.0,0.0,0.0,0.0,model4,15.0,False,6561.0
2187,2015-10-02T14:00:00Z,32.0,169.385625226439,458.4768390247573,97.84994110335676,40.17054090058159,13.793476333023312,38.588423500840726,9.148886736926825,4.2442347057182985,0.0,0.0,0.0,0.0,0.0,model4,15.0,False,6564.0
2188,2015-10-02T17:00:00Z,32.0,171.2032090479537,466.12089027941283,97.0326298665274,40.688197648164746,14.50648149885316,38.51800116463053,9.80254270761979,4.509548750585225,0.0,0.0,0.0,0.0,0.0,model4,15.0,False,6567.0
2189,2015-10-02T20:00:00Z,32.0,171.49975151503045,473.7919143877694,98.5759989853772,40.58904419273065,13.949608440135426,35.10409261564446,9.31423838414462,5.167109832530827,0.0,0.0,0.0,0.0,0.0,model4,15.0,False,6570.0
2190,2015-10-02T23:00:00Z,32.0,170.62627443041958,464.49689249693733,98.22993354494768,39.973268753560646,13.800547535861607,42.43336651255047,9.367589123792966,6.000388573529666,0.0,0.0,0.0,0.0,0.0,model4,15.0,False,6573.0
2191,2015-10-03T02:00:00Z,32.0,170.1006519023347,468.84185997100684,96.85006668530822,39.37204952250479,14.741233516804545,41.01734051350002,9.316924063730502,5.697310926324768,0.0,0.0,0.0,0.0,0.0,model4,15.0,False,6576.0
2192,2015-10-03T05:00:00Z,32.0,173.48510287600868,473.08471063048285,99.74209995671455,39.31477362947104,15.341819717895305,37.74819482044109,10.084199033442811,5.509115817530921,0.0,0.0,0.0,0.0,0.0,model4,15.0,False,6579.0
2193,2015-10-03T08:00:00Z,32.0,175.14198019001284,467.182766725327,98.95524577993693,39.52843832524322,15.083200881474696,35.76868738082544,9.980983420358797,5.601122678486623,0.0,0.0,0.0,0.0,0.0,model4,15.0,False,6582.0
2194,2015-10-03T11:00:00Z,32.0,172.56456276850213,460.5814517472633,98.08893781201948,39.8248274241165,16.348193251152036,41.871680277016466,10.706733606652156,5.595001959890089,0.0,0.0,0.0,0.0,0.0,model4,15.0,False,6585.0
2195,2015-10-03T14:00:00Z,32.0,171.38441950771463,459.6680392715476,99.20981919164605,40.40417479880404,16.99989381020648,41.77784133473525,11.244767625626688,6.163412242051778,0.0,0.0,0.0,0.0,0.0,model4,15.0,False,6588.0
2196,2015-10-03T17:00:00Z,32.0,170.90901017970475,449.96210277048544,100.436333081357,40.33243477293404,16.72644042865589,42.69348731012415,10.192351062014527,5.779675219816912,0.0,0.0,0.0,0.0,0.0,model4,15.0,False,6591.0
2197,2015-10-03T20:00:00Z,32.0,170.49047578044562,443.58960839793923,100.91662617165414,40.149024774532826,15.192384713208476,40.491604197916594,9.94755209510144,5.1018313662104635,0.0,0.0,0.0,0.0,0.0,model4,15.0,False,6594.0
2198,2015-10-03T23:00:00Z,32.0,170.2106441211539,451.65662751698494,101.68912940843212,40.92716365846262,15.738904478847244,37.786081988035896,9.76652891812888,4.169469146467565,0.0,0.0,0.0,0.0,0.0,model4,15.0,False,6597.0
2199,2015-10-04T02:00:00Z,32.0,172.11274984489293,442.4060298269071,102.14209275099579,40.7001533870547,16.003075843785982,44.21539525816065,9.095984221322436,4.3739679591002325,0.0,0.0,0.0,0.0,0.0,model4,15.0,False,6600.0
2200,2015-10-04T05:00:00Z,32.0,169.1799903409546,444.65320210891184,99.92576327848414,40.20260420443665,16.450402080846818,46.216647107107455,9.108959052432494,4.617193509170175,0.0,0.0,0.0,0.0,0.0,model4,15.0,False,6603.0
2201,2015-10-04T08:00:00Z,32.0,167.46243399716042,437.6265549449112,99.89688940264544,39.98651641687832,17.115418105204135,54.03969658376072,8.466088701628966,4.449933060569332,0.0,0.0,0.0,0.0,0.0,model4,15.0,False,6606.0
2202,2015-10-04T11:00:00Z,32.0,166.7256345260059,442.58866892119806,99.54972366889379,39.77222055979377,17.581845937927348,54.73497084039366,8.232576031490115,4.494081300527029,0.0,0.0,0.0,0.0,0.0,model4,15.0,False,6609.0
2203,2015-10-04T14:00:00Z,32.0,168.01118444902323,440.3582284422518,98.6732833176452,39.68907297559379,17.475273778080293,55.23073363752211,8.14023150621738,4.003932830056296,0.0,0.0,0.0,0.0,0.0,model4,15.0,False,6612.0
2204,2015-10-04T17:00:00Z,32.0,167.13779743889498,447.3342758989843,98.73660667403091,39.577739765458006,16.47581987598333,57.678075592837494,8.478472408757089,4.143946218214543,0.0,0.0,0.0,0.0,0.0,model4,15.0,False,6615.0
2205,2015-10-04T20:00:00Z,32.0,166.17489837155145,447.1632386413276,97.00376963084669,39.6357386449819,16.31889053966546,57.10953610341475,9.306905221526646,4.139904572894505,0.0,0.0,0.0,0.0,0.0,model4,15.0,False,6618.0
2206,2015-10-04T23:00:00Z,32.0,167.37472934726705,446.7004341849704,96.01632656927595,39.89076726953222,15.612703396303296,57.59732476004732,8.886611874665125,4.220849336229946,0.0,0.0,0.0,0.0,0.0,model4,15.0,False,6621.0
2207,2015-10-05T02:00:00Z,32.0,166.1329716732744,456.9068868792324,95.89857802518887,39.8213279578256,13.934543724420418,54.38783116084043,9.124591892890095,3.9620216573816855,0.0,0.0,0.0,0.0,0.0,model4,15.0,False,6624.0
2208,2015-10-05T05:00:00Z,32.0,165.82973675825986,447.6754501671682,96.31480870882591,39.779646134516256,12.377754175444087,59.76820493995135,9.102958457204208,4.25667756538927,0.0,0.0,0.0,0.0,0.0,model4,15.0,False,6627.0
2209,2015-10-05T08:00:00Z,32.0,166.43761360370934,457.5725010136956,97.99572308348024,39.363369654911146,11.27277222179486,52.8173793598797,10.715796596150257,4.741600015256385,0.0,0.0,0.0,0.0,0.0,model4,15.0,False,6630.0
2210,2015-10-05T11:00:00Z,32.0,169.49187617182466,454.6441436168871,99.02986757915615,39.230732077104726,9.53536267082622,51.03733253495883,10.28716769026205,4.937574152818836,0.0,0.0,0.0,0.0,0.0,model4,15.0,False,6633.0
2211,2015-10-05T14:00:00Z,32.0,169.85927870912863,455.85838784691015,98.69341705818306,38.305311164115246,10.637187599593993,53.48250282665865,9.867820329217317,4.938075394104126,0.0,0.0,0.0,0.0,0.0,model4,15.0,False,6636.0
2212,2015-10-05T17:00:00Z,32.0,170.37410094812446,454.93023298370514,98.16087996196724,38.31094281238281,12.134061360772215,52.1817837220884,9.986717015694367,4.846712872416084,0.0,0.0,0.0,0.0,0.0,model4,15.0,False,6639.0
2213,2015-10-05T20:00:00Z,32.0,171.5086653306159,461.1147556157332,100.29535531836667,37.91674996458145,12.655209573279546,53.31807068423964,8.774387585186389,4.9317913789865475,0.0,0.0,0.0,0.0,0.0,model4,15.0,False,6642.0
2214,2015-10-05T23:00:00Z,32.0,172.7486662109171,455.7314185615418,101.45303663578116,38.165916990737635,12.666975296467994,52.62923181654502,9.359587818075047,5.109637971381867,0.0,0.0,0.0,0.0,0.0,model4,15.0,False,6645.0
2215,2015-10-06T02:00:00Z,32.0,172.21991671150033,457.3480911668451,101.74058398015741,38.427213757241006,12.763772212352656,52.43263637732972,9.605968631561897,5.208120754519992,0.0,0.0,0.0,0.0,0.0,model4,15.0,False,6648.0
2216,2015-10-06T05:00:00Z,32.0,173.16027346225758,467.832223880378,101.5924111311013,38.492857794479114,12.034685959885993,44.175611416444816,9.167003064810617,5.012648720012337,0.0,0.0,0.0,0.0,0.0,model4,15.0,False,6651.0
2217,2015-10-06T08:00:00Z,32.0,171.92986984652745,458.0668977709069,100.73910854408014,39.16461534801859,12.775923944760256,49.299561880366326,9.75320139610327,4.851781477493633,0.0,0.0,0.0,0.0,0.0,model4,15.0,False,6654.0
2218,2015-10-06T11:00:00Z,32.0,172.1468251843559,462.1430718099805,101.41217701741941,39.74549053545522,14.666497311760368,50.29485682511582,9.766891630256577,4.659736058030624,0.0,0.0,0.0,0.0,0.0,model4,15.0,False,6657.0
2219,2015-10-06T14:00:00Z,32.0,172.45366929605967,460.69664384743515,101.48543420522243,39.831865266060355,14.303601245082396,47.692420228584155,10.519000379251152,4.403165381927379,0.0,0.0,0.0,0.0,0.0,model4,15.0,False,6660.0
2220,2015-10-06T17:00:00Z,32.0,171.53319533772063,447.8955210774338,100.63072923607227,40.36316927819307,13.827279422682194,59.63561029703726,10.427580615354014,4.617560179550769,0.0,0.0,0.0,0.0,0.0,model4,15.0,False,6663.0
2221,2015-10-06T20:00:00Z,32.0,171.80033085886024,454.1934478175448,99.1990133613649,39.56748241330957,13.847918440243756,67.41039581113628,10.617319390666145,5.357897552210279,0.0,0.0,0.0,0.0,0.0,model4,15.0,False,6666.0
2222,2015-10-06T23:00:00Z,32.0,169.30650618992382,459.21525703585456,99.0093619008658,39.09887465527651,15.218579262979302,65.93826274990836,10.439926731511108,5.6614079936914905,0.0,0.0,0.0,0.0,0.0,model4,15.0,False,6669.0
2223,2015-10-07T02:00:00Z,32.0,169.76720015121325,451.7768185793648,98.99730205582092,39.393732803826495,14.931161819199607,66.51687378716194,9.932455844418412,5.6836150014080715,0.0,0.0,0.0,0.0,0.0,model4,15.0,False,6672.0
2224,2015-10-07T05:00:00Z,32.0,169.21658283877963,445.7651566658576,99.10905823481234,40.391038141374935,17.38710319819094,65.55658236416879,9.597219898538851,5.747497929216727,0.0,0.0,0.0,0.0,0.0,model4,15.0,False,6675.0
2225,2015-10-07T08:00:00Z,32.0,171.28094404033513,450.1169123180642,98.02584534880728,39.365744015668284,16.765418461165563,62.55053800857479,8.975179591969363,5.939597954366772,0.0,0.0,0.0,0.0,0.0,model4,15.0,False,6678.0
2226,2015-10-07T11:00:00Z,32.0,172.12965624889335,440.5915997853825,97.57100666132708,39.06504275044775,15.679142346447835,61.195949504295356,9.591305962316016,5.783287927187388,0.0,0.0,0.0,0.0,0.0,model4,15.0,False,6681.0
2227,2015-10-07T14:00:00Z,32.0,171.20042965110702,445.6035900502318,97.50786720193285,39.49564565432145,16.26981034450469,62.96901495391324,8.789599317421354,5.730881924956888,0.0,1.0,0.0,0.0,0.0,model4,15.0,False,6684.0
2228,2015-10-07T17:00:00Z,32.0,172.80405612765372,460.61870327097876,100.07706463010278,39.03933728450358,16.122540747181198,51.649247582774976,12.63463756965674,5.496762524891476,0.0,1.0,0.0,0.0,0.0,model4,15.0,False,6687.0
2229,2015-10-07T20:00:00Z,32.0,172.63403458613254,443.6298315231176,102.95433035516486,39.94485236951889,16.738321295388253,46.21089947883333,13.67236777275914,5.045323648369043,0.0,1.0,0.0,0.0,0.0,model4,15.0,False,6690.0
2230,2015-10-07T23:00:00Z,32.0,174.79356568443595,438.4665470313875,105.59736946253634,39.96820162392,15.543016537803712,47.086943005221656,15.341308944973399,4.650120876401647,0.0,1.0,0.0,0.0,0.0,model4,15.0,False,6693.0
2231,2015-10-08T02:00:00Z,32.0,175.04500707944717,437.73359093279157,108.98460202493557,39.79047192907893,15.864818063725336,44.238106070965074,16.727834189878788,4.6312924491642855,0.0,1.0,0.0,0.0,0.0,model4,15.0,False,6696.0
2232,2015-10-08T05:00:00Z,32.0,173.788635360263,439.8882538443305,112.75791972879252,38.50749895468631,16.12423149206379,47.221552360437144,17.681535050267296,4.359859778142238,0.0,1.0,0.0,0.0,0.0,model4,15.0,False,6699.0
2233,2015-10-08T08:00:00Z,32.0,175.64355852447392,439.0562352127577,115.74688754288168,39.40679837645786,18.5847182870708,57.03558353298247,16.578714081737637,3.9570652566951536,0.0,1.0,0.0,0.0,0.0,model4,15.0,False,6702.0
2234,2015-10-08T11:00:00Z,32.0,174.04938789142616,445.40929720235465,119.39425612139149,39.661859736427324,19.114466418352013,64.49925767679153,15.479740094215336,4.483663577743643,0.0,1.0,0.0,0.0,0.0,model4,15.0,False,6705.0
2235,2015-10-08T14:00:00Z,32.0,173.51750266814494,443.20846215704887,124.2851600405938,39.76538478162878,19.029126167227727,64.26582285673896,13.75022309824288,4.344426974606403,0.0,0.0,0.0,0.0,0.0,model4,15.0,False,6708.0
2236,2015-10-08T17:00:00Z,32.0,174.61443479961758,440.72908355930184,125.21793215082444,39.670577827445825,20.330951088793505,62.77366385110467,11.084999129172386,4.303888366418072,0.0,0.0,0.0,0.0,0.0,model4,15.0,False,6711.0
2237,2015-10-08T20:00:00Z,32.0,174.35180865244834,457.01364412228963,126.49155356236916,40.38428594601635,19.46812304799369,65.96991779572369,10.20886538215508,4.349916697231037,0.0,0.0,0.0,0.0,0.0,model4,15.0,False,6714.0
2238,2015-10-08T23:00:00Z,32.0,173.8760176138467,459.6402711869,126.07746326824005,39.896601010532116,20.40887478138707,64.45361932737964,11.80874628770226,4.141486022403809,0.0,0.0,0.0,0.0,0.0,model4,15.0,False,6717.0
2239,2015-10-09T02:00:00Z,32.0,174.0327870854156,470.37253407172614,126.51249418083118,39.840113172653325,20.942933816263693,65.22038969822367,11.470528426202142,4.359955627088073,0.0,0.0,0.0,0.0,0.0,model4,15.0,False,6720.0
2240,2015-10-09T05:00:00Z,32.0,175.9473958535361,470.58861387168486,126.4027671354482,40.58006200244602,18.40193375871035,63.12963482077422,10.387776411831213,3.8176892230268025,0.0,0.0,0.0,0.0,0.0,model4,15.0,False,6723.0
2241,2015-10-09T08:00:00Z,32.0,173.62080953784263,476.5535886066281,127.62431211308956,40.88765735334773,16.009340989587447,54.764257459185544,10.935752433729824,4.0592593924598415,0.0,0.0,0.0,0.0,0.0,model4,15.0,False,6726.0
2242,2015-10-09T11:00:00Z,32.0,175.2825146905072,481.78833600845803,127.86060123419077,40.36269557184172,15.939068993437347,44.1306273617153,10.961142924851167,4.129751902186698,0.0,0.0,0.0,0.0,0.0,model4,15.0,False,6729.0
2243,2015-10-09T14:00:00Z,32.0,176.71683700985167,479.123882015,126.54452732207615,40.33618545480103,15.594320860663455,45.20802696230784,10.496100541365696,4.233140337378079,0.0,0.0,0.0,0.0,0.0,model4,15.0,False,6732.0
2244,2015-10-09T17:00:00Z,32.0,174.8965366413564,477.6156619486172,126.78552808464069,40.6440007184433,14.626486862204112,48.85262973729664,11.773893658946836,4.207086798980593,0.0,0.0,0.0,0.0,0.0,model4,15.0,False,6735.0
2245,2015-10-09T20:00:00Z,32.0,173.26621290566987,471.1738976823225,123.43120907765804,40.264342969490315,15.76084461855842,42.06809204343831,15.159817911845126,3.8592459517530764,0.0,0.0,0.0,0.0,0.0,model4,15.0,False,6738.0
2246,2015-10-09T23:00:00Z,32.0,174.56423574584275,477.2465221287042,121.13587962940912,40.893977227376546,14.580009284466913,40.62031984655484,16.160099110562047,3.6943725736651847,0.0,0.0,0.0,0.0,0.0,model4,15.0,False,6741.0
2247,2015-10-10T02:00:00Z,32.0,173.06814162209182,469.71624153943117,117.69288924995192,40.61613230415079,13.606511595897059,38.93243544446551,17.34013642689355,3.594025386246074,0.0,0.0,0.0,0.0,0.0,model4,15.0,False,6744.0
2248,2015-10-10T05:00:00Z,32.0,171.41109291796855,472.17283475581183,114.59409716261206,40.814764515090104,14.462920740459294,41.63639925332379,17.78268641765131,3.699215610164808,0.0,0.0,0.0,0.0,0.0,model4,15.0,False,6747.0
2249,2015-10-10T08:00:00Z,32.0,172.11616317953334,466.5305335192021,111.15138066489041,39.61746698462253,15.187571315270093,40.6601388134306,15.931541931728413,4.492531263590999,0.0,0.0,0.0,0.0,0.0,model4,15.0,False,6750.0
2250,2015-10-10T11:00:00Z,32.0,170.08364157743182,461.16692587766624,107.2166604596627,40.058708078057826,14.163464170966225,38.06071695974781,14.162160793934436,4.394176543510048,0.0,0.0,0.0,0.0,0.0,model4,15.0,False,6753.0
2251,2015-10-10T14:00:00Z,32.0,169.7619062074258,466.42028264793146,104.81012401383491,40.11165203285064,12.827356460172787,36.78072843112187,12.55943071211146,4.4475535156293935,0.0,0.0,0.0,0.0,0.0,model4,15.0,False,6756.0
2252,2015-10-10T17:00:00Z,32.0,168.36788549770154,463.2110596893836,101.5214532488853,40.491551426475475,12.131691947627552,39.55307030851007,8.381537917477722,4.564468185930453,0.0,0.0,0.0,0.0,0.0,model4,15.0,False,6759.0
2253,2015-10-10T20:00:00Z,32.0,170.90882907644558,453.22169273926363,102.16299790195156,40.70927049920733,12.218578141151216,44.57464910689749,7.907618828766125,4.6114046202114185,0.0,0.0,0.0,0.0,0.0,model4,15.0,False,6762.0
2254,2015-10-10T23:00:00Z,32.0,167.96949928365444,447.7129806314484,101.83340323024557,40.21213600887536,11.619424796136544,44.12596452208249,8.89597813371336,4.7365906868387135,0.0,0.0,0.0,0.0,0.0,model4,15.0,False,6765.0
2255,2015-10-11T02:00:00Z,32.0,168.613882498557,445.4676369003837,102.09917124600376,41.02881516089409,13.478083142098054,46.36674837134152,8.889410327863207,4.8997844515657185,0.0,0.0,0.0,0.0,0.0,model4,15.0,False,6768.0
2256,2015-10-11T05:00:00Z,32.0,169.5929297888471,439.0427633801697,103.02332943670498,40.438175031385505,14.644154074411723,42.113022489822114,9.561588621726873,5.14686141113302,0.0,0.0,0.0,0.0,0.0,model4,15.0,False,6771.0
2257,2015-10-11T08:00:00Z,32.0,169.45257627211427,443.9574944076369,103.10110435849258,41.18405585879915,14.162801964475074,43.21529232756743,10.201850826787645,4.411527717515837,0.0,0.0,0.0,0.0,0.0,model4,15.0,False,6774.0
2258,2015-10-11T11:00:00Z,32.0,169.44842258386512,440.9380205198002,103.90222427655605,41.53267455754564,14.235465566158862,44.37036475878688,11.094235813904355,4.654887345259543,0.0,0.0,0.0,0.0,0.0,model4,15.0,False,6777.0
2259,2015-10-11T14:00:00Z,32.0,168.69425544307725,437.7866459714258,104.63697834595543,41.383889885415506,14.670926173091248,41.3144778742906,11.36546980226718,4.655402691110075,0.0,0.0,0.0,0.0,0.0,model4,15.0,False,6780.0
2260,2015-10-11T17:00:00Z,32.0,172.0061085082587,437.4064095479371,105.65488181191786,40.501950836816064,15.740664643140635,42.249267479792046,11.265193430073571,5.067876566652222,0.0,0.0,0.0,0.0,0.0,model4,15.0,False,6783.0
2261,2015-10-11T20:00:00Z,32.0,170.625500049304,451.29720766724273,105.18767116817524,40.20191230173287,17.499075259351088,51.96840404897,11.310333958130192,5.589668928009501,0.0,0.0,0.0,0.0,0.0,model4,15.0,False,6786.0
2262,2015-10-11T23:00:00Z,32.0,172.90400523727266,451.4433697382167,104.21035707910809,40.3263428249894,18.48459781787828,50.880547431053394,10.420272782697326,5.527142485032172,0.0,0.0,0.0,0.0,0.0,model4,15.0,False,6789.0
2263,2015-10-12T02:00:00Z,32.0,173.1924984897631,454.5065768496017,103.93212233565923,40.14226422960999,17.30236926332088,52.631184805835886,10.896189278306544,5.932850696037183,0.0,0.0,0.0,0.0,0.0,model4,15.0,False,6792.0
2264,2015-10-12T05:00:00Z,32.0,174.16717509862346,455.13031225510116,102.03487406766479,40.4660368391743,16.605597804010813,51.608788771829346,10.77094075418798,5.871669377167777,0.0,0.0,0.0,0.0,0.0,model4,15.0,False,6795.0
2265,2015-10-12T08:00:00Z,32.0,172.90682096037997,452.78637849092524,102.83188630572872,40.609243415734355,16.404110770534288,50.74953446768402,10.506068044378905,6.2237111673022545,0.0,0.0,0.0,0.0,0.0,model4,15.0,False,6798.0
2266,2015-10-12T11:00:00Z,32.0,171.6866532488629,450.5396698933554,103.85785254012728,40.17585320695065,17.244349124085048,53.08250673678246,10.713089318133267,6.004855911665849,0.0,0.0,0.0,0.0,0.0,model4,15.0,False,6801.0
2267,2015-10-12T14:00:00Z,32.0,172.17518161575654,454.2368170532765,102.73815489975223,39.90997909752691,17.034502964230256,56.767243930333386,10.288649461571508,6.185904194531213,0.0,0.0,0.0,0.0,0.0,model4,15.0,False,6804.0
2268,2015-10-12T17:00:00Z,32.0,167.62262998130433,457.6081467293049,100.90043745141487,40.363808756825435,17.663031541360755,55.78015734640122,10.763535218365742,5.9466265389769335,0.0,0.0,0.0,0.0,0.0,model4,15.0,False,6807.0
2269,2015-10-12T20:00:00Z,32.0,166.2281371543542,446.66408798571433,101.09422573084316,40.22378013348493,16.249662874516126,48.393713211467286,11.45799291634919,5.5737716205270065,0.0,0.0,0.0,0.0,0.0,model4,15.0,False,6810.0
2270,2015-10-12T23:00:00Z,32.0,165.91645570184755,449.03603235888204,101.73842006404327,40.41989890356904,15.558084723904637,49.099239319837544,11.926823892350885,5.521572939710568,0.0,0.0,0.0,0.0,0.0,model4,15.0,False,6813.0
2271,2015-10-13T02:00:00Z,32.0,165.4154514134164,449.0583730213117,100.85835910861178,40.07225752805649,15.13758819486024,46.98666757757188,11.312502068128536,4.799216437932548,0.0,0.0,0.0,0.0,0.0,model4,15.0,False,6816.0
2272,2015-10-13T05:00:00Z,32.0,164.74488603542082,448.7782978940683,101.213980764799,39.868280281443575,14.564968149436133,47.401370240828406,11.493024657836376,4.6542884106740114,0.0,0.0,0.0,0.0,0.0,model4,15.0,False,6819.0
2273,2015-10-13T08:00:00Z,32.0,165.92774666726018,442.3416242345669,100.57864043514091,39.68434827961285,15.360558246701407,50.388226967573736,12.144196392800385,4.27746444846304,0.0,0.0,0.0,0.0,0.0,model4,15.0,False,6822.0
2274,2015-10-13T11:00:00Z,32.0,167.26994766475613,445.7711753034699,99.48843399292706,39.963481722918615,14.801143668681036,47.802147658323314,10.973225402616427,5.022983990140612,0.0,0.0,0.0,0.0,0.0,model4,15.0,False,6825.0
2275,2015-10-13T14:00:00Z,32.0,167.43627683281318,441.63811671377005,99.82444582605828,40.581062725796926,14.44083050284857,49.33184027855747,11.15142668933828,4.7975109732477375,0.0,0.0,0.0,0.0,0.0,model4,15.0,False,6828.0
2276,2015-10-13T17:00:00Z,32.0,170.33461318627462,446.3514615736737,100.59273156018564,40.9177583507987,12.835504287411172,50.95976397292455,10.821163479566238,4.7349071756311165,0.0,0.0,0.0,0.0,0.0,model4,15.0,False,6831.0
2277,2015-10-13T20:00:00Z,32.0,170.72662928129733,451.0419016299505,99.17727353519298,40.946349466797905,11.735646524459806,50.831252418304175,10.579386120333687,4.375362659607966,0.0,0.0,0.0,0.0,0.0,model4,15.0,False,6834.0
2278,2015-10-13T23:00:00Z,32.0,171.85158951128304,442.7398309976385,99.0591313304943,41.229438623979924,10.253691071940986,56.43466281848876,9.921621913795523,4.828529194573052,0.0,0.0,0.0,0.0,0.0,model4,15.0,False,6837.0
2279,2015-10-14T02:00:00Z,32.0,171.60858660431919,441.0109046215704,98.51437946057979,41.07247559173024,11.746922742694185,54.64361506761098,10.459016949207099,4.809760892478035,0.0,0.0,0.0,0.0,0.0,model4,15.0,False,6840.0
2280,2015-10-14T05:00:00Z,32.0,170.2066599782444,441.8462264867768,99.46127786335316,40.78909907369509,11.857694804789526,56.56866523846857,10.09825025852528,5.166889979810692,0.0,0.0,0.0,0.0,0.0,model4,15.0,False,6843.0
2281,2015-10-14T08:00:00Z,32.0,168.33864544254376,453.8472202543836,98.66911316124731,40.9321319315044,11.615447283340675,56.47477080283309,9.481227338355108,4.913329464392998,0.0,0.0,0.0,0.0,0.0,model4,15.0,False,6846.0
2282,2015-10-14T11:00:00Z,32.0,167.48384350751496,455.30351813807647,95.75369860025124,40.453146628299386,11.503886705903433,56.73281963819624,10.753151248007557,4.223294739838828,0.0,0.0,0.0,0.0,0.0,model4,15.0,False,6849.0
2283,2015-10-14T14:00:00Z,32.0,167.97083441559818,452.0708031673306,96.63345968209265,39.98611515828325,12.119793863925848,54.59196031327653,11.672393061839859,4.3880348780926,0.0,0.0,0.0,0.0,0.0,model4,15.0,False,6852.0
2284,2015-10-14T17:00:00Z,32.0,166.1837964498699,447.2781507653528,96.2837851110346,39.28367894018953,11.261149172976234,48.95801918848122,11.773823327763047,4.613047025524788,0.0,0.0,0.0,0.0,0.0,model4,15.0,False,6855.0
2285,2015-10-14T20:00:00Z,32.0,168.09622099543802,448.83792406054886,97.26851960557251,39.34285964579221,11.615810085286222,47.11553033654624,11.557797499014432,4.667282212827531,0.0,0.0,0.0,0.0,0.0,model4,15.0,False,6858.0
2286,2015-10-14T23:00:00Z,32.0,165.76769464703938,460.86486748679744,96.9596382491276,38.89236806954095,11.505637726412239,40.263258631264456,11.494969044565227,4.111285236000155,0.0,0.0,0.0,0.0,0.0,model4,15.0,False,6861.0
2287,2015-10-15T02:00:00Z,32.0,168.17758326337426,460.702038554105,98.2080691565058,38.99374189181231,13.145730998626284,39.24293194768571,10.965157816200893,4.2066684235244445,0.0,0.0,0.0,0.0,0.0,model4,15.0,False,6864.0
2288,2015-10-15T05:00:00Z,32.0,169.5554471364016,464.69480763716126,99.24159153450249,38.9272856358047,12.417987309245136,36.20157175098896,12.822526048627436,4.023426013624465,0.0,0.0,0.0,0.0,0.0,model4,15.0,False,6867.0
2289,2015-10-15T08:00:00Z,32.0,171.5379389036939,460.34604676156937,101.06127277254078,38.449701109888615,12.900301867365894,37.364244149811476,13.165862022212407,3.983070878439945,0.0,0.0,0.0,0.0,0.0,model4,15.0,False,6870.0
2290,2015-10-15T11:00:00Z,32.0,173.4436383597351,457.61780008368964,103.8774666225728,38.66660585618945,12.438826294972467,40.75152891749696,10.399518432836642,4.002737138753537,0.0,0.0,0.0,0.0,0.0,model4,15.0,False,6873.0
2291,2015-10-15T14:00:00Z,32.0,172.64247210347511,444.107711753906,100.76937105714184,38.77639272169606,13.862750943187807,56.38270317814514,10.670893120238322,3.782922776304529,0.0,0.0,0.0,0.0,0.0,model4,15.0,False,6876.0
2292,2015-10-15T17:00:00Z,32.0,174.1263935586015,448.6305074758042,103.01569186711836,39.327964156891106,13.320642755380414,58.703511480900495,11.179217290019768,3.4745949806498904,0.0,0.0,0.0,0.0,0.0,model4,15.0,False,6879.0
2293,2015-10-15T20:00:00Z,32.0,172.2959603619947,447.59275853954284,103.47170436031382,38.89490023345654,16.300368604176636,58.61269252558189,11.151345708116725,3.829066542590248,0.0,0.0,0.0,0.0,0.0,model4,15.0,False,6882.0
2294,2015-10-15T23:00:00Z,32.0,173.27280779958213,438.7089763026819,104.18481099211316,38.08492807818626,16.221385296812695,55.85011345603506,11.32377810692567,4.4557061977971655,0.0,0.0,0.0,0.0,0.0,model4,15.0,False,6885.0
2295,2015-10-16T02:00:00Z,32.0,169.06202624373051,447.4642961255397,104.81873674432416,37.220236141109964,16.023572166728016,63.00081802113164,11.230795327544334,4.637982344957824,0.0,0.0,0.0,0.0,0.0,model4,15.0,False,6888.0
2296,2015-10-16T05:00:00Z,32.0,168.28760150774463,446.48584097389084,103.27232704242869,38.058611235109524,16.184337741501686,62.66414842738792,10.868705080582798,5.0583799826933245,0.0,0.0,0.0,0.0,0.0,model4,15.0,False,6891.0
2297,2015-10-16T08:00:00Z,32.0,166.63464734087714,448.5516612026627,102.42442406751579,38.27662217150699,15.410673915081118,61.28143622456751,10.077878040050152,5.114672543232426,0.0,0.0,0.0,0.0,0.0,model4,15.0,False,6894.0
2298,2015-10-16T11:00:00Z,32.0,167.08342406040046,448.83854087222494,102.44671198664741,38.927494365906036,15.951056755333244,64.0868549995525,10.886752603690685,5.609812279809346,0.0,0.0,0.0,0.0,0.0,model4,15.0,False,6897.0
2299,2015-10-16T14:00:00Z,32.0,166.0557210111289,471.3823051972863,102.90526944803905,39.175460691930134,15.329607376539895,47.67923647498418,10.200520050413287,6.178839897064267,0.0,0.0,0.0,0.0,0.0,model4,15.0,False,6900.0
2300,2015-10-16T17:00:00Z,32.0,165.74193551145547,464.0167370470031,100.79309093359385,38.59774117582753,14.94728330226076,54.50367479506307,9.70964282605223,6.280021297921528,0.0,0.0,0.0,0.0,0.0,model4,15.0,False,6903.0
2301,2015-10-16T20:00:00Z,32.0,165.32827118965562,465.78496274182123,101.45215311663584,39.488727271885814,12.135270226079884,54.46053745803919,10.060791645275113,6.332814285330263,0.0,0.0,0.0,0.0,0.0,model4,15.0,False,6906.0
2302,2015-10-16T23:00:00Z,32.0,164.60481266748522,470.662790198258,100.95940361741673,40.251383337893365,11.802326883993402,55.722994060365785,9.35764670399822,5.804409901964204,0.0,0.0,0.0,0.0,0.0,model4,15.0,False,6909.0
2303,2015-10-17T02:00:00Z,32.0,166.71078089028538,468.11662057477315,100.85895149677458,41.477488773028256,12.00254681100134,52.28406906832242,9.627352311253244,5.2846119365589885,0.0,0.0,0.0,0.0,0.0,model4,15.0,False,6912.0
2304,2015-10-17T05:00:00Z,32.0,166.1706351701054,471.135979906192,101.22733302934869,41.377588669007075,13.753025109739252,52.972114200385725,8.780162517209511,5.228655238402795,0.0,0.0,0.0,0.0,0.0,model4,15.0,False,6915.0
2305,2015-10-17T08:00:00Z,32.0,167.76393918973392,473.1865981572654,99.17721001417445,41.49604944106915,14.241406043374074,57.86668806942258,11.038658065681496,5.272289430453627,0.0,0.0,0.0,0.0,0.0,model4,15.0,False,6918.0
2306,2015-10-17T11:00:00Z,32.0,166.87168943457192,479.1023716124976,99.0752100096178,40.782961508131976,13.595608308411315,50.5775423860717,10.835070911106243,5.382877317377124,0.0,0.0,0.0,0.0,0.0,model4,15.0,False,6921.0
2307,2015-10-17T14:00:00Z,32.0,164.7398373590417,468.76291600673517,100.4834208446036,40.12064860763545,15.296089869158163,50.73041086987831,10.598695377507337,5.150097611467097,0.0,0.0,0.0,0.0,0.0,model4,15.0,False,6924.0
2308,2015-10-17T17:00:00Z,32.0,164.2184503042711,467.0919151504697,102.05753849300369,41.0742812802885,15.254078232758758,46.656115655262354,10.673018433890329,5.064613486047937,0.0,0.0,0.0,0.0,0.0,model4,15.0,False,6927.0
2309,2015-10-17T20:00:00Z,32.0,165.88467908030853,464.4801753946315,101.7791277751358,41.08191061309598,16.829474480060256,46.35918539872204,11.340727646631773,5.115098341344539,0.0,0.0,0.0,0.0,0.0,model4,15.0,False,6930.0
2310,2015-10-17T23:00:00Z,32.0,168.55170187201276,454.61804480079564,102.43385901712662,41.08512705186809,17.712291418487975,53.65714388058983,11.92080685871558,5.0837441849149885,0.0,0.0,0.0,0.0,0.0,model4,15.0,False,6933.0
2311,2015-10-18T02:00:00Z,32.0,168.9461313565295,447.4053709710039,102.1228588153727,40.501705866634936,17.363608745130197,51.544407956860816,11.709636330099366,5.128311571911098,0.0,0.0,0.0,0.0,0.0,model4,15.0,False,6936.0
2312,2015-10-18T05:00:00Z,32.0,170.67271627097966,440.16512538791983,101.94528491515005,39.806039424964034,15.628995101758747,49.49734601511157,12.103967762464555,5.571112921688122,0.0,0.0,0.0,0.0,0.0,model4,15.0,False,6939.0
2313,2015-10-18T08:00:00Z,32.0,170.68642818903584,433.6994461359677,104.23573436201949,39.83095439816803,15.457597694180727,41.372699397398044,9.575645547075963,5.4331822887383865,0.0,0.0,0.0,0.0,0.0,model4,15.0,False,6942.0
2314,2015-10-18T11:00:00Z,32.0,168.66858621490817,439.3625030035553,104.5077862920762,39.34649009241793,17.031847411431446,51.60461287230889,9.018522647430796,5.446502914795412,0.0,0.0,0.0,0.0,0.0,model4,15.0,False,6945.0
2315,2015-10-18T14:00:00Z,32.0,170.6372010306756,440.2798687159648,104.66939783245134,39.63670388833378,15.7627197698454,53.20059538673657,8.929157256911123,5.374755079334898,0.0,0.0,0.0,0.0,0.0,model4,15.0,False,6948.0
2316,2015-10-18T17:00:00Z,32.0,170.18224633564296,442.3447886187837,102.88947689098288,39.17336550652553,16.606168327942907,55.68690569159346,11.264332411537255,5.041556357922809,0.0,0.0,0.0,0.0,0.0,model4,15.0,False,6951.0
2317,2015-10-18T20:00:00Z,32.0,169.66468429374234,436.18299777971566,102.84204636135156,37.976933222298044,15.397538641989234,59.99329071620293,10.431814959367976,5.142018618348787,0.0,0.0,0.0,0.0,0.0,model4,15.0,False,6954.0
2318,2015-10-18T23:00:00Z,32.0,167.0145993611709,448.8149071598957,101.95422896276308,37.78218628743501,13.624007174529426,54.84554832366253,9.988990121788733,5.084856107610576,0.0,0.0,0.0,0.0,0.0,model4,15.0,False,6957.0
2319,2015-10-19T02:00:00Z,32.0,165.78608836566298,452.4620969715588,101.62051439081594,38.08678629492824,13.071839274188054,54.884024289430435,10.204157881807326,4.941771980638213,0.0,0.0,0.0,0.0,0.0,model4,15.0,False,6960.0
2320,2015-10-19T05:00:00Z,32.0,168.0391620328216,460.0019842681089,100.69408052078936,38.462057472613225,15.37371218090932,61.5320341352297,10.72265899085524,4.8092690172793295,0.0,0.0,0.0,0.0,0.0,model4,15.0,False,6963.0
2321,2015-10-19T08:00:00Z,32.0,165.34771644943234,457.8277914296234,100.06858013340988,38.8410539478389,16.917663844081442,62.74333941106253,10.427751902607113,4.8463769749928405,0.0,0.0,0.0,0.0,0.0,model4,15.0,False,6966.0
2322,2015-10-19T11:00:00Z,32.0,165.5705802078962,451.8529895932439,98.7896491050051,38.62766556246128,15.790071787287225,56.49400297825111,10.95188564915992,4.511240427516724,0.0,0.0,0.0,0.0,0.0,model4,15.0,False,6969.0
2323,2015-10-19T14:00:00Z,32.0,165.68128531139064,451.88784255590906,97.96113894473513,38.90554727522629,14.44260306961437,62.529310213653794,11.112277287653892,4.385542699426043,0.0,0.0,0.0,0.0,0.0,model4,15.0,False,6972.0
2324,2015-10-19T17:00:00Z,32.0,164.16604681746628,451.0511017381558,99.46683939947941,39.15949407553947,14.530656017106388,69.99639446569017,9.188551211976508,4.691709427195595,0.0,0.0,0.0,0.0,0.0,model4,15.0,False,6975.0
2325,2015-10-19T20:00:00Z,32.0,165.34706805790182,452.3690009786982,98.79164725533279,40.000630660661685,15.186297739049074,69.22037803208528,10.00929000659195,3.969794466905837,0.0,0.0,0.0,0.0,0.0,model4,15.0,False,6978.0
2326,2015-10-19T23:00:00Z,32.0,165.94890819849658,437.7399686387314,98.9673249069372,40.12535804584617,15.172384597853394,74.50104740970887,10.013236438910958,3.735814060163812,0.0,0.0,0.0,0.0,0.0,model4,15.0,False,6981.0
2327,2015-10-20T02:00:00Z,32.0,166.4941999857934,437.0042677267717,99.19018599603037,40.29445844359979,15.7734560998349,75.5122316283394,9.74172694672932,3.8295577876810216,0.0,0.0,0.0,0.0,0.0,model4,15.0,False,6984.0
2328,2015-10-20T05:00:00Z,32.0,162.24574339879754,430.42290756532026,100.08052927256321,40.55814726694057,13.255861687589652,67.64978482855753,9.104755075830466,3.39491748326152,0.0,0.0,0.0,0.0,0.0,model4,15.0,False,6987.0
2329,2015-10-20T08:00:00Z,32.0,160.99488679297974,431.6536483713032,100.22897472964777,40.05112711445583,12.49076675402708,71.34188239465915,9.228406029082947,4.0142297182127455,0.0,0.0,0.0,0.0,0.0,model4,15.0,False,6990.0
2330,2015-10-20T11:00:00Z,32.0,161.89389778774787,429.38963677552977,100.77593042326298,40.80472313652294,12.735643203171392,70.95210150152826,8.297768368002549,3.527224370572456,0.0,0.0,0.0,0.0,0.0,model4,15.0,False,6993.0
2331,2015-10-20T14:00:00Z,32.0,161.87240744031325,431.37127895118215,100.62947198180684,40.8557944382989,12.972844564745795,64.83460441859629,8.896126052990512,3.403670469565705,0.0,0.0,0.0,0.0,0.0,model4,15.0,False,6996.0
2332,2015-10-20T17:00:00Z,32.0,166.00049090513784,431.8553043583448,98.8218276674103,40.65585194924122,14.756555370782213,54.15146819103288,9.56034049483639,3.0735099361470595,0.0,0.0,0.0,0.0,0.0,model4,15.0,False,6999.0
2333,2015-10-20T20:00:00Z,32.0,164.33214998663587,434.2406595195987,98.59141996567124,40.06020175799001,14.265789658181438,49.570607587235024,8.906213747543896,5.3110060482780215,0.0,0.0,0.0,0.0,0.0,model4,15.0,False,7002.0
2334,2015-10-20T23:00:00Z,32.0,165.9697163872132,433.32810840830626,98.77480363242123,39.581229606820266,16.283988696572333,48.288398474864024,9.905074421917137,5.6110863226519205,0.0,0.0,0.0,0.0,0.0,model4,15.0,False,7005.0
2335,2015-10-21T02:00:00Z,32.0,165.54131031727803,429.6420065740944,98.8210438561676,38.74472957776239,15.98452075886691,49.448205178741844,10.0349592069279,5.681463078614862,0.0,0.0,0.0,0.0,0.0,model4,15.0,False,7008.0
2336,2015-10-21T05:00:00Z,32.0,165.03494419127304,430.3219587542804,98.31750757812773,38.16628066643499,17.03720099295107,52.36181242620742,9.759398941231412,5.868811539290317,0.0,0.0,0.0,0.0,0.0,model4,15.0,False,7011.0
2337,2015-10-21T08:00:00Z,32.0,166.58103106990632,440.1505489074405,98.46693565070343,37.943066640073646,16.902728540053953,53.023726472485244,12.125036876555018,5.6803073059697216,0.0,0.0,0.0,0.0,0.0,model4,15.0,False,7014.0
2338,2015-10-21T11:00:00Z,32.0,165.6388534806138,440.48002532870913,99.4913147604495,37.011418679353,18.12790566466783,52.67925327499577,12.681647845830705,5.741934490130722,0.0,0.0,0.0,0.0,0.0,model4,15.0,False,7017.0
2339,2015-10-21T14:00:00Z,32.0,166.8614500888715,442.9849437685051,98.6249217623137,37.33936057931879,18.196610260868486,53.46815863871791,12.586402361858097,6.236436852745607,0.0,0.0,0.0,0.0,0.0,model4,15.0,False,7020.0
2340,2015-10-21T17:00:00Z,32.0,164.04745165318198,447.1446512194497,99.20712259275612,36.89092364453384,16.413702570154143,54.88373823917446,11.844003532131168,6.097277020220991,0.0,0.0,0.0,0.0,0.0,model4,15.0,False,7023.0
2341,2015-10-21T20:00:00Z,32.0,162.58878798331983,448.5666127327494,99.95715825543164,36.14743521536679,16.319311023464135,58.39528312103518,11.521352373275429,5.3143377312206965,0.0,0.0,0.0,0.0,0.0,model4,15.0,False,7026.0
2342,2015-10-21T23:00:00Z,32.0,162.1730620806085,461.74137928910363,100.63308477208544,36.89537191777408,15.637403830292303,56.304090724366105,12.310275864718895,5.650918497884399,0.0,0.0,0.0,0.0,0.0,model4,15.0,False,7029.0
2343,2015-10-22T02:00:00Z,32.0,162.38797144567732,466.31602753611946,99.73344292704758,37.037221861549256,15.7902065174793,54.32730938617846,12.827961518557224,5.673914058824166,0.0,0.0,0.0,0.0,0.0,model4,15.0,False,7032.0
2344,2015-10-22T05:00:00Z,32.0,165.77454558070653,461.7245676796466,101.45554477924759,37.406791416760285,15.740325226561716,54.61483155964425,13.22872961749534,5.809530164506112,0.0,0.0,0.0,0.0,0.0,model4,15.0,False,7035.0
2345,2015-10-22T08:00:00Z,32.0,167.14103105180118,453.145992551155,101.59402064584762,37.73930282346165,14.154580320732475,53.5676542395749,11.771555874627106,5.929620732919402,0.0,0.0,0.0,0.0,0.0,model4,15.0,False,7038.0
2346,2015-10-22T11:00:00Z,32.0,169.92075893803846,455.4741850559002,99.4090922608783,39.365480720396405,13.336393764983244,57.078683306355494,12.066727411206429,6.358616686391258,0.0,0.0,0.0,0.0,0.0,model4,15.0,False,7041.0
2347,2015-10-22T14:00:00Z,32.0,170.68419134730482,452.25535171523,100.99844281262855,38.27585029297991,13.805825347956135,61.70094132169696,11.224149672324998,6.455868229785099,0.0,0.0,0.0,0.0,0.0,model4,15.0,False,7044.0
2348,2015-10-22T17:00:00Z,32.0,170.93874108825784,453.65130146517004,101.84130743990706,38.75236832160928,13.663735188947935,59.89018098527369,11.354329262834602,6.6166296972815335,0.0,0.0,0.0,0.0,0.0,model4,15.0,False,7047.0
2349,2015-10-22T20:00:00Z,32.0,172.38954641793217,450.29044359944845,100.8602441384172,40.36389243969648,12.39940532553558,58.97729777916327,12.554065148625755,5.559403831998637,0.0,0.0,0.0,0.0,0.0,model4,15.0,False,7050.0
2350,2015-10-22T23:00:00Z,32.0,170.84588589276663,452.1861148422891,99.94644881638656,40.1858166598321,13.292682172050021,55.21396866374567,11.201371437871382,5.776901407172309,0.0,0.0,0.0,0.0,0.0,model4,15.0,False,7053.0
2351,2015-10-23T02:00:00Z,32.0,171.93432671194654,455.6049583184546,100.82041577051329,40.90173002949689,15.856018806668922,54.13135144779688,10.801400671302801,6.045207220904447,0.0,0.0,0.0,0.0,0.0,model4,15.0,False,7056.0
2352,2015-10-23T05:00:00Z,32.0,172.93930197533462,456.6098351394275,100.13631862596606,40.94626300305259,16.721629780350135,52.907762182009385,10.146833367445002,5.747430173792771,0.0,0.0,0.0,0.0,0.0,model4,15.0,False,7059.0
2353,2015-10-23T08:00:00Z,32.0,170.7448226978359,453.3088290152054,100.99280990344543,40.56251149675895,18.265717730517217,53.461517861135576,10.310287802136633,5.744757634523734,0.0,0.0,0.0,0.0,0.0,model4,15.0,False,7062.0
2354,2015-10-23T11:00:00Z,32.0,169.34126488969645,445.98957408978737,101.272441908869,39.651074391817254,17.697854322697026,48.48415824105454,10.00841028915892,5.289480109961096,0.0,0.0,0.0,0.0,0.0,model4,15.0,False,7065.0
2355,2015-10-23T14:00:00Z,32.0,166.9956258611784,442.77061498403526,101.01909354918837,40.14556255486524,17.57090946758931,45.625646063360826,11.033560996080231,4.520179889369704,0.0,0.0,0.0,0.0,0.0,model4,15.0,False,7068.0
2356,2015-10-23T17:00:00Z,32.0,167.9330414275741,439.9804106943146,101.02667983756052,40.54933044686821,17.508084739012713,45.93733190602784,10.893881944226086,4.757735814153398,0.0,0.0,0.0,0.0,0.0,model4,15.0,False,7071.0
2357,2015-10-23T20:00:00Z,32.0,169.4856794523115,439.69467673992256,101.47425449087507,40.26517783565628,18.07191115133157,48.10737237726053,10.063042321290794,5.215220691727756,0.0,0.0,0.0,0.0,0.0,model4,15.0,False,7074.0
2358,2015-10-23T23:00:00Z,32.0,168.5782059781829,435.35249223932055,103.39021417985649,40.49733296590024,17.538857305747346,41.31738257037929,10.290938456311126,4.926370855064208,0.0,0.0,0.0,0.0,0.0,model4,15.0,False,7077.0
2359,2015-10-24T02:00:00Z,32.0,168.977944833757,429.3866366117763,103.6804264593936,40.17614665007464,16.224130665540486,36.805458545215494,11.440025869432151,4.489973040245132,0.0,0.0,0.0,0.0,0.0,model4,15.0,False,7080.0
2360,2015-10-24T05:00:00Z,32.0,167.92917553840203,433.638266208834,103.11527463272978,40.17700614288403,14.762952020045386,38.02427414682197,11.49509875806432,4.642873909674523,0.0,0.0,0.0,0.0,0.0,model4,15.0,False,7083.0
2361,2015-10-24T08:00:00Z,32.0,170.84064644229596,445.0831723674217,101.75630454105902,40.11082727330175,13.327843454408852,44.70925140003947,11.13124824990148,4.5500888672135495,0.0,0.0,0.0,0.0,0.0,model4,15.0,False,7086.0
2362,2015-10-24T11:00:00Z,32.0,170.89106195525568,455.883320233872,102.86393085711443,41.473945710966895,12.973668610129938,50.017336173728474,10.198083182671944,5.755525338633841,0.0,0.0,0.0,0.0,0.0,model4,15.0,False,7089.0
2363,2015-10-24T14:00:00Z,32.0,173.80671122789508,462.040099222426,103.25657353844284,42.00300594487506,12.560098780904514,47.41901054944702,9.980966165569438,5.854732167705767,0.0,0.0,0.0,0.0,0.0,model4,15.0,False,7092.0
2364,2015-10-24T17:00:00Z,32.0,175.41947185942132,460.28275468664117,103.81113584396178,41.281547459570994,13.855000797417311,47.668353686352724,10.565112699788127,5.823029598221183,0.0,0.0,0.0,0.0,0.0,model4,15.0,False,7095.0
2365,2015-10-24T20:00:00Z,32.0,174.4314850274145,472.5164681515888,104.21111912129423,41.43999515802189,14.234422198844314,45.31391769558621,9.922226453485106,5.543141848610051,0.0,0.0,0.0,0.0,0.0,model4,15.0,False,7098.0
2366,2015-10-24T23:00:00Z,32.0,174.75491179597736,473.13414807380167,103.24653518155094,41.53535044344963,14.185672959579776,46.33601340057307,9.798984001851572,5.552016122452133,0.0,0.0,0.0,0.0,0.0,model4,15.0,False,7101.0
2367,2015-10-25T02:00:00Z,32.0,171.10263140679942,475.1641094805453,103.52371176641657,41.55474819988626,16.36084735064288,44.85519477895989,8.177099914309784,5.503136865995437,0.0,0.0,0.0,0.0,0.0,model4,15.0,False,7104.0
2368,2015-10-25T05:00:00Z,32.0,171.43149745124495,474.35933043364054,102.50742466107828,41.41539691920315,17.477555607320827,44.23196908946822,8.776147887886523,5.965703004813845,0.0,0.0,0.0,0.0,0.0,model4,15.0,False,7107.0
2369,2015-10-25T08:00:00Z,32.0,170.24865029554428,468.2535691713884,101.56398943393671,41.95456156538157,19.069798107916263,41.14078745953506,9.719805423178169,5.84452087007982,0.0,0.0,0.0,0.0,0.0,model4,15.0,False,7110.0
2370,2015-10-25T11:00:00Z,32.0,170.7065964455204,456.8014670087262,101.01844622178524,40.33777572244559,19.319568814971216,39.27905700156911,10.951759786744752,5.11862274737179,0.0,0.0,0.0,0.0,0.0,model4,15.0,False,7113.0
2371,2015-10-25T14:00:00Z,32.0,169.13950998652297,452.1251266057094,101.36725274428854,39.37458502042685,18.598320186436734,38.55014836658503,10.684953999620019,5.134103529555131,0.0,0.0,0.0,0.0,0.0,model4,15.0,False,7116.0
2372,2015-10-25T17:00:00Z,32.0,165.26833037573573,457.17732501872337,101.03129485651766,39.406525402096975,18.602662326135228,41.29781880538774,9.96438696413106,5.048303858867336,0.0,0.0,0.0,0.0,0.0,model4,15.0,False,7119.0
2373,2015-10-25T20:00:00Z,32.0,163.79511970872503,455.42522691112777,100.32288401794182,39.23768129444282,18.102916399917397,39.152507379094494,10.259590679802383,5.042137115501953,0.0,0.0,0.0,0.0,0.0,model4,15.0,False,7122.0
2374,2015-10-25T23:00:00Z,32.0,163.4863490556746,456.8215788747054,99.68739580656569,38.420013377779796,17.503582627804544,40.465729485387264,10.27264462660766,4.965645564856581,0.0,0.0,0.0,0.0,0.0,model4,15.0,False,7125.0
2375,2015-10-26T02:00:00Z,32.0,166.83445155427637,456.849309900135,98.0511572057803,38.23758567852408,16.520763610555058,40.200634411972615,12.035970915917046,5.325624250568549,0.0,0.0,0.0,0.0,0.0,model4,15.0,False,7128.0
2376,2015-10-26T05:00:00Z,32.0,165.83391997785284,460.20940998015845,98.56518902266936,37.935461440636395,15.712876195483904,41.18664848666615,11.87715554524372,4.727815553195756,0.0,0.0,0.0,0.0,0.0,model4,15.0,False,7131.0
2377,2015-10-26T08:00:00Z,32.0,166.9861240594445,455.124923606719,97.85870123695929,38.44359804114482,14.261631085448085,44.68049526476785,11.674721911566033,5.0628289794375405,0.0,0.0,0.0,0.0,0.0,model4,15.0,False,7134.0
2378,2015-10-26T11:00:00Z,32.0,167.2071739993856,461.0133531603008,96.83853507286672,38.53021158211722,14.777850315750944,48.349379383139706,11.571126688930795,4.932701362106716,0.0,0.0,0.0,0.0,0.0,model4,15.0,False,7137.0
2379,2015-10-26T14:00:00Z,32.0,166.5097309872387,467.87912606807663,96.13254052403904,39.21386028141501,15.436970666459192,47.21974990942334,10.820257442515967,4.728241342464682,0.0,1.0,0.0,0.0,0.0,model4,15.0,False,7140.0
2380,2015-10-26T17:00:00Z,32.0,168.15909767276528,468.95015853406494,95.34751119001564,39.905429958013656,13.530119790627651,43.96525091470543,10.360986655475287,5.5008531212183565,0.0,1.0,0.0,0.0,0.0,model4,15.0,False,7143.0
2381,2015-10-26T20:00:00Z,32.0,170.50018720954608,452.8249322855714,95.7517873585808,40.000160144367754,13.997111381961556,54.0508941020623,10.578925406316364,5.3872397808524255,0.0,1.0,0.0,0.0,0.0,model4,15.0,False,7146.0
2382,2015-10-26T23:00:00Z,32.0,173.06808260128898,443.3147622241089,95.3799231422626,40.18092047203585,14.028348766471876,56.68439139694292,10.115219694410717,5.322942925740451,0.0,2.0,0.0,0.0,0.0,model4,15.0,False,7149.0
2383,2015-10-27T02:00:00Z,32.0,171.51650615586075,442.66770930599677,96.44402709168301,40.23396190210318,14.205008502399993,56.92639183571799,10.559723076583404,5.018232484760854,0.0,2.0,0.0,0.0,0.0,model4,15.0,False,7152.0
2384,2015-10-27T05:00:00Z,32.0,172.05531429601058,439.8428260476191,97.194369183295,40.525854232032756,14.381898288401144,56.32768962714752,10.842078831834334,5.389998109570861,0.0,2.0,0.0,0.0,0.0,model4,15.0,False,7155.0
2385,2015-10-27T08:00:00Z,32.0,171.58085289284392,442.81041904533515,98.84452940641701,40.0380116172886,14.861449508489606,55.44838849094969,10.248049820783725,5.346933773569259,0.0,2.0,0.0,0.0,0.0,model4,15.0,False,7158.0
2386,2015-10-27T11:00:00Z,32.0,171.88777928332905,441.16143594906373,100.53242642970369,39.655199097928225,14.895942420448876,49.955304762256134,9.699170780558394,5.622895181097168,0.0,2.0,0.0,0.0,0.0,model4,15.0,False,7161.0
2387,2015-10-27T14:00:00Z,32.0,174.02632258834817,432.8948748568216,101.23315186874464,39.51172781622,14.607658625683761,48.33561981885818,10.916051510641074,5.596553883921825,0.0,1.0,0.0,0.0,0.0,model4,15.0,False,7164.0
2388,2015-10-27T17:00:00Z,32.0,175.43754720761012,423.2931138338617,99.35334997546732,38.96274199796957,15.825826923214546,46.52951216223993,12.554064484413905,4.766657444203147,0.0,1.0,0.0,0.0,0.0,model4,15.0,False,7167.0
2389,2015-10-27T20:00:00Z,32.0,174.6622487073463,429.21522080510977,98.84075214647065,39.03693539285256,15.638553640701096,38.76381901839847,12.439903432183346,4.951448132783606,0.0,1.0,0.0,0.0,0.0,model4,15.0,False,7170.0
2390,2015-10-27T23:00:00Z,32.0,176.45152197129184,435.2965616291083,99.49496858765491,39.60670974872762,17.215811831763812,34.77674809208132,12.222985436973586,4.822188485079893,0.0,0.0,0.0,0.0,0.0,model4,15.0,False,7173.0
2391,2015-10-28T02:00:00Z,32.0,176.0228265904339,427.1998724055856,99.95774654708565,39.72017661282403,17.45971542444578,37.302791410664746,10.435679540182411,4.691544565161301,0.0,0.0,0.0,0.0,0.0,model4,15.0,False,7176.0
2392,2015-10-28T05:00:00Z,32.0,174.3985719141592,432.3664049697744,100.24958140736874,39.90272791895062,16.898399236617177,41.445126195775096,11.128952890798551,4.3330257588080086,0.0,0.0,0.0,0.0,0.0,model4,15.0,False,7179.0
2393,2015-10-28T08:00:00Z,32.0,173.62096676507855,438.2297986157522,100.01270406344105,40.36641532437625,17.386234669610914,49.43777791172612,11.643687339627053,4.6859397592522125,0.0,0.0,0.0,0.0,0.0,model4,15.0,False,7182.0
2394,2015-10-28T11:00:00Z,32.0,173.77752921532112,436.5649874211037,99.51537307448332,40.99260441590185,16.85904020284093,49.67772564715429,11.013634813412587,3.9807422582265786,0.0,0.0,0.0,0.0,0.0,model4,15.0,False,7185.0
2395,2015-10-28T14:00:00Z,32.0,174.46375138864042,440.79971656324136,96.8246261224637,40.64409926039721,16.61141932327964,55.26312059114817,10.690452174656986,4.279081899809041,0.0,0.0,0.0,0.0,0.0,model4,15.0,False,7188.0
2396,2015-10-28T17:00:00Z,32.0,172.1507431247685,444.5318069689092,99.27307708534373,40.65870439348788,16.177901743003257,60.33206067830361,9.407093648230415,4.277680757506419,0.0,0.0,0.0,0.0,0.0,model4,15.0,False,7191.0
2397,2015-10-28T20:00:00Z,32.0,172.53870600598557,446.9203118544101,98.62315893611117,40.706070649804346,16.503766865167588,60.53826470119483,9.646456568979318,4.099848201250142,0.0,0.0,0.0,0.0,0.0,model4,15.0,False,7194.0
2398,2015-10-28T23:00:00Z,32.0,169.2951895028366,452.4248462703173,99.28933561322935,40.695419751049755,14.577293586331914,63.145721330844594,10.633466318050713,4.065797092591105,0.0,0.0,0.0,0.0,0.0,model4,15.0,False,7197.0
2399,2015-10-29T02:00:00Z,32.0,171.35738009376684,463.8564622084273,99.1407952811014,40.43770354434057,14.573989779126537,60.35280180376198,10.332559801527287,4.132215708457133,0.0,0.0,0.0,0.0,0.0,model4,15.0,False,7200.0
2400,2015-10-29T05:00:00Z,32.0,173.78045358948071,464.283456093803,98.40178552255381,40.03203753319357,15.768609319820118,60.05190444306089,9.321128946762368,4.659829508956773,0.0,0.0,0.0,0.0,0.0,model4,15.0,False,7203.0
2401,2015-10-29T08:00:00Z,32.0,175.40785866446694,455.40413839685976,98.20224985915804,39.221002072218106,15.222452734927039,57.78280531188853,8.910900403555475,4.009917304768076,0.0,0.0,0.0,0.0,0.0,model4,15.0,False,7206.0
2402,2015-10-29T11:00:00Z,32.0,173.09660173133068,451.7050847885672,98.11275540176888,39.154543656542174,15.819382764221515,61.185785197617314,9.549000977495307,3.9814635085168986,0.0,0.0,0.0,0.0,0.0,model4,15.0,False,7209.0
2403,2015-10-29T14:00:00Z,32.0,171.60950705857272,452.28119566690003,100.11036252959543,39.41448834282557,15.533907692737492,55.16203024792672,7.892542501967451,3.9089792815867592,0.0,0.0,0.0,0.0,0.0,model4,15.0,False,7212.0
2404,2015-10-29T17:00:00Z,32.0,172.93312529321483,457.60292810710365,100.191025332601,39.33940786355619,15.073987579192115,47.65713130105082,9.511080722132933,4.025041395736039,0.0,0.0,0.0,0.0,0.0,model4,15.0,False,7215.0
2405,2015-10-29T20:00:00Z,32.0,173.44610302887466,459.2649465021004,101.53812701059677,38.631167364018495,14.49652922347126,45.77224531509142,8.707109425209834,3.845133070867004,0.0,0.0,0.0,0.0,0.0,model4,15.0,False,7218.0
2406,2015-10-29T23:00:00Z,32.0,172.1132676905788,454.8228098178605,100.26800355878744,38.788181933288044,14.803621609840489,43.047682540090676,9.667732079627502,4.2793578717108725,0.0,0.0,0.0,0.0,0.0,model4,15.0,False,7221.0
2407,2015-10-30T02:00:00Z,32.0,171.14274301370202,452.5731714074013,100.45829337661144,39.217501010176576,15.583306445540535,39.382729627365094,9.997515656151002,4.476107928252937,0.0,0.0,0.0,0.0,0.0,model4,15.0,False,7224.0
2408,2015-10-30T05:00:00Z,32.0,169.37567844078092,443.0398030684847,99.87089670332571,40.09452939690437,14.5455476969746,39.483467565148565,11.153156883933663,3.9943593183554214,0.0,0.0,0.0,0.0,0.0,model4,15.0,False,7227.0
2409,2015-10-30T08:00:00Z,32.0,167.84310879389318,450.67969189359843,100.72746756950632,40.25785590601506,13.962468111038385,43.742626558629695,12.262782220813508,5.1293721282454525,0.0,0.0,0.0,0.0,0.0,model4,15.0,False,7230.0
2410,2015-10-30T11:00:00Z,32.0,168.15240680717037,458.3088151086398,100.49860125496842,40.363628984949905,14.803243551804746,37.298362563846304,12.068265407133241,5.212315769328463,0.0,0.0,0.0,0.0,0.0,model4,15.0,False,7233.0
2411,2015-10-30T14:00:00Z,32.0,166.85603958682557,455.50457889937417,100.60457972479999,40.71479175931119,14.13901783825706,39.00583307132776,12.317824406451304,5.593416290297977,0.0,0.0,0.0,0.0,0.0,model4,15.0,False,7236.0
2412,2015-10-30T17:00:00Z,32.0,167.054984233039,451.66849797832833,100.24161201643557,40.35688631510757,13.75726154544742,38.70098589651477,11.061558066877565,5.646750848235617,0.0,0.0,0.0,0.0,0.0,model4,15.0,False,7239.0
2413,2015-10-30T20:00:00Z,32.0,165.1086386164904,445.62428117937736,99.45505227799472,40.49024187142929,13.082103216813215,43.26175861913036,11.194404955848704,5.488796361538202,0.0,0.0,0.0,0.0,0.0,model4,15.0,False,7242.0
2414,2015-10-30T23:00:00Z,32.0,166.8880149658475,449.3628394863687,99.5933926892006,40.61833463440235,12.83289678481513,44.308730040944134,10.311310964070458,5.577101312888838,0.0,0.0,0.0,0.0,0.0,model4,15.0,False,7245.0
2415,2015-10-31T02:00:00Z,32.0,168.39547081712837,450.2274138353271,99.3283836333074,40.709704808970095,11.890100162422604,61.32342837879328,10.026024394980496,5.363606631674718,0.0,0.0,0.0,0.0,0.0,model4,15.0,False,7248.0
2416,2015-10-31T05:00:00Z,32.0,169.07517542112737,457.9982811204541,99.65868033649416,40.01648095805512,12.540855901464061,63.00883352431259,9.695569625126158,5.464090289694023,0.0,0.0,0.0,0.0,0.0,model4,15.0,False,7251.0
2417,2015-10-31T08:00:00Z,32.0,169.33902925402217,456.35491174193635,98.01274219760904,40.2997601077234,13.314422938555827,59.210994100717315,8.416224204278546,4.94397411356242,0.0,0.0,0.0,0.0,0.0,model4,15.0,False,7254.0
2418,2015-10-31T11:00:00Z,32.0,171.2577412043486,451.46450670746833,97.76567335104677,40.506010817752035,12.645183564043956,61.15405744240291,8.608918344127849,5.1795277089091085,0.0,0.0,0.0,0.0,0.0,model4,15.0,False,7257.0
2419,2015-10-31T14:00:00Z,32.0,173.06060748745674,455.30121015086684,98.44098418995722,40.246525675224795,12.54093323342232,61.554810896174004,9.78131076388832,4.88911692811698,0.0,0.0,0.0,0.0,0.0,model4,15.0,False,7260.0
2420,2015-10-31T17:00:00Z,32.0,173.65170386595082,456.6721260453841,97.4979484344323,40.803946645956295,12.351854187123768,61.510079366521644,10.465565821840666,4.830905118205068,0.0,0.0,0.0,0.0,0.0,model4,15.0,False,7263.0
2421,2015-10-31T20:00:00Z,32.0,175.45918389222172,454.2008558249428,97.9359167156183,40.71793672481885,11.837468975554831,64.22339829462975,10.39029809691977,4.873067251141516,0.0,0.0,0.0,0.0,0.0,model4,15.0,False,7266.0
2422,2015-10-31T23:00:00Z,32.0,176.38477220475892,451.68697723546853,97.57901578653414,40.34494687238932,11.470265651536415,66.94715555102137,10.012694744028183,4.483925125200079,0.0,0.0,0.0,0.0,0.0,model4,15.0,False,7269.0
2423,2015-11-01T02:00:00Z,32.0,175.03414319108205,450.9428292634662,97.59487125003277,39.9756428339324,11.850898868574305,51.691528986260735,10.157649579151602,5.110549860598769,0.0,0.0,0.0,0.0,0.0,model4,15.0,False,7272.0
2424,2015-11-01T05:00:00Z,32.0,175.31787215123913,448.0557643617231,97.8952934743486,39.919903880069775,10.319896904001213,47.6138859789159,10.197034765178886,4.888129456592656,0.0,0.0,0.0,0.0,0.0,model4,15.0,False,7275.0
2425,2015-11-01T08:00:00Z,32.0,176.8007940295472,446.2911126620146,98.86873241760642,39.88976368924383,8.214628711031427,50.43279454760286,9.762098040758838,4.385500998046704,0.0,0.0,0.0,0.0,0.0,model4,15.0,False,7278.0
2426,2015-11-01T11:00:00Z,32.0,175.02524682771875,452.82853138362464,99.56741629345007,40.69497063065479,11.156600109753294,50.156074056090794,9.119562069541061,5.330668255915545,0.0,0.0,0.0,0.0,0.0,model4,15.0,False,7281.0
2427,2015-11-01T14:00:00Z,32.0,175.06265916266125,456.2239359822844,98.13791758044,40.71155235642325,11.552809284052708,50.340480410572965,9.017533395208496,5.415221418642677,0.0,0.0,0.0,0.0,0.0,model4,15.0,False,7284.0
2428,2015-11-01T17:00:00Z,32.0,174.39389049844706,451.6997964147062,99.5875603320478,40.7437409509917,12.030728298597431,52.84575854853622,8.897566137252259,5.681286259884484,0.0,0.0,0.0,0.0,0.0,model4,15.0,False,7287.0
2429,2015-11-01T20:00:00Z,32.0,173.63776792841512,465.3249446693607,98.83224116420594,40.96497308587412,11.504831452874305,47.89221315975182,9.125994805721897,5.65907191830092,0.0,0.0,0.0,0.0,0.0,model4,15.0,False,7290.0
2430,2015-11-01T23:00:00Z,32.0,172.16248499668168,460.88453024534346,99.95857904811741,41.52752321517955,11.373134518777889,47.40405277673697,9.274522195443671,6.131261180943966,0.0,0.0,0.0,0.0,0.0,model4,15.0,False,7293.0
2431,2015-11-02T02:00:00Z,32.0,171.17148323854053,464.3193225883848,100.64397122998474,41.59573496830622,11.517725611934798,48.642198110831934,9.43189662145156,5.9591790871344585,0.0,0.0,0.0,0.0,0.0,model4,15.0,False,7296.0
2432,2015-11-02T05:00:00Z,32.0,170.10501709182543,460.18042584425115,101.09758972008991,41.640679750091074,12.751507319194019,50.186038626201906,8.900541310490809,6.140785045704296,0.0,0.0,0.0,0.0,0.0,model4,15.0,False,7299.0
2433,2015-11-02T08:00:00Z,32.0,166.76791203830481,459.40390893773736,101.01992564957258,41.78161006478041,13.187926521210251,47.10518833125683,9.174162906787526,6.2420419736787025,0.0,0.0,0.0,0.0,0.0,model4,15.0,False,7302.0
2434,2015-11-02T11:00:00Z,32.0,166.81886319702102,457.8293870363317,101.18209308831713,41.03321137305042,11.013070234264116,46.28200154241078,9.508227590221473,5.47066371009775,0.0,0.0,0.0,0.0,0.0,model4,15.0,False,7305.0
2435,2015-11-02T14:00:00Z,32.0,164.9584909807275,450.55007099342964,102.51174619411483,41.54997191073885,10.242774712900411,44.46175860604622,8.617333373980133,5.220557887494871,0.0,0.0,0.0,0.0,0.0,model4,15.0,False,7308.0
2436,2015-11-02T17:00:00Z,32.0,164.4063929022098,450.0620430005486,101.86932768052047,41.38307643265635,9.369993756949164,42.047444964998505,8.535875624393903,4.847983990069338,0.0,0.0,0.0,0.0,0.0,model4,15.0,False,7311.0
2437,2015-11-02T20:00:00Z,32.0,164.08359023343402,440.90674911327636,102.84664618639648,41.23462721494122,10.354441659916812,35.769038730131534,8.27728297633166,5.019190213983586,0.0,0.0,0.0,0.0,0.0,model4,15.0,False,7314.0
2438,2015-11-02T23:00:00Z,32.0,164.83321524830458,449.2199562676613,104.0342376778071,40.81893324211335,10.874467517923076,43.308775833749536,8.371920256457086,4.564492196214236,0.0,0.0,0.0,0.0,0.0,model4,15.0,False,7317.0
2439,2015-11-03T02:00:00Z,32.0,164.78711866160518,444.6210381576647,102.71376872572789,40.4083734613092,10.790841504363918,38.86325270096373,8.778635662282442,4.697101505059703,0.0,0.0,0.0,0.0,0.0,model4,15.0,False,7320.0
2440,2015-11-03T05:00:00Z,32.0,164.966415454704,444.5512501897274,102.5030084536933,41.44159364750621,10.051232142075586,39.53738576054569,10.391142172352193,5.303414722861888,0.0,0.0,0.0,0.0,0.0,model4,15.0,False,7323.0
2441,2015-11-03T08:00:00Z,32.0,166.72723949784384,437.6567745870473,100.950927132785,41.12098301000787,10.102185373265034,43.865564208082716,11.636972750525837,5.171102030279274,0.0,0.0,0.0,0.0,0.0,model4,15.0,False,7326.0
2442,2015-11-03T11:00:00Z,32.0,165.89477526429332,439.09504905110015,101.90585362314873,40.650125390191285,12.353426781297662,47.750206579192884,12.38646377344232,5.116119025739206,0.0,0.0,0.0,0.0,0.0,model4,15.0,False,7329.0
2443,2015-11-03T14:00:00Z,32.0,167.0872361959328,445.6298721351703,101.22674026976091,39.442278857770134,12.029175932319054,55.4621022773965,12.053102400757814,5.454601219604903,0.0,0.0,0.0,0.0,0.0,model4,15.0,False,7332.0
2444,2015-11-03T17:00:00Z,32.0,168.652570505191,449.5585362008087,100.73053488171328,39.19680529676892,12.891158710946922,54.607909886816365,11.76292117888159,5.475988276800178,0.0,0.0,0.0,0.0,0.0,model4,15.0,False,7335.0
2445,2015-11-03T20:00:00Z,32.0,167.57202617556482,452.1099977164064,100.96567817733536,39.65376002642957,13.797960815554939,54.42103376437808,11.683373759981876,5.747962090562009,0.0,0.0,0.0,0.0,0.0,model4,15.0,False,7338.0
2446,2015-11-03T23:00:00Z,32.0,166.98255493607581,449.5084398970064,98.30345148462034,39.596256284388936,13.502519065720215,49.75082749277954,11.770520756036484,5.769914224930571,0.0,0.0,0.0,0.0,0.0,model4,15.0,False,7341.0
2447,2015-11-04T02:00:00Z,32.0,169.50167466668887,448.7611081736498,98.38579484258236,39.733736341435396,15.009580847630634,51.55642952304798,11.635406890634467,5.730376510283552,0.0,0.0,0.0,0.0,0.0,model4,15.0,False,7344.0
2448,2015-11-04T05:00:00Z,32.0,167.46905891840314,456.19620581854224,101.5822230614594,38.98083440996369,15.410716331549065,49.911457562703326,14.706095623152043,4.694732640945843,0.0,0.0,0.0,0.0,0.0,model4,15.0,False,7347.0
2449,2015-11-04T08:00:00Z,32.0,170.98131033579983,463.4783423887615,106.76216097367558,39.02730477040914,18.670590931157534,44.587698661366474,16.00372137694606,4.546137188747443,0.0,0.0,0.0,0.0,0.0,model4,15.0,False,7350.0
2450,2015-11-04T11:00:00Z,32.0,176.09181098183777,455.5063667291712,107.02000644552619,39.08841120981339,19.66275912690687,43.30780705436504,15.582481908421386,4.923007431385166,0.0,0.0,0.0,0.0,0.0,model4,15.0,False,7353.0
2451,2015-11-04T14:00:00Z,32.0,176.97182533518563,455.440927881605,110.50692788672859,39.60261376684815,19.752725305523466,37.7337734691495,16.766230720540932,4.580619346369792,0.0,0.0,0.0,0.0,0.0,model4,15.0,False,7356.0
2452,2015-11-04T17:00:00Z,32.0,178.1258347405439,456.6554174806816,113.96101949016912,39.97071986644439,20.203773700546005,42.4806444523064,16.623148856846335,4.62160360677367,0.0,0.0,0.0,0.0,0.0,model4,15.0,False,7359.0
2453,2015-11-04T20:00:00Z,32.0,180.01143352753587,458.67339277335236,115.540777337402,39.19643814382803,18.022685835728687,43.90983853664045,16.842309147182018,4.36249442325479,0.0,0.0,0.0,0.0,0.0,model4,15.0,False,7362.0
2454,2015-11-04T23:00:00Z,32.0,181.8585458413684,453.01339179204047,119.76872798309459,38.71656057454168,17.704048188140302,42.439893030115925,13.755467160317677,4.037307016814681,0.0,0.0,0.0,0.0,0.0,model4,15.0,False,7365.0
2455,2015-11-05T02:00:00Z,32.0,184.10539770531867,440.5767990373317,122.11335155083088,39.21715189555813,18.14035062935148,53.05310143997887,11.18833117559263,3.9540757807055664,0.0,0.0,0.0,0.0,0.0,model4,15.0,False,7368.0
2456,2015-11-05T05:00:00Z,32.0,187.28755003091615,429.1294430171469,121.45869135144457,38.919390511970676,15.267511794906092,57.4236559562344,10.091360980277072,3.9129383330063017,0.0,0.0,0.0,0.0,0.0,model4,15.0,False,7371.0
2457,2015-11-05T08:00:00Z,32.0,187.1050778301605,417.07383791908063,121.00101301475016,38.86603883206377,14.244285921089494,65.34754550738708,10.21465326118015,4.0855854911031,1.0,0.0,0.0,0.0,0.0,model4,15.0,True,7374.0
2458,2015-11-05T11:00:00Z,32.0,185.8053107897441,412.0412657055373,122.73546053206265,39.22653530146389,13.27904517259083,67.00470555204755,10.058095021992834,3.965351599826071,1.0,0.0,0.0,0.0,0.0,model4,15.0,True,7377.0
2459,2015-11-05T14:00:00Z,32.0,188.394543913678,392.8363674125072,121.75953941831249,38.997076950686704,13.954735317556288,63.79519376236532,9.91794584727187,3.95955650250626,1.0,0.0,0.0,0.0,0.0,model4,15.0,True,7380.0
2460,2015-11-05T17:00:00Z,32.0,188.29608803949841,377.7378919122327,121.60233749623646,38.80594132763542,13.81894592537624,58.704886112411344,9.440317915380216,3.9315872609344336,1.0,0.0,0.0,0.0,0.0,model4,15.0,True,7383.0
2461,2015-11-05T20:00:00Z,32.0,189.48880696032157,363.1703276699917,123.72072811533815,39.7959774621166,14.204332233590314,48.9131302043728,8.384206117074585,4.04163965466196,1.0,0.0,0.0,0.0,0.0,model4,15.0,True,7386.0
2462,2015-11-05T23:00:00Z,32.0,189.3633196072813,353.3382940143701,123.5041022298247,40.24547883959955,14.263282180681731,43.750624369171646,8.628309252195201,4.153111354119521,1.0,0.0,0.0,0.0,0.0,model4,15.0,True,7389.0
2463,2015-11-06T02:00:00Z,32.0,187.3245507214085,352.2827019670624,125.5453017722103,40.36890749798008,13.827228277294981,45.618529681700146,9.127873562624453,4.656099004876576,1.0,0.0,0.0,0.0,0.0,model4,15.0,True,7392.0
2464,2015-11-06T05:00:00Z,32.0,188.35117826470608,346.8762405740277,124.66664142875588,41.25280087472486,12.417156965136206,39.36987159251893,9.923546965293694,4.8226823645879175,1.0,0.0,0.0,0.0,0.0,model4,15.0,True,7395.0
2465,2015-11-06T08:00:00Z,32.0,187.1830747751428,349.5199817949243,121.59639425555768,41.4524165481791,13.057271436724992,34.70904492952837,12.338246688730404,4.682945833583745,0.0,0.0,0.0,0.0,0.0,model4,15.0,False,7398.0
2466,2015-11-06T11:00:00Z,32.0,186.3533464982656,354.9086861484688,119.24739623587212,41.279306508632224,15.282413542678572,43.24115679224228,13.024397389429,4.694244609556473,0.0,0.0,0.0,0.0,0.0,model4,15.0,False,7401.0
2467,2015-11-06T14:00:00Z,32.0,183.1119443235576,364.88400182617625,115.79547588517404,41.551124659730704,16.64540113609798,48.23678479844465,16.690332895367398,4.4696153862628485,0.0,0.0,0.0,0.0,0.0,model4,15.0,False,7404.0
2468,2015-11-06T17:00:00Z,32.0,182.9113266420929,373.862766603516,113.60370958763129,41.650873736526435,17.862129505871476,47.25676415446354,16.84839234584847,4.457131083519041,0.0,0.0,0.0,0.0,0.0,model4,15.0,False,7407.0
2469,2015-11-06T20:00:00Z,32.0,182.4061585816881,378.2412552075945,110.64864508939772,41.29859566165789,17.716519134290827,44.563447573499076,15.232636386940534,4.420643393218954,0.0,0.0,0.0,0.0,0.0,model4,15.0,False,7410.0
2470,2015-11-06T23:00:00Z,32.0,180.27925226647992,395.348876506429,106.77419808031244,41.52255822041435,19.276706276064036,53.65066232664218,15.301311517517725,4.410783912822117,0.0,0.0,0.0,0.0,0.0,model4,15.0,False,7413.0
2471,2015-11-07T02:00:00Z,32.0,178.55244219503587,408.16997722283327,102.73616335574499,41.47400021591609,23.197225688392386,52.123578047417965,11.473333395617518,3.6155945606636326,0.0,0.0,0.0,0.0,0.0,model4,15.0,False,7416.0
2472,2015-11-07T05:00:00Z,32.0,177.5280129479543,414.4507679320467,101.77070694529051,40.871765794793504,22.9715548138786,45.34658673050189,11.927158103535685,3.686065243371901,0.0,0.0,0.0,0.0,0.0,model4,15.0,False,7419.0
2473,2015-11-07T08:00:00Z,32.0,175.51436619013214,423.6074959949499,102.73425015290972,40.58457981264251,22.16966290042695,46.581635355860904,13.369865062533922,3.801720205066924,0.0,0.0,0.0,0.0,0.0,model4,15.0,False,7422.0
2474,2015-11-07T11:00:00Z,32.0,174.0564701760474,425.45163022592146,101.59167066707657,40.0680326398249,21.1257368025834,44.391163904631995,13.364189482079446,3.8640721362733537,0.0,0.0,0.0,0.0,0.0,model4,15.0,False,7425.0
2475,2015-11-07T14:00:00Z,32.0,175.84063157171212,434.94034333361276,101.85276280172936,39.8255537323486,20.479063742366108,49.959948566626,12.62714571493274,4.018742172842743,0.0,0.0,0.0,0.0,0.0,model4,15.0,False,7428.0
2476,2015-11-07T17:00:00Z,32.0,174.93103274044498,440.1901386909289,101.75490663902592,39.680175053894104,19.39064065827048,49.23922402053648,12.685524288079245,4.184499412680848,0.0,0.0,0.0,0.0,0.0,model4,15.0,False,7431.0
2477,2015-11-07T20:00:00Z,32.0,172.15395594728557,449.78232035533136,101.78388673463265,39.52137936281122,19.400324792007808,44.40143459450197,13.037057709879036,4.021411591938129,0.0,0.0,0.0,0.0,0.0,model4,15.0,False,7434.0
2478,2015-11-07T23:00:00Z,32.0,172.76823456132186,445.44617567320984,102.38528585347612,39.06445765369408,18.64158326837013,43.54855739016189,12.535436610957527,4.111077131406454,0.0,0.0,0.0,0.0,0.0,model4,15.0,False,7437.0
2479,2015-11-08T02:00:00Z,32.0,172.34750374008476,444.89765004857657,101.71033939835806,39.14049395200357,13.832545532092734,42.70964550074535,12.777715539406445,4.1123499653271125,0.0,0.0,0.0,0.0,0.0,model4,15.0,False,7440.0
2480,2015-11-08T05:00:00Z,32.0,170.2341672560633,452.4732635898367,100.20137093650894,39.25193037403853,13.902706832989738,40.56878453385007,11.661394606246676,3.670378548871712,0.0,0.0,0.0,0.0,0.0,model4,15.0,False,7443.0
2481,2015-11-08T08:00:00Z,32.0,170.88771694138163,449.4217682938223,100.16957045088631,39.57529343686117,16.325048669399894,45.05920729906969,10.219453120007,3.596418426475888,0.0,0.0,0.0,0.0,0.0,model4,15.0,False,7446.0
2482,2015-11-08T11:00:00Z,32.0,172.7482282947051,451.5526304381217,101.6154236772258,40.10879663322864,16.253399361230386,45.759870588699705,10.5348993525727,3.4350482973052894,0.0,0.0,0.0,0.0,0.0,model4,15.0,False,7449.0
2483,2015-11-08T14:00:00Z,32.0,169.83009473443911,442.9373728293666,101.88916475413971,40.583118807960965,15.439047352273276,42.16369686404703,9.31651367961803,3.232062701721273,0.0,0.0,0.0,0.0,0.0,model4,15.0,False,7452.0
2484,2015-11-08T17:00:00Z,32.0,168.24126956648334,439.28393553665376,100.96287207771576,40.891834064306394,15.279559772967481,43.058169987739674,9.057496779385362,3.040388377130085,0.0,0.0,0.0,0.0,0.0,model4,15.0,False,7455.0
2485,2015-11-08T20:00:00Z,32.0,170.08702940392158,435.65557408398513,98.55722648690994,41.691979199555995,14.70853545311276,41.74651920874003,8.987773452570334,3.3513059964914715,0.0,0.0,0.0,0.0,0.0,model4,15.0,False,7458.0
2486,2015-11-08T23:00:00Z,32.0,169.50116310541225,436.94322776307007,99.34500337264946,42.15152679739232,14.702597117856815,41.370667120974886,9.237524227575948,2.7818337419739705,0.0,0.0,0.0,0.0,0.0,model4,15.0,False,7461.0
2487,2015-11-09T02:00:00Z,32.0,169.17794044951037,440.172148971807,100.0538373502535,41.290558400488415,16.29341459479821,41.011499236394755,8.846178685626668,3.8295111552505463,0.0,0.0,0.0,0.0,0.0,model4,15.0,False,7464.0
2488,2015-11-09T05:00:00Z,32.0,172.6265690250504,442.7144105231137,101.41832220075486,41.86535715587063,17.167259836981316,40.94037071867443,9.25610982130174,4.5691537994306035,0.0,0.0,0.0,0.0,0.0,model4,15.0,False,7467.0
2489,2015-11-09T08:00:00Z,32.0,172.3568401320515,442.9993791850232,100.801106378475,41.61941930129972,17.01799815270612,33.300562375496746,9.32427655858563,4.736579784172745,0.0,0.0,0.0,0.0,0.0,model4,15.0,False,7470.0
2490,2015-11-09T11:00:00Z,32.0,169.838289406206,448.65994751086174,98.33246212021456,41.43954019853715,16.270056803960973,40.3092065960844,10.268631817871944,4.71476962012212,0.0,0.0,0.0,0.0,0.0,model4,15.0,False,7473.0
2491,2015-11-09T14:00:00Z,32.0,171.12758738320704,459.6960831515622,99.70558336897457,41.127521615337294,15.575679081822402,43.289859618514974,10.97873867420759,4.757902721384567,0.0,0.0,0.0,0.0,0.0,model4,15.0,False,7476.0
2492,2015-11-09T17:00:00Z,32.0,171.31332190509363,464.0246931775745,98.79502958509087,40.79996276976326,15.14804865037982,40.247443284447066,12.132564409596041,5.118440610391575,0.0,0.0,0.0,0.0,0.0,model4,15.0,False,7479.0
2493,2015-11-09T20:00:00Z,32.0,172.72182361057705,464.1502578597632,99.56039240258276,39.730543817072295,15.724194131686057,40.63502958661864,11.324048079468017,5.025567210477534,0.0,0.0,0.0,0.0,0.0,model4,15.0,False,7482.0
2494,2015-11-09T23:00:00Z,32.0,173.1096127504654,461.96145525788825,98.68527849643128,39.271922995002434,15.977999641324134,42.502080833651206,11.224516302544064,4.755483269592706,0.0,0.0,0.0,0.0,0.0,model4,15.0,False,7485.0
2495,2015-11-10T02:00:00Z,32.0,174.17195700475597,458.22279780738114,98.47053157880457,40.05768814323032,15.677887636864718,44.246355360001274,11.172916855507069,4.420324166696278,0.0,0.0,0.0,0.0,0.0,model4,15.0,False,7488.0
2496,2015-11-10T05:00:00Z,32.0,171.54060584595985,456.8052505307486,96.90416211515414,39.046075462551386,14.612895218135312,43.28854289299551,10.314121414416947,4.22311200735575,0.0,0.0,0.0,0.0,0.0,model4,15.0,False,7491.0
2497,2015-11-10T08:00:00Z,32.0,172.82068982029384,466.7068155611473,94.93755137833557,39.00752362779851,12.7020002734207,45.628806224723796,10.254310172430179,4.305911057534211,0.0,0.0,0.0,0.0,0.0,model4,15.0,False,7494.0
2498,2015-11-10T11:00:00Z,32.0,173.61648501504985,463.26142245375917,95.9592593544874,39.33236451929537,12.177613300625731,42.96429662303411,9.057559304838213,4.466589957368861,0.0,0.0,0.0,0.0,0.0,model4,15.0,False,7497.0
2499,2015-11-10T14:00:00Z,32.0,172.35922645831013,455.00540733806434,95.11414291274288,39.54610362928775,13.342139855549652,39.216954257313105,8.18228007322065,4.884145200921656,0.0,0.0,0.0,0.0,0.0,model4,15.0,False,7500.0
2500,2015-11-10T17:00:00Z,32.0,171.86207138597234,456.30121374986624,97.32743428748311,39.593423610995664,14.792151029928483,40.01525815870778,7.922267443917217,4.464727566199309,0.0,0.0,0.0,0.0,0.0,model4,15.0,False,7503.0
2501,2015-11-10T20:00:00Z,32.0,170.98569441483363,459.9711122542091,98.86105403095895,40.46231261828339,14.845935185825965,44.92488241701093,8.612349988533419,4.629330737490768,0.0,0.0,0.0,0.0,0.0,model4,15.0,False,7506.0
2502,2015-11-10T23:00:00Z,32.0,170.3962005847464,458.8381030289151,99.80723633816929,40.713856982880074,14.64716381375202,46.439461858149926,9.234571031363792,4.626432613130389,0.0,0.0,0.0,0.0,0.0,model4,15.0,False,7509.0
2503,2015-11-11T02:00:00Z,32.0,171.303022850116,465.30063181808,99.49921621357895,40.85008611424571,13.121179733239671,45.56651339135149,8.843968448827308,4.8449862639339605,0.0,0.0,0.0,0.0,0.0,model4,15.0,False,7512.0
2504,2015-11-11T05:00:00Z,32.0,171.73058309778114,466.0607939263003,101.1832391766252,40.69405881076649,14.835202974554573,46.3359782567949,8.657477631642513,4.3039427108084425,0.0,0.0,0.0,0.0,0.0,model4,15.0,False,7515.0
2505,2015-11-11T08:00:00Z,32.0,169.68556866391225,458.983380705038,103.33815050607704,40.687720356947814,14.203876304718086,41.88128870521936,6.704899764516166,4.249047566927744,0.0,0.0,0.0,0.0,0.0,model4,15.0,False,7518.0
2506,2015-11-11T11:00:00Z,32.0,171.7384669386611,459.3037539391479,105.04339066497442,40.46729797921871,16.031321966085358,47.194638439542246,7.283197860108108,4.200851684476989,0.0,0.0,0.0,0.0,0.0,model4,15.0,False,7521.0
2507,2015-11-11T14:00:00Z,32.0,171.35302225031384,463.6984033203691,103.63599753516623,40.9231113450231,15.410828400038275,51.28290209572097,9.68904413534206,3.79178483274216,0.0,0.0,0.0,0.0,0.0,model4,15.0,False,7524.0
2508,2015-11-11T17:00:00Z,32.0,172.48728356485447,465.0283657618343,101.04411714130993,41.08859813632928,13.466219258337928,51.35478901595887,11.05063965661101,3.9244621832571087,0.0,0.0,0.0,0.0,0.0,model4,15.0,False,7527.0
2509,2015-11-11T20:00:00Z,32.0,171.0471891763635,462.4175759371485,100.49390098739953,40.70339321143236,14.390576519891837,49.706295570299204,11.15162919799692,4.282118612213779,0.0,0.0,0.0,0.0,0.0,model4,15.0,False,7530.0
2510,2015-11-11T23:00:00Z,32.0,172.2586511334906,467.89879067614083,100.8023863967301,40.141672442703545,14.368290398941506,55.0361164307117,10.792985143615804,5.018819055901326,0.0,0.0,0.0,0.0,0.0,model4,15.0,False,7533.0
2511,2015-11-12T02:00:00Z,32.0,170.1554857488853,463.3429249188423,101.57294191467248,39.54923712940958,14.60191849233919,55.434360043676605,11.071449335459976,4.99080931244809,0.0,0.0,0.0,0.0,0.0,model4,15.0,False,7536.0
2512,2015-11-12T05:00:00Z,32.0,169.121709970085,458.5017405501015,100.22318664313688,40.14058535874583,13.212067191430886,57.144485054102326,11.048867304423172,4.839266824127216,0.0,0.0,0.0,0.0,0.0,model4,15.0,False,7539.0
2513,2015-11-12T08:00:00Z,32.0,171.08085498263654,461.7785932474543,99.22496588745588,40.083567435860964,14.154351285264251,59.13661664352208,11.309775441197578,5.149735431671204,0.0,0.0,0.0,0.0,0.0,model4,15.0,False,7542.0
2514,2015-11-12T11:00:00Z,32.0,167.34193701330827,459.15086211921687,97.68747272794191,40.28691228981904,12.453641306576555,53.722203036104524,9.894120795159653,5.32309034461622,0.0,0.0,0.0,0.0,0.0,model4,15.0,False,7545.0
2515,2015-11-12T14:00:00Z,32.0,168.66248790971213,460.9969597311597,99.11830419833595,39.94314168563954,13.150256810256806,53.45776882692081,9.172207621282514,5.227222653935253,0.0,0.0,0.0,0.0,0.0,model4,15.0,False,7548.0
2516,2015-11-12T17:00:00Z,32.0,168.29163696503616,452.49869048839514,102.0810362612518,39.32253572343164,13.179728475277324,57.03421795934507,8.602966241620532,5.1303865944079154,0.0,0.0,0.0,0.0,0.0,model4,15.0,False,7551.0
2517,2015-11-12T20:00:00Z,32.0,166.8618807733204,447.58890385772315,101.10604093320005,39.6993966170184,13.625276593040885,57.03953572225673,8.804192543787583,4.982153958234384,0.0,0.0,0.0,0.0,0.0,model4,15.0,False,7554.0
2518,2015-11-12T23:00:00Z,32.0,166.58670068445332,442.36075902887353,99.81943482287213,39.84622788311327,13.066636912065196,53.293474999852236,8.736603090584229,4.7023341100389375,0.0,0.0,0.0,0.0,0.0,model4,15.0,False,7557.0
2519,2015-11-13T02:00:00Z,32.0,166.15806187176426,444.86304902522375,98.27375748540777,39.92243423471686,13.976669829606232,55.45403813710329,9.217958500158172,4.894238245138276,0.0,0.0,0.0,0.0,0.0,model4,15.0,False,7560.0
2520,2015-11-13T05:00:00Z,32.0,167.40868714892937,442.7356686736071,99.02178043926159,39.27961847087594,13.987505660340945,54.77015543411142,9.560134749290283,5.001009522458443,0.0,0.0,0.0,0.0,0.0,model4,15.0,False,7563.0
2521,2015-11-13T08:00:00Z,32.0,163.6735057113096,438.59449696431886,99.38468631397207,39.541625876844776,14.73473736775385,50.50418503460654,9.326444795214801,4.594848762221397,0.0,0.0,0.0,0.0,0.0,model4,15.0,False,7566.0
2522,2015-11-13T11:00:00Z,32.0,163.67053207910712,433.76598283780885,99.67830134816359,38.72873204107014,15.559209705361454,51.54171524227249,9.38560599174529,4.653204997764911,0.0,0.0,0.0,0.0,0.0,model4,15.0,False,7569.0
2523,2015-11-13T14:00:00Z,32.0,162.42362789941737,430.737316444958,98.62913003894194,38.44158364651499,15.44625518244612,44.755938316837046,8.86029831309574,4.5416797186118165,0.0,0.0,0.0,0.0,0.0,model4,15.0,False,7572.0
2524,2015-11-13T17:00:00Z,32.0,164.30462161244014,434.7131683930278,98.37477755301072,39.22897405170424,16.940486563862677,49.1205549380773,9.052822023707542,4.756054724112484,0.0,0.0,0.0,0.0,0.0,model4,15.0,False,7575.0
2525,2015-11-13T20:00:00Z,32.0,166.8100008570755,441.30173480706003,99.70227134114931,38.977789734934774,16.187352307354114,47.11696292926995,10.281037135051358,4.542093437601847,0.0,0.0,0.0,0.0,0.0,model4,15.0,False,7578.0
2526,2015-11-13T23:00:00Z,32.0,166.48361966987122,439.2554913320951,100.04888870769699,39.285085780025746,16.557129309646847,47.97977024501184,10.517348731663473,4.980090897653847,0.0,0.0,0.0,0.0,0.0,model4,15.0,False,7581.0
2527,2015-11-14T02:00:00Z,32.0,168.03199229384018,437.72854347671614,101.23413555569904,39.559851567110684,15.749457792408984,46.269620982986346,9.430401992405354,4.570332872154734,0.0,0.0,0.0,0.0,0.0,model4,15.0,False,7584.0
2528,2015-11-14T05:00:00Z,32.0,167.51210039615626,446.78501394342913,99.55448768656822,40.08437909732555,16.310135717390178,47.563464662610514,11.468426838772626,4.428175575662335,0.0,0.0,0.0,0.0,0.0,model4,15.0,False,7587.0
2529,2015-11-14T08:00:00Z,32.0,169.47580716733094,448.54739821556433,100.43523087177334,39.4371127306822,14.128290268572815,47.988668883652245,12.03442650888668,4.737838711826188,0.0,0.0,0.0,0.0,0.0,model4,15.0,False,7590.0
2530,2015-11-14T11:00:00Z,32.0,172.45033510622562,455.8306561751157,100.86186915336886,40.31485062563162,14.344349909939124,48.800725309356785,12.153218722489575,4.449567750927451,0.0,0.0,0.0,0.0,0.0,model4,15.0,False,7593.0
2531,2015-11-14T14:00:00Z,32.0,172.32971717863018,449.1510644527224,101.57030134811623,40.50222956435773,14.142555892220065,51.146839996582614,11.790831744631625,4.607474510649609,0.0,0.0,0.0,0.0,0.0,model4,15.0,False,7596.0
2532,2015-11-14T17:00:00Z,32.0,170.84403177019857,444.41802049686083,99.85495941116226,40.73520445402471,13.623392877795824,50.293281990938155,12.219717571472144,4.8477669906725165,0.0,0.0,0.0,0.0,0.0,model4,15.0,False,7599.0
2533,2015-11-14T20:00:00Z,32.0,170.46258496442698,443.4114310328226,98.89128511405625,40.65026701506879,13.530111546439734,50.56744122383032,10.757605532008519,4.560867207356568,0.0,0.0,0.0,0.0,0.0,model4,15.0,False,7602.0
2534,2015-11-14T23:00:00Z,32.0,171.27398175979198,442.1286632437285,100.00317614528048,40.19417273034505,14.404203534001491,45.61422019887142,10.926365535534474,3.9133231286150574,0.0,0.0,0.0,0.0,0.0,model4,15.0,False,7605.0
2535,2015-11-15T02:00:00Z,32.0,170.0837819878993,440.8377848015238,100.33739321008663,39.856049689154574,15.514255550072848,45.3241814156481,10.980318054347734,4.155110198748618,0.0,0.0,0.0,0.0,0.0,model4,15.0,False,7608.0
2536,2015-11-15T05:00:00Z,32.0,170.27790737998498,434.34729695419924,100.30422166194042,39.550165914684456,15.365509310733644,43.965762363768064,9.512467030980273,4.494076117167698,0.0,0.0,0.0,0.0,0.0,model4,15.0,False,7611.0
2537,2015-11-15T08:00:00Z,32.0,171.3666060109945,438.3945614288765,98.87639762902259,39.11298739178537,15.450722804355626,52.13274917168035,8.540264824669261,5.818092300715595,0.0,0.0,0.0,0.0,0.0,model4,15.0,False,7614.0
2538,2015-11-15T11:00:00Z,32.0,170.45151622032768,437.11277799816,98.52351083692308,38.207904862861106,14.280264143897774,47.91266796172216,8.587922106953657,5.983928640139933,0.0,0.0,0.0,0.0,0.0,model4,15.0,False,7617.0
2539,2015-11-15T14:00:00Z,32.0,171.46984162631537,444.95811433575653,98.72044146813411,38.272254969436396,13.243133570254777,48.61322828361188,10.149206284128745,6.05194243436409,0.0,0.0,0.0,0.0,0.0,model4,15.0,False,7620.0
2540,2015-11-15T17:00:00Z,32.0,170.1419214347041,452.1458504457403,98.9567170327992,37.7083620673899,13.73436661246864,43.173894019619205,8.94962674702973,5.7063944619194995,0.0,0.0,0.0,0.0,0.0,model4,15.0,False,7623.0
2541,2015-11-15T20:00:00Z,32.0,168.99147468549288,454.0642814323555,99.38117788653463,36.84112235723842,14.031583010674044,58.15557736455768,9.719390836317984,5.810783383503404,0.0,0.0,0.0,0.0,0.0,model4,15.0,False,7626.0
2542,2015-11-15T23:00:00Z,32.0,167.61350399312985,460.689149000309,98.02801190806869,37.03497874252703,13.375033388543404,54.568318096898366,9.57370250320859,6.187466354319575,0.0,0.0,0.0,0.0,0.0,model4,15.0,False,7629.0
2543,2015-11-16T02:00:00Z,32.0,169.04639325838178,459.63657011817634,96.43712986846263,37.030376585081896,12.300147766457995,53.65223660354378,9.658164580624488,6.167716221548918,0.0,0.0,0.0,0.0,0.0,model4,15.0,False,7632.0
2544,2015-11-16T05:00:00Z,32.0,168.94685712984668,455.8602208600145,98.00026370154472,37.21625316235887,13.103377950654785,54.64251084940664,9.201146639457738,6.3056436014592085,0.0,0.0,0.0,0.0,0.0,model4,15.0,False,7635.0
2545,2015-11-16T08:00:00Z,32.0,167.59278840123545,451.1951201185804,98.89917219838793,38.488453150422295,12.631847216798622,48.735113839576904,9.546441364662046,5.390165950587512,0.0,0.0,0.0,0.0,0.0,model4,15.0,False,7638.0
2546,2015-11-16T11:00:00Z,32.0,166.440933575178,451.38497897875465,98.23406640762964,39.073933912113034,11.747908908566432,49.42356964886618,11.592258486614899,5.391815293533531,0.0,0.0,0.0,0.0,0.0,model4,15.0,False,7641.0
2547,2015-11-16T14:00:00Z,32.0,167.88315412519958,448.26160371760085,99.023514020023,38.95286704023178,12.548169481022345,52.49720545925459,10.692393180873962,5.154441472900149,0.0,0.0,0.0,0.0,0.0,model4,15.0,False,7644.0
2548,2015-11-16T17:00:00Z,32.0,166.9232513495337,445.7018235863305,98.97954619881294,39.084661317069504,13.444186310069098,52.568703354452,10.693706544115162,5.303458333051156,0.0,0.0,0.0,0.0,0.0,model4,15.0,False,7647.0
2549,2015-11-16T20:00:00Z,32.0,168.33094193137708,448.28776124321786,98.48822490270244,40.19759950339881,12.937167073964508,41.012575573134534,10.086754377898917,5.369821618516316,0.0,0.0,0.0,0.0,0.0,model4,15.0,False,7650.0
2550,2015-11-16T23:00:00Z,32.0,168.5511719080202,449.2263810460162,97.47541836439872,39.786026481619714,11.769998622708588,42.431287331288466,10.59772171899675,5.358655677626382,0.0,0.0,0.0,0.0,0.0,model4,15.0,False,7653.0
2551,2015-11-17T02:00:00Z,32.0,168.43198436201487,451.9146305119295,99.00597644100641,39.67480974611781,11.580286342282252,43.30282305390186,10.74157435264949,5.348527393828356,0.0,0.0,0.0,0.0,0.0,model4,15.0,False,7656.0
2552,2015-11-17T05:00:00Z,32.0,169.33650181163074,457.6283348292452,99.88891431466179,40.09363603823082,10.881749458265858,40.079677009103726,11.264668766797303,5.091403243653361,0.0,0.0,0.0,0.0,0.0,model4,15.0,False,7659.0
2553,2015-11-17T08:00:00Z,32.0,169.93987125072982,455.1989410189543,100.38629374166807,39.9806451739284,12.883827728367033,41.19365877991787,11.4748716544336,5.4290322741286205,0.0,0.0,0.0,0.0,0.0,model4,15.0,False,7662.0
2554,2015-11-17T11:00:00Z,32.0,169.9441531160979,454.843946987518,102.84985586360277,39.563329721542225,12.71669621477479,40.58394899915624,10.193792399639372,5.321916758866184,0.0,0.0,0.0,0.0,0.0,model4,15.0,False,7665.0
2555,2015-11-17T14:00:00Z,32.0,169.04468927149804,450.8097810402812,102.39058862174879,39.77872328352788,12.571495517753384,36.163133648433046,10.349330590675496,5.6107369810532255,0.0,0.0,0.0,0.0,0.0,model4,15.0,False,7668.0
2556,2015-11-17T17:00:00Z,32.0,170.99092020451158,457.26768811218597,102.56043517096084,40.01463343405296,10.680335712803096,41.91561059613319,10.09300810796984,5.449998410248461,0.0,0.0,0.0,0.0,0.0,model4,15.0,False,7671.0
2557,2015-11-17T20:00:00Z,32.0,170.16629124991982,456.32553429524216,102.7660176535203,39.46629756557326,10.701754661278454,41.46850628783075,10.183976962723364,5.164682308748303,0.0,0.0,0.0,0.0,0.0,model4,15.0,False,7674.0
2558,2015-11-17T23:00:00Z,32.0,169.69908033596212,454.8369146307919,103.98663543504915,40.360512389208154,11.116645261426356,40.6633775768922,9.246724653792167,4.81710571580702,0.0,0.0,0.0,0.0,0.0,model4,15.0,False,7677.0
2559,2015-11-18T02:00:00Z,32.0,168.93007564827886,452.1459464286042,105.16321076588429,40.30329823683609,12.882762342301605,42.38194561171815,10.510903762740387,4.747830697289462,0.0,0.0,0.0,0.0,0.0,model4,15.0,False,7680.0
2560,2015-11-18T05:00:00Z,32.0,168.63068317226126,448.8241604839937,103.51623327937271,40.51974994996433,13.9169350453913,45.88500468972333,11.125565152073444,5.614173640764344,0.0,0.0,0.0,0.0,0.0,model4,15.0,False,7683.0
2561,2015-11-18T08:00:00Z,32.0,169.3320881120012,454.9581807293915,103.10109920089177,40.44182028576538,12.042007035720134,45.35134483506312,10.839334318842015,5.590242014201814,0.0,0.0,0.0,0.0,0.0,model4,15.0,False,7686.0
2562,2015-11-18T11:00:00Z,32.0,169.31524370566882,460.00872404782723,100.35847883172626,40.93264351094604,12.127366503550231,47.34401835412651,12.09993225690451,5.3087481735735915,0.0,0.0,0.0,0.0,0.0,model4,15.0,False,7689.0
2563,2015-11-18T14:00:00Z,32.0,167.67890997254366,468.4802670139277,100.26409868755974,40.38185659641854,12.976880862843007,45.651616836123324,12.422709429710505,5.546539710747715,0.0,0.0,0.0,0.0,0.0,model4,15.0,False,7692.0
2564,2015-11-18T17:00:00Z,32.0,167.37556947935568,455.5437489787088,100.15373856406781,39.77667910116481,13.246646122962394,49.045654710925284,12.635030811264794,5.740081642605487,0.0,0.0,0.0,0.0,0.0,model4,15.0,False,7695.0
2565,2015-11-18T20:00:00Z,32.0,167.20808148926685,451.70816308200193,100.25880189475865,39.13890692501765,13.308184249847448,45.0584979068586,12.495245447568353,5.92668782095322,0.0,0.0,0.0,0.0,0.0,model4,15.0,False,7698.0
2566,2015-11-18T23:00:00Z,32.0,168.5522687451238,445.3851307223035,100.98834363921866,39.00035924359385,13.362066739710386,48.38307334724682,11.884203469968119,5.804567095222791,0.0,0.0,0.0,0.0,0.0,model4,15.0,False,7701.0
2567,2015-11-19T02:00:00Z,32.0,169.82809911138466,442.3704749093971,100.13990075409306,39.63174861368131,12.767063765897445,48.4241250002211,9.980349708645534,6.131856901570876,0.0,0.0,0.0,0.0,0.0,model4,15.0,False,7704.0
2568,2015-11-19T05:00:00Z,32.0,170.34958040413625,441.6580555112896,100.71449135156028,38.79028678735005,11.337887053837273,45.97006361412221,10.079182364667382,5.2926104069030995,0.0,0.0,0.0,0.0,0.0,model4,15.0,False,7707.0
2569,2015-11-19T08:00:00Z,32.0,168.86360544997837,443.4065095976076,99.85069726184044,38.88414109106676,11.352020655457421,51.06049471753626,10.248639567864258,5.10017563102311,0.0,0.0,0.0,0.0,0.0,model4,15.0,False,7710.0
2570,2015-11-19T11:00:00Z,32.0,167.2506922694434,437.50672326096657,99.55470483460584,38.65346975235858,12.949754862764065,47.710064122336604,9.041283085957094,5.082107645912428,0.0,0.0,0.0,0.0,0.0,model4,15.0,False,7713.0
2571,2015-11-19T14:00:00Z,32.0,167.58352558530026,431.52062890590065,99.24247295476826,38.459339655265815,13.461195631287547,43.33807147164126,8.759524084703166,5.038023284591431,0.0,0.0,0.0,0.0,0.0,model4,15.0,False,7716.0
2572,2015-11-19T17:00:00Z,32.0,168.09191460661845,440.3984423993178,99.18004385683277,38.0309171787661,13.886495290794446,38.39820545447083,9.004175820773638,5.207940880480549,0.0,0.0,0.0,0.0,0.0,model4,15.0,False,7719.0
2573,2015-11-19T20:00:00Z,32.0,167.33714982494303,440.5757538742889,100.42336119288572,39.04429476334613,14.561827330906329,40.41528974423296,9.9917859054957,5.053684473251705,0.0,0.0,0.0,0.0,0.0,model4,15.0,False,7722.0
2574,2015-11-19T23:00:00Z,32.0,165.2750890630684,446.0079010512586,100.88206307612249,38.693474544818564,15.050348375218961,39.98235966246312,11.325000532948055,5.375418704589358,0.0,0.0,0.0,0.0,0.0,model4,15.0,False,7725.0
2575,2015-11-20T02:00:00Z,32.0,164.15832740315932,450.9778514499108,98.66118530126396,38.47750406284084,14.07725985128886,36.499559147061795,12.180436464338731,5.1143620160974335,0.0,0.0,0.0,0.0,0.0,model4,15.0,False,7728.0
2576,2015-11-20T05:00:00Z,32.0,163.14287615468822,448.45684290378944,98.78995717390848,38.557255669321016,13.552418478340812,42.67494416550212,12.197439824865404,5.54241351557966,0.0,0.0,0.0,0.0,0.0,model4,15.0,False,7731.0
2577,2015-11-20T08:00:00Z,32.0,162.1273818847719,435.1786203718637,99.56447634723612,38.41006652652532,13.715862269227872,41.11256736886109,12.064732242434411,5.442085093716915,0.0,0.0,0.0,0.0,0.0,model4,15.0,False,7734.0
2578,2015-11-20T11:00:00Z,32.0,163.4660777010173,431.81563845701623,99.60024129834062,38.318962214432176,14.13236490241821,40.846448337859975,11.362871434125926,5.427270730570863,0.0,0.0,0.0,0.0,0.0,model4,15.0,False,7737.0
2579,2015-11-20T14:00:00Z,32.0,163.8895274682227,428.54761246955843,98.62142744091958,39.75227276645579,12.58493555428668,47.870277210239884,11.28476753844657,5.796890807051362,0.0,0.0,0.0,0.0,0.0,model4,15.0,False,7740.0
2580,2015-11-20T17:00:00Z,32.0,164.60792731381375,430.2441293389665,99.18639864410841,40.09834697054001,12.297818713293085,52.37708240372749,10.899504324019198,5.5421344577534715,0.0,0.0,0.0,0.0,0.0,model4,15.0,False,7743.0
2581,2015-11-20T20:00:00Z,32.0,165.301634663552,429.4567786828868,97.92899464179678,39.537535184393114,12.399367682797447,50.746511376839024,10.047731736205574,5.486841497397943,0.0,0.0,0.0,0.0,0.0,model4,15.0,False,7746.0
2582,2015-11-20T23:00:00Z,32.0,168.38054551373043,429.4519220397658,96.661868769534,39.586023967724756,12.622997337795248,49.558947833189706,8.17796982678396,5.478692812081869,0.0,0.0,0.0,0.0,0.0,model4,15.0,False,7749.0
2583,2015-11-21T02:00:00Z,32.0,167.86725747409662,428.84004234129486,98.77501426441569,39.06346718189162,12.620787739961903,49.52488251456028,7.502749698882201,5.591578296927482,0.0,0.0,0.0,0.0,0.0,model4,15.0,False,7752.0
2584,2015-11-21T05:00:00Z,32.0,166.41863933540813,438.0680927420221,98.72073662098506,39.80617455106493,12.675028663965485,48.137630610777826,6.892691820451888,5.336527494980623,0.0,0.0,0.0,0.0,0.0,model4,15.0,False,7755.0
2585,2015-11-21T08:00:00Z,32.0,165.99627960923772,442.579915782196,100.06864050376758,39.8630635585508,13.252369426982597,44.974116800121486,8.471652736431944,5.200834173188529,0.0,0.0,0.0,0.0,0.0,model4,15.0,False,7758.0
2586,2015-11-21T11:00:00Z,32.0,166.15773626886568,445.6673164323192,101.87666961938037,40.9778858834615,11.774962981214573,44.603088890618324,7.804554679447455,5.991569060838701,0.0,0.0,0.0,0.0,0.0,model4,15.0,False,7761.0
2587,2015-11-21T14:00:00Z,32.0,164.83551477132568,454.09041461385664,103.12516566219178,40.68138348353507,13.506456902387777,39.3950196870702,7.096746701044401,5.912991179631812,0.0,0.0,0.0,0.0,0.0,model4,15.0,False,7764.0
2588,2015-11-21T17:00:00Z,32.0,163.39310933926632,448.3893221472664,101.59632237506905,40.1215676746826,13.148383548643885,36.56575965490546,8.776305400049731,6.1083303064603225,0.0,0.0,0.0,0.0,0.0,model4,15.0,False,7767.0
2589,2015-11-21T20:00:00Z,32.0,165.47350820573757,444.83399302696546,100.61635382254806,40.10140462617446,13.968358415664413,42.50863038631558,9.082657564041936,6.539360451114987,0.0,0.0,0.0,0.0,0.0,model4,15.0,False,7770.0
2590,2015-11-21T23:00:00Z,32.0,164.1219452670123,445.8712715882809,102.13471978935213,40.13115142869196,12.955233353929545,41.872493048118855,9.585578651993114,6.977271786373607,0.0,0.0,0.0,0.0,0.0,model4,15.0,False,7773.0
2591,2015-11-22T02:00:00Z,32.0,164.11352541865946,444.36099258855796,100.6788746351368,39.866899907589065,13.82272266350677,44.60970555694355,10.382142272573537,7.063298005462848,0.0,0.0,0.0,0.0,0.0,model4,15.0,False,7776.0
2592,2015-11-22T05:00:00Z,32.0,165.2831719902836,445.4219786651998,101.32371733592636,38.9627659933189,13.30715357186424,45.06120302554129,11.398859811041975,6.866423946399365,0.0,0.0,0.0,0.0,0.0,model4,15.0,False,7779.0
2593,2015-11-22T08:00:00Z,32.0,168.4873838401601,450.23899763783277,99.67686743341885,39.15408988624578,13.774169249896214,45.83130072183854,10.52391303026597,7.003891660587461,0.0,0.0,0.0,0.0,0.0,model4,15.0,False,7782.0
2594,2015-11-22T11:00:00Z,32.0,168.52221738349678,459.95101957693527,99.59461394032265,38.2881199424388,13.648791537160506,51.437837364790354,12.520515723233625,7.2577478037805045,0.0,0.0,0.0,0.0,0.0,model4,15.0,False,7785.0
2595,2015-11-22T14:00:00Z,32.0,171.71808974244033,452.89329704174884,98.27225157042268,38.15407566524872,12.113755830288177,54.55403308457372,13.012285394687964,7.085276987285049,0.0,0.0,0.0,0.0,0.0,model4,15.0,False,7788.0
2596,2015-11-22T17:00:00Z,32.0,172.31367720688297,458.8146878768308,98.3244399300541,38.75125490897767,11.502223501259696,59.371725453758046,12.987309852635054,6.787870378552997,0.0,0.0,0.0,0.0,0.0,model4,15.0,False,7791.0
2597,2015-11-22T20:00:00Z,32.0,172.10575188937298,466.7186869408663,100.36588131289162,39.252648341253156,11.159030197415962,59.210914534672575,13.266103305491828,6.841902156453763,0.0,0.0,0.0,0.0,0.0,model4,15.0,False,7794.0
2598,2015-11-22T23:00:00Z,32.0,173.90544405291686,465.68749335230507,98.36396715096916,39.34840270311226,13.213598080004996,59.4075047213433,12.69103916737149,6.422325368157554,0.0,0.0,0.0,0.0,0.0,model4,15.0,False,7797.0
2599,2015-11-23T02:00:00Z,32.0,174.34330951885357,468.9329970267192,99.27129352307476,40.06152739537762,11.89414531072102,58.01014375290143,12.080085848168334,6.425524208395678,0.0,0.0,0.0,0.0,0.0,model4,15.0,False,7800.0
2600,2015-11-23T05:00:00Z,32.0,174.2475433087731,462.1052576981562,100.40316992580736,39.92948473223442,14.36798069751374,61.24511328937725,12.044479332477795,6.626289071240955,0.0,0.0,0.0,0.0,0.0,model4,15.0,False,7803.0
2601,2015-11-23T08:00:00Z,32.0,174.10044570250741,460.55831959016336,100.30319127524523,39.5509804875433,14.041598353481605,60.04953388493797,12.096361760848986,6.5575949129315605,0.0,0.0,0.0,0.0,0.0,model4,15.0,False,7806.0
2602,2015-11-23T11:00:00Z,32.0,176.1271675466664,453.6755960143456,99.96169225692071,39.92716457196917,13.95811929524942,55.326594065566034,10.061640469487203,5.212619865579863,0.0,0.0,0.0,0.0,0.0,model4,15.0,False,7809.0
2603,2015-11-23T14:00:00Z,32.0,175.37717955411077,459.0650919606444,100.75301837306313,39.92824999111271,16.209715575774574,50.61308208444097,9.026927519030707,5.082438753233428,0.0,0.0,0.0,0.0,0.0,model4,15.0,False,7812.0
2604,2015-11-23T17:00:00Z,32.0,174.48058934081834,453.3847075314531,101.85323584804762,40.09408943660945,17.462662781053403,45.39173492896384,8.361485169634161,5.011154249534627,0.0,0.0,0.0,0.0,0.0,model4,15.0,False,7815.0
2605,2015-11-23T20:00:00Z,32.0,173.16380469344097,453.3104306366919,101.10124040052912,39.738503775379264,17.421615132093102,37.753132884000756,8.817317949389038,4.7128679847624335,0.0,0.0,0.0,0.0,0.0,model4,15.0,False,7818.0
2606,2015-11-23T23:00:00Z,32.0,170.45637907753996,453.1322587746697,102.11656659419708,39.8978313507333,16.121322736787857,37.89045834238854,8.558491602917934,4.304000040936479,0.0,0.0,0.0,0.0,0.0,model4,15.0,False,7821.0
2607,2015-11-24T02:00:00Z,32.0,171.23803283642616,452.4118995541568,101.49483974914699,40.22645243856432,16.162198507658648,35.97116288584542,10.193741986588426,4.216450298261238,0.0,0.0,0.0,0.0,0.0,model4,15.0,False,7824.0
2608,2015-11-24T05:00:00Z,32.0,170.8045561442812,450.02800098687067,98.90895720694955,40.63551219840815,14.449644369864213,37.661843832103926,10.181722995943394,3.815866725321778,0.0,0.0,0.0,0.0,0.0,model4,15.0,False,7827.0
2609,2015-11-24T08:00:00Z,32.0,168.66124570722403,452.6338644005722,99.0750803828436,40.8657244796215,16.63009335625092,37.9526218367689,10.171204457757266,4.04596981039779,0.0,0.0,0.0,0.0,0.0,model4,15.0,False,7830.0
2610,2015-11-24T11:00:00Z,32.0,166.08733985644668,454.6966142928712,98.26577943636156,41.11901751893733,16.270523170739214,44.911058658503016,10.182505315677169,4.320682203825463,0.0,0.0,0.0,0.0,0.0,model4,15.0,False,7833.0
2611,2015-11-24T14:00:00Z,32.0,162.73687221636712,454.75457974517883,97.79351908699562,40.54397456649111,15.602105718623415,46.47221343818142,10.396627385852064,4.251091241083581,0.0,0.0,0.0,0.0,0.0,model4,15.0,False,7836.0
2612,2015-11-24T17:00:00Z,32.0,164.02034345673687,456.3187977267004,98.33162104536585,41.01294985153229,15.431905534456945,46.91808822674693,10.494952594212377,4.300459595918987,0.0,0.0,0.0,0.0,0.0,model4,15.0,False,7839.0
2613,2015-11-24T20:00:00Z,32.0,162.92255954557277,453.3115885241948,98.16518859741586,41.528317891718736,15.870992151374884,46.30874777884248,9.945978172676591,3.7903774421381815,0.0,0.0,0.0,1.0,0.0,model4,15.0,False,7842.0
2614,2015-11-24T23:00:00Z,32.0,162.5046839470211,448.57431826574776,96.34957226466145,41.27682931953402,15.835385471039714,51.216854723451824,10.307520652036931,4.086000643636761,0.0,0.0,0.0,1.0,0.0,model4,15.0,False,7845.0
2615,2015-11-25T02:00:00Z,32.0,162.77332293504284,439.6846632642593,96.88706610043856,41.098431221014856,17.241995621055096,57.326203293990496,9.340138598874352,3.70078290074472,0.0,0.0,0.0,1.0,0.0,model4,15.0,False,7848.0
2616,2015-11-25T05:00:00Z,32.0,162.1433813695898,441.4675273472257,98.28712221348715,41.40067692586921,17.635026566357833,55.04374661088888,9.056281938013722,3.815648774204576,0.0,0.0,0.0,1.0,0.0,model4,15.0,False,7851.0
2617,2015-11-25T08:00:00Z,32.0,164.41276933464553,434.25544178651336,99.49049168231191,41.23629105234871,16.463199468972235,55.197888310351104,9.878536353948917,3.669573085329188,0.0,0.0,0.0,1.0,0.0,model4,15.0,False,7854.0
2618,2015-11-25T11:00:00Z,32.0,165.24581018230504,429.9275269066215,101.00618516317921,40.158229451829136,15.992151814079481,47.93057687386287,9.887850590285552,3.627423949715687,0.0,0.0,0.0,1.0,0.0,model4,15.0,False,7857.0
2619,2015-11-25T14:00:00Z,32.0,167.70682372846625,423.7957450333431,101.31035935796992,40.88035243209306,13.321225414281813,47.04174055491632,9.524877471541831,3.947306840125056,0.0,0.0,0.0,1.0,0.0,model4,15.0,False,7860.0
2620,2015-11-25T17:00:00Z,32.0,166.50104458468059,417.96223028561263,100.48355760390123,41.058613511628266,13.542291242527002,49.68294831736611,9.611630640883988,4.243853687802663,0.0,0.0,0.0,1.0,0.0,model4,15.0,False,7863.0
2621,2015-11-25T20:00:00Z,32.0,168.92824207802718,418.8497108427277,99.70069441489812,40.89535150528332,13.437110001613519,50.730511400705566,10.568451848352288,4.355577611047174,0.0,0.0,0.0,0.0,0.0,model4,15.0,False,7866.0
2622,2015-11-25T23:00:00Z,32.0,169.19322295944298,423.83690055658616,102.1270238946605,41.108321051379825,12.899270235838955,49.92000469063178,10.180700759726037,4.238014025655812,0.0,0.0,0.0,0.0,0.0,model4,15.0,False,7869.0
2623,2015-11-26T02:00:00Z,32.0,169.02163994437547,427.9659349521656,101.93962115989812,40.249291073392136,11.71326113031668,45.62835287310943,10.230596501194212,4.891165632124193,0.0,0.0,0.0,0.0,0.0,model4,15.0,False,7872.0
2624,2015-11-26T05:00:00Z,32.0,168.71506818020598,430.20015101648085,100.92702773792743,41.06732300861199,12.196702432619688,50.69705562327994,9.844418816210432,5.364886161202659,0.0,0.0,0.0,0.0,0.0,model4,15.0,False,7875.0
2625,2015-11-26T08:00:00Z,32.0,168.85899714017054,431.8240949538807,99.81631062119317,41.11533840814508,13.366169345285318,48.64406585621639,9.361137051323457,5.272795342537614,0.0,0.0,0.0,0.0,0.0,model4,15.0,False,7878.0
2626,2015-11-26T11:00:00Z,32.0,169.70475234128787,425.955550249263,98.89020782366177,41.691335382754566,14.72224648238122,52.001040063007686,9.1151762369082,4.90032803041395,0.0,0.0,0.0,0.0,0.0,model4,15.0,False,7881.0
2627,2015-11-26T14:00:00Z,32.0,169.00547511944632,428.48114093904366,99.4357129577284,40.84498471568197,15.185510547040439,48.40533777378721,9.12867521795367,4.896105214301311,0.0,0.0,0.0,0.0,0.0,model4,15.0,False,7884.0
2628,2015-11-26T17:00:00Z,32.0,170.6712073527111,438.54023106560754,100.601652851792,40.202502653497866,14.9336122451448,43.52959847593585,8.772260204457837,4.732504441705976,0.0,0.0,0.0,0.0,0.0,model4,15.0,False,7887.0
2629,2015-11-26T20:00:00Z,32.0,167.40883269437833,437.3356514494892,101.29635317933243,39.88914517535653,17.643433323624624,49.85686934510653,7.030519658710787,5.024148201504839,0.0,0.0,0.0,0.0,0.0,model4,15.0,False,7890.0
2630,2015-11-26T23:00:00Z,32.0,169.25666856196403,430.6187166205652,100.76015970637907,40.15223886653337,18.527223698684406,50.77904508236485,7.704127077370321,4.98929185391391,0.0,0.0,0.0,0.0,0.0,model4,15.0,False,7893.0
2631,2015-11-27T02:00:00Z,32.0,167.77889174287515,431.7170576113545,100.63986770328968,40.469664588319866,18.04839847153778,49.167483269322865,7.441840430409628,4.556765100811879,0.0,0.0,0.0,0.0,0.0,model4,15.0,False,7896.0
2632,2015-11-27T05:00:00Z,32.0,169.5522275669605,431.8018727790706,101.24118871065062,39.381444321079904,17.776434801654005,44.599251532119006,7.887705102037669,3.4585083386880298,0.0,0.0,0.0,0.0,0.0,model4,15.0,False,7899.0
2633,2015-11-27T08:00:00Z,32.0,168.68726832328454,435.9740135869416,100.6357360804826,39.15224195507511,16.855355355814627,48.40691405436095,7.834602255897138,3.7154106741566286,0.0,0.0,0.0,0.0,0.0,model4,15.0,False,7902.0
2634,2015-11-27T11:00:00Z,32.0,167.81675970766713,439.77957077019164,99.34548120104178,38.983470399948416,15.789331954730086,46.89955564600047,8.171343472879945,3.799046177038808,0.0,0.0,0.0,0.0,0.0,model4,15.0,False,7905.0
2635,2015-11-27T14:00:00Z,32.0,168.58124819227297,447.69081066430664,99.90081591265543,39.11013091025603,15.698385837850747,53.05876542248607,8.444549239875519,3.760864296701447,0.0,0.0,0.0,0.0,0.0,model4,15.0,False,7908.0
2636,2015-11-27T17:00:00Z,32.0,169.83127393644432,443.01129214713575,98.92887483841992,39.285586948926365,16.417449207527653,55.057702086684934,8.440595083948873,3.7096019599979417,0.0,0.0,0.0,0.0,0.0,model4,15.0,False,7911.0
2637,2015-11-27T20:00:00Z,32.0,173.86348229979308,444.353540697115,99.49102248826144,39.41073526652265,14.291052265183838,50.789718709451144,8.89624567090396,3.7210351193263898,0.0,0.0,0.0,0.0,0.0,model4,15.0,False,7914.0
2638,2015-11-27T23:00:00Z,32.0,173.02835015867265,449.0702228476216,100.04647006872551,39.15788376556298,14.046503026426738,47.41890901898982,8.350064174347262,3.714362434513463,0.0,0.0,0.0,0.0,0.0,model4,15.0,False,7917.0
2639,2015-11-28T02:00:00Z,32.0,174.70939403674095,446.2921004444551,98.69736966517901,39.378781697312185,13.697319254405596,49.25304365310363,9.821594020811917,3.616285589909289,0.0,0.0,0.0,0.0,0.0,model4,15.0,False,7920.0
2640,2015-11-28T05:00:00Z,32.0,173.40699965928033,446.7212229139831,98.89781703654688,39.154909815753655,13.668097493825385,49.27807949493688,10.204553544305568,4.42446182974174,0.0,0.0,0.0,0.0,0.0,model4,15.0,False,7923.0
2641,2015-11-28T08:00:00Z,32.0,173.0119160993044,445.3587976035325,100.4742653876505,39.51572753280913,12.929467173516874,50.25844324612942,11.067343807682542,4.1791159018120165,0.0,0.0,0.0,0.0,0.0,model4,15.0,False,7926.0
2642,2015-11-28T11:00:00Z,32.0,173.36899991159575,448.2766243650306,102.0922031088818,39.219663397190864,12.748013373912794,48.06046693234501,11.519472337685905,4.520476642258119,0.0,0.0,0.0,0.0,0.0,model4,15.0,False,7929.0
2643,2015-11-28T14:00:00Z,32.0,174.30425163363537,443.8877620736497,101.63140455814072,39.35158781895576,12.432103749270695,42.41569261624047,12.942330327341034,4.77265332230097,0.0,0.0,0.0,0.0,0.0,model4,15.0,False,7932.0
2644,2015-11-28T17:00:00Z,32.0,172.63618819550354,451.7822137726308,102.4194258333186,38.51067173300419,12.25642114870132,48.680044101048644,12.669409158434265,5.0906820857133015,0.0,0.0,0.0,0.0,0.0,model4,15.0,False,7935.0
2645,2015-11-28T20:00:00Z,32.0,170.71676227781037,450.45641700229515,100.91135238333851,38.608545597931716,10.299942409518176,46.77420724499078,13.25678562036285,4.990906546784768,0.0,0.0,0.0,0.0,0.0,model4,15.0,False,7938.0
2646,2015-11-28T23:00:00Z,32.0,171.891980629798,460.6437788547042,98.80571416638789,39.031283461906135,9.906937392315928,50.715864182605785,13.078251777742741,5.318887094809517,0.0,0.0,0.0,0.0,0.0,model4,15.0,False,7941.0
2647,2015-11-29T02:00:00Z,32.0,171.6076168370535,458.3716698342662,100.14548851871159,39.60510197425319,11.135505141168624,54.51328488863019,12.361273278015327,5.482494780708896,0.0,0.0,0.0,0.0,0.0,model4,15.0,False,7944.0
2648,2015-11-29T05:00:00Z,32.0,173.4789888029372,452.0537331137638,100.03553931889068,39.79051503473169,11.540404517474954,57.56432315680705,11.759959908749785,4.9589232769191565,0.0,0.0,0.0,0.0,0.0,model4,15.0,False,7947.0
2649,2015-11-29T08:00:00Z,32.0,174.24472946621756,448.8885257096729,100.13762910095056,40.15223429472285,12.616261750515175,55.064734727112025,11.361906453283892,5.527201343021622,0.0,0.0,0.0,0.0,0.0,model4,15.0,False,7950.0
2650,2015-11-29T11:00:00Z,32.0,174.42973979534645,445.4822513773343,100.33384191134505,40.55225269057879,12.80381520267616,54.85025697737439,10.989732903439547,5.165075090835546,0.0,0.0,0.0,0.0,0.0,model4,15.0,False,7953.0
2651,2015-11-29T14:00:00Z,32.0,171.40596149527497,446.95718431344636,100.05402433186151,40.1818514608689,14.748309534720967,55.81443307044301,9.374186751032063,5.079432296221649,0.0,0.0,0.0,0.0,0.0,model4,15.0,False,7956.0
2652,2015-11-29T17:00:00Z,32.0,170.8495715718306,436.7024007133058,99.80252216566004,41.20749679077637,15.937140317263827,61.1135115325945,9.471111354031834,4.3616451346735765,0.0,0.0,0.0,0.0,0.0,model4,15.0,False,7959.0
2653,2015-11-29T20:00:00Z,32.0,170.95476688885358,436.52229042106336,99.7069214595892,41.29385772300603,15.686684034730918,65.02574084837829,9.121123216724564,4.923737510662437,0.0,0.0,0.0,0.0,0.0,model4,15.0,False,7962.0
2654,2015-11-29T23:00:00Z,32.0,169.05884097521084,430.1845739582137,101.14002049691572,40.173090707684395,15.569680461186435,58.70900964230615,8.202201219059711,5.44203605393056,0.0,0.0,0.0,0.0,0.0,model4,15.0,False,7965.0
2655,2015-11-30T02:00:00Z,32.0,167.94639690193347,432.2097721973491,100.3779263922928,40.33463169327687,14.407114466185785,56.7508598795214,8.611498037871291,5.4782403174809815,0.0,0.0,0.0,0.0,0.0,model4,15.0,False,7968.0
2656,2015-11-30T05:00:00Z,32.0,166.7094291780844,439.1807650455308,100.70287986321402,40.438049375255524,12.951915287004578,58.07953572783599,8.961668476882819,5.47265794392681,0.0,0.0,0.0,0.0,0.0,model4,15.0,False,7971.0
2657,2015-11-30T08:00:00Z,32.0,165.85913917231082,441.6601370370977,99.30747278582608,39.90243074511932,12.566570576463196,64.99486857788422,8.71288912987942,5.386118903795744,0.0,0.0,0.0,0.0,0.0,model4,15.0,False,7974.0
2658,2015-11-30T11:00:00Z,32.0,166.25085882930475,448.3114890932569,97.81514183933828,39.756498316104434,12.34621742732713,71.09959873560928,7.867240829419212,5.3353067469532265,0.0,0.0,0.0,0.0,0.0,model4,15.0,False,7977.0
2659,2015-11-30T14:00:00Z,32.0,169.45927221290322,443.50713987756853,97.67137352753632,40.22666205324565,11.514938685933025,73.35321550706806,7.678328202030189,5.1874978709364825,0.0,0.0,0.0,0.0,0.0,model4,15.0,False,7980.0
2660,2015-11-30T17:00:00Z,32.0,170.93432546611714,443.9419655783532,97.61250312033062,40.34994765269752,10.283735707970207,65.13738391587387,7.660046154127506,5.317338833830308,0.0,0.0,0.0,0.0,0.0,model4,15.0,False,7983.0
2661,2015-11-30T20:00:00Z,32.0,171.485997156765,441.1639369458494,97.67934632716022,40.0220827473669,10.674218499785356,62.80510223479654,7.700720216193951,4.699105888902762,0.0,0.0,0.0,0.0,0.0,model4,15.0,False,7986.0
2662,2015-11-30T23:00:00Z,32.0,170.76180524664085,436.5753697126674,97.14435061938488,40.069106480082695,12.988259463897036,63.57891949829651,8.4705633488846,4.243806815830621,0.0,0.0,0.0,0.0,0.0,model4,15.0,False,7989.0
2663,2015-12-01T02:00:00Z,32.0,171.9576082801743,442.89754325880796,96.64550839586771,39.034714896570115,15.203528845308108,63.461312612541036,8.738630378528809,4.578639409399766,0.0,0.0,0.0,0.0,0.0,model4,15.0,False,7992.0
2664,2015-12-01T05:00:00Z,32.0,172.83996789282563,443.6996861882687,95.59225812196512,39.601994240639634,15.779106818342402,62.16926171642892,8.101525487172054,4.899434846587196,0.0,0.0,0.0,0.0,0.0,model4,15.0,False,7995.0
2665,2015-12-01T08:00:00Z,32.0,172.42286512883922,446.3494347733045,96.61700619216595,39.47695670302731,16.091129127269618,57.033876869822656,8.661093985664486,4.349117941424777,0.0,0.0,0.0,0.0,0.0,model4,15.0,False,7998.0
2666,2015-12-01T11:00:00Z,32.0,172.84213090237213,444.1147430530955,97.91690071733849,39.90430133449577,16.291669072698657,49.325381822526865,8.736612827817224,4.453282220638694,0.0,0.0,0.0,0.0,0.0,model4,15.0,False,8001.0
2667,2015-12-01T14:00:00Z,32.0,172.91379738325645,446.98746987005296,97.82719192192332,39.66925145016976,16.169843715114865,44.86360903214954,8.696816044696742,4.687328867471106,0.0,0.0,0.0,0.0,0.0,model4,15.0,False,8004.0
2668,2015-12-01T17:00:00Z,32.0,169.86308502134275,454.749205752128,97.51844213491043,38.54099462334217,16.99937048790241,45.71818164359715,8.661257941450165,4.87399523618529,0.0,0.0,0.0,0.0,0.0,model4,15.0,False,8007.0
2669,2015-12-01T20:00:00Z,32.0,169.31163761072696,456.9204588721507,98.70917307765656,38.635511133261005,16.79711603492568,43.092021694805666,10.01804830224791,4.695186560250405,0.0,0.0,0.0,0.0,0.0,model4,15.0,False,8010.0
2670,2015-12-01T23:00:00Z,32.0,169.1304560249635,460.4181638532575,99.79675446182236,39.193712983748405,17.76184136709401,39.56280035080213,9.761850664313439,4.634072733320171,0.0,0.0,0.0,0.0,0.0,model4,15.0,False,8013.0
2671,2015-12-02T02:00:00Z,32.0,168.4804709992678,463.97836865324876,101.63871816799973,39.55536763312148,15.52724002164998,39.95140674891581,8.615702549476582,4.207031976052074,0.0,0.0,0.0,0.0,0.0,model4,15.0,False,8016.0
2672,2015-12-02T05:00:00Z,32.0,166.85634826384097,458.8703213831642,101.132356863844,39.16919450613623,15.097252034311873,42.794657998849495,8.816768540568873,4.896626984762311,0.0,0.0,0.0,0.0,0.0,model4,15.0,False,8019.0
2673,2015-12-02T08:00:00Z,32.0,169.46918894515963,455.8673680739771,100.41330766010272,39.081700345547965,15.469715285509805,43.07382356256985,8.428300288112688,5.012397946340964,0.0,0.0,0.0,0.0,0.0,model4,15.0,False,8022.0
2674,2015-12-02T11:00:00Z,32.0,168.46729622626574,458.22310907585364,98.66087486875387,38.91843705963434,15.835922009445085,45.63048249595472,9.858197420132408,5.035813214234733,0.0,0.0,0.0,0.0,0.0,model4,15.0,False,8025.0
2675,2015-12-02T14:00:00Z,32.0,166.08566850623797,457.9777182686339,99.02649088845905,39.329130089218815,15.494367469934357,45.950602968893186,10.159135500449405,5.0497169584472905,0.0,0.0,0.0,0.0,0.0,model4,15.0,False,8028.0
2676,2015-12-02T17:00:00Z,32.0,169.28777127868082,452.7365153070214,99.24845840479357,40.16460246581423,16.0044267830929,42.45063485393278,11.140043347952659,4.674416345122051,0.0,0.0,0.0,0.0,0.0,model4,15.0,False,8031.0
2677,2015-12-02T20:00:00Z,32.0,168.78570132074856,456.5931614021709,100.14902274668856,40.29371267985367,15.9336550255306,44.35167359191897,10.481230448395626,4.722297766689966,0.0,0.0,0.0,0.0,0.0,model4,15.0,False,8034.0
2678,2015-12-02T23:00:00Z,32.0,168.7992090677569,455.2280390554801,99.02039483926883,40.303001094517306,13.968988924282348,46.566699046908425,10.4268626496098,4.660500054096143,0.0,0.0,0.0,0.0,0.0,model4,15.0,False,8037.0
2679,2015-12-03T02:00:00Z,32.0,169.56340268572427,452.3509626811532,99.6606318792423,40.30099084521986,15.774897931983045,46.809953949531014,10.554054900750044,4.556106299995277,0.0,0.0,0.0,0.0,0.0,model4,15.0,False,8040.0
2680,2015-12-03T05:00:00Z,32.0,172.4335641703407,459.7803448032032,101.19578159297821,40.02659397947979,16.956215131883067,43.304308675228455,10.425873145997603,3.2301555123398864,0.0,0.0,0.0,0.0,0.0,model4,15.0,False,8043.0
2681,2015-12-03T08:00:00Z,32.0,170.9339912151388,462.9471643291787,101.41962776304241,40.27998399388649,16.05648589922302,40.181006323924606,10.379328166694489,3.7640953752133086,0.0,0.0,0.0,0.0,0.0,model4,15.0,False,8046.0
2682,2015-12-03T11:00:00Z,32.0,170.5618011170526,460.377034631541,102.09796256160013,39.729436923545116,16.607163182098667,36.688340069247104,9.127233276006564,4.4271515538563415,0.0,0.0,0.0,0.0,0.0,model4,15.0,False,8049.0
2683,2015-12-03T14:00:00Z,32.0,173.52033158218217,467.1472741535466,102.45974334303969,39.71471308780032,17.236106898224804,41.7436432759466,8.666389462052564,4.589353837575182,0.0,0.0,0.0,0.0,0.0,model4,15.0,False,8052.0
2684,2015-12-03T17:00:00Z,32.0,170.4091945459883,461.69772579167227,102.92950427518473,40.33289632115594,17.040589098669088,44.903319686789004,7.343588923595756,5.494094022771442,0.0,0.0,0.0,0.0,0.0,model4,15.0,False,8055.0
2685,2015-12-03T20:00:00Z,32.0,169.57419272235612,462.66847814971703,100.85726133757663,40.343998096850044,18.007117611859613,43.99447668012171,7.561349830317024,5.488429437519474,0.0,0.0,0.0,0.0,0.0,model4,15.0,False,8058.0
2686,2015-12-03T23:00:00Z,32.0,170.8617912168537,466.55264685269486,101.26286869281573,40.09207655348999,16.909980515587762,42.45082610141801,7.117737655870348,5.459828206896574,0.0,0.0,0.0,0.0,0.0,model4,15.0,False,8061.0
2687,2015-12-04T02:00:00Z,32.0,170.1612452917125,466.66348514553,99.47607142063805,40.283581145203115,16.785410475836056,40.041002897388815,8.044049364648753,5.459262190894946,0.0,0.0,0.0,0.0,0.0,model4,15.0,False,8064.0
2688,2015-12-04T05:00:00Z,32.0,165.12515903579566,458.888582610092,98.6650661724163,40.800441722435686,18.39150082083999,44.190269129374656,8.670831121075265,5.600621378104093,0.0,0.0,0.0,0.0,0.0,model4,15.0,False,8067.0
2689,2015-12-04T08:00:00Z,32.0,164.43528756557262,460.2148126423558,97.234728928465,40.99241348942577,18.164328172702728,45.05912389798704,9.652882670370596,5.185400735980858,0.0,0.0,0.0,0.0,0.0,model4,15.0,False,8070.0
2690,2015-12-04T11:00:00Z,32.0,164.38691806042178,465.59397704188086,96.82391070323366,41.364138240867135,17.52991252775309,47.29085007692831,10.100511202488773,4.891993680267486,0.0,0.0,0.0,0.0,0.0,model4,15.0,False,8073.0
2691,2015-12-04T14:00:00Z,32.0,162.49662599313174,449.6855245168305,97.39411792077298,41.49579790041484,16.61436826127856,47.37022554522346,10.786125903125713,4.6949080087705815,0.0,0.0,0.0,0.0,0.0,model4,15.0,False,8076.0
2692,2015-12-04T17:00:00Z,32.0,164.5904214917417,457.5808167290253,98.09842825115706,41.051017224508406,17.287754082331915,47.22771133781103,11.789604194302163,4.067931580108668,0.0,0.0,0.0,0.0,0.0,model4,15.0,False,8079.0
2693,2015-12-04T20:00:00Z,32.0,165.86755582173762,457.00742190449495,99.40676854767831,41.13502507972447,16.864165059503048,46.17772741505897,11.502222894081507,4.225639936927074,0.0,0.0,0.0,0.0,0.0,model4,15.0,False,8082.0
2694,2015-12-04T23:00:00Z,32.0,165.81537394816596,455.2824815522506,100.3191411612998,41.050978991737146,16.91895026030075,44.79366576822203,12.195533256830185,4.494480861678901,0.0,0.0,0.0,0.0,0.0,model4,15.0,False,8085.0
2695,2015-12-05T02:00:00Z,32.0,167.1296814005106,451.077619065432,102.4951780442194,41.137506055533215,16.231022100075645,45.34007559617253,12.353758628634546,5.088359442978371,0.0,0.0,0.0,0.0,0.0,model4,15.0,False,8088.0
2696,2015-12-05T05:00:00Z,32.0,171.14798916716214,455.6836418179549,102.91623936464785,41.36770160765703,11.641069611498216,46.0800312616804,11.510883779469273,5.160251760775958,0.0,0.0,0.0,0.0,0.0,model4,15.0,False,8091.0
2697,2015-12-05T08:00:00Z,32.0,172.66583454465416,450.7980791043404,104.00679953745319,40.82423951906242,11.808824206209094,46.187388723758104,10.673188903975312,5.470431043197658,0.0,0.0,0.0,0.0,0.0,model4,15.0,False,8094.0
2698,2015-12-05T11:00:00Z,32.0,172.71899830499012,444.5304585156228,105.66315860390452,41.09944051208025,13.525929256889686,41.705462398856476,11.054928919391427,5.213071877636625,0.0,0.0,0.0,0.0,0.0,model4,15.0,False,8097.0
2699,2015-12-05T14:00:00Z,32.0,172.67548120920085,451.92997640127663,103.70201500791347,40.82189346263957,12.091021989761696,40.038419787465685,12.087575467162008,5.171357931999879,0.0,0.0,0.0,0.0,0.0,model4,15.0,False,8100.0
2700,2015-12-05T17:00:00Z,32.0,171.6469191662595,447.2619780563315,102.92760728848108,40.8511267687201,12.389844693988561,35.98280167107171,11.59613362948718,4.923221133141686,0.0,0.0,0.0,0.0,0.0,model4,15.0,False,8103.0
2701,2015-12-05T20:00:00Z,32.0,170.40422420631174,442.26391870981973,103.49923248706264,41.131444654426964,12.580976318917758,36.36945484031571,12.898729803158867,5.144480707727712,0.0,0.0,0.0,0.0,0.0,model4,15.0,False,8106.0
2702,2015-12-05T23:00:00Z,32.0,170.61351467066837,446.71676036267183,102.08550722798785,41.70146354391474,13.305802067709985,40.851887656128405,13.655994873375823,4.798432545558075,0.0,0.0,0.0,0.0,0.0,model4,15.0,False,8109.0
2703,2015-12-06T02:00:00Z,32.0,171.12646496727587,451.2378814995157,100.59641442899614,41.738024183358114,16.531457897267313,43.63393162341951,12.713463493045936,5.071664739699495,0.0,0.0,0.0,0.0,0.0,model4,15.0,False,8112.0
2704,2015-12-06T05:00:00Z,32.0,169.1686488342725,449.82582731421576,99.80885765963579,41.38829815325477,18.07411329905561,40.07643089100692,12.989415646161115,4.99315284236574,0.0,0.0,0.0,0.0,0.0,model4,15.0,False,8115.0
2705,2015-12-06T08:00:00Z,32.0,166.86678408382303,452.6152559201777,99.86439859594498,42.245726063330785,18.396150042468054,39.33580272606346,12.465649564664485,4.6353440953921945,0.0,0.0,0.0,0.0,0.0,model4,15.0,False,8118.0
2706,2015-12-06T11:00:00Z,32.0,167.37561866803182,452.2475438333802,100.28755294719672,41.88777404633762,16.867090107433878,40.34522670688294,10.923215084327351,4.680292607951914,0.0,0.0,0.0,0.0,0.0,model4,15.0,False,8121.0
2707,2015-12-06T14:00:00Z,32.0,166.4458930093088,457.7868802555861,102.45605611032849,41.70376498280547,17.52105062029187,42.14324559413674,11.003770135679142,5.245860700738816,0.0,0.0,0.0,0.0,0.0,model4,15.0,False,8124.0
2708,2015-12-06T17:00:00Z,32.0,167.20416555653566,461.0337112174115,101.41939986655936,40.93966848067553,18.289471635553735,42.57438784913672,10.991802989722895,5.580112245727731,0.0,0.0,0.0,0.0,0.0,model4,15.0,False,8127.0
2709,2015-12-06T20:00:00Z,32.0,169.5175634027565,456.9369883812204,101.84251825061516,40.13152556925436,19.488916296644952,46.4991654093188,10.190407722334443,5.362649381679368,0.0,0.0,0.0,0.0,0.0,model4,15.0,False,8130.0
2710,2015-12-06T23:00:00Z,32.0,170.05409108520564,448.30360239096603,103.88296238264307,39.97121220328364,19.82809835160432,48.37349909808354,9.317676139022053,5.546217262783887,0.0,0.0,0.0,0.0,0.0,model4,15.0,False,8133.0
2711,2015-12-07T02:00:00Z,32.0,167.58636186082902,442.7885286853998,104.75170013473992,39.527069299799024,17.62832338510378,48.038703333141925,9.436408866280267,4.789688026051627,0.0,0.0,0.0,0.0,0.0,model4,15.0,False,8136.0
2712,2015-12-07T05:00:00Z,32.0,168.1990606181955,446.96898184788506,105.08579025571522,39.254526942544544,16.360200406391694,49.2030601691233,9.265094826763184,4.6199795069309335,0.0,0.0,0.0,0.0,0.0,model4,15.0,False,8139.0
2713,2015-12-07T08:00:00Z,32.0,171.62854819748625,441.8651696997229,104.82764489662381,38.919662546139776,16.923545910675916,48.99643976179578,9.542056493572037,4.276674369175186,0.0,0.0,0.0,0.0,0.0,model4,15.0,False,8142.0
2714,2015-12-07T11:00:00Z,32.0,171.28877020371775,438.6840064851737,103.53111950335236,39.24605003161162,17.526905245172,47.72580774203674,9.848864482171482,4.481511897454117,0.0,0.0,0.0,0.0,0.0,model4,15.0,False,8145.0
2715,2015-12-07T14:00:00Z,32.0,173.0757865284642,431.194754849058,103.61247050620312,39.24244466559775,16.921408652188337,43.648405744494056,9.634559671028153,4.084996090290981,0.0,0.0,0.0,0.0,0.0,model4,15.0,False,8148.0
2716,2015-12-07T17:00:00Z,32.0,173.32355075946305,435.19356405137114,103.76878598956024,39.73336474804513,15.795516289973285,45.67425369230112,9.796928312396947,3.810431196935333,0.0,0.0,0.0,0.0,0.0,model4,15.0,False,8151.0
2717,2015-12-07T20:00:00Z,32.0,173.4040122797782,434.9791290655815,102.63388099388924,40.21750202992752,15.591668494009907,45.180946149776325,9.345852256109797,3.8930924865425625,0.0,0.0,0.0,0.0,0.0,model4,15.0,False,8154.0
2718,2015-12-07T23:00:00Z,32.0,172.59992278026292,440.229166252021,101.15790865289837,39.3727222774905,14.883650293905747,48.60570625956332,8.453194651568309,4.786996167628432,0.0,0.0,0.0,0.0,0.0,model4,15.0,False,8157.0
2719,2015-12-08T02:00:00Z,32.0,173.71641439085687,444.5170054954312,99.10030490755159,39.791084841199385,14.61500772054019,50.66340622483664,8.880640018857807,4.764563258090679,0.0,0.0,0.0,0.0,0.0,model4,15.0,False,8160.0
2720,2015-12-08T05:00:00Z,32.0,175.53367609111993,442.6752164285308,99.50548704977972,40.61610747398636,14.150814900877222,52.9331313463757,8.928958347470275,5.480887424621389,0.0,0.0,0.0,0.0,0.0,model4,15.0,False,8163.0
2721,2015-12-08T08:00:00Z,32.0,174.19406432735175,445.633502235114,100.46404929190642,40.928269865408545,13.160806448151623,51.84097342976373,10.03933738325405,5.675496712080218,0.0,0.0,0.0,0.0,0.0,model4,15.0,False,8166.0
2722,2015-12-08T11:00:00Z,32.0,171.9037208381416,443.1960914846782,101.36128110640995,40.56099114651465,15.356200495115552,55.28878437608185,9.967157451497092,6.150048344414103,0.0,0.0,0.0,0.0,0.0,model4,15.0,False,8169.0
2723,2015-12-08T14:00:00Z,32.0,171.480510284068,450.9554669049558,98.96593845018464,40.430093567981146,14.759733867651171,56.47215599664182,9.774939853603476,6.137932843017119,0.0,0.0,0.0,0.0,0.0,model4,15.0,False,8172.0
2724,2015-12-08T17:00:00Z,32.0,170.5192104843822,456.00576155034594,99.35242703302141,40.128786385337335,14.657860966178609,66.75467751114185,9.689258916890834,6.1327134383516935,0.0,0.0,0.0,0.0,0.0,model4,15.0,False,8175.0
2725,2015-12-08T20:00:00Z,32.0,169.86376957664197,467.69423472735116,99.277812063864,39.78721409714843,13.422265280586595,63.20055926256864,9.853596459829477,6.073171845036062,0.0,0.0,0.0,0.0,0.0,model4,15.0,False,8178.0
2726,2015-12-08T23:00:00Z,32.0,171.0787447192842,471.6796849232997,98.381949755554,40.847886238686755,13.708295216651061,63.08754867890835,10.186403410519905,5.8221794197174415,0.0,0.0,0.0,0.0,0.0,model4,15.0,False,8181.0
2727,2015-12-09T02:00:00Z,32.0,172.08062193710128,469.5702100138266,98.57543129277671,40.30273643692461,13.031729549739769,61.62810628536213,10.01261816875764,6.120138327290754,0.0,0.0,0.0,0.0,0.0,model4,15.0,False,8184.0
2728,2015-12-09T05:00:00Z,32.0,170.27582560137702,466.4803412866312,98.67473912813192,39.38019709402927,13.125753607868116,61.03695855720543,9.768278599547086,6.14508627648225,0.0,0.0,0.0,0.0,0.0,model4,15.0,False,8187.0
2729,2015-12-09T08:00:00Z,32.0,169.01124951444152,468.68398768838654,98.22661605393522,38.86443222302496,13.796833521050932,62.573832196341435,9.79789020888374,5.997002336486428,0.0,0.0,0.0,0.0,0.0,model4,15.0,False,8190.0
2730,2015-12-09T11:00:00Z,32.0,170.60354808865904,476.9670986909731,97.13073375341524,38.87018945275075,11.73635976880517,56.93675793187873,9.440166906895463,5.765226693135397,0.0,0.0,0.0,0.0,0.0,model4,15.0,False,8193.0
2731,2015-12-09T14:00:00Z,32.0,171.2993759902381,468.0013924700589,98.0647305326632,39.74817224639785,12.699752516327875,57.72396815038542,9.021054864133406,6.754226783489956,0.0,0.0,0.0,0.0,0.0,model4,15.0,False,8196.0
2732,2015-12-09T17:00:00Z,32.0,170.2158045948249,455.5968847208531,97.6314241041338,40.322779530489456,13.363125809730928,47.11447796181487,9.363654302338695,6.911460529330442,0.0,0.0,0.0,0.0,0.0,model4,15.0,False,8199.0
2733,2015-12-09T20:00:00Z,32.0,169.3783668695694,446.9613189378096,96.80654296563351,41.3542527214115,13.17912149058199,47.03371502337825,9.027778382755727,7.2263825007998825,0.0,0.0,0.0,0.0,0.0,model4,15.0,False,8202.0
2734,2015-12-09T23:00:00Z,32.0,169.02467643881218,437.73245633899086,98.33567261704172,41.01985517010507,12.560787293253592,38.80168731945509,9.444897050281249,6.655814166205336,0.0,0.0,0.0,0.0,0.0,model4,15.0,False,8205.0
2735,2015-12-10T02:00:00Z,32.0,167.5737178233201,430.92912526698893,100.18441355485164,41.336191400885895,12.147652113075711,44.08900463807753,9.380795835826511,6.526991631396017,0.0,0.0,0.0,0.0,0.0,model4,15.0,False,8208.0
2736,2015-12-10T05:00:00Z,32.0,168.19649735596838,429.4175896781174,100.46987126140108,42.111408516851036,12.40314987683011,43.048843504554604,9.592898587180326,6.13620456782908,0.0,0.0,0.0,0.0,0.0,model4,15.0,False,8211.0
2737,2015-12-10T08:00:00Z,32.0,170.66654913515313,424.9110111268319,100.65138627060215,42.387823864923135,12.907169327550946,44.211109411963044,10.057173036318474,6.020206936027515,0.0,0.0,0.0,0.0,0.0,model4,15.0,False,8214.0
2738,2015-12-10T11:00:00Z,32.0,171.16015375353246,424.6967891655106,100.64673435175692,42.45669043315858,12.120071982007492,42.35293653280337,10.209806281519851,5.852362340830433,0.0,0.0,0.0,0.0,0.0,model4,15.0,False,8217.0
2739,2015-12-10T14:00:00Z,32.0,169.76775168629518,431.74689420699235,100.93556043439226,41.89571372793972,12.051428082409284,46.629495768192605,10.376482279290576,4.916221331298497,0.0,0.0,0.0,0.0,0.0,model4,15.0,False,8220.0
2740,2015-12-10T17:00:00Z,32.0,172.5910562102063,431.70402901529314,101.39209718729157,42.41011756130568,11.245010741880453,51.46994008263784,10.075452669772499,5.120868254370227,0.0,0.0,0.0,0.0,0.0,model4,15.0,False,8223.0
2741,2015-12-10T20:00:00Z,32.0,173.96388625177218,426.6457912943413,101.93818599193823,41.60299106545831,11.386054973724892,53.500575124035436,9.93766784207976,4.7404727953211365,0.0,0.0,0.0,0.0,0.0,model4,15.0,False,8226.0
2742,2015-12-10T23:00:00Z,32.0,174.54820075721454,429.8657645384742,101.08849702147587,41.73512760757122,12.578068784529462,52.930188220665954,10.409452961276713,4.961577757365811,0.0,0.0,0.0,0.0,0.0,model4,15.0,False,8229.0
2743,2015-12-11T02:00:00Z,32.0,174.11548593039066,440.1391677355345,100.69192097559772,42.27072347193205,12.96479259060822,48.35965238356136,10.611715314838543,4.578701428680157,0.0,0.0,0.0,0.0,0.0,model4,15.0,False,8232.0
2744,2015-12-11T05:00:00Z,32.0,174.39894449552318,443.05763259414994,99.93523753284114,41.974081076214425,14.882049864687126,50.200700849643404,10.37924864947902,4.192723292126007,0.0,0.0,0.0,0.0,0.0,model4,15.0,False,8235.0
2745,2015-12-11T08:00:00Z,32.0,173.57948548284645,443.8070476411637,100.3603840314682,41.57243763991927,15.091845468388774,48.809580380319396,9.07975916272552,5.0467714460399815,0.0,0.0,0.0,0.0,0.0,model4,15.0,False,8238.0
2746,2015-12-11T11:00:00Z,32.0,174.13681700754054,441.7132473448984,100.94986885246564,41.50501282071997,16.69190871880028,49.856253060624105,8.825818785074205,4.942314786123894,0.0,0.0,0.0,0.0,0.0,model4,15.0,False,8241.0
2747,2015-12-11T14:00:00Z,32.0,174.60749409197587,441.94220024518495,100.31154426135537,41.62949593026916,15.83854580562716,51.32650540168529,9.241864469597447,5.067831296907607,0.0,0.0,0.0,0.0,0.0,model4,15.0,False,8244.0
2748,2015-12-11T17:00:00Z,32.0,173.42974305305302,437.7583389001608,99.55176497031944,40.893165507202944,16.932555748195018,49.69955763664888,9.261062105271213,4.586953079603608,0.0,0.0,0.0,0.0,0.0,model4,15.0,False,8247.0
2749,2015-12-11T20:00:00Z,32.0,171.70824356905942,442.7866238303799,98.67019562806652,40.85798953228984,18.5322448177668,48.96086190508426,11.111489445618243,4.7446230396451785,0.0,0.0,0.0,0.0,0.0,model4,15.0,False,8250.0
2750,2015-12-11T23:00:00Z,32.0,170.0838291321445,444.505507487046,99.0252778779668,41.036453731590456,18.12923394000093,51.53212183819477,10.21637898739256,4.486947041372804,0.0,0.0,0.0,0.0,0.0,model4,15.0,False,8253.0
2751,2015-12-12T02:00:00Z,32.0,171.92240417932516,443.82725549726615,100.04841121084452,40.663768764554064,17.935217767237102,52.41402261246073,10.214647583149157,4.33916611130515,0.0,0.0,0.0,0.0,0.0,model4,15.0,False,8256.0
2752,2015-12-12T05:00:00Z,32.0,170.28897194483997,444.8483297541271,100.8790188849271,40.384071654083364,16.732217991985525,50.829830364963186,10.230353541868462,4.292703233918038,0.0,0.0,0.0,0.0,0.0,model4,15.0,False,8259.0
2753,2015-12-12T08:00:00Z,32.0,169.6250107412967,446.98617464751436,100.207189940176,39.96131910874903,15.91762091462538,46.8219643043755,10.090893490343069,3.71724615023871,0.0,0.0,0.0,0.0,0.0,model4,15.0,False,8262.0
2754,2015-12-12T11:00:00Z,32.0,169.24327160037137,454.22058760048037,100.38021821385908,39.75015851745946,14.161771137796125,51.245381495913705,10.268209145616273,3.795216929214954,0.0,0.0,0.0,0.0,0.0,model4,15.0,False,8265.0
2755,2015-12-12T14:00:00Z,32.0,169.45285198169503,448.383791857226,100.91234761350296,39.11682373348757,14.4453515844784,51.23781939723112,10.409272619407968,3.732811565150591,0.0,0.0,0.0,0.0,0.0,model4,15.0,False,8268.0
2756,2015-12-12T17:00:00Z,32.0,168.3602495974094,461.77043176883285,100.47064399190559,38.91987754753375,15.113877644204695,50.297724686418285,11.024329160781527,4.086632552715066,0.0,0.0,0.0,0.0,0.0,model4,15.0,False,8271.0
2757,2015-12-12T20:00:00Z,32.0,169.04687994055226,468.45487339936136,101.99448723982759,39.132054736725756,14.825883900538333,46.94000612974042,9.170630543717026,4.045291024373756,0.0,0.0,0.0,0.0,0.0,model4,15.0,False,8274.0
2758,2015-12-12T23:00:00Z,32.0,170.28884702409482,466.4219855215307,101.71636411982628,38.34891318267644,14.894651391815698,45.79137461537072,9.430075915586793,4.105511906415925,0.0,0.0,0.0,0.0,0.0,model4,15.0,False,8277.0
2759,2015-12-13T02:00:00Z,32.0,168.70219152055842,463.3350273737169,101.61541944153677,38.06623327511639,14.814747453777127,45.82112886871742,9.33918203014844,4.559724259095095,0.0,0.0,0.0,0.0,0.0,model4,15.0,False,8280.0
2760,2015-12-13T05:00:00Z,32.0,170.72730045787492,465.9719512066842,100.54158799816862,37.863619174037325,14.738114601416434,48.03054545910353,10.067992623576993,4.4507769804633845,0.0,0.0,0.0,0.0,0.0,model4,15.0,False,8283.0
2761,2015-12-13T08:00:00Z,32.0,170.0908962650029,469.0098805170765,100.58002432513271,38.893189991176975,14.869575123486356,47.14540577822008,10.367383274955127,5.069795575022853,0.0,0.0,0.0,0.0,0.0,model4,15.0,False,8286.0
2762,2015-12-13T11:00:00Z,32.0,169.26508792103513,459.60243887374463,100.63021257113043,39.63235434698612,15.05945083190102,43.87658582933769,10.26727692477422,5.104055155682902,0.0,0.0,0.0,0.0,0.0,model4,15.0,False,8289.0
2763,2015-12-13T14:00:00Z,32.0,168.33617984259124,463.5392678503177,101.44382835218966,39.555260092194594,15.553122664998385,46.58478189163159,10.345302709258684,5.328145362684043,0.0,0.0,0.0,0.0,0.0,model4,15.0,False,8292.0
2764,2015-12-13T17:00:00Z,32.0,170.5211193402771,455.33191342763087,102.68429383766646,39.91174805835651,15.587458391583171,43.172145669257695,9.054235525400582,5.63593354420728,0.0,0.0,0.0,0.0,0.0,model4,15.0,False,8295.0
2765,2015-12-13T20:00:00Z,32.0,170.5483335732313,448.5386296636435,100.6015406335332,39.882079788868474,14.04806109307001,46.67599798359515,9.631084148536743,5.628195468590051,0.0,0.0,0.0,0.0,0.0,model4,15.0,False,8298.0
2766,2015-12-13T23:00:00Z,32.0,171.64874059569829,452.4698864159178,101.5054060280045,40.18799050679787,14.624691895025348,46.889292391794434,9.980335871695633,5.497051471568882,0.0,0.0,0.0,0.0,0.0,model4,15.0,False,8301.0
2767,2015-12-14T02:00:00Z,32.0,171.34069329129983,450.8099888818823,100.6967090434347,40.356773103305976,14.409465123343177,48.389899908126495,10.674165129712904,5.2976067341658855,0.0,0.0,0.0,0.0,0.0,model4,15.0,False,8304.0
2768,2015-12-14T05:00:00Z,32.0,171.952462708771,446.13622037661116,101.75091926563069,40.14751810739129,13.583921159002928,47.396446633731756,10.530403223283725,5.314168532525847,0.0,0.0,0.0,0.0,0.0,model4,15.0,False,8307.0
2769,2015-12-14T08:00:00Z,32.0,174.53652920348384,442.8471416358067,100.98689297090586,39.503904263347785,15.781142535544447,46.3279829633878,10.215121943403501,5.1008270500641775,0.0,0.0,0.0,0.0,0.0,model4,15.0,False,8310.0
2770,2015-12-14T11:00:00Z,32.0,177.61996117112633,441.20599358581086,100.82844839450979,38.83489425666043,15.384402590893659,46.98257501811774,10.07537360702914,4.978651191422638,0.0,0.0,0.0,0.0,0.0,model4,15.0,False,8313.0
2771,2015-12-14T14:00:00Z,32.0,178.5014224347149,438.2439928366896,99.38435872731914,39.308582699235615,14.277978212729925,39.732018204261756,9.556669679206475,4.8117947043718265,0.0,0.0,0.0,0.0,0.0,model4,15.0,False,8316.0
2772,2015-12-14T17:00:00Z,32.0,177.82905243154647,437.56492743888725,98.9534089692767,38.887560418180854,13.769576297443972,39.55255595870733,10.520628455053496,4.225491735911672,0.0,0.0,0.0,0.0,0.0,model4,15.0,False,8319.0
2773,2015-12-14T20:00:00Z,32.0,179.14269104878915,443.81202373606277,99.62880545189964,38.792485955632685,15.076161853118693,33.706660638725,9.94456278965534,4.099700787552759,0.0,0.0,0.0,0.0,0.0,model4,15.0,False,8322.0
2774,2015-12-14T23:00:00Z,32.0,176.12289166786,436.1910102211496,99.59819938984256,38.94523208300952,16.705762564464493,32.66290293006083,9.541973707432662,4.036847084958387,0.0,0.0,0.0,0.0,0.0,model4,15.0,False,8325.0
2775,2015-12-15T02:00:00Z,32.0,177.63801764164643,441.5572674618537,98.98016645486582,39.19454794163062,16.50848591838733,31.964010874982854,8.242462763373185,4.087073035863568,0.0,0.0,0.0,0.0,0.0,model4,15.0,False,8328.0
2776,2015-12-15T05:00:00Z,32.0,175.6281016224921,441.78500433374364,98.78601680676529,39.14443110424983,18.59940594091431,30.56343108541946,7.3483877987071295,4.177952549170167,0.0,0.0,0.0,0.0,0.0,model4,15.0,False,8331.0
2777,2015-12-15T08:00:00Z,32.0,173.2127575378262,440.5358186967971,99.69139082260156,39.26521629999875,17.51143555502001,33.91830085702792,8.773196890072256,3.9438023439721306,0.0,0.0,0.0,0.0,0.0,model4,15.0,False,8334.0
2778,2015-12-15T11:00:00Z,32.0,168.9702813497079,445.58075115364807,98.16357938541158,39.91879493161754,17.993159619378137,34.72933907500997,9.833360012227454,4.314006162447935,0.0,0.0,0.0,0.0,0.0,model4,15.0,False,8337.0
2779,2015-12-15T14:00:00Z,32.0,168.0502102918574,452.9846277498754,98.70943040815077,39.526149865602505,18.750690104337398,42.60173511979276,9.730356542754333,4.676919349070627,0.0,0.0,0.0,0.0,0.0,model4,15.0,False,8340.0
2780,2015-12-15T17:00:00Z,32.0,164.21055819670383,459.3989794134871,97.94831188013107,39.81990748656165,20.527910724466988,47.993377101178076,9.27090699406742,4.512217464363314,0.0,0.0,0.0,0.0,0.0,model4,15.0,False,8343.0
2781,2015-12-15T20:00:00Z,32.0,163.49233116441363,459.3098860920077,97.60983742980429,39.605013993480775,18.90508239666625,48.13332024806671,9.914928396831474,4.548127251921086,0.0,0.0,0.0,0.0,0.0,model4,15.0,False,8346.0
2782,2015-12-15T23:00:00Z,32.0,163.68313025751317,458.69370455286827,97.33901731380584,39.011480557825344,18.155712140689033,48.66108622286825,9.91619176670491,5.4714273199058425,0.0,0.0,0.0,0.0,0.0,model4,15.0,False,8349.0
2783,2015-12-16T02:00:00Z,32.0,163.23726851594225,456.2052901777909,97.48781444441336,38.995569546553774,17.941533097962548,48.505466683890326,10.640469747217981,5.215613541559121,0.0,0.0,0.0,0.0,0.0,model4,15.0,False,8352.0
2784,2015-12-16T05:00:00Z,32.0,163.36501787438254,462.245947523374,96.89546955309136,38.76661578392322,16.652516094582452,46.70895099020262,10.659154100052048,5.358875459171519,0.0,0.0,0.0,0.0,0.0,model4,15.0,False,8355.0
2785,2015-12-16T08:00:00Z,32.0,163.8032117810979,459.80445912279816,97.39916486831707,39.062748590742004,16.798369985122164,50.86362640729822,10.22519092975084,5.634301190942535,0.0,0.0,0.0,0.0,0.0,model4,15.0,False,8358.0
2786,2015-12-16T11:00:00Z,32.0,168.09968658018337,455.6691101576171,97.54502350839216,38.884765019971375,17.490343862076735,56.15461586716367,10.469428906409512,5.356736777539352,0.0,0.0,0.0,0.0,0.0,model4,15.0,False,8361.0
2787,2015-12-16T14:00:00Z,32.0,167.18885653331918,448.6734573015077,96.10463294141192,39.057000078148725,18.211663293771238,50.061921785512325,10.454253531166438,5.005984463046094,0.0,0.0,0.0,0.0,0.0,model4,15.0,False,8364.0
2788,2015-12-16T17:00:00Z,32.0,169.90117385797907,443.4693855980568,97.95213722681123,39.25005625157101,15.070833060002673,42.746620001905434,10.374207679059195,5.078550919006961,0.0,0.0,0.0,0.0,0.0,model4,15.0,False,8367.0
2789,2015-12-16T20:00:00Z,32.0,169.13645747099332,439.18818740362036,98.68304977163307,39.77644606537649,14.968756288993239,41.38351244657245,9.893824932747185,5.2147085951143035,0.0,0.0,0.0,0.0,0.0,model4,15.0,False,8370.0
2790,2015-12-16T23:00:00Z,32.0,170.18374550293967,443.4088149736622,98.28393251741402,39.88784599920725,15.071574208379483,41.12605429227477,9.540444754759328,4.46598755926823,0.0,0.0,0.0,0.0,0.0,model4,15.0,False,8373.0
2791,2015-12-17T02:00:00Z,32.0,170.9699563061057,440.0124790744885,98.75691023395129,39.744500864859695,15.734654199003224,45.71955138908572,8.952655066457957,4.425215931913354,0.0,0.0,0.0,0.0,0.0,model4,15.0,False,8376.0
2792,2015-12-17T05:00:00Z,32.0,169.76743396144545,437.40062660000336,98.87741903450924,39.792152723710586,17.939667515586837,51.76138508561611,10.004473662689954,4.205839468607413,0.0,0.0,0.0,0.0,0.0,model4,15.0,False,8379.0
2793,2015-12-17T08:00:00Z,32.0,168.53530799177025,446.12648185239465,97.02846006387831,39.359135596776476,17.20898880424867,48.79274243011317,9.238077712234382,3.625987731768514,0.0,0.0,0.0,0.0,0.0,model4,15.0,False,8382.0
2794,2015-12-17T11:00:00Z,32.0,164.96017514602838,443.111970400427,98.09262707822604,39.022391600032776,16.358441937724336,46.84285715139156,8.071638378164272,4.490598676978414,0.0,0.0,0.0,0.0,0.0,model4,15.0,False,8385.0
2795,2015-12-17T14:00:00Z,32.0,167.8580573932687,440.6664903429578,98.84605286909219,39.412927738252016,15.57282789709614,47.625569698565855,8.066927153239645,4.3741348009545655,0.0,0.0,0.0,0.0,0.0,model4,15.0,False,8388.0
2796,2015-12-17T17:00:00Z,32.0,169.00916287255862,444.2291176522644,98.63142551030113,39.04364319966128,15.123008265448833,48.22360098297844,8.554076084207129,4.424455640002168,0.0,0.0,0.0,1.0,0.0,model4,15.0,False,8391.0
2797,2015-12-17T20:00:00Z,32.0,169.16995941407586,443.2444011327818,97.51364311759251,39.075463432339355,15.246465163373133,50.34139452810816,9.087692169643017,4.4075683140678095,0.0,0.0,0.0,1.0,0.0,model4,15.0,False,8394.0
2798,2015-12-17T23:00:00Z,32.0,167.6894123535445,445.5074079892862,96.62782664427704,39.35090330359298,16.499899880565494,51.30212893665836,9.319941847695775,4.143617264453167,0.0,0.0,0.0,1.0,0.0,model4,15.0,False,8397.0
2799,2015-12-18T02:00:00Z,32.0,166.87518185398534,449.3248390979307,96.81409295795228,39.23001696120415,15.876327616638287,50.96309631833471,9.655741432619084,4.1643073981425,0.0,0.0,0.0,1.0,0.0,model4,15.0,False,8400.0
2800,2015-12-18T05:00:00Z,32.0,170.52285450332857,448.2031754433447,98.70935455234087,39.88127124316528,14.858372691886563,49.78744629541196,10.711217425242868,4.652402651573151,0.0,0.0,0.0,1.0,0.0,model4,15.0,False,8403.0
2801,2015-12-18T08:00:00Z,32.0,169.93846751450116,440.07289554975137,99.13081793427764,40.292893544747095,15.581035279783904,50.93134840836117,10.763162269000004,4.813448549984229,0.0,0.0,0.0,1.0,0.0,model4,15.0,False,8406.0
2802,2015-12-18T11:00:00Z,32.0,171.19489506556982,449.3278277929232,99.33565259783829,40.521618737766865,14.594858523753214,49.94705461947838,10.754796287662748,3.699106086045815,0.0,0.0,0.0,1.0,0.0,model4,15.0,False,8409.0
2803,2015-12-18T14:00:00Z,32.0,170.18456083388241,452.7914665712832,100.05853774451626,40.02884731964906,14.065015897104626,57.39662087304183,10.104626109810994,4.030356891646908,0.0,0.0,0.0,1.0,0.0,model4,15.0,False,8412.0
2804,2015-12-18T17:00:00Z,32.0,168.38580774434675,445.8562485705101,100.50398092273214,40.04812464932056,15.062453102244826,58.85593666412043,9.862116736691924,4.25894414023574,0.0,0.0,0.0,0.0,0.0,model4,15.0,False,8415.0
2805,2015-12-18T20:00:00Z,32.0,167.69503434845717,448.36187460282446,100.14945709293514,39.35865150725563,15.600025346403253,58.29812992378477,10.276522833548333,4.247719191964134,0.0,0.0,0.0,0.0,0.0,model4,15.0,False,8418.0
2806,2015-12-18T23:00:00Z,32.0,170.03071288612784,453.1202750909528,99.60689757317944,40.36851258716688,14.208347814632184,60.40401162096632,10.58366430287727,4.665046011104733,0.0,0.0,0.0,0.0,0.0,model4,15.0,False,8421.0
2807,2015-12-19T02:00:00Z,32.0,171.28040573325669,452.632977975272,99.390140309127,40.39810520091168,14.152100346372164,58.20195325617637,10.302873054115599,4.9115373666477815,0.0,0.0,0.0,0.0,0.0,model4,15.0,False,8424.0
2808,2015-12-19T05:00:00Z,32.0,169.42571571004228,457.5297880451718,97.16230388622282,39.92953551673188,13.338458774514734,55.76586707186736,8.316720864993645,4.723041439526412,0.0,0.0,0.0,0.0,0.0,model4,15.0,False,8427.0
2809,2015-12-19T08:00:00Z,32.0,171.7995223768892,457.6730074358042,97.15761084738024,39.37900254825264,13.598563289231553,55.74802342011811,7.989914004448526,4.86749404621418,0.0,0.0,0.0,0.0,0.0,model4,15.0,False,8430.0
2810,2015-12-19T11:00:00Z,32.0,171.2513874006201,451.8316886483422,98.0788272220275,39.40389738419517,15.661925962121716,55.860960136053066,9.128032792939878,5.178373499905796,0.0,0.0,0.0,0.0,0.0,model4,15.0,False,8433.0
2811,2015-12-19T14:00:00Z,32.0,170.60416064635297,450.02807512249086,97.58752307122148,39.60819773377937,15.842400270784815,48.69544653062332,9.039110398667242,5.191828042836772,0.0,0.0,0.0,0.0,0.0,model4,15.0,False,8436.0
2812,2015-12-19T17:00:00Z,32.0,172.18189835616005,451.5558894420138,96.03081779225565,40.020576188819774,14.505498578360324,54.30661434601205,8.508854442138247,5.235309710749797,0.0,0.0,0.0,0.0,0.0,model4,15.0,False,8439.0
2813,2015-12-19T20:00:00Z,32.0,172.8464972902495,452.2943323305596,97.85140339879808,39.88824320485675,13.345294457155076,52.38690109323924,8.548965068082584,5.627536043841561,0.0,0.0,0.0,0.0,0.0,model4,15.0,False,8442.0
2814,2015-12-19T23:00:00Z,32.0,169.74001625989132,451.15675916826484,99.08952951284388,39.29369997264885,14.753623518005226,52.32923621867524,8.246573561600208,5.271009035867874,0.0,0.0,0.0,0.0,0.0,model4,15.0,False,8445.0
2815,2015-12-20T02:00:00Z,32.0,166.33578711111653,453.2550471663195,99.52082314225822,39.29413665463865,15.202472353507627,52.85013286133316,8.473276324214824,5.249589927781711,0.0,0.0,0.0,0.0,0.0,model4,15.0,False,8448.0
2816,2015-12-20T05:00:00Z,32.0,167.94691514028437,453.13209595738334,100.2140091184013,40.1153160770699,15.54884401272063,51.33867604135372,8.500617344610513,5.212863042082316,0.0,0.0,0.0,0.0,0.0,model4,15.0,False,8451.0
2817,2015-12-20T08:00:00Z,32.0,165.5692782597089,457.7252131393866,101.023519982191,40.519362959837366,15.826543890841933,48.527438434692705,8.382305761160897,4.920298681973383,0.0,0.0,0.0,0.0,0.0,model4,15.0,False,8454.0
2818,2015-12-20T11:00:00Z,32.0,167.45546150666866,462.58380871372185,99.71315110746464,40.21220634894117,16.149815687314696,51.496377438805894,7.8143468138207535,4.774565000030924,0.0,0.0,0.0,0.0,0.0,model4,15.0,False,8457.0
2819,2015-12-20T14:00:00Z,32.0,168.36953162388397,466.65648171811796,99.81743220555012,40.52978071352351,16.289998944472597,54.31927800855402,9.24168799057265,4.797605338032621,0.0,0.0,0.0,0.0,0.0,model4,15.0,False,8460.0
2820,2015-12-20T17:00:00Z,32.0,168.23212520974462,467.3737742169075,100.57967380435707,40.29082796791981,16.637123894681928,47.21953974257326,8.975117509786458,4.425994524761821,0.0,0.0,0.0,0.0,0.0,model4,15.0,False,8463.0
2821,2015-12-20T20:00:00Z,32.0,166.29712766994058,465.41469644857176,99.96657583506271,40.72675799218981,17.01205330138307,48.89824540654986,8.271992354024006,3.902489713222515,0.0,0.0,0.0,0.0,0.0,model4,15.0,False,8466.0
2822,2015-12-20T23:00:00Z,32.0,170.28917162757955,452.81036217237914,100.04249935564823,40.24392708162713,16.992264598887427,51.599145138353684,8.232648986415649,3.947181377320233,0.0,0.0,0.0,0.0,0.0,model4,15.0,False,8469.0
2823,2015-12-21T02:00:00Z,32.0,173.1190803282409,448.7676524948474,98.1767342110438,39.94898762428258,15.50270996958593,52.47818992239454,8.368023088404277,3.7953441094152875,0.0,0.0,0.0,0.0,0.0,model4,15.0,False,8472.0
2824,2015-12-21T05:00:00Z,32.0,171.04066796759113,443.8554970354734,98.5292843594998,39.09798213903464,15.440210137956715,49.67173842944279,8.511969674466675,3.4593901337500843,0.0,0.0,0.0,0.0,0.0,model4,15.0,False,8475.0
2825,2015-12-21T08:00:00Z,32.0,170.7239751318366,443.07746049204695,99.34857117771317,38.85683599993136,15.847533932036756,49.482788792902326,9.210019456855429,3.718669781002266,0.0,0.0,0.0,0.0,0.0,model4,15.0,False,8478.0
2826,2015-12-21T11:00:00Z,32.0,170.15883868031318,435.0070630347522,99.2043366692567,38.69235079281192,14.591175193314989,43.805519100594026,8.982144237295799,4.42987846108295,0.0,0.0,0.0,0.0,0.0,model4,15.0,False,8481.0
2827,2015-12-21T14:00:00Z,32.0,168.1096042420067,440.1781775793566,100.18878622880962,38.648126327690676,15.101102170670789,48.059724166268644,8.328798869821183,4.126997153870287,0.0,0.0,0.0,0.0,0.0,model4,15.0,False,8484.0
2828,2015-12-21T17:00:00Z,32.0,166.37906740839,445.31496068578207,99.17239408681816,39.24410301050414,15.825918346441885,50.985445414020575,8.586695783067634,4.954387949086633,0.0,0.0,0.0,0.0,0.0,model4,15.0,False,8487.0
2829,2015-12-21T20:00:00Z,32.0,166.852355677279,446.3754340807814,100.72805145664276,39.255678936095705,16.466221186856835,50.772006697082965,8.748433294048425,5.121461226096022,0.0,0.0,0.0,0.0,0.0,model4,15.0,False,8490.0
2830,2015-12-21T23:00:00Z,32.0,162.4159567230075,457.38604056359253,100.61967442218565,40.12473359228245,16.723212836613545,49.32290902055242,8.370779202459309,5.309410794651356,0.0,0.0,0.0,0.0,0.0,model4,15.0,False,8493.0
2831,2015-12-22T02:00:00Z,32.0,162.05850699776846,458.9479761493271,101.55816287212038,40.879321198264655,16.992333769550687,49.39108155423669,9.224575996073202,5.5070008492307005,0.0,0.0,0.0,0.0,0.0,model4,15.0,False,8496.0
2832,2015-12-22T05:00:00Z,32.0,163.59069648780604,466.55661809357434,100.47452478535874,41.98303168188541,18.205393210182432,52.12555172548208,9.12892500172058,5.632543141536436,0.0,0.0,0.0,0.0,0.0,model4,15.0,False,8499.0
2833,2015-12-22T08:00:00Z,32.0,164.56827571989012,465.178063428471,100.8552563550474,41.68971478461585,16.250070487455517,52.812427028915565,9.616156720213684,5.594654851444987,0.0,0.0,0.0,0.0,0.0,model4,15.0,False,8502.0
2834,2015-12-22T11:00:00Z,32.0,164.5799151683322,472.8897988969848,100.61219562040688,41.705871315008146,16.51804057691346,50.176615911902545,10.168341697855427,4.991658523057632,0.0,0.0,0.0,0.0,0.0,model4,15.0,False,8505.0
2835,2015-12-22T14:00:00Z,32.0,165.816839964522,467.41222490941595,99.46047608617529,41.47409064605764,16.220371455824225,46.079732153928575,9.576590777975138,5.114655003204357,0.0,0.0,0.0,0.0,0.0,model4,15.0,False,8508.0
2836,2015-12-22T17:00:00Z,32.0,167.02846741086955,463.83459375104826,102.02608640944663,40.521523931294105,16.34091336562232,47.326164707542716,10.49725583427441,4.917500032847043,0.0,0.0,0.0,0.0,0.0,model4,15.0,False,8511.0
2837,2015-12-22T20:00:00Z,32.0,169.07068752179282,465.9454437630639,101.75028137129983,39.81572758386872,16.520666084421517,48.86488084580592,10.736430273286114,4.979955828679502,0.0,0.0,0.0,0.0,0.0,model4,15.0,False,8514.0
2838,2015-12-22T23:00:00Z,32.0,170.02505097266263,465.1438182394032,101.71620589201977,39.26219433103833,15.696890607404065,49.28508765818627,12.023246442364345,4.707510586428767,0.0,0.0,0.0,0.0,0.0,model4,15.0,False,8517.0
2839,2015-12-23T02:00:00Z,32.0,171.59781088900846,465.266862397034,102.81104331325466,39.464323075245545,17.76117234850417,47.02292521632886,11.056737906608896,5.031966691904626,0.0,0.0,0.0,0.0,0.0,model4,15.0,False,8520.0
2840,2015-12-23T05:00:00Z,32.0,172.9330827528849,462.3285124112783,102.92093448358824,38.63207961978388,18.27533784666005,45.87549254563889,11.56461282273312,4.417049328805951,0.0,0.0,0.0,0.0,0.0,model4,15.0,False,8523.0
2841,2015-12-23T08:00:00Z,32.0,173.994030318895,465.36695037943366,99.97905396342631,39.178175471140186,18.269331596113574,44.364203730849496,11.91893867652864,4.399493680794,0.0,0.0,0.0,0.0,0.0,model4,15.0,False,8526.0
2842,2015-12-23T11:00:00Z,32.0,173.2116298745671,465.07546462380964,100.2456922217512,39.10201339609048,17.98095188578544,42.11239728377269,12.632586173847887,4.521878329765934,0.0,0.0,0.0,0.0,0.0,model4,15.0,False,8529.0
2843,2015-12-23T14:00:00Z,32.0,172.99441840064247,460.94040961927294,100.21906196526102,39.35904230954864,18.10952442434052,41.442708520017156,12.748082492476131,4.490540466543821,0.0,0.0,0.0,0.0,0.0,model4,15.0,False,8532.0
2844,2015-12-23T17:00:00Z,32.0,173.40188597950134,456.865527617203,99.08119689031906,39.636302981881,18.070445097300734,42.46770254398825,11.622470801327825,4.806660883266992,0.0,0.0,0.0,0.0,0.0,model4,15.0,False,8535.0
2845,2015-12-23T20:00:00Z,32.0,170.54397548983437,452.87823417578994,98.56232872884,40.147720467081335,19.07533098615248,44.03225477467885,11.174618808868916,4.428502842577054,0.0,1.0,0.0,0.0,0.0,model4,15.0,False,8538.0
2846,2015-12-23T23:00:00Z,32.0,173.10565245436962,451.88640940507037,98.10478500395979,39.86473456593192,18.396020299305984,40.51204847274085,10.053874774036787,4.560047462720879,0.0,1.0,0.0,0.0,0.0,model4,15.0,False,8541.0
2847,2015-12-24T02:00:00Z,32.0,171.02714088754968,453.2716684740952,96.82606358254841,39.614266966949955,15.820072260487873,41.00538830157985,9.391727513622564,4.830338928374036,0.0,1.0,0.0,0.0,0.0,model4,15.0,False,8544.0
2848,2015-12-24T05:00:00Z,32.0,166.9102917348245,446.64645273533966,98.28359361089186,39.67322383508605,14.761401603255491,37.290416824799905,10.068914951966546,4.772280903182957,0.0,1.0,0.0,0.0,0.0,model4,15.0,False,8547.0
2849,2015-12-24T08:00:00Z,32.0,165.69841524413937,448.16613326914893,98.84545221650477,40.15060551207803,14.817498461400616,38.379131067637,9.935425895706492,5.106974154404014,0.0,1.0,0.0,0.0,0.0,model4,15.0,False,8550.0
2850,2015-12-24T11:00:00Z,32.0,164.54365712351222,445.63590426044,97.56266076669228,40.410705293011155,14.986809224586153,42.33392498119175,9.89921298612136,4.915144385467171,0.0,1.0,0.0,0.0,0.0,model4,15.0,False,8553.0
2851,2015-12-24T14:00:00Z,32.0,167.74732175848771,450.8362242419569,98.8478165237675,40.572356282218685,18.412382550944688,44.58313508502801,10.021167459787748,5.001359623216778,0.0,1.0,0.0,0.0,0.0,model4,15.0,False,8556.0
2852,2015-12-24T17:00:00Z,32.0,168.24282084073246,458.33006260219,99.90062021129296,40.30110434502769,18.102812607949744,43.374381047362355,11.093647350994836,4.8391037788056614,0.0,1.0,0.0,0.0,0.0,model4,15.0,False,8559.0
2853,2015-12-24T20:00:00Z,32.0,171.42263716244997,458.95245483595977,98.72315048467337,39.86499031803377,17.20154102954864,39.37891363839145,11.308273477446887,5.2519726814229815,0.0,0.0,0.0,0.0,0.0,model4,15.0,False,8562.0
2854,2015-12-24T23:00:00Z,32.0,172.07075763520604,456.14784171453493,97.96808232200821,40.40437489942569,17.636310837554692,46.985854691937114,11.585027188967269,5.14063275822965,0.0,0.0,0.0,0.0,0.0,model4,15.0,False,8565.0
2855,2015-12-25T02:00:00Z,32.0,170.70756587304638,456.0347490120041,98.43658543718566,40.51973957706533,18.09327490970805,46.88008199416624,11.624839045179991,4.390488955661032,0.0,0.0,0.0,0.0,0.0,model4,15.0,False,8568.0
2856,2015-12-25T05:00:00Z,32.0,173.6654233842147,450.7826041728438,97.21066627828985,40.71216051451276,17.8260125064057,51.04765976511786,10.678781797953665,4.45231551299822,0.0,0.0,0.0,0.0,0.0,model4,15.0,False,8571.0
2857,2015-12-25T08:00:00Z,32.0,175.0164794338821,446.15003809205626,98.82984967227242,39.56979122245505,17.509141974438784,51.085171869893806,10.567757651179527,4.405164775038761,0.0,0.0,0.0,0.0,0.0,model4,15.0,False,8574.0
2858,2015-12-25T11:00:00Z,32.0,175.22980151175912,442.08073269658234,100.75618183727907,40.31089355403735,17.077137452451392,47.91429396049232,9.485842240390618,4.884141775444951,0.0,0.0,0.0,0.0,0.0,model4,15.0,False,8577.0
2859,2015-12-25T14:00:00Z,32.0,171.77812288264,444.7482370692466,99.42478344275044,40.03646941566461,15.166582470480465,55.87890209422408,9.70998750607724,5.046990029283978,0.0,0.0,0.0,0.0,0.0,model4,15.0,False,8580.0
2860,2015-12-25T17:00:00Z,32.0,169.56743054598815,447.10493402868593,98.19222765335249,40.053737435478155,16.73401197935077,55.63476335120586,9.487682360360026,5.121907858765387,0.0,0.0,0.0,0.0,0.0,model4,15.0,False,8583.0
2861,2015-12-25T20:00:00Z,32.0,169.36366070498704,446.0962045426113,98.98340298358707,40.38003215457713,16.472442381810566,55.70557978382272,9.31355393376744,4.954389018954507,0.0,0.0,0.0,0.0,0.0,model4,15.0,False,8586.0
2862,2015-12-25T23:00:00Z,32.0,166.29061990451586,448.10145699016863,100.02137854901441,40.3559342739044,15.187535436048277,49.004967815359144,8.698705668979198,4.964169456455156,0.0,0.0,0.0,0.0,0.0,model4,15.0,False,8589.0
2863,2015-12-26T02:00:00Z,32.0,167.41198225514825,441.1261698134208,99.86569208654078,40.543631021339934,14.948801177542832,50.4089274664223,8.65963672967082,5.155192829443356,0.0,0.0,0.0,0.0,0.0,model4,15.0,False,8592.0
2864,2015-12-26T05:00:00Z,32.0,165.18981480586274,449.614940796478,100.02479064004278,40.43440129612622,14.419765834029498,47.06335474598918,9.792165018205235,4.993301713982662,0.0,0.0,0.0,0.0,0.0,model4,15.0,False,8595.0
2865,2015-12-26T08:00:00Z,32.0,164.62118184598975,455.2549477026381,99.1792410662645,40.91955258469729,13.55400988440532,47.617166708559296,9.424517479602894,4.6240862659019015,0.0,0.0,0.0,0.0,0.0,model4,15.0,False,8598.0
2866,2015-12-26T11:00:00Z,32.0,165.18296916271774,465.3579863292248,97.7021898090497,40.19103662153423,13.519009897712856,47.41141957508632,9.691299944686882,4.24615253664652,0.0,0.0,0.0,0.0,0.0,model4,15.0,False,8601.0
2867,2015-12-26T14:00:00Z,32.0,166.93464149184533,451.6855447674994,98.61709125215548,40.4978264989823,14.190031726936793,43.76406253585662,9.525601423008883,4.045061496049351,0.0,0.0,0.0,0.0,0.0,model4,15.0,False,8604.0
2868,2015-12-26T17:00:00Z,32.0,168.59569451549268,455.87444267573443,99.05738334588176,40.75544257583992,13.178904020843973,48.90806540541087,10.069439550202251,3.6076660737702784,0.0,0.0,0.0,0.0,0.0,model4,15.0,False,8607.0
2869,2015-12-26T20:00:00Z,32.0,167.89613655187682,460.2889536157296,100.18580401237536,40.274057285322684,12.336965953728269,49.5123547268387,10.283954564115703,3.970387751379187,0.0,0.0,0.0,0.0,0.0,model4,15.0,False,8610.0
2870,2015-12-26T23:00:00Z,32.0,170.1547309040746,452.3442552651889,100.58761230535356,39.99998117198653,12.35498968433091,54.222807466264676,12.444709531897788,4.130142174773927,0.0,0.0,0.0,0.0,0.0,model4,15.0,False,8613.0
2871,2015-12-27T02:00:00Z,32.0,169.58796907702282,460.1987118525298,100.82477662587532,39.0795376717723,12.245069145141395,51.861557762752106,12.427530770910847,3.6975779005967295,0.0,0.0,0.0,0.0,0.0,model4,15.0,False,8616.0
2872,2015-12-27T05:00:00Z,32.0,172.81424669570038,457.63259216330016,101.57614885654309,38.755236670650646,12.075802774352525,54.15354407616628,12.631715270717633,4.0383062845660795,0.0,0.0,0.0,0.0,0.0,model4,15.0,False,8619.0
2873,2015-12-27T08:00:00Z,32.0,171.60118855505547,452.91621072933816,101.51271945627528,38.56367769892234,13.610950787561224,54.17144664005011,13.244717587502466,4.6695902093544515,0.0,0.0,0.0,0.0,0.0,model4,15.0,False,8622.0
2874,2015-12-27T11:00:00Z,32.0,173.30568369477902,444.90768590565926,102.64512171420508,38.39779259065465,13.416436002323428,50.65924151923847,12.290122515938945,4.735408241934334,0.0,0.0,0.0,0.0,0.0,model4,15.0,False,8625.0
2875,2015-12-27T14:00:00Z,32.0,173.6058555073397,454.1149958466957,102.30418384398665,37.83635271194128,13.943629293635285,52.54473914787953,12.315213427175193,4.524097510261725,0.0,0.0,0.0,0.0,0.0,model4,15.0,False,8628.0
2876,2015-12-27T17:00:00Z,32.0,172.99968283939108,443.39071850481076,101.52367658645636,38.15306561954476,12.832966395524998,45.51374839583085,11.02616396203467,4.624263188323098,0.0,0.0,0.0,0.0,0.0,model4,15.0,False,8631.0
2877,2015-12-27T20:00:00Z,32.0,174.32828699294842,435.8751481621485,100.15297268213148,38.779718232925575,14.766179589885821,47.36945767570373,10.979294254487138,5.235988165266634,0.0,0.0,0.0,0.0,0.0,model4,15.0,False,8634.0
2878,2015-12-27T23:00:00Z,32.0,174.22687302163757,443.854226787142,99.4057595338557,38.90154068023226,14.443639425382596,49.356378196622074,9.147010902986953,5.226474092142708,0.0,0.0,0.0,0.0,0.0,model4,15.0,False,8637.0
2879,2015-12-28T02:00:00Z,32.0,174.3209849948224,446.1621005037329,100.15290854740336,39.71209382011386,14.465409504167495,50.06693688750187,9.689721721758755,5.332939855052108,0.0,0.0,0.0,0.0,0.0,model4,15.0,False,8640.0
2880,2015-12-28T05:00:00Z,32.0,172.04846996446602,444.23385722579576,99.36321931893093,40.40758999751292,15.037456718069146,49.600576643263366,7.793920879360107,5.280059860010878,0.0,0.0,0.0,0.0,0.0,model4,15.0,False,8643.0
2881,2015-12-28T08:00:00Z,32.0,173.32234996031303,449.1997155574375,99.9158663005201,40.094861678351904,14.183869354100072,52.55719235487742,6.795910663437978,5.05627687617482,0.0,0.0,0.0,0.0,0.0,model4,15.0,False,8646.0
2882,2015-12-28T11:00:00Z,32.0,172.7831544015908,446.22060236721154,100.24806784102509,40.154992484001134,14.706051528835626,57.469578409310024,7.134434828973782,4.917987966815927,0.0,0.0,0.0,0.0,0.0,model4,15.0,False,8649.0
2883,2015-12-28T14:00:00Z,32.0,170.89961184270285,444.9649352191595,100.28706400997132,39.91052986887711,14.162003002815947,53.37708333259543,8.362073643228932,5.134444375644484,0.0,0.0,0.0,0.0,0.0,model4,15.0,False,8652.0
2884,2015-12-28T17:00:00Z,32.0,170.1719576176934,443.837262769586,101.54051139167686,39.752850273784226,15.616242663949064,53.13185439467912,9.50572811032389,5.119073239762097,0.0,0.0,0.0,0.0,0.0,model4,15.0,False,8655.0
2885,2015-12-28T20:00:00Z,32.0,168.01908078418134,444.821383178664,101.69524347027628,40.00728440239485,13.407523633047134,55.07144994081146,9.388818535973558,4.4905250980008296,0.0,0.0,0.0,0.0,0.0,model4,15.0,False,8658.0
2886,2015-12-28T23:00:00Z,32.0,166.00346154643844,440.4284123130087,102.47764299393805,40.33376187793462,13.197974191653149,51.72979654643198,8.38060039867827,4.662147485080053,0.0,0.0,0.0,0.0,0.0,model4,15.0,False,8661.0
2887,2015-12-29T02:00:00Z,32.0,166.91449121816325,439.4375997653156,101.06660512895594,39.89809433641992,13.493796741331966,52.69526468473133,8.346755328518269,4.544936153107936,0.0,0.0,0.0,0.0,0.0,model4,15.0,False,8664.0
2888,2015-12-29T05:00:00Z,32.0,166.75222766419475,444.62873437899765,101.51988713669641,39.82570378045096,12.0410868327079,53.3494887250049,8.63659959799261,4.688930837720906,0.0,0.0,0.0,0.0,0.0,model4,15.0,False,8667.0
2889,2015-12-29T08:00:00Z,32.0,167.16689531174796,432.58450693220163,101.94739455340937,40.79606656381906,11.468180644425585,50.883982259773894,8.79133112219672,4.509210154119418,0.0,0.0,0.0,0.0,0.0,model4,15.0,False,8670.0
2890,2015-12-29T11:00:00Z,32.0,166.56642175795096,437.6305742995366,101.1631391054261,40.79021188568428,11.610507416500196,47.75696621599536,9.36716122408927,5.1503101633836055,0.0,0.0,0.0,0.0,0.0,model4,15.0,False,8673.0
2891,2015-12-29T14:00:00Z,32.0,165.52136539419055,431.20105658694,102.48876835442476,41.20437600450641,12.03851509433238,52.16608643899245,9.683058491972384,4.833927260071404,0.0,0.0,0.0,0.0,0.0,model4,15.0,False,8676.0
2892,2015-12-29T17:00:00Z,32.0,167.85614543223932,435.19410839372,100.61782052426355,40.60681925049385,11.1823143249002,54.39221347921219,8.936379529096921,5.030377861561552,0.0,0.0,0.0,0.0,0.0,model4,15.0,False,8679.0
2893,2015-12-29T20:00:00Z,32.0,168.18822009166442,444.50876006915115,101.2214883928594,40.45363712499137,10.796623177007973,52.91870696521618,9.590586710033259,4.7741165998837385,0.0,0.0,0.0,0.0,0.0,model4,15.0,False,8682.0
2894,2015-12-29T23:00:00Z,32.0,169.773156689779,448.88327546244363,101.60426474259954,40.201412958541454,10.114182809659617,62.02836189006471,10.62404141639556,4.531576876098868,0.0,0.0,0.0,0.0,0.0,model4,15.0,False,8685.0
2895,2015-12-30T02:00:00Z,32.0,168.1489939883664,438.7314495784988,102.448462425831,39.644496305344454,10.320913583753633,62.0686861242479,10.209399428966506,4.5960198248241255,0.0,0.0,0.0,0.0,0.0,model4,15.0,False,8688.0
2896,2015-12-30T05:00:00Z,32.0,168.84998139224027,432.65626959347685,100.00861852742813,39.395567472148855,10.896031955167528,62.16900474342845,11.572942315890137,4.34716061279725,0.0,0.0,0.0,0.0,0.0,model4,15.0,False,8691.0
2897,2015-12-30T08:00:00Z,32.0,168.30629259900982,444.2830834741088,98.33511185921364,38.8846942698378,11.207789227030682,61.35232297172019,11.681883471633501,4.891825346621691,0.0,0.0,0.0,0.0,0.0,model4,15.0,False,8694.0
2898,2015-12-30T11:00:00Z,32.0,168.0005642618656,435.29980855260493,99.51500980464311,39.467767152255156,10.956785682241163,68.11983008883715,11.550035526313472,4.352388045512488,0.0,0.0,0.0,0.0,0.0,model4,15.0,False,8697.0
2899,2015-12-30T14:00:00Z,32.0,170.15800274429589,433.8749278728565,98.02216642106144,39.043791603386346,10.592158624014637,64.83767642686776,10.229154325554996,4.455143569558211,0.0,0.0,0.0,0.0,0.0,model4,15.0,False,8700.0
2900,2015-12-30T17:00:00Z,32.0,168.96622487267547,433.82611065391984,99.31050293982952,40.19904750007991,11.163614697125617,65.24497376180638,10.518063479939467,4.879677834820009,0.0,0.0,0.0,0.0,0.0,model4,15.0,False,8703.0
2901,2015-12-30T20:00:00Z,32.0,168.4596304879939,434.58265155806885,98.81063109451813,40.84002876405265,12.12759800196938,66.15955667652331,9.76343223139345,5.0657826566889135,0.0,0.0,0.0,0.0,0.0,model4,15.0,False,8706.0
2902,2015-12-30T23:00:00Z,32.0,168.63918201634718,435.4987548403991,98.51029785818213,40.58461029263938,13.989596485243899,58.75212733813458,8.494079100345395,5.045597436276623,0.0,0.0,0.0,0.0,0.0,model4,15.0,False,8709.0
2903,2015-12-31T02:00:00Z,32.0,170.40575895876728,442.19307544292997,97.28482203160341,40.95644007444569,14.029723554268026,57.81016996355244,8.947961982126108,4.837992028867883,0.0,0.0,0.0,0.0,0.0,model4,15.0,False,8712.0
2904,2015-12-31T05:00:00Z,32.0,171.44004524190908,442.828121113123,99.04049831694086,40.63408424693691,14.761283720019591,57.950476125716065,9.06804747532781,4.739799660396689,0.0,0.0,0.0,0.0,0.0,model4,15.0,False,8715.0
2905,2015-12-31T08:00:00Z,32.0,169.3789182257719,434.24075595416986,100.50314973664452,40.888781494117815,15.807521564714149,58.172168144157155,9.079771684633831,3.90633632369124,0.0,0.0,0.0,0.0,0.0,model4,15.0,False,8718.0
2906,2015-12-31T11:00:00Z,32.0,169.0096596484711,445.9490485269081,99.60798054291747,40.435368937388255,15.662011529615095,54.03432363462244,8.628088546526856,4.224667543876522,0.0,0.0,0.0,0.0,0.0,model4,15.0,False,8721.0
2907,2015-12-31T14:00:00Z,32.0,169.04370082299826,452.8245738783416,99.87760756411615,40.74686279984375,15.770353394775464,50.88265519514381,8.668074649136377,4.359954456080804,0.0,0.0,0.0,0.0,0.0,model4,15.0,False,8724.0
2908,2015-12-31T17:00:00Z,32.0,171.28653841908164,447.3087174454997,99.12998946399559,40.006331232909396,16.271264732317707,51.348288899193456,8.863774351744862,3.8867608934517337,0.0,0.0,0.0,0.0,0.0,model4,15.0,False,8727.0
2909,2015-12-31T20:00:00Z,32.0,173.30561614020138,444.3248380267669,98.60883721718209,39.885993519418,15.885592666976962,47.10040271277912,10.299534452306943,4.215848380937635,0.0,0.0,0.0,0.0,0.0,model4,15.0,False,8730.0
2910,2015-12-31T23:00:00Z,32.0,172.54922941267552,438.29422556756964,97.47734108590879,40.03051304591858,14.382829665744353,51.979225864270106,11.411710688120642,4.243934377349584,0.0,0.0,0.0,0.0,0.0,model4,15.0,False,8733.0
2911,2016-01-01T02:00:00Z,32.0,172.31830667257566,441.62816432686617,98.9969176888115,40.152554802434146,15.056484285038467,52.09540349786013,11.458115280035464,4.23619073037608,0.0,0.0,0.0,0.0,0.0,model4,15.0,False,8736.0
2912,2016-01-01T05:00:00Z,32.0,171.39288535524878,446.90319231705683,99.3278261919608,40.51332327583717,13.99012025780267,52.0217393014005,10.873517416109848,4.693990285467409,0.0,0.0,0.0,0.0,0.0,model4,15.0,False,8739.0
