,datetime,machineID,voltmean,rotatemean,pressuremean,vibrationmean,voltsd,rotatesd,pressuresd,vibrationsd,error1count,error2count,error3count,error4count,error5count,model,age,failure,time_diff
0,2015-01-02T05:00:00Z,78.0,176.13012718883553,448.300604865514,103.43917752346105,40.50460276268945,11.637260767631151,54.8733392280103,10.568621067094076,6.309705955363222,0.0,0.0,0.0,0.0,0.0,model4,19.0,False,3.0
1,2015-01-02T08:00:00Z,78.0,176.00804896488182,450.95400626733453,102.57104889948921,40.17049775103639,14.528120465510776,57.12953602142146,10.669484923628568,6.3532491200016254,0.0,0.0,0.0,0.0,0.0,model4,19.0,False,6.0
2,2015-01-02T11:00:00Z,78.0,173.58046415112565,442.7943896023879,102.15959478536793,40.80327234599564,14.640297547858264,43.4296890546268,10.570092632492218,5.9851735870236835,0.0,0.0,0.0,0.0,0.0,model4,19.0,False,9.0
3,2015-01-02T14:00:00Z,78.0,174.93786125653946,446.9666979069882,102.9293520409738,39.81159197492068,14.927213846234624,41.195754697420384,11.984329628830086,5.9695428034918905,0.0,0.0,0.0,0.0,0.0,model4,19.0,False,12.0
4,2015-01-02T17:00:00Z,78.0,174.00304551923153,447.4724384591465,100.53385639925371,39.505035225560775,15.819495322455086,39.9117959508473,11.98316261280471,5.896072689520373,0.0,0.0,0.0,0.0,0.0,model4,19.0,False,15.0
5,2015-01-02T20:00:00Z,78.0,175.96551825744638,446.4390647805747,100.18431681107587,38.7803785079811,15.649738739764741,41.63011749456765,11.78804153414833,5.198260200655816,0.0,0.0,0.0,0.0,0.0,model4,19.0,False,18.0
6,2015-01-02T23:00:00Z,78.0,174.60060028858157,447.9535717741655,100.33917209184843,39.484899476845385,16.09132831549075,41.887171947475316,11.789930079802158,4.707462448262718,0.0,0.0,0.0,0.0,0.0,model4,19.0,False,21.0
7,2015-01-03T02:00:00Z,78.0,173.46203098605034,453.17891669264367,99.54454942345272,39.70501945537917,16.152274606191206,42.765807243369004,11.53960507740507,4.521367834004337,0.0,0.0,0.0,0.0,0.0,model4,19.0,False,24.0
8,2015-01-03T05:00:00Z,78.0,172.34224809478297,448.5342179261612,99.44629481831531,40.17622010870906,16.397066795496194,40.76463818763175,10.948823084518377,3.4333747148559506,0.0,0.0,0.0,0.0,0.0,model4,19.0,False,27.0
9,2015-01-03T08:00:00Z,78.0,173.3216623994773,444.7578929016707,99.698020903881,40.18371458429812,16.458135563015777,39.607475717813465,10.529177774984213,3.202387532094752,0.0,0.0,0.0,0.0,0.0,model4,19.0,False,30.0
10,2015-01-03T11:00:00Z,78.0,173.44567255780126,453.86811121261866,100.93630599320429,39.67786514078308,16.35258203640312,43.735712340515015,11.036216632922388,3.432440120969857,0.0,0.0,0.0,0.0,0.0,model4,19.0,False,33.0
11,2015-01-03T14:00:00Z,78.0,173.21621170347214,457.32360631616507,98.4254028583371,39.56189296618504,16.041509763504404,46.618594374578656,8.69938473319759,3.6452105228809284,0.0,0.0,0.0,0.0,0.0,model4,19.0,False,36.0
12,2015-01-03T17:00:00Z,78.0,174.7235435599659,462.2114975909655,101.29778146837992,39.430088837395246,14.870691056884274,43.60911574055749,8.035324481341847,3.777491615477596,0.0,0.0,0.0,0.0,0.0,model4,19.0,False,39.0
13,2015-01-03T20:00:00Z,78.0,173.81714056712536,460.5913462032052,102.75555070128941,39.283330881212784,15.118130616498242,44.263043798967715,7.579693467070192,3.8808949894302094,0.0,0.0,0.0,0.0,0.0,model4,19.0,False,42.0
14,2015-01-03T23:00:00Z,78.0,174.43215864210515,458.42083866576974,102.42610109566796,38.41625700499278,14.453612187109554,49.3632457543378,8.150617839309422,4.1253659831506,0.0,0.0,0.0,0.0,0.0,model4,19.0,False,45.0
15,2015-01-04T02:00:00Z,78.0,175.97734735568818,455.0074987221538,102.52846700374792,38.35935901592735,15.234239607626707,50.2239007674858,8.2721739164313,4.148614782478458,0.0,0.0,0.0,0.0,0.0,model4,19.0,False,48.0
16,2015-01-04T05:00:00Z,78.0,175.12982953171505,455.2132592734338,102.71357889430674,37.796639491210094,15.284241430596659,51.42854655475359,8.104825909399626,3.6201391037190436,0.0,0.0,0.0,0.0,0.0,model4,19.0,False,51.0
17,2015-01-04T08:00:00Z,78.0,173.522710064484,449.6887556893309,102.7936358319362,38.35189296409823,14.324120372784126,52.687533076179456,8.116758702652348,4.3084284913807815,0.0,0.0,0.0,0.0,0.0,model4,19.0,False,54.0
18,2015-01-04T11:00:00Z,78.0,175.79502964179522,443.7546295825715,101.80742439240194,38.834942139764564,14.16838182847987,48.05333182243993,8.548575299965982,4.097160551007123,0.0,0.0,0.0,0.0,0.0,model4,19.0,False,57.0
19,2015-01-04T14:00:00Z,78.0,175.07017702167067,445.0735310180619,102.00799274483091,39.55549634716546,14.196947253318074,46.875014874875966,9.008778824335023,4.327261230480442,0.0,0.0,0.0,0.0,0.0,model4,19.0,False,60.0
20,2015-01-04T17:00:00Z,78.0,173.4290720886016,443.2306465483323,100.5159574733346,39.666905570965945,15.634525743585545,47.997145865610676,8.657432180514501,4.394430346172956,0.0,0.0,0.0,0.0,0.0,model4,19.0,False,63.0
21,2015-01-04T20:00:00Z,78.0,173.1594602025145,441.1757395646378,99.59109850647616,39.47146563039501,15.878549545470106,49.43926574226574,10.331310624081745,4.702448200737335,0.0,0.0,0.0,0.0,0.0,model4,19.0,False,66.0
22,2015-01-04T23:00:00Z,78.0,174.76395196708089,442.8862484477268,98.9213357113865,39.99379891109785,16.091985680783253,43.76285547781543,9.882038050301787,4.3047346877419335,0.0,0.0,0.0,0.0,0.0,model4,19.0,False,69.0
23,2015-01-05T02:00:00Z,78.0,172.7062055979956,435.7312088102552,99.28219627268659,40.09144427873951,14.817925176673546,50.15065077277654,9.74306045855078,4.3641995482957325,0.0,0.0,0.0,0.0,0.0,model4,19.0,False,72.0
24,2015-01-05T05:00:00Z,78.0,174.1142032916767,440.7656995114109,100.40095271708763,40.708702495044854,15.606368235256467,53.27261977602385,11.042044848411395,4.389143125794204,0.0,0.0,0.0,0.0,0.0,model4,19.0,False,75.0
25,2015-01-05T08:00:00Z,78.0,173.72569750103602,443.8801547985337,100.2841806681444,40.51477121797769,14.364003644169856,53.184815437626284,11.305677737542448,4.3814415497911785,0.0,0.0,0.0,0.0,0.0,model4,19.0,False,78.0
26,2015-01-05T11:00:00Z,78.0,172.30212641335666,445.1089537259729,99.66308025722915,40.35145407325249,14.423583288618698,53.84557772990689,11.185634770350692,4.429859870646564,0.0,0.0,0.0,0.0,0.0,model4,19.0,False,81.0
27,2015-01-05T14:00:00Z,78.0,172.41263149279166,440.08241038616524,100.7072851545384,40.818753512614734,14.614390224573256,55.46206626074735,11.534547950227909,4.4622374350757035,0.0,0.0,0.0,0.0,0.0,model4,19.0,False,84.0
28,2015-01-05T17:00:00Z,78.0,172.4831873502559,443.6682515537522,101.15876061045729,40.94891518243124,13.982329789835415,57.4927290392961,11.66334532973518,4.257619444849107,0.0,0.0,0.0,0.0,0.0,model4,19.0,False,87.0
29,2015-01-05T20:00:00Z,78.0,172.39896682811073,450.39493109825526,101.80458848321844,41.318553805569856,13.78521491614588,54.8289357179865,10.297472849026207,3.9953030008746366,0.0,0.0,0.0,0.0,0.0,model4,19.0,False,90.0
30,2015-01-05T23:00:00Z,78.0,171.24456164240016,443.4280471379473,101.36813865895522,40.97462309886865,14.59170074429192,55.86408992957536,10.820900587442763,4.028720407248291,0.0,0.0,0.0,0.0,0.0,model4,19.0,False,93.0
31,2015-01-06T02:00:00Z,78.0,171.63039937406887,449.1099130526355,102.19177101920693,40.90078930384126,14.612617572384627,46.16409206032729,11.277368370349949,3.9696410031006337,0.0,0.0,0.0,0.0,0.0,model4,19.0,False,96.0
32,2015-01-06T05:00:00Z,78.0,170.10125197694134,448.91031142058677,100.73599601188863,39.97083383367283,12.753322140697335,45.07602390995339,11.90307473286584,4.181280922125947,0.0,0.0,0.0,0.0,0.0,model4,19.0,False,99.0
33,2015-01-06T08:00:00Z,78.0,169.4014627529454,444.88840017335053,100.6699115687386,39.657959306820274,12.229423709374144,46.34998416502716,11.990810166172002,3.7707751413922996,0.0,0.0,0.0,0.0,0.0,model4,19.0,False,102.0
34,2015-01-06T11:00:00Z,78.0,167.88954073771413,447.9880078973472,101.9792775534848,39.56060551591568,14.923820330608516,52.03216023951408,11.70436566554393,3.8116494908305545,0.0,0.0,0.0,0.0,0.0,model4,19.0,False,105.0
35,2015-01-06T14:00:00Z,78.0,166.78290433752537,443.7705764460552,100.789276911552,38.633483080962854,14.194494293549367,53.033113382344105,11.192404917442381,3.0053934135065346,0.0,0.0,0.0,0.0,0.0,model4,19.0,False,108.0
36,2015-01-06T17:00:00Z,78.0,168.82028820734942,439.85671699941145,101.20708330433929,38.78126068065658,15.286823897401796,49.245862721506384,11.3628418153105,3.7611643845495033,0.0,0.0,0.0,0.0,0.0,model4,19.0,False,111.0
37,2015-01-06T20:00:00Z,78.0,167.81835362992132,434.1426552161512,100.55422780852292,38.4390009391317,15.094569675354615,50.660346954763156,11.270430986252356,3.611933576846344,0.0,0.0,0.0,0.0,0.0,model4,19.0,False,114.0
38,2015-01-06T23:00:00Z,78.0,168.69382847181447,433.3330518955863,101.21202482680164,38.92943474343861,16.212728502510913,51.60507920087962,10.86779211376122,3.7937115178186858,0.0,0.0,0.0,0.0,0.0,model4,19.0,False,117.0
39,2015-01-07T02:00:00Z,78.0,168.54301451436197,440.19019971169183,100.9091269793738,39.35435009920953,16.030638175936403,58.00840471654149,10.58764705265519,4.1988969181198215,0.0,0.0,0.0,0.0,0.0,model4,19.0,False,120.0
40,2015-01-07T05:00:00Z,78.0,168.60631231471717,428.93388801876847,100.8400481053968,39.970611066919616,16.389608081964752,56.539785199099,8.441581496672809,3.9322147351444494,0.0,0.0,0.0,0.0,0.0,model4,19.0,False,123.0
41,2015-01-07T08:00:00Z,78.0,168.70153470128278,424.8396785458588,100.71810370353515,39.67378844505457,17.1399997466714,59.23409052739056,8.387942103134984,4.398517529072674,0.0,0.0,0.0,0.0,0.0,model4,19.0,False,126.0
42,2015-01-07T11:00:00Z,78.0,170.18928695441434,422.49561474709816,100.27865126825769,39.20437151020135,14.072018826740573,55.59417218868352,8.448798994291133,5.125191477672795,0.0,0.0,0.0,0.0,0.0,model4,19.0,False,129.0
43,2015-01-07T14:00:00Z,78.0,171.49397002888887,423.81298694422685,100.57147073363458,39.19231462029468,14.059142620723884,52.10219196204786,8.036791567001316,5.133470607630236,0.0,0.0,0.0,0.0,0.0,model4,19.0,False,132.0
44,2015-01-07T17:00:00Z,78.0,171.85321880206254,419.8736823326322,99.7439341346616,38.784756650311095,13.542047743779015,53.82247046283495,8.533359488916085,5.204994306462271,0.0,0.0,0.0,0.0,0.0,model4,19.0,False,135.0
45,2015-01-07T20:00:00Z,78.0,171.12463867254738,416.36196505947515,99.4605226797077,38.949869343042586,14.39201282543939,56.25491689882066,10.830520163707435,4.981564632896887,0.0,0.0,0.0,0.0,0.0,model4,19.0,False,138.0
46,2015-01-07T23:00:00Z,78.0,170.12017886113702,419.8846453754599,100.01872131221641,39.118003541644214,12.691916445022846,57.888203322852156,11.024712965766645,5.186602930514576,0.0,0.0,0.0,0.0,0.0,model4,19.0,False,141.0
47,2015-01-08T02:00:00Z,78.0,168.5057741903331,414.5908189204227,99.13948410489752,38.85746103196244,13.69617786265116,51.82770403510236,10.648221460426347,4.907398265784325,0.0,0.0,0.0,0.0,0.0,model4,19.0,False,144.0
48,2015-01-08T05:00:00Z,78.0,169.6834927813504,420.56563655560285,98.58469291353407,39.30731681828181,13.50193067725571,58.8443309791611,10.655763921550944,5.81836768102852,0.0,0.0,0.0,0.0,0.0,model4,19.0,False,147.0
49,2015-01-08T08:00:00Z,78.0,169.43800486558328,433.3346389424252,98.74407049828692,39.89218824588085,12.560699698548074,56.10653035261286,10.513312538609588,6.236308415927716,0.0,0.0,0.0,0.0,0.0,model4,19.0,False,150.0
50,2015-01-08T11:00:00Z,78.0,167.65517044390992,433.12156513379614,99.07992670043664,41.026424431867476,13.001766087307734,56.83505496506758,10.316393550552194,5.734136870134473,0.0,0.0,0.0,0.0,0.0,model4,19.0,False,153.0
51,2015-01-08T14:00:00Z,78.0,165.65759249995116,441.58033824634236,99.77874931537077,40.90944778194577,13.565126194587181,59.472467398400994,10.557952118077193,6.753157267618786,0.0,0.0,0.0,0.0,0.0,model4,19.0,False,156.0
52,2015-01-08T17:00:00Z,78.0,164.840898048898,451.73892702383415,101.12313633496409,40.48236214495671,13.244562130683091,58.14534972579767,9.99698711956532,6.737040001140352,0.0,0.0,0.0,0.0,0.0,model4,19.0,False,159.0
53,2015-01-08T20:00:00Z,78.0,167.59021623007246,464.6819952165506,101.5786526298755,40.435413345656535,13.126908925470845,55.41217554120308,7.0716098823780165,6.783688273641379,0.0,0.0,0.0,0.0,0.0,model4,19.0,False,162.0
54,2015-01-08T23:00:00Z,78.0,165.2197091248417,473.9321137455912,100.4532153224402,40.08989753813797,13.134502892523987,62.018915050389474,7.398091997916946,6.863864940516063,0.0,0.0,0.0,0.0,0.0,model4,19.0,False,165.0
55,2015-01-09T02:00:00Z,78.0,163.83916762049054,470.404643638954,100.390653558048,40.25477573666495,14.346577910260462,70.46402985933189,8.424836796476878,6.839824998352452,0.0,0.0,0.0,0.0,0.0,model4,19.0,False,168.0
56,2015-01-09T05:00:00Z,78.0,164.95848603940618,473.2824294206743,100.57597865437134,39.98411346447456,16.75169590283899,65.46848850135059,8.973649082349462,6.2491794002360175,0.0,0.0,1.0,0.0,0.0,model4,19.0,False,171.0
57,2015-01-09T08:00:00Z,78.0,165.54989735997032,469.55808215781127,100.61491447163269,39.77307101867271,17.12423757169237,66.45809253515012,9.4211258725758,5.562887965107665,0.0,0.0,1.0,0.0,0.0,model4,19.0,False,174.0
58,2015-01-09T11:00:00Z,78.0,166.71352807313272,472.7295985159008,99.44286818057444,39.288981469854534,16.80007836178165,64.40052214781207,10.483361146862027,5.30827129384842,0.0,0.0,1.0,0.0,0.0,model4,19.0,False,177.0
59,2015-01-09T14:00:00Z,78.0,168.3282588616843,467.68952328163687,98.00686062778459,40.38398573606466,16.002686252701462,66.2009925557945,10.944701734601269,4.614209574523333,0.0,0.0,1.0,0.0,0.0,model4,19.0,False,180.0
60,2015-01-09T17:00:00Z,78.0,168.28770104660592,455.3902144762066,97.55799376645193,41.24628024192864,15.623244396483779,74.59740982083788,10.376403709825155,3.9033457431743535,0.0,0.0,1.0,0.0,0.0,model4,19.0,False,183.0
61,2015-01-09T20:00:00Z,78.0,166.21060064925283,448.988759446834,96.94388202593042,41.604011281961114,15.75335721121666,71.99548691018785,10.745141851289079,4.014218886688379,0.0,0.0,1.0,0.0,0.0,model4,19.0,False,186.0
62,2015-01-09T23:00:00Z,78.0,167.6981740694,439.756660023141,98.11914794473957,41.47100759886446,15.118447167167922,60.50264358434713,10.422027672874332,4.05772629999731,0.0,0.0,1.0,0.0,0.0,model4,19.0,False,189.0
63,2015-01-10T02:00:00Z,78.0,168.90277210197598,444.78757707129495,96.02717786151614,41.20233183608763,13.930977037745805,54.49287338243219,11.716409764456804,4.305688280200286,0.0,0.0,1.0,0.0,0.0,model4,19.0,False,192.0
64,2015-01-10T05:00:00Z,78.0,167.63075443447482,446.65260364205926,97.09000349741063,40.784432480294214,11.472821756986013,56.54613676697247,11.909996405156374,5.5649399658090655,0.0,0.0,0.0,0.0,0.0,model4,19.0,False,195.0
65,2015-01-10T08:00:00Z,78.0,169.00893064020175,448.3607710148778,97.21369843642135,40.52966657706846,11.777152336920953,56.167505541359894,11.378090709211405,5.662491171836617,0.0,0.0,0.0,0.0,0.0,model4,19.0,False,198.0
66,2015-01-10T11:00:00Z,78.0,169.7419828820041,439.7712167935839,95.91652947566395,40.8360776504419,12.552294636910643,54.12612267944956,11.257332576833956,5.656343663246102,0.0,0.0,0.0,0.0,0.0,model4,19.0,False,201.0
67,2015-01-10T14:00:00Z,78.0,169.42846812531891,441.41706078164395,97.49749201991207,39.450306522550996,15.82798306023512,56.12646645679814,12.494597243077624,6.341153753635196,0.0,0.0,0.0,0.0,0.0,model4,19.0,False,204.0
68,2015-01-10T17:00:00Z,78.0,169.43867192617822,449.4795805749843,96.83877967168921,39.228040119823945,16.533401707766146,48.71965793715336,12.855254355849896,6.199570597519047,0.0,0.0,0.0,0.0,0.0,model4,19.0,False,207.0
69,2015-01-10T20:00:00Z,78.0,171.05648776116786,456.7214561446338,97.18188670092763,39.585988345587786,16.303102755677163,47.62347993859937,12.705673437560641,6.321401058031488,0.0,0.0,0.0,0.0,0.0,model4,19.0,False,210.0
70,2015-01-10T23:00:00Z,78.0,172.41550817462632,452.82546749689317,94.95535687302515,39.57189281778855,16.287664253003243,49.17617848321292,13.199350196731384,6.231884978947416,0.0,0.0,0.0,0.0,0.0,model4,19.0,False,213.0
71,2015-01-11T02:00:00Z,78.0,172.33367371693254,449.2128793185289,98.35547374598505,40.28389627018235,16.256809172371806,48.10339304830332,12.472607247537045,6.606733801176046,0.0,0.0,0.0,0.0,0.0,model4,19.0,False,216.0
72,2015-01-11T05:00:00Z,78.0,170.15436356957076,440.3779387906597,98.41933916356552,40.732142942386325,16.77136408789832,43.98453611340536,12.524775550565002,5.575424710826954,0.0,0.0,0.0,0.0,0.0,model4,19.0,False,219.0
73,2015-01-11T08:00:00Z,78.0,168.38328327145396,439.33012573111847,98.41178123176846,41.168859815202715,16.396544705704788,43.79881063240753,12.707189373413488,5.841724576222491,0.0,0.0,0.0,0.0,0.0,model4,19.0,False,222.0
74,2015-01-11T11:00:00Z,78.0,166.16589884546175,443.27049151766334,100.91548265273384,41.09122910192183,16.753711904080873,43.14908262486677,11.681045460870427,5.8743923957872015,0.0,0.0,0.0,0.0,0.0,model4,19.0,False,225.0
75,2015-01-11T14:00:00Z,78.0,167.38508976667708,444.9931332789012,100.51349880943168,42.03495030602318,14.944887077395848,40.7759185256501,10.868765092537076,4.722646077375975,0.0,0.0,0.0,0.0,0.0,model4,19.0,False,228.0
76,2015-01-11T17:00:00Z,78.0,165.09002897851022,447.3066349685659,99.49940743515516,42.26990571797818,15.881537912294922,38.20789777852557,10.841755732223152,4.938554316221482,0.0,0.0,0.0,0.0,0.0,model4,19.0,False,231.0
77,2015-01-11T20:00:00Z,78.0,164.69340846553104,444.83865297590444,99.66373798974216,41.79985039201397,15.294729465009427,40.52954742665397,10.683976945630171,5.114334279914403,0.0,0.0,0.0,0.0,0.0,model4,19.0,False,234.0
78,2015-01-11T23:00:00Z,78.0,164.016629257793,446.4161657762686,102.37982899857252,42.35406326674924,14.45814789477399,40.03150088223044,9.519918456562577,5.260517914558727,0.0,0.0,0.0,0.0,0.0,model4,19.0,False,237.0
79,2015-01-12T02:00:00Z,78.0,165.71391580393018,446.8391215272274,100.40147510576641,41.655519185682785,13.733202670008259,38.63143376585028,9.384696923178172,5.587394105860488,0.0,0.0,0.0,0.0,0.0,model4,19.0,False,240.0
80,2015-01-12T05:00:00Z,78.0,167.06058154227205,450.84014976983167,99.46883308692249,41.59245975645728,13.500326236567881,39.846429501121186,8.930840983640483,5.609603531115951,0.0,0.0,0.0,0.0,0.0,model4,19.0,False,243.0
81,2015-01-12T08:00:00Z,78.0,168.23571447050685,447.2538589532541,100.64910558238684,40.824793809222726,14.104652470109425,43.03708486608723,9.8664558889175,5.592902242692803,0.0,1.0,0.0,0.0,0.0,model4,19.0,False,246.0
82,2015-01-12T11:00:00Z,78.0,170.53495460980156,450.6192781560834,100.9486844304637,40.592501201039376,13.012526149777687,44.327482593329655,10.244714690993536,5.741063180365356,0.0,1.0,0.0,0.0,0.0,model4,19.0,False,249.0
83,2015-01-12T14:00:00Z,78.0,169.09819191311482,448.55372634910964,100.95084121850985,39.79817973135383,12.063344539018107,44.93136889143557,10.260684610766909,5.559112983553376,0.0,1.0,0.0,0.0,0.0,model4,19.0,False,252.0
84,2015-01-12T17:00:00Z,78.0,171.22700621318424,443.51351097166497,102.04703821404223,39.19781398400747,8.052315951610517,45.647697041448936,9.704974647575003,5.472413567327907,0.0,1.0,0.0,0.0,0.0,model4,19.0,False,255.0
85,2015-01-12T20:00:00Z,78.0,170.12321056232875,442.6691187730535,102.90936189618178,38.845521593425566,8.78917016268124,44.46572480492668,9.652039719097283,5.233346909992688,0.0,1.0,0.0,0.0,0.0,model4,19.0,False,258.0
86,2015-01-12T23:00:00Z,78.0,171.96998344819156,447.82057006312516,103.02630811744899,38.168365143989504,10.587902310194004,44.9005488939389,9.92355827422331,4.650840135265528,0.0,1.0,0.0,0.0,0.0,model4,19.0,False,261.0
87,2015-01-13T02:00:00Z,78.0,173.6915887965308,449.5813414853035,104.56264006266012,38.55238887848896,12.414127142106507,45.26593247064864,9.440639209347603,4.212380480113256,0.0,2.0,0.0,0.0,0.0,model4,19.0,False,264.0
88,2015-01-13T05:00:00Z,78.0,172.4696129362275,451.7896311306199,104.8307967812144,38.2724909453107,13.266029314337914,54.11574586301022,9.37483373440948,4.3143997022668685,0.0,2.0,0.0,0.0,0.0,model4,19.0,False,267.0
89,2015-01-13T08:00:00Z,78.0,171.62649263701573,449.71688219967024,103.11458861575157,38.6939045052705,12.636533413504734,57.1132251945255,9.035345739222198,4.3473436544273945,0.0,1.0,0.0,1.0,0.0,model4,19.0,False,270.0
90,2015-01-13T11:00:00Z,78.0,170.23577165088375,447.50597717162026,100.9259880771862,38.86756887879528,13.00216130718636,56.715606055795796,9.595860769628034,4.088301691427493,0.0,1.0,0.0,1.0,0.0,model4,19.0,False,273.0
91,2015-01-13T14:00:00Z,78.0,170.45835116700698,447.961442706252,100.6158737835737,39.468757384597396,15.408765101172873,57.29950064707846,9.094332350064333,3.982414565865464,0.0,1.0,0.0,1.0,0.0,model4,19.0,False,276.0
92,2015-01-13T17:00:00Z,78.0,169.96239366724353,451.0893928208852,100.43078996331013,40.17589520220855,15.611825486613213,56.39060162167698,9.275485395728538,4.401585587029671,0.0,1.0,0.0,1.0,0.0,model4,19.0,False,279.0
93,2015-01-13T20:00:00Z,78.0,168.68275747444125,452.8143550662316,100.29582415959408,40.57319946192891,16.067565631472302,55.15831671314948,9.157046651372477,4.526146152790076,0.0,1.0,0.0,1.0,0.0,model4,19.0,False,282.0
94,2015-01-13T23:00:00Z,78.0,166.13801106534495,449.4625668031282,98.65312572063247,41.06244773458931,14.853845314978646,56.29259057736586,8.176001465301852,4.223687840484753,0.0,2.0,0.0,1.0,0.0,model4,19.0,False,285.0
95,2015-01-14T02:00:00Z,78.0,165.09775494747117,447.9724298275118,97.63447737494648,40.655161805400745,13.459502025267868,55.63028148296776,7.629908807996519,4.3288240376030656,0.0,1.0,0.0,1.0,0.0,model4,19.0,False,288.0
96,2015-01-14T05:00:00Z,78.0,167.2365565573919,441.4080412343709,96.61054368491942,40.855971161761225,14.034961519641561,46.098452229095145,7.725774083415581,4.106429307206069,0.0,1.0,0.0,1.0,0.0,model4,19.0,False,291.0
97,2015-01-14T08:00:00Z,78.0,167.60651902442396,451.7674029966863,97.11881853500958,40.63122028914361,14.78939825050958,49.52548717924818,8.252541030763158,3.9410148656713813,0.0,1.0,0.0,0.0,0.0,model4,19.0,False,294.0
98,2015-01-14T11:00:00Z,78.0,169.84776892245858,450.2771561887705,98.69622021933752,40.006020770544346,15.441807150659509,50.24630118447078,8.324460762385383,4.318518549950536,0.0,1.0,0.0,0.0,0.0,model4,19.0,False,297.0
99,2015-01-14T14:00:00Z,78.0,169.59786835696124,437.6489176492244,99.45910199318472,39.97557880754057,12.928375900854473,55.23715667632258,8.310860374572629,4.7318548981476924,0.0,1.0,0.0,0.0,0.0,model4,19.0,False,300.0
100,2015-01-14T17:00:00Z,78.0,169.092290209385,444.06550531688566,100.54284817668643,39.95403713152098,13.3802051957305,60.496489727748276,8.6643066353673,4.119951702560126,0.0,1.0,0.0,0.0,0.0,model4,19.0,False,303.0
101,2015-01-14T20:00:00Z,78.0,169.72343882139464,436.12274730927817,100.04583539482262,40.05992536873081,12.681020805729963,59.37325465149732,8.377570394180697,4.089869403332822,0.0,1.0,0.0,0.0,0.0,model4,19.0,False,306.0
102,2015-01-14T23:00:00Z,78.0,171.89227192749905,437.0890306403907,100.2188893458365,39.739061485504216,13.094504349109814,59.13101377114098,8.300330618379984,4.3805591244497535,0.0,0.0,0.0,0.0,0.0,model4,19.0,False,309.0
103,2015-01-15T02:00:00Z,78.0,170.5738215432865,440.4421366296122,99.66898759383743,39.8201607550261,12.558509345893034,58.5502665072256,9.63851144527486,4.474706048314476,0.0,0.0,0.0,0.0,0.0,model4,19.0,False,312.0
104,2015-01-15T05:00:00Z,78.0,170.21486849413762,445.2968841958272,101.6068294328048,39.56469928669108,12.40545222349979,57.48979498061348,9.646770414832755,4.502369876004996,0.0,0.0,0.0,0.0,0.0,model4,19.0,False,315.0
105,2015-01-15T08:00:00Z,78.0,170.83541365050274,443.14652784294236,101.51156518156117,39.291364587868856,13.056252257250257,49.773823168422574,9.338736032663784,4.654871925535686,0.0,0.0,0.0,0.0,0.0,model4,19.0,False,318.0
106,2015-01-15T11:00:00Z,78.0,168.09659990926517,447.85466625037316,100.46824026132327,39.20030481338613,12.910589087007182,50.96289731657818,9.642562302078376,4.945988140885771,0.0,0.0,0.0,0.0,0.0,model4,19.0,False,321.0
107,2015-01-15T14:00:00Z,78.0,167.9214095899325,463.9738076776893,99.18673626418159,39.413958782954076,12.947278786663327,41.84004459966604,9.414022579880307,4.8839045454854455,0.0,0.0,0.0,0.0,0.0,model4,19.0,False,324.0
108,2015-01-15T17:00:00Z,78.0,168.97942167616046,458.43023059922996,98.7387687827335,39.23411012235428,12.38248820507626,39.9761756004545,9.00706925509128,4.786475512529637,0.0,0.0,0.0,0.0,0.0,model4,19.0,False,327.0
109,2015-01-15T20:00:00Z,78.0,170.6709439991999,466.19312733887733,98.2009850713624,39.1579940080447,14.271727905666097,35.368418862180945,9.32385341801741,4.695231642279334,0.0,0.0,0.0,0.0,0.0,model4,19.0,False,330.0
110,2015-01-15T23:00:00Z,78.0,169.00770382525562,465.6227249122126,98.752428890772,39.61605437079811,14.6053158626804,32.865524795880276,9.139888464004358,4.651497791504296,0.0,0.0,0.0,0.0,0.0,model4,19.0,False,333.0
111,2015-01-16T02:00:00Z,78.0,168.88574095763434,463.08524881265936,99.12198581295263,39.218859254243945,14.961071075779016,37.67468705638889,9.077917774053423,4.903712068606024,0.0,0.0,0.0,0.0,0.0,model4,19.0,False,336.0
112,2015-01-16T05:00:00Z,78.0,169.23304078675528,465.3549316309336,98.53626332110045,38.895046824783456,15.051684539400132,36.03150570963676,8.47333260655037,5.05482009223085,0.0,0.0,0.0,0.0,0.0,model4,19.0,False,339.0
113,2015-01-16T08:00:00Z,78.0,168.88222469842086,472.11048109035454,98.96960545664848,39.78966800803504,13.787936638798964,38.94230549940118,9.379722543367489,5.203934597376423,0.0,0.0,0.0,0.0,0.0,model4,19.0,False,342.0
114,2015-01-16T11:00:00Z,78.0,171.1484543393251,467.1067991548958,100.47860007331688,40.1817736495754,13.045556149025304,40.54589201787447,9.000197517450667,4.8800130210823935,0.0,0.0,0.0,0.0,0.0,model4,19.0,False,345.0
115,2015-01-16T14:00:00Z,78.0,172.21828910422562,455.2981649965098,101.34870855458428,40.00674669590129,13.210876167617945,43.756731524885375,9.637215164315366,4.526623222508261,0.0,0.0,0.0,0.0,0.0,model4,19.0,False,348.0
116,2015-01-16T17:00:00Z,78.0,173.60943863216932,453.0916611929208,100.462542818359,39.84471599645072,13.876066906613252,42.96046492802003,9.386557759204736,5.296842865066648,0.0,0.0,0.0,0.0,0.0,model4,19.0,False,351.0
117,2015-01-16T20:00:00Z,78.0,173.737513166362,458.14783933233565,100.84600133577229,40.24441447789643,11.843752882580185,47.94837326797842,9.052417749375797,5.61314975080954,0.0,0.0,0.0,0.0,0.0,model4,19.0,False,354.0
118,2015-01-16T23:00:00Z,78.0,174.52184360999797,463.42863662410963,101.20167486520378,39.71254535509468,12.071476865996466,48.90846265606388,9.331089179002737,5.7106014501324545,0.0,0.0,0.0,0.0,0.0,model4,19.0,False,357.0
119,2015-01-17T02:00:00Z,78.0,174.81424394252713,474.0873297375475,101.38338183583916,39.86323388463261,12.985010384123676,54.90236213348014,8.069889425311962,5.2711752759934205,0.0,0.0,0.0,0.0,0.0,model4,19.0,False,360.0
120,2015-01-17T05:00:00Z,78.0,173.11223719258416,475.22323823465575,101.08249288138704,40.14390759542326,13.445658636837251,55.75144327295066,8.344656736677178,5.071188317291724,0.0,0.0,0.0,0.0,0.0,model4,19.0,False,363.0
121,2015-01-17T08:00:00Z,78.0,174.15425829785553,472.6335031787625,99.8471671387783,39.91903528081149,13.720962587369563,54.80363970532804,8.930485379469504,4.997847735511843,1.0,0.0,0.0,0.0,0.0,model4,19.0,False,366.0
122,2015-01-17T11:00:00Z,78.0,174.7443610565123,472.3643663628199,98.83772226990149,40.215025132103904,16.276833250031878,53.58500165099921,9.209987741558614,4.922835128445247,1.0,0.0,0.0,0.0,0.0,model4,19.0,False,369.0
123,2015-01-17T14:00:00Z,78.0,174.5979894617733,475.129912102652,99.2658643294738,40.23476887247451,15.796913775269008,50.14789657356436,8.71139138974944,5.165470178870874,1.0,0.0,0.0,0.0,0.0,model4,19.0,False,372.0
124,2015-01-17T17:00:00Z,78.0,173.88571810465766,483.7147916907859,99.73715019421152,40.06078311666991,15.99069850697882,48.39663306476921,8.693193633569484,4.760706451976551,1.0,0.0,0.0,0.0,0.0,model4,19.0,False,375.0
125,2015-01-17T20:00:00Z,78.0,174.6261307795374,478.86997402406126,99.7933842743935,39.88253347717523,16.235550244208984,50.05368019625554,9.152288005453494,4.4141592618109255,1.0,0.0,0.0,0.0,0.0,model4,19.0,False,378.0
126,2015-01-17T23:00:00Z,78.0,175.67625087444995,471.50159946296515,100.06851672488013,39.715909788801454,15.721069356886401,53.85768631322218,9.55080665794381,4.192211997227037,1.0,0.0,0.0,0.0,0.0,model4,19.0,False,381.0
127,2015-01-18T02:00:00Z,78.0,177.96660223210625,464.8660123772608,98.8469758594632,40.64692482210373,15.388741280604545,47.36151202859482,10.764274503502406,4.566402535436727,1.0,0.0,0.0,0.0,0.0,model4,19.0,False,384.0
128,2015-01-18T05:00:00Z,78.0,176.00350249303963,462.2113703755253,98.29978909434452,40.20288340584674,18.14030491718074,52.52706997837036,11.192101305950024,4.9393566787454875,1.0,0.0,0.0,0.0,0.0,model4,19.0,False,387.0
129,2015-01-18T08:00:00Z,78.0,173.81245323994534,457.20441652568513,99.44951370187162,40.443096203973106,18.43737756438217,51.531540093921976,11.07962302066032,5.47789455324345,0.0,0.0,0.0,0.0,0.0,model4,19.0,False,390.0
130,2015-01-18T11:00:00Z,78.0,172.53696115465243,454.97786352975027,100.51891590846942,39.97067542029099,17.600163676907798,55.203993829286915,10.85994107800328,5.692722222347947,0.0,0.0,0.0,0.0,0.0,model4,19.0,False,393.0
131,2015-01-18T14:00:00Z,78.0,173.0759277609057,461.5855244456594,100.19576243379824,39.66405086154189,20.194773965570207,53.74184903925372,10.748502847157146,5.973972887099255,0.0,0.0,0.0,0.0,0.0,model4,19.0,False,396.0
132,2015-01-18T17:00:00Z,78.0,171.23483792911438,447.55513853753575,100.02770191117085,39.5876296233294,20.77856513500505,54.98129113972917,11.679415279899,5.791241444466679,0.0,0.0,0.0,0.0,0.0,model4,19.0,False,399.0
133,2015-01-18T20:00:00Z,78.0,170.48248332318704,445.9482652461232,98.33822392383577,39.06078298659493,20.19592676202064,51.684553426468064,12.656035479890456,5.544811040468925,0.0,0.0,0.0,0.0,0.0,model4,19.0,False,402.0
134,2015-01-18T23:00:00Z,78.0,168.4301926197131,449.64149747697707,98.17680432226568,39.97845502624259,19.410057774432413,49.80230143089329,12.68004815962134,5.776450022740376,0.0,0.0,0.0,0.0,0.0,model4,19.0,False,405.0
135,2015-01-19T02:00:00Z,78.0,166.65537619225196,448.56740547437965,101.0681960043682,39.21218062684907,17.592317232674304,47.23273700794019,12.079833192593748,5.845186691368178,0.0,0.0,0.0,0.0,0.0,model4,19.0,False,408.0
136,2015-01-19T05:00:00Z,78.0,171.25002049402747,448.5638152073346,102.44230945097048,39.470732422313844,16.36678229055931,43.714788756725454,11.859630148150089,5.562731237443056,0.0,0.0,0.0,0.0,0.0,model4,19.0,False,411.0
137,2015-01-19T08:00:00Z,78.0,172.89481682363274,447.1791306510158,103.69680360805219,38.710178053687024,16.325647230450073,48.10192357890112,11.516962379480038,5.004335844247459,0.0,0.0,0.0,0.0,0.0,model4,19.0,False,414.0
138,2015-01-19T11:00:00Z,78.0,171.43533065792118,453.72703127628716,104.45970404111236,38.79256689435749,15.8169715000825,47.6321053795935,12.108846668048734,4.799433276892771,0.0,0.0,0.0,0.0,0.0,model4,19.0,False,417.0
139,2015-01-19T14:00:00Z,78.0,170.4304962524319,449.3248438898645,104.05644033965916,38.505785837256866,14.6783859097627,48.33180995072768,13.133059166427634,5.175204026297347,0.0,0.0,0.0,0.0,0.0,model4,19.0,False,420.0
140,2015-01-19T17:00:00Z,78.0,172.7287536836478,455.649652065494,104.11413333370108,38.51787756225574,13.674090721806078,48.90081161017842,12.416251164431618,5.3637817748098175,0.0,0.0,0.0,0.0,0.0,model4,19.0,False,423.0
141,2015-01-19T20:00:00Z,78.0,171.59879182387482,456.778659725303,106.45330860718752,38.93609684497644,13.93319383907204,48.49104597627326,10.11323310959536,5.577543644878213,0.0,0.0,0.0,0.0,0.0,model4,19.0,False,426.0
142,2015-01-19T23:00:00Z,78.0,173.58720183752567,453.8759905825335,105.29472060864596,38.751341462401584,13.985603096908395,52.5239430413039,10.702143716379377,5.333352110415518,0.0,0.0,0.0,0.0,0.0,model4,19.0,False,429.0
143,2015-01-20T02:00:00Z,78.0,174.55480027135465,450.884702181816,103.76922828075752,38.33183489331152,14.044971088065354,52.05281746010496,10.704581910517039,4.870857162100467,0.0,0.0,0.0,0.0,0.0,model4,19.0,False,432.0
144,2015-01-20T05:00:00Z,78.0,171.4820060572552,446.73375427545614,102.48028325441878,38.26403400214828,14.569513606927785,51.68791362530017,10.752205579376767,4.985565387698611,0.0,0.0,0.0,0.0,0.0,model4,19.0,False,435.0
145,2015-01-20T08:00:00Z,78.0,170.02928522776017,443.09592115498106,101.4229991043583,38.91263633406167,14.872300893711715,51.178326409650275,10.467386670643153,5.070913011580823,0.0,0.0,0.0,0.0,0.0,model4,19.0,False,438.0
146,2015-01-20T11:00:00Z,78.0,172.17376196187146,440.64688946311287,99.29464166219627,39.052922053358586,14.009412620751819,50.523413017755225,9.972640029718118,5.221566637358374,0.0,0.0,0.0,0.0,0.0,model4,19.0,False,441.0
147,2015-01-20T14:00:00Z,78.0,171.18336458666863,442.58886594102285,100.52002883508487,39.23653992809578,12.459864630440304,49.18506224302853,9.424208703372502,4.6103047133901915,0.0,0.0,0.0,0.0,0.0,model4,19.0,False,444.0
148,2015-01-20T17:00:00Z,78.0,169.71410272080567,439.4245841272692,101.81576749532421,39.74463207046588,12.335107267308054,43.39394861260718,9.929028351777546,4.824230586948686,0.0,0.0,0.0,0.0,0.0,model4,19.0,False,447.0
149,2015-01-20T20:00:00Z,78.0,170.36886674303918,431.6532878249106,101.99500706121492,39.58587028858707,12.759937666570632,43.9114163147965,9.941849362708462,4.7104217350273965,0.0,0.0,0.0,0.0,0.0,model4,19.0,False,450.0
150,2015-01-20T23:00:00Z,78.0,169.91967780754769,429.75350856654404,101.9569535377103,38.677217853786225,12.092323579291484,46.73226733701255,9.88936835487474,5.106079106798848,0.0,0.0,0.0,0.0,0.0,model4,19.0,False,453.0
151,2015-01-21T02:00:00Z,78.0,168.53967577068883,434.5393886100337,101.88449860794323,39.19492378161196,13.591642968479034,50.776247642189006,11.32587481870965,4.991624276056462,0.0,0.0,0.0,0.0,0.0,model4,19.0,False,456.0
152,2015-01-21T05:00:00Z,78.0,170.58635369227184,438.1536167009788,102.2544832512988,39.53202462572457,13.46564252028478,52.39959126476154,11.403274597803962,4.871136849792835,0.0,0.0,0.0,0.0,0.0,model4,19.0,False,459.0
153,2015-01-21T08:00:00Z,78.0,168.66170358405697,447.84443895260347,102.291839671277,38.81874979235826,15.410356460110604,53.463501189119256,11.216232801233176,4.685379080300867,0.0,0.0,0.0,0.0,0.0,model4,19.0,False,462.0
154,2015-01-21T11:00:00Z,78.0,168.59429689610658,447.19128398742936,104.14839806581304,38.63878352444706,17.798356423996147,52.63041200669615,10.866291858018238,4.617549830687398,0.0,0.0,0.0,0.0,0.0,model4,19.0,False,465.0
155,2015-01-21T14:00:00Z,78.0,167.4221256410956,452.0640080629442,102.26345117871149,38.83788455051486,18.393473364948946,60.179013279922415,11.207519075701606,4.336618534797058,0.0,0.0,0.0,0.0,0.0,model4,19.0,False,468.0
156,2015-01-21T17:00:00Z,78.0,166.45913699493303,462.22702064017335,100.75809480554516,38.72085695366711,18.449428424080416,61.23084978792652,10.599058746782873,4.136038508314569,0.0,0.0,0.0,0.0,0.0,model4,19.0,False,471.0
157,2015-01-21T20:00:00Z,78.0,167.40171032253357,470.26895915314435,99.661976243814,38.74499517860124,18.38779692737811,57.845272653202855,10.324535794907481,4.366707525321901,0.0,0.0,0.0,0.0,0.0,model4,19.0,False,474.0
158,2015-01-21T23:00:00Z,78.0,166.97664762067086,470.94236189171204,101.81698287420008,39.22607567669277,18.05770046745795,53.78139692548722,10.436045592483275,3.7267345355201424,0.0,0.0,0.0,0.0,0.0,model4,19.0,False,477.0
159,2015-01-22T02:00:00Z,78.0,166.51899902309188,467.7375394293288,103.01783792298096,38.500566981012966,16.40965850188051,52.084985358304365,9.829091639621307,4.070298397240239,1.0,0.0,0.0,0.0,0.0,model4,19.0,False,480.0
160,2015-01-22T05:00:00Z,78.0,166.0300294684371,467.45472906691424,102.8949338285427,38.13338499883558,16.321183720162143,54.667803308766594,10.324846154111919,4.286372483110862,1.0,0.0,0.0,0.0,0.0,model4,19.0,False,483.0
161,2015-01-22T08:00:00Z,78.0,169.18858842180387,462.0157094818383,103.0021888875132,38.06377435788794,14.784602820816648,55.66434145250496,10.23273807757475,4.313786381013307,1.0,0.0,0.0,0.0,0.0,model4,19.0,False,486.0
162,2015-01-22T11:00:00Z,78.0,168.81353092777138,462.3796043713997,101.73089814977293,38.27998399145393,11.665310693288195,57.55600058312292,10.399966504516287,4.099186416498206,1.0,0.0,0.0,0.0,0.0,model4,19.0,False,489.0
163,2015-01-22T14:00:00Z,78.0,171.52943288121017,460.74419502166484,103.00670201683648,38.37201252196967,9.5182936893175,61.8342156299409,9.816518213221064,4.3201148637765625,1.0,0.0,0.0,0.0,0.0,model4,19.0,False,492.0
164,2015-01-22T17:00:00Z,78.0,173.85816967880783,449.9738975899594,103.70942965103586,38.4536070991222,10.427987444239744,61.9508206471337,9.891981920492725,3.932558404641418,1.0,0.0,0.0,0.0,0.0,model4,19.0,False,495.0
165,2015-01-22T20:00:00Z,78.0,174.4244423615361,453.5247082126596,103.82226845897718,38.238107438631495,10.891016619393072,65.37198299486305,10.002141825206587,3.4751048817602763,1.0,0.0,0.0,0.0,0.0,model4,19.0,False,498.0
166,2015-01-22T23:00:00Z,78.0,172.97628083950596,453.9185811967347,101.83393982629002,37.94744604796056,12.385282526748453,63.99954732399613,9.704068447304962,3.614603377317629,1.0,0.0,0.0,0.0,0.0,model4,19.0,False,501.0
167,2015-01-23T02:00:00Z,78.0,172.80877488475258,457.1087243880112,100.03341813058479,38.44020772017139,12.602912730812942,66.1030857298605,8.900908492390858,3.400783154117924,0.0,0.0,0.0,0.0,0.0,model4,19.0,False,504.0
168,2015-01-23T05:00:00Z,78.0,172.15003518670156,468.5619699486837,99.94596376600954,39.51902591776643,12.366343901343965,66.60417704041079,8.298249745695015,3.615925987672735,0.0,0.0,0.0,0.0,0.0,model4,19.0,False,507.0
169,2015-01-23T08:00:00Z,78.0,171.5515177607645,470.6420039215549,99.2804467493618,40.131809077385476,12.339693948082507,63.0344636354301,8.00237328183891,3.672547090582433,0.0,0.0,0.0,0.0,0.0,model4,19.0,False,510.0
170,2015-01-23T11:00:00Z,78.0,170.56592294934342,469.5764891781752,100.11041427792736,39.869736274902046,12.266506451917827,62.142247268901826,9.563821704739993,3.752570828624562,0.0,0.0,0.0,0.0,0.0,model4,19.0,False,513.0
171,2015-01-23T14:00:00Z,78.0,170.80982751017618,468.8012553423474,98.67004128038909,39.51136709120678,13.035758423215118,53.32807201702842,9.70970926935552,3.91290423118252,0.0,0.0,0.0,0.0,0.0,model4,19.0,False,516.0
172,2015-01-23T17:00:00Z,78.0,171.10267540951008,472.1355516171538,98.21883255146231,39.1282836256599,11.861530892480292,50.20441050462065,9.731399134322338,4.0433369118015685,0.0,0.0,0.0,0.0,0.0,model4,19.0,False,519.0
173,2015-01-23T20:00:00Z,78.0,169.0619456960003,462.9152350560679,98.00068597514692,38.882816382891534,12.10521279120798,46.967540429122714,9.967363733214485,4.054612661736053,0.0,0.0,0.0,0.0,0.0,model4,19.0,False,522.0
174,2015-01-23T23:00:00Z,78.0,171.1011861953962,468.1244871214028,99.4079744011947,39.043254765515535,12.122819544724411,45.146545645802924,10.991484874330174,4.167766328059713,0.0,0.0,0.0,0.0,0.0,model4,19.0,False,525.0
175,2015-01-24T02:00:00Z,78.0,171.11559947254318,470.2029148323219,100.82444940322112,39.06807911622544,12.878568596759006,48.101213791233214,11.213497485363837,4.442742889964425,0.0,0.0,0.0,0.0,0.0,model4,19.0,False,528.0
176,2015-01-24T05:00:00Z,78.0,170.98788435742418,457.2101013438432,101.0044565155822,38.45299052690138,14.354987263058119,44.06243813336653,11.094501457257138,3.8669700318859035,0.0,0.0,0.0,0.0,0.0,model4,19.0,False,531.0
177,2015-01-24T08:00:00Z,78.0,170.11935837744338,451.51055971385995,100.89896494878063,38.43575946238304,14.41917484225631,45.85393452071619,11.644651513326199,4.165810685539311,0.0,0.0,0.0,0.0,0.0,model4,19.0,False,534.0
178,2015-01-24T11:00:00Z,78.0,172.63503028315327,449.5321328757356,100.36960966060177,38.267840060285465,16.0335395598903,46.83922299752096,10.270598970302476,4.7106252965112425,0.0,0.0,0.0,0.0,0.0,model4,19.0,False,537.0
179,2015-01-24T14:00:00Z,78.0,171.75725474531652,439.24445636570124,100.72027907046473,38.565622489179724,16.366853476398582,47.994177651466934,10.119837261880571,4.740783539298129,0.0,0.0,0.0,0.0,0.0,model4,19.0,False,540.0
180,2015-01-24T17:00:00Z,78.0,170.8193030209307,441.1497122158075,101.49112576656536,38.703401924994886,15.984478971075475,50.05091735969472,10.127674493359336,4.718554714747553,0.0,0.0,0.0,0.0,0.0,model4,19.0,False,543.0
181,2015-01-24T20:00:00Z,78.0,171.91940367715978,444.2071380509221,102.47647464247636,38.67849186269167,15.206042734063235,50.37207139517814,10.458811631911924,5.0127868130828634,0.0,0.0,0.0,0.0,0.0,model4,19.0,False,546.0
182,2015-01-24T23:00:00Z,78.0,169.65391795994626,443.61563721733285,100.70135469452512,38.83047320142193,14.622368846811009,49.1555209269105,10.227530897496047,5.100639769805078,0.0,0.0,0.0,0.0,0.0,model4,19.0,False,549.0
183,2015-01-25T02:00:00Z,78.0,171.2806340329809,436.1380819075564,100.5003415777449,39.3775272166129,13.870922685473518,40.23918349003201,9.897801828958176,5.1946881733713965,0.0,0.0,0.0,0.0,0.0,model4,19.0,False,552.0
184,2015-01-25T05:00:00Z,78.0,174.48902925837757,436.60867986273047,101.00816774546371,40.170120158874866,13.846764039183517,37.383552910758425,9.778900664650644,5.809277274391763,0.0,0.0,0.0,0.0,0.0,model4,19.0,False,555.0
185,2015-01-25T08:00:00Z,78.0,174.14639845504882,437.9092696537731,100.39905781079165,40.10618412223345,15.373735626492484,36.61065952290218,9.595204211615727,5.571070564648613,0.0,0.0,0.0,0.0,0.0,model4,19.0,False,558.0
186,2015-01-25T11:00:00Z,78.0,173.06944210020993,439.8106713960884,99.74094861805195,41.3170554064537,13.87088824137482,35.176523954020055,9.184376013967203,5.241620300519308,0.0,0.0,0.0,0.0,0.0,model4,19.0,False,561.0
187,2015-01-25T14:00:00Z,78.0,173.6165947342984,450.3997905451484,99.22601928132576,41.333128406483006,12.859543253235893,31.795112222651177,9.295361193506244,5.070019083958893,0.0,0.0,0.0,0.0,0.0,model4,19.0,False,564.0
188,2015-01-25T17:00:00Z,78.0,173.6816090624313,447.33444706359717,99.14488348707451,41.01622322977819,13.529285540413953,29.897001801563693,8.981991994283554,5.507178898635204,0.0,0.0,0.0,0.0,0.0,model4,19.0,False,567.0
189,2015-01-25T20:00:00Z,78.0,174.8257943666159,445.51603584360083,98.41168229511773,41.711435842190646,14.018309608241873,28.81894836442072,7.440131831128867,5.6502743919969705,0.0,0.0,0.0,0.0,0.0,model4,19.0,False,570.0
190,2015-01-25T23:00:00Z,78.0,175.4695845958471,445.9443006514512,99.72522564978912,41.6679568065024,14.558633136853551,29.188731118391136,7.765143388533312,5.4556864414282895,0.0,0.0,0.0,0.0,0.0,model4,19.0,False,573.0
191,2015-01-26T02:00:00Z,78.0,175.64630283466622,443.64007308833396,99.51659858020643,41.19053307410953,15.786764972656258,31.42436999836291,7.670131918306254,5.381558759597341,0.0,0.0,0.0,0.0,0.0,model4,19.0,False,576.0
192,2015-01-26T05:00:00Z,78.0,171.8097875352651,449.0132514296998,97.59912489491992,39.93028641298576,15.777073935095231,35.938038598850795,7.835781143871848,5.183719927472253,0.0,0.0,0.0,0.0,0.0,model4,19.0,False,579.0
193,2015-01-26T08:00:00Z,78.0,172.65139539281742,445.9919280325502,98.79634298995695,39.50304940059356,14.53231681776712,39.77735778603337,7.639246945548067,5.135424610806999,0.0,0.0,0.0,0.0,0.0,model4,19.0,False,582.0
194,2015-01-26T11:00:00Z,78.0,171.2785100928115,449.89655856976236,98.59820903812664,38.92082205407839,14.496316814822517,39.485686409724345,7.9640919556755225,4.760527251815583,0.0,0.0,0.0,0.0,0.0,model4,19.0,False,585.0
195,2015-01-26T14:00:00Z,78.0,169.64968312078997,443.7079458171887,100.79130164892011,39.25481137995049,14.878619245157426,38.43486985346333,9.287281467633012,5.256002869211541,0.0,0.0,0.0,0.0,0.0,model4,19.0,False,588.0
196,2015-01-26T17:00:00Z,78.0,170.50070959022904,447.6338261904715,100.3569278496882,40.065493751233504,15.980380123849654,37.41878895070921,9.237216022229363,5.301928130485436,0.0,0.0,0.0,0.0,0.0,model4,19.0,False,591.0
197,2015-01-26T20:00:00Z,78.0,168.46371529797818,440.84069423415116,101.8576273828882,40.02055221482206,15.021244350649404,42.67489459962381,9.806348869982406,4.9682391282619465,0.0,0.0,0.0,0.0,0.0,model4,19.0,False,594.0
198,2015-01-26T23:00:00Z,78.0,168.50303259714633,439.0794568904578,101.96173010882409,40.05414994826295,15.491642702081135,45.84196977124211,9.741617891890122,5.320656704826151,0.0,0.0,0.0,0.0,0.0,model4,19.0,False,597.0
199,2015-01-27T02:00:00Z,78.0,166.9100364726606,444.267388239126,101.83273384666636,39.600289136735036,13.840403022994282,47.73820782817743,9.647655642544034,6.104859638381829,0.0,0.0,0.0,0.0,0.0,model4,19.0,False,600.0
200,2015-01-27T05:00:00Z,78.0,169.01802610320775,438.330414584028,103.78736683920395,39.855646800037434,14.781432218054226,46.73250380548793,9.489301064655645,5.946138380602507,0.0,0.0,0.0,0.0,0.0,model4,19.0,False,603.0
201,2015-01-27T08:00:00Z,78.0,170.1351392321497,439.3018625541033,103.53802161951964,39.71339514337825,14.971228295333926,46.21735581948701,9.484503213128935,6.073124529499627,0.0,0.0,0.0,0.0,0.0,model4,19.0,False,606.0
202,2015-01-27T11:00:00Z,78.0,170.16261959322213,434.62768600490966,103.5566938435752,40.08310436464391,15.157374659539931,45.882895491302826,9.065883374432213,6.4578180605607445,0.0,0.0,0.0,0.0,0.0,model4,19.0,False,609.0
203,2015-01-27T14:00:00Z,78.0,172.586117545554,436.50945529199583,103.66449173543008,39.7886922486939,15.919236761631227,47.85304925813301,8.197864087850691,6.614385163397452,0.0,0.0,0.0,0.0,0.0,model4,19.0,False,612.0
204,2015-01-27T17:00:00Z,78.0,172.01409256324712,437.66143180227743,103.17713343821337,39.30178281472097,14.055274586112509,53.751391783775865,8.362997673085621,6.686658511366503,0.0,0.0,0.0,0.0,0.0,model4,19.0,False,615.0
205,2015-01-27T20:00:00Z,78.0,171.34012165205968,450.9090931806945,101.27730163588276,39.04909096992176,14.434599862552266,54.08515752204868,9.531389889734019,6.376846425512436,0.0,0.0,0.0,0.0,0.0,model4,19.0,False,618.0
206,2015-01-27T23:00:00Z,78.0,170.77910139477672,447.7872137807304,100.87379933603084,39.152371403965795,13.825689755262225,51.431630422478726,9.42112598241907,5.9999569121335,0.0,0.0,0.0,0.0,0.0,model4,19.0,False,621.0
207,2015-01-28T02:00:00Z,78.0,171.21539981118798,450.2165274927886,100.2815003384654,39.7124117541009,14.39580631304486,52.01941166150073,10.362356016209473,5.344776241673666,0.0,0.0,0.0,0.0,0.0,model4,19.0,False,624.0
208,2015-01-28T05:00:00Z,78.0,172.4284096570018,452.1757404062226,98.86674118720636,39.53420017369011,16.23441604492793,49.63789436239952,9.98578759089216,5.527686857038541,0.0,0.0,0.0,0.0,0.0,model4,19.0,False,627.0
209,2015-01-28T08:00:00Z,78.0,170.42595674265468,459.72289551877634,97.68802084106022,40.220484134863895,16.84905478067147,47.35722834987715,10.328701374931473,5.350397224415012,0.0,0.0,0.0,0.0,0.0,model4,19.0,False,630.0
210,2015-01-28T11:00:00Z,78.0,170.3268583689674,464.51402973145133,98.64471708526762,38.96818049178048,17.141040868238303,44.45767249865432,10.694649798211557,5.767914533391122,0.0,0.0,0.0,0.0,0.0,model4,19.0,False,633.0
211,2015-01-28T14:00:00Z,78.0,169.59090541933642,462.48034778338234,98.59123439508991,39.32227564385664,16.134972212865538,45.67140807514305,11.073660018815147,5.3552875820518615,0.0,0.0,0.0,0.0,0.0,model4,19.0,False,636.0
212,2015-01-28T17:00:00Z,78.0,169.08518699853454,454.1149280262062,98.19379656624672,39.48944833194779,15.949015074054568,45.4070865840038,11.304325496729868,5.192887897861668,0.0,0.0,0.0,0.0,0.0,model4,19.0,False,639.0
213,2015-01-28T20:00:00Z,78.0,169.52502614447408,450.7037296232938,99.06990793889723,39.62447214318959,15.714169615576436,41.889890514151844,10.370036468503443,5.733582320721849,0.0,0.0,0.0,0.0,0.0,model4,19.0,False,642.0
214,2015-01-28T23:00:00Z,78.0,169.26333246738534,450.2619647855349,99.92885736799515,39.5079301736277,15.587529004409411,46.00409947799506,10.811284342340908,5.762376597109416,0.0,0.0,0.0,0.0,0.0,model4,19.0,False,645.0
215,2015-01-29T02:00:00Z,78.0,169.08447813973532,447.08867274019264,99.90662880740574,39.72795390909897,15.625284301202278,42.50224758452074,10.17457175597724,6.061936717431082,0.0,0.0,0.0,0.0,0.0,model4,19.0,False,648.0
216,2015-01-29T05:00:00Z,78.0,167.9991131594166,450.5831149723219,100.60511903586651,40.10211916632734,12.921625144714794,45.39443606788002,9.201525525881213,5.945414108210268,0.0,0.0,0.0,0.0,0.0,model4,19.0,False,651.0
217,2015-01-29T08:00:00Z,78.0,169.5684319813345,444.51811996057745,101.86697589786228,40.245500130798376,12.558602791219178,48.22936490393572,8.497233269835988,6.0592816336886886,0.0,0.0,0.0,0.0,0.0,model4,19.0,False,654.0
218,2015-01-29T11:00:00Z,78.0,168.92199413118368,438.9597139018482,101.23846892526473,41.35860709454415,13.313097476081664,45.84548209739792,8.299203811182586,5.530087622902597,0.0,0.0,0.0,0.0,0.0,model4,19.0,False,657.0
219,2015-01-29T14:00:00Z,78.0,169.53611453836953,446.1328315706073,99.59853872860462,40.72966094015854,13.917953343719685,44.88417476922217,6.990699778013678,5.5299349186377365,0.0,0.0,0.0,0.0,0.0,model4,19.0,False,660.0
220,2015-01-29T17:00:00Z,78.0,169.69378134289204,451.0907794592768,100.209108149397,40.74869624784689,14.164685252423075,43.53827267819517,6.6571205861548615,5.12272723052916,0.0,0.0,0.0,0.0,0.0,model4,19.0,False,663.0
221,2015-01-29T20:00:00Z,78.0,170.92549154236235,451.4963926961973,99.77272119601759,40.40406160494357,14.508663441826688,44.48184694373854,7.7556550300768,4.657674909965213,0.0,0.0,0.0,0.0,0.0,model4,19.0,False,666.0
222,2015-01-29T23:00:00Z,78.0,172.32592268013371,452.67798132726205,98.2781976867844,40.867170071306134,14.897332131202988,39.69079546194995,7.818978995118848,4.752266864835658,0.0,0.0,0.0,0.0,0.0,model4,19.0,False,669.0
223,2015-01-30T02:00:00Z,78.0,170.28359202184774,451.246901767995,99.30225370729912,40.90098093008445,15.930784462566939,40.97720119545113,7.921828294976435,4.337919052758097,0.0,0.0,0.0,0.0,0.0,model4,19.0,False,672.0
224,2015-01-30T05:00:00Z,78.0,170.64360724018096,446.30136379571996,99.30260142906887,40.80093127582942,15.529563386623291,38.399165372414416,8.153176890105785,4.503565418936616,0.0,0.0,0.0,0.0,0.0,model4,19.0,False,675.0
225,2015-01-30T08:00:00Z,78.0,171.21813315156987,452.0128814772423,98.67051766277851,40.080420373788186,15.407682894125655,33.94537810240632,8.78244146020321,4.462019743720916,0.0,0.0,0.0,0.0,0.0,model4,19.0,False,678.0
226,2015-01-30T11:00:00Z,78.0,172.73885348390812,447.63356476007993,98.50286396812305,39.34341814921481,14.1830435762617,45.04140993743514,9.405139702070224,3.7336188684744536,0.0,0.0,0.0,0.0,0.0,model4,19.0,False,681.0
227,2015-01-30T14:00:00Z,78.0,170.82242737594572,442.53004289647316,100.51267706278679,40.00963736307472,13.722251483851393,42.964135460773754,11.617217567941461,3.7838596144008116,0.0,0.0,0.0,0.0,0.0,model4,19.0,False,684.0
228,2015-01-30T17:00:00Z,78.0,169.76168096784383,443.6613279992643,98.87721361702827,39.865230922723754,13.628339262514384,42.15604344860034,12.693532134848304,4.583158763912666,0.0,0.0,0.0,0.0,0.0,model4,19.0,False,687.0
229,2015-01-30T20:00:00Z,78.0,169.10077291138032,443.8774256080709,100.1761169481247,39.70921861513225,14.337168967079306,42.762636639348784,12.589238668922254,4.7196368534677156,0.0,0.0,0.0,0.0,0.0,model4,19.0,False,690.0
230,2015-01-30T23:00:00Z,78.0,166.9645484269995,445.6142864846323,102.21660925733887,39.013861589998506,15.642642065386527,42.630399270408546,12.95819377099244,4.594229920466415,0.0,0.0,0.0,0.0,0.0,model4,19.0,False,693.0
231,2015-01-31T02:00:00Z,78.0,168.75965893148887,452.1001387904364,100.94774322325924,38.710024269282115,14.94721306098845,45.76342606333731,13.523813814931392,4.345385173417829,0.0,0.0,0.0,0.0,0.0,model4,19.0,False,696.0
232,2015-01-31T05:00:00Z,78.0,167.36761698628692,453.22589079988495,101.9705822698545,38.75596147596091,13.952292496182478,49.97034977494121,14.194767646060974,4.1912474328626965,0.0,0.0,0.0,0.0,0.0,model4,19.0,False,699.0
233,2015-01-31T08:00:00Z,78.0,166.82727297299058,446.52417726352996,102.94150009306894,38.84745806146975,13.7697799023989,52.49221508724462,13.71895543207724,4.163268622418092,0.0,0.0,0.0,0.0,0.0,model4,19.0,False,702.0
234,2015-01-31T11:00:00Z,78.0,165.7423118901497,452.6388303174747,102.84066677982453,38.88946746230349,13.350552713115688,45.255159703451355,13.50444419426478,4.1507171809635,0.0,0.0,0.0,0.0,0.0,model4,19.0,False,705.0
235,2015-01-31T14:00:00Z,78.0,166.99741202471543,454.2939622783245,100.39413703927963,38.687990448563205,13.404553834080167,45.807506115387255,12.18945785289494,3.9293726362184738,0.0,0.0,0.0,0.0,0.0,model4,19.0,False,708.0
236,2015-01-31T17:00:00Z,78.0,169.04617729733798,446.8448886574673,100.68617144402084,39.1405083410531,16.23098445120689,47.25482533387857,11.580158600938187,3.307860479279292,0.0,0.0,0.0,0.0,0.0,model4,19.0,False,711.0
237,2015-01-31T20:00:00Z,78.0,169.68173827290315,446.7690544780709,99.52268303855114,39.43066668994381,15.368627219309998,48.319949904912775,10.957629013350065,3.366495584999565,0.0,0.0,0.0,0.0,0.0,model4,19.0,False,714.0
238,2015-01-31T23:00:00Z,78.0,170.6145790543544,439.78563598917503,97.52484919788864,39.67055643144661,12.78858578117023,54.625522792187176,9.965383476067418,3.451262192777812,0.0,0.0,0.0,0.0,0.0,model4,19.0,False,717.0
239,2015-02-01T02:00:00Z,78.0,169.5656937397954,432.67920913060317,98.82547737111408,39.69422151723154,12.862700959764194,50.061041379720535,9.887252030373077,3.4401390395223284,0.0,0.0,0.0,0.0,0.0,model4,19.0,False,720.0
240,2015-02-01T05:00:00Z,78.0,170.35150119513202,430.74892087553286,98.50768658108234,39.267388866268455,12.931076884655173,48.51954847492941,8.6512162437334,3.640017026399311,0.0,0.0,0.0,0.0,0.0,model4,19.0,False,723.0
241,2015-02-01T08:00:00Z,78.0,168.12407522133486,433.00259871302285,97.9756326518124,39.76278316190426,13.527922868406224,46.567622168961066,8.369094176179768,4.0728006754606225,0.0,0.0,0.0,0.0,0.0,model4,19.0,False,726.0
242,2015-02-01T11:00:00Z,78.0,167.15308595915883,431.7462019346515,98.19781688920408,41.14848322141903,13.993344003955364,47.44908967558539,8.402789275412584,4.923329555042344,0.0,0.0,0.0,0.0,0.0,model4,19.0,False,729.0
243,2015-02-01T14:00:00Z,78.0,167.8469442000954,432.90817126162284,99.29075152165687,41.08364156244122,14.389648312212513,47.27976649375614,8.3281208032823,5.149826931770064,0.0,0.0,0.0,0.0,0.0,model4,19.0,False,732.0
244,2015-02-01T17:00:00Z,78.0,166.3702150599536,442.34194387568647,100.8575915316507,40.26845567867417,10.868346369258445,47.19512403138374,7.776077274236744,5.476825624048873,0.0,0.0,0.0,0.0,0.0,model4,19.0,False,735.0
245,2015-02-01T20:00:00Z,78.0,166.26627374436634,444.103117535201,101.07879408346788,40.56082236747522,11.971799483458389,47.38988916927322,9.293403458117538,5.568116890090924,0.0,0.0,0.0,0.0,0.0,model4,19.0,False,738.0
246,2015-02-01T23:00:00Z,78.0,166.32182485927999,453.93205853758377,99.98792114466816,40.696279198502324,13.291381064932795,40.294246102928746,10.249893247931213,5.568492058163012,0.0,0.0,0.0,0.0,0.0,model4,19.0,False,741.0
247,2015-02-02T02:00:00Z,78.0,166.4700672589616,449.8953817085002,99.5984780797638,40.87287423878097,13.112168100384247,42.9836150696328,9.756207814735273,5.6214167157102475,0.0,0.0,0.0,0.0,0.0,model4,19.0,False,744.0
248,2015-02-02T05:00:00Z,78.0,165.07747861255237,450.73415254186403,97.81755441812756,41.040114048839534,12.90253428443834,42.290157390504866,9.841775339222929,5.387827833907234,0.0,0.0,0.0,0.0,0.0,model4,19.0,False,747.0
249,2015-02-02T08:00:00Z,78.0,167.46980573969182,450.2060777775083,98.86975624330036,40.61688427907804,12.690734144652641,43.265751541482096,10.327775510476071,5.438515184522947,0.0,0.0,0.0,0.0,0.0,model4,19.0,False,750.0
250,2015-02-02T11:00:00Z,78.0,169.54048136144831,447.1976561453008,98.62129497365835,39.088544059924466,13.34902445131708,42.88951582424977,10.32223727734906,4.513369624003142,0.0,0.0,0.0,0.0,0.0,model4,19.0,False,753.0
251,2015-02-02T14:00:00Z,78.0,169.66630290112258,445.7783011858014,98.93379081040013,39.10667038830965,13.508611172127042,45.65078473877964,11.217377441618982,4.272267334255257,0.0,0.0,0.0,0.0,0.0,model4,19.0,False,756.0
252,2015-02-02T17:00:00Z,78.0,171.512845021274,441.2860844248647,99.27033254411563,39.68571283784914,15.030899133421874,45.72092020020926,11.690208471759508,4.1671114696468186,0.0,0.0,0.0,0.0,0.0,model4,19.0,False,759.0
253,2015-02-02T20:00:00Z,78.0,171.78555837464066,437.40555356252924,99.44374941461213,39.77113318719861,14.826388200163107,44.89964404263827,10.813978211114929,4.483942625274172,0.0,0.0,0.0,0.0,0.0,model4,19.0,False,762.0
254,2015-02-02T23:00:00Z,78.0,171.36656973213218,434.6624737516288,100.76744785085992,39.94765508782474,14.936003490372007,43.36208792708553,9.089080889089331,4.634341804726478,0.0,0.0,0.0,0.0,0.0,model4,19.0,False,765.0
255,2015-02-03T02:00:00Z,78.0,172.86926151593673,435.459010944329,99.77935148273954,39.88807536805471,14.719815001431297,44.225008699682036,9.776441261844633,4.527910047749293,0.0,0.0,0.0,0.0,0.0,model4,19.0,False,768.0
256,2015-02-03T05:00:00Z,78.0,173.78850213428382,441.7444931505319,99.56498870022853,40.51335097131074,14.112628473346266,44.89428604308872,10.243436968796523,4.5114330559793006,0.0,0.0,0.0,0.0,0.0,model4,19.0,False,771.0
257,2015-02-03T08:00:00Z,78.0,172.12305426586857,439.4205968916984,98.78453037267514,42.079996881225135,15.869775267515335,46.29492581972935,10.605964357608448,5.4323465922378436,0.0,0.0,0.0,0.0,0.0,model4,19.0,False,774.0
258,2015-02-03T11:00:00Z,78.0,171.6817118438083,439.5621461077234,98.14563753878369,43.82772606829853,17.04449064247691,44.97720647171525,12.488814922088766,5.4809405967552065,0.0,0.0,0.0,0.0,0.0,model4,19.0,False,777.0
259,2015-02-03T14:00:00Z,78.0,171.51914543958767,443.33047653564415,97.7240170341148,45.22305094690732,16.96019146728869,46.61461816653232,12.17915868047548,6.0887282619030305,0.0,0.0,0.0,0.0,0.0,model4,19.0,False,780.0
260,2015-02-03T17:00:00Z,78.0,170.74702705875816,444.5419587615893,96.88605680361836,47.03625046306883,17.676266103032876,49.996847575971366,11.561448238452373,6.761922617782737,0.0,0.0,0.0,0.0,0.0,model4,19.0,False,783.0
261,2015-02-03T20:00:00Z,78.0,169.92038007640463,445.63225278800627,95.80966647232985,48.02818003925087,17.010927651155313,48.89081137883869,11.186121409020537,6.611824344894569,0.0,0.0,0.0,0.0,0.0,model4,19.0,False,786.0
262,2015-02-03T23:00:00Z,78.0,170.99987769968263,449.15372252217514,98.74820680690857,48.98643784228792,16.10610566462491,51.10720859389321,14.258451797067227,5.889533366938328,0.0,0.0,0.0,0.0,0.0,model4,19.0,False,789.0
263,2015-02-04T02:00:00Z,78.0,170.13807347801878,449.64294082098183,99.5030782383198,50.63022431391153,19.14532897974412,50.595659798474166,13.888172057655511,5.404168550764909,0.0,0.0,0.0,0.0,0.0,model4,19.0,False,792.0
264,2015-02-04T05:00:00Z,78.0,171.0844855739919,440.38433534350327,102.28643637928042,51.2571773629941,19.76054734267511,49.173341870969026,13.642215160251006,5.246889365241431,0.0,0.0,1.0,0.0,0.0,model4,19.0,False,795.0
265,2015-02-04T08:00:00Z,78.0,171.67868322206414,447.21209544309664,101.1226844607198,51.446592002777976,19.150420063850774,48.50540673740632,13.529089045932189,5.244209182734008,0.0,0.0,1.0,0.0,1.0,model4,19.0,True,798.0
266,2015-02-04T11:00:00Z,78.0,170.42642559215818,449.04896741189077,102.49638792974676,51.68199735081548,18.38990721332847,48.29831510923065,11.182801640627797,5.192814497616316,0.0,0.0,1.0,0.0,1.0,model4,19.0,True,801.0
267,2015-02-04T14:00:00Z,78.0,167.62781531948204,448.3956278642287,101.74397680327444,52.37002740749463,18.88312569119261,46.83901526042781,10.846360504023442,5.462730191054965,0.0,0.0,1.0,0.0,1.0,model4,19.0,True,804.0
268,2015-02-04T17:00:00Z,78.0,165.8270197008509,444.5918842686791,101.22529960108623,53.290793942458755,17.387624763057424,43.462206397809375,10.844242807248447,6.4017624834323525,0.0,0.0,1.0,0.0,1.0,model4,19.0,True,807.0
269,2015-02-04T20:00:00Z,78.0,164.7886893519053,439.8651311570389,101.89682230759622,55.10402881288224,17.267872417061675,41.64111687739898,11.00174527588104,7.340697715712023,0.0,0.0,1.0,0.0,1.0,model4,19.0,True,810.0
270,2015-02-04T23:00:00Z,78.0,164.7765381593071,439.29865743615716,99.52292503696873,56.14255355421278,16.813648027427572,40.83965269865807,7.873754317679293,7.195696667439331,0.0,0.0,1.0,0.0,1.0,model4,19.0,True,813.0
271,2015-02-05T02:00:00Z,78.0,166.01032170951072,442.8624753683648,99.69151573702445,57.131913161139224,14.899911765755787,43.525569667044536,7.8391013759233905,7.1967533198660885,0.0,0.0,1.0,0.0,1.0,model4,19.0,True,816.0
272,2015-02-05T05:00:00Z,78.0,164.14126138603524,446.04681970577997,98.25756706359856,58.55944416503632,13.399614137594021,43.56503973360356,6.6184567990013345,5.628447358250437,0.0,0.0,0.0,0.0,1.0,model4,19.0,True,819.0
273,2015-02-05T08:00:00Z,78.0,164.27794248217978,443.77448659643767,99.89683708637564,58.40938354271949,12.430882881895108,42.90048084737001,7.134951301321688,7.1801646053353085,0.0,0.0,0.0,0.0,0.0,model4,19.0,False,822.0
274,2015-02-05T11:00:00Z,78.0,164.79274430256402,451.2005355945181,99.58025191865192,58.63420485493224,14.34976454535408,46.12420766856361,7.472731256641428,7.0805804997207105,0.0,0.0,0.0,0.0,0.0,model4,19.0,False,825.0
275,2015-02-05T14:00:00Z,78.0,165.6545943206924,443.2495139636928,100.31367119187452,57.94581139232672,14.13408397743851,51.004091713840616,9.759238038156367,7.313266660256063,0.0,0.0,0.0,0.0,0.0,model4,19.0,False,828.0
276,2015-02-05T17:00:00Z,78.0,166.4227274081471,441.8256565336018,101.88177076978585,56.49999786316288,14.497382101225009,55.54041879032749,9.842041471199762,7.383614062614938,0.0,0.0,0.0,0.0,0.0,model4,19.0,False,831.0
277,2015-02-05T20:00:00Z,78.0,168.2746860381927,444.3922691699891,102.06245904104877,53.98779079787942,14.685276301702752,61.06848377541374,9.857748115090855,7.3114238135783935,0.0,0.0,0.0,0.0,0.0,model4,19.0,False,834.0
278,2015-02-05T23:00:00Z,78.0,167.53757063734722,441.8872460673027,101.38104847012077,53.30731356728548,15.257604254985807,62.407503871270784,10.633505552159876,7.097944780192923,0.0,0.0,0.0,0.0,0.0,model4,19.0,False,837.0
279,2015-02-06T02:00:00Z,78.0,167.49805693149082,446.6963734479231,102.10141729057095,51.50904331269957,13.675590521656954,60.798480501640526,10.758720372691672,6.91342158483798,0.0,0.0,0.0,0.0,0.0,model4,19.0,False,840.0
280,2015-02-06T05:00:00Z,78.0,168.8859790576744,447.7209549875145,102.22339483325516,50.39732800643231,15.02603455078473,59.806251707657566,10.802364269512308,6.344391215316176,0.0,0.0,0.0,0.0,0.0,model4,19.0,False,843.0
281,2015-02-06T08:00:00Z,78.0,170.64156701429368,448.99405300734423,102.08349596691208,49.97060882121124,15.694115754257323,59.470816783109065,10.38738098352193,4.957729254917392,0.0,0.0,0.0,0.0,0.0,model4,19.0,False,846.0
282,2015-02-06T11:00:00Z,78.0,171.57086795091575,443.0746915907138,100.86829047967859,49.15631405488328,12.698883558963935,59.40097120267254,10.947298654626152,4.861636881994915,0.0,0.0,0.0,0.0,0.0,model4,19.0,False,849.0
283,2015-02-06T14:00:00Z,78.0,173.81241305820637,447.5511757236801,100.759068629725,48.740958532865676,13.58347753539568,54.23429679321922,9.594715045954269,5.413431848228109,0.0,0.0,0.0,0.0,0.0,model4,19.0,False,852.0
284,2015-02-06T17:00:00Z,78.0,173.14608627807968,452.6822440786095,100.12664005871292,47.64449077124073,15.938965424898202,49.645446237796534,9.444580609886176,5.716562709317629,0.0,0.0,0.0,0.0,0.0,model4,19.0,False,855.0
285,2015-02-06T20:00:00Z,78.0,172.3417497525119,448.78854705397856,100.71312996091456,46.544168453933686,16.623502437892064,48.077008568201286,8.920335740188372,6.806068806651868,0.0,0.0,0.0,0.0,0.0,model4,19.0,False,858.0
286,2015-02-06T23:00:00Z,78.0,171.79060968822031,448.0538853215312,99.75397969831236,45.394089084711545,16.659362386076175,46.98937259318552,9.206208169286061,6.493133237968928,0.0,0.0,0.0,0.0,0.0,model4,19.0,False,861.0
287,2015-02-07T02:00:00Z,78.0,171.7580686296501,443.95397076097356,99.53451570967005,44.91602755726771,16.6822769920664,46.529640533641796,9.264010798127607,6.01604422918262,0.0,0.0,0.0,0.0,0.0,model4,19.0,False,864.0
288,2015-02-07T05:00:00Z,78.0,172.5506921525115,442.94274256911626,99.51079014170419,44.449308588269155,16.174181366008273,46.816221367298425,9.267672398771863,6.036462522546604,0.0,0.0,0.0,0.0,0.0,model4,19.0,False,867.0
289,2015-02-07T08:00:00Z,78.0,171.16839331462222,440.6223753530268,98.82883274734516,42.91181038501712,15.796329997397745,49.8784072363945,9.033603728268552,6.3838090527456295,0.0,0.0,0.0,0.0,0.0,model4,19.0,False,870.0
290,2015-02-07T11:00:00Z,78.0,169.89995482395653,441.744170362268,99.69447545240486,41.823529229784775,16.20269887077588,53.02290753037068,8.72291483024858,6.199787460518472,0.0,0.0,0.0,0.0,0.0,model4,19.0,False,873.0
291,2015-02-07T14:00:00Z,78.0,167.34069716909858,440.5780804543194,101.53449801229338,40.22959456731345,15.329906259619616,53.35052936850226,9.716640145091011,5.543805130150663,0.0,0.0,0.0,0.0,0.0,model4,19.0,False,876.0
292,2015-02-07T17:00:00Z,78.0,167.90476717747532,438.1844774680352,101.63362156059428,40.24037891509165,11.990023933728715,51.776485562151386,9.42092282353161,5.415863729782362,0.0,0.0,0.0,0.0,0.0,model4,19.0,False,879.0
293,2015-02-07T20:00:00Z,78.0,165.42296585251603,447.5077739044456,101.36164386714657,40.37765900607623,12.531195742825608,55.54748260667714,9.688390825595654,6.174674715142822,0.0,0.0,0.0,0.0,0.0,model4,19.0,False,882.0
294,2015-02-07T23:00:00Z,78.0,165.99731491196883,453.29050402838936,102.46090674458323,40.085840286720405,13.090881953552868,55.71373213214724,8.68478685742629,5.981058555916816,0.0,0.0,0.0,0.0,0.0,model4,19.0,False,885.0
295,2015-02-08T02:00:00Z,78.0,166.61995708667504,450.72139740442367,103.51104760173428,39.61554062150275,13.671147772374553,56.267742972312774,9.277813393212684,5.949704734187463,0.0,0.0,0.0,0.0,0.0,model4,19.0,False,888.0
296,2015-02-08T05:00:00Z,78.0,166.77257393677354,442.29462221123237,102.92706645169592,39.052220816222345,14.6092556222718,62.70272207310778,9.42116879642285,5.239961195724749,0.0,0.0,0.0,0.0,0.0,model4,19.0,False,891.0
297,2015-02-08T08:00:00Z,78.0,166.41838920367655,445.53866193822563,103.269438799848,39.74846041075306,14.462474249816509,59.53765001142225,9.358637179226704,5.005306457070981,0.0,0.0,0.0,0.0,0.0,model4,19.0,False,894.0
298,2015-02-08T11:00:00Z,78.0,170.95319179876608,443.91951997147896,104.09596634103536,40.30250450719252,17.56716531165703,54.500859854275596,9.83969357938935,5.108602999194673,0.0,0.0,0.0,0.0,0.0,model4,19.0,False,897.0
299,2015-02-08T14:00:00Z,78.0,172.17447089539596,442.510244137245,102.044300740537,40.97376057021017,16.505362508714526,58.543075465249814,8.76969019286057,4.859741848896978,0.0,0.0,0.0,0.0,0.0,model4,19.0,False,900.0
300,2015-02-08T17:00:00Z,78.0,172.1991246603138,446.3318384590789,100.39014064847125,41.04007421780499,16.512047130322305,59.32983727615314,10.282146811990314,5.248365900755697,0.0,0.0,0.0,0.0,0.0,model4,19.0,False,903.0
301,2015-02-08T20:00:00Z,78.0,175.1585283486337,442.6878882412848,100.70416394146923,41.38377822449472,15.742278521959715,52.03864110438786,10.317348432023348,4.171730804018462,0.0,0.0,0.0,0.0,0.0,model4,19.0,False,906.0
302,2015-02-08T23:00:00Z,78.0,177.14056452988757,440.38990846737136,100.48308590343471,41.173487832392475,14.564353789717007,50.28419269831333,10.116733447778552,5.067625883858315,0.0,0.0,0.0,0.0,0.0,model4,19.0,False,909.0
303,2015-02-09T02:00:00Z,78.0,175.96739315124591,443.03718648567076,98.82425452160123,40.94192752850231,14.54071151586556,49.12020064839418,10.305458631895435,5.217692076748924,0.0,0.0,0.0,0.0,0.0,model4,19.0,False,912.0
304,2015-02-09T05:00:00Z,78.0,172.87114034739483,455.6961991219626,99.08225938464454,40.55865216638472,14.667674646483588,45.72166466334796,10.123145899379072,6.054492544459512,0.0,0.0,0.0,0.0,0.0,model4,19.0,False,915.0
305,2015-02-09T08:00:00Z,78.0,172.94512038403562,448.246302522696,99.02994565478005,40.81113827868628,14.909068943129101,53.552152505996254,10.014792094439867,6.416121496665982,0.0,0.0,0.0,0.0,0.0,model4,19.0,False,918.0
306,2015-02-09T11:00:00Z,78.0,169.07759913824813,446.31050649299203,99.68996147220429,40.39373593075537,14.054637211986366,58.24481794265033,9.643802416092138,6.357281093090707,0.0,0.0,0.0,0.0,0.0,model4,19.0,False,921.0
307,2015-02-09T14:00:00Z,78.0,170.53686278995232,449.198138442006,99.42371087130041,40.18103156886932,14.797941606788804,53.53039151688547,9.726993929819816,6.51556020781937,0.0,0.0,0.0,0.0,0.0,model4,19.0,False,924.0
308,2015-02-09T17:00:00Z,78.0,170.47380487559937,453.1136900491448,101.83096025811716,39.41521946176441,15.653086285948381,56.05860081846961,9.020125988897195,6.208657962708638,0.0,0.0,0.0,0.0,0.0,model4,19.0,False,927.0
309,2015-02-09T20:00:00Z,78.0,171.21252109675734,446.87559973928376,99.32615342804444,39.24539259971176,14.679660909106646,59.880511583188856,10.011750746968538,6.2243067470667075,0.0,0.0,0.0,0.0,0.0,model4,19.0,False,930.0
310,2015-02-09T23:00:00Z,78.0,168.92959678238262,443.9762350664715,99.06245632292023,39.616571151412785,14.629582793592686,59.091415828416174,10.201560016327877,5.656984776127883,0.0,0.0,0.0,0.0,0.0,model4,19.0,False,933.0
311,2015-02-10T02:00:00Z,78.0,169.47139236041676,441.8093878735285,99.20662038502695,39.47476390532351,15.289721361375651,59.66313796235424,8.733680034838523,5.513067901304847,0.0,0.0,0.0,0.0,0.0,model4,19.0,False,936.0
312,2015-02-10T05:00:00Z,78.0,173.31836737949422,435.1250676432376,99.37835598700278,40.08945908675453,17.958327580352307,55.378683964918146,9.252317085252447,4.6298338514575805,0.0,0.0,0.0,0.0,0.0,model4,19.0,False,939.0
313,2015-02-10T08:00:00Z,78.0,176.03836155194168,442.54055107415815,97.88509954339595,39.357099641184895,18.58556847192508,49.91911280020134,10.770389347681546,4.421184124721614,0.0,0.0,0.0,0.0,0.0,model4,19.0,False,942.0
314,2015-02-10T11:00:00Z,78.0,178.0648572324511,446.6440393435392,96.37547327167908,39.26472354014457,16.614392072235653,44.21071212092254,10.08764120759709,4.584685249159954,0.0,0.0,0.0,0.0,0.0,model4,19.0,False,945.0
315,2015-02-10T14:00:00Z,78.0,177.73482356710304,446.2200638458229,96.36243686175965,39.34425811028245,18.750804135148254,50.407148980544854,10.984821124755166,4.34070602157396,0.0,0.0,0.0,0.0,0.0,model4,19.0,False,948.0
316,2015-02-10T17:00:00Z,78.0,178.81106634411208,444.8305748713693,94.81032246525598,39.42693510413846,18.33155957666393,46.6086548319335,9.469494609199,4.451045569736071,0.0,0.0,0.0,0.0,0.0,model4,19.0,False,951.0
317,2015-02-10T20:00:00Z,78.0,179.94363345206867,450.1139253022257,95.43480705226065,39.37748110467558,18.90070009914132,42.14676772247281,9.019952781345587,4.136157449863285,0.0,0.0,0.0,0.0,0.0,model4,19.0,False,954.0
318,2015-02-10T23:00:00Z,78.0,183.54589206729062,453.4639724802224,95.29911180715214,39.85355030607414,18.026669373029254,45.804425655157004,8.88330054666577,4.928518832746996,0.0,0.0,0.0,0.0,0.0,model4,19.0,False,957.0
319,2015-02-11T02:00:00Z,78.0,185.80869805027044,455.20774783480437,95.56013917412176,40.273666785990685,17.298129916342006,46.8967305807476,9.406355693193623,4.930363449967102,0.0,0.0,0.0,0.0,0.0,model4,19.0,False,960.0
320,2015-02-11T05:00:00Z,78.0,186.01669008849686,461.47867658288925,95.90649065201742,39.692730678605116,15.39146585267113,43.74624849593112,9.370857779753589,5.0870638799894685,0.0,0.0,0.0,0.0,0.0,model4,19.0,False,963.0
321,2015-02-11T08:00:00Z,78.0,186.82196393198532,465.80883229009606,97.91729053312609,40.37113422022418,15.719054306883868,47.21375722233879,8.86296505283443,4.9255252822320585,0.0,0.0,0.0,0.0,0.0,model4,19.0,False,966.0
322,2015-02-11T11:00:00Z,78.0,187.36271267324054,460.3707364497667,97.15901682824408,40.49613666285993,16.390758986893932,52.94540994757163,9.07175690571696,4.725671001766836,0.0,0.0,0.0,0.0,0.0,model4,19.0,False,969.0
323,2015-02-11T14:00:00Z,78.0,190.47790380991418,462.2036189621309,97.12172681108105,40.770143144923175,14.074667750077223,49.90837242857742,8.114616581504567,4.594366940145854,0.0,0.0,0.0,0.0,0.0,model4,19.0,False,972.0
324,2015-02-11T17:00:00Z,78.0,192.1628496408109,457.3125647717652,97.28209369333021,41.13925781654907,12.475884523445618,50.08182781970075,8.944458910055626,4.2404076650429205,1.0,0.0,0.0,0.0,0.0,model4,19.0,False,975.0
325,2015-02-11T20:00:00Z,78.0,194.05338733713654,460.285470677132,98.53498114671056,41.05363522395611,13.31547764667782,50.30304057125291,9.010886718559515,4.838402342936726,1.0,0.0,0.0,0.0,0.0,model4,19.0,False,978.0
326,2015-02-11T23:00:00Z,78.0,193.28010312129157,449.3924306786857,99.30056284877651,40.10308386043009,13.535341093969336,52.31611585170916,8.823313328598735,4.3837482261580565,1.0,0.0,0.0,0.0,0.0,model4,19.0,False,981.0
327,2015-02-12T02:00:00Z,78.0,192.72672527508988,445.91201937282204,97.9878301529248,40.445665457110316,16.641153601573627,50.94040993796917,8.70548614004149,4.280495515154827,1.0,0.0,0.0,0.0,0.0,model4,19.0,False,984.0
328,2015-02-12T05:00:00Z,78.0,190.39395063697484,442.409957215423,97.51091972112124,40.732169480303995,19.89892245455632,56.704911969042215,8.801359234254662,4.149296558360268,1.0,0.0,0.0,0.0,0.0,model4,19.0,False,987.0
329,2015-02-12T08:00:00Z,78.0,185.88638218797274,439.0106089990371,97.1289729576117,40.61182451780933,21.961825752356624,58.86087806761946,8.015490469087602,4.560612266265847,1.0,0.0,0.0,0.0,0.0,model4,19.0,False,990.0
330,2015-02-12T11:00:00Z,78.0,182.99402846883183,441.40049805455607,99.05355900413076,40.58789191362178,22.83469393087709,56.47786418006496,8.173017020288086,4.5994118186988935,1.0,0.0,0.0,0.0,0.0,model4,19.0,False,993.0
331,2015-02-12T14:00:00Z,78.0,178.67158383697426,434.8983908386612,98.46418973139677,39.924415976853034,22.424453094798107,53.64117332857625,8.655700867125574,5.379115654600693,1.0,0.0,0.0,0.0,0.0,model4,19.0,False,996.0
332,2015-02-12T17:00:00Z,78.0,175.5571443850708,436.75524998854104,99.28758006623914,39.65048957752659,22.266577630459853,54.58736608552783,8.484557516521583,5.4378575156337385,0.0,0.0,0.0,0.0,0.0,model4,19.0,False,999.0
333,2015-02-12T20:00:00Z,78.0,172.34725287069745,432.09500098402845,98.95249516935164,40.09496538309175,19.352363328791974,52.514446573799674,8.76457019342699,4.973415435109347,0.0,0.0,0.0,0.0,0.0,model4,19.0,False,1002.0
334,2015-02-12T23:00:00Z,78.0,169.64752679269841,446.6010028743799,99.1059549116864,40.088022379537584,19.02195148865949,55.6430332327916,8.990619855051007,5.0768228561460065,0.0,0.0,0.0,0.0,0.0,model4,19.0,False,1005.0
335,2015-02-13T02:00:00Z,78.0,167.13508199455308,451.1004865279862,100.35480763869705,39.4102919062755,15.51105339191175,54.40963615552365,9.89195409381349,5.18967439857029,0.0,0.0,0.0,0.0,0.0,model4,19.0,False,1008.0
336,2015-02-13T05:00:00Z,78.0,166.0412608037878,454.1971986433229,99.86392917205559,39.03226639669735,13.4859960845243,47.71425303667573,12.011325306201828,5.055180654871767,0.0,0.0,0.0,0.0,0.0,model4,19.0,False,1011.0
337,2015-02-13T08:00:00Z,78.0,167.060432164545,450.41277570321256,99.3201384386012,38.26310466229504,13.198013091157648,38.70801480217241,12.158715182703428,4.772532170539772,0.0,0.0,0.0,0.0,0.0,model4,19.0,False,1014.0
338,2015-02-13T11:00:00Z,78.0,167.94727888468375,452.0053415223758,99.40816922720128,38.68841544877024,12.891516819691969,36.91342501607148,12.289079141366198,5.05799103782834,0.0,0.0,0.0,0.0,0.0,model4,19.0,False,1017.0
339,2015-02-13T14:00:00Z,78.0,168.00966988584182,459.646594135724,100.04092224512264,39.17897465655697,12.52084116356364,35.07981577525413,11.73472153169981,4.730030539588559,0.0,0.0,0.0,0.0,0.0,model4,19.0,False,1020.0
340,2015-02-13T17:00:00Z,78.0,170.02540959115714,461.78436542080635,99.4978933685194,39.634684627816526,13.420554170812345,34.17608788739948,11.324916581600695,4.750665647533771,0.0,0.0,0.0,0.0,0.0,model4,19.0,False,1023.0
341,2015-02-13T20:00:00Z,78.0,166.81774728504215,459.796893140869,99.84569304549143,40.346992326227664,13.661474675793304,36.984957634800296,10.986741513367276,5.4086499270900035,0.0,0.0,0.0,0.0,0.0,model4,19.0,False,1026.0
342,2015-02-13T23:00:00Z,78.0,169.2691807277817,451.97395341436516,99.72915594599972,40.691436414494355,13.966366587802167,32.295012789556715,10.857840650013383,5.097712336909071,0.0,0.0,0.0,0.0,0.0,model4,19.0,False,1029.0
343,2015-02-14T02:00:00Z,78.0,169.3425809026113,460.90974626905717,99.35991765322002,40.71290898764745,13.450178024152262,40.995658861299326,10.543232674714108,5.324960100883351,0.0,0.0,0.0,0.0,1.0,model4,19.0,False,1032.0
344,2015-02-14T05:00:00Z,78.0,170.05302480527791,459.9210085536303,100.00223760352915,41.33954814624421,16.112692988839836,40.10351567844132,8.430260082091543,5.704131709331505,0.0,0.0,0.0,0.0,1.0,model4,19.0,False,1035.0
345,2015-02-14T08:00:00Z,78.0,169.51356918919657,458.0746929395085,100.9952647443623,41.75111347157393,16.343576253269287,41.679258334204995,8.507612982811908,5.5244166501639675,0.0,0.0,0.0,0.0,1.0,model4,19.0,False,1038.0
346,2015-02-14T11:00:00Z,78.0,170.43498357986005,466.6734120762659,100.76854526493031,40.94465044485693,16.720643459012965,48.27453202215876,8.01404218444147,5.6039224556307445,0.0,0.0,0.0,0.0,1.0,model4,19.0,False,1041.0
347,2015-02-14T14:00:00Z,78.0,168.57093655601068,462.5217410359826,100.496209598753,40.751814903907494,17.241860640545248,48.90981908608809,8.313479707327948,5.181578120381204,0.0,0.0,0.0,0.0,1.0,model4,19.0,False,1044.0
348,2015-02-14T17:00:00Z,78.0,168.0587299901027,457.90124081637606,99.84780456844594,40.17302331360477,17.8403666450515,50.27451465784112,9.0603634649719,5.22064236804146,0.0,0.0,0.0,0.0,1.0,model4,19.0,False,1047.0
349,2015-02-14T20:00:00Z,78.0,172.02631915853618,464.8902343370138,99.69516767659596,38.96015330520322,17.24838523724664,49.45358748135122,8.901162691577301,4.768113500369498,0.0,0.0,0.0,0.0,1.0,model4,19.0,False,1050.0
350,2015-02-14T23:00:00Z,78.0,170.38417151532408,465.51705889755095,98.71713485578934,38.387653968801054,17.483023852095965,51.94337052414916,10.211107324143054,5.256087788090631,0.0,0.0,0.0,0.0,1.0,model4,19.0,False,1053.0
351,2015-02-15T02:00:00Z,78.0,171.57718819465495,461.6934706607653,98.62440457032862,38.732246302115975,17.754611894544027,47.8754566905799,9.379645152354023,4.8683219450724495,0.0,0.0,0.0,0.0,0.0,model4,19.0,False,1056.0
352,2015-02-15T05:00:00Z,78.0,172.1887943591993,463.7141610439477,98.39017004278669,37.947308042715676,14.764419376318026,48.56137815427152,8.646036753586696,3.896919964993645,0.0,0.0,0.0,0.0,0.0,model4,19.0,False,1059.0
353,2015-02-15T08:00:00Z,78.0,170.83052101918662,472.97940686613134,97.63555076782957,37.927288262694226,16.034270845342807,47.615156356736115,8.51963869151273,3.4246548019523044,0.0,0.0,0.0,0.0,0.0,model4,19.0,False,1062.0
354,2015-02-15T11:00:00Z,78.0,171.06954256010349,470.1714475024064,97.49773662649083,38.60241674940636,16.28235610485104,42.204213822875936,8.319609064020185,3.763391510492667,0.0,0.0,0.0,0.0,0.0,model4,19.0,False,1065.0
355,2015-02-15T14:00:00Z,78.0,171.4565939157909,472.67158752139886,98.17383736129385,38.601187369061314,15.740177029260742,39.923206662132934,8.2541468671019,5.116962274831266,0.0,0.0,0.0,1.0,0.0,model4,19.0,False,1068.0
356,2015-02-15T17:00:00Z,78.0,170.28124744556868,481.83825933996917,99.89913598697666,38.780602463843096,15.037953794761036,38.38402686594394,8.364502106859419,5.497112762223673,0.0,0.0,0.0,1.0,0.0,model4,19.0,False,1071.0
357,2015-02-15T20:00:00Z,78.0,167.77566230325863,478.7864272525071,101.01797791669314,39.30739363334904,15.338388214623096,40.32655640677592,9.312890265102904,5.294909366629042,0.0,0.0,0.0,1.0,0.0,model4,19.0,False,1074.0
358,2015-02-15T23:00:00Z,78.0,168.5786224119147,484.19187437082223,100.95472334521531,39.36243843857653,14.562019485208953,35.118474176473285,8.407181398509696,4.782143785604707,0.0,0.0,0.0,1.0,0.0,model4,19.0,False,1077.0
359,2015-02-16T02:00:00Z,78.0,166.6319826353241,482.1243635544392,100.8412986191465,39.42148509089193,14.996110154656785,38.399203911935174,8.297662332762123,5.056956551553442,0.0,0.0,0.0,1.0,0.0,model4,19.0,False,1080.0
360,2015-02-16T05:00:00Z,78.0,166.42374007974013,477.0559575224787,100.43328256803377,40.51882738075168,14.445331306296636,42.726246306716156,9.232311189080619,5.363132177006207,0.0,0.0,0.0,1.0,0.0,model4,19.0,False,1083.0
361,2015-02-16T08:00:00Z,78.0,169.37721265884434,469.86439221675596,99.57062257433144,41.1365357372536,13.589496939670859,42.649077868890856,9.603659328613695,5.372347920664575,0.0,0.0,0.0,1.0,0.0,model4,19.0,False,1086.0
362,2015-02-16T11:00:00Z,78.0,167.88049411448463,460.6711739586159,99.34043798139663,40.41870705674747,13.916730741908937,45.702439901455534,9.690553019912967,5.521352684356184,0.0,0.0,0.0,1.0,0.0,model4,19.0,False,1089.0
363,2015-02-16T14:00:00Z,78.0,169.85144740669253,456.2170338035669,98.91750834632091,39.993721170244925,13.754268977585141,46.78247693639406,10.077769864192767,5.0084086866838105,0.0,0.0,0.0,0.0,0.0,model4,19.0,False,1092.0
364,2015-02-16T17:00:00Z,78.0,169.1487012429267,455.66098516137293,97.91122189282429,39.88002936062588,13.242893204591107,45.931688629139096,9.194722120959657,5.114397068795694,0.0,0.0,0.0,0.0,0.0,model4,19.0,False,1095.0
365,2015-02-16T20:00:00Z,78.0,170.1173102448234,456.611351731543,96.26751826965105,39.7199364347833,12.76899461600351,47.99017971456627,7.513422939227395,5.579485884777408,0.0,0.0,0.0,0.0,0.0,model4,19.0,False,1098.0
366,2015-02-16T23:00:00Z,78.0,170.98933244521336,457.01088139628234,97.05034834675705,40.03957807835658,14.667315715702296,49.955849832634286,7.901722610302018,5.605201489293559,0.0,0.0,0.0,0.0,0.0,model4,19.0,False,1101.0
367,2015-02-17T02:00:00Z,78.0,173.49635221764441,453.2077499708288,97.43893403308071,40.36638305232903,13.620538772528064,49.520066295105714,9.619875585205307,5.5924506750726035,0.0,0.0,0.0,0.0,0.0,model4,19.0,False,1104.0
368,2015-02-17T05:00:00Z,78.0,171.0854890539253,460.1780505135748,97.21791190999821,39.73006245031375,15.477509787301571,50.28498546989437,9.31229965966089,5.1500931685942914,0.0,0.0,0.0,0.0,0.0,model4,19.0,False,1107.0
369,2015-02-17T08:00:00Z,78.0,169.89659438375483,461.3958575387825,98.6234300700783,39.43130142765205,15.352165184391,54.62141025665564,9.135687808683358,5.593193060170016,0.0,0.0,0.0,0.0,0.0,model4,19.0,False,1110.0
370,2015-02-17T11:00:00Z,78.0,168.997040816819,465.94485767519853,99.3571969470526,40.22198833948214,14.957933197915105,52.39961436949909,10.144500969998736,5.669447910782227,0.0,0.0,0.0,0.0,0.0,model4,19.0,False,1113.0
371,2015-02-17T14:00:00Z,78.0,170.34870161132187,472.9887502166528,99.4142102941328,40.72553766352173,15.601074211974918,51.28330988667325,9.718541106594367,5.1568076642499365,0.0,0.0,0.0,0.0,0.0,model4,19.0,False,1116.0
372,2015-02-17T17:00:00Z,78.0,171.4464310883213,468.89144089147726,99.75744354976193,40.74169950873523,15.468381106017251,51.003156361023855,9.966531004914966,5.720005166500899,0.0,0.0,0.0,0.0,0.0,model4,19.0,False,1119.0
373,2015-02-17T20:00:00Z,78.0,170.49396200934083,464.43592371297086,99.48160933677332,40.6656289949581,18.242878471438026,51.44908687223761,10.385035453149783,5.243169419608496,0.0,0.0,0.0,0.0,0.0,model4,19.0,False,1122.0
374,2015-02-17T23:00:00Z,78.0,169.00443959725078,462.9394813282785,99.00117513297869,40.783422651755174,16.950992924897097,50.71303999755274,10.787913306919384,5.469184501530101,0.0,0.0,0.0,0.0,0.0,model4,19.0,False,1125.0
375,2015-02-18T02:00:00Z,78.0,167.86623065685046,457.9762972343042,100.0887316821393,40.03072129746279,16.820520946571648,51.04094006212486,10.248199909376881,5.538497716992136,0.0,0.0,0.0,0.0,0.0,model4,19.0,False,1128.0
376,2015-02-18T05:00:00Z,78.0,171.04352158771238,451.4226430341268,101.82703319017868,40.34122468014873,15.91812873732143,53.25866353341174,9.76172882120913,5.898236820970293,0.0,0.0,0.0,0.0,0.0,model4,19.0,False,1131.0
377,2015-02-18T08:00:00Z,78.0,173.2550285587703,436.23389811152924,101.89505479269735,40.11658744668635,16.421781337102356,68.04490487183489,9.737524254050394,5.3160865885594735,0.0,0.0,0.0,0.0,0.0,model4,19.0,False,1134.0
378,2015-02-18T11:00:00Z,78.0,171.5467266979174,427.510276127898,100.74007563210512,39.52820503906262,17.852658876251233,69.07436356916462,8.782690041449984,5.184758323672,0.0,0.0,0.0,0.0,0.0,model4,19.0,False,1137.0
379,2015-02-18T14:00:00Z,78.0,171.52300323462003,410.52099712842653,101.71155903098118,40.29256209292289,17.60412380092709,71.90542874157342,8.848475105303196,6.0013133352156975,0.0,0.0,0.0,0.0,0.0,model4,19.0,False,1140.0
380,2015-02-18T17:00:00Z,78.0,171.44893563348802,397.655204214254,102.27015537679891,40.703355654867565,17.49202165624949,68.8054512709972,9.249857742945768,4.9002728547394545,0.0,0.0,0.0,0.0,0.0,model4,19.0,False,1143.0
381,2015-02-18T20:00:00Z,78.0,171.31244026296733,388.46973975565805,102.47836185261116,41.1156621296209,14.105060273307974,67.54399359422251,8.837447962633446,4.952713789325854,0.0,0.0,0.0,0.0,0.0,model4,19.0,False,1146.0
382,2015-02-18T23:00:00Z,78.0,173.08099337230846,373.9198261147319,102.6035148063932,41.62146404189599,15.540270132719069,58.55980187214772,7.802230218913295,4.763902529046807,0.0,0.0,0.0,0.0,0.0,model4,19.0,False,1149.0
383,2015-02-19T02:00:00Z,78.0,173.0474132195821,373.09323991868735,101.38660310426674,41.912544219412865,16.599005864816586,59.7598883025521,7.167500080176295,4.4773562988418165,0.0,0.0,0.0,0.0,0.0,model4,19.0,False,1152.0
384,2015-02-19T05:00:00Z,78.0,171.19143677411537,356.9603828220767,100.13740494473848,42.02817347074553,16.69710725486534,55.37578972941391,6.820534244882268,4.5478559123517215,0.0,0.0,0.0,0.0,0.0,model4,19.0,False,1155.0
385,2015-02-19T08:00:00Z,78.0,170.5783692341507,363.6459898091028,100.71713602802237,41.84169719490987,16.398203723236286,50.29435964384779,7.461709904223659,5.129779052245572,0.0,1.0,1.0,0.0,0.0,model4,19.0,True,1158.0
386,2015-02-19T11:00:00Z,78.0,172.7762735883346,363.52322520285935,100.87855930076272,42.02462555633121,14.172283185267403,49.09307560414047,7.807145857481087,5.166169457415294,0.0,1.0,1.0,0.0,0.0,model4,19.0,True,1161.0
387,2015-02-19T14:00:00Z,78.0,170.05452941970762,371.3356063938604,99.89252469365505,41.477880090227934,14.212026426047187,50.22385421604314,7.563169188766249,4.380821915524218,0.0,1.0,1.0,0.0,0.0,model4,19.0,True,1164.0
388,2015-02-19T17:00:00Z,78.0,169.53446091860962,371.59062028869926,99.7721025869864,41.69162380499756,14.043314661573891,49.45161693942667,8.240005407915442,5.236162280697628,0.0,1.0,1.0,0.0,0.0,model4,19.0,True,1167.0
389,2015-02-19T20:00:00Z,78.0,169.31585914924514,378.1189562479047,99.64870700302285,41.38963848426528,14.766013469414501,49.56063359152286,8.85956419111586,5.2390098606753375,0.0,1.0,1.0,0.0,0.0,model4,19.0,True,1170.0
390,2015-02-19T23:00:00Z,78.0,167.98024791787816,376.79573171320646,98.19825520100531,40.91889571981481,12.35909568744297,45.30491406214741,11.321724313727872,4.980945720981127,0.0,1.0,1.0,0.0,0.0,model4,19.0,True,1173.0
391,2015-02-20T02:00:00Z,78.0,166.54407117778499,376.29779796658363,98.93903505403671,40.454141211109295,10.46170404478021,43.99795184461952,11.773580481666016,5.980970681076998,0.0,1.0,1.0,0.0,0.0,model4,19.0,True,1176.0
392,2015-02-20T05:00:00Z,78.0,167.6089186664531,379.54140484420594,98.30709562057629,39.867985580269256,11.950778183913574,37.944651505188325,12.286163548914795,5.959205303348389,0.0,1.0,1.0,0.0,0.0,model4,19.0,True,1179.0
393,2015-02-20T08:00:00Z,78.0,165.9109848682484,380.0445447490322,97.61408440588468,40.16050576027632,12.376464719045096,40.31645979433272,11.529709699785526,5.730952585950236,0.0,0.0,0.0,0.0,0.0,model4,19.0,False,1182.0
394,2015-02-20T11:00:00Z,78.0,165.72806727613178,381.387623844738,97.25786685154587,40.27945485600237,13.286543179517698,42.42361758789353,11.198308203327787,5.8192379827581036,0.0,0.0,0.0,0.0,0.0,model4,19.0,False,1185.0
395,2015-02-20T14:00:00Z,78.0,165.7012631757911,385.4655859308838,98.76858351613797,40.197072166054944,13.07759545899741,49.445120665518104,12.011323108708794,6.079499500764607,0.0,0.0,0.0,0.0,0.0,model4,19.0,False,1188.0
396,2015-02-20T17:00:00Z,78.0,164.63693967744615,398.7901959871705,96.31984843891762,40.10593192709891,13.174304290042882,57.75199287567288,11.472317475548632,5.723024600372641,0.0,0.0,0.0,0.0,0.0,model4,19.0,False,1191.0
397,2015-02-20T20:00:00Z,78.0,164.65004519597213,406.7059017282506,96.87944274354444,39.67781605436088,12.19370392698544,63.133515837171856,11.963171095573935,5.933968327683463,0.0,0.0,0.0,0.0,0.0,model4,19.0,False,1194.0
398,2015-02-20T23:00:00Z,78.0,163.35074060753288,422.6188348354928,100.34358359786924,40.15832729067214,12.6537028462533,65.32406503992526,11.814856383094986,6.157410708051377,0.0,0.0,0.0,0.0,0.0,model4,19.0,False,1197.0
399,2015-02-21T02:00:00Z,78.0,164.0048184269116,430.25818992993277,99.58834643077559,40.91488972004166,12.610685948247758,65.62430353407214,11.874056361250055,5.670429295624392,0.0,0.0,0.0,0.0,0.0,model4,19.0,False,1200.0
400,2015-02-21T05:00:00Z,78.0,164.85714552011945,445.9712374758509,99.16755028650478,40.75147892294333,12.139890355910303,54.94524314921714,12.681977654229689,5.538037938383738,0.0,0.0,0.0,0.0,0.0,model4,19.0,False,1203.0
401,2015-02-21T08:00:00Z,78.0,166.10052971829657,443.79091913514793,98.49628759690107,40.59819839994651,11.228802886494377,55.46016973519034,12.716197681548323,5.719846989777443,0.0,0.0,0.0,0.0,0.0,model4,19.0,False,1206.0
402,2015-02-21T11:00:00Z,78.0,165.9960900080966,456.67689027840254,98.85775820407477,40.16129759065189,9.968312543546103,53.43614268112866,12.722197825965251,5.6382273793637,0.0,0.0,0.0,0.0,0.0,model4,19.0,False,1209.0
403,2015-02-21T14:00:00Z,78.0,165.73795474176154,457.08122720179534,97.35073518368759,40.536563650943634,11.201012786689162,47.44204064423963,11.99000784756242,6.024803167698772,0.0,0.0,0.0,0.0,0.0,model4,19.0,False,1212.0
404,2015-02-21T17:00:00Z,78.0,168.09692940210184,454.1816417825942,98.358137078789,40.383143298023455,12.084688047725566,48.80398550164879,11.562025951563113,5.689390414517777,0.0,0.0,0.0,0.0,0.0,model4,19.0,False,1215.0
405,2015-02-21T20:00:00Z,78.0,168.07724305753612,451.557178152261,98.40259181732787,40.640345009865676,13.532432339742822,49.66986353898674,10.563608843509936,5.440450951273153,0.0,0.0,0.0,0.0,0.0,model4,19.0,False,1218.0
406,2015-02-21T23:00:00Z,78.0,168.25079332976009,452.5398950081746,97.91657169399687,39.81925427161592,13.379247794695553,50.69463792983508,8.594493027260278,5.359051476186528,0.0,0.0,0.0,0.0,0.0,model4,19.0,False,1221.0
407,2015-02-22T02:00:00Z,78.0,168.40497737003224,460.5944791558965,97.48548893523909,39.454464477788,14.994904408878696,59.595890890515655,9.004160471312684,4.692493616777272,0.0,0.0,0.0,0.0,0.0,model4,19.0,False,1224.0
408,2015-02-22T05:00:00Z,78.0,168.3116591307121,456.1270304519857,99.21276777257324,39.403577869716074,15.340392535738435,59.42965993256863,9.057337006635088,5.036314065085667,0.0,0.0,0.0,0.0,0.0,model4,19.0,False,1227.0
409,2015-02-22T08:00:00Z,78.0,166.9249244619453,471.98356653504686,99.01173304976524,39.15807813832542,15.800414200212547,50.00450073739829,8.92979240157563,4.771095229961615,0.0,0.0,0.0,0.0,0.0,model4,19.0,False,1230.0
410,2015-02-22T11:00:00Z,78.0,168.12766559327932,467.95312218800905,98.37187283899591,39.40956109088293,16.011907986683408,50.302082542965145,9.753465458344547,4.807831731486691,0.0,0.0,0.0,0.0,0.0,model4,19.0,False,1233.0
411,2015-02-22T14:00:00Z,78.0,169.0352794641084,467.8667341488392,98.67747656738862,39.37130604283046,15.210326029754984,50.71239254255932,11.421537106394904,4.012182703650163,0.0,0.0,0.0,0.0,0.0,model4,19.0,False,1236.0
412,2015-02-22T17:00:00Z,78.0,169.29882844464288,466.0388678858467,99.39135095943344,39.53936984639203,15.090994069234755,50.107260958842346,11.064965437942202,4.515994181352465,0.0,0.0,0.0,0.0,0.0,model4,19.0,False,1239.0
413,2015-02-22T20:00:00Z,78.0,170.62709567701802,460.5532929586139,99.09811037624458,39.958135068178755,13.676532725511475,52.61641545244528,11.47587225209272,5.544246485328226,0.0,0.0,0.0,0.0,0.0,model4,19.0,False,1242.0
414,2015-02-22T23:00:00Z,78.0,169.15292683447362,459.89626561440735,98.23109080798085,40.00806296072397,14.473627342785301,56.058685028396816,11.047945846857784,5.455027513588586,0.0,0.0,0.0,0.0,0.0,model4,19.0,False,1245.0
415,2015-02-23T02:00:00Z,78.0,171.92315581813446,450.2092322046457,99.37601709677207,40.299291998424145,14.689607164566846,48.53606350881964,10.43749990634196,5.884961551902384,0.0,0.0,0.0,0.0,0.0,model4,19.0,False,1248.0
416,2015-02-23T05:00:00Z,78.0,171.95491682926166,449.2179647492929,100.06149485161946,40.305673747582986,14.288394053862481,49.29170362335296,10.551682884243053,5.709309390171722,0.0,0.0,0.0,0.0,0.0,model4,19.0,False,1251.0
417,2015-02-23T08:00:00Z,78.0,174.4947862722649,444.742698555396,99.7556182192961,40.668478765128825,14.107935815638065,45.78856164972056,11.00565444395582,5.531648387396427,0.0,0.0,1.0,0.0,0.0,model4,19.0,False,1254.0
418,2015-02-23T11:00:00Z,78.0,175.03557560760018,439.1399451759112,100.69957889110873,40.86302324033599,14.238398484805211,44.490141196343146,10.170854897235683,5.367649118918308,0.0,0.0,1.0,0.0,0.0,model4,19.0,False,1257.0
419,2015-02-23T14:00:00Z,78.0,176.05281060157228,443.7790539220415,100.4738412552873,40.744951106325814,14.604696074093173,46.16249349959194,8.22194810962657,5.593380672425917,0.0,0.0,1.0,0.0,0.0,model4,19.0,False,1260.0
420,2015-02-23T17:00:00Z,78.0,172.8140209294493,446.8639722539715,99.99000368658564,40.35507841871832,16.27531928818465,46.448093044588155,8.869914362536688,5.3209514636993696,0.0,0.0,1.0,0.0,0.0,model4,19.0,False,1263.0
421,2015-02-23T20:00:00Z,78.0,173.22264635715405,451.2029913908564,100.86965000554821,39.91364039644099,17.325622869345388,44.0136557160199,8.600162697758147,4.491302787749012,0.0,0.0,1.0,0.0,0.0,model4,19.0,False,1266.0
422,2015-02-23T23:00:00Z,78.0,175.88298193438908,448.8261493237709,102.14808910831768,40.005402628139755,15.400749687272349,36.88827479750428,9.226639359726214,5.051333836004715,0.0,0.0,1.0,0.0,0.0,model4,19.0,False,1269.0
423,2015-02-24T02:00:00Z,78.0,173.5208671982959,448.09935028949707,99.96460895256477,39.70655536221648,14.150592750089187,32.50967502183156,10.36925726873924,4.773724846485967,0.0,0.0,1.0,0.0,0.0,model4,19.0,False,1272.0
424,2015-02-24T05:00:00Z,78.0,171.9840667432558,457.70647214537513,99.96729666651954,40.236319214976064,14.753118364184447,33.91255914840764,9.188128212272296,4.681840627216963,0.0,0.0,1.0,0.0,0.0,model4,19.0,False,1275.0
425,2015-02-24T08:00:00Z,78.0,170.92590784210418,456.3780832799015,99.73659769382864,40.71536536658251,13.682811708636875,36.448968915619176,8.956976346400115,5.414830686347841,0.0,0.0,0.0,0.0,0.0,model4,19.0,False,1278.0
426,2015-02-24T11:00:00Z,78.0,171.05836832846416,460.79665425053884,99.77325877876137,40.64219277859408,13.826671635029475,35.189312151281044,9.059100508598712,5.911803314828794,0.0,0.0,0.0,0.0,0.0,model4,19.0,False,1281.0
427,2015-02-24T14:00:00Z,78.0,170.3179024561839,454.8289529100473,98.70446371793408,40.373703463662245,14.94972064357903,39.515820844777494,10.725414319683527,5.617347203725831,0.0,0.0,0.0,0.0,0.0,model4,19.0,False,1284.0
428,2015-02-24T17:00:00Z,78.0,170.9148958056891,459.529198454692,99.38611349824032,40.3654469475689,15.221287599817956,42.546970871217326,10.355153483060166,5.490655442680998,0.0,0.0,0.0,0.0,0.0,model4,19.0,False,1287.0
429,2015-02-24T20:00:00Z,78.0,168.81220655989154,456.83049750794663,98.38497387159958,40.295278951372474,14.902096253169306,45.15921781693203,10.341086923825893,5.5466225073228586,0.0,0.0,0.0,0.0,0.0,model4,19.0,False,1290.0
430,2015-02-24T23:00:00Z,78.0,168.26829215160814,458.0843551085025,98.4881690554241,40.23912164919043,15.125087260794478,43.769447308881425,11.022642376715277,5.4626480931664565,0.0,0.0,0.0,0.0,0.0,model4,19.0,False,1293.0
431,2015-02-25T02:00:00Z,78.0,169.4164508851755,460.07962931940835,99.76490732308608,40.574051334218105,15.885463793957324,45.78634960608834,10.123984780439283,5.552467193323567,0.0,0.0,0.0,0.0,0.0,model4,19.0,False,1296.0
432,2015-02-25T05:00:00Z,78.0,168.97553069234084,455.0572099009,98.59920999466776,39.687133492801095,15.776577612249108,44.31209490868273,9.666910602671855,5.585694507110839,0.0,0.0,0.0,0.0,0.0,model4,19.0,False,1299.0
433,2015-02-25T08:00:00Z,78.0,168.1719805307054,459.1665740147071,99.32484053131914,39.02220170596223,15.888148463718624,48.38936426093256,10.42762163445014,5.017949442656229,0.0,0.0,0.0,0.0,0.0,model4,19.0,False,1302.0
434,2015-02-25T11:00:00Z,78.0,168.2408354442957,455.119181817567,99.24686384866357,39.43311878286978,18.124440818667733,48.36397725594396,11.230693129034343,4.7667174764326585,0.0,0.0,0.0,0.0,0.0,model4,19.0,False,1305.0
435,2015-02-25T14:00:00Z,78.0,168.02875340089716,450.41034796060995,101.4175577745873,39.627316866318324,17.018887112096312,57.206654638219824,9.752776208422503,5.2633425493934665,0.0,0.0,0.0,0.0,0.0,model4,19.0,False,1308.0
436,2015-02-25T17:00:00Z,78.0,169.69066451397708,434.72245890672684,101.4694982209536,39.42298298411043,15.659731374147306,58.41990042824851,10.13833309214377,5.3162071699622935,0.0,0.0,0.0,0.0,0.0,model4,19.0,False,1311.0
437,2015-02-25T20:00:00Z,78.0,169.10711415366478,429.7376037525119,101.06612836460226,39.54879599654848,16.51959730155367,60.77946681665429,10.476255606424928,5.078418049215598,0.0,0.0,0.0,0.0,0.0,model4,19.0,False,1314.0
438,2015-02-25T23:00:00Z,78.0,166.99700429400102,417.81775997627227,98.6028986058432,39.85015908707084,17.17776379113322,60.54026948609515,9.981938111509267,4.882820992025483,0.0,0.0,0.0,0.0,0.0,model4,19.0,False,1317.0
439,2015-02-26T02:00:00Z,78.0,166.33913506284063,405.39434433144476,98.7154221908092,38.9447753292412,16.8462588473551,59.92441163797018,10.961468269103381,4.784356109271335,0.0,0.0,0.0,0.0,0.0,model4,19.0,False,1320.0
440,2015-02-26T05:00:00Z,78.0,169.50437756084503,391.57663618051737,99.19449658553455,39.84717216809428,18.164400326621486,60.00393683032916,11.358259326299095,4.664181064243028,0.0,0.0,0.0,0.0,0.0,model4,19.0,False,1323.0
441,2015-02-26T08:00:00Z,78.0,168.593854568252,378.2626698176265,97.87982126891629,39.89680342355732,18.924617990017108,44.73996407038968,11.434194338226115,4.326611780250852,0.0,0.0,0.0,0.0,0.0,model4,19.0,False,1326.0
442,2015-02-26T11:00:00Z,78.0,168.35113979541296,372.2226330164605,97.9835462051404,39.62056140507634,17.41275412746203,44.47487775861842,10.982907205842512,4.316004911230098,0.0,0.0,0.0,0.0,0.0,model4,19.0,False,1329.0
443,2015-02-26T14:00:00Z,78.0,169.153624387069,375.3910799778618,97.60581189636852,39.804036310532055,16.845616210037868,37.7537258845057,12.121394257432895,4.10980343162072,0.0,0.0,0.0,0.0,0.0,model4,19.0,False,1332.0
444,2015-02-26T17:00:00Z,78.0,167.70741836302415,374.41758658406883,97.73822263948915,40.086904739381815,17.072565210033158,36.396251639344676,11.865852921846702,4.0722746999419455,0.0,0.0,0.0,0.0,0.0,model4,19.0,False,1335.0
445,2015-02-26T20:00:00Z,78.0,170.52340612767182,372.4924902373797,98.30216321817659,40.04013309637803,15.59650428960047,37.79026133970247,11.375688544135482,4.052006151325881,0.0,0.0,0.0,0.0,0.0,model4,19.0,False,1338.0
446,2015-02-26T23:00:00Z,78.0,172.59078949068387,376.42184740262894,99.40648486975347,40.0292640687849,14.443091062534087,38.793195321275505,11.237488746395485,4.234980402426658,0.0,0.0,0.0,0.0,0.0,model4,19.0,False,1341.0
447,2015-02-27T02:00:00Z,78.0,170.68555715891358,372.8138492673571,99.29713930710916,40.51265123098929,15.122653878200474,43.041952657140854,10.821371946860543,3.8892732314835454,0.0,0.0,0.0,0.0,0.0,model4,19.0,False,1344.0
448,2015-02-27T05:00:00Z,78.0,167.74265746099698,377.2592248979316,100.24371798772076,40.223022729047656,13.395825442498493,42.22749545107296,11.097277259977982,4.057224300372351,0.0,0.0,0.0,0.0,0.0,model4,19.0,False,1347.0
449,2015-02-27T08:00:00Z,78.0,169.88925100205043,376.71811041541997,102.23160076759608,40.22709536198437,12.563596165639687,48.07256585274671,9.613619119181768,4.2956705549981935,0.0,0.0,0.0,0.0,0.0,model4,19.0,False,1350.0
450,2015-02-27T11:00:00Z,78.0,167.6366099413317,370.7508225444868,102.58858602923088,39.810821362655865,12.010746445235055,52.13237917219039,9.98085361150664,4.021091148846819,0.0,0.0,0.0,0.0,0.0,model4,19.0,False,1353.0
451,2015-02-27T14:00:00Z,78.0,167.71210588242928,366.1975743729632,103.43603138106735,38.95760280400445,14.621509465499418,54.16804374540552,8.692554923817147,3.702901737741061,0.0,0.0,0.0,0.0,0.0,model4,19.0,False,1356.0
452,2015-02-27T17:00:00Z,78.0,167.38266450834058,373.95797031165534,101.7605473155497,38.356537413250024,14.844926429846652,59.00291245571853,9.793817818430302,4.169235905260054,0.0,0.0,0.0,0.0,0.0,model4,19.0,False,1359.0
453,2015-02-27T20:00:00Z,78.0,165.5116828310866,389.21741306627604,102.18825592317543,38.59532117172838,15.087767302322796,75.8505209043044,9.831050768588502,4.345881082228662,0.0,0.0,0.0,0.0,0.0,model4,19.0,False,1362.0
454,2015-02-27T23:00:00Z,78.0,164.71479879534368,393.77150806960884,101.89345851903566,38.656117815735655,14.861566500528955,78.14966005699819,9.3734977661883,3.871240508583352,0.0,0.0,0.0,0.0,0.0,model4,19.0,False,1365.0
455,2015-02-28T02:00:00Z,78.0,164.94078861668476,409.81031150102655,102.5508968931472,38.71756619695152,15.291710588854555,75.07870807815868,8.905840040819156,4.115422665410299,0.0,0.0,0.0,0.0,0.0,model4,19.0,False,1368.0
456,2015-02-28T05:00:00Z,78.0,166.04385847431766,426.1837928465698,102.19740645081421,38.95575853085828,15.696708631618307,81.43484335683574,8.521751786057504,3.933810144409098,0.0,0.0,0.0,0.0,0.0,model4,19.0,False,1371.0
457,2015-02-28T08:00:00Z,78.0,164.03363815451348,432.952415279083,101.83841132698583,39.349537478953465,14.844119728323667,77.81498831407308,8.71619733380275,4.036126479360173,0.0,0.0,0.0,0.0,0.0,model4,19.0,False,1374.0
458,2015-02-28T11:00:00Z,78.0,164.2811754862175,448.12958384258536,101.0592762961141,39.40132385820179,14.148634946945558,64.22211459384903,7.692486938525348,4.545534759277099,0.0,0.0,0.0,0.0,0.0,model4,19.0,False,1377.0
459,2015-02-28T14:00:00Z,78.0,165.76186294604202,459.54608600890367,98.64918621885565,40.73916782912925,13.290293482222214,53.79924008914682,7.855606467684356,5.513923572360373,0.0,0.0,0.0,0.0,0.0,model4,19.0,False,1380.0
460,2015-02-28T17:00:00Z,78.0,165.21109246438053,462.9603973188714,100.42258480788341,42.09011783757285,18.218618067052745,52.44445472854376,8.055006464425867,5.324971205382201,0.0,0.0,0.0,0.0,0.0,model4,19.0,False,1383.0
461,2015-02-28T20:00:00Z,78.0,168.32790357346062,454.3430586460414,100.41158138948856,42.05835250788029,18.977950283563388,45.98142224115321,7.88075890587332,5.824649500052947,0.0,0.0,0.0,0.0,0.0,model4,19.0,False,1386.0
462,2015-02-28T23:00:00Z,78.0,169.18642044552047,449.2129946849195,99.61442476034495,41.78360551056755,18.48688017097485,48.991612877896316,8.436357057369325,5.927467618067093,0.0,0.0,0.0,0.0,0.0,model4,19.0,False,1389.0
463,2015-03-01T02:00:00Z,78.0,170.65982190480767,449.92827363183153,99.60775416020444,42.47685256004237,18.52756776511518,51.16139376985286,8.531834722125131,5.748728591497552,0.0,0.0,0.0,0.0,0.0,model4,19.0,False,1392.0
464,2015-03-01T05:00:00Z,78.0,170.3571762778325,444.91472320833486,99.56259391991837,42.21355636500999,19.030249180083608,44.08231354675418,8.515159296545265,5.811798318974384,0.0,0.0,0.0,0.0,0.0,model4,19.0,False,1395.0
465,2015-03-01T08:00:00Z,78.0,173.17453921535312,450.1716800299598,99.2990522230583,42.37848042534079,19.509130202685785,40.93205604592623,9.208234195290473,6.117962988926451,0.0,0.0,0.0,0.0,0.0,model4,19.0,False,1398.0
466,2015-03-01T11:00:00Z,78.0,172.97294598702192,454.8936494472625,99.85287690157836,43.17172800176047,22.81800101277431,43.24152608056377,9.434575173194595,5.692808628060219,0.0,0.0,0.0,0.0,0.0,model4,19.0,False,1401.0
467,2015-03-01T14:00:00Z,78.0,171.08119254873964,453.80432310667857,101.21660477702177,42.01689357863764,22.154962050068328,43.84217188586139,8.488132925133822,5.534985632356197,0.0,0.0,0.0,0.0,0.0,model4,19.0,False,1404.0
468,2015-03-01T17:00:00Z,78.0,172.2172089223703,454.44985982522047,100.59079520111557,41.7106208367024,18.14388200002086,44.56739322951347,7.811862830975282,5.611984361568271,0.0,0.0,0.0,0.0,0.0,model4,19.0,False,1407.0
469,2015-03-01T20:00:00Z,78.0,170.82864506873918,455.5868407083197,99.62588350509228,41.70900798628953,17.735830124464208,40.6047054034661,8.41934112600239,5.383824929683236,0.0,0.0,0.0,0.0,0.0,model4,19.0,False,1410.0
470,2015-03-01T23:00:00Z,78.0,170.49799675968046,463.08766941802253,101.86680315209576,41.51075703049061,18.0069829399739,41.858898082658506,8.570368088486628,6.6770304974822325,0.0,0.0,0.0,0.0,0.0,model4,19.0,False,1413.0
471,2015-03-02T02:00:00Z,78.0,169.10068478525767,462.4522510170268,101.08545845126505,40.778749590324246,17.974124927698462,40.82879468360131,9.158867134630697,6.903601551939395,0.0,0.0,0.0,0.0,0.0,model4,19.0,False,1416.0
472,2015-03-02T05:00:00Z,78.0,168.70774979187422,460.9745395538366,99.36686300262708,41.35065091703671,18.514275960913483,42.17215973869728,9.253855629318727,7.041186238514433,0.0,0.0,0.0,0.0,0.0,model4,19.0,False,1419.0
473,2015-03-02T08:00:00Z,78.0,166.30239550377232,457.8179616421434,99.75695829543172,40.93176989948729,17.313730965143424,42.39249749230293,9.274347729701981,6.709304316788162,0.0,0.0,0.0,0.0,0.0,model4,19.0,False,1422.0
474,2015-03-02T11:00:00Z,78.0,167.7126914236146,445.95695578545417,100.38532213625686,40.634041416200574,14.067254914711981,44.71428819800686,10.42439334699742,6.714547332066156,0.0,0.0,0.0,0.0,0.0,model4,19.0,False,1425.0
475,2015-03-02T14:00:00Z,78.0,168.4167848081674,444.94042998018784,101.45696370253506,41.55583017789039,15.11298887488107,48.69501082156986,11.024326829556868,6.634922344849016,0.0,0.0,0.0,0.0,0.0,model4,19.0,False,1428.0
476,2015-03-02T17:00:00Z,78.0,169.2792016203795,443.08978826449516,101.05294843582105,40.6390266930602,14.856075994643307,48.376742004986646,11.315933395263832,6.4261957749327525,0.0,0.0,0.0,0.0,0.0,model4,19.0,False,1431.0
477,2015-03-02T20:00:00Z,78.0,169.40241789873116,449.00562173326415,101.8147243431448,40.630144020237296,14.460504158990359,54.11683265310301,11.431236706611081,6.479783726289461,0.0,0.0,0.0,0.0,0.0,model4,19.0,False,1434.0
478,2015-03-02T23:00:00Z,78.0,169.19554465714216,451.9821704874543,100.48992933711315,40.88958261581379,14.533669414998686,52.85152727940296,10.934476088266251,5.149321564131959,0.0,0.0,0.0,0.0,0.0,model4,19.0,False,1437.0
479,2015-03-03T02:00:00Z,78.0,170.69027399554838,452.2016760312077,101.39257564430271,40.530571645996034,13.199567525094455,57.31906820606486,10.167695318582844,5.51578840636929,0.0,0.0,0.0,0.0,0.0,model4,19.0,False,1440.0
480,2015-03-03T05:00:00Z,78.0,171.20842940143282,455.2476952132993,102.122489187791,39.75632760320682,11.348111284290226,56.89639155937363,10.169919476278137,5.638631162407348,0.0,0.0,0.0,0.0,0.0,model4,19.0,False,1443.0
481,2015-03-03T08:00:00Z,78.0,172.42654064088333,464.0000658245568,101.11121771009304,39.59651532085244,11.825544305407718,58.26641030800857,10.196797690989928,5.5574081336444285,0.0,0.0,0.0,0.0,0.0,model4,19.0,False,1446.0
482,2015-03-03T11:00:00Z,78.0,170.79413838924637,472.04849073924726,99.29294970007663,39.76344975110964,12.090441725164373,51.44173083380221,9.189811371652175,5.543681375710039,0.0,0.0,0.0,0.0,0.0,model4,19.0,False,1449.0
483,2015-03-03T14:00:00Z,78.0,168.57296649136342,472.10030838617126,97.67724688872936,39.22377466854183,11.770675918102468,46.66430445401015,8.214881525292924,5.051695584205317,0.0,0.0,0.0,0.0,0.0,model4,19.0,False,1452.0
484,2015-03-03T17:00:00Z,78.0,167.33584200639234,476.08587898736886,98.8441135298626,39.871115573143285,14.148643222578958,49.8122428195827,8.52052487238305,5.478833809266656,0.0,0.0,0.0,0.0,0.0,model4,19.0,False,1455.0
485,2015-03-03T20:00:00Z,78.0,165.4462379900035,477.60801136261085,98.60714453586178,39.753792185461435,15.10611333042302,44.16728668518883,8.178154628000689,5.1500216237084855,0.0,0.0,0.0,0.0,0.0,model4,19.0,False,1458.0
486,2015-03-03T23:00:00Z,78.0,167.47562807213086,476.8844892998088,97.96992961094543,39.686982446970624,15.787056798983484,45.90812846283042,8.65044264293467,5.3119418175668836,0.0,0.0,0.0,0.0,0.0,model4,19.0,False,1461.0
487,2015-03-04T02:00:00Z,78.0,166.49543919161889,471.6105113432522,98.24135593613329,39.75920603616801,15.658767611420462,44.647947593061104,9.692756325706304,4.943449075625648,0.0,0.0,0.0,0.0,0.0,model4,19.0,False,1464.0
488,2015-03-04T05:00:00Z,78.0,167.16268976202073,467.64282254865975,97.74449208393952,39.85162372450343,15.948688682310287,45.59494781174656,9.280918423373096,4.528492022854637,0.0,0.0,0.0,0.0,0.0,model4,19.0,False,1467.0
489,2015-03-04T08:00:00Z,78.0,165.81125162519675,466.2763006614119,99.40378910827678,40.06906852517452,15.096535745577333,44.95325486560464,9.237859430019505,4.6073691377958585,0.0,0.0,0.0,0.0,0.0,model4,19.0,False,1470.0
490,2015-03-04T11:00:00Z,78.0,165.61328729502915,462.13701950349616,99.48606733740364,39.46194655486813,16.528544222433595,46.64749895250543,9.260978013740486,4.238595343005206,0.0,0.0,0.0,0.0,0.0,model4,19.0,False,1473.0
491,2015-03-04T14:00:00Z,78.0,166.098162543055,462.5694902820549,99.03690809082902,39.08213997031627,16.224472407268866,47.41053802609474,9.678303449810617,4.185943757231828,0.0,0.0,0.0,0.0,0.0,model4,19.0,False,1476.0
492,2015-03-04T17:00:00Z,78.0,168.40312407375504,460.5800624076972,98.87646793985759,39.25793352975808,14.382027302614315,42.33578170781848,9.459746333816303,3.676824876678656,0.0,0.0,0.0,0.0,0.0,model4,19.0,False,1479.0
493,2015-03-04T20:00:00Z,78.0,168.96671441177637,456.25754912215757,99.58156923205419,38.93398791631749,13.68441198881145,43.629042313030034,9.002398506227525,4.042876652075708,0.0,0.0,0.0,0.0,0.0,model4,19.0,False,1482.0
494,2015-03-04T23:00:00Z,78.0,167.56041067504574,455.3637502663077,99.43751094322191,38.62464371424145,12.79247472909354,42.05339170391915,8.628714534092088,4.319777254855693,0.0,0.0,0.0,0.0,0.0,model4,19.0,False,1485.0
495,2015-03-05T02:00:00Z,78.0,168.85364985216438,459.2149006715603,97.72214524451124,38.97409456002893,13.431147140407305,39.83178963879523,9.253800119227805,4.077254304937366,0.0,0.0,0.0,0.0,0.0,model4,19.0,False,1488.0
496,2015-03-05T05:00:00Z,78.0,169.19009880131642,457.5929899349623,98.34374788764157,39.0015678848525,13.86398055673091,44.51544941296361,9.222384475040739,4.263505789183385,0.0,0.0,0.0,0.0,0.0,model4,19.0,False,1491.0
497,2015-03-05T08:00:00Z,78.0,173.85858858860962,447.09513274012977,96.98618858496631,39.56219551802837,18.176112996273858,41.18040693954354,9.572588420648337,5.150015585704635,0.0,0.0,0.0,0.0,0.0,model4,19.0,False,1494.0
498,2015-03-05T11:00:00Z,78.0,177.23744026722682,452.62368586347463,97.19324591181109,39.37061046326508,17.345067152613872,41.75890140362624,9.512164266538353,5.7823567181002025,0.0,0.0,0.0,0.0,0.0,model4,19.0,False,1497.0
499,2015-03-05T14:00:00Z,78.0,180.6005041819448,450.5510645723877,99.12453664098659,39.5738844965551,17.422890266560355,40.749243546681434,9.686188146966446,5.786796102089423,0.0,0.0,0.0,0.0,0.0,model4,19.0,False,1500.0
500,2015-03-05T17:00:00Z,78.0,181.6611088986881,449.4863521689843,98.01344982781704,39.54582992647039,18.664872413104074,39.66112322713665,9.514960990177126,5.758459063113564,0.0,0.0,0.0,0.0,0.0,model4,19.0,False,1503.0
501,2015-03-05T20:00:00Z,78.0,184.6685539569974,450.38483085076086,97.29999488975606,39.315941224629434,17.30707709139663,41.517524829714716,9.623319176669037,5.585947884723351,0.0,0.0,0.0,0.0,0.0,model4,19.0,False,1506.0
502,2015-03-05T23:00:00Z,78.0,185.86501418541886,443.6133436782192,96.38608965957613,39.891344048537505,16.51008743842472,39.450453910423064,11.868851244467335,5.602462244286896,0.0,0.0,0.0,0.0,0.0,model4,19.0,False,1509.0
503,2015-03-06T02:00:00Z,78.0,187.2330208058759,445.9644993105194,97.68809667240043,39.638508040201984,16.007134496477295,44.75537426065893,11.180327371714924,5.550345301238403,0.0,0.0,0.0,0.0,0.0,model4,19.0,False,1512.0
504,2015-03-06T05:00:00Z,78.0,188.7747961415248,448.95021503926483,97.3721940562832,39.689746097599226,16.182075739598734,42.36665656627153,11.401307880400374,5.56427369274403,0.0,0.0,0.0,0.0,0.0,model4,19.0,False,1515.0
505,2015-03-06T08:00:00Z,78.0,187.1391363027693,459.1147417707015,97.92727343065408,39.67949560912679,15.543121446493073,44.792926353274986,10.571652611755356,5.215247619964004,1.0,0.0,0.0,0.0,0.0,model4,19.0,True,1518.0
506,2015-03-06T11:00:00Z,78.0,188.99592546953804,452.0787991312038,99.3684387752125,40.611326485900186,13.547605275611206,49.366862526206475,11.583753825447054,5.063552035029333,1.0,0.0,0.0,0.0,0.0,model4,19.0,True,1521.0
507,2015-03-06T14:00:00Z,78.0,188.71877674275746,453.73464840915636,98.07632644521946,41.206400135386076,14.873667203107159,53.431371002211705,11.159467498387473,5.250775234857762,1.0,0.0,0.0,0.0,0.0,model4,19.0,True,1524.0
508,2015-03-06T17:00:00Z,78.0,190.84541778186687,452.0473515398345,98.11121331473784,41.109947315987675,15.100901257775247,54.3338615887066,11.529330529957836,5.360217239861363,1.0,0.0,0.0,0.0,0.0,model4,19.0,True,1527.0
509,2015-03-06T20:00:00Z,78.0,191.72997389463333,455.1930650297824,97.4532151990562,41.28773245808214,15.124055154061985,52.467726533604285,11.9732297523979,5.31975393337177,1.0,0.0,0.0,0.0,0.0,model4,19.0,True,1530.0
510,2015-03-06T23:00:00Z,78.0,193.4282612660999,461.2682860282624,99.40421442708721,40.91414126568553,14.756198918979932,51.53701609793786,9.274821064698779,5.604503850087644,1.0,0.0,0.0,0.0,0.0,model4,19.0,True,1533.0
511,2015-03-07T02:00:00Z,78.0,191.2507142927101,455.9555359163553,99.0516149861557,40.91210519299438,17.010230930623948,48.79022658613245,8.660311737193473,5.802494119875544,1.0,0.0,0.0,0.0,0.0,model4,19.0,True,1536.0
512,2015-03-07T05:00:00Z,78.0,191.59267295555983,458.2310703083197,99.02825810095501,41.2210020113716,17.418921587603172,49.87973448984115,8.551478354560649,5.77933244217029,1.0,0.0,0.0,0.0,0.0,model4,19.0,True,1539.0
513,2015-03-07T08:00:00Z,78.0,192.6265895962558,456.2834249428637,99.25431190774937,40.67592404331595,16.793426546714944,49.532872446188094,8.811782037864651,5.570536308324429,0.0,0.0,0.0,0.0,0.0,model4,19.0,False,1542.0
514,2015-03-07T11:00:00Z,78.0,190.61415051557458,456.0085972666916,97.87603005848915,40.07430083237984,16.79603355216814,46.9852989138243,7.76462705101353,5.224611927262661,0.0,0.0,0.0,0.0,0.0,model4,19.0,False,1545.0
515,2015-03-07T14:00:00Z,78.0,190.61311857657188,454.21830399015647,98.86529014852152,38.61180852454917,15.427130141267762,44.202400436429386,7.95802950253243,5.5279925192071975,0.0,0.0,0.0,0.0,0.0,model4,19.0,False,1548.0
516,2015-03-07T17:00:00Z,78.0,186.83207041167645,454.69415674802843,100.39535036575329,38.15882776147411,15.380682069025395,44.03348658422824,7.8107437777881525,5.447932056085649,0.0,0.0,0.0,0.0,0.0,model4,19.0,False,1551.0
517,2015-03-07T20:00:00Z,78.0,182.42894596386128,452.58358221103765,101.55256021779142,38.39656299059086,17.251575931416852,42.337946480615685,6.655273725369427,5.457171845194149,0.0,0.0,0.0,0.0,0.0,model4,19.0,False,1554.0
518,2015-03-07T23:00:00Z,78.0,177.40869413093537,443.2317841991606,101.24591648915846,38.1125755810848,19.01869669012467,46.73111394335874,7.395485560020052,5.169173595077545,0.0,0.0,0.0,0.0,0.0,model4,19.0,False,1557.0
519,2015-03-08T02:00:00Z,78.0,176.87651836500999,449.8618495844988,100.96529823186079,38.014213181509476,19.933957752455967,48.49523913493513,7.770170757654679,5.3097735717515855,0.0,0.0,0.0,0.0,0.0,model4,19.0,False,1560.0
520,2015-03-08T05:00:00Z,78.0,175.78279228675137,445.31800701760017,102.83085117415018,37.939471010405335,18.85733756407836,46.3658317285966,8.897582651229639,5.3837719355786255,0.0,0.0,0.0,0.0,0.0,model4,19.0,False,1563.0
521,2015-03-08T08:00:00Z,78.0,169.47379811004308,437.0695619804227,103.23954306194895,37.93083743098392,18.625626800725872,43.321278087163975,9.24463564395361,5.7469608755806245,0.0,0.0,0.0,0.0,0.0,model4,19.0,False,1566.0
522,2015-03-08T11:00:00Z,78.0,169.6064917889953,440.883751909942,102.99479545222135,38.0851632062186,18.679547019892908,43.92190200130456,10.069676695301776,5.572847580013653,0.0,0.0,0.0,0.0,0.0,model4,19.0,False,1569.0
523,2015-03-08T14:00:00Z,78.0,165.6023562412599,444.6994535935113,102.18739176732521,38.94561032281929,17.574553642556648,46.78568561970045,11.468791033118006,5.347473454920882,0.0,0.0,0.0,0.0,0.0,model4,19.0,False,1572.0
524,2015-03-08T17:00:00Z,78.0,164.559845641954,439.1278235931483,101.42401167740923,39.2659707554806,17.262089706612553,47.65963310802678,11.624974231111743,6.09653483045226,0.0,0.0,0.0,0.0,0.0,model4,19.0,False,1575.0
525,2015-03-08T20:00:00Z,78.0,165.2940793418589,434.6989159851476,101.02733234665442,39.544441747813956,17.89060878764785,46.44380617691946,11.642281389506874,6.792501316814453,0.0,0.0,0.0,0.0,0.0,model4,19.0,False,1578.0
526,2015-03-08T23:00:00Z,78.0,167.59133392528497,442.03050744900145,101.61000091174179,40.56991213394168,18.324586084390305,42.90406946076872,11.361534506622052,6.628126117250793,0.0,0.0,0.0,0.0,0.0,model4,19.0,False,1581.0
527,2015-03-09T02:00:00Z,78.0,167.39888706302716,437.226218227551,102.2979181532518,41.65210446892246,17.415942884793175,40.38961078178583,11.175970602415866,6.36615476513139,0.0,0.0,0.0,0.0,0.0,model4,19.0,False,1584.0
528,2015-03-09T05:00:00Z,78.0,164.7397999596609,438.3262349850466,100.6519514521354,41.86348537409306,15.667757756465305,39.673854272368644,9.85191857291467,6.139314896426418,0.0,0.0,0.0,0.0,0.0,model4,19.0,False,1587.0
529,2015-03-09T08:00:00Z,78.0,168.546473669245,445.4441202326647,98.82889508364893,42.306769916670056,14.853070655951926,49.87312780973011,9.808388977592438,5.70226716375641,0.0,0.0,0.0,0.0,0.0,model4,19.0,False,1590.0
530,2015-03-09T11:00:00Z,78.0,167.51977691522163,447.4390623329184,99.48541026459992,42.42125479733864,14.05187963351624,48.688003363482075,8.711144950774274,6.131547011617551,0.0,0.0,0.0,0.0,1.0,model4,19.0,False,1593.0
531,2015-03-09T14:00:00Z,78.0,172.2911371432277,443.28857533659584,98.66481855836918,42.177766535252026,15.519984623011494,46.27748444485286,8.317051175167418,5.987280436214597,0.0,0.0,0.0,0.0,1.0,model4,19.0,False,1596.0
532,2015-03-09T17:00:00Z,78.0,172.94915450602375,447.5982536217877,98.03078066128559,42.32819248244309,14.601512127654926,43.421019652886436,7.764921241467158,5.210805291699777,0.0,0.0,0.0,0.0,1.0,model4,19.0,False,1599.0
533,2015-03-09T20:00:00Z,78.0,175.47347476718915,451.2212780118784,98.41939923669224,42.47645599796067,13.872618511190163,43.6840624598682,7.8004906659018305,4.220353588226127,0.0,0.0,0.0,0.0,1.0,model4,19.0,False,1602.0
534,2015-03-09T23:00:00Z,78.0,174.2148775209885,453.35938430844976,96.51117937725785,41.55811695649052,14.371568599783954,45.97624834848324,8.015176576882252,4.791198204122439,0.0,0.0,0.0,0.0,1.0,model4,19.0,False,1605.0
535,2015-03-10T02:00:00Z,78.0,173.43656092437283,460.3252221428825,95.91059899547834,40.66789206528082,15.872101463431315,45.72081037735993,8.275812430538448,4.611986374914344,0.0,0.0,0.0,0.0,1.0,model4,19.0,False,1608.0
536,2015-03-10T05:00:00Z,78.0,173.93942243911187,456.3171887909546,96.00457687152841,40.43847927318604,15.429974345859414,50.863149416081846,8.534328250298993,4.800229299994046,0.0,0.0,0.0,0.0,1.0,model4,19.0,False,1611.0
537,2015-03-10T08:00:00Z,78.0,171.88316803089788,451.16410600920716,97.45241256989335,39.559257542621204,15.75209099909978,41.61937065286614,8.409070996268772,5.093281789727787,0.0,0.0,0.0,0.0,1.0,model4,19.0,False,1614.0
538,2015-03-10T11:00:00Z,78.0,167.43974028503666,451.4054291223507,96.14008369706563,39.927368587157,19.534553452223975,43.64948098010382,8.68917143615615,4.824413435208547,0.0,0.0,0.0,0.0,0.0,model4,19.0,False,1617.0
539,2015-03-10T14:00:00Z,78.0,165.73851582564555,450.0761057105799,96.892273731322,40.44649697025173,17.737331271378213,42.39876414912444,7.7878013329248885,5.2230069815081395,0.0,0.0,0.0,0.0,0.0,model4,19.0,False,1620.0
540,2015-03-10T17:00:00Z,78.0,165.71728880468171,450.7599565292736,99.33373064474188,40.41073125005332,17.895473086286113,45.10816164248955,10.036006170798553,5.474080695143106,0.0,0.0,0.0,0.0,0.0,model4,19.0,False,1623.0
541,2015-03-10T20:00:00Z,78.0,162.59116196595798,446.14853424200857,99.13061335473694,40.184420496707055,15.693913645977206,45.133398484757784,9.871853250494317,5.785885753128076,0.0,0.0,0.0,0.0,0.0,model4,19.0,False,1626.0
542,2015-03-10T23:00:00Z,78.0,162.83426448731262,445.33626246553075,100.63969987189577,40.65111718088628,15.243221408520405,41.44303404983105,9.422000001414238,5.367438628811887,0.0,0.0,0.0,0.0,0.0,model4,19.0,False,1629.0
543,2015-03-11T02:00:00Z,78.0,164.65058458268263,438.5091524810019,102.04585618003401,40.633816974888354,14.670038000442204,37.93464982500595,9.398658230019294,5.4218213325999285,0.0,0.0,0.0,0.0,0.0,model4,19.0,False,1632.0
544,2015-03-11T05:00:00Z,78.0,165.2726223028491,441.57067770233294,101.92303792843391,40.29744701697288,14.89638431517494,33.00033938427102,10.064056121302595,5.207943752014288,0.0,0.0,0.0,0.0,0.0,model4,19.0,False,1635.0
545,2015-03-11T08:00:00Z,78.0,165.64585505216257,446.10887516764365,100.91274491130726,40.36033077791631,15.33602660124686,34.25561369212213,10.848621509790716,5.050463313813825,0.0,0.0,0.0,0.0,0.0,model4,19.0,False,1638.0
546,2015-03-11T11:00:00Z,78.0,166.94128870238168,440.4110149269057,100.27170406480144,40.46496487610119,12.614775113666258,33.825356216927325,11.542592430749009,5.213948992966613,0.0,0.0,0.0,0.0,0.0,model4,19.0,False,1641.0
547,2015-03-11T14:00:00Z,78.0,166.9608768581765,447.80665320441915,101.56862667933788,40.392586448974704,12.228875959734767,36.58482251760078,12.55369735007868,4.887363488656822,0.0,0.0,0.0,0.0,0.0,model4,19.0,False,1644.0
548,2015-03-11T17:00:00Z,78.0,166.14300017986469,455.08198344595496,100.08544426924531,40.10045468301799,12.169582118577535,43.39298769548632,11.296322677182259,4.474887088981343,0.0,0.0,0.0,0.0,0.0,model4,19.0,False,1647.0
549,2015-03-11T20:00:00Z,78.0,166.953680540009,457.42991783613314,101.31424589671192,39.480989305036715,13.811216753961508,43.543246267975576,11.759645274463274,4.3036072160597225,0.0,0.0,0.0,0.0,0.0,model4,19.0,False,1650.0
550,2015-03-11T23:00:00Z,78.0,167.3693919417673,453.74549447174536,100.3725045757536,39.039555497184786,14.2808997321128,50.67835969817502,11.856590773033345,4.4911759990226745,0.0,0.0,0.0,0.0,0.0,model4,19.0,False,1653.0
551,2015-03-12T02:00:00Z,78.0,166.11578223991037,457.61641786351237,101.1466266961443,39.25619320462032,13.98393601584017,51.62067102433901,12.451467884900966,5.316039275925234,0.0,0.0,0.0,0.0,0.0,model4,19.0,False,1656.0
552,2015-03-12T05:00:00Z,78.0,163.8960019308066,461.6178763222928,100.88027684604906,38.30704309665333,14.217491832426367,51.66886588234068,12.207958289132266,6.110818239130747,0.0,0.0,0.0,0.0,0.0,model4,19.0,False,1659.0
553,2015-03-12T08:00:00Z,78.0,166.14001188375966,463.4156928140452,102.31423055517557,38.93914153419437,15.392879339724894,51.30974407084799,11.74634029763743,6.157417793922898,0.0,0.0,0.0,0.0,0.0,model4,19.0,False,1662.0
554,2015-03-12T11:00:00Z,78.0,167.71795973911082,469.19070707681135,104.0742477794734,37.521450162010886,14.24907770283357,48.67703431655747,9.961037710287636,5.7980796506465175,0.0,0.0,0.0,0.0,0.0,model4,19.0,False,1665.0
555,2015-03-12T14:00:00Z,78.0,167.27511874589896,460.39946348756035,102.78816274300013,37.46641868148718,15.397427097141016,52.5525592941965,8.820264584479474,5.6539914031803455,0.0,0.0,0.0,0.0,0.0,model4,19.0,False,1668.0
556,2015-03-12T17:00:00Z,78.0,167.1472287416594,455.9855550643625,101.66895193611045,37.337253324287865,15.729456251981285,45.21413798755129,9.151192867456812,5.799784094427372,0.0,0.0,0.0,0.0,0.0,model4,19.0,False,1671.0
557,2015-03-12T20:00:00Z,78.0,166.34657809302934,451.8125444362602,100.3478182778189,38.27567967211416,15.957948498692813,49.59925494194691,9.1916748158175,6.197186893148094,0.0,0.0,0.0,0.0,0.0,model4,19.0,False,1674.0
558,2015-03-12T23:00:00Z,78.0,167.7772696146061,452.1217289518119,99.91591469119415,38.176263871453465,15.627455244207681,43.35043175276631,9.89074466098885,6.275773232634603,0.0,0.0,0.0,0.0,0.0,model4,19.0,False,1677.0
559,2015-03-13T02:00:00Z,78.0,168.6011231071255,446.50883437120314,96.36405471856062,38.770806822044,15.623293742135875,41.56849028252681,8.361522724432184,5.986644276262164,0.0,0.0,0.0,0.0,0.0,model4,19.0,False,1680.0
560,2015-03-13T05:00:00Z,78.0,172.39194121509766,440.8190803619888,97.61611964739632,39.49412613391708,15.674037191374842,38.85045522026327,8.944482960831069,5.27992249384592,0.0,0.0,0.0,0.0,0.0,model4,19.0,False,1683.0
561,2015-03-13T08:00:00Z,78.0,170.52647469430391,432.6156163985978,96.95532291315624,39.705056471851975,16.410393111407625,35.6853847900356,8.706653961781717,5.530286882901198,0.0,0.0,0.0,0.0,0.0,model4,19.0,False,1686.0
562,2015-03-13T11:00:00Z,78.0,172.5958456097778,428.0179931663606,97.03721786561924,40.0221167047302,16.062607405894102,35.892623863029385,9.207922844135313,5.368169762491357,0.0,0.0,0.0,0.0,0.0,model4,19.0,False,1689.0
563,2015-03-13T14:00:00Z,78.0,170.77062699500743,426.82292103592494,96.9832382931565,40.52536767959911,15.525205121332336,36.621481319690496,9.131467685792511,6.1058960219432725,0.0,0.0,0.0,0.0,0.0,model4,19.0,False,1692.0
564,2015-03-13T17:00:00Z,78.0,171.25346889294084,425.94880658617683,98.94758570346785,41.59233538708174,16.244058676037252,35.68846351404551,11.106270859123194,6.1593506285780535,0.0,0.0,0.0,0.0,0.0,model4,19.0,False,1695.0
565,2015-03-13T20:00:00Z,78.0,171.69019179678008,434.685468245173,99.32330142856621,40.9891658770504,14.999653371543728,39.681673051109584,11.838594804529656,5.938781530379639,0.0,0.0,0.0,0.0,0.0,model4,19.0,False,1698.0
566,2015-03-13T23:00:00Z,78.0,169.22177155473602,442.14175819996353,100.95551875631573,41.89225739973962,16.331702298752806,44.60279516062583,11.14181868531626,5.739327389558978,0.0,0.0,0.0,0.0,0.0,model4,19.0,False,1701.0
567,2015-03-14T02:00:00Z,78.0,168.61961471567122,443.083600421072,102.14261615819923,41.769207969104045,16.314815508297205,47.540025291553896,10.485864987087114,6.061313726540829,0.0,0.0,0.0,0.0,0.0,model4,19.0,False,1704.0
568,2015-03-14T05:00:00Z,78.0,166.91605976447482,443.442039038624,101.9569627294663,42.39836124346608,15.126533207900279,48.26589547382625,10.381104502619415,5.732116302725425,0.0,0.0,0.0,0.0,0.0,model4,19.0,False,1707.0
569,2015-03-14T08:00:00Z,78.0,167.45017642494258,448.4409209597027,102.2326957401824,41.661459365300544,13.774076242468,47.34713456039389,10.213710118167754,5.866528460003046,0.0,0.0,0.0,0.0,0.0,model4,19.0,False,1710.0
570,2015-03-14T11:00:00Z,78.0,165.80415134339242,449.8577219259018,103.69394442917894,42.31522163755688,13.959150642554224,43.23308449553815,10.765840795038883,5.528050189006796,0.0,0.0,0.0,0.0,0.0,model4,19.0,False,1713.0
571,2015-03-14T14:00:00Z,78.0,165.6429177214649,456.99467012737847,104.38005476041005,41.73084666948697,13.8424656366318,42.52286402888814,10.765670759735462,5.094291534882238,0.0,0.0,0.0,0.0,0.0,model4,19.0,False,1716.0
572,2015-03-14T17:00:00Z,78.0,166.07070712162417,454.5690923877105,102.50332898109293,41.05291403415243,13.267108881614227,45.402061210262644,10.021868310143557,4.92432521091385,0.0,0.0,0.0,0.0,0.0,model4,19.0,False,1719.0
573,2015-03-14T20:00:00Z,78.0,166.2447784944496,450.6863458973879,102.95408173979807,41.6531994856645,12.565098066935224,41.660580617573686,8.622461996116717,4.956039339314537,0.0,0.0,0.0,0.0,0.0,model4,19.0,False,1722.0
574,2015-03-14T23:00:00Z,78.0,167.8626713776099,452.5315079880729,103.61680341339859,41.0985649415236,11.295716596108992,44.373503511343145,9.10841895296967,5.028596816520698,0.0,0.0,0.0,0.0,0.0,model4,19.0,False,1725.0
575,2015-03-15T02:00:00Z,78.0,168.487234734324,454.2711747976796,104.00018911923245,40.80649096918824,11.06884937164618,42.27158292332642,9.33012259493825,4.558779281166624,0.0,0.0,0.0,0.0,0.0,model4,19.0,False,1728.0
576,2015-03-15T05:00:00Z,78.0,167.46284701011282,464.2834294360057,103.414474108581,40.698985448107074,11.685515843427506,46.1102233453617,9.180505782290506,4.537228149248155,0.0,0.0,0.0,0.0,0.0,model4,19.0,False,1731.0
577,2015-03-15T08:00:00Z,78.0,166.30432296647382,458.0176380741902,103.3236103173339,40.870401269224985,11.762880992807025,54.10998982922543,9.410839675849942,4.731777843428622,0.0,0.0,0.0,0.0,0.0,model4,19.0,False,1734.0
578,2015-03-15T11:00:00Z,78.0,167.94403602397213,458.2564396514181,102.26840200372179,40.62042667451307,12.039190319046536,53.999551411657826,8.826072152658073,4.609147880685333,0.0,0.0,0.0,0.0,0.0,model4,19.0,False,1737.0
579,2015-03-15T14:00:00Z,78.0,168.613763423425,459.33944175783967,100.73196786838244,39.98353575596426,11.89176199600092,52.614173943690965,10.062221653895364,4.9373663046279885,0.0,0.0,0.0,0.0,0.0,model4,19.0,False,1740.0
580,2015-03-15T17:00:00Z,78.0,168.7841799783039,460.41689831328006,102.6552206076146,39.84949997704269,11.736353016375134,51.29856093198666,10.466861432489619,4.571609414826911,0.0,0.0,0.0,0.0,0.0,model4,19.0,False,1743.0
581,2015-03-15T20:00:00Z,78.0,169.67415001908753,455.84358096177897,103.42949768660792,39.27497200307997,12.258131419651384,54.14311113698693,10.874898714945578,4.941814140153338,0.0,0.0,0.0,0.0,0.0,model4,19.0,False,1746.0
582,2015-03-15T23:00:00Z,78.0,170.3756406014436,450.88258020071197,102.60818131417344,39.3253812357954,12.324472816157124,50.29588068574045,10.500792273193092,4.758818787654026,0.0,0.0,0.0,0.0,0.0,model4,19.0,False,1749.0
583,2015-03-16T02:00:00Z,78.0,170.51230526528457,456.585366978321,103.99942795099356,39.301289081516025,12.391612515733163,51.110589784336526,10.30184004441139,4.533531361548595,0.0,0.0,0.0,0.0,0.0,model4,19.0,False,1752.0
584,2015-03-16T05:00:00Z,78.0,170.35331572236916,447.25005058011436,103.99731620535455,39.92663396305829,12.042743823031547,45.64997629194436,10.325776831027088,5.476786082827664,0.0,0.0,0.0,0.0,0.0,model4,19.0,False,1755.0
585,2015-03-16T08:00:00Z,78.0,174.10875816714818,450.7983389900415,104.21009516813514,39.580414078537814,13.76370041823552,38.22694345021093,10.483769900793078,5.1252600185678805,0.0,0.0,0.0,0.0,0.0,model4,19.0,False,1758.0
586,2015-03-16T11:00:00Z,78.0,172.18874467975238,452.6604647803761,103.84014389305307,40.004748113500966,13.722641610248456,39.5856154724576,10.119454738027734,5.293190087881209,0.0,0.0,0.0,0.0,0.0,model4,19.0,False,1761.0
587,2015-03-16T14:00:00Z,78.0,174.3494216789765,455.18127478004374,104.72504773020994,39.98755942132593,13.982909607776492,40.48394342522336,9.957432653783174,5.179553780201277,0.0,0.0,0.0,0.0,0.0,model4,19.0,False,1764.0
588,2015-03-16T17:00:00Z,78.0,174.54019070158103,457.3349032161075,103.24083512261123,40.192512611553475,13.192241398421745,42.805315283308566,10.592236686040538,5.413237114686198,0.0,0.0,0.0,0.0,0.0,model4,19.0,False,1767.0
589,2015-03-16T20:00:00Z,78.0,173.68973985100757,459.9326466716827,100.64383598475266,40.286941492771156,13.343228020498454,39.182651393483134,10.878711074612534,5.3986583825918535,0.0,0.0,0.0,0.0,0.0,model4,19.0,False,1770.0
590,2015-03-16T23:00:00Z,78.0,173.7144334301857,454.323303916204,100.33154414273056,39.86501211419979,13.548365750559617,39.49975402146437,11.087367531590912,6.0316406058389775,0.0,0.0,0.0,0.0,0.0,model4,19.0,False,1773.0
591,2015-03-17T02:00:00Z,78.0,172.86919192622292,451.5015831339277,98.4636180138788,39.95866203516385,15.063430679834699,36.99511615330649,10.292049913405084,6.149305938988412,0.0,0.0,0.0,0.0,0.0,model4,19.0,False,1776.0
592,2015-03-17T05:00:00Z,78.0,172.9474058269642,452.24853176334676,97.65295120327976,38.80727212610593,14.921678354369044,40.13923217864522,11.131484438060243,5.366010141729371,0.0,0.0,0.0,0.0,0.0,model4,19.0,False,1779.0
593,2015-03-17T08:00:00Z,78.0,171.35097021144975,451.257030969421,96.97310905293786,39.18035149279323,13.460683700650728,40.79957429223361,10.440655010944527,5.465846192367216,0.0,0.0,0.0,0.0,0.0,model4,19.0,False,1782.0
594,2015-03-17T11:00:00Z,78.0,174.76571595737659,446.469484906936,97.72387620611636,38.26488398794633,15.409380292340536,43.93905215668991,11.292206763674395,5.482160959348708,0.0,0.0,0.0,0.0,0.0,model4,19.0,False,1785.0
595,2015-03-17T14:00:00Z,78.0,174.38703963679905,440.9516418178836,96.94759211731231,39.217506177165546,14.698507505682384,39.11891278220653,10.053519886165137,5.794340316118952,0.0,0.0,0.0,0.0,0.0,model4,19.0,False,1788.0
596,2015-03-17T17:00:00Z,78.0,172.71528680164917,446.5917219709757,96.06522962069828,38.60337975903747,15.52785366047909,45.885465550346524,9.466196870881225,5.749504631483879,0.0,0.0,0.0,0.0,0.0,model4,19.0,False,1791.0
597,2015-03-17T20:00:00Z,78.0,173.66396140858734,446.7286057195144,98.2342599320487,39.23859826889441,16.6469589033767,48.15217126348111,10.563946480129905,5.730493795317157,0.0,0.0,0.0,0.0,0.0,model4,19.0,False,1794.0
598,2015-03-17T23:00:00Z,78.0,171.9289016126257,447.7137477137223,98.16420570374468,40.15532976179284,17.36555229412867,49.26719634120172,10.185449107346443,5.356086296606009,0.0,0.0,0.0,0.0,0.0,model4,19.0,False,1797.0
599,2015-03-18T02:00:00Z,78.0,172.24435020421475,443.3757955085849,97.63251097314286,39.33573283317378,16.79478936859918,48.21761041229783,10.374753512198193,5.940921247738973,0.0,0.0,0.0,0.0,0.0,model4,19.0,False,1800.0
600,2015-03-18T05:00:00Z,78.0,173.75972993469512,447.6013469753884,99.10947655054859,39.365210077121546,16.43144363861159,49.392052409681185,9.827003479967784,5.960361625270719,0.0,0.0,0.0,0.0,0.0,model4,19.0,False,1803.0
601,2015-03-18T08:00:00Z,78.0,171.79623750744264,449.6479211262069,99.18666907813412,39.465488258755,16.779094985151268,50.15418492710781,10.46146439655842,5.9213922968309145,0.0,0.0,0.0,0.0,0.0,model4,19.0,False,1806.0
602,2015-03-18T11:00:00Z,78.0,168.13281514795102,452.9911139557068,98.47943094541077,39.66733260019179,14.547924965042384,48.782128794096344,9.497422242290515,5.6892943965424045,0.0,0.0,0.0,0.0,0.0,model4,19.0,False,1809.0
603,2015-03-18T14:00:00Z,78.0,165.80165281774998,453.6167434411438,99.10058762839151,39.28209200270336,14.685711243419194,48.922323766549425,9.319142367187359,5.266184010978468,0.0,0.0,0.0,0.0,0.0,model4,19.0,False,1812.0
604,2015-03-18T17:00:00Z,78.0,166.60470370969455,443.91553981614607,101.20658318861237,39.9565224470651,14.511057203306171,42.49883520476686,8.951595048527619,5.1153947271376765,0.0,0.0,0.0,0.0,0.0,model4,19.0,False,1815.0
605,2015-03-18T20:00:00Z,78.0,164.34240402079854,450.20481223910133,101.41584826185348,39.74703583109748,12.652626688232573,43.36233048558218,8.364636188569614,5.17556257528932,0.0,0.0,0.0,0.0,0.0,model4,19.0,False,1818.0
606,2015-03-18T23:00:00Z,78.0,166.6973935525001,449.8400697446296,101.5405490552311,38.7271609159193,13.128380924056929,41.255501063935725,8.373519717110629,4.969684097657731,0.0,0.0,0.0,0.0,0.0,model4,19.0,False,1821.0
607,2015-03-19T02:00:00Z,78.0,169.08627268353843,454.1031939977732,102.57529414553906,39.096008275421106,14.389991174500727,41.79250780885375,7.451222421437472,5.237596922973244,0.0,0.0,0.0,0.0,0.0,model4,19.0,False,1824.0
608,2015-03-19T05:00:00Z,78.0,167.1017275490484,447.9537451040893,101.8012482380835,39.60599282383511,14.9367091886262,39.61183994287136,7.599879602060215,5.0944828875333465,0.0,0.0,0.0,0.0,0.0,model4,19.0,False,1827.0
609,2015-03-19T08:00:00Z,78.0,168.20134443502272,451.31521719363764,101.87883533361256,39.729055894981535,15.10349114461058,47.31176534045292,7.186958654816481,5.050060449463853,0.0,0.0,0.0,0.0,0.0,model4,19.0,False,1830.0
610,2015-03-19T11:00:00Z,78.0,170.1906833383379,454.6066404690345,101.92018725759958,40.01540117407168,14.940063868275109,46.06546647822718,7.554436648655074,4.874689582580023,0.0,0.0,0.0,0.0,0.0,model4,19.0,False,1833.0
611,2015-03-19T14:00:00Z,78.0,172.08554942482684,454.8804134900042,102.29799403888558,40.335809762333795,14.096536343475833,46.157572580241315,7.567941320715941,4.932068122712835,0.0,0.0,0.0,0.0,0.0,model4,19.0,False,1836.0
612,2015-03-19T17:00:00Z,78.0,174.2025195323764,454.23057563795606,100.90782498453032,40.949849058706384,15.654807365200579,51.33773083523978,7.194599091972476,5.387342959705174,0.0,0.0,0.0,0.0,0.0,model4,19.0,False,1839.0
613,2015-03-19T20:00:00Z,78.0,176.6009447181427,453.49548509266856,99.24612979211882,41.2877360788175,14.814501110512069,48.91330956301514,7.2276052502261665,5.263046454542676,0.0,0.0,0.0,0.0,0.0,model4,19.0,False,1842.0
614,2015-03-19T23:00:00Z,78.0,174.37207755289876,457.3189608703794,100.09212846209681,42.0576611360711,15.419837909413095,51.52639343441534,7.7566069580422985,4.745663753980866,0.0,0.0,0.0,0.0,0.0,model4,19.0,False,1845.0
615,2015-03-20T02:00:00Z,78.0,172.10439666244758,458.39270986717764,101.20166865936064,42.27694901567345,15.067151355929456,51.521345811396024,8.357527284690956,3.479274730698955,0.0,0.0,0.0,0.0,0.0,model4,19.0,False,1848.0
616,2015-03-20T05:00:00Z,78.0,172.7243315748097,463.7634578468393,100.26490517688684,42.23677213508589,14.41498867503978,48.41057753667656,8.845527004147216,4.327803958834736,0.0,0.0,0.0,0.0,0.0,model4,19.0,False,1851.0
617,2015-03-20T08:00:00Z,78.0,172.9761485843601,456.4171360325174,100.61233817934028,42.007127125137046,14.110851168132262,44.682789387316205,8.320583265083366,4.440664089727852,0.0,0.0,0.0,0.0,0.0,model4,19.0,False,1854.0
618,2015-03-20T11:00:00Z,78.0,172.97164680249284,460.764764740937,101.11891484848036,42.34366770207212,14.332827836205261,49.24339105904679,8.235832610658774,4.797435457882535,0.0,0.0,0.0,0.0,0.0,model4,19.0,False,1857.0
619,2015-03-20T14:00:00Z,78.0,172.10680087059933,455.80924261916323,101.21240036926045,41.478978042301186,16.23062225070263,52.09420516814666,7.996560894507535,5.841892688948742,0.0,0.0,0.0,0.0,0.0,model4,19.0,False,1860.0
620,2015-03-20T17:00:00Z,78.0,172.1388919566583,460.56088350418406,101.839097502218,40.725056297499954,15.124933524078578,44.9698239777042,8.323020205071346,5.426622174158479,0.0,0.0,0.0,0.0,0.0,model4,19.0,False,1863.0
621,2015-03-20T20:00:00Z,78.0,170.34486957300996,460.6584436403977,103.09154673718768,40.347623004081576,14.798028733626133,46.4006890996121,7.628249361380812,5.208657200906124,0.0,0.0,0.0,0.0,0.0,model4,19.0,False,1866.0
622,2015-03-20T23:00:00Z,78.0,171.48371606180442,458.05966547040856,102.2216479916852,40.12166487435764,14.692407126507176,44.24876763432821,7.284831096870303,5.2143857101417295,0.0,0.0,0.0,0.0,0.0,model4,19.0,False,1869.0
623,2015-03-21T02:00:00Z,78.0,171.22867178358533,452.3054682968015,101.58275057751119,39.47775275909864,14.712435665817392,47.436478896167706,7.187432886504264,5.5450651419870445,0.0,0.0,0.0,0.0,0.0,model4,19.0,False,1872.0
624,2015-03-21T05:00:00Z,78.0,173.17951455962466,450.4557952228939,101.11592669886473,39.61437312843574,14.971683660492165,47.01046834532021,8.123409065505228,5.041037840441766,0.0,0.0,0.0,0.0,0.0,model4,19.0,False,1875.0
625,2015-03-21T08:00:00Z,78.0,172.04476366700092,448.36301166278207,100.7658680141652,39.74777500999994,14.431787070048832,47.868603068976476,8.362063786915085,5.26587766207942,0.0,0.0,0.0,0.0,0.0,model4,19.0,False,1878.0
626,2015-03-21T11:00:00Z,78.0,173.60196096136178,442.3729823155911,99.80613013155222,39.527850950600225,16.235477535072402,40.45585935018683,8.95494364276074,4.824525349026552,0.0,0.0,0.0,0.0,0.0,model4,19.0,False,1881.0
627,2015-03-21T14:00:00Z,78.0,173.20560790160008,448.3842761123497,100.06316564400491,40.10395166578178,14.185013502726582,38.32169414304753,9.36165552880624,4.023202690975611,0.0,0.0,0.0,0.0,0.0,model4,19.0,False,1884.0
628,2015-03-21T17:00:00Z,78.0,172.93654151729146,440.55140948632567,99.5759774819805,39.581897962074436,15.114330951825176,41.028527613873294,10.143093007361424,4.1115857863404015,0.0,0.0,0.0,0.0,0.0,model4,19.0,False,1887.0
629,2015-03-21T20:00:00Z,78.0,174.8231890909425,434.124176012049,99.21751859027214,38.93000019136157,14.667509211895533,37.656496430691476,9.897979681784467,3.9065711823507607,0.0,0.0,0.0,0.0,0.0,model4,19.0,False,1890.0
630,2015-03-21T23:00:00Z,78.0,175.22211634530706,437.37872805271115,99.63229186430401,38.61262742210149,14.89621181502022,44.57064232294056,10.08529164229927,3.8350279214540715,0.0,0.0,0.0,0.0,0.0,model4,19.0,False,1893.0
631,2015-03-22T02:00:00Z,78.0,176.137858105478,440.77031643117516,99.56430585876235,38.917003570637576,13.692819181233348,43.56395025200744,9.634843143335047,3.531077421797824,0.0,0.0,0.0,0.0,0.0,model4,19.0,False,1896.0
632,2015-03-22T05:00:00Z,78.0,175.1040164024986,441.9912348377688,100.55266848559452,38.13506570278747,12.9294086927298,50.295570873005296,9.111803122752976,3.3864646981891777,0.0,0.0,0.0,0.0,0.0,model4,19.0,False,1899.0
633,2015-03-22T08:00:00Z,78.0,177.2668275013794,443.0060458268063,100.2518797789382,37.908592823047634,13.01400567391794,48.80633381861965,9.925879441984248,2.7709575370547475,0.0,0.0,0.0,0.0,0.0,model4,19.0,False,1902.0
634,2015-03-22T11:00:00Z,78.0,175.49130102924232,439.56129012029936,100.5971202542622,37.57803920240953,11.14592744300616,48.35107494477965,9.548515647173305,3.180212425739358,0.0,0.0,0.0,0.0,0.0,model4,19.0,False,1905.0
635,2015-03-22T14:00:00Z,78.0,176.1072323842991,441.2701966037784,99.87609342955528,37.478265981115364,11.537819032570644,52.30110213178318,9.173098886680313,3.66078090940928,0.0,0.0,0.0,0.0,0.0,model4,19.0,False,1908.0
636,2015-03-22T17:00:00Z,78.0,175.2200623867073,446.4285881335977,99.49757392365835,38.17669630952589,12.641323944433546,50.06385938133113,8.527453285131116,4.100194441224634,0.0,0.0,0.0,0.0,0.0,model4,19.0,False,1911.0
637,2015-03-22T20:00:00Z,78.0,173.7535004098715,449.9337903433052,98.76628269793221,37.73808584233558,15.603254977108465,49.737713897750034,8.360188359196991,4.911883882392358,0.0,0.0,0.0,0.0,0.0,model4,19.0,False,1914.0
638,2015-03-22T23:00:00Z,78.0,172.13974879599013,445.71368139690287,97.88534485346165,38.44258101636032,15.232255390717096,45.745764795585906,8.140855447711282,5.207161687752292,0.0,0.0,0.0,0.0,0.0,model4,19.0,False,1917.0
639,2015-03-23T02:00:00Z,78.0,171.70216983579218,448.15409636606887,97.28300213688598,38.94527258512702,15.921861332736011,50.68714470271189,7.924645846607582,5.239536974490601,0.0,0.0,0.0,0.0,0.0,model4,19.0,False,1920.0
640,2015-03-23T05:00:00Z,78.0,172.1374571289468,443.7823200579314,97.82607305536095,39.60538088216146,17.857478086457203,45.79281182643618,7.738279062185942,5.517001817948257,0.0,0.0,0.0,0.0,0.0,model4,19.0,False,1923.0
641,2015-03-23T08:00:00Z,78.0,171.99545880258037,451.2078415149013,97.2265122173061,39.61108935514675,17.62186254471079,45.27105262959205,6.7039073865544045,5.789846395857308,0.0,0.0,0.0,0.0,0.0,model4,19.0,False,1926.0
642,2015-03-23T11:00:00Z,78.0,170.96088444180734,457.31793655897775,96.25421317649794,39.72733476837129,17.771944194557335,44.75359243092309,6.327509075850125,5.350135569277568,0.0,0.0,0.0,0.0,0.0,model4,19.0,False,1929.0
643,2015-03-23T14:00:00Z,78.0,169.90449315698197,456.495516886562,96.19113424035652,40.0734314929104,19.012317555870048,44.984764889321696,6.4217930260234715,5.0992496468877775,0.0,0.0,0.0,0.0,0.0,model4,19.0,False,1932.0
644,2015-03-23T17:00:00Z,78.0,169.7698431292487,458.1731285019811,98.24539090184619,39.18306252390117,17.798267989832684,48.08664496354218,7.851127201883338,5.7958896725593725,0.0,0.0,0.0,0.0,0.0,model4,19.0,False,1935.0
645,2015-03-23T20:00:00Z,78.0,167.75641766010284,458.07930646569434,99.05310012020621,40.39257997798488,17.459289041151862,48.77231543889596,9.654399046791315,5.15212163992288,0.0,0.0,0.0,0.0,0.0,model4,19.0,False,1938.0
646,2015-03-23T23:00:00Z,78.0,168.82537228606975,456.3179763961519,99.69212966538169,40.10016190135961,18.895343388854393,48.084135000106144,10.13868052428347,6.1812844692086015,0.0,0.0,0.0,0.0,0.0,model4,19.0,False,1941.0
647,2015-03-24T02:00:00Z,78.0,169.63386074551096,449.7009586601557,100.40983536444412,40.20843761724944,18.57793463147585,50.0056844610256,10.506961807636502,6.324797557193588,0.0,0.0,0.0,0.0,0.0,model4,19.0,False,1944.0
648,2015-03-24T05:00:00Z,78.0,169.28905496840005,454.1281906207863,98.53460175293577,40.25205731456688,16.626004905676766,48.33459474419846,11.290061393728946,5.9699949131530285,0.0,0.0,0.0,0.0,0.0,model4,19.0,False,1947.0
649,2015-03-24T08:00:00Z,78.0,168.4725151149761,451.03900218776164,99.6421945070799,40.44064529950699,16.04607785929866,49.70625039417037,11.045571906073208,5.8096316063347055,0.0,0.0,0.0,0.0,0.0,model4,19.0,False,1950.0
650,2015-03-24T11:00:00Z,78.0,169.70807930271516,447.54036845798635,102.13175239975905,40.79249486744913,16.094920086736714,55.05075213114169,11.412502082874301,5.912231056495522,0.0,0.0,0.0,0.0,0.0,model4,19.0,False,1953.0
651,2015-03-24T14:00:00Z,78.0,172.9201028151783,449.1555585711844,102.30597170013469,40.60581653142988,15.313787340603854,55.87597577647297,11.305623592871964,5.773450463078302,0.0,0.0,0.0,0.0,0.0,model4,19.0,False,1956.0
652,2015-03-24T17:00:00Z,78.0,171.82358701352783,448.8036392606277,99.28902610884028,40.257023691818326,15.97217386970341,54.208395855629256,11.340979514280793,5.492786358075953,0.0,0.0,0.0,0.0,0.0,model4,19.0,False,1959.0
653,2015-03-24T20:00:00Z,78.0,173.84600892884902,446.62226590455185,98.23011989573378,39.49983386005211,13.320008223279395,57.25218072944094,10.17109022147019,5.3112867795312955,0.0,0.0,0.0,0.0,0.0,model4,19.0,False,1962.0
654,2015-03-24T23:00:00Z,78.0,172.7210446250777,453.5062884886625,96.61476953039505,39.94741429505146,12.557692218563409,60.459179845668714,10.225488695712707,4.30619154865799,0.0,0.0,0.0,0.0,0.0,model4,19.0,False,1965.0
655,2015-03-25T02:00:00Z,78.0,172.32852917084378,461.7488981987781,96.20029602782995,39.56103934457495,12.635169257439784,54.28330181216522,9.675887981886664,4.420278292695336,0.0,0.0,0.0,0.0,0.0,model4,19.0,False,1968.0
656,2015-03-25T05:00:00Z,78.0,173.0105499004464,461.4201958974787,97.91811214122124,39.944223991667506,12.693206246035373,56.05271637644734,9.248770477468439,4.791724510144963,0.0,0.0,0.0,0.0,0.0,model4,19.0,False,1971.0
657,2015-03-25T08:00:00Z,78.0,172.19871626478508,461.7551762500488,98.50521789169971,39.53058019044318,15.229224108387001,53.667129232968165,10.121911406614972,4.799029741188509,0.0,0.0,0.0,0.0,0.0,model4,19.0,False,1974.0
658,2015-03-25T11:00:00Z,78.0,171.19989026396695,462.4417455749473,96.62728236760871,39.2202047442664,15.917464633169471,48.10697832708134,9.39807015583265,4.585069823165072,0.0,0.0,0.0,0.0,0.0,model4,19.0,False,1977.0
659,2015-03-25T14:00:00Z,78.0,170.08168041602482,458.04541817740824,97.042304081191,39.62378620646919,14.932820443909572,45.69409790461464,10.786576025875542,4.895451498377112,0.0,0.0,0.0,0.0,0.0,model4,19.0,False,1980.0
660,2015-03-25T17:00:00Z,78.0,170.56049314567449,458.8500522635805,97.35386934190004,40.483014612531704,14.792303103268313,42.403143335889396,11.165526798358922,4.182388277836451,0.0,0.0,0.0,0.0,0.0,model4,19.0,False,1983.0
661,2015-03-25T20:00:00Z,78.0,172.75218188947133,463.1705946917089,97.59344780315378,40.71004754111381,15.940110884384891,38.43733982978196,11.005253378921633,4.177682749564095,0.0,0.0,0.0,0.0,0.0,model4,19.0,False,1986.0
662,2015-03-25T23:00:00Z,78.0,173.63217607172177,454.6839378666946,98.24736235089344,39.79903644038708,15.054666789220526,40.39983654992711,10.404612635785261,4.49669646461758,0.0,0.0,0.0,0.0,0.0,model4,19.0,False,1989.0
663,2015-03-26T02:00:00Z,78.0,173.71514974654247,444.9301973319714,97.60478278496001,39.77585215050368,15.199632350837796,43.37432132409719,10.36401804827706,5.275834007294213,0.0,0.0,0.0,0.0,0.0,model4,19.0,False,1992.0
664,2015-03-26T05:00:00Z,78.0,173.2307713535866,441.85243483634537,97.43524935534077,38.8116170925249,15.639768787971349,45.19764420930443,9.86671073638505,4.960462983451668,0.0,0.0,0.0,0.0,0.0,model4,19.0,False,1995.0
665,2015-03-26T08:00:00Z,78.0,171.9844029974013,443.48677017342885,96.22287218508787,39.225748252062594,14.197461562460994,47.73502396348203,9.050840097751646,5.051330848995924,0.0,0.0,0.0,0.0,0.0,model4,19.0,False,1998.0
666,2015-03-26T11:00:00Z,78.0,173.67074367736478,444.3112733547172,97.63291090578501,38.48281530150983,14.490385502919807,46.96822606223553,8.950846768355389,5.463081168570347,0.0,0.0,0.0,0.0,0.0,model4,19.0,False,2001.0
667,2015-03-26T14:00:00Z,78.0,173.6085673237157,437.51390833204175,96.80612800344095,37.36747552164992,16.620956467686387,48.732752078238384,7.825442849152287,5.171519506090181,0.0,0.0,0.0,0.0,0.0,model4,19.0,False,2004.0
668,2015-03-26T17:00:00Z,78.0,170.8869015134785,437.9801116640149,98.11133842082234,37.48494354105524,18.454623423506934,50.533736331118575,7.15672530692862,5.298480867604514,0.0,0.0,0.0,0.0,0.0,model4,19.0,False,2007.0
669,2015-03-26T20:00:00Z,78.0,169.56638403741908,431.058334073585,97.13418962815531,38.12906361990348,17.623005836952068,47.1192775000995,8.01950804294275,5.679952709562608,0.0,0.0,0.0,0.0,0.0,model4,19.0,False,2010.0
670,2015-03-26T23:00:00Z,78.0,171.19235439177817,440.61011333527466,97.90627906922285,39.06473700864725,19.495142325469693,47.92920208250347,10.024074482588043,5.720530216207679,0.0,0.0,0.0,0.0,0.0,model4,19.0,False,2013.0
671,2015-03-27T02:00:00Z,78.0,171.37104107898503,445.55641248340623,96.77406727203287,39.342367736705775,19.99165554244001,43.93679375850147,11.383096218076155,4.864224230694012,0.0,0.0,0.0,0.0,0.0,model4,19.0,False,2016.0
672,2015-03-27T05:00:00Z,78.0,170.9256969896121,445.2737555030668,96.10246984743937,39.77495954426017,19.71213086715716,39.44575499524272,11.610130203659525,4.860023066643151,0.0,0.0,0.0,0.0,0.0,model4,19.0,False,2019.0
673,2015-03-27T08:00:00Z,78.0,171.86249209243823,440.8105401651574,95.4955115000847,40.21371683962191,19.767973100547113,44.31381750199398,11.691461485774953,5.096480773589403,0.0,0.0,0.0,0.0,0.0,model4,19.0,False,2022.0
674,2015-03-27T11:00:00Z,78.0,172.29213724585014,439.34365141849435,93.78484452918242,41.31966535979512,20.037147803859447,46.18442772043446,10.6994066734251,5.678980197913772,0.0,0.0,0.0,0.0,0.0,model4,19.0,False,2025.0
675,2015-03-27T14:00:00Z,78.0,170.38358915012822,443.60439902507926,94.64110677417648,42.35984131102249,18.425773389304464,43.84653667287833,10.701465962062823,5.013279924846633,0.0,0.0,0.0,0.0,0.0,model4,19.0,False,2028.0
676,2015-03-27T17:00:00Z,78.0,173.95852062672938,435.7097279823152,95.12746995410065,41.54882805676039,15.32919630693134,48.82691419770904,10.963665972100447,5.897323847973674,0.0,0.0,0.0,0.0,0.0,model4,19.0,False,2031.0
677,2015-03-27T20:00:00Z,78.0,173.32449527341674,433.0157868716843,96.29331343671757,40.8918649229699,15.41443294909519,51.08820594442828,10.488008971109164,6.199634262686021,0.0,0.0,0.0,0.0,0.0,model4,19.0,False,2034.0
678,2015-03-27T23:00:00Z,78.0,171.16029501042382,422.400584680883,96.48288302338553,40.34621226823326,13.378780592379474,47.7712061222264,8.833222483117394,6.1254820259290765,0.0,0.0,0.0,0.0,0.0,model4,19.0,False,2037.0
679,2015-03-28T02:00:00Z,78.0,170.03476167515498,421.88057298442703,97.20221545527129,39.908722027803286,15.286993887632745,47.85146631119262,7.25737117874074,6.105300315491732,0.0,0.0,0.0,0.0,0.0,model4,19.0,False,2040.0
680,2015-03-28T05:00:00Z,78.0,170.40067511464486,420.9778884055047,98.09427454537963,40.37151531299337,16.219275128040586,48.39597521605031,7.230346528806686,7.389441953892412,0.0,0.0,0.0,0.0,0.0,model4,19.0,False,2043.0
681,2015-03-28T08:00:00Z,78.0,170.95709836536287,426.2358575832025,99.03734911075371,40.31199716400129,15.544053479815426,52.64245959257222,6.332799472300719,7.475867272803309,0.0,0.0,0.0,0.0,0.0,model4,19.0,False,2046.0
682,2015-03-28T11:00:00Z,78.0,169.70164568552713,427.8610699755314,100.08426406041784,39.805485475703335,13.947547565323337,51.080723631022536,7.038619557149778,6.486407117435808,0.0,0.0,0.0,0.0,0.0,model4,19.0,False,2049.0
683,2015-03-28T14:00:00Z,78.0,170.92426697246447,431.4698854191473,99.87789366987892,39.22664690515311,13.956689515870414,52.22551372028926,6.910893941294,6.437763333999188,0.0,0.0,0.0,0.0,0.0,model4,19.0,False,2052.0
684,2015-03-28T17:00:00Z,78.0,169.64182011689158,435.2068414404993,99.08975636341007,39.79789673261611,15.361178756102664,46.19778412957316,6.314915671268157,6.210323029250933,1.0,0.0,0.0,0.0,0.0,model4,19.0,False,2055.0
685,2015-03-28T20:00:00Z,78.0,170.85880554649518,444.5288688365736,99.6498713125998,39.88109622401503,15.337960763153966,43.54134817492167,6.477672481173553,5.934618748245685,1.0,0.0,0.0,0.0,0.0,model4,19.0,False,2058.0
686,2015-03-28T23:00:00Z,78.0,171.97792715174472,454.25814332994133,100.36506892712984,39.998565460841604,16.801816295371207,40.68449782163761,7.638915289579781,5.921725698032937,1.0,0.0,1.0,0.0,0.0,model4,19.0,False,2061.0
687,2015-03-29T02:00:00Z,78.0,173.43535641929333,456.3656229792421,101.96200394683822,40.90929286235037,14.043506065908439,41.804035256128714,7.912743856790664,6.002000229590869,1.0,0.0,1.0,0.0,0.0,model4,19.0,False,2064.0
688,2015-03-29T05:00:00Z,78.0,174.1457744995274,456.858898914973,101.48986317389743,40.97900344309914,12.797373793296714,40.832966926107815,8.315343302587275,4.725394218035872,1.0,0.0,1.0,0.0,0.0,model4,19.0,False,2067.0
689,2015-03-29T08:00:00Z,78.0,174.61592415106483,456.3035206838079,102.5083200702218,40.563343829786696,12.642111924784436,30.832767710617013,10.124382036411363,4.6500695712515325,1.0,0.0,1.0,0.0,0.0,model4,19.0,False,2070.0
690,2015-03-29T11:00:00Z,78.0,174.48246693052502,455.34010617395813,101.94312425416409,39.92150968021755,12.995707748992414,31.77251953919005,10.023920323080707,5.279827291342891,1.0,0.0,1.0,0.0,0.0,model4,19.0,False,2073.0
691,2015-03-29T14:00:00Z,78.0,173.88302860768468,453.2593950620041,102.11237071123597,39.91808764784111,12.992094507422614,33.04430900013614,10.487617423985867,5.377150840903117,1.0,0.0,1.0,0.0,0.0,model4,19.0,False,2076.0
692,2015-03-29T17:00:00Z,78.0,175.52852970132358,455.4871231421469,103.1440726787221,40.348040212388725,13.428585647385681,33.09910733241992,10.84686047011358,5.063924627546,0.0,0.0,1.0,0.0,0.0,model4,19.0,False,2079.0
693,2015-03-29T20:00:00Z,78.0,174.50180086790007,457.4523798135453,103.16134845247801,40.361611079876255,13.421810537035412,36.94435978626265,10.771840554779232,5.027083044999812,0.0,0.0,1.0,0.0,0.0,model4,19.0,False,2082.0
694,2015-03-29T23:00:00Z,78.0,175.3582531954423,451.5644000429833,101.69236923156193,39.75453425280921,12.265922803185694,36.00743935567199,10.246711214825654,5.175451308986245,0.0,0.0,0.0,0.0,0.0,model4,19.0,False,2085.0
695,2015-03-30T02:00:00Z,78.0,175.27949480228241,445.9849729214532,101.1971573675153,38.708679750748814,14.507014436796439,35.72623709922021,9.73124643153784,4.8927205357787384,0.0,0.0,0.0,0.0,0.0,model4,19.0,False,2088.0
696,2015-03-30T05:00:00Z,78.0,174.43586791461058,448.83249344061073,102.46557217692535,38.25314829906074,16.04340618834846,36.60183058557806,9.457643097112676,4.495200046402082,0.0,0.0,0.0,0.0,0.0,model4,19.0,False,2091.0
697,2015-03-30T08:00:00Z,78.0,172.79217633550732,455.6333587970395,102.27352463172346,38.4227807717595,16.713038318385927,42.580244151389344,7.599337159418713,4.175560750431306,0.0,0.0,0.0,0.0,0.0,model4,19.0,False,2094.0
698,2015-03-30T11:00:00Z,78.0,170.77640461300197,454.5927785870037,101.54743827315608,38.61933707891443,17.854153346015554,49.610308996661644,7.8643382168799025,4.0292017211584135,0.0,0.0,0.0,0.0,0.0,model4,19.0,False,2097.0
699,2015-03-30T14:00:00Z,78.0,171.9070310144933,458.4498834585711,100.86421977095077,39.07463797254528,18.404434922495557,49.038734677423456,7.9629450077713075,3.9423443185174714,0.0,0.0,0.0,0.0,0.0,model4,19.0,False,2100.0
700,2015-03-30T17:00:00Z,78.0,170.5498198770544,450.60380768308715,101.20008462403204,39.02285050358283,16.53782327203016,53.74609566164853,8.141857234252294,4.54375478064875,0.0,0.0,0.0,0.0,0.0,model4,19.0,False,2103.0
701,2015-03-30T20:00:00Z,78.0,173.4457804147103,444.4714357868078,100.79312760969528,39.085349709944865,19.54233141448085,50.6771860832734,8.400542454756867,4.787315416274018,0.0,0.0,0.0,0.0,0.0,model4,19.0,False,2106.0
702,2015-03-30T23:00:00Z,78.0,172.09974648256818,449.53573206799325,100.79459164144754,39.4961067129134,19.7852201124835,52.383325299315814,9.641214424092265,4.646183779766941,0.0,0.0,0.0,0.0,0.0,model4,19.0,False,2109.0
703,2015-03-31T02:00:00Z,78.0,171.9230990508659,452.3687589989485,101.2660587658138,40.66742774898905,18.53590044473615,52.43263147210866,10.313356010575532,4.9760789169917725,0.0,0.0,0.0,0.0,0.0,model4,19.0,False,2112.0
704,2015-03-31T05:00:00Z,78.0,171.03690946397913,448.8565431177086,100.57733713645031,40.12370775347157,17.245109813976786,54.33987373009343,10.085750705396737,5.1135141328567215,0.0,0.0,0.0,0.0,0.0,model4,19.0,False,2115.0
705,2015-03-31T08:00:00Z,78.0,170.96651443081862,439.255503755629,101.00092646082564,39.21707402903315,17.915249796213427,47.09409083114853,10.328936274357497,5.449026790350104,0.0,0.0,0.0,0.0,0.0,model4,19.0,False,2118.0
706,2015-03-31T11:00:00Z,78.0,172.93301300638905,445.3358234066829,100.79323772218521,39.88678170930164,17.51324560515708,47.28589089566288,11.28309434966964,5.666440254381511,0.0,0.0,0.0,0.0,0.0,model4,19.0,False,2121.0
707,2015-03-31T14:00:00Z,78.0,173.2697285818215,444.19990421480384,101.75052618702759,39.376638756737385,17.66186580639669,47.32291632905589,10.994820710786202,6.105328631463427,0.0,0.0,0.0,0.0,0.0,model4,19.0,False,2124.0
708,2015-03-31T17:00:00Z,78.0,174.40229441982967,455.9040845085701,100.13719731898355,39.18538562774045,19.628136673859924,47.04683084647612,10.794703247836823,5.605071142514262,0.0,0.0,0.0,0.0,0.0,model4,19.0,False,2127.0
709,2015-03-31T20:00:00Z,78.0,170.77827178790199,454.2953289804258,100.7153275381887,38.87988512509494,17.623417724181095,52.3441653918614,11.089645454704291,5.363385488089103,0.0,0.0,0.0,0.0,0.0,model4,19.0,False,2130.0
710,2015-03-31T23:00:00Z,78.0,171.91294206302106,455.23343187229517,102.1084896401227,39.11674548288829,17.891106195416484,52.38601464956231,9.79840143871636,5.78113622498208,0.0,0.0,0.0,0.0,0.0,model4,19.0,False,2133.0
711,2015-04-01T02:00:00Z,78.0,174.8429682748576,456.95164046934633,100.43486635194263,38.13665210104743,21.017069045832006,51.188935866844815,9.886036402120403,5.498014146071314,0.0,0.0,0.0,0.0,0.0,model4,19.0,False,2136.0
712,2015-04-01T05:00:00Z,78.0,178.41531651790882,462.54564106946,100.01405604969628,38.377099740962755,22.20889234710275,47.24613849213461,9.894395466878198,5.3829507870114375,0.0,0.0,0.0,0.0,0.0,model4,19.0,False,2139.0
713,2015-04-01T08:00:00Z,78.0,182.25937346052143,463.54791073098465,99.09920253094484,39.12270204828865,21.10836172427037,47.61142640211288,9.491251704816102,5.223057032762293,0.0,0.0,0.0,0.0,0.0,model4,19.0,False,2142.0
714,2015-04-01T11:00:00Z,78.0,185.23492644823884,458.12484855421786,100.95791600266821,39.29866993484545,21.10502895396154,52.269838075307426,8.987980227124432,4.783330944532005,0.0,0.0,0.0,0.0,0.0,model4,19.0,False,2145.0
715,2015-04-01T14:00:00Z,78.0,185.1660618479208,459.01361937323,101.12358074444003,39.61867070433191,20.748361794895807,50.44916009648442,8.977220069359626,4.18512455444488,0.0,0.0,0.0,0.0,0.0,model4,19.0,False,2148.0
716,2015-04-01T17:00:00Z,78.0,186.56811709358718,456.2737045132524,102.08126132229107,39.70579587221655,18.363693714170324,47.50785174429699,8.825837116098537,4.7334175325262615,0.0,0.0,0.0,0.0,0.0,model4,19.0,False,2151.0
717,2015-04-01T20:00:00Z,78.0,190.74494565614071,461.251869167605,100.65193086410801,39.53059833634058,15.787296807754359,45.523309021738406,8.950874507842556,4.840125279373279,0.0,0.0,0.0,0.0,0.0,model4,19.0,False,2154.0
718,2015-04-01T23:00:00Z,78.0,192.56981953812283,458.7264366428811,99.73786594484535,39.38673753814216,14.488491330697546,46.56525302765228,8.787794126284581,4.6817671206387095,0.0,0.0,0.0,0.0,0.0,model4,19.0,False,2157.0
719,2015-04-02T02:00:00Z,78.0,192.84305738826703,463.44284258672735,101.57758913173905,40.02356769879953,12.518270945512176,51.50548746298921,8.818991257295432,4.325724170072073,0.0,0.0,0.0,0.0,0.0,model4,19.0,False,2160.0
720,2015-04-02T05:00:00Z,78.0,192.19081828809158,462.5389257922536,102.0461664919086,40.211316108318435,11.909418926149804,51.59945107623757,9.355733991648444,4.161625477883434,0.0,0.0,0.0,0.0,0.0,model4,19.0,False,2163.0
721,2015-04-02T08:00:00Z,78.0,193.28347076284615,461.5344315811477,102.04241511452804,40.04265307320448,12.210601358176193,52.12462431287754,9.36983732071474,4.633116674861678,0.0,0.0,0.0,0.0,0.0,model4,19.0,False,2166.0
722,2015-04-02T11:00:00Z,78.0,193.5559912550024,463.17404585383287,100.65716163477279,39.30471627048849,11.056111432342524,43.07246570673213,8.835049075162711,4.7102334197327105,0.0,0.0,0.0,0.0,0.0,model4,19.0,False,2169.0
723,2015-04-02T14:00:00Z,78.0,194.557717440498,461.72233366159963,99.19880985369144,38.731808177530176,12.460396692643974,44.28628738959228,9.750738621090036,4.824665443813687,0.0,0.0,0.0,0.0,0.0,model4,19.0,False,2172.0
724,2015-04-02T17:00:00Z,78.0,194.50672596220662,461.9231746196174,99.45616253595314,38.38473945914725,13.185389131823952,46.29112288818777,10.069314979861733,4.276554148051904,0.0,0.0,0.0,0.0,0.0,model4,19.0,False,2175.0
725,2015-04-02T20:00:00Z,78.0,196.55812696771167,462.0882666361704,98.59570207336179,38.509935251013225,13.98427386098558,46.27240594287567,10.777520553036103,4.462150307170889,0.0,0.0,0.0,0.0,0.0,model4,19.0,False,2178.0
726,2015-04-02T23:00:00Z,78.0,195.7868462622026,457.5206259655372,98.2214526512034,38.669601083963336,14.36623639608987,45.98174084195056,11.01843944591809,4.415960282655157,0.0,0.0,0.0,0.0,0.0,model4,19.0,False,2181.0
727,2015-04-03T02:00:00Z,78.0,192.76677500541686,448.7775081684733,96.32513918219746,38.14683789824317,15.650384166452715,41.143464152998206,10.169421491357156,4.038302202560216,0.0,0.0,0.0,0.0,0.0,model4,19.0,False,2184.0
728,2015-04-03T05:00:00Z,78.0,191.30518766136112,442.28990159872217,95.01894446990794,37.88574365934252,16.388018172785223,46.27893266729808,11.366061867044088,4.065306251427288,0.0,0.0,0.0,0.0,0.0,model4,19.0,False,2187.0
729,2015-04-03T08:00:00Z,78.0,189.7081630828868,440.59076244303617,94.38669229607835,38.65522253847557,16.35808746577441,50.79263295175965,11.577767626722936,4.2579843476234505,0.0,0.0,0.0,0.0,0.0,model4,19.0,False,2190.0
730,2015-04-03T11:00:00Z,78.0,184.26900345049648,439.56086104979744,96.43090698570116,39.963667058184534,20.001391664795122,49.491959678366186,12.765994167243688,4.684369497078383,0.0,0.0,0.0,0.0,0.0,model4,19.0,False,2193.0
731,2015-04-03T14:00:00Z,78.0,181.9088367217696,435.4451221251617,98.3827590484192,40.71092167055362,19.322765911267613,51.033387589125894,13.622311667100501,4.354541506722712,0.0,0.0,0.0,0.0,0.0,model4,19.0,False,2196.0
732,2015-04-03T17:00:00Z,78.0,180.9867877779155,436.7495363307882,98.08062356417538,40.96084917120981,18.79618700877327,52.43411178058379,13.59520404211235,4.19358292306724,0.0,0.0,0.0,0.0,0.0,model4,19.0,False,2199.0
733,2015-04-03T20:00:00Z,78.0,175.25613082519132,439.99460409518576,99.80552305651793,41.43802202413074,15.51228952113808,51.1107253674222,13.309316119099787,3.6246617988255063,0.0,0.0,0.0,0.0,0.0,model4,19.0,False,2202.0
734,2015-04-03T23:00:00Z,78.0,174.00545195492344,445.71989184063034,100.5567968408168,41.676808054067,14.168629765661333,53.959080927418526,13.112604673830404,3.5139278264003586,0.0,0.0,0.0,0.0,0.0,model4,19.0,False,2205.0
735,2015-04-04T02:00:00Z,78.0,174.35680970957432,454.58073991119034,101.2882456992486,41.33633477841168,14.58747342506166,55.72779130457794,13.269137541237562,4.191974121827883,0.0,0.0,0.0,0.0,0.0,model4,19.0,False,2208.0
736,2015-04-04T05:00:00Z,78.0,173.27731516941415,462.38945935493933,101.87392583763821,41.949425142694416,14.4280834534184,51.05738257155187,11.705070553882573,4.1148888824544025,0.0,0.0,0.0,0.0,0.0,model4,19.0,False,2211.0
737,2015-04-04T08:00:00Z,78.0,171.13012054805947,463.3036842692044,100.80059846580276,41.30021667120844,13.591311410650947,45.708222828134936,12.395834921147811,3.8632604563237343,0.0,0.0,1.0,0.0,0.0,model4,19.0,False,2214.0
738,2015-04-04T11:00:00Z,78.0,171.84429423313603,456.2775543119885,99.54162589293048,40.15541741333865,12.460167842011519,52.90000889393672,12.482159922619335,3.821418818077853,0.0,0.0,1.0,0.0,0.0,model4,19.0,False,2217.0
739,2015-04-04T14:00:00Z,78.0,173.14701770152615,456.0675251821598,97.35247681878865,40.667764602137645,12.056392978373307,52.60570683598422,11.183301924121103,4.354920147169398,0.0,0.0,1.0,0.0,0.0,model4,19.0,False,2220.0
740,2015-04-04T17:00:00Z,78.0,171.7564209887161,447.42231072383635,98.87708297531832,40.82249682236458,12.839342601643686,52.989487523481465,12.299981124740055,4.381119096708091,0.0,0.0,1.0,0.0,0.0,model4,19.0,False,2223.0
741,2015-04-04T20:00:00Z,78.0,172.5046815285493,437.29530869779836,97.58382784380188,40.64534427422839,11.670843562518144,54.08279079084937,12.48811283454714,4.475476407996264,0.0,0.0,1.0,0.0,0.0,model4,19.0,False,2226.0
742,2015-04-04T23:00:00Z,78.0,170.85413244509897,435.89795550003913,97.623115673042,40.02523273231678,11.635395686965284,52.05867762632512,12.663351675655596,4.396403716142725,0.0,0.0,1.0,0.0,0.0,model4,19.0,False,2229.0
743,2015-04-05T02:00:00Z,78.0,172.12696302559365,435.30016955016856,97.16237308418005,40.21798263741828,12.618165104621095,51.69184275332978,12.171633929976835,4.224574995213502,0.0,0.0,1.0,0.0,0.0,model4,19.0,False,2232.0
744,2015-04-05T05:00:00Z,78.0,172.76006951310268,427.9069909886509,97.80123578851416,40.520028843212536,13.804446590849706,53.008062695077975,11.770391281249314,4.421973400273343,0.0,0.0,1.0,0.0,0.0,model4,19.0,False,2235.0
745,2015-04-05T08:00:00Z,78.0,172.08692485979137,427.01108000744887,100.21270999275299,40.02714785920403,13.28836704226591,58.729938778571814,11.385976743198235,4.766451990006847,0.0,0.0,0.0,0.0,0.0,model4,19.0,False,2238.0
746,2015-04-05T11:00:00Z,78.0,172.1843621552768,435.4289771372658,100.68898259265579,40.53073590193457,12.917094784687169,57.294537361217955,10.66397563877412,4.654876347867328,0.0,0.0,0.0,0.0,0.0,model4,19.0,False,2241.0
747,2015-04-05T14:00:00Z,78.0,171.24179279601177,438.5022035924088,101.4742627103669,40.11712640165556,14.286106343879444,57.5799939146096,10.645709870096727,4.219918078755296,0.0,0.0,0.0,0.0,0.0,model4,19.0,False,2244.0
748,2015-04-05T17:00:00Z,78.0,172.3367350635926,440.579774453555,100.50726728634524,39.883624258568375,14.293648063004285,54.93826859838146,9.536311936411638,4.2472760168869135,0.0,0.0,0.0,0.0,0.0,model4,19.0,False,2247.0
749,2015-04-05T20:00:00Z,78.0,172.48250282811034,443.9881092884752,101.3298244801515,38.984077666992576,14.713573528337431,50.9451425778446,8.493414130328729,4.896184107917041,0.0,0.0,0.0,0.0,0.0,model4,19.0,False,2250.0
750,2015-04-05T23:00:00Z,78.0,172.81744268947978,441.59045187035554,100.96819805836068,39.26958526727167,14.550447807681365,49.80607958271261,9.378644261407258,5.147579102522372,0.0,0.0,0.0,0.0,0.0,model4,19.0,False,2253.0
751,2015-04-06T02:00:00Z,78.0,170.317527276418,427.39617740517616,102.29238271517832,39.30741833564383,13.335560483434868,48.43619271575443,8.877367886303045,5.021818257670339,0.0,0.0,0.0,0.0,0.0,model4,19.0,False,2256.0
752,2015-04-06T05:00:00Z,78.0,170.02407016762075,434.4795886489352,100.52356943221608,38.373744025123735,13.315031519734395,46.048550503154964,10.569276791748026,4.3568612598971805,0.0,0.0,0.0,0.0,0.0,model4,19.0,False,2259.0
753,2015-04-06T08:00:00Z,78.0,169.51867103059462,441.5870284878469,100.08294604608164,38.733200867229115,14.470587252408366,52.816926375916005,10.406780195022165,4.246324863500447,0.0,0.0,0.0,0.0,0.0,model4,19.0,False,2262.0
754,2015-04-06T11:00:00Z,78.0,170.32242434806813,442.92604294207086,99.57705733718036,39.12617549853896,14.831116802711707,55.00106595777984,10.482858013866432,4.437607841261047,0.0,0.0,0.0,0.0,0.0,model4,19.0,False,2265.0
755,2015-04-06T14:00:00Z,78.0,170.95728944751332,440.8667804248581,100.1113135381113,38.82354359540687,13.45991782199328,54.66157920946496,9.929684769290034,4.264229683004146,0.0,0.0,0.0,0.0,0.0,model4,19.0,False,2268.0
756,2015-04-06T17:00:00Z,78.0,170.4669568341041,442.5949617884413,99.21273139222949,39.27074384743091,12.805094415176935,54.10983384347453,9.945850442458845,4.4228459141285565,0.0,0.0,0.0,0.0,0.0,model4,19.0,False,2271.0
757,2015-04-06T20:00:00Z,78.0,170.93883091103828,447.888772432032,98.75751726155613,40.42879787435764,13.331754872695653,58.400266080237635,10.325446175244986,3.669189867569405,0.0,0.0,0.0,0.0,0.0,model4,19.0,False,2274.0
758,2015-04-06T23:00:00Z,78.0,170.50209693327014,446.6871721583262,98.19676881151831,40.27448023660017,13.703587383902494,58.395910042595645,10.474492737229898,3.674392076549946,0.0,0.0,0.0,0.0,0.0,model4,19.0,False,2277.0
759,2015-04-07T02:00:00Z,78.0,170.12890600831471,458.7887233316144,97.7567699010964,40.77032405508618,13.512809107099075,52.052131570930975,10.307750104966813,3.7666840486522832,0.0,0.0,0.0,0.0,0.0,model4,19.0,False,2280.0
760,2015-04-07T05:00:00Z,78.0,170.73447985307914,455.02845344287607,99.24908276346241,40.6582605597085,13.247294218490634,52.67453160295349,8.993238134621294,3.8552273205687366,0.0,0.0,0.0,0.0,0.0,model4,19.0,False,2283.0
761,2015-04-07T08:00:00Z,78.0,172.51195884707428,447.4531353036254,99.10615317918345,40.158669461803605,12.103244662807365,42.88939661243411,8.80356801546809,4.651919989989163,0.0,0.0,0.0,0.0,0.0,model4,19.0,False,2286.0
762,2015-04-07T11:00:00Z,78.0,171.49175276000142,447.75661327407255,99.94957321853552,39.24503259451467,12.252495477625509,44.945389903469675,9.141500761697424,4.921896434558623,0.0,0.0,0.0,0.0,0.0,model4,19.0,False,2289.0
763,2015-04-07T14:00:00Z,78.0,171.61466076264767,449.01761456819366,99.20140296136695,39.27137854317356,12.289610854841325,42.10587179983869,9.10807301133502,5.011671130563653,0.0,0.0,0.0,0.0,0.0,model4,19.0,False,2292.0
764,2015-04-07T17:00:00Z,78.0,172.06827061824575,445.0968293683452,98.58636184724469,38.58566641434336,12.810178925929156,46.130623619136784,8.719908970459784,4.993364155289384,0.0,0.0,0.0,0.0,0.0,model4,19.0,False,2295.0
765,2015-04-07T20:00:00Z,78.0,169.45651722570508,436.2555923478924,99.68660152940552,38.33820793894632,13.480861745661498,42.18649621537086,8.633541808249934,4.81263716257592,0.0,0.0,0.0,0.0,0.0,model4,19.0,False,2298.0
766,2015-04-07T23:00:00Z,78.0,169.05203163448283,437.46877665630007,99.95340739095907,38.404279920820095,14.259783774144964,46.1392082441819,7.117653381214588,4.938288556924934,0.0,0.0,0.0,0.0,0.0,model4,19.0,False,2301.0
767,2015-04-08T02:00:00Z,78.0,168.2614266545311,433.731699919104,101.19000004556351,37.85137634061993,14.616733786511904,45.50073841153257,7.892414321952237,4.855712451965856,0.0,0.0,0.0,0.0,0.0,model4,19.0,False,2304.0
768,2015-04-08T05:00:00Z,78.0,168.19329140470282,439.64802138711764,100.41672908890793,38.209563545830775,14.039596697455554,55.2671972767084,8.388398210649445,5.0972586322523705,0.0,0.0,0.0,0.0,0.0,model4,19.0,False,2307.0
769,2015-04-08T08:00:00Z,78.0,167.19114071205118,439.4544772943895,101.76957278406029,39.30867487614061,14.174247656840643,59.65604887972954,9.814232546557754,4.890871599660363,0.0,0.0,0.0,0.0,0.0,model4,19.0,False,2310.0
770,2015-04-08T11:00:00Z,78.0,168.5716437521996,440.02218617531264,101.02396838070351,39.69589484304888,13.573386687084696,57.44335660204929,9.828284165832855,4.52106139996704,0.0,0.0,0.0,0.0,0.0,model4,19.0,False,2313.0
771,2015-04-08T14:00:00Z,78.0,167.0367587675189,445.61476429180624,100.67214011028828,39.51790549503545,13.297577312296355,60.40034536779133,10.405410311586982,4.466660170786048,0.0,0.0,0.0,0.0,0.0,model4,19.0,False,2316.0
772,2015-04-08T17:00:00Z,78.0,166.8164981313446,444.7121945462162,102.12164672612379,40.01464849128924,12.684363324759795,60.27403508766643,10.617922359011702,4.304692072214054,0.0,0.0,0.0,0.0,0.0,model4,19.0,False,2319.0
773,2015-04-08T20:00:00Z,78.0,167.17274949444402,453.21688997471267,101.87287831586129,40.329395297735,12.430726419567812,58.56255858028596,10.162034932734498,4.494410686803122,0.0,0.0,0.0,0.0,0.0,model4,19.0,False,2322.0
774,2015-04-08T23:00:00Z,78.0,168.4403986841191,452.2693192932464,101.26424919746357,41.042818634608174,11.913271713389225,56.87099509728381,10.639586017922127,4.641898775404089,0.0,0.0,0.0,0.0,0.0,model4,19.0,False,2325.0
775,2015-04-09T02:00:00Z,78.0,170.2691388148775,451.97875118173346,100.11714849040665,41.269772777858854,11.769762552040687,56.465685682704496,10.052164132929176,4.50225505329895,0.0,0.0,0.0,0.0,0.0,model4,19.0,False,2328.0
776,2015-04-09T05:00:00Z,78.0,168.7370970765715,449.89249609964963,102.125721041112,40.808229621062935,11.451294445120892,49.20908183763874,9.770480581398546,4.810116375259272,0.0,0.0,0.0,0.0,0.0,model4,19.0,False,2331.0
777,2015-04-09T08:00:00Z,78.0,169.311277052952,457.32768177256526,100.58768088972158,39.6974333449748,10.061582902413242,41.88268347081495,8.165682209385029,5.001070342111304,0.0,0.0,0.0,0.0,0.0,model4,19.0,False,2334.0
778,2015-04-09T11:00:00Z,78.0,167.69944359331188,456.22501381384313,99.52215422067648,39.86666224322071,12.520478519952926,45.44165267702969,8.230900104751774,6.079829638277228,0.0,0.0,0.0,0.0,0.0,model4,19.0,False,2337.0
779,2015-04-09T14:00:00Z,78.0,171.08023145601564,456.1588765078495,100.62555529786208,39.9121527379028,14.89933308613497,47.003322625093354,7.7069213498215845,6.0456799923908475,0.0,0.0,0.0,0.0,0.0,model4,19.0,False,2340.0
780,2015-04-09T17:00:00Z,78.0,170.68684469970938,465.33604614016645,100.0840151181631,39.527361875669996,17.148129946616432,44.67003374089421,6.7959782893565945,5.9810596871238975,0.0,0.0,0.0,0.0,0.0,model4,19.0,False,2343.0
781,2015-04-09T20:00:00Z,78.0,174.1551447111737,456.4219730702646,100.49286988412129,39.49174305366415,17.364565884037916,52.029173664470704,7.277749068669538,6.24132031705046,0.0,0.0,0.0,0.0,0.0,model4,19.0,False,2346.0
782,2015-04-09T23:00:00Z,78.0,174.36891053301383,460.79724427083465,101.30366750785468,39.23339718956458,17.05128806015639,50.73905855061311,6.560972637393174,5.806630000095893,0.0,0.0,0.0,0.0,0.0,model4,19.0,False,2349.0
783,2015-04-10T02:00:00Z,78.0,174.19628047948882,460.24547335933477,102.02922922639866,39.61777740152291,17.038844306036868,51.438928475515134,6.85271774815854,5.6720386851947175,0.0,0.0,0.0,0.0,0.0,model4,19.0,False,2352.0
784,2015-04-10T05:00:00Z,78.0,175.45155298895764,457.7358208931048,102.01303139636637,39.47939726648179,16.787815336031002,53.205389986860936,7.038021416879366,5.6254784518778385,0.0,0.0,0.0,0.0,0.0,model4,19.0,False,2355.0
785,2015-04-10T08:00:00Z,78.0,173.77409818671475,459.8442949030694,102.03413802544502,39.554272341560136,17.952160708483824,54.331034860202855,7.01669017263884,6.101463423706522,0.0,0.0,0.0,0.0,0.0,model4,19.0,False,2358.0
786,2015-04-10T11:00:00Z,78.0,174.91162387785732,457.67249127933655,102.85783708206728,39.99517002028347,15.99515037036576,50.19333253019652,5.965245541230919,5.1464760725149485,0.0,0.0,0.0,0.0,0.0,model4,19.0,False,2361.0
787,2015-04-10T14:00:00Z,78.0,172.2903651972185,452.89017988583913,102.67946381939691,40.34837749318391,14.420512369114526,46.37086432355448,5.9538821513893705,5.419164322474273,0.0,0.0,0.0,0.0,0.0,model4,19.0,False,2364.0
788,2015-04-10T17:00:00Z,78.0,172.0889038112126,450.00046730655464,102.62975741287424,40.689004144773314,11.564927130270426,41.954161149341815,6.247368557123668,5.519996061566338,0.0,0.0,0.0,0.0,0.0,model4,19.0,False,2367.0
789,2015-04-10T20:00:00Z,78.0,170.4714063176955,452.2663184988636,102.88547156034632,40.86140072011831,9.271409303697984,39.29786108175493,5.682748826752492,5.147186680573592,0.0,0.0,0.0,0.0,0.0,model4,19.0,False,2370.0
790,2015-04-10T23:00:00Z,78.0,168.566001348667,449.9864923927622,103.6528202674892,40.497076665638154,10.150755751987868,39.11555364063637,5.531080270051646,5.2997770651267215,0.0,0.0,0.0,0.0,0.0,model4,19.0,False,2373.0
791,2015-04-11T02:00:00Z,78.0,167.23733374888778,451.32028325279134,102.37464528657436,40.09668407991892,10.63750916775169,39.371697493381255,6.202943660652206,5.765919769538367,0.0,0.0,0.0,0.0,0.0,model4,19.0,False,2376.0
792,2015-04-11T05:00:00Z,78.0,169.66688857261425,451.5053287678092,100.5582723649652,40.161430175157385,14.700687490879323,37.34670511676449,7.131855508458577,5.682229963121742,0.0,0.0,0.0,0.0,0.0,model4,19.0,False,2379.0
793,2015-04-11T08:00:00Z,78.0,170.8451498842538,451.88809563219286,100.93049110647543,39.66484465692969,14.32589102281764,43.05006524534357,9.20059244917594,5.944615404702548,0.0,0.0,0.0,0.0,0.0,model4,19.0,False,2382.0
794,2015-04-11T11:00:00Z,78.0,171.7720300454715,452.87047841201326,100.82694078449532,39.47029140776148,14.359765935257316,45.68028919262886,9.407063391837694,6.193380728089826,0.0,0.0,0.0,0.0,0.0,model4,19.0,False,2385.0
795,2015-04-11T14:00:00Z,78.0,169.97679354999872,446.7949928412932,100.31173127754816,38.45173102948277,15.657362854837668,49.208745619732895,9.649153355498306,6.609459091025637,0.0,0.0,0.0,0.0,0.0,model4,19.0,False,2388.0
796,2015-04-11T17:00:00Z,78.0,172.2298943333106,448.63348775550753,99.63184325167565,38.38514564198525,16.828994018665753,50.84086591599005,9.841418303666817,6.5150032354026175,0.0,0.0,0.0,0.0,0.0,model4,19.0,False,2391.0
797,2015-04-11T20:00:00Z,78.0,172.43634102145836,453.0311251814718,99.59184665076808,37.73017829085532,16.652778325467516,47.014480997267896,10.335319815169038,6.203329970731852,0.0,0.0,0.0,0.0,0.0,model4,19.0,False,2394.0
798,2015-04-11T23:00:00Z,78.0,174.13584367056637,445.60122304272437,98.19136722878115,37.084696416385434,16.288291816157123,52.116053583559896,10.528443235787249,5.936751626226204,0.0,0.0,0.0,0.0,0.0,model4,19.0,False,2397.0
799,2015-04-12T02:00:00Z,78.0,174.38501388291348,443.35805344661657,97.95549741107773,37.56290300454828,15.981291892280767,51.87336110846179,10.42834572971017,5.761664365099636,0.0,0.0,0.0,0.0,0.0,model4,19.0,False,2400.0
800,2015-04-12T05:00:00Z,78.0,173.39175405755637,442.08132115215517,97.51550404334145,37.449619087827344,14.023416219142284,51.337670681914865,10.575429494201495,6.1595842762537405,0.0,0.0,0.0,0.0,0.0,model4,19.0,False,2403.0
801,2015-04-12T08:00:00Z,78.0,173.76754098822778,438.3582964334804,95.66522992104343,38.600125835144674,13.784702766893432,44.23422668138414,8.820354119550437,5.571195883634367,0.0,0.0,0.0,0.0,0.0,model4,19.0,False,2406.0
802,2015-04-12T11:00:00Z,78.0,171.26634264143868,432.6084418337063,96.29777531496299,38.23682980022535,14.857958009786381,42.887164432421116,9.116063910682906,5.169433625868492,0.0,0.0,0.0,0.0,0.0,model4,19.0,False,2409.0
803,2015-04-12T14:00:00Z,78.0,170.64272654600026,441.6863299759143,96.90863794586988,38.96504912627372,15.572625062035101,52.01700087902256,9.056274536725509,4.760697545097164,0.0,0.0,0.0,0.0,0.0,model4,19.0,False,2412.0
804,2015-04-12T17:00:00Z,78.0,169.38539575693633,447.90825158583687,96.60799570758499,39.14200130767523,15.018803898562336,58.38979363982186,8.76430545949355,4.839684235243963,0.0,0.0,0.0,0.0,0.0,model4,19.0,False,2415.0
805,2015-04-12T20:00:00Z,78.0,167.57610510348084,445.0858117192798,97.98843848784401,38.83977420797793,15.279952956331408,58.32486904422625,10.278445566236527,5.065782218931411,0.0,0.0,0.0,0.0,0.0,model4,19.0,False,2418.0
806,2015-04-12T23:00:00Z,78.0,165.90029000494837,445.05126111454115,97.75617814932257,39.64716884495761,15.205427327413958,56.95371207588196,10.410355964517914,5.217728298860634,0.0,0.0,0.0,0.0,0.0,model4,19.0,False,2421.0
807,2015-04-13T02:00:00Z,78.0,165.9252940704693,445.4961773584922,97.872049488427,39.7844530525385,15.05499568655058,56.14955514757133,11.573596421142256,5.2314916625614485,0.0,0.0,0.0,0.0,0.0,model4,19.0,False,2424.0
808,2015-04-13T05:00:00Z,78.0,164.08631017832312,443.0493255328976,99.20157433605671,40.328139637488974,13.362351141099985,56.20091363750173,11.221804829060538,4.422607236107455,0.0,0.0,0.0,0.0,0.0,model4,19.0,False,2427.0
809,2015-04-13T08:00:00Z,78.0,162.3133079708437,433.20119667240766,99.78694890656428,40.840921180407314,13.289898779795845,57.87586832981388,11.801523161166275,4.678337372732306,0.0,0.0,0.0,0.0,0.0,model4,19.0,False,2430.0
810,2015-04-13T11:00:00Z,78.0,163.27222845836388,435.98844559283066,99.54850299748018,40.416555845248226,13.238392378180759,63.24133262599224,12.591821778595223,4.719765279533212,0.0,0.0,0.0,0.0,0.0,model4,19.0,False,2433.0
811,2015-04-13T14:00:00Z,78.0,166.839657833761,436.18862861186415,98.05143558841614,40.84714709130995,13.285547082116823,57.03291787394607,13.398468010508536,4.471260192002616,0.0,0.0,0.0,0.0,0.0,model4,19.0,False,2436.0
812,2015-04-13T17:00:00Z,78.0,163.95132380654047,427.75784024551,98.91107725572992,40.99209320672116,14.413230721658213,48.06092912192326,13.465504704121676,5.014339240130804,0.0,0.0,1.0,0.0,0.0,model4,19.0,False,2439.0
813,2015-04-13T20:00:00Z,78.0,165.35846762274892,428.68070459617724,97.44826074572359,41.80730119433449,15.061336797366431,53.77500793610421,12.559890038973966,4.474608631387954,0.0,0.0,1.0,0.0,0.0,model4,19.0,False,2442.0
814,2015-04-13T23:00:00Z,78.0,166.023602552367,434.87710367808336,99.84433086013964,41.534639518409186,15.21916058124558,58.501736195756685,12.77220227916136,4.733640035616922,0.0,0.0,1.0,0.0,0.0,model4,19.0,False,2445.0
815,2015-04-14T02:00:00Z,78.0,167.4599696983026,439.6076473762459,100.25921809006368,40.82033549626892,15.520756923803143,59.83746370585183,11.603927203688489,4.897792689741169,0.0,0.0,1.0,0.0,0.0,model4,19.0,False,2448.0
816,2015-04-14T05:00:00Z,78.0,168.04137870789302,439.60666351754605,100.1708836435197,40.69066028446122,16.495017341053153,59.91959312493863,11.310508719606846,5.557535930039016,0.0,0.0,1.0,0.0,0.0,model4,19.0,False,2451.0
817,2015-04-14T08:00:00Z,78.0,170.0655609807559,447.7188134930165,101.38718059959386,39.98511908298778,16.403587856462902,56.57798864215785,10.266437027230467,5.355684430750936,0.0,0.0,1.0,0.0,0.0,model4,19.0,False,2454.0
818,2015-04-14T11:00:00Z,78.0,169.85821293658242,445.6190634683296,101.40725363326716,40.51010435879965,16.1668304544852,52.216139769625336,9.062984939078817,5.4320609607608406,0.0,0.0,1.0,0.0,0.0,model4,19.0,False,2457.0
819,2015-04-14T14:00:00Z,78.0,167.4017310292865,444.0796801518286,102.80891381358092,40.49020555605568,15.777598898721065,50.515466679732114,7.0576868724433055,5.353167609884896,0.0,0.0,1.0,0.0,0.0,model4,19.0,False,2460.0
820,2015-04-14T17:00:00Z,78.0,168.7765262864813,450.57176576344773,102.57619312342766,39.92512195843842,13.253961529458895,54.06753778074912,7.313420911560807,4.778203932472168,0.0,0.0,0.0,0.0,0.0,model4,19.0,False,2463.0
821,2015-04-14T20:00:00Z,78.0,167.45789941549472,457.1137658115773,102.42374883973466,39.74536961618245,15.642989391110765,50.831046392875535,6.161834422402014,4.726823208485102,0.0,0.0,0.0,0.0,0.0,model4,19.0,False,2466.0
822,2015-04-14T23:00:00Z,78.0,167.97915046091322,459.7886030848472,101.42809822708513,38.953875356093185,14.757051659131054,47.637234844098394,5.545556017115948,5.00995929579319,0.0,0.0,0.0,0.0,0.0,model4,19.0,False,2469.0
823,2015-04-15T02:00:00Z,78.0,168.32899109226685,460.57830321850713,101.6986242358622,39.13334070078264,14.882774026429715,48.30850208878577,5.641580177972509,4.894145451897477,0.0,0.0,0.0,0.0,0.0,model4,19.0,False,2472.0
824,2015-04-15T05:00:00Z,78.0,169.70508061674005,469.5170453593309,101.84461860107214,39.617855851139936,16.44966369251096,46.61361244812947,5.7285019347376736,4.301208754232061,0.0,0.0,0.0,0.0,0.0,model4,19.0,False,2475.0
825,2015-04-15T08:00:00Z,78.0,169.99410945396127,469.88770116714204,102.52685355806585,39.9131939771592,16.30326815563133,44.73270627136121,7.000271164880716,4.6499780771021735,0.0,0.0,0.0,0.0,0.0,model4,19.0,False,2478.0
826,2015-04-15T11:00:00Z,78.0,171.3693765999454,476.1678355772548,102.16410257105144,40.06293906532082,16.43171943309991,40.264674259835466,9.102762045148829,4.3013600823408895,0.0,0.0,0.0,0.0,0.0,model4,19.0,False,2481.0
827,2015-04-15T14:00:00Z,78.0,171.5862009435865,475.3378256012825,103.27718055940628,39.27583844531785,17.151940629287733,45.07226750007594,10.854917491453119,4.41876386763028,0.0,0.0,0.0,0.0,0.0,model4,19.0,False,2484.0
828,2015-04-15T17:00:00Z,78.0,173.1630425431849,474.590800643292,104.38395728217027,39.06365615654622,17.29102042604946,41.623273361449826,10.769753221724825,4.438064412420325,0.0,0.0,0.0,0.0,0.0,model4,19.0,False,2487.0
829,2015-04-15T20:00:00Z,78.0,173.39517316818515,469.53687437406717,103.41682658158987,38.67670712329803,14.528289623882479,42.37164481486943,11.647702646298564,4.576107237298133,0.0,0.0,0.0,0.0,0.0,model4,19.0,False,2490.0
830,2015-04-15T23:00:00Z,78.0,174.2300698830859,464.0659388424903,103.50801302773712,39.10489182692684,14.715676155661875,45.45660079257282,11.630260665966752,4.191816744147189,0.0,0.0,0.0,0.0,0.0,model4,19.0,False,2493.0
831,2015-04-16T02:00:00Z,78.0,172.87089980867933,459.7571285710591,103.17285654091265,39.43070083421595,14.946589791089206,44.91285213400034,11.672866674449473,4.722483602932955,0.0,0.0,0.0,0.0,0.0,model4,19.0,False,2496.0
832,2015-04-16T05:00:00Z,78.0,169.126438669043,460.45403612093554,103.8211224960837,39.32275946939233,13.694022936499591,46.72829183195397,11.837457486903427,4.819750554242561,0.0,0.0,0.0,0.0,0.0,model4,19.0,False,2499.0
833,2015-04-16T08:00:00Z,78.0,171.46827021895675,457.1837923746573,101.82424320103728,38.96693957199199,15.819563396611295,52.7955079538589,11.776486453847662,4.400202333793887,0.0,0.0,0.0,0.0,0.0,model4,19.0,False,2502.0
834,2015-04-16T11:00:00Z,78.0,173.38377631831486,452.04447607924266,101.7309545189531,39.08988200370269,16.496526006467164,51.819680105738534,10.73482797779039,4.490744085966028,0.0,1.0,0.0,0.0,0.0,model4,19.0,False,2505.0
835,2015-04-16T14:00:00Z,78.0,177.09258095397888,458.2048207650725,99.42113555244836,39.356842985443286,16.584751500320962,54.43655553783349,10.033172813757774,4.466348550606729,0.0,1.0,0.0,0.0,0.0,model4,19.0,False,2508.0
836,2015-04-16T17:00:00Z,78.0,179.58091348435062,457.7071142929159,98.86614882703596,39.87137931236409,17.969188344653002,54.22059732648923,9.965381825578364,4.4632100161618,0.0,1.0,0.0,0.0,0.0,model4,19.0,False,2511.0
837,2015-04-16T20:00:00Z,78.0,182.5702354253304,458.3061032253495,100.4270053007267,39.56763051919953,17.282777459950324,56.56820154958758,9.787867173585273,4.661135464658365,0.0,1.0,0.0,0.0,0.0,model4,19.0,False,2514.0
838,2015-04-16T23:00:00Z,78.0,185.76132535249283,469.1506796826842,100.27477887073464,40.11095818166435,17.98725993080561,52.64503039029847,9.818655211684595,4.319871626112357,0.0,1.0,0.0,0.0,0.0,model4,19.0,False,2517.0
839,2015-04-17T02:00:00Z,78.0,187.5857877980993,468.23684334380783,99.89031207672657,39.88249253734497,16.90200326788765,54.23707460805395,9.810807772571078,3.904806218489688,0.0,1.0,0.0,0.0,0.0,model4,19.0,False,2520.0
840,2015-04-17T05:00:00Z,78.0,190.45180316525813,462.26376442713797,100.13118520994304,40.064923812048725,12.094503648688011,54.057046760748996,10.655766226098091,3.7310656685773926,0.0,1.0,0.0,0.0,0.0,model4,19.0,False,2523.0
841,2015-04-17T08:00:00Z,78.0,189.65638312221557,460.2690001631244,102.07510251201369,40.064794983376416,13.0876668265995,52.21796639685135,10.498932162300251,4.140808730186524,0.0,2.0,0.0,0.0,0.0,model4,19.0,False,2526.0
842,2015-04-17T11:00:00Z,78.0,189.7944031265002,463.4580922096608,101.76341543473869,39.27122151173224,13.004688758614481,50.47032183610752,10.335091725926269,4.107204077222438,0.0,1.0,0.0,0.0,0.0,model4,19.0,False,2529.0
843,2015-04-17T14:00:00Z,78.0,188.93861316415862,455.076152947502,102.00692590808417,39.166264627856044,14.560915414675044,47.39964579989197,9.451726267136708,4.807504090305798,0.0,1.0,0.0,0.0,0.0,model4,19.0,False,2532.0
844,2015-04-17T17:00:00Z,78.0,186.7779757254303,451.65598109574273,101.69617018697365,38.74235356970721,14.148076899824874,46.47145891100074,9.022767618270462,5.069424784443234,0.0,2.0,0.0,0.0,0.0,model4,19.0,False,2535.0
845,2015-04-17T20:00:00Z,78.0,188.25091751184658,449.38910623006376,101.39536915255181,39.55070128817147,15.649667110491633,44.26881837798559,8.844937523557991,4.879466266601815,0.0,2.0,0.0,0.0,0.0,model4,19.0,False,2538.0
846,2015-04-17T23:00:00Z,78.0,188.84732419923802,453.267206606011,100.6510971122996,39.69647027490184,15.887402428851592,48.70585426230802,8.814877883501401,5.0437059904569415,0.0,2.0,0.0,0.0,0.0,model4,19.0,False,2541.0
847,2015-04-18T02:00:00Z,78.0,191.1687169742553,461.1192107888992,101.33886689605866,39.028396844592656,16.514589602997436,50.22758242300756,8.75005529487135,5.754077037412075,0.0,2.0,0.0,0.0,0.0,model4,19.0,False,2544.0
848,2015-04-18T05:00:00Z,78.0,191.0981217472134,466.67465112839193,99.9309539929792,38.598088449348424,16.807479380402555,54.526358071328275,8.293475980434831,5.6042253289717054,0.0,2.0,0.0,0.0,0.0,model4,19.0,False,2547.0
849,2015-04-18T08:00:00Z,78.0,189.10284603743838,474.57879380595716,98.36587827757437,38.93404638448449,17.924025019755348,49.47338564815126,8.601270612246724,6.1678333399878325,0.0,1.0,0.0,0.0,0.0,model4,19.0,False,2550.0
850,2015-04-18T11:00:00Z,78.0,187.12934881317761,466.163297303652,99.07184713565107,39.115992615325204,18.70875159970633,56.993762374398344,8.701939288837956,6.344941434708002,0.0,1.0,0.0,0.0,0.0,model4,19.0,False,2553.0
851,2015-04-18T14:00:00Z,78.0,183.54228918030293,468.83783718687516,99.97947591118374,39.61707423369333,20.19993043562567,55.63955864941119,8.683029899864884,6.2952778634364295,0.0,1.0,0.0,0.0,0.0,model4,19.0,False,2556.0
852,2015-04-18T17:00:00Z,78.0,180.9610115040306,464.86303803872,100.2255871557032,39.58777283816623,21.807841125252267,58.04645166670541,8.861348691081155,6.163056908275571,0.0,0.0,0.0,0.0,0.0,model4,19.0,False,2559.0
853,2015-04-18T20:00:00Z,78.0,179.28915776641395,460.17701401870653,98.72130314830645,39.3853922571325,20.36056800165481,64.18336357536732,9.157935635403339,6.2076917944006045,0.0,0.0,0.0,0.0,0.0,model4,19.0,False,2562.0
854,2015-04-18T23:00:00Z,78.0,175.07220862442588,454.2247961074771,97.36606840948696,39.51451329575985,18.7341929286074,59.912650878758576,11.138673146305225,6.223101609663815,0.0,0.0,0.0,0.0,0.0,model4,19.0,False,2565.0
855,2015-04-19T02:00:00Z,78.0,171.80113940125233,446.0368018019281,97.04394799040594,40.17428749045476,15.245228995254806,57.44540831590455,11.722049887037109,5.464374170623717,0.0,0.0,0.0,0.0,0.0,model4,19.0,False,2568.0
856,2015-04-19T05:00:00Z,78.0,170.66075464179553,437.8795036621328,97.32352073706421,40.140142139265755,14.962081050110154,48.31712160067382,11.373618038961313,5.488635316125999,0.0,0.0,0.0,0.0,0.0,model4,19.0,False,2571.0
857,2015-04-19T08:00:00Z,78.0,170.13467920949876,443.2112559723111,98.92667870630908,39.56255347632733,14.99215504832908,54.7823647076677,11.259887686444532,4.9456568833368335,0.0,0.0,0.0,0.0,0.0,model4,19.0,False,2574.0
858,2015-04-19T11:00:00Z,78.0,169.90024014030496,449.164890157458,98.32163235852528,38.93139205877445,15.383851248567405,49.963182934504545,11.325708731424887,5.075359225473454,0.0,0.0,0.0,0.0,0.0,model4,19.0,False,2577.0
859,2015-04-19T14:00:00Z,78.0,171.55926158293084,451.10768283467,97.4882019560575,38.663727057812906,14.454851566138569,50.05702672810703,11.403931621220927,4.20863314740484,0.0,0.0,0.0,0.0,0.0,model4,19.0,False,2580.0
860,2015-04-19T17:00:00Z,78.0,174.1885122294992,451.402027296837,96.66535082998509,38.6614700898951,13.722579161622775,53.11832069183688,11.541921760996908,3.992037697363058,0.0,0.0,0.0,0.0,0.0,model4,19.0,False,2583.0
861,2015-04-19T20:00:00Z,78.0,174.67294566791492,454.3400854828253,97.77290977556082,39.15972061470612,13.592489863023095,46.221775144554385,11.424416479554045,4.322813230226107,0.0,0.0,0.0,0.0,0.0,model4,19.0,False,2586.0
862,2015-04-19T23:00:00Z,78.0,175.54423779276695,446.05100006238257,100.27520838384793,38.87262652409329,12.037774754139946,50.27841258853128,9.940420984398967,4.672885174160523,0.0,0.0,0.0,0.0,0.0,model4,19.0,False,2589.0
863,2015-04-20T02:00:00Z,78.0,173.15115883089322,446.30279026073197,100.95717189735849,38.94905879318164,14.080686744458008,52.17816299192648,9.021445160088696,4.729207680195388,0.0,0.0,0.0,0.0,0.0,model4,19.0,False,2592.0
864,2015-04-20T05:00:00Z,78.0,173.37053361683758,454.89718110958535,101.21401148777029,40.09734668319446,14.01719916438782,56.8385068210941,8.674843582337116,5.4688135423125495,0.0,0.0,0.0,0.0,0.0,model4,19.0,False,2595.0
865,2015-04-20T08:00:00Z,78.0,173.8772542935569,448.71218370211164,99.78316856995674,40.44635474253739,13.140664827886965,55.26484348787724,9.788875746864342,5.1490889603157415,0.0,0.0,0.0,0.0,0.0,model4,19.0,False,2598.0
866,2015-04-20T11:00:00Z,78.0,172.41595592300055,447.22518180207084,101.2595502695478,41.271093576693936,13.536851251572628,56.11312822915878,10.005301586682918,4.461834484590893,0.0,0.0,0.0,0.0,0.0,model4,19.0,False,2601.0
867,2015-04-20T14:00:00Z,78.0,173.79648343802768,443.0176902280917,102.27874405816212,41.370996758024695,14.035444649706314,53.65926418868863,9.225421920142434,4.555590905535234,0.0,0.0,0.0,0.0,0.0,model4,19.0,False,2604.0
868,2015-04-20T17:00:00Z,78.0,173.99312672233285,438.64083805856484,102.00744366354887,42.05657789305361,14.101512083094828,54.19868623901953,8.786758716897047,4.504397776560053,0.0,0.0,0.0,0.0,0.0,model4,19.0,False,2607.0
869,2015-04-20T20:00:00Z,78.0,173.35198288158134,447.0865743065153,101.57585720008848,41.325891139814956,13.617639984229353,56.36845528802237,9.44122212050922,4.528542082440016,0.0,0.0,0.0,0.0,0.0,model4,19.0,False,2610.0
870,2015-04-20T23:00:00Z,78.0,172.81192852771747,449.1045561698872,100.78739971128944,40.99346709923887,15.603526163341296,56.80444433496454,9.145263047238583,4.03911493661159,0.0,0.0,0.0,0.0,0.0,model4,19.0,False,2613.0
871,2015-04-21T02:00:00Z,78.0,175.20042163577625,448.8130392029065,99.31704896380812,40.79470617754763,14.751579037423465,54.722060821330565,10.107229019090113,4.37636586420402,0.0,0.0,0.0,0.0,0.0,model4,19.0,False,2616.0
872,2015-04-21T05:00:00Z,78.0,176.5437280218491,446.9700628756404,98.58614231624945,39.77274467069565,16.946756238548613,54.94838943376711,10.249870502033456,3.591005815086323,0.0,0.0,0.0,0.0,0.0,model4,19.0,False,2619.0
873,2015-04-21T08:00:00Z,78.0,176.41359765713304,440.5357917639812,98.95733276390443,40.108181888955116,16.64369774220447,54.25797375341468,8.708858312148301,3.635863074799744,0.0,0.0,0.0,0.0,0.0,model4,19.0,False,2622.0
874,2015-04-21T11:00:00Z,78.0,176.95388837394245,438.7372936709668,98.51427098448922,40.299658804765365,17.572241415906447,54.518578136463496,8.344739473793604,3.8436781788478487,0.0,0.0,0.0,0.0,0.0,model4,19.0,False,2625.0
875,2015-04-21T14:00:00Z,78.0,175.58267074412004,441.6546709767431,98.08732254666536,40.18331646041708,17.191870060564913,58.5060062619039,8.479775390609825,3.7756048830606095,0.0,0.0,0.0,0.0,0.0,model4,19.0,False,2628.0
876,2015-04-21T17:00:00Z,78.0,174.88277007309296,445.40062894201606,98.9260308940832,40.371105471649926,17.917989398379113,55.56319221192082,8.665731438065572,3.8139315995210303,0.0,0.0,0.0,0.0,0.0,model4,19.0,False,2631.0
877,2015-04-21T20:00:00Z,78.0,171.83238783288283,443.95608799656685,99.90970743821244,41.04256505768272,17.907553837600638,54.72612837846205,9.77252199739952,3.910154073725048,0.0,0.0,0.0,0.0,0.0,model4,19.0,False,2634.0
878,2015-04-21T23:00:00Z,78.0,170.89168135490016,448.29425599233855,99.98427418523045,40.955740113806414,16.274743550425274,49.6093544635262,10.6542355446859,3.916430188644173,1.0,0.0,0.0,0.0,0.0,model4,19.0,False,2637.0
879,2015-04-22T02:00:00Z,78.0,170.95115865910117,450.16835604110497,103.63339531092224,40.575475942436654,16.51927361637016,48.68404005934493,14.320234947464481,4.259407808463167,1.0,0.0,0.0,0.0,0.0,model4,19.0,False,2640.0
880,2015-04-22T05:00:00Z,78.0,169.86647725932582,447.7745605574881,108.26171253083864,40.5221585434097,13.50255867375681,43.254249204194615,16.484979474216143,4.495717439028458,1.0,0.0,0.0,0.0,0.0,model4,19.0,False,2643.0
881,2015-04-22T08:00:00Z,78.0,170.21161415616663,449.0782113730989,111.75278950860545,40.06527177431554,14.674693616585277,41.70446362877245,17.61639965005732,4.6409456686034405,1.0,0.0,0.0,0.0,0.0,model4,19.0,False,2646.0
882,2015-04-22T11:00:00Z,78.0,170.48023465292195,454.2661515435189,113.51840031940935,39.024666395645795,12.961969873680893,39.228246716463815,18.028011866009127,5.028164319055311,1.0,0.0,0.0,0.0,0.0,model4,19.0,False,2649.0
883,2015-04-22T14:00:00Z,78.0,170.3635808373789,460.4043741546652,117.24298353129689,38.84656579555313,12.928033700317652,38.86133448351559,18.065261573773643,5.237455754448455,1.0,0.0,0.0,0.0,0.0,model4,19.0,False,2652.0
884,2015-04-22T17:00:00Z,78.0,169.86384219683288,459.9838451263395,119.97976059430462,37.83709570674321,11.719823957894617,40.44391641334133,17.135925582808046,4.972283566982685,1.0,0.0,0.0,0.0,0.0,model4,19.0,False,2655.0
885,2015-04-22T20:00:00Z,78.0,171.92217236044792,454.2737719700093,121.26734932071356,37.547598830871344,11.890271281546125,43.88161134474032,16.197864079397412,4.769432808666983,1.0,0.0,0.0,0.0,0.0,model4,19.0,False,2658.0
886,2015-04-22T23:00:00Z,78.0,172.56744038457197,456.17315668262086,124.15752720864448,37.86013594913639,11.96634460122273,45.26145472499585,13.583230172771973,4.873682973376635,0.0,0.0,0.0,0.0,0.0,model4,19.0,False,2661.0
887,2015-04-23T02:00:00Z,78.0,170.1663535933533,450.07522871983286,122.7953841744477,38.64200471444245,11.480273890016052,51.436474101268,12.028643480582454,4.966224075324245,0.0,0.0,0.0,0.0,0.0,model4,19.0,False,2664.0
888,2015-04-23T05:00:00Z,78.0,170.8302482927731,450.89004243538596,121.24226936692136,38.58528620027618,13.310523583422315,57.5300820065701,12.025542829437216,4.9561491733109335,0.0,0.0,0.0,0.0,0.0,model4,19.0,False,2667.0
889,2015-04-23T08:00:00Z,78.0,169.24640710798687,450.5329390044328,122.03744645973524,39.01618813181551,12.548322327876987,56.82920957210286,12.554662983667223,4.921745731718682,0.0,0.0,0.0,0.0,0.0,model4,19.0,False,2670.0
890,2015-04-23T11:00:00Z,78.0,171.7264851436121,457.10652735682123,123.0177971119342,40.12935950036794,15.343696017401452,64.49854887977756,11.854340530941904,4.690955999394606,0.0,0.0,0.0,0.0,0.0,model4,19.0,False,2673.0
891,2015-04-23T14:00:00Z,78.0,172.83023549178813,447.48810178164973,122.03920998477764,40.72725479992077,15.821471447329333,61.679343423750495,10.9324791950035,4.422599510230015,0.0,0.0,0.0,0.0,0.0,model4,19.0,False,2676.0
892,2015-04-23T17:00:00Z,78.0,170.48848189185333,452.4196598462112,121.74363269686596,41.391951725051435,16.59676887845703,58.893350314760504,11.912900607157528,3.8758097837841183,0.0,0.0,0.0,0.0,0.0,model4,19.0,False,2679.0
893,2015-04-23T20:00:00Z,78.0,169.27759109312333,452.5203380284269,121.81736546971516,41.33280140100968,16.057731419807478,56.852921555787795,11.386676021358195,3.7278379321402433,0.0,0.0,0.0,0.0,0.0,model4,19.0,False,2682.0
894,2015-04-23T23:00:00Z,78.0,168.84482445412613,449.6498660843444,122.72913770744465,41.742516893756594,16.167155136243018,55.57626440570849,11.234897509603927,4.224091291530108,0.0,0.0,0.0,0.0,0.0,model4,19.0,False,2685.0
895,2015-04-24T02:00:00Z,78.0,171.0187274980901,448.89730702915085,123.969451613935,41.451258507741535,15.700962660665407,54.64170042615612,10.943922909898236,4.038909690474618,0.0,0.0,0.0,0.0,0.0,model4,19.0,False,2688.0
896,2015-04-24T05:00:00Z,78.0,171.54430221002784,447.8626665277418,122.02582682415974,41.322229532422405,15.133482779500294,47.83053616216905,12.585439808237028,3.958155535266477,0.0,0.0,0.0,0.0,0.0,model4,19.0,False,2691.0
897,2015-04-24T08:00:00Z,78.0,173.34646259159769,454.83788215749115,118.09471219949468,41.23828377665459,15.691243582300231,47.21783285305749,14.371463795466047,3.928474687298497,0.0,0.0,0.0,0.0,0.0,model4,19.0,False,2694.0
898,2015-04-24T11:00:00Z,78.0,169.80525998493908,446.86496892119897,114.61452964789316,40.99007134157621,13.910419309499474,37.17858372145864,15.185044828477025,4.547302601679713,0.0,0.0,0.0,0.0,0.0,model4,19.0,False,2697.0
899,2015-04-24T14:00:00Z,78.0,169.20922568943183,445.49717526735816,112.61052745907348,40.547520795810826,16.403319742320768,37.25326225616436,15.372912096143462,5.205594574809048,0.0,0.0,0.0,0.0,0.0,model4,19.0,False,2700.0
900,2015-04-24T17:00:00Z,78.0,170.71509829627576,449.9363937555858,109.06172684361825,40.325930002922895,16.1242569270644,40.928141880301055,15.647718267149484,5.2503507914102405,0.0,0.0,0.0,0.0,0.0,model4,19.0,False,2703.0
901,2015-04-24T20:00:00Z,78.0,171.42705078843153,456.73123057539084,106.14067789326887,39.860060094279795,16.023963816447857,41.27812197087578,15.85859885865401,5.4011499742115685,0.0,0.0,0.0,0.0,0.0,model4,19.0,False,2706.0
902,2015-04-24T23:00:00Z,78.0,171.64256760232826,455.16042528715934,102.79002908686701,39.4637015094707,15.651255785790957,39.830142861216146,12.818482974883445,4.8226653962078245,0.0,0.0,0.0,0.0,0.0,model4,19.0,False,2709.0
903,2015-04-25T02:00:00Z,78.0,173.06873090099418,469.82013001009534,99.68479358210709,39.05741409391202,16.361960019192857,37.76918136701799,10.126981263271919,4.857609317316473,0.0,0.0,0.0,0.0,0.0,model4,19.0,False,2712.0
904,2015-04-25T05:00:00Z,78.0,170.44107858003545,466.20694849682775,99.11627722794756,39.42619111959261,16.862226387980705,42.033516774330685,10.215494620059703,4.828147969554321,0.0,0.0,0.0,0.0,0.0,model4,19.0,False,2715.0
905,2015-04-25T08:00:00Z,78.0,170.985008908105,460.87114158155936,98.72066746797532,38.84720507612565,16.34498377918602,41.204379978003104,7.447550446858561,4.9595316018550735,0.0,0.0,0.0,0.0,0.0,model4,19.0,False,2718.0
906,2015-04-25T11:00:00Z,78.0,172.84614581542723,461.99848458579584,97.55015894244104,38.65752117798497,16.000056141235127,39.192201378851145,8.209914328651697,4.1956738848253865,0.0,0.0,0.0,0.0,0.0,model4,19.0,False,2721.0
907,2015-04-25T14:00:00Z,78.0,172.35323511334968,459.7227883376395,96.4499118299396,38.38845181638224,14.37169476946392,46.29302241028636,8.519532764868636,3.2603076058535083,0.0,0.0,0.0,0.0,0.0,model4,19.0,False,2724.0
908,2015-04-25T17:00:00Z,78.0,172.58250174918098,458.8429507525311,97.59088093359684,38.792252085060866,14.963995686736311,44.98313958815242,7.935198499653647,3.4466364216641967,0.0,0.0,0.0,0.0,0.0,model4,19.0,False,2727.0
909,2015-04-25T20:00:00Z,78.0,171.9712588764886,448.382192016788,99.36163625650856,39.239954397901,15.792372639678529,50.47363269213809,8.448974906875275,3.3713327225201133,0.0,0.0,0.0,0.0,0.0,model4,19.0,False,2730.0
910,2015-04-25T23:00:00Z,78.0,174.37867680536866,448.0923177892336,99.09479059438897,39.73832210819289,16.551868668213015,58.33104127077632,9.418008717289446,4.5341396035405115,0.0,0.0,0.0,0.0,0.0,model4,19.0,False,2733.0
911,2015-04-26T02:00:00Z,78.0,174.1262438270287,438.74231858029884,99.6942529015632,39.578981363321454,16.208162531575166,51.58392071419639,9.696225066989085,4.699800581817113,0.0,0.0,0.0,0.0,0.0,model4,19.0,False,2736.0
912,2015-04-26T05:00:00Z,78.0,175.48404887397237,453.43582037736036,98.618274612294,39.71065914570147,14.84838742538955,63.94526831561125,10.771716815993416,4.903341352678004,0.0,0.0,0.0,0.0,0.0,model4,19.0,False,2739.0
913,2015-04-26T08:00:00Z,78.0,175.26215741450312,457.47136658435363,97.6615185788994,39.80754898348125,14.44704793218191,67.25852538646856,11.0639979835408,4.7973213844993365,0.0,0.0,0.0,0.0,0.0,model4,19.0,False,2742.0
914,2015-04-26T11:00:00Z,78.0,176.51655287898228,451.010846299904,98.64852985034292,40.0509351151387,14.219329071811307,70.72419525931512,11.73063018914718,4.83270430236777,0.0,0.0,0.0,0.0,0.0,model4,19.0,False,2745.0
915,2015-04-26T14:00:00Z,78.0,175.5380984124835,449.97909069716,99.45604154565909,40.18560138591934,13.476760245225439,71.97373353885003,11.711242328785794,5.441146683601072,0.0,0.0,0.0,0.0,0.0,model4,19.0,False,2748.0
916,2015-04-26T17:00:00Z,78.0,176.85798800834476,442.3242702103778,99.88396399075285,40.43713915489925,12.185315255074848,71.70835244660488,12.207899706999974,5.8485799462722445,0.0,0.0,1.0,0.0,0.0,model4,19.0,False,2751.0
917,2015-04-26T20:00:00Z,78.0,174.49163197385803,446.8075249635455,97.72697544265968,40.46848093913084,14.843343972194116,72.78078707467309,12.118396296803025,5.8913673284348524,0.0,0.0,1.0,0.0,0.0,model4,19.0,False,2754.0
918,2015-04-26T23:00:00Z,78.0,170.68855794618997,442.07922119367083,98.28383906430365,40.04066275516834,15.110664724189474,70.77030943152243,11.848722758344,5.392519433950357,0.0,0.0,1.0,0.0,0.0,model4,19.0,False,2757.0
919,2015-04-27T02:00:00Z,78.0,170.6489635974577,442.46826867697604,98.31822693152706,41.06355344419472,16.345226975556084,73.0059120215415,12.185253932165056,5.296866421398997,0.0,0.0,1.0,0.0,0.0,model4,19.0,False,2760.0
920,2015-04-27T05:00:00Z,78.0,170.5605212932169,426.04472207782374,98.83785801128307,40.91892282950768,15.997935422507926,62.17495117280647,11.490839038662253,5.3235334531050285,0.0,0.0,1.0,0.0,0.0,model4,19.0,False,2763.0
921,2015-04-27T08:00:00Z,78.0,169.14884995225142,423.5697578974942,100.61033156247692,40.9354951890401,15.880911918624994,56.934255957582685,11.399427914128866,5.237290121641058,0.0,0.0,1.0,0.0,0.0,model4,19.0,False,2766.0
922,2015-04-27T11:00:00Z,78.0,167.57743893913772,432.3709187728313,101.37517725387545,40.9129287477806,14.888400758488624,57.3745641660763,9.94422379041598,5.073456873976585,0.0,0.0,1.0,0.0,0.0,model4,19.0,False,2769.0
923,2015-04-27T14:00:00Z,78.0,168.16384166041348,439.1768789959525,100.1549730515344,40.8597780431429,14.557453820206373,52.2176920596599,10.135679055098846,4.318886671878383,0.0,0.0,1.0,0.0,0.0,model4,19.0,False,2772.0
924,2015-04-27T17:00:00Z,78.0,166.3540772514061,435.4461041894295,100.17709243739988,40.33594803182212,14.065495420608373,55.98147737903013,10.211936968164217,3.9365932731465487,0.0,0.0,0.0,0.0,0.0,model4,19.0,False,2775.0
925,2015-04-27T20:00:00Z,78.0,169.74015572228726,439.87405799501516,101.17371164810793,40.204892810693096,12.196327551472844,51.44242259588027,9.979345998426245,3.8219494119841135,0.0,0.0,0.0,0.0,0.0,model4,19.0,False,2778.0
926,2015-04-27T23:00:00Z,78.0,170.2603001976374,446.0440711993738,99.26791478950615,40.22690942243945,11.279537288008141,47.60616450714559,10.540963009077027,3.4931339846217684,0.0,0.0,0.0,0.0,0.0,model4,19.0,False,2781.0
927,2015-04-28T02:00:00Z,78.0,167.53409445897051,447.04795535654944,98.68600231596088,39.42321652947921,9.459084884819458,44.036063695230055,10.591314736828457,3.110565319067,0.0,0.0,0.0,0.0,0.0,model4,19.0,False,2784.0
928,2015-04-28T05:00:00Z,78.0,166.7784701488146,450.1582141844168,98.94956069348775,39.906707924825454,9.430488625586944,36.081857104068774,10.372183515797753,3.3881191325943183,0.0,0.0,0.0,0.0,0.0,model4,19.0,False,2787.0
929,2015-04-28T08:00:00Z,78.0,166.74687086923674,442.8533930370034,99.1394237218937,39.84769316593545,9.356042673824536,42.59514902161151,10.472752998905523,3.6993672835734803,0.0,0.0,0.0,0.0,0.0,model4,19.0,False,2790.0
930,2015-04-28T11:00:00Z,78.0,165.91290667067116,441.70407578926347,98.45769101565607,40.09980666956013,13.344229746650045,47.85814756044344,10.629402854605457,3.829596630700805,0.0,0.0,0.0,0.0,0.0,model4,19.0,False,2793.0
931,2015-04-28T14:00:00Z,78.0,165.20726592945758,440.3090906336034,98.883472109829,40.07254454039761,13.86164526234409,46.81946221116817,10.689603046131044,4.231118263283348,0.0,0.0,0.0,0.0,0.0,model4,19.0,False,2796.0
932,2015-04-28T17:00:00Z,78.0,163.56448916584534,447.4441127007683,99.26171744753138,40.20852268271811,14.722634896265292,40.28087629205115,10.66060171872776,4.106002184928158,0.0,0.0,0.0,0.0,0.0,model4,19.0,False,2799.0
933,2015-04-28T20:00:00Z,78.0,164.3182100414945,448.687157068533,100.18993043831793,39.97331093785081,15.626069251910113,40.42326946520497,11.511788680522704,4.3323585540067375,0.0,0.0,0.0,0.0,0.0,model4,19.0,False,2802.0
934,2015-04-28T23:00:00Z,78.0,165.44294850008615,450.38180197479807,100.86891709864256,39.47646580855787,15.983936799107356,39.96069611136817,10.820202522614393,4.483088537699612,0.0,0.0,0.0,0.0,0.0,model4,19.0,False,2805.0
935,2015-04-29T02:00:00Z,78.0,166.27846555499647,449.07473642923486,101.10499672351187,39.503761461782496,15.592444842830856,46.92116444544555,10.177968748934262,4.441002977692927,0.0,0.0,0.0,0.0,0.0,model4,19.0,False,2808.0
936,2015-04-29T05:00:00Z,78.0,164.91808877292897,446.69924138027534,100.61419234915647,39.22304976234964,16.67921659085714,48.77514886925064,10.403889151263106,4.379492672293837,0.0,0.0,0.0,0.0,0.0,model4,19.0,False,2811.0
937,2015-04-29T08:00:00Z,78.0,164.79190118793082,449.3619714521039,99.94736083821509,39.61824273087475,17.03232334773121,44.715523679898865,10.028845226894173,4.508527704070058,0.0,0.0,0.0,0.0,0.0,model4,19.0,False,2814.0
938,2015-04-29T11:00:00Z,78.0,166.20039489139137,447.14114117484917,99.76888578982948,39.16793775411577,15.222628003563974,39.03878506651263,10.307166192959928,4.632018148606145,0.0,0.0,0.0,0.0,0.0,model4,19.0,False,2817.0
939,2015-04-29T14:00:00Z,78.0,167.00720896857453,447.9231543832728,100.46302438590521,39.73316049009886,15.349171899176305,46.306509842723045,9.470925576747787,4.423744789668083,0.0,0.0,0.0,0.0,0.0,model4,19.0,False,2820.0
940,2015-04-29T17:00:00Z,78.0,167.2970464638804,449.2641168242407,99.20852239011394,39.293273246515625,14.5859345254781,47.1712085177185,9.602101384994645,4.514286517680404,0.0,0.0,0.0,0.0,0.0,model4,19.0,False,2823.0
941,2015-04-29T20:00:00Z,78.0,165.1204752302823,441.4269146842858,98.43223301961204,39.68237785247668,13.581166638034437,45.44911608099506,8.951320449860585,4.6611800022087335,0.0,0.0,0.0,0.0,1.0,model4,19.0,False,2826.0
942,2015-04-29T23:00:00Z,78.0,164.9265783484586,438.8287711658233,102.07252727639565,40.128110318100255,14.055365731489205,45.37650309862289,13.079902169730651,4.484971082361238,0.0,0.0,0.0,0.0,1.0,model4,19.0,False,2829.0
943,2015-04-30T02:00:00Z,78.0,163.9816819611288,444.11637385816096,106.47761973715149,40.63272896799353,13.972140948746777,42.56445534801397,16.55755521752035,4.454073720542044,0.0,0.0,0.0,0.0,1.0,model4,19.0,False,2832.0
944,2015-04-30T05:00:00Z,78.0,165.99378255924054,448.7122959581607,111.42807354074827,40.310136714305095,13.376764131216127,44.2442229483712,17.80785978685124,4.525730721920366,0.0,0.0,0.0,0.0,1.0,model4,19.0,False,2835.0
945,2015-04-30T08:00:00Z,78.0,167.5522050022539,458.6332860958465,114.71867329684143,41.027447805254695,13.476849086715667,46.21093079993743,18.52262094483957,4.965752935127694,0.0,0.0,0.0,0.0,1.0,model4,19.0,False,2838.0
946,2015-04-30T11:00:00Z,78.0,166.9372719534894,472.2751745586347,117.2800034512083,41.26243879830706,13.059853162212741,56.796523083004274,16.941863463857718,5.0120380835452645,0.0,0.0,0.0,0.0,1.0,model4,19.0,False,2841.0
947,2015-04-30T14:00:00Z,78.0,166.85158409748922,472.26377055509766,120.96688836695404,41.194681453790714,12.44293016025336,53.443130068718396,16.308405813003628,5.029677154348066,0.0,0.0,0.0,0.0,1.0,model4,19.0,False,2844.0
948,2015-04-30T17:00:00Z,78.0,169.9533824302216,464.15732578406977,123.90863880964878,41.27233160699403,11.62717379953137,58.61435993150008,13.82371035808141,4.7937075328841114,0.0,0.0,0.0,0.0,1.0,model4,19.0,False,2847.0
949,2015-04-30T20:00:00Z,78.0,170.83208717978397,468.48395401477035,125.78268871122285,41.3249736467816,11.382937344831154,57.61038714898854,10.454918615801038,4.748149441497014,0.0,0.0,0.0,0.0,0.0,model4,19.0,False,2850.0
950,2015-04-30T23:00:00Z,78.0,170.81155458712465,462.7523586762548,124.50291652506658,41.27824233357201,11.041505452345689,60.2478141973277,10.476637450853161,4.772392986129876,0.0,0.0,0.0,0.0,0.0,model4,19.0,False,2853.0
951,2015-05-01T02:00:00Z,78.0,172.69911511444388,464.28199042737134,122.74582261166944,41.14266765107479,14.146998222400782,60.46705476560653,10.215570044364467,4.691573381496844,0.0,0.0,0.0,0.0,0.0,model4,19.0,False,2856.0
952,2015-05-01T05:00:00Z,78.0,173.5135235267664,464.324793635222,121.47437118139084,40.950837036576644,14.334581433669578,61.49509922899494,9.322623326501088,4.725356793345582,0.0,0.0,0.0,0.0,0.0,model4,19.0,False,2859.0
953,2015-05-01T08:00:00Z,78.0,171.52621307939754,458.8377711415044,122.09029519847151,40.30780612294629,14.63877169859325,60.42482545409287,9.84332653305804,3.8714431932899416,0.0,0.0,0.0,0.0,0.0,model4,19.0,False,2862.0
954,2015-05-01T11:00:00Z,78.0,172.4537342831342,438.7425657597551,123.118429159397,40.36949670743724,13.976371630353608,50.77353700666313,10.280091405048491,3.3775616067319705,0.0,0.0,0.0,0.0,0.0,model4,19.0,False,2865.0
955,2015-05-01T14:00:00Z,78.0,172.7304880828188,436.9409080285234,122.64902145088232,40.00498354791081,14.156814059070705,52.946402891362226,10.531803578511113,3.3244876166436184,0.0,0.0,0.0,0.0,0.0,model4,19.0,False,2868.0
956,2015-05-01T17:00:00Z,78.0,172.46697975067002,446.12718557621116,122.46882436195946,40.06892448966865,14.711568022525634,55.397892000577,10.182536675086435,3.3141548973744284,0.0,0.0,0.0,0.0,0.0,model4,19.0,False,2871.0
957,2015-05-01T20:00:00Z,78.0,171.81911665221736,445.4103149322522,121.9020254148938,40.588056413013355,14.737937208632884,54.64019750586978,10.97092337943782,4.3953117419933365,0.0,0.0,0.0,0.0,0.0,model4,19.0,False,2874.0
958,2015-05-01T23:00:00Z,78.0,172.51926055086278,446.04216292493487,122.21322980641912,40.69727070284136,14.684730854025553,57.914650060930484,11.44477242607499,5.0385540381849525,0.0,0.0,0.0,0.0,0.0,model4,19.0,False,2877.0
959,2015-05-02T02:00:00Z,78.0,170.74225618729741,445.1088338662016,120.71599609848528,40.48047393860458,12.505267955293412,60.42446734044604,12.292298363605385,5.086685389157203,0.0,0.0,0.0,0.0,0.0,model4,19.0,False,2880.0
960,2015-05-02T05:00:00Z,78.0,168.97144429661802,436.5772104339991,116.54127452112587,41.046448594744575,13.043628362822055,59.890078730047776,16.00858571900849,4.713030886197067,0.0,0.0,0.0,0.0,0.0,model4,19.0,False,2883.0
961,2015-05-02T08:00:00Z,78.0,169.5881129152606,435.4338020288434,112.00311897997773,40.86393699712264,15.804886847409598,63.02477652982667,15.537463679737456,4.742105895680433,0.0,0.0,0.0,0.0,0.0,model4,19.0,False,2886.0
962,2015-05-02T11:00:00Z,78.0,167.17628308693068,444.14697166740564,107.5377105722468,40.729434145514546,17.835095297063138,63.2692345939366,15.932108223889367,4.731461293378848,0.0,0.0,0.0,0.0,0.0,model4,19.0,False,2889.0
963,2015-05-02T14:00:00Z,78.0,165.36500997539397,445.41955011836603,104.3074102405958,40.31201482506087,18.17567207427354,59.64538485048071,13.55347648493386,5.278858402970468,0.0,0.0,0.0,0.0,0.0,model4,19.0,False,2892.0
964,2015-05-02T17:00:00Z,78.0,164.5482512045347,444.8222899470772,101.582206675541,41.14089130358408,18.325919275844342,56.43813743889147,11.911229655510088,5.8110763473096565,0.0,0.0,0.0,0.0,0.0,model4,19.0,False,2895.0
965,2015-05-02T20:00:00Z,78.0,164.1863462043559,441.3350035978466,100.7451631708272,40.606953121449315,18.25945837537064,60.32174465135121,11.350293300220716,4.969742438968111,0.0,0.0,0.0,0.0,0.0,model4,19.0,False,2898.0
966,2015-05-02T23:00:00Z,78.0,162.93136821526147,444.9656791652724,99.57499054824059,40.355414836854784,17.542439409721688,55.121518067775405,9.64241214132941,4.294296747593437,0.0,0.0,0.0,0.0,0.0,model4,19.0,False,2901.0
967,2015-05-03T02:00:00Z,78.0,162.72853814168715,442.6546468597057,98.86675720862429,40.37879946335492,17.81086619683798,49.04624283992669,9.916313657559304,4.9496276370109005,0.0,0.0,0.0,0.0,0.0,model4,19.0,False,2904.0
968,2015-05-03T05:00:00Z,78.0,165.2786386567418,449.783682153724,100.2448382040318,39.37102661255367,18.332161450640644,46.81540602753368,9.61977817100329,5.297086453626979,0.0,0.0,0.0,0.0,0.0,model4,19.0,False,2907.0
969,2015-05-03T08:00:00Z,78.0,164.63964896131162,448.97821520926055,102.25350121765881,39.7507929693873,16.72213717887059,40.85022019142987,10.917972130384653,5.496926472665149,0.0,0.0,0.0,0.0,0.0,model4,19.0,False,2910.0
970,2015-05-03T11:00:00Z,78.0,166.82465524114872,447.71128032941397,105.35932880608955,39.927015704410906,14.905179910338012,40.01009771928839,10.214556819054874,5.894127465764341,0.0,0.0,0.0,0.0,0.0,model4,19.0,False,2913.0
971,2015-05-03T14:00:00Z,78.0,167.33957071686353,445.48007175340723,105.98527237046792,40.37696633302594,14.550388837488219,43.655753209261036,10.143592899571589,5.410348387212614,0.0,0.0,0.0,0.0,0.0,model4,19.0,False,2916.0
972,2015-05-03T17:00:00Z,78.0,167.41706585444186,445.47482556264487,107.07330771440868,38.756221252152926,14.871656758381882,42.74469454485797,9.93200186090125,5.136050534008376,0.0,0.0,0.0,0.0,0.0,model4,19.0,False,2919.0
973,2015-05-03T20:00:00Z,78.0,167.04689830659478,451.372819148276,105.10735526956158,39.41282069529648,14.780704767792836,44.47545945610956,11.758612548799356,5.642710560609316,0.0,0.0,0.0,0.0,0.0,model4,19.0,False,2922.0
974,2015-05-03T23:00:00Z,78.0,168.57087610476918,457.6808306691778,104.71282864417655,39.39755018837335,15.904599623149496,45.89539627299814,12.41703261747242,6.126901785869165,0.0,0.0,0.0,0.0,0.0,model4,19.0,False,2925.0
975,2015-05-04T02:00:00Z,78.0,168.54344874286284,457.851419767638,105.48343383948658,39.59656203166377,14.803356305001149,46.69415933678791,11.88812300469467,5.9633090790984475,0.0,0.0,0.0,0.0,0.0,model4,19.0,False,2928.0
976,2015-05-04T05:00:00Z,78.0,167.0370053007457,457.32104059300565,104.42352971074743,40.21869900869683,13.75586904324762,48.32277542541603,12.516428002094905,5.569727163559699,0.0,0.0,0.0,0.0,0.0,model4,19.0,False,2931.0
977,2015-05-04T08:00:00Z,78.0,167.41939064835606,453.03987236176766,102.48563794816963,39.537976836104505,13.12931378942618,51.86366185848737,11.990124865632383,5.592312686071336,0.0,0.0,0.0,0.0,0.0,model4,19.0,False,2934.0
978,2015-05-04T11:00:00Z,78.0,167.56743340048646,450.97177771731424,100.00795388774628,39.40518562978989,14.38561489313241,48.90562104463268,11.455240910884473,5.386691180906092,0.0,0.0,0.0,0.0,0.0,model4,19.0,False,2937.0
979,2015-05-04T14:00:00Z,78.0,168.86783406120503,454.9489818914694,98.85670847009798,39.685200892499495,13.726971664110062,47.973519261928566,11.208917668935294,5.645760340270948,0.0,0.0,0.0,0.0,0.0,model4,19.0,False,2940.0
980,2015-05-04T17:00:00Z,78.0,168.58401485727484,449.6355861844231,98.79131260075016,40.78257212395135,11.913639839644162,51.46233436851425,10.839979315015938,5.174121714543408,0.0,0.0,0.0,0.0,0.0,model4,19.0,False,2943.0
981,2015-05-04T20:00:00Z,78.0,169.86130087463678,451.69924538107216,99.60325032403885,40.00396565093221,11.884903243768886,51.672953781080075,10.25219119808452,4.6455346120718,0.0,0.0,0.0,0.0,0.0,model4,19.0,False,2946.0
982,2015-05-04T23:00:00Z,78.0,170.2297448996662,442.78767070263183,99.76088892110742,39.88834756796701,10.857627595069673,51.45787857852967,8.838588359918962,4.0127448210837855,0.0,0.0,0.0,0.0,0.0,model4,19.0,False,2949.0
983,2015-05-05T02:00:00Z,78.0,171.5151939687992,440.8547503329429,97.63290348398756,39.60368077371457,9.889889647225033,51.12220564863555,9.467773500858833,3.5427866925550497,0.0,0.0,0.0,0.0,0.0,model4,19.0,False,2952.0
984,2015-05-05T05:00:00Z,78.0,171.5843432407469,442.4211670603015,98.94885731838396,40.111537304542644,11.112780374210773,47.67871988318452,8.943803757903819,4.0842519031610784,0.0,0.0,0.0,0.0,0.0,model4,19.0,False,2955.0
985,2015-05-05T08:00:00Z,78.0,172.9586410178375,442.7971279193948,98.14728094568407,40.36707455592393,10.120727398726398,46.86813811709909,9.662180097287287,4.359523382672561,0.0,0.0,0.0,0.0,0.0,model4,19.0,False,2958.0
986,2015-05-05T11:00:00Z,78.0,169.93906932852866,447.6663707768112,98.58440576206092,40.39690836941304,11.057491342326822,50.288424822718746,9.301274419871463,4.345822591124422,0.0,0.0,0.0,0.0,0.0,model4,19.0,False,2961.0
987,2015-05-05T14:00:00Z,78.0,169.71569759387404,448.70066048085647,98.8753073926992,40.636732756390366,11.083179367685103,48.56743984333935,9.797055940759467,4.315257543333703,0.0,0.0,0.0,0.0,0.0,model4,19.0,False,2964.0
988,2015-05-05T17:00:00Z,78.0,167.8358236804651,450.4174049747708,97.37580442774296,40.28517952037814,12.674769577282026,48.506996902325724,9.296638038276235,4.198877762601839,0.0,0.0,0.0,0.0,0.0,model4,19.0,False,2967.0
989,2015-05-05T20:00:00Z,78.0,168.02071719828578,442.0962907977909,98.32741866776985,40.283468219760216,12.802341407840565,41.124649250345,11.530736420166258,4.3840268540477485,0.0,0.0,0.0,0.0,0.0,model4,19.0,False,2970.0
990,2015-05-05T23:00:00Z,78.0,167.00295402466668,450.16584604013366,97.66850818108507,40.760748909610406,13.020595633178635,41.37009735147461,11.146290594737707,4.45371477140958,0.0,0.0,0.0,0.0,0.0,model4,19.0,False,2973.0
991,2015-05-06T02:00:00Z,78.0,165.72080975312124,445.9429301295698,98.48189805688749,41.338081665741576,13.941189068720078,45.06788701272192,10.794630990023062,4.666709237751156,0.0,0.0,0.0,0.0,0.0,model4,19.0,False,2976.0
992,2015-05-06T05:00:00Z,78.0,166.41910329088,452.00859554425415,98.30763060600245,41.283651512674815,13.770158144859804,51.00792326067046,12.260799563553526,4.4725096035438625,0.0,0.0,0.0,0.0,0.0,model4,19.0,False,2979.0
993,2015-05-06T08:00:00Z,78.0,166.15578764977462,458.5433522801603,99.72845112246885,40.939203848286574,13.566516751880107,47.72273235272498,11.754348618143435,4.2538015131522,0.0,0.0,0.0,0.0,0.0,model4,19.0,False,2982.0
994,2015-05-06T11:00:00Z,78.0,168.1782849980904,454.16389832377394,98.10225819965885,41.0404525913934,12.799467278181439,45.873289173875705,13.40873422845723,3.9467379878963698,0.0,0.0,0.0,0.0,0.0,model4,19.0,False,2985.0
995,2015-05-06T14:00:00Z,78.0,170.00321278114808,451.19052176006204,98.94387161101702,40.33344211391408,15.470741442743476,46.18234225243603,13.235021767789915,4.352965640665092,0.0,0.0,0.0,0.0,0.0,model4,19.0,False,2988.0
996,2015-05-06T17:00:00Z,78.0,172.02631935094337,450.8221301399244,99.15350859476676,40.038611109794985,13.847825836429164,44.265636935282544,13.752832446700639,4.558195241677566,0.0,0.0,0.0,0.0,0.0,model4,19.0,False,2991.0
997,2015-05-06T20:00:00Z,78.0,174.4951143180866,453.68447912963325,100.87920488756859,39.73926485544625,16.572846191247773,46.06631562320803,13.988268294203445,4.793517009697232,0.0,0.0,0.0,0.0,0.0,model4,19.0,False,2994.0
998,2015-05-06T23:00:00Z,78.0,174.21671256707933,453.6860033508358,101.31750463710571,39.41723022885639,16.721239068579468,46.447624448029536,14.258799326184391,5.151294190656905,0.0,0.0,0.0,0.0,0.0,model4,19.0,False,2997.0
999,2015-05-07T02:00:00Z,78.0,175.77480185660178,458.9263479919087,102.38403516880163,38.71395291045674,15.233494579975707,40.17771578716019,14.7832376075421,4.867122373494365,0.0,0.0,0.0,0.0,0.0,model4,19.0,False,3000.0
1000,2015-05-07T05:00:00Z,78.0,174.39499575427502,448.5169103701146,102.62148740179038,38.406420694112526,15.793164823892296,36.00159479641556,13.652788453445945,4.659624779077392,0.0,0.0,0.0,0.0,0.0,model4,19.0,False,3003.0
1001,2015-05-07T08:00:00Z,78.0,174.15304783742732,447.9094274830159,100.77582105488152,38.63507237640864,18.778213297854947,35.737152714628834,14.743223733310796,4.504205648637435,0.0,0.0,0.0,0.0,0.0,model4,19.0,False,3006.0
1002,2015-05-07T11:00:00Z,78.0,173.50493814514022,446.7261692805541,102.72122006548555,37.950884449821785,20.130924676117235,42.80684411158401,12.893563797316569,4.472058736023737,0.0,0.0,0.0,0.0,0.0,model4,19.0,False,3009.0
1003,2015-05-07T14:00:00Z,78.0,168.62925388155918,450.3997353044621,101.2069640420973,38.59623152928153,21.276195470296194,46.55385917548727,13.111006397073215,4.388524776642213,0.0,0.0,0.0,0.0,0.0,model4,19.0,False,3012.0
1004,2015-05-07T17:00:00Z,78.0,168.18663774260298,457.7203725883089,100.37379544051642,39.16025323895288,21.95216930137104,49.00819474250818,13.165679599361232,4.91669094960317,0.0,0.0,0.0,0.0,0.0,model4,19.0,False,3015.0
1005,2015-05-07T20:00:00Z,78.0,165.57089738675253,447.0099187642775,97.9934230551327,38.88510367967433,19.040387767261848,57.576522157820605,10.836202629670613,4.788841825162543,0.0,0.0,0.0,0.0,0.0,model4,19.0,False,3018.0
1006,2015-05-07T23:00:00Z,78.0,164.19858874113172,441.61468470774,97.31298584206068,38.752432262085634,18.93509562853624,55.67904849754938,10.660969279921293,4.260111931466341,0.0,0.0,0.0,0.0,0.0,model4,19.0,False,3021.0
1007,2015-05-08T02:00:00Z,78.0,163.33116017967717,435.745438029349,98.46296793819687,38.86496025276034,19.404319206982453,56.08358589139609,10.636949629372603,4.180879236830208,0.0,0.0,0.0,0.0,0.0,model4,19.0,False,3024.0
1008,2015-05-08T05:00:00Z,78.0,165.10359583946018,438.2915698621183,101.63339441140678,39.6065863607843,19.829292102516828,55.10123117215523,14.690270436923257,4.8696247288478025,0.0,0.0,0.0,0.0,0.0,model4,19.0,False,3027.0
1009,2015-05-08T08:00:00Z,78.0,164.14723290661954,436.5921255574762,104.96782578456249,39.693460281924466,17.264816405084037,56.321556548210594,13.763614440248986,4.970031898472077,0.0,0.0,0.0,0.0,0.0,model4,19.0,False,3030.0
1010,2015-05-08T11:00:00Z,78.0,163.0837686232514,440.6087360649209,108.07064476458157,40.80645785236822,15.964325968417866,52.304558744465396,15.169409538708036,5.038238010362673,0.0,0.0,0.0,0.0,0.0,model4,19.0,False,3033.0
1011,2015-05-08T14:00:00Z,78.0,166.2711305274644,433.68639364336923,112.22220800807304,40.70236168032633,14.325408351693088,47.01634053378415,15.381547377876608,4.885794098583348,0.0,0.0,0.0,0.0,0.0,model4,19.0,False,3036.0
1012,2015-05-08T17:00:00Z,78.0,166.48814256296103,427.7522921423485,116.62997452427356,40.920903414296994,13.597475811433494,40.38059059348315,13.497319624576251,4.507446733411107,0.0,0.0,0.0,0.0,0.0,model4,19.0,False,3039.0
1013,2015-05-08T20:00:00Z,78.0,165.46089554619581,438.9078059502442,120.40629370098743,41.18636197798335,13.985211066744704,30.779150495449123,11.67436556946839,4.171927082620703,0.0,0.0,0.0,0.0,0.0,model4,19.0,False,3042.0
1014,2015-05-08T23:00:00Z,78.0,166.720260946696,437.6722965546665,122.31253593919443,41.64098377222244,13.031639377501087,31.25802326931661,8.359135000906523,3.9518948141104455,0.0,0.0,0.0,0.0,0.0,model4,19.0,False,3045.0
1015,2015-05-09T02:00:00Z,78.0,165.97174589345587,444.0447511698541,124.62353423574496,41.39350736642893,12.101536811928193,30.59594294601225,9.85393754610243,4.0896747762992325,0.0,0.0,0.0,0.0,0.0,model4,19.0,False,3048.0
1016,2015-05-09T05:00:00Z,78.0,164.44332713290092,438.8743222068396,124.23709078554079,40.754610269673535,11.70531393605571,34.686165539633656,9.937521572478687,3.625303714084256,0.0,0.0,0.0,0.0,0.0,model4,19.0,False,3051.0
1017,2015-05-09T08:00:00Z,78.0,164.24678818206488,441.65972363885993,125.27621307611662,41.172081188970296,11.917569367308298,32.610586563828555,9.823211251136714,3.8006750799931663,0.0,0.0,0.0,0.0,0.0,model4,19.0,False,3054.0
1018,2015-05-09T11:00:00Z,78.0,166.80030072782972,433.9443671613852,125.30666469506909,40.4519272248596,12.11795629280929,32.58655964730502,9.884199667310504,3.9954243504085305,0.0,0.0,0.0,0.0,0.0,model4,19.0,False,3057.0
1019,2015-05-09T14:00:00Z,78.0,165.493793128495,437.2247292243634,125.12644555145987,40.190299569275375,13.158694974163046,34.509857421042035,9.805791548428193,4.225058755657148,0.0,0.0,0.0,0.0,0.0,model4,19.0,False,3060.0
1020,2015-05-09T17:00:00Z,78.0,163.31015531682885,439.84036183785065,124.89607796454342,39.796953930097104,14.98232804948901,34.10954464783299,10.651959098293243,4.2356173695570645,0.0,0.0,0.0,0.0,0.0,model4,19.0,False,3063.0
1021,2015-05-09T20:00:00Z,78.0,164.21879373232255,435.363721868728,124.79064841107684,39.79830110699772,15.990856132823568,38.62966410343209,10.087202359826133,4.903272899550706,0.0,0.0,0.0,0.0,0.0,model4,19.0,False,3066.0
1022,2015-05-09T23:00:00Z,78.0,163.68558087122722,438.75621063637163,128.3994778560594,39.915153998990974,16.65167090624345,41.8371398624889,10.516074388966302,5.490767264938484,0.0,0.0,0.0,0.0,0.0,model4,19.0,False,3069.0
1023,2015-05-10T02:00:00Z,78.0,164.82657785964838,435.29023892899977,124.33742802519129,39.65933791999819,17.053081443440306,40.564553190039966,14.128926545635679,5.840927298857214,0.0,0.0,0.0,0.0,0.0,model4,19.0,False,3072.0
1024,2015-05-10T05:00:00Z,78.0,164.7234663402806,444.4857753642368,120.05096582206006,39.04096927572653,17.38673699965541,42.20907910026283,17.969173705847638,6.687566012997142,0.0,0.0,0.0,0.0,0.0,model4,19.0,False,3075.0
1025,2015-05-10T08:00:00Z,78.0,165.87599652531063,440.5364001744645,117.53479155971223,38.404284366642905,17.625748255235315,43.161076114966704,18.463379557801968,6.44094225965758,0.0,0.0,0.0,0.0,0.0,model4,19.0,False,3078.0
1026,2015-05-10T11:00:00Z,78.0,166.63326710568114,441.46343552038286,113.99421976350841,38.1762988015694,17.739299733174754,42.45429932196724,19.298113047991155,6.618061762098023,0.0,0.0,0.0,0.0,0.0,model4,19.0,False,3081.0
1027,2015-05-10T14:00:00Z,78.0,167.32580955830045,441.8160265397337,111.64640888698521,37.49184866993865,16.450272217492333,41.95203816269748,18.9117032955856,6.599797058516778,0.0,0.0,0.0,0.0,0.0,model4,19.0,False,3084.0
1028,2015-05-10T17:00:00Z,78.0,169.00003687272638,444.74636596657416,109.25755727640522,37.46713901233926,13.96476801624624,49.62978264912138,17.780335072284256,6.512699200320536,0.0,0.0,0.0,0.0,0.0,model4,19.0,False,3087.0
1029,2015-05-10T20:00:00Z,78.0,168.78170648311468,450.3642270010097,106.76973298144185,37.70230293217115,13.218855027690058,45.35741047789546,16.607889477769927,6.104402240091738,0.0,0.0,0.0,0.0,0.0,model4,19.0,False,3090.0
1030,2015-05-10T23:00:00Z,78.0,168.74777610637614,447.77357308554906,101.4889024006925,37.754530011157215,12.580676145153475,42.155175429604405,9.532962506921924,5.7246293948612825,0.0,0.0,0.0,0.0,0.0,model4,19.0,False,3093.0
1031,2015-05-11T02:00:00Z,78.0,169.34943461047908,451.133380393351,101.19958570318563,37.97546429389417,12.828636413934047,43.48634779003204,7.775605636696062,5.52540588091218,0.0,0.0,0.0,0.0,0.0,model4,19.0,False,3096.0
1032,2015-05-11T05:00:00Z,78.0,168.69203614377741,445.8426269791457,102.6876705338812,38.49465895542741,13.585038722384,42.42831543091093,6.836909024517152,4.8774818189167055,0.0,0.0,0.0,0.0,0.0,model4,19.0,False,3099.0
1033,2015-05-11T08:00:00Z,78.0,168.046541974538,442.5799343284916,101.70287976664694,38.864778365753814,13.263683662776527,49.10455355053152,7.883727641885238,4.8043123206288945,0.0,0.0,0.0,0.0,0.0,model4,19.0,False,3102.0
1034,2015-05-11T11:00:00Z,78.0,165.95335366393005,441.6439356702269,102.20439810679544,39.55410478014957,12.331437236700973,50.96752663777182,7.7073451504905774,4.515847278358179,0.0,0.0,0.0,0.0,0.0,model4,19.0,False,3105.0
1035,2015-05-11T14:00:00Z,78.0,165.09632858423632,444.4283238877296,102.44559773264231,39.97683232779721,12.826586117632749,51.2865423698042,9.094709870257912,4.473852785827424,0.0,0.0,0.0,0.0,0.0,model4,19.0,False,3108.0
1036,2015-05-11T17:00:00Z,78.0,166.64540552308054,437.37459663422686,102.36524319920024,39.952991414699575,14.689228330508412,43.637931869221774,8.966462872427678,4.427103402943605,0.0,0.0,0.0,0.0,0.0,model4,19.0,False,3111.0
1037,2015-05-11T20:00:00Z,78.0,166.59887467898574,440.6766414560585,102.30581419551052,40.168095187858576,14.374773623273015,46.940292713073475,8.911224286611649,4.496050696043914,0.0,0.0,0.0,0.0,0.0,model4,19.0,False,3114.0
1038,2015-05-11T23:00:00Z,78.0,166.86660117698509,448.1668430461198,101.77021409322737,39.524311801048924,16.60503215983392,51.42258621706397,9.068373133101623,4.603165125929296,0.0,0.0,0.0,0.0,0.0,model4,19.0,False,3117.0
1039,2015-05-12T02:00:00Z,78.0,165.34858387754704,442.42721451337485,102.61326263242172,40.65321042305699,16.740270956541533,51.277346262437064,9.904287837438773,4.7177205151653485,0.0,0.0,0.0,0.0,0.0,model4,19.0,False,3120.0
1040,2015-05-12T05:00:00Z,78.0,167.6300308137267,450.92708266649225,102.60874687264713,40.41855555583098,16.352693244020493,54.074644277705794,10.279169800893982,4.352581918828497,0.0,0.0,0.0,0.0,0.0,model4,19.0,False,3123.0
1041,2015-05-12T08:00:00Z,78.0,167.41054244787915,460.71368008607885,102.4919376548287,40.42421615815725,16.84430661066926,46.518301163623455,9.864055678881726,4.4293567798003295,0.0,0.0,0.0,0.0,0.0,model4,19.0,False,3126.0
1042,2015-05-12T11:00:00Z,78.0,169.23557523533967,470.1727342702046,103.02963043409264,39.56178680764355,17.42789435406326,40.566693400200464,9.810055314847896,4.417580183925958,0.0,0.0,0.0,0.0,0.0,model4,19.0,False,3129.0
1043,2015-05-12T14:00:00Z,78.0,169.23648685340234,470.33769838969323,101.73133495613449,39.866521608717385,17.48773140431922,42.62861229037188,8.528080079293794,4.087944536291918,0.0,0.0,0.0,0.0,0.0,model4,19.0,False,3132.0
1044,2015-05-12T17:00:00Z,78.0,167.53923412001163,467.91805358826963,101.96417862143416,39.92866300679235,16.305691534752867,44.9128845713999,8.811764368811124,3.971460295525595,0.0,0.0,0.0,0.0,0.0,model4,19.0,False,3135.0
1045,2015-05-12T20:00:00Z,78.0,166.07872095355404,463.4069687262776,100.74294693488571,39.44560412610923,17.40457699997842,45.753570075065525,8.970095847383838,4.103739283381156,0.0,0.0,0.0,0.0,0.0,model4,19.0,False,3138.0
1046,2015-05-12T23:00:00Z,78.0,166.43192593683668,460.1786936701475,101.38043883460057,39.142167100402304,15.861579971281815,43.029103237595656,8.577095294200072,4.2413135257742365,0.0,0.0,0.0,0.0,0.0,model4,19.0,False,3141.0
1047,2015-05-13T02:00:00Z,78.0,168.07023848089463,459.20737297161656,100.21150913465141,38.660166165163716,15.018126354775276,45.50470248773079,7.539341069688421,3.593997038065205,0.0,0.0,0.0,0.0,0.0,model4,19.0,False,3144.0
1048,2015-05-13T05:00:00Z,78.0,168.79004412464337,450.9375095432965,99.87011870985498,39.1382841912721,16.661048646274203,41.29840087708773,6.9108481831647275,3.8863190795621168,0.0,0.0,0.0,0.0,0.0,model4,19.0,False,3147.0
1049,2015-05-13T08:00:00Z,78.0,168.4137925802568,448.3126537520469,100.43369695966035,39.012969610933645,17.255251022942574,40.723723047738964,7.0957497064170925,3.827013001049506,0.0,0.0,0.0,0.0,0.0,model4,19.0,False,3150.0
1050,2015-05-13T11:00:00Z,78.0,168.81288069214247,442.2865018697249,99.26182048011357,39.16217110160552,18.120392584964474,42.901226102849975,6.849414648860169,3.611216427475866,0.0,0.0,0.0,0.0,0.0,model4,19.0,False,3153.0
1051,2015-05-13T14:00:00Z,78.0,171.3605619709447,441.3333034329485,99.31764666408004,39.124757477732786,17.442609001855537,40.99813792580995,7.243609397025162,3.5794491936029207,0.0,0.0,0.0,0.0,0.0,model4,19.0,False,3156.0
1052,2015-05-13T17:00:00Z,78.0,172.92152114099042,453.6338803161081,97.16366395628485,39.770870211324414,17.07315090160843,45.655051407175215,7.2911985007399425,4.127268763075489,0.0,0.0,0.0,0.0,0.0,model4,19.0,False,3159.0
1053,2015-05-13T20:00:00Z,78.0,174.23619714985747,452.16169745713205,97.61859707382746,40.421237439161175,16.56359181407884,44.024022381245786,7.844345519501705,4.454713247793905,0.0,0.0,0.0,0.0,0.0,model4,19.0,False,3162.0
1054,2015-05-13T23:00:00Z,78.0,174.45358576212098,444.89353233051315,96.74153226667951,40.74848787759762,15.725814999589828,53.23670582508554,8.556020169633133,3.901024985240653,0.0,0.0,0.0,0.0,0.0,model4,19.0,False,3165.0
1055,2015-05-14T02:00:00Z,78.0,174.9318327843248,447.7333564226128,96.14085510115896,40.94659551525646,16.03746495310663,51.046838944314345,9.299872680990626,4.203774896192786,0.0,0.0,0.0,0.0,0.0,model4,19.0,False,3168.0
1056,2015-05-14T05:00:00Z,78.0,172.59386204632364,447.5614515541138,94.57003111444628,41.070532887468616,14.441918188874324,53.23604198750748,9.507395286374166,4.2886124928836855,0.0,0.0,0.0,0.0,0.0,model4,19.0,False,3171.0
1057,2015-05-14T08:00:00Z,78.0,171.45127580537232,441.40329714175385,94.37464427371262,41.01277295337418,15.327164126514967,54.683567100484886,9.637354150666267,4.3534711987413095,0.0,0.0,0.0,0.0,0.0,model4,19.0,False,3174.0
1058,2015-05-14T11:00:00Z,78.0,168.34354100023216,447.29231896151884,95.2825006232168,41.45133073156597,14.541701542101967,53.276011619419954,10.34999052065266,4.1397781484414935,0.0,0.0,0.0,0.0,0.0,model4,19.0,False,3177.0
1059,2015-05-14T14:00:00Z,78.0,167.1751906042934,442.8183596750125,97.18089197745532,41.787745495099664,14.071437198745684,57.67528265928033,11.863372892049115,4.120962825002641,0.0,0.0,0.0,0.0,0.0,model4,19.0,False,3180.0
1060,2015-05-14T17:00:00Z,78.0,165.87213487072103,421.12265449835314,97.54124099526008,40.671217895450965,13.706534034479134,61.8680531283915,11.570402043324089,4.237676275005093,0.0,0.0,0.0,0.0,0.0,model4,19.0,False,3183.0
1061,2015-05-14T20:00:00Z,78.0,168.1405675592797,408.19405082944,96.64480055980863,40.53471741304047,13.976000473024481,67.19673796413049,11.565799113735206,3.5968918311094145,0.0,0.0,0.0,0.0,0.0,model4,19.0,False,3186.0
1062,2015-05-14T23:00:00Z,78.0,166.0545121823277,408.1639490111769,97.02245596179199,41.1839723515556,14.720909407595606,64.37939974232081,11.082905508768208,3.5916600775513947,0.0,0.0,0.0,0.0,0.0,model4,19.0,False,3189.0
1063,2015-05-15T02:00:00Z,78.0,165.30965659803005,393.6755448586357,98.1323214166436,41.4065767884081,13.851739179013832,70.66687474552963,10.375944234764882,3.96701350703479,0.0,0.0,0.0,0.0,0.0,model4,19.0,False,3192.0
1064,2015-05-15T05:00:00Z,78.0,166.7705401292047,386.69461342980316,100.077077891189,41.279164738495346,14.455320715235436,69.12185314284888,9.402067571450207,4.051228262945686,0.0,0.0,0.0,0.0,0.0,model4,19.0,False,3195.0
1065,2015-05-15T08:00:00Z,78.0,167.84636799351057,385.8076596158644,99.48390448718362,41.73190273195014,12.415752699583175,68.04154637302298,9.368117034717956,3.88542040844184,0.0,0.0,0.0,0.0,0.0,model4,19.0,False,3198.0
1066,2015-05-15T11:00:00Z,78.0,167.25463732509,373.6391064450176,99.49808094058454,41.71429206480707,12.674085872929025,57.26350651604101,9.122340895094752,4.108217383986605,0.0,0.0,0.0,0.0,0.0,model4,19.0,False,3201.0
1067,2015-05-15T14:00:00Z,78.0,166.5125241459476,361.5569361376818,96.92595949086544,41.30801239941975,12.947560555792696,51.14970491786737,7.073858252376168,4.029243837273844,0.0,0.0,0.0,0.0,0.0,model4,19.0,False,3204.0
1068,2015-05-15T17:00:00Z,78.0,166.83938132541132,362.6168187051151,98.45907830441612,41.392946129018156,13.105985950993905,48.98692273472742,8.341043292540622,4.157800337323852,0.0,0.0,0.0,0.0,0.0,model4,19.0,False,3207.0
1069,2015-05-15T20:00:00Z,78.0,165.2911823292421,360.7192037174923,99.32826128310444,41.79317192416751,10.693901461754887,55.60300541183242,7.466594493489777,4.3986949469048096,0.0,0.0,0.0,0.0,0.0,model4,19.0,False,3210.0
1070,2015-05-15T23:00:00Z,78.0,166.28740395348683,359.4687621373716,100.956494250859,41.57712901294122,10.836879038807485,51.86700881400014,9.3363010825834,4.438238652300719,0.0,0.0,0.0,0.0,0.0,model4,19.0,False,3213.0
1071,2015-05-16T02:00:00Z,78.0,166.99901421558934,369.3785715092483,100.45154077568985,41.500287317646425,11.912696193652424,49.13820286532352,9.570004526931443,4.080915601525354,0.0,0.0,0.0,0.0,0.0,model4,19.0,False,3216.0
1072,2015-05-16T05:00:00Z,78.0,165.73658352506013,369.14940545537576,99.01459461181726,40.98319407360321,11.413381999757144,45.440147588609506,10.410378749369196,4.720650897713579,0.0,0.0,0.0,0.0,0.0,model4,19.0,False,3219.0
1073,2015-05-16T08:00:00Z,78.0,165.535507202013,367.4795095614377,99.99362733419008,40.9303839990931,12.15260473059505,46.08837441352786,10.029913422114326,4.733401607407704,0.0,0.0,0.0,0.0,0.0,model4,19.0,False,3222.0
1074,2015-05-16T11:00:00Z,78.0,166.4984410776956,363.569085091899,99.98847452036767,40.54034148760466,11.368129504895654,47.68882752661345,10.092925982762502,5.114509306090014,0.0,0.0,0.0,0.0,0.0,model4,19.0,False,3225.0
1075,2015-05-16T14:00:00Z,78.0,168.84201150933148,365.6116148769001,101.19690045862959,40.80396579905799,12.29650909601733,47.531396897788106,9.859851505946015,5.235605868311338,0.0,0.0,0.0,0.0,0.0,model4,19.0,False,3228.0
1076,2015-05-16T17:00:00Z,78.0,169.0616597922505,377.2622259245909,101.18730035199144,40.566494444187924,12.956095128054958,62.99877889857192,9.861098885404497,5.38304524561581,0.0,0.0,0.0,0.0,0.0,model4,19.0,False,3231.0
1077,2015-05-16T20:00:00Z,78.0,167.6712747794336,389.5742631100483,100.13718610967923,40.782844610251225,13.134552817247656,55.47278029310278,10.767670927831835,6.073989839745329,0.0,0.0,0.0,0.0,0.0,model4,19.0,False,3234.0
1078,2015-05-16T23:00:00Z,78.0,169.13436360104842,395.974216903849,99.72292368467838,40.00550816937066,13.169536545704696,58.702977069830226,9.585502865003583,6.247363758008177,0.0,0.0,0.0,0.0,0.0,model4,19.0,False,3237.0
1079,2015-05-17T02:00:00Z,78.0,166.9554139188757,405.7450194436944,100.29768721021496,40.00922914915618,12.915627885979188,66.47546189184514,9.453673558006583,6.4941844252476875,0.0,0.0,0.0,0.0,0.0,model4,19.0,False,3240.0
1080,2015-05-17T05:00:00Z,78.0,166.20659886696532,416.6340191740676,99.83601196407179,39.98836545446796,13.19903230744738,70.02550940269116,10.246567113541463,6.0048981997827875,0.0,0.0,0.0,0.0,0.0,model4,19.0,False,3243.0
1081,2015-05-17T08:00:00Z,78.0,166.6350887765505,418.5094570431847,98.24979136801242,39.06287508567744,12.757627178391745,70.58691585135513,10.908269587860964,6.5152560491652585,0.0,0.0,0.0,0.0,0.0,model4,19.0,False,3246.0
1082,2015-05-17T11:00:00Z,78.0,166.70619241767812,433.9672767358612,97.63325593862496,38.785012874805155,14.304426156686821,65.94541124541,12.055622709070173,6.335846271153398,0.0,0.0,0.0,0.0,0.0,model4,19.0,False,3249.0
1083,2015-05-17T14:00:00Z,78.0,165.50828339874633,441.6359536474923,97.16972210783513,38.628754728738926,13.796533998349746,55.340932926450606,11.907747604470599,6.3140692186745175,0.0,0.0,0.0,0.0,0.0,model4,19.0,False,3252.0
1084,2015-05-17T17:00:00Z,78.0,167.24603599043468,438.86079063650635,97.04117877278604,38.72014466662713,16.024043282717795,47.85975361540664,12.404452428130767,6.243948496891552,0.0,0.0,0.0,0.0,0.0,model4,19.0,False,3255.0
1085,2015-05-17T20:00:00Z,78.0,168.22462940884012,446.57016197146936,99.42840559333534,38.58562886561766,16.25441727259875,52.15184589994213,13.027651232134767,5.688916729761237,0.0,0.0,0.0,0.0,0.0,model4,19.0,False,3258.0
1086,2015-05-17T23:00:00Z,78.0,168.14078464896974,444.17134099714315,98.04651324687192,39.2954029186206,15.751073860781373,58.94145891937029,12.902453232321706,5.627105112721735,0.0,0.0,0.0,0.0,0.0,model4,19.0,False,3261.0
1087,2015-05-18T02:00:00Z,78.0,169.23776509510515,449.8415202768414,96.243116399276,38.932100773514115,15.20109408087608,61.58236270070279,13.307100961197778,5.196526546194705,0.0,0.0,0.0,0.0,0.0,model4,19.0,False,3264.0
1088,2015-05-18T05:00:00Z,78.0,169.36101785121667,443.3047722032355,98.19230434526442,38.61067526450185,14.818195318383387,62.55395759590133,12.665332650047429,5.3686816021197385,0.0,0.0,0.0,0.0,0.0,model4,19.0,False,3267.0
1089,2015-05-18T08:00:00Z,78.0,168.555817519649,447.8487505182994,100.10696912748408,39.80253581382461,15.033728621804965,61.1971462054821,12.034922568387186,5.674741779317102,0.0,0.0,0.0,0.0,0.0,model4,19.0,False,3270.0
1090,2015-05-18T11:00:00Z,78.0,171.9801808044931,443.91283356818786,101.43759371876915,40.055105742058274,14.92336037786093,60.51879112555632,11.431329305298922,5.4959814979291535,0.0,0.0,0.0,0.0,0.0,model4,19.0,False,3273.0
1091,2015-05-18T14:00:00Z,78.0,172.8317976338089,451.0431654814801,102.30542405719535,40.838430046340974,14.559646530615494,62.24078257912628,11.751637524090087,5.908596565147227,0.0,0.0,0.0,0.0,0.0,model4,19.0,False,3276.0
1092,2015-05-18T17:00:00Z,78.0,171.65674228836218,459.7156631294316,102.23486402968695,41.24292715769978,13.319673853989508,60.55594364245879,12.293997223000073,5.57941593739169,0.0,0.0,0.0,0.0,0.0,model4,19.0,False,3279.0
1093,2015-05-18T20:00:00Z,78.0,171.40034877969478,460.8556612708886,100.93924284604341,41.12649981711339,12.65176889140334,61.6829957347928,11.914891459590544,5.388932111759112,0.0,0.0,0.0,0.0,0.0,model4,19.0,False,3282.0
1094,2015-05-18T23:00:00Z,78.0,171.38387703934822,463.3886962342373,100.53646375911602,40.73238524660872,12.918139189117975,59.9411746982293,12.333833866598981,5.475685744421144,0.0,0.0,0.0,0.0,0.0,model4,19.0,False,3285.0
1095,2015-05-19T02:00:00Z,78.0,171.1046435841716,452.2692324138205,101.04397634259108,40.725843262509976,13.010643573128538,56.485342342500545,11.847741273095439,5.39426297450757,0.0,0.0,0.0,0.0,0.0,model4,19.0,False,3288.0
1096,2015-05-19T05:00:00Z,78.0,172.45658114299061,456.2989399764743,100.15354728640531,40.9995882452757,14.225927982677375,56.14652360774373,12.011063287999606,5.066732154084768,0.0,0.0,0.0,0.0,0.0,model4,19.0,False,3291.0
1097,2015-05-19T08:00:00Z,78.0,175.3410261348606,464.9332032713466,98.50578287590956,40.19405441485284,16.638212636596567,55.93210946419608,12.79718242874302,4.529216156901295,0.0,0.0,0.0,0.0,0.0,model4,19.0,False,3294.0
1098,2015-05-19T11:00:00Z,78.0,173.5439771553704,465.6044991260145,97.38612279912796,40.287899328790154,15.841534127567616,55.822269692561065,12.581681343601042,4.467452478363431,0.0,0.0,0.0,0.0,0.0,model4,19.0,False,3297.0
1099,2015-05-19T14:00:00Z,78.0,173.41733973467566,465.2361806962512,95.34122785905869,39.38929032333617,15.554941260556447,55.04407767642675,12.138740752468774,3.7557396902808176,0.0,0.0,0.0,0.0,0.0,model4,19.0,False,3300.0
1100,2015-05-19T17:00:00Z,78.0,170.06610411401812,464.0552867873769,95.42217553002642,38.97739614653594,17.00419372564951,52.90408873183846,10.267960128941393,4.535877479947363,0.0,0.0,0.0,0.0,0.0,model4,19.0,False,3303.0
1101,2015-05-19T20:00:00Z,78.0,172.13620005341687,461.2777936854096,95.9257171962022,38.758414866937535,18.68539553114521,50.71112636031506,10.39838285535444,4.404502236819808,0.0,0.0,0.0,0.0,0.0,model4,19.0,False,3306.0
1102,2015-05-19T23:00:00Z,78.0,172.83050390817982,461.1764668592932,96.7002598643123,38.991393800311094,18.418765790703386,46.4196241894497,9.805792821341491,4.581554375100732,0.0,0.0,0.0,0.0,0.0,model4,19.0,False,3309.0
1103,2015-05-20T02:00:00Z,78.0,172.47430820553524,464.14530745299874,97.78126899647907,39.519908208823686,19.595287183138872,50.47778274371919,9.45457216210852,5.263978194374084,0.0,0.0,0.0,0.0,0.0,model4,19.0,False,3312.0
1104,2015-05-20T05:00:00Z,78.0,170.56794911405942,465.1624088028125,97.39007791215022,39.84927566067265,18.967239287391397,49.86939713895314,9.717368173301177,5.272402429019844,0.0,0.0,0.0,0.0,0.0,model4,19.0,False,3315.0
1105,2015-05-20T08:00:00Z,78.0,169.34489913231909,462.77034536783765,98.28484528648224,39.70334367110997,15.682614885963828,47.53302690592267,8.693749793896064,5.088225119975032,0.0,0.0,0.0,0.0,0.0,model4,19.0,False,3318.0
1106,2015-05-20T11:00:00Z,78.0,167.0394850200601,466.4119055804185,97.32476361115069,39.557834697814535,17.75144574895533,48.435936434942654,8.035651993719753,5.079144695754245,0.0,0.0,0.0,0.0,0.0,model4,19.0,False,3321.0
1107,2015-05-20T14:00:00Z,78.0,164.9735939379025,472.0665930713175,97.935116976262,39.87601190734691,17.496023647479422,47.23655608353563,7.708070072387061,5.205757309343119,0.0,0.0,0.0,0.0,0.0,model4,19.0,False,3324.0
1108,2015-05-20T17:00:00Z,78.0,169.62301597371368,471.8932664939901,96.99339866534821,40.610861000845844,17.106847963063064,46.98299656582186,7.161258857884724,4.590303957184365,0.0,0.0,0.0,0.0,0.0,model4,19.0,False,3327.0
1109,2015-05-20T20:00:00Z,78.0,167.49010848874332,472.4087463019442,97.68693239665285,40.287686298795634,15.345475036869635,44.09923191642544,7.609609050230497,4.642713959090784,0.0,0.0,0.0,0.0,0.0,model4,19.0,False,3330.0
1110,2015-05-20T23:00:00Z,78.0,166.30611036578003,466.7957194615338,98.93742716338085,40.54840197494718,15.079219968218167,46.30336771570796,9.244442594733766,4.806833293416842,0.0,0.0,0.0,0.0,0.0,model4,19.0,False,3333.0
1111,2015-05-21T02:00:00Z,78.0,167.24073677567287,465.6545291890308,98.25718827326008,40.78830180851961,13.736174717971744,42.30109289413875,9.716400272444597,4.690301498738507,0.0,0.0,0.0,0.0,0.0,model4,19.0,False,3336.0
1112,2015-05-21T05:00:00Z,78.0,168.32314879571717,468.9114666542408,99.8557216623622,40.777726508017956,13.40872807093659,39.30368281307338,9.707526669901288,4.98072658940296,0.0,0.0,0.0,0.0,0.0,model4,19.0,False,3339.0
1113,2015-05-21T08:00:00Z,78.0,167.741181258189,458.43058511484406,98.48408792872893,41.4666787902448,15.013770261949242,46.38117221854498,11.367237193424845,5.178333641867186,0.0,0.0,0.0,0.0,0.0,model4,19.0,False,3342.0
1114,2015-05-21T11:00:00Z,78.0,167.28938924902383,454.0988211105391,99.92644193767971,41.603048255471116,13.462862996149259,44.34794295140722,11.546193755618047,5.470343222515179,0.0,0.0,0.0,0.0,0.0,model4,19.0,False,3345.0
1115,2015-05-21T14:00:00Z,78.0,167.52730156852311,450.6585449289476,99.78566585954556,41.00061353284486,14.223013173700187,42.175340772080396,11.945116245227489,5.477516165418402,0.0,0.0,0.0,0.0,0.0,model4,19.0,False,3348.0
1116,2015-05-21T17:00:00Z,78.0,166.74353857556125,444.786920122218,100.27630577816332,40.30673990042555,16.235375785288845,41.6423876911397,11.905603862834495,5.5817990143485705,0.0,0.0,0.0,0.0,0.0,model4,19.0,False,3351.0
1117,2015-05-21T20:00:00Z,78.0,167.1910205675201,445.4446205446364,98.38079773301205,40.70483759496636,16.63934002317551,47.18925861882752,11.5408572466545,5.5754330597370085,0.0,0.0,0.0,0.0,0.0,model4,19.0,False,3354.0
1118,2015-05-21T23:00:00Z,78.0,167.41355812825216,452.7014604320915,97.0485538083826,40.697614665097795,16.65437167773067,45.77456581366285,10.120469030157976,5.293015906835018,0.0,0.0,0.0,0.0,0.0,model4,19.0,False,3357.0
1119,2015-05-22T02:00:00Z,78.0,168.6271281845885,456.4345359467568,98.03611078956621,39.739344324095995,17.567701635418878,45.43115225919448,10.066548776004158,5.0581002761955824,0.0,0.0,0.0,0.0,0.0,model4,19.0,False,3360.0
1120,2015-05-22T05:00:00Z,78.0,167.29326077768954,456.1144508992156,97.69807424773056,39.552356282398,17.856191115190576,45.818504621110925,10.107761344366825,4.915641191903116,0.0,0.0,0.0,0.0,0.0,model4,19.0,False,3363.0
1121,2015-05-22T08:00:00Z,78.0,168.00068064814437,459.3436291829918,99.14713547474337,39.538548651404746,16.218299723310285,41.957895767090456,8.367246531846318,4.567458871833956,0.0,0.0,0.0,0.0,0.0,model4,19.0,False,3366.0
1122,2015-05-22T11:00:00Z,78.0,171.20392951248166,460.47918794286863,98.38791142089134,39.13560389113239,15.840789550880144,40.92409414453911,7.6703280623331525,4.488209275764733,0.0,0.0,0.0,0.0,0.0,model4,19.0,False,3369.0
1123,2015-05-22T14:00:00Z,78.0,172.69930805341025,458.6032215028785,98.76581833028031,39.27709946978575,15.60878600438474,41.902449473225886,8.109169807531742,4.4386199512957045,0.0,0.0,0.0,0.0,0.0,model4,19.0,False,3372.0
1124,2015-05-22T17:00:00Z,78.0,172.38632066650814,461.4110156676614,99.12405136574672,39.799900005347,13.369909583377812,41.01997769200877,8.793707954987875,4.435178990762375,0.0,0.0,0.0,0.0,0.0,model4,19.0,False,3375.0
1125,2015-05-22T20:00:00Z,78.0,172.54586979196893,455.246616482752,100.1917885213318,39.06729113726775,13.669140720984476,38.520515756615225,8.98748203029328,4.513864665196334,0.0,0.0,0.0,0.0,0.0,model4,19.0,False,3378.0
1126,2015-05-22T23:00:00Z,78.0,170.81460075192166,449.8065757017443,100.3066692151179,38.99855641876794,15.252691791675096,43.94700717414669,9.364304587024877,4.5594570177229725,0.0,0.0,0.0,0.0,0.0,model4,19.0,False,3381.0
1127,2015-05-23T02:00:00Z,78.0,170.36688805059447,449.24371658906233,99.11504498316404,39.2479479084741,14.737646104528787,44.39348886510088,9.544818489590792,4.532778038224597,0.0,0.0,0.0,0.0,0.0,model4,19.0,False,3384.0
1128,2015-05-23T05:00:00Z,78.0,171.81645651574132,437.5476272179843,99.20323863270836,39.77985679799666,15.033856743205053,46.34225501416499,8.968299008107373,4.9427105958546065,0.0,0.0,0.0,0.0,0.0,model4,19.0,False,3387.0
1129,2015-05-23T08:00:00Z,78.0,169.98792861620854,448.22996017676064,99.396863772582,39.67066034189333,16.529956338137044,52.02979186242901,9.02315745611218,4.7919930763125045,0.0,0.0,0.0,0.0,0.0,model4,19.0,False,3390.0
1130,2015-05-23T11:00:00Z,78.0,170.481340490187,449.36166835947984,100.13608488512142,40.55544335344294,17.108744955475487,54.30111899418878,8.938121790893371,4.566319442599267,0.0,0.0,0.0,0.0,0.0,model4,19.0,False,3393.0
1131,2015-05-23T14:00:00Z,78.0,169.9330259485769,444.37425009535707,100.40648225259649,40.89362427390228,16.66205933907851,54.75560245215552,7.610165402686981,4.550760123251549,0.0,0.0,0.0,0.0,0.0,model4,19.0,False,3396.0
1132,2015-05-23T17:00:00Z,78.0,170.26014261582512,441.3652706272673,100.92687963459764,40.83681882178031,16.812869922788554,57.51341668642864,7.361856713337892,4.655686599109068,0.0,0.0,0.0,0.0,0.0,model4,19.0,False,3399.0
1133,2015-05-23T20:00:00Z,78.0,169.9481873131126,448.5059980451146,100.90309230406271,40.970953573646284,16.537031420179332,57.47780836551628,7.0376307976545345,4.287363557367003,0.0,0.0,0.0,0.0,0.0,model4,19.0,False,3402.0
1134,2015-05-23T23:00:00Z,78.0,170.2202374558259,448.18281191817744,100.95028149571564,41.19429652983461,16.07025277884588,55.58089016776528,6.9553446347679255,4.7697591923094045,0.0,0.0,0.0,0.0,0.0,model4,19.0,False,3405.0
1135,2015-05-24T02:00:00Z,78.0,169.90079519183843,449.02162653755136,102.07242818624849,40.78526640338504,17.106540533785253,55.16746364447255,5.823070694615582,4.684701194369519,0.0,0.0,0.0,0.0,0.0,model4,19.0,False,3408.0
1136,2015-05-24T05:00:00Z,78.0,169.82347933762782,457.936269473644,101.81470001438605,40.83714510247276,16.789352826494707,49.66940474025074,5.992943077721687,4.252587075519032,0.0,0.0,0.0,0.0,0.0,model4,19.0,False,3411.0
1137,2015-05-24T08:00:00Z,78.0,171.98929624289624,446.6735996624338,102.05371890264757,40.700279107592024,16.10407642108667,44.118253393360156,5.756981095749793,4.1909124129924455,0.0,0.0,0.0,0.0,0.0,model4,19.0,False,3414.0
1138,2015-05-24T11:00:00Z,78.0,171.65007645305354,442.93816266206596,101.40736662209082,40.23413440924456,15.537315419890964,41.66361922043523,7.403965473886207,4.458105615050238,0.0,0.0,0.0,0.0,0.0,model4,19.0,False,3417.0
1139,2015-05-24T14:00:00Z,78.0,172.32601125989146,441.5524266270315,102.14695320065272,39.68199426034501,15.945678092830855,41.579809549843155,7.446324388671088,4.4912042483473655,0.0,0.0,0.0,0.0,0.0,model4,19.0,False,3420.0
1140,2015-05-24T17:00:00Z,78.0,169.94397328501455,446.1983387519092,101.33337843180412,40.24832541794776,15.879463872254204,41.81441552158545,7.235383017231432,4.84910278755473,0.0,0.0,0.0,0.0,0.0,model4,19.0,False,3423.0
1141,2015-05-24T20:00:00Z,78.0,170.42044018191137,440.64330855760767,100.16359615048113,40.63740596646488,16.773980763377825,46.666693940707034,7.699768150657835,5.228605954811037,0.0,0.0,0.0,0.0,0.0,model4,19.0,False,3426.0
1142,2015-05-24T23:00:00Z,78.0,170.7259855000996,446.4977565562993,100.07812889846943,39.39411147893845,16.915115955136304,45.985732101696605,8.116048988113759,5.415053535165686,0.0,0.0,0.0,0.0,0.0,model4,19.0,False,3429.0
1143,2015-05-25T02:00:00Z,78.0,172.50921307737184,445.038186714916,100.23555250542513,40.11758145382079,16.99016941915576,45.34348246174113,8.255532419937115,5.519427912264273,0.0,0.0,0.0,0.0,0.0,model4,19.0,False,3432.0
1144,2015-05-25T05:00:00Z,78.0,173.873255207581,440.4987478587743,99.94375266647776,40.158924038640656,16.636954500676698,47.577665235855406,8.340302626926317,5.67638230997006,0.0,0.0,0.0,0.0,0.0,model4,19.0,False,3435.0
1145,2015-05-25T08:00:00Z,78.0,174.1977908999059,441.3482200909896,100.46825058962698,40.206447043424646,16.3263448859268,47.618825994183595,8.974401908130226,5.813979910157455,0.0,0.0,0.0,0.0,0.0,model4,19.0,False,3438.0
1146,2015-05-25T11:00:00Z,78.0,172.40667775854718,443.54026355925095,101.42103794523659,40.46249773132236,16.616529302817487,50.6132626299303,7.829764961984299,5.5238712944461295,0.0,0.0,0.0,0.0,0.0,model4,19.0,False,3441.0
1147,2015-05-25T14:00:00Z,78.0,171.67567715351498,445.7949765093426,101.22822088859398,40.77965789234704,16.24309922979764,47.45502001622198,7.6515451294349255,5.333382163642878,0.0,0.0,0.0,0.0,0.0,model4,19.0,False,3444.0
1148,2015-05-25T17:00:00Z,78.0,174.475137784087,448.2938009705967,100.36769081650057,40.20302165376045,15.576679271938234,44.959647757554016,8.16655927628238,4.8249660448238725,0.0,0.0,0.0,0.0,0.0,model4,19.0,False,3447.0
1149,2015-05-25T20:00:00Z,78.0,173.88618572119472,451.80448397967314,100.26938285480485,40.264103266645954,14.060008594826467,37.16960651187442,8.116832577582239,4.335739862491709,0.0,0.0,0.0,0.0,0.0,model4,19.0,False,3450.0
1150,2015-05-25T23:00:00Z,78.0,175.77718407245632,447.60838777425386,101.07921489852941,41.41317650128653,12.488436097345831,39.13577927827989,7.537142879945736,3.1345647438165187,0.0,0.0,0.0,0.0,0.0,model4,19.0,False,3453.0
1151,2015-05-26T02:00:00Z,78.0,173.79820536493642,444.6698727550081,101.03467802707064,40.74719920354744,11.164905542838914,41.307606159501965,7.517211613095436,3.3529527429133634,0.0,0.0,0.0,0.0,0.0,model4,19.0,False,3456.0
1152,2015-05-26T05:00:00Z,78.0,172.36077712735596,444.5152509558286,101.72970785674305,39.799582320290654,10.670362430668456,39.5398734519314,7.7155431394970755,3.356220652254565,0.0,0.0,0.0,0.0,0.0,model4,19.0,False,3459.0
1153,2015-05-26T08:00:00Z,78.0,170.87139688175046,445.4117308662301,101.37575599877891,39.82622651210711,10.170900296446446,47.152359922648145,8.21120674125746,3.3428118655896903,0.0,0.0,0.0,0.0,0.0,model4,19.0,False,3462.0
1154,2015-05-26T11:00:00Z,78.0,169.80627504110467,437.49383876222885,100.05222529112646,39.60903201013393,10.092807997120646,53.32667919475074,8.247599503309795,3.4495876700881767,0.0,0.0,0.0,0.0,0.0,model4,19.0,False,3465.0
1155,2015-05-26T14:00:00Z,78.0,171.43521545544013,437.6151777032392,99.39929412041464,40.63066036407372,10.351509220927655,54.07456395707058,8.256831993109676,4.4610335633588765,0.0,0.0,0.0,0.0,0.0,model4,19.0,False,3468.0
1156,2015-05-26T17:00:00Z,78.0,168.79231791307984,426.3070065191343,100.96222450938431,40.85495821580812,10.50992402825172,55.66288442817377,8.180134834726212,4.621798958806622,0.0,0.0,0.0,0.0,0.0,model4,19.0,False,3471.0
1157,2015-05-26T20:00:00Z,78.0,168.30396404115598,419.5449329867922,103.15137953583842,40.43896718994376,11.097762004900684,56.51682631470673,7.8231896287309395,4.900017494375562,0.0,0.0,0.0,0.0,0.0,model4,19.0,False,3474.0
1158,2015-05-26T23:00:00Z,78.0,166.55416818557984,419.82552343328484,102.39609442722521,39.834543292566025,10.487810636517775,63.03322208813052,8.841159716783736,5.008648647809092,0.0,0.0,0.0,0.0,0.0,model4,19.0,False,3477.0
1159,2015-05-27T02:00:00Z,78.0,165.36557229318728,418.89419839193323,103.01466689634545,39.95843975136633,11.550721452043872,60.417070920850065,9.501187112241707,4.906857221746423,0.0,0.0,0.0,0.0,0.0,model4,19.0,False,3480.0
1160,2015-05-27T05:00:00Z,78.0,165.93504852217325,423.36554844726516,102.19939059637188,39.93410063352466,11.67237881623761,61.24290403001932,9.426584883083477,5.3457715139203135,0.0,0.0,0.0,0.0,0.0,model4,19.0,False,3483.0
1161,2015-05-27T08:00:00Z,78.0,165.46081369848213,421.6905891919053,101.13111347785988,39.78321875527601,12.429441533792634,55.823184914410746,9.353715176488619,5.458027453306827,0.0,0.0,0.0,0.0,0.0,model4,19.0,False,3486.0
1162,2015-05-27T11:00:00Z,78.0,167.58783378530424,428.8449291287088,101.15221177976069,39.724419621863476,12.935042941909735,53.45384164674327,10.062195646219042,5.289447849089678,0.0,0.0,0.0,0.0,0.0,model4,19.0,False,3489.0
1163,2015-05-27T14:00:00Z,78.0,168.26500542859847,432.6727806971792,101.46199926639106,38.81650848957905,15.789103268252425,58.180915714716605,10.000402294035684,4.33971552719038,0.0,0.0,0.0,0.0,0.0,model4,19.0,False,3492.0
1164,2015-05-27T17:00:00Z,78.0,168.8242474614406,445.1487856275753,99.34795412569466,38.71432725882775,15.516323097063664,59.36516014833038,10.946037848278236,4.564146177271433,0.0,0.0,0.0,0.0,0.0,model4,19.0,False,3495.0
1165,2015-05-27T20:00:00Z,78.0,169.39790983715704,458.1796489033474,97.13113652481705,39.0346077177636,15.77955807262731,59.398137674854425,11.00552979568067,4.516087913619487,0.0,0.0,0.0,0.0,0.0,model4,19.0,False,3498.0
1166,2015-05-27T23:00:00Z,78.0,170.80989831563903,458.22090718829725,97.08975176570692,38.932977228210866,15.452145087112582,53.933347769067495,10.282352713563146,4.70270759638552,0.0,0.0,0.0,0.0,0.0,model4,19.0,False,3501.0
1167,2015-05-28T02:00:00Z,78.0,171.7684068267779,454.8398372444458,96.4401822200589,39.02747189111206,14.073144991228435,58.14955753318181,9.451813803513804,5.018282568190589,0.0,0.0,0.0,0.0,0.0,model4,19.0,False,3504.0
1168,2015-05-28T05:00:00Z,78.0,171.31790209935903,449.5324363157058,96.76598648201157,40.13930413804128,14.153006550159006,61.12098331125327,9.768396920537196,4.73676532075211,0.0,0.0,0.0,0.0,0.0,model4,19.0,False,3507.0
1169,2015-05-28T08:00:00Z,78.0,172.54763920498908,453.6424877233001,96.8725566753042,40.58089526597127,13.9091579436963,60.15997785472185,9.71429439384722,4.521607915113527,0.0,0.0,0.0,0.0,0.0,model4,19.0,False,3510.0
1170,2015-05-28T11:00:00Z,78.0,172.1479292199606,462.0813487381272,97.95874011489131,41.00368059251338,13.226095770862468,59.063368750888,9.506643335974283,4.489371713127733,0.0,0.0,0.0,0.0,0.0,model4,19.0,False,3513.0
1171,2015-05-28T14:00:00Z,78.0,170.58704919329546,465.5220366720532,98.19992883621391,40.681139046355035,9.18369685126472,57.237353824804345,9.721255521939328,5.18072293566434,0.0,1.0,0.0,0.0,0.0,model4,19.0,False,3516.0
1172,2015-05-28T17:00:00Z,78.0,170.38120910764385,460.8407003120776,101.0225842201922,40.72492553980214,8.80770940506106,52.91474590946743,9.423957339620117,5.184993741909577,0.0,1.0,0.0,0.0,0.0,model4,19.0,False,3519.0
1173,2015-05-28T20:00:00Z,78.0,171.10732537931275,453.513423756151,102.1953668574178,40.170810424843815,7.830968046393857,48.061823540591966,8.273161037883064,5.3257239630773565,0.0,1.0,0.0,0.0,0.0,model4,19.0,False,3522.0
1174,2015-05-28T23:00:00Z,78.0,170.17488957676318,456.811355983778,101.78390167365579,41.16623644547635,9.02318882062404,44.46285850998375,9.012224691048775,5.112181760081402,0.0,1.0,0.0,1.0,0.0,model4,19.0,False,3525.0
1175,2015-05-29T02:00:00Z,78.0,169.87179538371407,461.721019322127,99.92245976343432,41.58502240695168,9.072712588340284,40.12395229855346,10.440662242475724,5.092045457378517,0.0,1.0,0.0,1.0,0.0,model4,19.0,False,3528.0
1176,2015-05-29T05:00:00Z,78.0,168.97785233740709,471.22642266490715,100.58125408662632,40.55868639853347,9.385691531780367,35.68644155656065,11.088688837904126,5.187951224281737,0.0,1.0,0.0,1.0,0.0,model4,19.0,False,3531.0
1177,2015-05-29T08:00:00Z,78.0,170.6511618173546,472.6175947474926,101.3848900541412,39.93851718635453,9.705281813055981,38.97249487361813,10.610187215268832,5.415988316986519,0.0,1.0,0.0,1.0,0.0,model4,19.0,False,3534.0
1178,2015-05-29T11:00:00Z,78.0,169.7297742566585,471.4276974659897,101.72083287821506,39.31908189193401,10.666284621738187,38.600933484492224,11.012172956661725,5.476255478104191,0.0,1.0,0.0,1.0,0.0,model4,19.0,False,3537.0
1179,2015-05-29T14:00:00Z,78.0,169.35064237848837,461.2910693174669,101.05631388704096,39.09891555787903,10.283539498683163,45.65266345733653,11.382168928693831,5.3821288196767805,0.0,0.0,0.0,1.0,0.0,model4,19.0,False,3540.0
1180,2015-05-29T17:00:00Z,78.0,169.98979638487876,459.13417131257836,97.83432249923963,39.30181715138772,9.918862107944182,47.455132763992786,11.583421575927186,5.41407318992516,0.0,0.0,0.0,1.0,0.0,model4,19.0,False,3543.0
1181,2015-05-29T20:00:00Z,78.0,167.9014505763415,458.8178797623855,97.0405271030652,39.538063130344014,10.05012853022381,49.14309114617274,11.541062294399342,5.3991217258533855,0.0,0.0,0.0,1.0,0.0,model4,19.0,False,3546.0
1182,2015-05-29T23:00:00Z,78.0,169.28833264783898,461.45233195283373,96.98450732690377,39.186386545589535,10.350926375941997,50.998553055170966,12.704654766918276,5.3226760783981,0.0,0.0,0.0,0.0,0.0,model4,19.0,False,3549.0
1183,2015-05-30T02:00:00Z,78.0,167.98902390978608,464.54766915051175,97.79284447201208,38.91541267495774,11.057329585133926,52.27611662738131,12.594775058336976,5.064442555989057,0.0,0.0,0.0,0.0,0.0,model4,19.0,False,3552.0
1184,2015-05-30T05:00:00Z,78.0,170.23580117770442,460.7483361130915,97.45744687717976,39.266133756699894,12.715806515662697,51.84702132124855,12.313430504601635,4.979989016182307,0.0,0.0,0.0,0.0,0.0,model4,19.0,False,3555.0
1185,2015-05-30T08:00:00Z,78.0,169.13400934127716,454.11528185929774,97.59101043981173,39.38046237876022,12.097701740150715,49.84453658312897,12.50206135517873,4.8912085609729266,0.0,0.0,0.0,0.0,0.0,model4,19.0,False,3558.0
1186,2015-05-30T11:00:00Z,78.0,169.10617065233367,449.29930380163114,97.11757285029371,39.71189497945269,12.583608569870233,47.04444955957003,11.696529314850073,5.007478605217152,0.0,0.0,0.0,0.0,0.0,model4,19.0,False,3561.0
1187,2015-05-30T14:00:00Z,78.0,167.9003937155356,449.5127395850202,98.50766838983179,40.54874766280591,13.514177939746855,45.0871283802616,12.26791825271126,4.451526721886722,0.0,0.0,0.0,0.0,0.0,model4,19.0,False,3564.0
1188,2015-05-30T17:00:00Z,78.0,166.8813239985457,452.71892601113296,100.43008520745941,39.77482393984389,14.02795904031706,44.43934052293924,11.22694999671437,4.298144092669174,0.0,0.0,0.0,0.0,0.0,model4,19.0,False,3567.0
1189,2015-05-30T20:00:00Z,78.0,168.10573048839737,451.18448154039874,100.28732559469498,40.28077287393799,13.791352042203266,43.55354024449705,11.108774765501783,4.196895544718331,0.0,0.0,0.0,0.0,0.0,model4,19.0,False,3570.0
1190,2015-05-30T23:00:00Z,78.0,166.30590497159858,447.02255868861573,100.7835832811854,40.119812221901654,13.27444424367551,39.973032766848966,9.298618510329652,4.3618707343283285,0.0,0.0,0.0,0.0,0.0,model4,19.0,False,3573.0
1191,2015-05-31T02:00:00Z,78.0,169.32513619122724,445.5895141607578,103.24699003184843,40.335360960497496,14.156115536248846,35.656107642712996,8.977788960498323,4.379542580604365,0.0,0.0,0.0,0.0,0.0,model4,19.0,False,3576.0
1192,2015-05-31T05:00:00Z,78.0,169.301741733814,444.85969313230913,102.33412185657451,39.974334471789604,13.721563174369635,33.80863050369565,9.232319799055745,4.542767480150894,0.0,0.0,0.0,0.0,0.0,model4,19.0,False,3579.0
1193,2015-05-31T08:00:00Z,78.0,169.9634419249779,457.2171392142956,102.13633698280356,40.435548532379116,15.961640235395098,42.22907348042783,9.157982537852844,4.58315149369818,0.0,0.0,0.0,0.0,0.0,model4,19.0,False,3582.0
1194,2015-05-31T11:00:00Z,78.0,171.46825367362166,452.0783741317375,101.54528398282491,40.45759788595756,15.401838670505581,46.617841199916924,9.21395280002166,4.496948959274241,0.0,0.0,0.0,0.0,0.0,model4,19.0,False,3585.0
1195,2015-05-31T14:00:00Z,78.0,172.33645974280014,459.5272239270162,100.75005904562838,40.05014449913681,14.270865413351727,44.27505151411904,8.60895371684745,5.109443904775024,0.0,0.0,0.0,0.0,0.0,model4,19.0,False,3588.0
1196,2015-05-31T17:00:00Z,78.0,173.23158633766263,459.21254439836196,100.11621839774472,40.78081555145188,13.967028029577575,43.74422820504582,8.881427726683429,5.704960514494887,0.0,0.0,0.0,0.0,0.0,model4,19.0,False,3591.0
1197,2015-05-31T20:00:00Z,78.0,173.14600777906998,461.3198779990493,99.48196054650332,40.615634105476225,14.218448165134776,42.51550252054848,9.468843418411721,5.6245709882139465,0.0,0.0,0.0,0.0,0.0,model4,19.0,False,3594.0
1198,2015-05-31T23:00:00Z,78.0,173.5540429874131,460.74107379404296,99.19529635444462,39.89043384296768,14.197656493751115,42.058969024490345,9.543113453333318,5.890964106604768,0.0,0.0,0.0,0.0,0.0,model4,19.0,False,3597.0
1199,2015-06-01T02:00:00Z,78.0,172.42168218713616,458.78611051993516,97.53494394344885,39.36192143862429,13.614677030754454,44.65654641510075,7.848134827913122,5.706423609028826,0.0,0.0,0.0,0.0,0.0,model4,19.0,False,3600.0
1200,2015-06-01T05:00:00Z,78.0,169.27433896575826,461.4453379149435,97.2488004892965,39.889847403463186,14.591806674651467,44.554635415626926,7.1299945313003485,5.6760253557624125,0.0,0.0,0.0,0.0,0.0,model4,19.0,False,3603.0
1201,2015-06-01T08:00:00Z,78.0,167.9054888521882,455.7931204396056,96.80164519270373,39.932090304323545,11.608667634228935,47.017524653285896,8.399207787654866,5.725621067399341,0.0,0.0,0.0,0.0,0.0,model4,19.0,False,3606.0
1202,2015-06-01T11:00:00Z,78.0,166.7271658762427,459.15840827293533,97.8394083417802,40.09996983894629,12.324562940420387,45.05837886987407,9.234019730224537,5.81600415840973,0.0,0.0,0.0,0.0,0.0,model4,19.0,False,3609.0
1203,2015-06-01T14:00:00Z,78.0,165.89071066003575,457.64133542554384,96.82675923558935,40.43061514989538,12.657166462107982,43.34910809286825,9.182291306709082,5.699149723406162,0.0,0.0,0.0,0.0,0.0,model4,19.0,False,3612.0
1204,2015-06-01T17:00:00Z,78.0,168.03012364358,449.40752814821263,97.97098924021464,40.25124952215897,14.093202586014336,51.501278031228935,9.734190175219027,4.906829776422613,0.0,0.0,0.0,0.0,0.0,model4,19.0,False,3615.0
1205,2015-06-01T20:00:00Z,78.0,169.631323310792,444.0201975808415,98.99272432720586,40.6927330838644,16.202353296442713,55.046206732615325,9.945088325291302,5.399960623879571,0.0,0.0,0.0,0.0,0.0,model4,19.0,False,3618.0
1206,2015-06-01T23:00:00Z,78.0,168.8046139687205,442.2649554249388,98.4570406840832,41.93431413794816,16.44142132197092,57.403747825467214,10.463891617621162,5.072557168230403,0.0,0.0,0.0,0.0,0.0,model4,19.0,False,3621.0
1207,2015-06-02T02:00:00Z,78.0,167.9296447584559,443.3824640751149,98.51955938254702,41.82896220210964,17.21523199446115,56.090502811181906,10.835406246748786,5.1246978420368015,0.0,0.0,0.0,0.0,0.0,model4,19.0,False,3624.0
1208,2015-06-02T05:00:00Z,78.0,170.59821309507586,439.98933430142455,98.64876972898813,41.926040076556674,16.217792864651216,54.62408617018852,10.877629382742612,5.237298556183868,0.0,0.0,0.0,0.0,0.0,model4,19.0,False,3627.0
1209,2015-06-02T08:00:00Z,78.0,170.30140861168624,436.71035509269484,97.95200990156341,41.55143754691135,16.593818467365132,45.983299476136466,9.904797288790924,5.612883714489738,0.0,0.0,0.0,0.0,0.0,model4,19.0,False,3630.0
1210,2015-06-02T11:00:00Z,78.0,170.3254014969544,447.364782167315,97.77565245271091,41.20870355083164,16.30675973317045,54.87407149322726,10.538365541876693,5.524026650755259,0.0,0.0,0.0,0.0,0.0,model4,19.0,False,3633.0
1211,2015-06-02T14:00:00Z,78.0,171.35145218186287,452.1868343072532,97.15057990585078,40.545825290866254,16.943686977706353,58.664986129415006,11.306028332975256,5.4017788393108574,0.0,0.0,0.0,0.0,0.0,model4,19.0,False,3636.0
1212,2015-06-02T17:00:00Z,78.0,170.1865912194377,465.0552213600972,95.31885633403212,40.258012249245645,15.84451313311041,53.06193699146677,11.25004150469759,6.398536912998401,0.0,0.0,0.0,0.0,0.0,model4,19.0,False,3639.0
1213,2015-06-02T20:00:00Z,78.0,168.77482204568062,469.1128474843129,94.68347224782305,39.428327231731245,13.380338985201904,48.72988910401432,11.417081947085562,6.1897153958332325,0.0,0.0,0.0,0.0,0.0,model4,19.0,False,3642.0
1214,2015-06-02T23:00:00Z,78.0,171.86474358975101,474.89844070883726,96.35105524393715,38.54484189436632,13.39529756109693,43.42690233091733,11.341834421632967,5.6473611636435175,0.0,0.0,0.0,0.0,0.0,model4,19.0,False,3645.0
1215,2015-06-03T02:00:00Z,78.0,171.69254196529968,475.1637388629997,97.54744973169079,38.553490385555065,12.69007508075047,44.8676175180626,12.362498932793846,5.747612729278942,0.0,1.0,0.0,0.0,0.0,model4,19.0,False,3648.0
1216,2015-06-03T05:00:00Z,78.0,170.67863266941288,482.1118075597921,98.74784872634106,38.60924264469539,12.915003151996794,46.359419167831106,13.10039850640768,5.579820625671622,0.0,1.0,0.0,0.0,0.0,model4,19.0,False,3651.0
1217,2015-06-03T08:00:00Z,78.0,170.8761476556294,478.9563991070146,98.48588687510916,40.12392162895475,13.80290187064832,48.66788760893983,13.271176941382587,6.744286913592823,0.0,1.0,0.0,0.0,0.0,model4,19.0,False,3654.0
1218,2015-06-03T11:00:00Z,78.0,173.2820745195861,465.8093512167603,97.0477736660767,41.334214818092384,13.372390048864405,45.276804828420744,12.234373723657244,7.272252702248832,0.0,1.0,0.0,0.0,0.0,model4,19.0,False,3657.0
1219,2015-06-03T14:00:00Z,78.0,175.2414571553386,461.8412245386887,98.16008159982144,42.91067303691322,12.664807985732837,49.256329712691745,11.188529417780806,7.3683637669551345,0.0,1.0,0.0,0.0,0.0,model4,19.0,False,3660.0
1220,2015-06-03T17:00:00Z,78.0,174.07729539941172,459.1196929471675,99.09779877978625,44.777788315426534,14.230655919838293,51.75931166878152,10.271622715299088,7.260045078156962,0.0,1.0,0.0,0.0,0.0,model4,19.0,False,3663.0
1221,2015-06-03T20:00:00Z,78.0,173.31973642779312,459.31162924037545,101.43780574212212,46.297299835513535,14.673713715971587,54.730280579503784,9.78402735717866,6.828452009664304,0.0,1.0,0.0,0.0,0.0,model4,19.0,False,3666.0
1222,2015-06-03T23:00:00Z,78.0,173.44178626479805,454.25201336806924,101.24091647536396,47.220173358618965,14.599686839543354,55.714660277109566,10.050060168638666,6.066397943442823,0.0,1.0,0.0,0.0,0.0,model4,19.0,False,3669.0
1223,2015-06-04T02:00:00Z,78.0,173.63402259127102,458.2518568228589,98.8840372634222,48.943784820359475,15.569929648672655,57.51012006602017,10.499663598243275,5.381849682836168,0.0,0.0,0.0,0.0,0.0,model4,19.0,False,3672.0
1224,2015-06-04T05:00:00Z,78.0,174.97821290007008,450.0472849685444,98.50777903472706,49.9678882904255,15.559409926082413,56.54859199384921,9.752971139449963,4.6695802248428295,0.0,0.0,0.0,0.0,0.0,model4,19.0,False,3675.0
1225,2015-06-04T08:00:00Z,78.0,174.09618856962388,453.23765691701897,98.87338313869772,49.455828000519546,15.399098514837522,62.79753153942001,9.468906085760231,4.742124208172847,0.0,0.0,0.0,0.0,1.0,model4,19.0,True,3678.0
1226,2015-06-04T11:00:00Z,78.0,171.37647217140483,460.25531050513086,99.03740493466141,49.501841567120465,15.345290334374509,63.67594319256053,9.474261063081835,4.459166724755193,0.0,0.0,0.0,0.0,1.0,model4,19.0,True,3681.0
1227,2015-06-04T14:00:00Z,78.0,169.14098691176451,460.6385303517639,97.53099916090922,49.50140670830781,14.839854110141056,57.913332202705604,10.596603491560028,4.548224214999107,0.0,0.0,0.0,0.0,1.0,model4,19.0,True,3684.0
1228,2015-06-04T17:00:00Z,78.0,169.26892655732436,450.65472496339066,98.53993702030633,48.81968949587432,14.423710392158695,58.6409149204965,12.226545500458801,4.119858865124333,0.0,0.0,0.0,0.0,1.0,model4,19.0,True,3687.0
1229,2015-06-04T20:00:00Z,78.0,171.4940301620353,452.66296500825416,96.97030309314877,47.9513602552085,15.144842435935885,56.959134160931356,11.331203317101906,4.370554563064578,0.0,0.0,0.0,0.0,1.0,model4,19.0,True,3690.0
1230,2015-06-04T23:00:00Z,78.0,169.43953754824966,452.4897719042657,96.31542073457192,48.9522744518399,14.732300746665828,58.302950675331076,10.815220167936213,4.319781568080795,0.0,0.0,0.0,0.0,1.0,model4,19.0,True,3693.0
1231,2015-06-05T02:00:00Z,78.0,171.11727574798348,456.7308678319778,98.78163670501984,48.12922063276786,14.56612211067804,60.73793726139271,10.345929426121195,4.1972651377298265,0.0,0.0,0.0,0.0,1.0,model4,19.0,True,3696.0
1232,2015-06-05T05:00:00Z,78.0,170.28474899548266,464.82784695118306,97.85908320408493,48.36915728521979,13.950831032906525,60.695836344300496,11.164224836686593,4.28051458484972,0.0,0.0,0.0,0.0,1.0,model4,19.0,True,3699.0
1233,2015-06-05T08:00:00Z,78.0,170.7306777418824,468.55017317239776,98.16775797833314,47.980458090772935,15.672196681380234,55.85077336390082,11.255555732108474,5.201799906531528,0.0,0.0,0.0,0.0,0.0,model4,19.0,False,3702.0
1234,2015-06-05T11:00:00Z,78.0,170.44184624483708,473.2711289985929,98.49797648917747,46.72675796237584,16.042323744480537,60.043214036173325,11.299721452352994,6.2167000184104655,0.0,0.0,0.0,0.0,0.0,model4,19.0,False,3705.0
1235,2015-06-05T14:00:00Z,78.0,170.85120869101297,474.26867748562586,100.52921550988329,45.6425455225456,15.9554936763595,64.06691380219928,10.294518763153574,6.451380348010535,0.0,0.0,0.0,0.0,0.0,model4,19.0,False,3708.0
1236,2015-06-05T17:00:00Z,78.0,172.0213198311016,480.45834348216897,98.84846161852413,44.141566246912305,16.0966747015868,63.68568580565378,8.846177924764998,7.156239998238172,0.0,0.0,0.0,0.0,0.0,model4,19.0,False,3711.0
1237,2015-06-05T20:00:00Z,78.0,168.23277237270216,481.4931243066058,99.03432244477337,43.233764175583715,16.665970510846254,62.70434359484431,9.756004672127393,7.67027874643916,0.0,0.0,0.0,0.0,0.0,model4,19.0,False,3714.0
1238,2015-06-05T23:00:00Z,78.0,168.50932676701083,479.78392413249986,98.37169035083677,41.36735033738729,17.403109824983794,64.0266272816463,10.353540961056863,6.799755494720983,0.0,0.0,0.0,0.0,0.0,model4,19.0,False,3717.0
1239,2015-06-06T02:00:00Z,78.0,165.44897691064702,471.1508445418026,96.5753934725416,40.87848776582743,16.523662677165607,63.90709679418504,9.374844244518654,6.85417801739308,0.0,0.0,0.0,0.0,0.0,model4,19.0,False,3720.0
1240,2015-06-06T05:00:00Z,78.0,167.94684320464475,466.12199675560237,98.63541418396841,39.160817511941815,19.501345306077088,61.02691834432869,9.147095200001838,5.551699600039831,0.0,0.0,0.0,0.0,0.0,model4,19.0,False,3723.0
1241,2015-06-06T08:00:00Z,78.0,169.22879348442075,462.35337793938726,98.7110424168305,38.64204266617319,17.83442948890928,58.18541597347053,9.84738211594695,4.533033002940975,0.0,0.0,0.0,0.0,0.0,model4,19.0,False,3726.0
1242,2015-06-06T11:00:00Z,78.0,171.2624283479145,451.9730735978937,98.60738661761124,39.01494057873499,17.454177847528438,55.14715418665145,9.819085885389145,4.526690190816161,0.0,0.0,0.0,0.0,0.0,model4,19.0,False,3729.0
1243,2015-06-06T14:00:00Z,78.0,169.45884213873038,447.8098961737271,99.79197897578793,38.29117969110858,17.734498952676407,54.47291020866522,10.89357258417441,4.907764217626367,0.0,0.0,0.0,0.0,0.0,model4,19.0,False,3732.0
1244,2015-06-06T17:00:00Z,78.0,169.88643794174754,453.54377092258215,100.07536014695259,39.025737905499504,17.476999407264863,54.34128135459344,11.69985533923243,4.925412913440248,0.0,0.0,0.0,0.0,0.0,model4,19.0,False,3735.0
1245,2015-06-06T20:00:00Z,78.0,172.1874945975899,447.9331880933997,99.19071947559492,39.228175838108356,16.80544368848817,55.21664680059239,11.121135027984787,4.67721968008021,0.0,0.0,0.0,0.0,0.0,model4,19.0,False,3738.0
1246,2015-06-06T23:00:00Z,78.0,172.4239736875539,446.6226159917812,100.22208665150634,39.17085646190361,15.77550417984098,54.29757683692685,10.595789017644927,5.023537861686544,0.0,0.0,0.0,0.0,0.0,model4,19.0,False,3741.0
1247,2015-06-07T02:00:00Z,78.0,172.6669134470401,446.1430255932243,99.64223313049366,39.44616979161039,16.621668448643252,59.4240267862213,11.128960707981124,4.902668248548007,0.0,0.0,0.0,0.0,0.0,model4,19.0,False,3744.0
1248,2015-06-07T05:00:00Z,78.0,169.17176849065729,446.7816827843911,97.39162951140936,39.429120975953744,13.730885817030174,61.470921854699256,10.557648203327568,4.719364485001167,0.0,0.0,0.0,0.0,0.0,model4,19.0,False,3747.0
1249,2015-06-07T08:00:00Z,78.0,168.02540013332717,447.0739674327326,96.61994008704286,38.98388223057594,15.02489791378799,66.6641824923408,9.99880152702009,4.577543962490994,0.0,0.0,0.0,0.0,0.0,model4,19.0,False,3750.0
1250,2015-06-07T11:00:00Z,78.0,168.65780666616737,453.44096506886734,96.92475487793655,38.5685378831335,16.22384777474165,63.98617555210218,10.496635757209742,4.992220530005102,0.0,0.0,0.0,0.0,0.0,model4,19.0,False,3753.0
1251,2015-06-07T14:00:00Z,78.0,169.03328315117776,452.49144216223885,96.8171690943367,39.91020370073817,17.173918286139017,60.790769219651786,10.175950361329928,4.954604600425392,0.0,0.0,0.0,0.0,0.0,model4,19.0,False,3756.0
1252,2015-06-07T17:00:00Z,78.0,169.61420042002996,440.63254778356566,96.91297782110462,39.35894636312084,18.99197566982371,56.68578800351602,9.381211408672922,4.8352421527361855,0.0,0.0,0.0,0.0,0.0,model4,19.0,False,3759.0
1253,2015-06-07T20:00:00Z,78.0,170.23010750012295,443.70916458650026,96.44827529488717,39.50035141729082,18.554090799297413,62.702942562681805,9.85619078378849,4.956984997245286,0.0,0.0,0.0,0.0,0.0,model4,19.0,False,3762.0
1254,2015-06-07T23:00:00Z,78.0,170.14722700201114,447.96770908629344,96.2500366527516,39.771616520529776,18.488421266903945,64.0996819892974,9.870961717322329,4.876667471129967,0.0,0.0,0.0,0.0,0.0,model4,19.0,False,3765.0
1255,2015-06-08T02:00:00Z,78.0,169.96185173109063,447.4930032195728,96.21984269198973,39.38566184941039,17.810693106581112,56.98960150422077,9.566947519557607,4.883870260014384,0.0,0.0,0.0,0.0,0.0,model4,19.0,False,3768.0
1256,2015-06-08T05:00:00Z,78.0,170.61855008074926,440.6489864546462,96.69814945625878,39.99821240835743,18.172231954603042,56.57531591919054,9.675206514015134,4.991251762333704,0.0,0.0,0.0,0.0,0.0,model4,19.0,False,3771.0
1257,2015-06-08T08:00:00Z,78.0,170.3704075491787,440.98793688399394,97.73002614875021,40.30095034388308,19.26840481719398,50.429149099096115,9.265934056143307,4.9130412440208495,0.0,0.0,0.0,0.0,0.0,model4,19.0,False,3774.0
1258,2015-06-08T11:00:00Z,78.0,169.42525465026952,431.62840894996407,98.66897406435676,40.222134335436785,18.711793312674374,48.486777424965446,9.894892561967822,4.567311493406927,0.0,0.0,0.0,0.0,0.0,model4,19.0,False,3777.0
1259,2015-06-08T14:00:00Z,78.0,171.83840427451833,436.3626493216431,97.46937120739805,39.74478499575725,17.972498063565023,50.207365512744964,11.009581619405749,4.5415812964939875,0.0,0.0,0.0,0.0,0.0,model4,19.0,False,3780.0
1260,2015-06-08T17:00:00Z,78.0,169.35799854980138,439.05253933782507,98.63139324634531,39.49144583154385,16.713159672991708,49.08596299862359,11.66153807765363,4.7817565734992336,0.0,0.0,0.0,0.0,0.0,model4,19.0,False,3783.0
1261,2015-06-08T20:00:00Z,78.0,168.80823004222717,441.32962390771,99.42413517261978,39.960642641341785,17.39419691610243,41.23599456920599,10.992726420867042,4.828293836495585,0.0,0.0,0.0,0.0,0.0,model4,19.0,False,3786.0
1262,2015-06-08T23:00:00Z,78.0,167.39873437731416,442.00216606666777,101.28467201112514,40.49720461824293,17.73147562076966,44.00178784122511,12.844787904661052,4.855560198728288,0.0,0.0,0.0,0.0,0.0,model4,19.0,False,3789.0
1263,2015-06-09T02:00:00Z,78.0,169.69365780852524,447.3274865244243,102.65719314160404,40.34710131962176,17.05796204921432,49.577690679890786,12.489034750189429,4.432105235134193,0.0,0.0,0.0,0.0,0.0,model4,19.0,False,3792.0
1264,2015-06-09T05:00:00Z,78.0,169.56096098344563,452.6137781516378,102.32826418177014,39.619170384179675,16.51310026456819,49.367692754455355,12.388691320755456,4.491047853174206,0.0,0.0,0.0,0.0,0.0,model4,19.0,False,3795.0
1265,2015-06-09T08:00:00Z,78.0,170.4448146204265,447.2191468940455,102.387834643569,39.79778624034254,13.577440985777164,52.82116264922485,12.426376582901664,4.5984927709588055,0.0,0.0,0.0,0.0,0.0,model4,19.0,False,3798.0
1266,2015-06-09T11:00:00Z,78.0,168.6355073418143,448.2100344412543,100.2138766069473,39.58069657005085,13.685476819648152,52.536067651330654,12.752321855440464,4.883322523239353,0.0,0.0,0.0,0.0,0.0,model4,19.0,False,3801.0
1267,2015-06-09T14:00:00Z,78.0,167.2520979146644,442.3346386236602,101.42183542814959,39.521435388746575,12.896750478553267,50.69041789825868,11.464162415668733,4.473386605041995,0.0,0.0,0.0,0.0,0.0,model4,19.0,False,3804.0
1268,2015-06-09T17:00:00Z,78.0,165.50874005407601,446.44514597175385,100.0512635968915,39.97484840730039,14.034512539311752,52.9469244796037,11.037673861605773,4.832009611319427,0.0,0.0,0.0,0.0,0.0,model4,19.0,False,3807.0
1269,2015-06-09T20:00:00Z,78.0,165.08403823371333,450.7979157032845,100.21740724729456,38.98234309283536,13.809078854584556,62.33066839532568,11.370119009400733,4.9097891187768266,0.0,0.0,0.0,0.0,0.0,model4,19.0,False,3810.0
1270,2015-06-09T23:00:00Z,78.0,166.35983344514625,448.275055703695,98.14668133945592,38.38274743852068,13.843394085813019,59.90506439937275,8.823809667747097,4.6606998429194535,0.0,0.0,0.0,0.0,0.0,model4,19.0,False,3813.0
1271,2015-06-10T02:00:00Z,78.0,164.8812445820395,441.64089948713234,97.73325433378487,38.554201289735715,13.371450698400887,60.468834595189676,9.114507118627431,4.627195852971898,0.0,0.0,0.0,0.0,0.0,model4,19.0,False,3816.0
1272,2015-06-10T05:00:00Z,78.0,163.90880358633666,442.3758399073249,98.31062114115021,39.718984903481186,14.001608616250833,61.75925873630643,9.464636319363988,5.255596272508549,0.0,0.0,0.0,0.0,0.0,model4,19.0,False,3819.0
1273,2015-06-10T08:00:00Z,78.0,164.72844654287263,445.88797072388,97.62139065912253,39.865893503409936,14.87571583258252,59.86182647463495,10.143535538266438,5.442835677588106,0.0,0.0,0.0,0.0,0.0,model4,19.0,False,3822.0
1274,2015-06-10T11:00:00Z,78.0,167.21387590694246,452.93385694244245,98.31684060208558,40.587657778013686,15.096948856518233,59.255680613816644,9.673311658887727,5.091398851656658,0.0,0.0,0.0,0.0,0.0,model4,19.0,False,3825.0
1275,2015-06-10T14:00:00Z,78.0,166.11689061346524,451.0255167820634,98.35403962109044,40.42498805497401,15.656330354049532,60.415658125811994,10.539824498667583,5.145102394658823,0.0,0.0,0.0,0.0,0.0,model4,19.0,False,3828.0
1276,2015-06-10T17:00:00Z,78.0,169.97561887084836,453.9007550973819,99.8543097740182,39.9970265979079,14.293454046999006,59.07485842531516,10.7425468508287,5.0159653618019915,0.0,0.0,0.0,0.0,0.0,model4,19.0,False,3831.0
1277,2015-06-10T20:00:00Z,78.0,169.80066013802053,453.3521379946196,99.59119905543604,39.81802541793172,13.835801866603914,54.356587453112496,10.338745151783767,5.209623766489235,0.0,0.0,0.0,0.0,0.0,model4,19.0,False,3834.0
1278,2015-06-10T23:00:00Z,78.0,169.87162036379655,455.5019276692646,98.90768511623492,40.06449563020187,13.66790851571406,51.551196910446606,10.61229435838041,4.931342104518509,0.0,0.0,0.0,0.0,0.0,model4,19.0,False,3837.0
1279,2015-06-11T02:00:00Z,78.0,170.14963258087695,460.5970155501563,101.4109820312655,39.40653942078063,13.789457915211134,45.348616444035045,12.38752485260214,5.127872747275786,0.0,0.0,0.0,0.0,0.0,model4,19.0,False,3840.0
1280,2015-06-11T05:00:00Z,78.0,173.41708523123242,464.9300044581704,102.57521931412964,38.5718998180872,13.944424688799641,47.90912638035579,13.020241120677516,4.336376274755159,0.0,0.0,0.0,0.0,1.0,model4,19.0,False,3843.0
1281,2015-06-11T08:00:00Z,78.0,171.27568901800862,474.50651171479035,103.57184262982528,37.85483945895355,14.422404105914348,53.113930729451425,12.261332248125159,4.049898188424844,0.0,0.0,0.0,0.0,1.0,model4,19.0,False,3846.0
1282,2015-06-11T11:00:00Z,78.0,168.33831177490092,478.7631874888108,104.5159210556693,38.422361963704965,14.917736114755865,54.34861933635467,11.663112638939538,5.073180952342233,0.0,0.0,0.0,0.0,1.0,model4,19.0,False,3849.0
1283,2015-06-11T14:00:00Z,78.0,168.44479881820718,485.6963925993972,103.92515121466805,38.498158246542346,14.11204366227041,49.111242262133466,10.63230437184605,5.114510368368491,0.0,0.0,0.0,0.0,1.0,model4,19.0,False,3852.0
1284,2015-06-11T17:00:00Z,78.0,164.55986771652667,487.4167067743914,103.01994270075085,38.981078123408935,14.11268124370303,51.916285495468856,10.754262914240382,5.04239833111105,0.0,0.0,0.0,0.0,1.0,model4,19.0,False,3855.0
1285,2015-06-11T20:00:00Z,78.0,163.86993604810303,482.9327288127978,103.52417815127448,40.080060305917776,13.987227931619046,49.61960264804516,11.227869173948502,4.888552720920607,0.0,0.0,0.0,0.0,1.0,model4,19.0,False,3858.0
1286,2015-06-11T23:00:00Z,78.0,162.6310192733857,485.29067428454886,104.14633238065815,40.09723929510857,13.415076299217588,48.00121950507564,10.818753872542331,4.997377900013664,0.0,0.0,0.0,0.0,1.0,model4,19.0,False,3861.0
1287,2015-06-12T02:00:00Z,78.0,162.98757281740046,486.0168784977391,103.21153503716171,40.79445137658481,13.350980635946856,46.54502240520422,9.524851193637616,4.600947180728715,0.0,0.0,0.0,0.0,1.0,model4,19.0,False,3864.0
1288,2015-06-12T05:00:00Z,78.0,162.41640526126483,475.2147606897342,102.64584250084806,40.84853897383816,14.051093945424721,47.95515526191015,8.840701161204935,4.707535303533066,0.0,0.0,0.0,0.0,0.0,model4,19.0,False,3867.0
1289,2015-06-12T08:00:00Z,78.0,164.32975755414586,471.0818972418792,102.14168033081215,41.79598251569382,15.140683603467508,41.28026032980152,8.834398948985339,4.365209207009328,0.0,0.0,0.0,0.0,0.0,model4,19.0,False,3870.0
1290,2015-06-12T11:00:00Z,78.0,166.1886506324616,462.8188063722208,100.9742027151347,41.19331228658579,14.992107733317606,42.053632227399774,9.877934097982743,3.6052323714058128,0.0,0.0,0.0,0.0,0.0,model4,19.0,False,3873.0
1291,2015-06-12T14:00:00Z,78.0,165.88132385295518,462.21196480681647,99.9471425858206,41.50539130359545,15.7061601539824,41.64164415801053,9.551391896271973,3.727899537170946,0.0,0.0,0.0,0.0,0.0,model4,19.0,False,3876.0
1292,2015-06-12T17:00:00Z,78.0,169.5299643674296,453.7277723411927,101.02006467637251,41.593090682968935,14.936580630904094,39.09511873139221,10.393506623098396,3.3069388963026185,0.0,0.0,0.0,0.0,0.0,model4,19.0,False,3879.0
1293,2015-06-12T20:00:00Z,78.0,169.18173469508264,450.96664374553876,99.73019202388596,41.22434197946233,16.284501158406698,38.525028476666385,11.05597068465554,3.2702720535289305,0.0,0.0,0.0,0.0,0.0,model4,19.0,False,3882.0
1294,2015-06-12T23:00:00Z,78.0,170.55901256617219,455.3573516535412,100.59316342954772,41.68046473866097,16.104568360008074,44.4248327531421,11.368080573494641,3.4164709585725808,0.0,0.0,0.0,0.0,0.0,model4,19.0,False,3885.0
1295,2015-06-13T02:00:00Z,78.0,170.98484075314985,455.3547969788408,100.8583806763958,40.905646849982425,16.20152849376743,45.29320348427719,11.952061779562525,5.000216062323634,0.0,0.0,0.0,0.0,0.0,model4,19.0,False,3888.0
1296,2015-06-13T05:00:00Z,78.0,167.66183770877132,463.67719988532906,100.55349909246237,41.25799658094742,16.031700007965835,44.422098882467786,11.409476469110725,5.172912340513866,0.0,0.0,0.0,0.0,0.0,model4,19.0,False,3891.0
1297,2015-06-13T08:00:00Z,78.0,165.99659292667846,464.2513601822895,101.23025166231214,40.871194698037854,15.143250188413615,46.691972443868465,12.100590278441567,5.221787619576308,0.0,0.0,0.0,0.0,0.0,model4,19.0,False,3894.0
1298,2015-06-13T11:00:00Z,78.0,166.6579741905636,462.6568678609176,100.92387073213062,41.307484832951175,15.145954023252106,47.312469166421344,11.726847407524279,5.357422845151112,0.0,0.0,0.0,0.0,0.0,model4,19.0,False,3897.0
1299,2015-06-13T14:00:00Z,78.0,168.5732261071399,456.20255858188943,101.8666593980868,40.72287912106387,14.360930229509606,50.58878568795394,12.08746639945602,5.425558802044955,0.0,0.0,0.0,0.0,0.0,model4,19.0,False,3900.0
1300,2015-06-13T17:00:00Z,78.0,165.614686498819,464.61972530698165,101.63391383441014,40.71537140339964,14.308264778191422,48.84069752386674,11.352982877542305,5.4900043972866115,0.0,0.0,0.0,0.0,0.0,model4,19.0,False,3903.0
1301,2015-06-13T20:00:00Z,78.0,165.94137758964317,461.7304903191173,103.57141094673963,40.78747387906998,12.37074711875618,53.09382095070077,9.452992368213424,5.364013621459122,0.0,0.0,0.0,0.0,0.0,model4,19.0,False,3906.0
1302,2015-06-13T23:00:00Z,78.0,164.41105518861602,457.82152087949953,102.455361846233,40.53163025697562,14.853816178815048,52.191941054008,9.338519519171534,5.361196957197091,0.0,0.0,0.0,0.0,0.0,model4,19.0,False,3909.0
1303,2015-06-14T02:00:00Z,78.0,164.06986521249732,450.4474650242108,101.20132838235727,41.073637672700265,14.510097437243473,54.89487145131052,8.318775911916061,4.4933867340596905,0.0,0.0,0.0,0.0,0.0,model4,19.0,False,3912.0
1304,2015-06-14T05:00:00Z,78.0,164.2598376836911,444.8186632886962,100.88179653579009,40.32472919608977,12.783424335391992,52.852870768628684,8.360389592054595,4.306382795568137,0.0,0.0,0.0,0.0,0.0,model4,19.0,False,3915.0
1305,2015-06-14T08:00:00Z,78.0,165.36548089589553,447.1699495021098,100.18994841248842,40.26863417528821,12.757197649832056,54.771115104714134,7.841965928477959,4.4081712103043245,0.0,0.0,0.0,0.0,0.0,model4,19.0,False,3918.0
1306,2015-06-14T11:00:00Z,78.0,165.5433546041401,446.4938050104106,100.81901008448988,40.05786192060997,12.920795829167744,53.904971678125456,7.846712028666119,4.339523745160847,0.0,0.0,0.0,0.0,0.0,model4,19.0,False,3921.0
1307,2015-06-14T14:00:00Z,78.0,164.50541204874412,452.3862872502169,101.25885669299112,40.63155970800497,13.170183037577452,52.79285860592947,8.369445446567859,4.208155284567825,0.0,0.0,0.0,0.0,0.0,model4,19.0,False,3924.0
1308,2015-06-14T17:00:00Z,78.0,166.25977277477622,441.22929199026186,99.28889252113736,40.58692415589876,12.908036970765062,52.967935950028384,9.172089153365329,4.6772050765154205,0.0,0.0,0.0,0.0,0.0,model4,19.0,False,3927.0
1309,2015-06-14T20:00:00Z,78.0,167.99066177549804,438.2024456640483,99.57990841884848,40.58397019636457,13.73588103802712,52.595683472944685,9.911072467347822,4.679581433618384,0.0,0.0,0.0,0.0,0.0,model4,19.0,False,3930.0
1310,2015-06-14T23:00:00Z,78.0,168.31998592460917,433.8162902817065,100.84870978941693,40.60081295650535,11.383623727184348,48.26294634302927,10.158243273434358,4.868314110918972,0.0,0.0,0.0,0.0,0.0,model4,19.0,False,3933.0
1311,2015-06-15T02:00:00Z,78.0,169.43991169632332,429.95325566960213,100.24878967506314,40.60829914968978,11.847362787093232,48.34587637690071,10.636233285209524,4.803763753725577,0.0,0.0,0.0,0.0,0.0,model4,19.0,False,3936.0
1312,2015-06-15T05:00:00Z,78.0,171.4688961888028,430.4464773206715,101.16749072875493,41.485254022649,11.346511910498874,52.614806957314606,11.20792016775099,5.1146462284760075,0.0,0.0,0.0,0.0,0.0,model4,19.0,False,3939.0
1313,2015-06-15T08:00:00Z,78.0,171.22293176292382,419.7883599470366,102.56781179993764,41.49030416355361,13.048767808377216,45.44200504877881,11.517998902599466,4.902832681880686,0.0,0.0,0.0,0.0,0.0,model4,19.0,False,3942.0
1314,2015-06-15T11:00:00Z,78.0,171.94445410281597,421.5527331888487,103.01467289039977,41.06596958408269,15.34155504040695,48.297058097336645,11.253758016721699,4.819134564318828,0.0,0.0,0.0,0.0,0.0,model4,19.0,False,3945.0
1315,2015-06-15T14:00:00Z,78.0,171.71359104150258,415.30887767874896,101.02657795949386,40.90408140681069,14.97158129854502,45.046170943244974,11.290593527271636,4.898059958231143,0.0,0.0,0.0,0.0,0.0,model4,19.0,False,3948.0
1316,2015-06-15T17:00:00Z,78.0,170.524412061127,423.95459248631926,102.75725119817659,40.592168508354405,15.421460180672787,48.815858812310076,10.307797586567967,4.59678140626883,0.0,0.0,0.0,0.0,0.0,model4,19.0,False,3951.0
1317,2015-06-15T20:00:00Z,78.0,168.8614253693703,430.3396224847811,102.35367060648476,40.61821359722126,16.032548416326776,51.592643123480904,11.111186471575506,4.781137679756764,0.0,0.0,0.0,0.0,0.0,model4,19.0,False,3954.0
1318,2015-06-15T23:00:00Z,78.0,169.87065839603338,432.23628939111376,101.78079312353618,40.56112454606095,15.551172410984563,60.6606421524533,10.819972003470069,4.450066409209841,0.0,0.0,0.0,0.0,0.0,model4,19.0,False,3957.0
1319,2015-06-16T02:00:00Z,78.0,168.6576129396291,438.6726919249109,101.74689930999037,39.47802881668097,15.51550799595458,59.75794418430193,10.750024580914474,5.344312225348831,0.0,0.0,0.0,0.0,0.0,model4,19.0,False,3960.0
1320,2015-06-16T05:00:00Z,78.0,169.16509496122774,440.9286763290322,101.0422719846717,38.61287716784828,16.270788671938362,56.27894580383082,10.265428149289091,5.151261740356022,0.0,0.0,0.0,0.0,0.0,model4,19.0,False,3963.0
1321,2015-06-16T08:00:00Z,78.0,169.48367297830504,441.551990289525,100.18677941500229,39.05228307761956,15.25382674663512,53.040016144983575,9.584095574997978,5.617291969865213,0.0,0.0,0.0,0.0,0.0,model4,19.0,False,3966.0
1322,2015-06-16T11:00:00Z,78.0,169.04013280773898,438.7461261049011,99.7284974339596,39.929349740668975,13.87507624523282,52.866065562677186,10.442815959546056,6.209075948817136,0.0,0.0,0.0,0.0,0.0,model4,19.0,False,3969.0
1323,2015-06-16T14:00:00Z,78.0,170.34971284365832,445.87220437176245,100.02681604391421,39.74377638165286,13.662226030920268,55.55310606456727,9.944251754283183,6.09803379164822,0.0,0.0,0.0,0.0,0.0,model4,19.0,False,3972.0
1324,2015-06-16T17:00:00Z,78.0,171.1676543017955,442.0801140525952,99.3278972466135,40.55849618705982,14.008023512687226,53.510899694146936,9.868864576465182,6.212267434404327,0.0,0.0,0.0,0.0,0.0,model4,19.0,False,3975.0
1325,2015-06-16T20:00:00Z,78.0,170.91820290176364,443.19227688247526,99.90148791510984,40.22295756551737,13.739932938140473,49.1323839387645,8.712321708591327,6.902179132823916,0.0,0.0,0.0,0.0,0.0,model4,19.0,False,3978.0
1326,2015-06-16T23:00:00Z,78.0,169.0202207483436,441.1142534766735,99.96474167968486,40.00305719035618,15.163971162800989,38.0404088460787,9.392585231956543,6.775397002610854,0.0,0.0,0.0,0.0,0.0,model4,19.0,False,3981.0
1327,2015-06-17T02:00:00Z,78.0,169.6852039287983,440.3192546560823,99.62234896234007,41.553042139469326,15.634351213384388,34.98157204366056,8.31060251845337,5.9682932686461925,0.0,0.0,0.0,0.0,0.0,model4,19.0,False,3984.0
1328,2015-06-17T05:00:00Z,78.0,169.29503435098005,440.2273987648056,98.1639183424396,42.30642317810342,14.619552019067898,35.4702360565757,9.538042544591182,5.29092183169441,0.0,0.0,0.0,0.0,0.0,model4,19.0,False,3987.0
1329,2015-06-17T08:00:00Z,78.0,169.23061830596174,445.3396001928107,97.62948005498798,41.92618711747252,15.411756567459276,36.273704643483356,10.524378527299108,5.000869250022182,0.0,0.0,0.0,0.0,0.0,model4,19.0,False,3990.0
1330,2015-06-17T11:00:00Z,78.0,168.1452108281795,452.7486717036724,98.2646152043392,40.62895453551195,14.079493738048509,33.004238638759126,10.635130976782698,4.990941414741508,0.0,0.0,0.0,0.0,0.0,model4,19.0,False,3993.0
1331,2015-06-17T14:00:00Z,78.0,167.6185094108251,452.74260753355003,98.30307707370079,40.38344664816052,16.24046115714436,35.9288084449078,10.64986056355078,5.092578020858231,0.0,0.0,0.0,0.0,0.0,model4,19.0,False,3996.0
1332,2015-06-17T17:00:00Z,78.0,168.35693179513314,455.81021108954315,99.3867728318894,39.685818932558384,16.45597164671616,34.80369121373399,11.323143395704605,5.390385317223038,0.0,0.0,0.0,0.0,0.0,model4,19.0,False,3999.0
1333,2015-06-17T20:00:00Z,78.0,169.36159865850055,451.8508295920551,97.23692200943762,39.883405595236994,16.551841543561462,37.30464708665692,11.647813067847213,4.299479916977973,0.0,0.0,0.0,0.0,0.0,model4,19.0,False,4002.0
1334,2015-06-17T23:00:00Z,78.0,171.54307720717637,454.50388918289167,95.6184415151074,39.34659507514512,15.057617243846336,35.829201635079194,11.733156935611849,4.510916322215492,0.0,0.0,0.0,0.0,0.0,model4,19.0,False,4005.0
1335,2015-06-18T02:00:00Z,78.0,170.59841402833442,460.4893401742036,94.63105983739914,38.902091030526044,16.807684431339027,41.89940586219228,12.492062361706665,3.9512026543195806,0.0,0.0,0.0,0.0,0.0,model4,19.0,False,4008.0
1336,2015-06-18T05:00:00Z,78.0,170.46196937508586,456.7699842070694,96.30502129551012,38.2840651438526,16.820684039914802,43.4109001678209,12.407483179926784,3.864970330617958,0.0,0.0,0.0,0.0,0.0,model4,19.0,False,4011.0
1337,2015-06-18T08:00:00Z,78.0,170.14850451379422,451.5472628267504,95.86643024047943,37.86866690827573,17.105420511683032,44.0881612081824,11.316592145729206,3.6437600627953097,0.0,0.0,0.0,0.0,0.0,model4,19.0,False,4014.0
1338,2015-06-18T11:00:00Z,78.0,171.16275702103226,450.05993750579637,95.37935062141952,38.77374049684142,17.615976252767382,44.52284379218686,10.623635629046776,3.900321337540713,0.0,0.0,0.0,0.0,0.0,model4,19.0,False,4017.0
1339,2015-06-18T14:00:00Z,78.0,171.86041821158855,449.5879699102942,95.96736806007351,39.364532019807854,15.393804833321473,37.05460483755019,10.73753288290803,4.095186075325944,0.0,0.0,0.0,0.0,0.0,model4,19.0,False,4020.0
1340,2015-06-18T17:00:00Z,78.0,171.12089726867367,450.9104193092013,95.25439527222956,39.74925596846373,14.55432914166206,39.21627875357711,10.466476136441274,3.863881378918165,0.0,0.0,0.0,0.0,0.0,model4,19.0,False,4023.0
1341,2015-06-18T20:00:00Z,78.0,173.16827917404092,455.13923198748313,95.45020055375194,40.06539461484703,13.46433098048738,37.16621214833878,10.076701194934564,3.9733497022135458,0.0,0.0,0.0,0.0,0.0,model4,19.0,False,4026.0
1342,2015-06-18T23:00:00Z,78.0,170.5224398726791,455.7421431175098,97.73069763164992,40.45114274317973,15.145732512811634,38.64363824727867,9.925265027650278,3.66000349646087,0.0,0.0,0.0,0.0,0.0,model4,19.0,False,4029.0
1343,2015-06-19T02:00:00Z,78.0,171.7538293757193,460.905106046232,100.03451868862776,40.39381299523196,12.679663175922954,39.3275267182731,8.907536926947273,3.8711184480335423,0.0,0.0,0.0,0.0,0.0,model4,19.0,False,4032.0
1344,2015-06-19T05:00:00Z,78.0,173.49076776249768,466.0713786273111,100.07359396679868,40.95302482639536,14.580938182899954,37.65375052346021,8.846151875253629,4.238918965829579,0.0,0.0,0.0,0.0,0.0,model4,19.0,False,4035.0
1345,2015-06-19T08:00:00Z,78.0,171.88168300903092,467.2082079111311,99.8834652886561,41.6101489573238,14.392408612265733,39.74174880922996,8.918475889482306,4.235188761771058,0.0,0.0,0.0,0.0,0.0,model4,19.0,False,4038.0
1346,2015-06-19T11:00:00Z,78.0,170.23983453010618,465.6550139168724,102.42319676729193,41.39220242721951,14.711901406860347,38.0404582496588,10.60307377473642,4.181266072081368,0.0,0.0,0.0,0.0,0.0,model4,19.0,False,4041.0
1347,2015-06-19T14:00:00Z,78.0,168.99452502843275,461.58403443107727,102.5317184783672,40.690759728167855,14.713313957504592,50.27226448821161,10.993423762502887,4.2968848045582995,0.0,0.0,0.0,0.0,0.0,model4,19.0,False,4044.0
1348,2015-06-19T17:00:00Z,78.0,168.81096425727017,464.3476213351437,102.53450034430185,40.82494143494187,14.806639932267466,50.85266269650487,11.096735950686586,3.876875311495835,0.0,0.0,0.0,0.0,0.0,model4,19.0,False,4047.0
1349,2015-06-19T20:00:00Z,78.0,166.39231900105582,455.5118651714133,103.36882346720465,41.194545503304674,15.13958240806435,58.9065607643521,10.234027681223493,4.918107955185055,0.0,0.0,0.0,0.0,0.0,model4,19.0,False,4050.0
1350,2015-06-19T23:00:00Z,78.0,167.50719986415527,459.028460389248,102.99809534472084,41.42983535480794,14.906517757862408,60.61714772619258,11.486364107308061,5.426529137393381,0.0,0.0,0.0,0.0,0.0,model4,19.0,False,4053.0
1351,2015-06-20T02:00:00Z,78.0,166.00282343933938,455.7570712645997,102.2769543256478,41.23174142091925,14.649854715780736,61.430691757205814,11.669641798366284,5.475991411182623,0.0,0.0,0.0,0.0,0.0,model4,19.0,False,4056.0
1352,2015-06-20T05:00:00Z,78.0,161.23519324833754,453.3287448988901,101.70258778883658,41.0746953330276,12.192176569242426,60.71795000766825,12.152803278526411,5.120173169267309,0.0,0.0,0.0,0.0,0.0,model4,19.0,False,4059.0
1353,2015-06-20T08:00:00Z,78.0,161.13324157923566,449.8452274882997,102.89306859936258,40.73205108047164,12.267449848033971,61.71820719850568,11.942949583304822,5.3893338476761246,0.0,0.0,0.0,0.0,0.0,model4,19.0,False,4062.0
1354,2015-06-20T11:00:00Z,78.0,160.60876443941504,451.047009544407,100.90072289564856,40.243946457324036,11.798267868611449,63.51013891580414,10.0419771760946,5.714894805970862,0.0,0.0,0.0,0.0,0.0,model4,19.0,False,4065.0
1355,2015-06-20T14:00:00Z,78.0,161.76917543504314,453.68306730678637,100.55754052336901,40.138898056696256,13.029961851568634,58.11297974578781,9.745233602346996,6.0705108512097885,0.0,0.0,0.0,0.0,0.0,model4,19.0,False,4068.0
1356,2015-06-20T17:00:00Z,78.0,162.75834606338998,448.6909599293131,100.1051314890299,38.84657246804605,14.825858593284908,57.0839403343753,9.114282654574245,6.817919750054972,0.0,0.0,0.0,0.0,0.0,model4,19.0,False,4071.0
1357,2015-06-20T20:00:00Z,78.0,163.4182956189319,458.6411907865458,100.78023644684322,38.36018020157758,13.770734639313776,50.581353728632116,9.383876316474176,5.9803730869889975,0.0,0.0,0.0,0.0,0.0,model4,19.0,False,4074.0
1358,2015-06-20T23:00:00Z,78.0,163.61658643469943,461.38138798893857,99.10442775172405,38.5313668790068,14.406245547780685,54.77022897669555,8.46557983618334,5.796840468901356,0.0,0.0,0.0,0.0,0.0,model4,19.0,False,4077.0
1359,2015-06-21T02:00:00Z,78.0,164.24497401908772,463.35963413161835,98.55136572678751,38.57844121814989,14.386731048689148,51.71410011217953,8.525573183216915,5.713076460202039,0.0,0.0,0.0,0.0,0.0,model4,19.0,False,4080.0
1360,2015-06-21T05:00:00Z,78.0,166.11828752245486,465.2111407098035,98.71135215590898,38.54491662596204,14.450345558459544,50.95851567003717,7.981790962858559,5.604972575244111,0.0,0.0,0.0,0.0,0.0,model4,19.0,False,4083.0
1361,2015-06-21T08:00:00Z,78.0,168.5625852846759,481.6148207788772,98.3930529164438,38.57692742954786,14.721034822091227,50.402794819209824,7.641038824874967,5.202124826128451,0.0,0.0,0.0,0.0,0.0,model4,19.0,False,4086.0
1362,2015-06-21T11:00:00Z,78.0,169.27959028879934,483.7423811561477,98.47048371422044,38.551929047389066,15.60047777445158,48.43997531042035,7.985648824606483,4.949466430974733,0.0,0.0,0.0,0.0,0.0,model4,19.0,False,4089.0
1363,2015-06-21T14:00:00Z,78.0,169.2511797021325,485.7692153412548,99.25123966659972,38.46852289922765,16.497216514657918,45.25078535718203,8.812958165379873,4.665094005241058,0.0,0.0,0.0,0.0,0.0,model4,19.0,False,4092.0
1364,2015-06-21T17:00:00Z,78.0,168.01087039427514,485.891576455225,99.52524615092342,39.23778132632144,15.386651942536163,43.11159777066187,8.761160247566288,3.5404152920414798,0.0,0.0,0.0,0.0,0.0,model4,19.0,False,4095.0
1365,2015-06-21T20:00:00Z,78.0,166.59539958591117,483.32401365994883,98.16004082924887,39.744030433807204,16.654620790072563,44.04860486967193,8.727745942618268,4.091211569408339,0.0,0.0,0.0,0.0,0.0,model4,19.0,False,4098.0
1366,2015-06-21T23:00:00Z,78.0,166.79040924582986,481.9362732581236,99.00810556973178,39.44565075759229,15.658392049797973,38.92523716992743,8.40384560075585,3.83944940243841,0.0,0.0,0.0,0.0,0.0,model4,19.0,False,4101.0
1367,2015-06-22T02:00:00Z,78.0,165.62551266514603,467.0455296754917,99.07077977559895,39.407128638784684,17.624572443179034,50.30375928179257,8.551490630737486,4.334845087195792,0.0,0.0,0.0,0.0,0.0,model4,19.0,False,4104.0
1368,2015-06-22T05:00:00Z,78.0,166.72168218551118,461.691699497331,99.60416470432043,38.789071974788406,17.167114922031406,55.315055972994784,8.239020537843732,4.851473968833668,0.0,0.0,0.0,0.0,0.0,model4,19.0,False,4107.0
1369,2015-06-22T08:00:00Z,78.0,167.3832046822744,449.0511742273584,100.41862347371763,38.541706196141575,19.223454910500887,48.48435804641368,8.220621921627348,4.825876405478884,0.0,0.0,0.0,0.0,0.0,model4,19.0,False,4110.0
1370,2015-06-22T11:00:00Z,78.0,168.79641374850036,442.9584923528576,101.3871190871288,38.71265283413622,18.377688599451265,48.16728125660981,9.216670584711547,4.87377625861129,0.0,0.0,0.0,0.0,0.0,model4,19.0,False,4113.0
1371,2015-06-22T14:00:00Z,78.0,167.29070675074362,443.26859501068196,100.21466835059992,38.91921838012464,17.4601678160216,46.245064941068925,8.663333909072858,4.982582566143521,0.0,0.0,0.0,0.0,0.0,model4,19.0,False,4116.0
1372,2015-06-22T17:00:00Z,78.0,166.95078671693753,446.5062735379023,99.78404290135524,38.68279752613996,17.71414096832021,48.13231967861719,8.743850942559083,4.993998048461158,0.0,0.0,0.0,0.0,0.0,model4,19.0,False,4119.0
1373,2015-06-22T20:00:00Z,78.0,169.3905717682649,450.7633673001345,100.58894294549113,39.04424577475155,16.854439155017314,52.371591235593975,8.164824962156276,5.462373936871748,0.0,0.0,0.0,0.0,0.0,model4,19.0,False,4122.0
1374,2015-06-22T23:00:00Z,78.0,171.05742178499716,445.22963052526603,100.47931100098205,39.25008316080246,16.799082619438177,50.377829983150654,8.445504504687532,5.4317633592839805,0.0,0.0,0.0,0.0,0.0,model4,19.0,False,4125.0
1375,2015-06-23T02:00:00Z,78.0,173.0362587894723,447.1597381389661,101.29511606729693,39.27810980158148,16.42557551704785,46.83340895798168,8.523249658538933,5.503742581414123,0.0,0.0,0.0,0.0,0.0,model4,19.0,False,4128.0
1376,2015-06-23T05:00:00Z,78.0,172.85875282597192,455.972847231277,100.3897113622266,40.43166588808883,16.15290828242434,43.8280893427481,9.554371538684668,5.384402880533608,0.0,0.0,0.0,0.0,0.0,model4,19.0,False,4131.0
1377,2015-06-23T08:00:00Z,78.0,170.7303424047039,451.7129686868977,100.5034371263455,40.89660268691749,13.668598877601815,47.36366217002079,9.455260378046157,5.377088400408908,0.0,0.0,0.0,0.0,0.0,model4,19.0,False,4134.0
1378,2015-06-23T11:00:00Z,78.0,169.40378389201825,454.6366158077965,99.9053252474392,41.36783757245668,13.449152366251619,45.336361015413075,8.540217738539287,5.810441656371232,0.0,0.0,0.0,0.0,0.0,model4,19.0,False,4137.0
1379,2015-06-23T14:00:00Z,78.0,171.27449651826075,453.46758824853134,99.0667448324316,41.623009215631114,13.102722290480086,48.5180360694306,9.870617161822489,5.957734496805223,0.0,0.0,0.0,0.0,0.0,model4,19.0,False,4140.0
1380,2015-06-23T17:00:00Z,78.0,171.99342140435192,453.6625292015033,99.96675431912416,42.05318836704525,13.48636959967858,49.485045201283995,11.491338106475196,5.809512213393204,0.0,0.0,0.0,0.0,0.0,model4,19.0,False,4143.0
1381,2015-06-23T20:00:00Z,78.0,169.3415277682036,452.4211258215418,99.87137511455559,40.85856067358503,15.77418044872096,46.60839076971856,11.667602915280984,5.340340639903291,0.0,0.0,0.0,0.0,0.0,model4,19.0,False,4146.0
1382,2015-06-23T23:00:00Z,78.0,168.56936528794284,457.9861033724529,98.93506329721329,39.91668897790033,15.711129571786616,47.446655348693284,11.880347877770802,6.2545649104334835,0.0,0.0,0.0,0.0,0.0,model4,19.0,False,4149.0
1383,2015-06-24T02:00:00Z,78.0,167.83220483500216,465.58147915113284,96.82741492661877,40.337649517491066,13.233315053005636,41.22028302726887,12.265691428621588,5.87123047970355,0.0,0.0,0.0,0.0,0.0,model4,19.0,False,4152.0
1384,2015-06-24T05:00:00Z,78.0,167.52845233923676,456.9709798123077,97.9575412003287,39.593061587308654,12.698264862630465,49.671554276926145,11.92781725187562,5.425497963425193,0.0,0.0,0.0,0.0,0.0,model4,19.0,False,4155.0
1385,2015-06-24T08:00:00Z,78.0,167.33562585628803,468.04030293556485,97.93979454173376,39.40958220795847,12.989599144006624,42.858419129223655,13.74393314421632,5.308200952326083,0.0,0.0,0.0,0.0,0.0,model4,19.0,False,4158.0
1386,2015-06-24T11:00:00Z,78.0,165.66360627605317,462.4322649825164,98.61225406802576,38.95943216641224,14.716830062757525,48.10571228885219,14.819522813250678,4.6025806996327665,0.0,0.0,0.0,0.0,0.0,model4,19.0,False,4161.0
1387,2015-06-24T14:00:00Z,78.0,165.48378696038563,460.3260944749549,100.49699929132122,38.67912941394141,15.397656565144752,46.32816475508932,14.203643418078638,4.272685818022905,0.0,0.0,0.0,0.0,0.0,model4,19.0,False,4164.0
1388,2015-06-24T17:00:00Z,78.0,164.95273052579466,451.30175817100013,100.86102076235927,38.69367645006622,15.195525713604695,47.93262081904273,13.274758799680086,4.465179505383522,0.0,0.0,0.0,0.0,0.0,model4,19.0,False,4167.0
1389,2015-06-24T20:00:00Z,78.0,167.5562337445064,446.5063642149746,100.17452652573256,39.11092257920382,13.698138558242722,47.008018778479155,13.597366326961474,4.650414775731528,0.0,0.0,0.0,0.0,0.0,model4,19.0,False,4170.0
1390,2015-06-24T23:00:00Z,78.0,165.78110430378618,433.2138301464848,100.64495855905001,39.953256901974676,13.742081092800493,44.77398558149814,13.198597424094794,3.676285830413295,0.0,0.0,0.0,0.0,0.0,model4,19.0,False,4173.0
1391,2015-06-25T02:00:00Z,78.0,166.80230721565303,429.3169014017452,101.9152600820092,39.91721819128792,14.351714293707788,43.81936588514873,12.128318614283213,3.905840012974465,0.0,0.0,0.0,0.0,0.0,model4,19.0,False,4176.0
1392,2015-06-25T05:00:00Z,78.0,168.06161692575682,439.17722002377184,101.43534313170242,40.003336413213894,16.135669026030133,44.89667876125954,13.988067478964062,4.160417735618192,0.0,0.0,0.0,0.0,0.0,model4,19.0,False,4179.0
1393,2015-06-25T08:00:00Z,78.0,169.99949557475284,438.2677577286458,99.62057492771324,39.58985920512015,15.688640987502383,44.67598017354392,12.49867253640681,4.263350592869192,0.0,0.0,0.0,0.0,0.0,model4,19.0,False,4182.0
1394,2015-06-25T11:00:00Z,78.0,174.95782070111903,439.2072685046391,97.45583719364308,39.042355545495546,15.482084544985428,43.74540851042144,10.921513156680579,4.838711767410247,0.0,0.0,0.0,0.0,0.0,model4,19.0,False,4185.0
1395,2015-06-25T14:00:00Z,78.0,175.0454198815244,429.5388120679702,97.60826277974735,39.703389513556026,15.178884988438368,52.80186062904551,11.447919946814773,4.9781090654078675,0.0,0.0,0.0,0.0,0.0,model4,19.0,False,4188.0
1396,2015-06-25T17:00:00Z,78.0,175.54612024192744,444.72189906339935,97.77035785946472,40.155452963551866,14.24835400989878,63.737375435591964,11.891534996279626,5.141290905637481,0.0,0.0,0.0,0.0,0.0,model4,19.0,False,4191.0
1397,2015-06-25T20:00:00Z,78.0,173.85258312857545,448.1764033346219,97.69954892566892,40.221238460338,14.799213220823027,63.80471438502318,13.35586696459019,5.280151994751098,0.0,0.0,0.0,0.0,0.0,model4,19.0,False,4194.0
1398,2015-06-25T23:00:00Z,78.0,174.7345592340107,459.4687849734874,99.6944855527457,40.15568424428829,13.815167596053204,61.53374048010868,14.470421050540569,5.1329110635405995,0.0,0.0,1.0,0.0,0.0,model4,19.0,False,4197.0
1399,2015-06-26T02:00:00Z,78.0,173.72861532199832,461.6518593582782,100.6014801437498,40.64107965311393,13.668438220648374,61.28626554621069,14.330806438403535,5.147739941558255,0.0,0.0,1.0,0.0,0.0,model4,19.0,False,4200.0
1400,2015-06-26T05:00:00Z,78.0,171.61527858335526,453.9840322947864,100.18013616099172,40.19816642044249,13.850441400733647,59.66398772308607,12.567699892800304,5.119737780456903,0.0,0.0,1.0,0.0,0.0,model4,19.0,False,4203.0
1401,2015-06-26T08:00:00Z,78.0,170.301751496138,446.5181638338127,102.20723664085816,40.72972676664346,14.172021343791295,58.88334011330346,12.536478851605224,5.045278568352264,0.0,0.0,1.0,0.0,0.0,model4,19.0,False,4206.0
1402,2015-06-26T11:00:00Z,78.0,167.26521169498076,450.1710649745827,103.84886340493178,41.62711597411297,11.754712193383211,59.067837644051195,12.083036216473046,4.187866098516496,0.0,0.0,1.0,0.0,0.0,model4,19.0,False,4209.0
1403,2015-06-26T14:00:00Z,78.0,164.4635822481714,463.65405192035144,103.52941367027964,42.22986651623114,14.006941320765009,54.0119266631977,12.589474947937855,4.7285510947844696,0.0,0.0,1.0,0.0,0.0,model4,19.0,False,4212.0
1404,2015-06-26T17:00:00Z,78.0,165.28342212826246,448.81146141794784,103.07481780447876,41.57010300691292,14.853758008572015,46.33059322210378,12.288296048496097,5.124088099056669,0.0,0.0,1.0,0.0,0.0,model4,19.0,False,4215.0
1405,2015-06-26T20:00:00Z,78.0,166.51552707921292,440.51610292294623,104.86132541926213,41.27116089672872,15.311377249247418,50.68659774694128,10.721372380752486,5.4346452518549935,0.0,0.0,1.0,0.0,0.0,model4,19.0,False,4218.0
1406,2015-06-26T23:00:00Z,78.0,168.42606032832688,441.82350027694673,105.19988400984778,40.85850155332588,16.847388567891073,52.2323643300962,10.036831355936524,5.703607732705567,0.0,0.0,0.0,0.0,0.0,model4,19.0,False,4221.0
1407,2015-06-27T02:00:00Z,78.0,169.55608471662092,445.90978231114235,104.71501846158701,40.53013053596986,17.70994048239521,54.75104531125484,10.106772284181806,5.626022677163391,0.0,0.0,0.0,0.0,0.0,model4,19.0,False,4224.0
1408,2015-06-27T05:00:00Z,78.0,172.13513606680075,441.2336043340948,106.03932440190708,41.3214411546354,17.564163301468938,57.08432454472352,9.884164912534636,5.442822479031838,0.0,0.0,0.0,0.0,0.0,model4,19.0,False,4227.0
1409,2015-06-27T08:00:00Z,78.0,174.5047506629652,440.90140634054876,104.93677255040554,41.41400007718063,19.772776064085914,56.68593307167017,10.561749832052381,5.719129064753949,0.0,0.0,0.0,0.0,0.0,model4,19.0,False,4230.0
1410,2015-06-27T11:00:00Z,78.0,174.14985102140994,438.2718419927106,105.09721543194875,41.20819420299261,19.41490121315644,57.12076547576204,11.115271364682208,5.8325105285891246,0.0,0.0,0.0,0.0,0.0,model4,19.0,False,4233.0
1411,2015-06-27T14:00:00Z,78.0,175.64635782229473,441.27985001957353,105.52808873341823,40.12185545908781,16.124290853640613,59.75782267612389,10.113232860027006,5.202271263197828,0.0,0.0,0.0,0.0,0.0,model4,19.0,False,4236.0
1412,2015-06-27T17:00:00Z,78.0,175.57596399037135,449.87252292528086,105.01936154665957,40.26920332839321,15.54550821057238,61.81056219203272,9.859993842495037,4.911335386068493,0.0,0.0,0.0,0.0,0.0,model4,19.0,False,4239.0
1413,2015-06-27T20:00:00Z,78.0,174.94566841724233,455.96712925645903,102.62434450309813,40.12082727574745,15.795916068009193,58.358578256749446,10.411244813045418,4.43973782908766,0.0,0.0,0.0,0.0,0.0,model4,19.0,False,4242.0
1414,2015-06-27T23:00:00Z,78.0,173.83522305832184,452.86831098299723,100.19440547850485,40.3746032261971,15.434902295268376,56.739072798751145,10.970543529521166,4.171024874371221,0.0,0.0,0.0,0.0,0.0,model4,19.0,False,4245.0
1415,2015-06-28T02:00:00Z,78.0,172.4509036733755,451.7994932336638,100.73493692294596,40.46292757174647,15.63270692597477,56.16982337060754,13.86109341019534,4.0242728288820295,0.0,0.0,0.0,0.0,0.0,model4,19.0,False,4248.0
1416,2015-06-28T05:00:00Z,78.0,171.07983738492416,457.517899464626,98.00192758003784,40.223550063026686,14.646365430694894,51.632736197573024,14.410582108807835,4.187060920906872,0.0,0.0,0.0,0.0,0.0,model4,19.0,False,4251.0
1417,2015-06-28T08:00:00Z,78.0,168.58386306061217,456.9441373262136,98.37988435957264,39.82350509424352,10.513963340193477,53.203209290429726,14.19337457515747,3.8147322520768796,0.0,0.0,0.0,0.0,0.0,model4,19.0,False,4254.0
1418,2015-06-28T11:00:00Z,78.0,168.72722593154134,457.5668631194455,97.93412963938968,39.8461946913081,10.57862100051248,54.40206639620961,13.709767780287436,4.098261112103232,0.0,0.0,0.0,0.0,0.0,model4,19.0,False,4257.0
1419,2015-06-28T14:00:00Z,78.0,169.14773326569463,456.053439288438,97.8863868858346,40.13448827996342,10.888705576950665,48.54553693505149,13.358133610090904,3.9147026090104537,0.0,0.0,0.0,0.0,0.0,model4,19.0,False,4260.0
1420,2015-06-28T17:00:00Z,78.0,168.21521788861224,452.2440134196738,98.43539321335858,40.24310704264116,11.556877345478338,45.618595622127714,13.613225869008849,3.759968700586408,0.0,0.0,0.0,0.0,0.0,model4,19.0,False,4263.0
1421,2015-06-28T20:00:00Z,78.0,169.6388580479678,455.12956717902483,99.99317988178038,40.297424968166105,11.490717644486162,45.82612864826461,14.056830534309928,3.687654884219508,0.0,0.0,0.0,0.0,0.0,model4,19.0,False,4266.0
1422,2015-06-28T23:00:00Z,78.0,169.71449715113908,455.985755634974,101.32643637132126,40.83523319052771,11.64718106038002,46.158564726822064,13.271457030726529,3.8388379770726164,0.0,0.0,0.0,0.0,0.0,model4,19.0,False,4269.0
1423,2015-06-29T02:00:00Z,78.0,171.9025027006834,448.8418803173522,101.31888030590844,40.40924309793818,12.165752432049867,45.2539861992649,10.662933360379917,4.638674171798527,0.0,0.0,0.0,0.0,0.0,model4,19.0,False,4272.0
1424,2015-06-29T05:00:00Z,78.0,172.60387858199402,458.9346433242589,103.82745356956885,40.08758804678029,12.179337042150856,53.8005662582829,8.725175475000054,4.600276200812584,0.0,0.0,0.0,0.0,0.0,model4,19.0,False,4275.0
1425,2015-06-29T08:00:00Z,78.0,173.29585964160444,461.1198633148224,102.29841419755243,40.13012801761226,11.683454093498593,52.218329656719895,9.817022292708415,4.514706265096466,0.0,0.0,0.0,0.0,0.0,model4,19.0,False,4278.0
1426,2015-06-29T11:00:00Z,78.0,174.28050075980255,463.17611881458913,101.75016057166737,39.82933437615968,11.710194843867393,49.13915922993753,9.818466502633266,4.76287277587562,0.0,0.0,0.0,0.0,0.0,model4,19.0,False,4281.0
1427,2015-06-29T14:00:00Z,78.0,174.3596214656142,449.65556158237365,101.23411911973969,39.39848327738484,13.266211938304751,53.00017633462312,10.149515204624473,4.672645945728228,0.0,0.0,0.0,0.0,0.0,model4,19.0,False,4284.0
1428,2015-06-29T17:00:00Z,78.0,175.2879539576155,438.0230040583635,100.56369477973871,39.6588475626854,12.759923841827485,61.30237605764822,10.356806539665813,4.738652395161031,0.0,0.0,0.0,0.0,0.0,model4,19.0,False,4287.0
1429,2015-06-29T20:00:00Z,78.0,174.27248824698387,429.01497085952894,101.08751881610807,39.94192827136665,12.858104364720035,63.12079085000123,8.950737864702898,4.761422918617289,0.0,0.0,0.0,0.0,0.0,model4,19.0,False,4290.0
1430,2015-06-29T23:00:00Z,78.0,175.7754451885591,414.39412712873803,100.98882370680036,39.350982254053505,12.26283254997272,63.62055655465867,9.017949364416259,4.681101071822937,0.0,0.0,0.0,0.0,0.0,model4,19.0,False,4293.0
1431,2015-06-30T02:00:00Z,78.0,174.55378782087345,408.35685329519964,100.47651370920047,39.540559753725255,11.322040156563482,64.76774411541251,8.752061137508457,4.109347836494754,0.0,0.0,0.0,0.0,0.0,model4,19.0,False,4296.0
1432,2015-06-30T05:00:00Z,78.0,172.58103920940212,387.2333822838912,99.847962573704,39.35928272470225,11.970663027248875,45.46944440128187,8.24278774429991,3.9762001528940423,0.0,0.0,1.0,0.0,0.0,model4,19.0,False,4299.0
1433,2015-06-30T08:00:00Z,78.0,170.51171797408853,375.3814833719152,100.6666492154879,39.36299942233292,13.917200322620053,42.91568012543425,7.834839877760742,3.9259252229682176,0.0,0.0,1.0,0.0,0.0,model4,19.0,False,4302.0
1434,2015-06-30T11:00:00Z,78.0,169.3400851455277,367.3738860315871,101.78860003602655,40.07902745564917,13.303401489549515,33.4866212974298,8.214297721341046,3.407900002601672,0.0,0.0,1.0,0.0,0.0,model4,19.0,False,4305.0
1435,2015-06-30T14:00:00Z,78.0,169.17609879243312,361.2601569441336,101.93447658110384,39.59692123597633,12.678767785028016,40.79732747203787,8.496240471098107,4.184627139822064,0.0,0.0,1.0,0.0,0.0,model4,19.0,False,4308.0
1436,2015-06-30T17:00:00Z,78.0,170.2798661510231,362.3466939554421,101.71406010005241,39.83909705046825,14.63919474213227,40.207267426262064,9.322526773054431,4.266123401403135,0.0,0.0,1.0,0.0,0.0,model4,19.0,False,4311.0
1437,2015-06-30T20:00:00Z,78.0,170.15158006691343,357.02915559565633,101.71876471480024,39.45393107029311,14.795436053744474,43.3513766566896,9.514913563282443,4.369268672860117,0.0,0.0,1.0,0.0,0.0,model4,19.0,False,4314.0
1438,2015-06-30T23:00:00Z,78.0,169.45093745551026,366.26369382122897,101.67562739396764,38.84780548956572,14.938879317604014,53.55072644689566,9.382329358811326,4.628315974448562,0.0,0.0,1.0,0.0,0.0,model4,19.0,False,4317.0
1439,2015-07-01T02:00:00Z,78.0,169.02989063958265,369.4734813056816,102.20713897141044,38.20595916152924,15.275573120354998,56.428327682049655,9.425919881532486,4.8006389476312865,0.0,0.0,1.0,0.0,0.0,model4,19.0,False,4320.0
1440,2015-07-01T05:00:00Z,78.0,170.5604620678779,368.82395537268957,100.83447422401815,39.33880108726265,15.132066148422366,56.536923633240214,10.212576438432878,5.5883176625131625,0.0,0.0,0.0,0.0,0.0,model4,19.0,False,4323.0
1441,2015-07-01T08:00:00Z,78.0,174.24674981652484,371.63199058370384,101.42537895028494,38.505219734792746,15.234275521095707,57.713946495864384,9.662948565801225,6.067801034430351,0.0,0.0,0.0,0.0,0.0,model4,19.0,False,4326.0
1442,2015-07-01T11:00:00Z,78.0,176.09711962207808,365.05278384189074,99.14332650766531,37.741763876490346,15.692308715422769,58.72737185685282,9.628494560898783,5.891316088090215,0.0,0.0,0.0,0.0,0.0,model4,19.0,False,4329.0
1443,2015-07-01T14:00:00Z,78.0,177.01628278345981,377.8209101823245,100.60406238043316,38.313558961987056,14.677238617337947,59.297913966431416,12.137316812096842,5.691251852161303,0.0,0.0,0.0,0.0,0.0,model4,19.0,False,4332.0
1444,2015-07-01T17:00:00Z,78.0,174.6353790453871,388.03454111555016,101.33523840513728,38.23546355663228,13.635024987641494,64.19168561930928,11.762328433303153,5.816147061073752,0.0,0.0,0.0,0.0,0.0,model4,19.0,False,4335.0
1445,2015-07-01T20:00:00Z,78.0,176.72481098802012,395.9123414764722,101.26241742732924,38.78727931903646,13.919321877366535,61.71057788681238,12.148867153380644,6.521419694461869,0.0,0.0,0.0,0.0,0.0,model4,19.0,False,4338.0
1446,2015-07-01T23:00:00Z,78.0,177.13088057653016,399.7916760312571,101.29369594535495,39.21484711861785,13.97190994728326,63.587062888006685,12.468047033928508,6.623528800689577,0.0,0.0,0.0,0.0,0.0,model4,19.0,False,4341.0
1447,2015-07-02T02:00:00Z,78.0,177.59434423100967,410.63714574916366,100.22362138730524,40.63466303851131,13.989103048448115,70.21783555635706,12.340418188566296,6.84296599067153,0.0,0.0,0.0,0.0,0.0,model4,19.0,False,4344.0
1448,2015-07-02T05:00:00Z,78.0,177.2480834281291,421.38285716061836,103.15062138532477,39.37878800997811,14.684867137831855,66.95674291134812,12.489015043316044,6.696983105643669,0.0,0.0,0.0,0.0,0.0,model4,19.0,False,4347.0
1449,2015-07-02T08:00:00Z,78.0,175.6730323695986,433.6694294802504,103.54619070463123,39.72392047969807,14.34470958728502,62.76291785202615,12.497671926299974,6.5272761453228245,0.0,0.0,0.0,0.0,0.0,model4,19.0,False,4350.0
1450,2015-07-02T11:00:00Z,78.0,173.96184227630496,452.3342573496424,105.870241138079,40.26985896734588,13.74075482877686,49.25568908751589,12.745907262714008,6.371287382860694,0.0,0.0,0.0,0.0,0.0,model4,19.0,False,4353.0
1451,2015-07-02T14:00:00Z,78.0,173.89017659972615,457.5152124460304,103.98098528256443,40.81803030113776,13.739913331053042,48.41761054664561,10.724663305740695,6.251722315057749,0.0,0.0,0.0,0.0,0.0,model4,19.0,False,4356.0
1452,2015-07-02T17:00:00Z,78.0,174.73495322606522,458.6381411833581,103.2427193482248,40.63408567131628,13.549055658610287,48.444168818827436,10.278736061839153,6.035716477144558,0.0,0.0,0.0,0.0,0.0,model4,19.0,False,4359.0
1453,2015-07-02T20:00:00Z,78.0,172.09464686295638,462.6313618200038,102.51979801432579,40.51405390462161,13.334526066258025,42.38122399753289,10.407359908000359,5.372130231533661,0.0,0.0,0.0,0.0,0.0,model4,19.0,False,4362.0
1454,2015-07-02T23:00:00Z,78.0,168.77291632218137,464.36184523335055,103.05961331321457,39.851865422306254,14.050232933786873,42.93120887010936,9.979417516673571,5.659028760480589,0.0,1.0,0.0,0.0,0.0,model4,19.0,False,4365.0
1455,2015-07-03T02:00:00Z,78.0,166.87532744439275,462.1842736313316,102.6855487265465,39.110607445449354,15.756492410416765,40.1611673417043,10.738892496536785,5.298026871144313,0.0,1.0,0.0,0.0,0.0,model4,19.0,False,4368.0
1456,2015-07-03T05:00:00Z,78.0,167.5412955792686,465.114730216614,101.35400091682564,39.029284952443035,15.37347612433615,39.34440262270401,10.60600544124823,5.1408781911624715,0.0,1.0,0.0,0.0,0.0,model4,19.0,False,4371.0
1457,2015-07-03T08:00:00Z,78.0,169.8826888697667,463.80167281648033,100.77336800285856,39.520158837481816,16.266243921518072,37.64059259739607,10.397177582051453,4.812479277131144,0.0,1.0,0.0,0.0,0.0,model4,19.0,False,4374.0
1458,2015-07-03T11:00:00Z,78.0,172.68404986407347,463.22913424826856,99.24339766274858,39.282170012475056,18.027259585116106,36.494139895196035,8.19841712738535,4.804639028915174,0.0,1.0,0.0,0.0,0.0,model4,19.0,False,4377.0
1459,2015-07-03T14:00:00Z,78.0,173.39253466318385,452.7905909671424,99.56255530671234,38.750625540592864,19.26937730232458,44.42347854243864,8.1613616590623,4.904127402700857,0.0,1.0,0.0,0.0,0.0,model4,19.0,False,4380.0
1460,2015-07-03T17:00:00Z,78.0,176.9569687630709,457.1355077717536,100.51469795177269,38.66047200689158,20.64301426842021,45.72393697031378,8.420286550007155,4.762524551675673,0.0,1.0,0.0,0.0,0.0,model4,19.0,False,4383.0
1461,2015-07-03T20:00:00Z,78.0,179.44478125453412,450.9014071415576,99.54495992520096,38.4963885522441,20.050307025220192,47.42719616000701,8.350873890558583,4.643354463536541,0.0,1.0,0.0,0.0,0.0,model4,19.0,False,4386.0
1462,2015-07-03T23:00:00Z,78.0,184.1714565758239,447.4187871437715,98.37573606482952,39.1138819503466,17.468249464061085,44.81046519781288,7.842725386687889,4.127431626441588,0.0,0.0,0.0,0.0,0.0,model4,19.0,False,4389.0
1463,2015-07-04T02:00:00Z,78.0,185.9159867870934,445.7146001611055,99.76643519796468,38.94568738775885,15.742557188512352,43.968585896208666,7.661729225784137,4.126962694034122,0.0,0.0,0.0,0.0,0.0,model4,19.0,False,4392.0
1464,2015-07-04T05:00:00Z,78.0,186.73465817535282,447.8886141415367,98.55137522303907,39.37338044935429,16.251790307816645,54.29531099074938,7.585811491442442,4.0700841211262855,0.0,0.0,0.0,0.0,0.0,model4,19.0,False,4395.0
1465,2015-07-04T08:00:00Z,78.0,186.4404245858441,450.4993898542435,99.49898623909306,39.312108604957366,18.2384012928981,55.24321234897998,8.127044880413154,4.0969199715407125,1.0,0.0,0.0,0.0,0.0,model4,19.0,True,4398.0
1466,2015-07-04T11:00:00Z,78.0,185.07515435052966,445.1523764774414,99.48748590681801,38.8368063424992,18.077887361875554,54.84893458841081,8.329045801972818,4.139548266229298,1.0,0.0,0.0,0.0,0.0,model4,19.0,True,4401.0
1467,2015-07-04T14:00:00Z,78.0,186.50978890191158,457.5510700515751,98.3268135430077,39.15222165186609,19.96743100768269,55.031976481493864,8.796091052169277,3.9275914503888094,1.0,0.0,0.0,0.0,0.0,model4,19.0,True,4404.0
1468,2015-07-04T17:00:00Z,78.0,186.0769930016713,453.24676006732847,98.31012667799412,38.01957267200356,20.940967104664296,53.57868149755456,8.680942944044888,4.399702648815016,1.0,0.0,0.0,0.0,0.0,model4,19.0,True,4407.0
1469,2015-07-04T20:00:00Z,78.0,187.835347153308,462.0894074450607,99.11321389318456,37.53889780372583,21.56880615856297,51.57683883797844,8.474542036615631,4.4656240844544905,1.0,0.0,0.0,0.0,0.0,model4,19.0,True,4410.0
1470,2015-07-04T23:00:00Z,78.0,190.01077508994496,469.61848218094536,98.49877257872153,37.02910885116893,23.365085740983755,53.34431364272627,8.841182750329112,4.718121653931263,1.0,0.0,0.0,0.0,0.0,model4,19.0,True,4413.0
1471,2015-07-05T02:00:00Z,78.0,193.7419211355936,471.06399366111947,97.65781463391843,36.87852749236193,21.33091789061383,54.97417139035832,9.46393005466648,4.0072422922487965,1.0,0.0,0.0,0.0,0.0,model4,19.0,True,4416.0
1472,2015-07-05T05:00:00Z,78.0,195.54886174178847,466.5707593256459,99.4212977351356,37.41353951608564,20.198575918747398,46.26057593715268,9.373854265652993,4.371352830067592,1.0,0.0,0.0,0.0,0.0,model4,19.0,True,4419.0
1473,2015-07-05T08:00:00Z,78.0,193.35342343458802,462.3841077377629,97.56077982498616,37.36438905347917,20.290630745521145,49.68217085440728,9.359137979661048,4.393130129131431,0.0,0.0,0.0,0.0,0.0,model4,19.0,False,4422.0
1474,2015-07-05T11:00:00Z,78.0,191.13685344643574,469.50111052724435,97.2112636332322,38.78957398242514,22.69333357523591,48.78047302688685,9.359914411495623,5.518520815755654,0.0,0.0,0.0,0.0,0.0,model4,19.0,False,4425.0
1475,2015-07-05T14:00:00Z,78.0,186.71638975783782,463.21885148683197,97.46730053947701,38.700876884457095,23.22650492300662,45.80552307884569,9.054383671516224,5.403158544697902,0.0,0.0,0.0,0.0,0.0,model4,19.0,False,4428.0
1476,2015-07-05T17:00:00Z,78.0,185.28816416533013,465.7708913299939,95.62277915469252,39.92632867931083,21.845154204303064,48.8754863879112,9.610171051034484,4.990608416532721,0.0,0.0,0.0,0.0,0.0,model4,19.0,False,4431.0
1477,2015-07-05T20:00:00Z,78.0,181.63762802390357,461.6987096145716,95.6818085517093,40.32602892297929,21.80641003115309,53.75442003152506,9.966918610914913,4.779385007645288,0.0,0.0,0.0,0.0,0.0,model4,19.0,False,4434.0
1478,2015-07-05T23:00:00Z,78.0,176.11486736531572,451.9232293978852,96.8396721850498,41.498399210991934,18.556220916638654,51.23005759231284,9.835454076922296,4.137072118348753,0.0,0.0,0.0,0.0,0.0,model4,19.0,False,4437.0
1479,2015-07-06T02:00:00Z,78.0,172.89736413140824,451.4844926673301,96.26600884948692,41.86336912561791,15.576101529987287,48.416758303507955,8.71972088180565,4.097704659447859,0.0,0.0,0.0,0.0,0.0,model4,19.0,False,4440.0
1480,2015-07-06T05:00:00Z,78.0,169.24553428015204,457.8647910103266,95.43626116157759,41.23214999211609,13.307151916481493,49.54472828691103,7.857919929793339,4.281089732067644,0.0,0.0,0.0,0.0,0.0,model4,19.0,False,4443.0
1481,2015-07-06T08:00:00Z,78.0,170.47691275283196,462.66216145176537,96.75056552382307,41.20285654117272,14.94695638882839,46.25124708681797,8.010831310612925,4.4582060349980965,0.0,0.0,0.0,0.0,0.0,model4,19.0,False,4446.0
1482,2015-07-06T11:00:00Z,78.0,171.16184471128332,451.8544661483053,96.82992193799778,40.52514696132111,17.209936995679527,50.85338637428216,7.871145774163033,4.037733545173955,0.0,0.0,0.0,0.0,0.0,model4,19.0,False,4449.0
1483,2015-07-06T14:00:00Z,78.0,172.09446218254476,451.6404595252581,96.85016649792792,39.93853634350689,16.759993105569883,48.388719981839245,7.795100396055484,4.474238601856924,0.0,0.0,0.0,0.0,0.0,model4,19.0,False,4452.0
1484,2015-07-06T17:00:00Z,78.0,170.46857673132297,444.704167325689,99.00979673100105,39.285437166274704,16.98450111032425,46.74312870688661,6.98443296025733,4.598248175969622,0.0,0.0,0.0,0.0,0.0,model4,19.0,False,4455.0
1485,2015-07-06T20:00:00Z,78.0,171.21278554499636,444.93676416819306,99.60214550718668,39.679338081383946,16.639326681847493,39.628819809695365,8.831028838118488,4.7906713243550545,0.0,0.0,0.0,0.0,0.0,model4,19.0,False,4458.0
1486,2015-07-06T23:00:00Z,78.0,172.9802927537717,451.9708340819384,99.90719321438944,39.2214430856892,16.627906757006215,45.44771787825543,10.120178081232742,4.598468625495603,0.0,0.0,0.0,0.0,0.0,model4,19.0,False,4461.0
1487,2015-07-07T02:00:00Z,78.0,171.1960031108374,445.58949803203285,100.8405780355312,39.667525480996304,16.315470298090663,46.51929822497876,10.602195542339084,5.437806980689491,0.0,0.0,0.0,0.0,0.0,model4,19.0,False,4464.0
1488,2015-07-07T05:00:00Z,78.0,172.17546978205212,446.3675795873095,100.73598704730956,40.14828887418715,15.63445237020791,48.36243720882662,10.672219465426537,5.7584418085461895,0.0,0.0,0.0,0.0,0.0,model4,19.0,False,4467.0
1489,2015-07-07T08:00:00Z,78.0,172.05979279098906,448.9364126887822,101.99019114078688,39.883372912317405,14.972793345711565,52.4536600215815,11.457542950089525,5.801596007898438,0.0,0.0,0.0,0.0,0.0,model4,19.0,False,4470.0
1490,2015-07-07T11:00:00Z,78.0,171.94345841042167,454.62016290569574,102.54059442477416,39.15802941092939,11.622086211761838,47.86686289742074,11.414767602076184,5.828553706095246,0.0,0.0,0.0,0.0,0.0,model4,19.0,False,4473.0
1491,2015-07-07T14:00:00Z,78.0,172.61335972972432,452.6668575865929,103.25684673395452,39.4182835639104,10.540887148037474,48.28129231144688,11.169558462848062,5.797035950563643,0.0,0.0,0.0,0.0,0.0,model4,19.0,False,4476.0
1492,2015-07-07T17:00:00Z,78.0,173.62741503514104,454.19539393363823,103.19872295730801,39.78420989636553,9.184262677601994,46.54895646297046,11.294159306956553,5.537444902260049,0.0,0.0,0.0,0.0,0.0,model4,19.0,False,4479.0
1493,2015-07-07T20:00:00Z,78.0,170.6853627336551,459.8323351053167,104.20681843414543,39.58452067406004,11.534613062111768,47.69669643532252,11.712604226010844,5.425772916302277,0.0,0.0,0.0,0.0,0.0,model4,19.0,False,4482.0
1494,2015-07-07T23:00:00Z,78.0,171.7951344681541,450.9878318205784,103.38767078073074,39.45468850332644,12.775876474675494,44.15266642948869,11.733930956208525,5.755705664152412,0.0,0.0,0.0,0.0,0.0,model4,19.0,False,4485.0
1495,2015-07-08T02:00:00Z,78.0,170.95122825428703,452.77747255962026,102.30167891291651,39.12939041469113,13.31751104741068,43.02949946957944,11.71136919276793,5.490578631597979,0.0,0.0,0.0,0.0,0.0,model4,19.0,False,4488.0
1496,2015-07-08T05:00:00Z,78.0,170.86666944930667,449.7031380725825,103.93405083091282,38.30690729669736,13.92692553160061,43.48997798059205,12.419493493837207,5.312602249001119,0.0,0.0,0.0,0.0,0.0,model4,19.0,False,4491.0
1497,2015-07-08T08:00:00Z,78.0,169.020508658388,446.7814984153397,102.6730582577659,39.665046512951605,13.372787419814713,39.12403226958921,12.247920656167375,5.9666146781341745,0.0,0.0,0.0,0.0,0.0,model4,19.0,False,4494.0
1498,2015-07-08T11:00:00Z,78.0,171.34643335418258,446.5470360760843,102.65997289701909,40.246047386187335,15.138818784444165,38.62290484463908,12.574302030638432,5.627373914411013,0.0,0.0,0.0,0.0,0.0,model4,19.0,False,4497.0
1499,2015-07-08T14:00:00Z,78.0,172.50475007906937,444.54427034590543,102.21323428832436,40.03356774503215,15.394066488451926,41.94790416836671,12.724183751997547,5.722226019663662,0.0,0.0,0.0,0.0,0.0,model4,19.0,False,4500.0
1500,2015-07-08T17:00:00Z,78.0,170.89072140703274,450.1370361523743,102.67834420284498,39.6701092671417,15.708250099549193,48.88515465419941,12.913999263314107,5.898608303696711,0.0,0.0,0.0,0.0,0.0,model4,19.0,False,4503.0
1501,2015-07-08T20:00:00Z,78.0,175.42939542897682,443.01760426617966,102.06874088902175,39.456873910718606,16.946423233987147,46.105529611243426,10.713237640233173,5.859148838763495,0.0,0.0,0.0,0.0,0.0,model4,19.0,False,4506.0
1502,2015-07-08T23:00:00Z,78.0,171.650236432397,446.77742974558373,101.81949931696974,39.64220939638661,18.238388273574994,47.05277812655101,10.02671628206935,5.286369976757151,0.0,0.0,0.0,0.0,0.0,model4,19.0,False,4509.0
1503,2015-07-09T02:00:00Z,78.0,174.5885835029134,448.6049286883708,103.19127412949356,39.41027697743966,19.55235581143869,46.63298864807296,9.531663968231571,4.910075886425571,0.0,0.0,0.0,0.0,0.0,model4,19.0,False,4512.0
1504,2015-07-09T05:00:00Z,78.0,173.7212285059988,445.2135830681388,102.8708999577588,40.36883306027751,20.476381736504408,41.38158472074614,10.44857957854458,4.8812991191545265,0.0,0.0,0.0,0.0,0.0,model4,19.0,False,4515.0
1505,2015-07-09T08:00:00Z,78.0,174.1065437819043,446.387414511564,103.70253856113106,39.861628813402454,20.892945392364787,41.758688425046074,10.257265365131273,4.718715338496854,0.0,0.0,0.0,0.0,0.0,model4,19.0,False,4518.0
1506,2015-07-09T11:00:00Z,78.0,171.54157490338298,443.3162481615149,103.80452479701,39.5901315153962,20.18032187874641,44.162322318737466,11.630066107788545,5.204493317428884,0.0,0.0,0.0,0.0,0.0,model4,19.0,False,4521.0
1507,2015-07-09T14:00:00Z,78.0,169.59705260771582,450.9648916879152,103.61670277186985,39.829431501371374,20.783272700641998,40.660484928680674,11.721606372059526,5.421616850239958,0.0,0.0,0.0,0.0,0.0,model4,19.0,False,4524.0
1508,2015-07-09T17:00:00Z,78.0,172.08147576264804,449.0675526095418,100.59361207460265,40.42531107737798,21.31692806920748,41.96929282902649,13.17687979121335,6.266036618797688,0.0,0.0,0.0,0.0,0.0,model4,19.0,False,4527.0
1509,2015-07-09T20:00:00Z,78.0,170.45615379663747,451.16513333410524,99.20006735215813,40.94839935059617,19.975961087371548,48.61730269427993,13.217529148164079,6.401416785741729,0.0,0.0,0.0,0.0,0.0,model4,19.0,False,4530.0
1510,2015-07-09T23:00:00Z,78.0,170.05686632891718,445.1829532933195,100.05024041386407,41.038340328877894,19.063170612137203,49.8347057425251,13.439100875484087,7.107654227775147,0.0,0.0,0.0,0.0,0.0,model4,19.0,False,4533.0
1511,2015-07-10T02:00:00Z,78.0,168.81526119933986,438.9671009960846,100.46950479226764,40.28502476912513,17.247452969004087,54.25359065323066,13.166272883278749,7.265658544376956,0.0,0.0,0.0,0.0,0.0,model4,19.0,False,4536.0
1512,2015-07-10T05:00:00Z,78.0,168.73880497801466,442.7822056072058,98.64075281422012,39.44665591821981,15.986942913074605,57.34263597229052,11.581017889850592,7.2872909977468705,0.0,0.0,1.0,0.0,0.0,model4,19.0,False,4539.0
1513,2015-07-10T08:00:00Z,78.0,169.47628313834036,439.99963480819537,98.45125060850596,38.975703349222016,14.835807231837268,59.02886395513746,11.995349146602239,7.157837046628425,0.0,0.0,1.0,0.0,0.0,model4,19.0,False,4542.0
1514,2015-07-10T11:00:00Z,78.0,170.07664631414357,443.0308079556957,99.0927414681621,38.13066192987521,14.76232498974484,57.82952275804089,10.220977457564814,7.318115504883499,0.0,0.0,1.0,0.0,0.0,model4,19.0,False,4545.0
1515,2015-07-10T14:00:00Z,78.0,169.255359408927,440.22890635313485,99.95050498925256,38.69097938398358,15.507296385777865,58.10387554531475,10.179528521162302,7.117123957226981,0.0,0.0,1.0,0.0,0.0,model4,19.0,False,4548.0
1516,2015-07-10T17:00:00Z,78.0,164.76575079113394,431.6629156801136,101.96757013016094,38.15446225029369,15.866526108439679,51.40379683904173,8.004680207018389,6.427694332569404,0.0,0.0,1.0,0.0,0.0,model4,19.0,False,4551.0
1517,2015-07-10T20:00:00Z,78.0,164.78853210331954,438.85307236995294,101.70427122116809,38.119958469891394,15.350968723013615,50.51811229023838,9.532655628942075,6.392247272682936,0.0,0.0,1.0,0.0,0.0,model4,19.0,False,4554.0
1518,2015-07-10T23:00:00Z,78.0,168.13377961178753,443.03983252232064,101.35018312635384,37.65946499628132,16.269064107065486,50.20402087344686,9.454346139587377,5.5387597158795225,0.0,0.0,1.0,0.0,0.0,model4,19.0,False,4557.0
1519,2015-07-11T02:00:00Z,78.0,169.06690290909344,444.3755730969841,99.7536223319652,38.15327077968875,15.996987801234695,47.4024302229849,9.773384627344717,5.366935680211237,0.0,0.0,1.0,0.0,0.0,model4,19.0,False,4560.0
1520,2015-07-11T05:00:00Z,78.0,167.43037967839066,443.20453908518266,100.80687674315351,38.9958228467944,16.65223544661085,46.23497391728777,10.43534730835106,5.5460942841838765,0.0,0.0,0.0,0.0,0.0,model4,19.0,False,4563.0
1521,2015-07-11T08:00:00Z,78.0,167.92603788384284,442.7847282428266,100.6195213132437,38.61711832025769,16.96473767237817,43.086013122046396,10.10667155285217,5.334935150858658,0.0,0.0,0.0,0.0,0.0,model4,19.0,False,4566.0
1522,2015-07-11T11:00:00Z,78.0,168.91366523123412,440.20282530583535,99.52767732128441,38.83444751089753,16.964457833023413,45.532789678635176,10.460635534430462,5.039961865798454,0.0,0.0,0.0,0.0,0.0,model4,19.0,False,4569.0
1523,2015-07-11T14:00:00Z,78.0,170.2782097089227,446.3116082736927,98.47995006560326,38.524996097110865,16.570793648164052,46.811255494543545,10.46770392107367,4.929208775949144,0.0,0.0,0.0,0.0,0.0,model4,19.0,False,4572.0
1524,2015-07-11T17:00:00Z,78.0,172.41406200563446,454.12826247048594,98.69489253170956,39.076087155817646,14.751848703825722,47.87634815886142,11.111491323907003,4.943783151852458,0.0,0.0,0.0,0.0,0.0,model4,19.0,False,4575.0
1525,2015-07-11T20:00:00Z,78.0,170.52588243001802,441.4615321364019,99.69188672407336,38.571245664775454,14.539089024149876,52.247424629734965,9.878797415824726,4.6067007903362365,0.0,0.0,0.0,0.0,0.0,model4,19.0,False,4578.0
1526,2015-07-11T23:00:00Z,78.0,168.2450203666273,442.6266628350135,99.41445024630407,38.31580897941183,13.483051731286787,51.32833863832965,9.70781717258618,5.021188243968755,0.0,0.0,0.0,0.0,0.0,model4,19.0,False,4581.0
1527,2015-07-12T02:00:00Z,78.0,167.67841937520825,442.64799710305465,100.54592963598162,37.779187419178356,13.542573663832854,51.17481541267662,9.753921506525392,5.225695527669574,0.0,0.0,0.0,0.0,0.0,model4,19.0,False,4584.0
1528,2015-07-12T05:00:00Z,78.0,168.46012451371647,441.3951857932626,100.01657291884304,37.594528446772216,13.624752249878268,50.27312421439462,9.220982398831774,4.817475267589335,0.0,0.0,0.0,0.0,0.0,model4,19.0,False,4587.0
1529,2015-07-12T08:00:00Z,78.0,167.91726528738013,445.1225959415012,99.5355377124938,38.061401996052815,14.46223999528435,54.82590124971154,8.485733069393545,4.726368184321023,0.0,0.0,0.0,0.0,0.0,model4,19.0,False,4590.0
1530,2015-07-12T11:00:00Z,78.0,167.91605703549683,447.8546676943211,100.42488468927736,38.622697358967045,14.727410687229922,53.47188942753995,9.356644426322193,4.401630274184956,0.0,0.0,0.0,0.0,0.0,model4,19.0,False,4593.0
1531,2015-07-12T14:00:00Z,78.0,168.2542019577995,442.7287043749388,100.9206074501828,38.36955590304258,13.16815586446492,52.16725744232698,9.770294616380683,5.042926330323442,0.0,0.0,0.0,0.0,0.0,model4,19.0,False,4596.0
1532,2015-07-12T17:00:00Z,78.0,168.3710126367773,440.42141609968087,99.28320485695903,38.040438434211616,12.267916216091715,50.194363493746884,9.576088147567956,4.949868372399068,0.0,0.0,0.0,0.0,0.0,model4,19.0,False,4599.0
1533,2015-07-12T20:00:00Z,78.0,169.77730358560132,448.68012907054634,99.88072337737309,37.70478617775553,11.445209098001405,45.96224118539892,9.923156090810672,5.150760696062914,0.0,0.0,0.0,0.0,0.0,model4,19.0,False,4602.0
1534,2015-07-12T23:00:00Z,78.0,170.59875395504068,451.0986466093306,99.61702249461537,38.37431873782897,11.373938502844071,45.72168207537396,9.967013954370227,4.811055364038028,0.0,0.0,0.0,0.0,0.0,model4,19.0,False,4605.0
1535,2015-07-13T02:00:00Z,78.0,169.17420459129391,462.3188206188156,99.1245423679354,38.82084829473109,11.547412721367571,44.93217133298442,10.087878262734506,4.796810580098444,0.0,0.0,0.0,0.0,0.0,model4,19.0,False,4608.0
1536,2015-07-13T05:00:00Z,78.0,169.7396407601181,463.78498446687655,98.60697015357113,38.4595206180723,11.178018528121633,44.86238532862328,10.150575789660056,4.803562114008445,0.0,0.0,0.0,0.0,0.0,model4,19.0,False,4611.0
1537,2015-07-13T08:00:00Z,78.0,169.15414036561168,462.60954800843535,97.46383832620079,38.057810471341604,10.421358477721668,41.50632959637884,10.285868898179377,4.7256879239141885,0.0,0.0,0.0,0.0,0.0,model4,19.0,False,4614.0
1538,2015-07-13T11:00:00Z,78.0,168.57033518626682,467.53095612619546,96.07052441762144,38.32820300803153,9.635430623420213,46.8099156349264,9.756916538712703,4.670477884369381,0.0,0.0,0.0,0.0,0.0,model4,19.0,False,4617.0
1539,2015-07-13T14:00:00Z,78.0,168.51785627567008,465.32309800323446,95.47669692729721,38.766715279429924,9.727052629876583,47.42427250068255,9.631390169042472,4.182654210273012,0.0,0.0,0.0,0.0,0.0,model4,19.0,False,4620.0
1540,2015-07-13T17:00:00Z,78.0,170.86426357343515,469.2807398572744,97.44817532259896,38.980132685828906,11.32696548558659,44.1037998559711,10.618813677920476,4.2349595477354836,0.0,0.0,0.0,0.0,0.0,model4,19.0,False,4623.0
1541,2015-07-13T20:00:00Z,78.0,171.76708505249158,468.31557935388537,96.6755938256254,39.57958386526325,12.068637404590671,43.538990586837905,9.964189952039355,3.823553118420142,0.0,0.0,0.0,0.0,0.0,model4,19.0,False,4626.0
1542,2015-07-13T23:00:00Z,78.0,170.46189602896303,465.0647939763775,97.15714695512436,39.54120160060127,12.813431434334532,47.92090981742201,10.191815329721353,3.89589088352664,0.0,0.0,0.0,0.0,0.0,model4,19.0,False,4629.0
1543,2015-07-14T02:00:00Z,78.0,171.10471772164945,459.93823215619454,97.01717424620394,40.14708394178779,12.68443864303594,46.6458818861699,9.676512363804207,3.98044499763506,0.0,0.0,0.0,0.0,0.0,model4,19.0,False,4632.0
1544,2015-07-14T05:00:00Z,78.0,172.58955140463397,463.1319993792392,97.18493444860913,39.92836098581113,12.593123992463033,48.084320777867525,9.014633074015094,3.9357802319370983,0.0,0.0,0.0,0.0,0.0,model4,19.0,False,4635.0
1545,2015-07-14T08:00:00Z,78.0,173.87595315501036,459.27679947653724,97.76586476753442,40.31047235128292,13.473461140452098,48.751587412547615,9.45880928443416,3.6838664047374414,0.0,0.0,0.0,0.0,0.0,model4,19.0,False,4638.0
1546,2015-07-14T11:00:00Z,78.0,172.06660842795162,442.0154591523648,98.07120560382931,39.79441260172486,14.544054371534138,58.70478674329735,9.468479599739476,4.252151795135694,0.0,0.0,0.0,0.0,0.0,model4,19.0,False,4641.0
1547,2015-07-14T14:00:00Z,78.0,173.55998335529625,453.54715634164046,99.48705789763977,39.66687725690685,15.002570175553846,67.2765484955827,9.462805227848598,4.1329846704258815,0.0,0.0,0.0,0.0,0.0,model4,19.0,False,4644.0
1548,2015-07-14T17:00:00Z,78.0,170.31096025266282,443.9093714362803,99.42830486992013,39.023270565443454,15.212557043013868,70.34764809950468,9.187158359597776,4.032754519256134,0.0,0.0,0.0,0.0,0.0,model4,19.0,False,4647.0
1549,2015-07-14T20:00:00Z,78.0,170.60815828985898,449.5609582184867,100.2029360768446,39.26791953674217,15.202585224060929,71.99673889129795,9.263585067649,4.5231082831046985,0.0,0.0,0.0,0.0,0.0,model4,19.0,False,4650.0
1550,2015-07-14T23:00:00Z,78.0,173.71023618964225,450.42844290933266,100.63390036755665,39.41814356834527,15.049632309189125,72.42385230232802,9.298768132602607,4.487416102946686,0.0,0.0,0.0,0.0,0.0,model4,19.0,False,4653.0
1551,2015-07-15T02:00:00Z,78.0,173.1511308808635,447.76840055770174,101.31263327970579,38.030594014035344,15.071898645083644,74.68915917175644,9.560337033575632,4.905303731702087,0.0,0.0,0.0,0.0,0.0,model4,19.0,False,4656.0
1552,2015-07-15T05:00:00Z,78.0,173.07959650140538,444.64484137273377,100.46633052761507,38.805604389542644,14.313106423986962,72.64144467723412,10.053281738673213,5.270149605725144,0.0,0.0,0.0,0.0,0.0,model4,19.0,False,4659.0
1553,2015-07-15T08:00:00Z,78.0,171.41538526514773,446.41689626712525,100.76122059720957,38.575495819037954,13.098508825382044,72.06054058141069,9.442777959778116,5.27550171205755,0.0,0.0,0.0,0.0,0.0,model4,19.0,False,4662.0
1554,2015-07-15T11:00:00Z,78.0,172.26607664078938,461.4855331122473,102.10325230540137,39.59703677847522,12.645978121857555,58.70681047502534,8.210496481777415,5.350301668219578,0.0,0.0,0.0,0.0,0.0,model4,19.0,False,4665.0
1555,2015-07-15T14:00:00Z,78.0,169.82397936394116,450.1236312810746,101.80042865076858,39.39459559218136,12.208614309538634,51.828932420022966,8.053085837696342,5.490813201533727,0.0,0.0,0.0,0.0,0.0,model4,19.0,False,4668.0
1556,2015-07-15T17:00:00Z,78.0,173.05650835459912,448.6911910926699,100.40705057734648,39.914354892612536,11.813542042104766,56.64806730802447,7.9224080461146045,5.19467857278516,0.0,0.0,0.0,0.0,0.0,model4,19.0,False,4671.0
1557,2015-07-15T20:00:00Z,78.0,172.07120016377743,432.35607072735525,100.12000433545914,39.18510483211618,11.814522964054165,56.5435850178034,7.78029972416266,4.785879980828193,0.0,0.0,0.0,0.0,0.0,model4,19.0,False,4674.0
1558,2015-07-15T23:00:00Z,78.0,171.09792303819924,431.5216954515551,99.88956442522593,38.47798158193268,10.930404485938638,56.416005944404326,8.292095195431743,4.932877924406829,0.0,0.0,0.0,0.0,0.0,model4,19.0,False,4677.0
1559,2015-07-16T02:00:00Z,78.0,171.24047534774985,432.723223617103,99.93996848556252,39.09004406109697,12.19953523000582,53.79536324871485,8.396907547704103,4.0651569673432615,0.0,0.0,0.0,0.0,0.0,model4,19.0,False,4680.0
1560,2015-07-16T05:00:00Z,78.0,169.5381633036863,433.9335830604856,99.98918396932207,38.686371865561775,15.711895081173642,56.51602505464022,8.412602746370663,4.06685791021494,0.0,0.0,0.0,0.0,0.0,model4,19.0,False,4683.0
1561,2015-07-16T08:00:00Z,78.0,170.674355408909,433.1475120530745,99.50406069062569,38.636930562082725,16.36065493932121,58.239513458614596,9.33758871802121,4.146459274996201,0.0,0.0,0.0,0.0,0.0,model4,19.0,False,4686.0
1562,2015-07-16T11:00:00Z,78.0,170.37943526038754,431.26345169730973,97.51830585622629,37.99598271619586,16.231356888752167,57.2162936426981,10.84653146591731,3.698714347231983,0.0,0.0,0.0,0.0,0.0,model4,19.0,False,4689.0
1563,2015-07-16T14:00:00Z,78.0,172.1929517795789,437.32390197687766,96.73370256248056,38.116622374099094,16.50698838493255,59.14389286774919,11.441160463619466,3.362893709246193,0.0,0.0,0.0,0.0,0.0,model4,19.0,False,4692.0
1564,2015-07-16T17:00:00Z,78.0,170.79016076661856,441.76484743797175,97.49103319679993,37.85201484092902,17.27205206439129,53.67479150066746,11.84534918913697,3.3753736374951373,0.0,0.0,0.0,0.0,0.0,model4,19.0,False,4695.0
1565,2015-07-16T20:00:00Z,78.0,170.03818213318414,455.32347788619063,97.15361283321722,38.53468833728417,16.95488881635933,48.53352088319298,12.12297972034688,3.870566806758178,0.0,0.0,0.0,0.0,0.0,model4,19.0,False,4698.0
1566,2015-07-16T23:00:00Z,78.0,168.25901380072975,455.6844523893364,98.95553724527245,39.24424541007037,17.07978937034509,46.46843592726255,12.98133379023366,3.6768589510280223,0.0,0.0,0.0,0.0,0.0,model4,19.0,False,4701.0
1567,2015-07-17T02:00:00Z,78.0,168.40665704374462,457.72186898712096,98.17291755907353,39.53242149580925,15.898487955854106,45.07992987507911,13.832752016959553,3.70273844917356,0.0,0.0,0.0,0.0,0.0,model4,19.0,False,4704.0
1568,2015-07-17T05:00:00Z,78.0,168.17380713429503,448.3365373687095,99.31658548255156,39.349290828256,14.722515095804207,45.06501643076524,13.551672061659396,3.392418660593965,0.0,0.0,0.0,0.0,0.0,model4,19.0,False,4707.0
1569,2015-07-17T08:00:00Z,78.0,166.25396616648138,452.6491270355787,100.43392011004043,39.14819446936224,15.476122607297828,43.84474507695246,13.090684204797284,4.207063477064532,0.0,0.0,0.0,0.0,0.0,model4,19.0,False,4710.0
1570,2015-07-17T11:00:00Z,78.0,166.24587538397768,451.43019211986234,101.6029533756165,39.15024607385232,17.418152443758768,44.961528755594394,11.933472046071648,4.1064777427894565,0.0,0.0,0.0,0.0,0.0,model4,19.0,False,4713.0
1571,2015-07-17T14:00:00Z,78.0,164.03097772927342,441.0713982575903,103.14412312466786,40.05626890229085,16.752508455129487,45.296710556104976,11.298298239371867,4.925420053240857,0.0,0.0,0.0,0.0,0.0,model4,19.0,False,4716.0
1572,2015-07-17T17:00:00Z,78.0,163.2386275327031,444.65958771472407,102.98715192084593,40.75409619912081,14.838572046416,47.79442805313324,10.849049418740012,5.210927145756385,0.0,0.0,0.0,0.0,0.0,model4,19.0,False,4719.0
1573,2015-07-17T20:00:00Z,78.0,163.22936949723777,440.4704996415825,103.26523481445105,40.069968639947746,15.092004799576536,44.79240094836832,10.461213612135754,5.770649979116419,0.0,0.0,0.0,0.0,0.0,model4,19.0,False,4722.0
1574,2015-07-17T23:00:00Z,78.0,162.90676375899713,439.61413777502855,100.55535579538505,40.5244486119275,15.264539267324047,42.9345753395331,9.870979787717022,6.05634893070889,0.0,0.0,0.0,0.0,0.0,model4,19.0,False,4725.0
1575,2015-07-18T02:00:00Z,78.0,163.62649632246809,432.8154544848208,100.93712541424038,40.15780331330284,15.52998952549998,48.87182339613146,7.852206530148548,6.769871490396668,0.0,0.0,0.0,0.0,0.0,model4,19.0,False,4728.0
1576,2015-07-18T05:00:00Z,78.0,164.28559742265503,443.01125204945646,100.44571264450464,40.94521950997372,13.935729685219055,51.27503739341457,8.652457006610472,7.068690331246822,0.0,0.0,0.0,0.0,0.0,model4,19.0,False,4731.0
1577,2015-07-18T08:00:00Z,78.0,165.60670824166738,442.6588273435201,99.60695466546363,43.082499165967576,12.009746703405867,52.66906162529639,8.78254755532936,7.87703401582058,0.0,0.0,0.0,0.0,0.0,model4,19.0,False,4734.0
1578,2015-07-18T11:00:00Z,78.0,164.7634616840271,438.9246655000016,99.16671991329777,44.385159862475795,10.67935884734067,54.88555522499527,7.988678813666186,8.039185470913715,0.0,0.0,0.0,0.0,0.0,model4,19.0,False,4737.0
1579,2015-07-18T14:00:00Z,78.0,164.95601354660468,441.05942939134206,99.06562471955836,45.07828802231829,10.444589279319212,55.58143870072788,7.718961963003062,8.450867400104345,0.0,0.0,0.0,0.0,0.0,model4,19.0,False,4740.0
1580,2015-07-18T17:00:00Z,78.0,165.79330614767852,446.6140984007912,98.90359034393886,45.641877547664244,10.845076293164231,56.570504880979186,8.128137172574768,8.45682783707326,0.0,0.0,0.0,0.0,0.0,model4,19.0,False,4743.0
1581,2015-07-18T20:00:00Z,78.0,165.68690203320946,447.9276025508882,99.150631488704,46.96512684994458,10.456731231112348,58.728386867754715,8.142721786923323,7.5376541113591635,0.0,0.0,0.0,0.0,0.0,model4,19.0,False,4746.0
1582,2015-07-18T23:00:00Z,78.0,169.54328311553084,448.3264580968837,101.05737469859913,47.310278989385175,14.381914497394366,58.891436178665145,8.474970621461043,7.380418206414952,0.0,0.0,0.0,0.0,0.0,model4,19.0,False,4749.0
1583,2015-07-19T02:00:00Z,78.0,169.31339205133884,454.0048445941976,101.40406732988279,49.11625800503126,14.46000777304066,52.823177768851565,8.539200537690816,5.717840361559423,0.0,0.0,0.0,0.0,0.0,model4,19.0,False,4752.0
1584,2015-07-19T05:00:00Z,78.0,170.4285855575213,449.33272471317235,100.8294450437065,49.45841524761829,14.1482733280604,51.75005512785546,9.680504939258023,5.519666235948312,0.0,0.0,0.0,0.0,0.0,model4,19.0,False,4755.0
1585,2015-07-19T08:00:00Z,78.0,171.6572066202259,451.68069517750985,100.63057788211052,49.138633095044135,14.89556181955881,52.70163179588979,10.257594893333213,4.7812219265974,0.0,0.0,0.0,0.0,1.0,model4,19.0,True,4758.0
1586,2015-07-19T11:00:00Z,78.0,173.98116316132717,457.9679773517038,102.0280761066957,48.83158699373896,12.7118675599015,47.823206805642606,10.328515750061767,4.871199057158324,0.0,0.0,0.0,0.0,1.0,model4,19.0,True,4761.0
1587,2015-07-19T14:00:00Z,78.0,175.28994307570198,462.47068064767416,101.76649694224932,48.347243875221494,11.88267986263384,44.40896525175481,9.797601570436804,4.896850959773431,0.0,0.0,0.0,0.0,1.0,model4,19.0,True,4764.0
1588,2015-07-19T17:00:00Z,78.0,175.8895783214008,458.1577798593568,101.99091871839323,48.58831076514279,12.476452887688415,39.607028587557906,9.660369360904538,4.8300895710384575,0.0,0.0,0.0,0.0,1.0,model4,19.0,True,4767.0
1589,2015-07-19T20:00:00Z,78.0,177.86224892293288,462.99927796924266,101.15661552724691,48.35581394719964,12.48714021521292,42.866873627289465,11.262919994131725,4.77425852477896,0.0,0.0,0.0,0.0,1.0,model4,19.0,True,4770.0
1590,2015-07-19T23:00:00Z,78.0,174.39453919984157,465.2281923594837,99.14985186567137,48.55765149903817,10.797188672814837,41.62524190761478,11.352487518490108,4.916628156658986,0.0,0.0,0.0,0.0,1.0,model4,19.0,True,4773.0
1591,2015-07-20T02:00:00Z,78.0,173.08204197926892,465.3495095579037,99.27522714857193,47.600163923823615,11.586453871371427,42.929730821604686,11.274457235857568,4.806830693940873,0.0,0.0,0.0,0.0,1.0,model4,19.0,True,4776.0
1592,2015-07-20T05:00:00Z,78.0,171.55913458517597,467.4074972228901,99.62960613959734,47.518982111012,12.101746195880926,41.484047580312854,10.08509262287714,4.398221596826027,0.0,0.0,0.0,0.0,1.0,model4,19.0,True,4779.0
1593,2015-07-20T08:00:00Z,78.0,169.98849819092712,461.6999365010581,100.29249910370415,46.21490083094688,13.17656817049913,39.02055036837778,9.33008531348706,5.302877418357167,0.0,0.0,0.0,0.0,0.0,model4,19.0,False,4782.0
1594,2015-07-20T11:00:00Z,78.0,167.88647752017755,458.11072033139084,99.48946314069315,45.18087658146534,14.167019646770196,38.22192520760513,9.232594316510696,5.731241471650972,0.0,0.0,0.0,0.0,0.0,model4,19.0,False,4785.0
1595,2015-07-20T14:00:00Z,78.0,167.06427635529332,459.58783437382124,98.45061942960308,44.41121135618171,13.840844783819115,36.40996335164472,8.929163678777119,5.649839118584088,0.0,0.0,0.0,0.0,0.0,model4,19.0,False,4788.0
1596,2015-07-20T17:00:00Z,78.0,166.50870276248028,456.19680936652946,98.73130972705003,43.453782712794286,12.970345414317494,36.33330850127717,8.69467408833352,5.085866373638248,0.0,0.0,0.0,0.0,0.0,model4,19.0,False,4791.0
1597,2015-07-20T20:00:00Z,78.0,163.888172614533,455.5237714449474,99.32098285806515,42.64061835771239,10.905425602840689,39.49822458128632,7.223318567021093,5.073187796322214,0.0,0.0,0.0,0.0,0.0,model4,19.0,False,4794.0
1598,2015-07-20T23:00:00Z,78.0,166.14296828141866,454.0663095556487,100.34053629479445,40.9316581734366,12.738117613355648,46.03501273996881,6.5243000574954335,5.00586683307041,0.0,0.0,0.0,0.0,0.0,model4,19.0,False,4797.0
1599,2015-07-21T02:00:00Z,78.0,167.5614654336981,451.8383998704386,98.91391384533159,40.46361575400279,12.402606182916267,47.61495217075079,7.238432436382411,4.918034454781416,0.0,0.0,0.0,0.0,0.0,model4,19.0,False,4800.0
1600,2015-07-21T05:00:00Z,78.0,168.16772336190482,449.9120743142679,99.79311626390964,40.01995519784312,12.745433220199931,50.35985004283331,8.063388973900611,4.464859283956441,0.0,0.0,0.0,0.0,0.0,model4,19.0,False,4803.0
1601,2015-07-21T08:00:00Z,78.0,170.11126516818513,444.1305161953748,100.0623090518355,40.618154982810005,12.082736964550355,52.089155881468585,7.993577987045297,4.534754037522722,0.0,0.0,0.0,0.0,0.0,model4,19.0,False,4806.0
1602,2015-07-21T11:00:00Z,78.0,171.63382066944985,447.70899738130606,99.37722652772447,41.18260428259976,11.937588616615715,56.191424368782606,8.879258956579118,4.527121232599722,0.0,0.0,0.0,0.0,0.0,model4,19.0,False,4809.0
1603,2015-07-21T14:00:00Z,78.0,172.38277377411575,453.5679707352032,100.85492087010643,40.75618364569126,12.49288480983768,62.6611130103034,9.525094141331527,4.3709543244381335,0.0,0.0,0.0,0.0,0.0,model4,19.0,False,4812.0
1604,2015-07-21T17:00:00Z,78.0,172.15538820675678,459.7637013266952,101.81729537388534,40.45911771697385,13.534517247070346,63.69966999310471,10.530929113429176,4.6536480615924365,0.0,0.0,0.0,0.0,0.0,model4,19.0,False,4815.0
1605,2015-07-21T20:00:00Z,78.0,171.34834745733542,456.3003049731165,101.2423570180486,40.074687845825636,14.486363229596765,59.13596505388402,10.506942456832936,5.136561617044056,0.0,0.0,0.0,0.0,0.0,model4,19.0,False,4818.0
1606,2015-07-21T23:00:00Z,78.0,169.87117769763717,461.08756153451037,100.85335002041715,40.01926895317808,14.589220944350119,54.091758059083006,10.616833801197188,5.192372740544368,0.0,0.0,0.0,0.0,0.0,model4,19.0,False,4821.0
1607,2015-07-22T02:00:00Z,78.0,170.8544189648558,466.5193226868049,101.60516321201227,39.92716801250718,15.484786827877171,50.34514582712486,10.257488809176179,5.21977994638442,0.0,0.0,0.0,0.0,0.0,model4,19.0,False,4824.0
1608,2015-07-22T05:00:00Z,78.0,169.73236988072225,456.3149402500314,101.26074419936172,39.69269198446106,15.861355427862833,58.097855452428284,9.545151694081762,5.171154813241168,0.0,0.0,0.0,0.0,0.0,model4,19.0,False,4827.0
1609,2015-07-22T08:00:00Z,78.0,170.17038872252746,459.929846256254,100.51354552495995,38.50836807484365,16.180840551881595,54.98789550903729,9.276827778616797,4.634739960545547,0.0,0.0,0.0,0.0,0.0,model4,19.0,False,4830.0
1610,2015-07-22T11:00:00Z,78.0,169.63049305066747,456.72568856066704,101.38166210372472,38.41105078746146,15.296200907134402,53.2742589290924,7.842260221240983,4.566966315540538,0.0,0.0,0.0,0.0,0.0,model4,19.0,False,4833.0
1611,2015-07-22T14:00:00Z,78.0,169.49944953967105,451.4844879067065,102.38772038930193,38.3567846944771,15.210549285025538,47.148164231196134,9.9007699738176,4.563267809066005,0.0,0.0,0.0,0.0,0.0,model4,19.0,False,4836.0
1612,2015-07-22T17:00:00Z,78.0,170.94659018349546,447.79237649309573,100.63947420033232,37.69893903196026,15.736562192504802,44.189690345402575,9.472517564624027,4.49861192586416,0.0,0.0,0.0,0.0,0.0,model4,19.0,False,4839.0
1613,2015-07-22T20:00:00Z,78.0,173.4813875975568,442.20286583636215,100.74301095249494,38.18634284409485,14.692972850067616,43.921138811628246,9.358577309789712,4.320968997153401,0.0,0.0,0.0,0.0,0.0,model4,19.0,False,4842.0
1614,2015-07-22T23:00:00Z,78.0,172.02673130779542,436.9245927730045,99.5961040106484,39.198198743992045,14.409655738872704,41.395970481781006,10.83132752898296,4.289225207332203,0.0,0.0,0.0,0.0,0.0,model4,19.0,False,4845.0
1615,2015-07-23T02:00:00Z,78.0,170.31296352218138,432.4876357742103,99.53069628931783,39.36837421308543,14.20657534755496,40.68099184249457,10.613702539851221,4.2950347868619465,0.0,1.0,0.0,0.0,0.0,model4,19.0,False,4848.0
1616,2015-07-23T05:00:00Z,78.0,173.1353238708593,440.74824829172456,99.5136516210333,39.599181153476046,14.009284691337,32.267513969258395,11.762617779762163,4.331415675796522,0.0,1.0,0.0,0.0,0.0,model4,19.0,False,4851.0
1617,2015-07-23T08:00:00Z,78.0,172.17417439904878,439.6973314245475,100.70244851899885,40.418970806029456,14.985356571849403,33.57548940149096,12.100199836841355,4.2814650021119585,0.0,2.0,0.0,0.0,0.0,model4,19.0,False,4854.0
1618,2015-07-23T11:00:00Z,78.0,174.75726911221554,440.04914873231974,99.58187899235323,39.92907503835053,15.676070576133027,31.989363237170817,12.428303071709664,4.301823619404243,0.0,2.0,0.0,0.0,0.0,model4,19.0,False,4857.0
1619,2015-07-23T14:00:00Z,78.0,175.6359873536533,435.7609087409112,97.56672022945936,40.770494791008225,15.986204462162053,29.16512878930509,9.798193844668623,4.603246602324144,0.0,2.0,0.0,0.0,0.0,model4,19.0,False,4860.0
1620,2015-07-23T17:00:00Z,78.0,172.73371588026004,441.18783162627716,97.404268181679,41.272449472541545,16.597079049484748,38.338765335308146,9.91209555551733,4.142900325641411,0.0,2.0,0.0,0.0,0.0,model4,19.0,False,4863.0
1621,2015-07-23T20:00:00Z,78.0,172.10528661702756,444.91321829254235,98.35223163994543,41.38044439511021,16.21881742951066,36.484396505536644,10.21766224795152,4.645784996259972,0.0,2.0,0.0,0.0,0.0,model4,19.0,False,4866.0
1622,2015-07-23T23:00:00Z,78.0,174.0576686038419,448.7998293913657,99.40253139051269,40.92562561691561,15.591470000751741,37.190091292975524,9.492064839648624,4.904773027124379,0.0,2.0,0.0,0.0,0.0,model4,19.0,False,4869.0
1623,2015-07-24T02:00:00Z,78.0,175.12527311064198,455.94995936480285,100.4867073142615,41.28271337232389,15.04848208418576,38.84196785728097,9.659534749129843,5.0452351880795305,0.0,1.0,0.0,0.0,0.0,model4,19.0,False,4872.0
1624,2015-07-24T05:00:00Z,78.0,173.42002934074702,458.35356934547,100.29660702909688,40.941099381415576,15.334548448272805,39.335037378716414,8.094347814014702,5.146051929156879,0.0,1.0,0.0,0.0,0.0,model4,19.0,False,4875.0
1625,2015-07-24T08:00:00Z,78.0,172.75931950929782,460.72421322377767,98.81344557803469,40.750449440502756,14.076940784730876,40.04392801548617,8.110156390041071,4.941557923343856,0.0,0.0,0.0,0.0,0.0,model4,19.0,False,4878.0
1626,2015-07-24T11:00:00Z,78.0,171.23263302177688,459.85628227134805,98.72366909447477,40.912216020776384,13.538710183263412,39.28538593975399,8.625833689963763,4.7558877007306135,0.0,0.0,0.0,0.0,0.0,model4,19.0,False,4881.0
1627,2015-07-24T14:00:00Z,78.0,169.39842351894458,463.82872167316526,97.91482132356123,39.81581009398869,13.452660746576235,39.56936682741165,9.09561376431156,4.8791970980223445,0.0,0.0,0.0,0.0,0.0,model4,19.0,False,4884.0
1628,2015-07-24T17:00:00Z,78.0,169.66834946457183,458.9794435604205,99.03703287449531,39.122564645793645,12.277282950157227,35.08668524371841,9.27693037008177,5.309419186653868,0.0,0.0,0.0,0.0,0.0,model4,19.0,False,4887.0
1629,2015-07-24T20:00:00Z,78.0,168.72225556126668,452.3519269426312,99.4364541099934,38.89613626373579,12.647518137115512,40.631610765847924,9.82009931752547,5.069206333426221,0.0,0.0,0.0,0.0,0.0,model4,19.0,False,4890.0
1630,2015-07-24T23:00:00Z,78.0,168.8032362475397,445.609354970941,101.0022774260114,38.5665597021915,13.222044989376393,44.86635996974097,9.743051891184393,5.011672223827296,0.0,0.0,0.0,0.0,0.0,model4,19.0,False,4893.0
1631,2015-07-25T02:00:00Z,78.0,167.0113500327676,439.7169677605348,100.42062860415228,37.95638934614128,13.324192258945539,42.169337957873395,9.815517302212355,4.862167273804382,0.0,0.0,0.0,0.0,0.0,model4,19.0,False,4896.0
1632,2015-07-25T05:00:00Z,78.0,166.895651449985,435.9871905064457,100.94539072654112,38.20447000194843,13.533898907946375,44.76560693967324,10.484558141126538,4.8983815746082575,0.0,0.0,0.0,0.0,0.0,model4,19.0,False,4899.0
1633,2015-07-25T08:00:00Z,78.0,165.88427061877016,433.8052905832588,100.4870023931068,37.95109351751533,12.486329774839875,42.38096927398542,10.58198246094259,4.880288068237892,0.0,0.0,0.0,0.0,0.0,model4,19.0,False,4902.0
1634,2015-07-25T11:00:00Z,78.0,166.25861423250743,434.0146018779738,100.84569575066759,37.72792875767411,12.09953545428883,43.677610406529,12.082373668910556,4.882438474182674,0.0,0.0,0.0,0.0,0.0,model4,19.0,False,4905.0
1635,2015-07-25T14:00:00Z,78.0,167.41443345671112,427.9510500119666,100.67690334712424,38.453430564891455,11.495144920606297,48.53074262793978,11.94157409655516,4.923928225190676,0.0,0.0,0.0,0.0,0.0,model4,19.0,False,4908.0
1636,2015-07-25T17:00:00Z,78.0,166.14357694124183,424.04112119281433,99.65468706076658,39.398255020627644,12.450283890442352,48.73390678833968,12.025481562586686,4.406970596531184,0.0,0.0,0.0,0.0,0.0,model4,19.0,False,4911.0
1637,2015-07-25T20:00:00Z,78.0,167.8879346029964,434.9383873653254,98.09709697664421,39.44847520245626,14.432461069048983,51.1382161644016,12.071660933398945,4.139126090830303,0.0,0.0,0.0,0.0,0.0,model4,19.0,False,4914.0
1638,2015-07-25T23:00:00Z,78.0,167.36237371573054,439.4766049354703,97.38080310184652,39.46722216957573,14.597988577642953,48.18723021837359,11.44699129204664,3.80881573151624,0.0,0.0,0.0,0.0,0.0,model4,19.0,False,4917.0
1639,2015-07-26T02:00:00Z,78.0,169.44143902739305,438.99677325884176,97.42144128456222,39.80683592075924,14.100515681740886,51.26503054248979,11.33075345157087,3.3034853635153185,0.0,0.0,0.0,0.0,0.0,model4,19.0,False,4920.0
1640,2015-07-26T05:00:00Z,78.0,170.53865532515042,439.8635741482289,95.76677987977631,39.28792986579758,13.590779295097208,46.951894197280815,10.929288350567623,3.7221439517877366,0.0,0.0,0.0,0.0,0.0,model4,19.0,False,4923.0
1641,2015-07-26T08:00:00Z,78.0,171.64196011626734,443.2153009958952,96.40915508139263,39.76247638675669,13.68805956485255,47.60347776326538,11.0002033035483,4.0624982191814185,0.0,0.0,0.0,0.0,0.0,model4,19.0,False,4926.0
1642,2015-07-26T11:00:00Z,78.0,172.02538359443832,442.2536866793268,97.0307825853612,39.839421536911615,14.336922039780884,50.73034267627728,8.601248867084976,3.873328813634772,0.0,0.0,0.0,0.0,0.0,model4,19.0,False,4929.0
1643,2015-07-26T14:00:00Z,78.0,172.7031789669717,454.27878845006853,97.5158775974565,39.024670703014564,14.457866083900967,57.86790381097078,8.87206442936973,4.377751639920279,0.0,0.0,0.0,0.0,0.0,model4,19.0,False,4932.0
1644,2015-07-26T17:00:00Z,78.0,176.16148303628708,459.2487124226609,97.54596478803637,38.3927840571964,12.513033564062505,56.609380454227285,8.168760277875544,4.971171984432222,0.0,0.0,0.0,0.0,0.0,model4,19.0,False,4935.0
1645,2015-07-26T20:00:00Z,78.0,174.46375124564682,456.3763535888497,99.67305182082214,38.49581177430324,11.825356760180108,56.301030222449334,9.451477450843957,4.969805872917023,0.0,0.0,0.0,0.0,0.0,model4,19.0,False,4938.0
1646,2015-07-26T23:00:00Z,78.0,175.45844462171289,457.6663231098922,99.0987322975882,38.63878581119111,11.94051659549115,56.11162405752121,9.186655316670576,5.176916710915002,0.0,0.0,0.0,0.0,0.0,model4,19.0,False,4941.0
1647,2015-07-27T02:00:00Z,78.0,173.35778188831105,453.6446475229946,99.01850303844752,38.56490697394721,13.844391326951694,55.422883370458315,9.228427160580317,5.8000161920880196,0.0,0.0,0.0,0.0,0.0,model4,19.0,False,4944.0
1648,2015-07-27T05:00:00Z,78.0,174.39364854931432,455.0820983203152,100.16457066703815,38.68232719606075,14.384259325425115,58.097314578818605,8.629055616785509,5.492293474755797,0.0,0.0,0.0,0.0,0.0,model4,19.0,False,4947.0
1649,2015-07-27T08:00:00Z,78.0,171.8100775788979,454.9605584617099,99.4186460001123,38.689767773368004,16.198554400956766,57.600414722819096,8.771009697866353,5.272829563748429,0.0,0.0,0.0,0.0,0.0,model4,19.0,False,4950.0
1650,2015-07-27T11:00:00Z,78.0,171.95265137934533,460.3273276764532,100.08803643471701,39.35778918469949,15.90026557321426,53.11615088863528,9.390265129037507,5.578864594998547,0.0,0.0,0.0,0.0,0.0,model4,19.0,False,4953.0
1651,2015-07-27T14:00:00Z,78.0,170.4269621571129,450.74605372445467,101.0363993268108,39.692870581623694,15.526854402771026,38.65513074421784,8.95582283058985,4.9584672651714214,0.0,0.0,0.0,0.0,0.0,model4,19.0,False,4956.0
1652,2015-07-27T17:00:00Z,78.0,169.51666047763797,447.0218838912813,101.35595839737604,40.49958942701189,15.72080170458774,41.53543894751032,9.26732903975982,4.277133698939017,0.0,0.0,0.0,0.0,0.0,model4,19.0,False,4959.0
1653,2015-07-27T20:00:00Z,78.0,169.50725609721198,442.3274399150576,99.17144018967028,40.137968701690056,15.469341726835262,41.41886302480031,7.298553448612528,4.4741957876384415,0.0,0.0,0.0,0.0,0.0,model4,19.0,False,4962.0
1654,2015-07-27T23:00:00Z,78.0,170.26899741873038,444.05212802341055,99.9179558461895,40.19777286812154,15.261688495712994,43.36362042706406,8.87088088374904,4.363546965724844,0.0,0.0,0.0,0.0,0.0,model4,19.0,False,4965.0
1655,2015-07-28T02:00:00Z,78.0,174.97358472933468,453.8757933746479,99.57153918312392,40.02799630371715,17.143720529166632,41.539489994738865,8.67008423992618,3.525600640414848,0.0,0.0,0.0,0.0,0.0,model4,19.0,False,4968.0
1656,2015-07-28T05:00:00Z,78.0,171.61919450831414,452.682935352314,100.17938718388805,40.6910513664152,18.67353913931396,39.134523547737736,8.43077120348262,3.8119674308558498,0.0,0.0,0.0,0.0,0.0,model4,19.0,False,4971.0
1657,2015-07-28T08:00:00Z,78.0,175.08362261971263,449.19464975938973,100.86394421578913,40.428565719062135,17.349671188333758,39.90722276456565,8.204330395694441,3.7424899466716615,0.0,0.0,0.0,0.0,0.0,model4,19.0,False,4974.0
1658,2015-07-28T11:00:00Z,78.0,173.62542922091995,445.7925969965645,100.93419895813145,39.931717053225505,17.206658356776472,47.34190555710989,8.172199009507361,3.644712168982451,0.0,0.0,0.0,0.0,0.0,model4,19.0,False,4977.0
1659,2015-07-28T14:00:00Z,78.0,174.06488902517987,446.21499303863123,101.43194821600063,40.56792617759813,17.476808341484233,45.35296153419553,8.622964559246977,3.7468017883968994,0.0,0.0,0.0,0.0,0.0,model4,19.0,False,4980.0
1660,2015-07-28T17:00:00Z,78.0,173.90507294031693,449.8629985292951,102.27322395534084,40.337683442828215,16.709453598487848,41.666585270489456,8.064429313164291,4.038318028023694,0.0,0.0,0.0,0.0,0.0,model4,19.0,False,4983.0
1661,2015-07-28T20:00:00Z,78.0,176.19295435962226,454.15505620107865,103.3168458385388,40.942583745756934,16.220103680134304,41.34715570258466,7.652957954156317,4.04366082600045,0.0,0.0,0.0,0.0,0.0,model4,19.0,False,4986.0
1662,2015-07-28T23:00:00Z,78.0,174.3523974537299,448.3748141972914,103.04710411220331,41.04959341548465,15.440114560607768,45.30606628786547,7.484730906419397,3.9113903087676776,0.0,0.0,0.0,0.0,0.0,model4,19.0,False,4989.0
1663,2015-07-29T02:00:00Z,78.0,170.8623408481078,442.1789813272856,103.59529799359464,40.9703167189985,13.701947260440688,42.786534489986465,8.024836126752543,4.336285619554409,0.0,0.0,0.0,0.0,0.0,model4,19.0,False,4992.0
1664,2015-07-29T05:00:00Z,78.0,173.58992954320416,441.64827502414033,103.4024592221592,39.77032074834968,12.164628574903634,42.33831844143061,7.944215063442668,4.572485492901529,0.0,0.0,0.0,0.0,0.0,model4,19.0,False,4995.0
1665,2015-07-29T08:00:00Z,78.0,172.4516265249033,447.9725141465293,103.16422997685585,38.989428064013296,11.824490989718385,45.41495833087637,7.748397030935968,4.996730808027715,0.0,0.0,0.0,0.0,0.0,model4,19.0,False,4998.0
1666,2015-07-29T11:00:00Z,78.0,172.5530094460931,451.1687630561193,102.93819734779284,38.97372890224586,11.679228781548385,38.3646342424606,7.7470270554666625,5.213196643220414,0.0,0.0,0.0,0.0,0.0,model4,19.0,False,5001.0
1667,2015-07-29T14:00:00Z,78.0,174.2364148570556,456.0461754985217,103.34267560934471,38.00738081210746,11.817625523479535,44.467783475905506,9.068460584616883,5.056278940274869,0.0,0.0,0.0,0.0,0.0,model4,19.0,False,5004.0
1668,2015-07-29T17:00:00Z,78.0,174.11567192780467,447.68900964931,101.95546034354216,37.919261787881545,11.830929873347099,49.76213187753329,9.765102616914175,4.63747819125854,0.0,0.0,0.0,0.0,0.0,model4,19.0,False,5007.0
1669,2015-07-29T20:00:00Z,78.0,172.10869930327084,447.4467658258071,102.37131941685557,38.19363778878364,11.847352773359107,48.40487965470282,10.718342857111367,4.871837855543274,0.0,0.0,0.0,0.0,0.0,model4,19.0,False,5010.0
1670,2015-07-29T23:00:00Z,78.0,173.5167756794711,455.9790163075263,102.63843087072195,37.815827750475094,12.20335806809033,49.00801239833928,9.821475215091397,4.919111138023894,0.0,0.0,0.0,0.0,0.0,model4,19.0,False,5013.0
1671,2015-07-30T02:00:00Z,78.0,175.01037147962433,456.45070883668546,102.39054721330281,38.45484577292128,11.155905371400356,49.94986736213131,9.671801864221713,5.365171376890765,0.0,0.0,0.0,0.0,0.0,model4,19.0,False,5016.0
1672,2015-07-30T05:00:00Z,78.0,173.48804514923668,462.82194155787835,100.50305602089321,39.17126156463545,12.385024081414592,49.11041906376948,11.258081356537726,5.178253501654294,0.0,0.0,0.0,0.0,0.0,model4,19.0,False,5019.0
1673,2015-07-30T08:00:00Z,78.0,171.5771933458666,466.9354939655864,101.35195222497588,39.908153054739984,13.423569629452679,53.25417969129182,11.419017653662126,4.789021743511253,0.0,0.0,0.0,0.0,0.0,model4,19.0,False,5022.0
1674,2015-07-30T11:00:00Z,78.0,170.9016561451073,464.99561891952766,101.66958683045591,39.78666067329521,13.704477095275314,55.218216430255964,11.331610721249149,4.712786667548019,0.0,0.0,0.0,0.0,0.0,model4,19.0,False,5025.0
1675,2015-07-30T14:00:00Z,78.0,170.17102863629782,459.05356961687073,101.1771199923643,40.25841859434753,13.133317776436494,52.81467223366662,10.213024538743953,4.739768016460597,0.0,0.0,0.0,0.0,0.0,model4,19.0,False,5028.0
1676,2015-07-30T17:00:00Z,78.0,168.51743566750392,474.90349123342855,101.32431348553557,40.36848720717249,13.841982876050535,50.519843590496436,11.348052329643819,5.22468725445584,0.0,0.0,0.0,0.0,0.0,model4,19.0,False,5031.0
1677,2015-07-30T20:00:00Z,78.0,170.043624388148,478.82363990616653,99.8732414602986,39.5574542395159,15.402175586706546,53.538178579596355,10.710283162887043,4.902678005641416,0.0,0.0,0.0,0.0,0.0,model4,19.0,False,5034.0
1678,2015-07-30T23:00:00Z,78.0,169.129627905865,476.1126623368586,99.02896840076464,39.16126159558754,17.240534834256515,50.38041285525631,10.748036884071093,5.361688573937424,0.0,0.0,0.0,0.0,0.0,model4,19.0,False,5037.0
1679,2015-07-31T02:00:00Z,78.0,167.06870372159634,475.76761275305404,100.40602205951559,38.83994192996722,16.19290283058531,49.9570277649263,11.36227997048626,5.004515654973132,0.0,0.0,0.0,0.0,0.0,model4,19.0,False,5040.0
1680,2015-07-31T05:00:00Z,78.0,168.2324064971369,474.7170090994712,102.43348989547184,39.51241180785354,15.561975858838744,49.31719189158557,10.270275529573821,5.646204500383678,0.0,0.0,0.0,0.0,0.0,model4,19.0,False,5043.0
1681,2015-07-31T08:00:00Z,78.0,169.43423080985076,470.3646711026542,101.29189443980525,39.38071100153832,15.512717887843792,51.73346375879129,11.190483734175231,5.622922037246973,0.0,0.0,0.0,0.0,0.0,model4,19.0,False,5046.0
1682,2015-07-31T11:00:00Z,78.0,171.61622001612434,468.52875673309296,99.56566609954812,39.514116305304704,16.1681631022801,51.56363975729978,11.217662421067033,5.403276290045155,0.0,0.0,0.0,0.0,0.0,model4,19.0,False,5049.0
1683,2015-07-31T14:00:00Z,78.0,171.63987354208592,462.61972227043816,98.07599281554644,40.138943919181756,17.000444754005734,58.9253038973492,10.610151015828947,5.383195676653775,0.0,0.0,0.0,0.0,0.0,model4,19.0,False,5052.0
1684,2015-07-31T17:00:00Z,78.0,171.70251392933645,451.3264106491832,98.594003566359,40.08976822378715,17.856737177834823,54.12615030311449,9.132574423308693,5.0377718257829285,0.0,0.0,0.0,0.0,0.0,model4,19.0,False,5055.0
1685,2015-07-31T20:00:00Z,78.0,172.47420056218587,448.28632976070526,98.84805199618887,40.13778474947552,18.02427707041833,50.98004335289116,9.124432795142065,5.53046478454474,0.0,0.0,0.0,0.0,0.0,model4,19.0,False,5058.0
1686,2015-07-31T23:00:00Z,78.0,171.18680406924364,438.0343113340552,98.94405535922024,40.845385433820546,16.122265100689038,54.76644867553579,9.437094379301325,4.673248557065167,0.0,0.0,0.0,0.0,0.0,model4,19.0,False,5061.0
1687,2015-08-01T02:00:00Z,78.0,171.83472790511158,440.78802310090373,99.93329949045058,41.10261525157293,16.824795701399502,55.01608790450955,11.923076154251307,4.739215570433293,0.0,0.0,0.0,0.0,0.0,model4,19.0,False,5064.0
1688,2015-08-01T05:00:00Z,78.0,171.66336438838732,439.575139122189,104.30942166817171,40.30755425217456,16.772162026619316,54.8280903362944,17.19831694227392,4.307123410701849,0.0,0.0,0.0,0.0,0.0,model4,19.0,False,5067.0
1689,2015-08-01T08:00:00Z,78.0,170.7677491938574,434.6228235894693,108.50862495253321,40.554504997575066,18.587783553408915,44.495837618473644,17.592932534364213,4.421197428145996,0.0,0.0,0.0,0.0,0.0,model4,19.0,False,5070.0
1690,2015-08-01T11:00:00Z,78.0,170.11206801670184,440.3890860018529,111.64768116486952,40.655325913082144,18.30054958104469,48.068973111839114,17.015579026942667,4.5957777669109845,0.0,0.0,0.0,0.0,0.0,model4,19.0,False,5073.0
1691,2015-08-01T14:00:00Z,78.0,168.9755576686168,452.1603887371708,115.31414993291044,39.992364038114296,17.14320565075349,44.69809533593528,16.606022533363767,4.440422587497981,0.0,0.0,0.0,0.0,0.0,model4,19.0,False,5076.0
1692,2015-08-01T17:00:00Z,78.0,172.54651212404067,450.6974813481497,118.45985435793487,39.82221405640637,17.043218684541074,45.277945608103764,15.627305404696125,4.405560208807531,0.0,0.0,0.0,0.0,0.0,model4,19.0,False,5079.0
1693,2015-08-01T20:00:00Z,78.0,171.53025866873537,449.4269239364015,121.00775530750693,40.4265258370972,15.7306253958426,46.34594487076789,14.06527596496645,4.018715618400591,0.0,0.0,0.0,0.0,0.0,model4,19.0,False,5082.0
1694,2015-08-01T23:00:00Z,78.0,171.34402980786984,457.8174418377398,124.86040064785372,40.4111965536287,16.343089206831017,40.92476630136922,10.870520086347103,4.3541780696004935,0.0,0.0,0.0,0.0,0.0,model4,19.0,False,5085.0
1695,2015-08-02T02:00:00Z,78.0,172.00076939008844,457.4619742687442,126.44706394836422,40.566063151873614,15.637356157003913,40.717729991567786,9.992081404719007,4.178351956770267,0.0,0.0,0.0,0.0,0.0,model4,19.0,False,5088.0
1696,2015-08-02T05:00:00Z,78.0,173.20424753560368,464.1999810200032,125.96685357576796,40.94409738762353,15.519327178331707,45.207265436574794,9.60694754008574,4.184177100545794,0.0,0.0,0.0,0.0,0.0,model4,19.0,False,5091.0
1697,2015-08-02T08:00:00Z,78.0,175.71200374220592,463.3089796011986,126.35461913264488,41.104903921979854,13.066872290663238,45.82973710745254,10.235097157651568,4.158728488815076,0.0,0.0,0.0,0.0,0.0,model4,19.0,False,5094.0
1698,2015-08-02T11:00:00Z,78.0,174.90851330555154,458.7306669739257,126.13124459759042,41.0452777079006,12.810022276047516,43.514930196027144,11.563634012059605,4.138948484201107,0.0,0.0,0.0,0.0,0.0,model4,19.0,False,5097.0
1699,2015-08-02T14:00:00Z,78.0,174.49555820088486,455.89083962324236,126.23003459911659,40.92530681698768,15.57457899921613,44.7418480136753,11.515248711170425,4.75679252103603,0.0,0.0,0.0,0.0,0.0,model4,19.0,False,5100.0
1700,2015-08-02T17:00:00Z,78.0,170.90424275249796,461.73416732418093,126.14617913634613,40.24657011163611,15.023644011349855,43.66981281101992,11.5730366419409,5.361082426092548,0.0,0.0,0.0,0.0,0.0,model4,19.0,False,5103.0
1701,2015-08-02T20:00:00Z,78.0,171.3560990311581,461.1893157831218,125.64408855523013,39.7572488816495,15.332872194491868,42.63856916921425,11.49590300057106,5.055223761097475,0.0,0.0,0.0,0.0,0.0,model4,19.0,False,5106.0
1702,2015-08-02T23:00:00Z,78.0,172.24847742138317,461.9847652059958,125.11109231681999,39.34429676816232,16.103291423040886,42.31550470543655,11.425592126256369,5.001396933508729,0.0,0.0,0.0,0.0,0.0,model4,19.0,False,5109.0
1703,2015-08-03T02:00:00Z,78.0,173.69563705193127,459.14092089204246,122.32146854639484,38.19755351610448,16.297802267546928,42.70491351090164,12.859597716886425,5.04675019438128,0.0,0.0,0.0,0.0,0.0,model4,19.0,False,5112.0
1704,2015-08-03T05:00:00Z,78.0,171.98252935625862,448.9615338380633,119.41153077417627,37.21756209661784,15.903608530441725,38.80053394012671,12.534923786809573,4.766662234374647,0.0,0.0,0.0,0.0,0.0,model4,19.0,False,5115.0
1705,2015-08-03T08:00:00Z,78.0,170.14315972910882,450.66604615936205,115.52982096575457,36.98867258365321,16.720843236694698,38.79256507497791,13.827054070730446,4.505316997180734,0.0,0.0,0.0,0.0,0.0,model4,19.0,False,5118.0
1706,2015-08-03T11:00:00Z,78.0,170.13792366202964,450.4055601878202,113.1987166799448,36.736207907447756,16.70634158214511,38.756813473890006,14.650960002334322,4.763171814672452,0.0,0.0,0.0,0.0,0.0,model4,19.0,False,5121.0
1707,2015-08-03T14:00:00Z,78.0,168.80630865739383,448.78244738060766,109.81193987107504,37.17279261705876,15.905988786168196,33.279060671567095,14.59616158869208,4.430212185032025,0.0,0.0,0.0,0.0,0.0,model4,19.0,False,5124.0
1708,2015-08-03T17:00:00Z,78.0,169.58377709119767,444.7795362599683,106.95241968986298,37.75576452801396,16.316907498719736,32.772940467156694,13.669785948325195,4.573775630563747,0.0,0.0,0.0,0.0,0.0,model4,19.0,False,5127.0
1709,2015-08-03T20:00:00Z,78.0,168.30505781105032,448.41796225438407,103.96687769026907,37.84176361888564,16.153626277085706,34.84194679173209,14.19171438985617,4.8256662533376495,0.0,0.0,0.0,0.0,0.0,model4,19.0,False,5130.0
1710,2015-08-03T23:00:00Z,78.0,166.36180936576298,447.3690091318555,101.09132393783285,38.801964979251366,15.515404373080942,36.80496543572007,11.524045298048035,5.200354642093799,0.0,0.0,0.0,0.0,0.0,model4,19.0,False,5133.0
1711,2015-08-04T02:00:00Z,78.0,163.11576286806525,443.1325058407711,99.47362487770395,39.74500238110975,14.64043810770235,40.4166542423141,10.587771087766468,5.15748892531871,0.0,0.0,0.0,0.0,0.0,model4,19.0,False,5136.0
1712,2015-08-04T05:00:00Z,78.0,163.76905363652955,443.4272238412228,97.95965859093613,40.0333806720576,14.675156000969874,39.664514670784094,9.85551754292139,5.0468230248555965,0.0,0.0,0.0,0.0,0.0,model4,19.0,False,5139.0
1713,2015-08-04T08:00:00Z,78.0,164.6574592203524,441.7857447895368,98.262905893531,39.5236732063713,13.069621676187749,39.248522946043096,9.907769272378463,5.198177152874586,0.0,0.0,0.0,0.0,0.0,model4,19.0,False,5142.0
1714,2015-08-04T11:00:00Z,78.0,163.34179238665763,445.9074060617778,98.32635087822395,40.160564366725616,14.15936172018042,42.25417300082862,9.823885103432339,4.830036616643798,0.0,0.0,0.0,0.0,0.0,model4,19.0,False,5145.0
1715,2015-08-04T14:00:00Z,78.0,165.3797055298862,450.9825739132533,98.51091299325222,39.804807262262116,13.83007068120153,45.7857064927921,9.233700348116543,4.8178082391707235,0.0,0.0,0.0,0.0,0.0,model4,19.0,False,5148.0
1716,2015-08-04T17:00:00Z,78.0,165.72520413299696,451.9751716078322,98.77775375312856,39.78947295751604,14.065856116246445,47.36982866267898,9.452042000396633,4.575762954843271,0.0,0.0,0.0,0.0,0.0,model4,19.0,False,5151.0
1717,2015-08-04T20:00:00Z,78.0,166.4244076473506,447.05650237915495,99.37393751537806,39.64010642217149,14.38006475923022,44.22775417668313,9.212450674813315,4.3826600541253,0.0,0.0,0.0,0.0,0.0,model4,19.0,False,5154.0
1718,2015-08-04T23:00:00Z,78.0,169.03940640061163,445.8082429464951,99.49179407779141,38.995384173741186,14.098771007906995,41.40888853899619,9.871347442740378,3.99171075347746,0.0,0.0,0.0,0.0,0.0,model4,19.0,False,5157.0
1719,2015-08-05T02:00:00Z,78.0,170.2649178812251,453.6085046729871,99.88058710489618,39.101695316097214,13.714825927649796,39.99603765572317,9.121106298893967,4.145756024732892,0.0,0.0,0.0,0.0,0.0,model4,19.0,False,5160.0
1720,2015-08-05T05:00:00Z,78.0,168.00117434344338,456.7150492666983,99.78423407452298,39.7615645367843,15.455217262060405,38.17248104678881,9.08227948075572,4.20922508046828,0.0,0.0,0.0,0.0,0.0,model4,19.0,False,5163.0
1721,2015-08-05T08:00:00Z,78.0,166.6795572606441,455.62941030855484,99.17353442416872,40.955709544410155,15.509409055131636,39.549723862879645,8.751056265908586,4.352353523655816,0.0,0.0,0.0,0.0,0.0,model4,19.0,False,5166.0
1722,2015-08-05T11:00:00Z,78.0,169.179746689021,451.7583947855215,99.2066588074507,40.065637983049776,16.050350622238867,37.975940998954115,7.796727606804709,5.227194568617879,0.0,0.0,0.0,0.0,0.0,model4,19.0,False,5169.0
1723,2015-08-05T14:00:00Z,78.0,168.7166332436679,449.0666223500658,100.00626144460924,40.89786143841621,16.067300527736062,39.99369891117372,8.484204653362895,5.463153757014738,0.0,0.0,0.0,0.0,0.0,model4,19.0,False,5172.0
1724,2015-08-05T17:00:00Z,78.0,168.50457249021025,445.7773788170977,99.08680364926417,41.01883787083021,15.14448295974594,36.9093467866388,8.186701351313195,5.420282057718271,0.0,0.0,0.0,0.0,0.0,model4,19.0,False,5175.0
1725,2015-08-05T20:00:00Z,78.0,168.1527030139788,446.78795572908206,98.9618939140147,41.19414517997719,14.696299983528045,43.23673930283906,8.278998049203093,5.349882538943035,0.0,0.0,0.0,0.0,0.0,model4,19.0,False,5178.0
1726,2015-08-05T23:00:00Z,78.0,167.2009456455913,448.498984021224,98.69401220400265,41.9563138262402,13.880923891471102,41.871571541821865,7.57826972694316,5.198384392197016,0.0,0.0,0.0,0.0,0.0,model4,19.0,False,5181.0
1727,2015-08-06T02:00:00Z,78.0,166.6617201663356,449.4662020874685,99.48440643464657,41.63901304629117,13.399539570082355,42.80597972772157,8.520381687960294,4.86584211613449,0.0,0.0,0.0,0.0,0.0,model4,19.0,False,5184.0
1728,2015-08-06T05:00:00Z,78.0,164.76202277105062,440.11788059509263,99.18304823431204,41.38200614142709,14.170391027359006,49.01955392848336,9.959549228344178,5.115142748000259,0.0,0.0,0.0,0.0,0.0,model4,19.0,False,5187.0
1729,2015-08-06T08:00:00Z,78.0,165.85638943120782,446.9487733056831,98.93660855840277,40.769128326650964,14.133457237119432,52.17350990149896,9.459996787847981,4.828918891672831,0.0,0.0,0.0,0.0,0.0,model4,19.0,False,5190.0
1730,2015-08-06T11:00:00Z,78.0,165.79079313999955,455.07076036656144,99.66233357616647,41.63937611080738,12.746834588620784,56.9873234802101,9.32296632397756,4.074757921880665,0.0,0.0,0.0,0.0,0.0,model4,19.0,False,5193.0
1731,2015-08-06T14:00:00Z,78.0,164.63418389751718,451.5177716001771,97.46747105807623,40.98992500929125,13.333753227640967,53.696253257675934,9.261777446443658,4.2704622807887995,0.0,0.0,0.0,0.0,0.0,model4,19.0,False,5196.0
1732,2015-08-06T17:00:00Z,78.0,166.50078600691032,462.3904575561272,97.84796672108814,41.4244309810224,14.756704472585936,57.79757863772234,9.98645504692727,4.208773473237924,0.0,0.0,0.0,0.0,0.0,model4,19.0,False,5199.0
1733,2015-08-06T20:00:00Z,78.0,165.88423551840538,461.7893546241808,98.68944713350996,42.254149296650965,14.578399058628245,53.26888052806282,9.830603467825485,5.249720892316426,0.0,0.0,0.0,0.0,0.0,model4,19.0,False,5202.0
1734,2015-08-06T23:00:00Z,78.0,166.66434591827087,462.277568771429,97.68924851594892,41.97479881514703,14.990700580130856,54.36378233838191,10.0503909037176,5.79222354925511,0.0,0.0,0.0,0.0,0.0,model4,19.0,False,5205.0
1735,2015-08-07T02:00:00Z,78.0,167.05923423569484,459.2495878869161,96.44221256191578,41.502734367629856,14.944087794429805,52.303802114627295,9.067226206939456,6.6134526152152695,0.0,0.0,0.0,0.0,0.0,model4,19.0,False,5208.0
1736,2015-08-07T05:00:00Z,78.0,170.19173895665213,465.1841255203756,96.4395966594202,41.26182964886433,12.177840452112914,44.06880378769162,8.123698627275521,6.8073753625667495,0.0,0.0,0.0,0.0,0.0,model4,19.0,False,5211.0
1737,2015-08-07T08:00:00Z,78.0,170.74738315706287,468.0103474706172,97.63176174993568,40.55354640138958,12.379788489847295,42.94154901607625,8.52856109519406,7.167112086421216,0.0,0.0,0.0,0.0,0.0,model4,19.0,False,5214.0
1738,2015-08-07T11:00:00Z,78.0,171.10503154952647,465.1350412750142,96.97528317785574,39.50402284426666,14.238939388400222,39.85944116757175,9.793811978149579,7.283790605431836,0.0,0.0,0.0,0.0,0.0,model4,19.0,False,5217.0
1739,2015-08-07T14:00:00Z,78.0,172.36819658583255,469.0283571002877,96.2934457284418,39.946704392395574,12.429389252624464,40.027027095082225,11.245017370621502,7.2245416105950095,0.0,0.0,0.0,0.0,0.0,model4,19.0,False,5220.0
1740,2015-08-07T17:00:00Z,78.0,172.3423926507505,467.2568561657489,96.90321939659245,39.740087653405645,13.666936159010234,37.093464435446975,11.628110575927556,7.331782390470915,0.0,0.0,0.0,0.0,0.0,model4,19.0,False,5223.0
1741,2015-08-07T20:00:00Z,78.0,171.82876210941131,462.64009468556594,96.20112962397141,39.073258417836186,14.507854635359118,45.13460303651565,11.928135117448848,6.524290019506059,0.0,0.0,0.0,0.0,0.0,model4,19.0,False,5226.0
1742,2015-08-07T23:00:00Z,78.0,172.21932154067815,461.309717514884,97.08358749185776,38.69964536153593,15.044975667387565,46.760348989000214,11.639411240119236,5.92829996488442,0.0,0.0,0.0,0.0,0.0,model4,19.0,False,5229.0
1743,2015-08-08T02:00:00Z,78.0,172.5790440958944,457.5715857735977,96.94552621076636,39.22579839461583,14.61134014373964,49.90262171652362,12.622007325085955,5.476192276415273,0.0,0.0,0.0,0.0,0.0,model4,19.0,False,5232.0
1744,2015-08-08T05:00:00Z,78.0,173.11689319374818,450.3795527664844,97.03949861381224,38.65419831904399,15.141221566066067,57.844972602730415,12.383733044618989,5.596061388234353,0.0,0.0,0.0,0.0,0.0,model4,19.0,False,5235.0
1745,2015-08-08T08:00:00Z,78.0,172.6443593677277,444.67387993788014,95.19147468144855,38.1733980229597,16.512768100496768,56.34574434400853,12.394239922297965,6.188731812142332,0.0,0.0,0.0,0.0,0.0,model4,19.0,False,5238.0
1746,2015-08-08T11:00:00Z,78.0,171.21210570337655,436.2680736721493,95.80255361151559,38.916461243758285,15.226624678359055,53.34100385447293,11.60662248683642,5.954596870465273,0.0,0.0,0.0,0.0,0.0,model4,19.0,False,5241.0
1747,2015-08-08T14:00:00Z,78.0,171.59911274508363,436.998787086942,98.12595358609283,38.63847536721303,15.281431243155586,54.890490825511634,9.93751426176543,5.741933799155536,0.0,0.0,0.0,0.0,0.0,model4,19.0,False,5244.0
1748,2015-08-08T17:00:00Z,78.0,170.20786983279768,428.8336635129595,97.36837065709612,38.33982768735903,15.101830017948243,48.00021339775082,8.833629737124506,6.472728419364424,0.0,0.0,0.0,0.0,0.0,model4,19.0,False,5247.0
1749,2015-08-08T20:00:00Z,78.0,170.751907025885,433.30150667852234,99.71967113942725,37.12520009014256,15.153451842397942,47.43180063623942,9.642706092271377,6.8279651213603305,0.0,0.0,0.0,0.0,0.0,model4,19.0,False,5250.0
1750,2015-08-08T23:00:00Z,78.0,170.95996898726983,428.5144340754003,100.11562497674092,37.156947473165324,14.764987279984204,44.7630516855233,9.833873892550695,6.8314890510760256,0.0,0.0,0.0,0.0,0.0,model4,19.0,False,5253.0
1751,2015-08-09T02:00:00Z,78.0,169.84085749835384,432.40279107004164,101.644132393874,36.49746917463021,15.227019656179998,46.62874346388261,10.294144661417363,6.5035573443513215,0.0,0.0,0.0,0.0,0.0,model4,19.0,False,5256.0
1752,2015-08-09T05:00:00Z,78.0,167.83132640294437,436.48607706074165,101.84192403001556,36.95416826555285,14.884589929415515,43.65377136712043,10.15635780736097,6.466521981118892,0.0,0.0,0.0,0.0,0.0,model4,19.0,False,5259.0
1753,2015-08-09T08:00:00Z,78.0,168.03104165825917,434.1893352653544,103.96401672261351,37.96200747606651,13.742808300071273,40.95870431059825,8.80832617814182,5.951001991964843,0.0,0.0,0.0,0.0,0.0,model4,19.0,False,5262.0
1754,2015-08-09T11:00:00Z,78.0,168.94878722491995,433.62421168563174,104.06619166782744,38.12944563258894,13.833364505359464,42.53909320887772,8.774868434649903,6.52713095703483,0.0,0.0,0.0,0.0,0.0,model4,19.0,False,5265.0
1755,2015-08-09T14:00:00Z,78.0,170.03335789650816,423.4126157425817,103.6868230794589,38.15670209776431,14.058665354820326,40.315291753791264,9.275067945757783,6.5861468436504325,0.0,0.0,0.0,0.0,0.0,model4,19.0,False,5268.0
1756,2015-08-09T17:00:00Z,78.0,167.79513262036176,420.9344709074685,104.0701900298064,38.10426892124338,14.70628758926158,43.329546137971846,9.277854264041565,5.799651005218755,0.0,0.0,0.0,0.0,0.0,model4,19.0,False,5271.0
1757,2015-08-09T20:00:00Z,78.0,168.12921501670834,415.2958943867328,101.974524065373,39.56425347762381,13.615794778186078,39.9684333675492,9.503371349652571,5.226517885417591,0.0,0.0,0.0,0.0,0.0,model4,19.0,False,5274.0
1758,2015-08-09T23:00:00Z,78.0,167.24209528794663,425.053151207413,100.82773596936904,39.1776954132573,12.93514220470736,49.28308742048925,9.89854098775405,5.385061041909337,0.0,0.0,0.0,0.0,0.0,model4,19.0,False,5277.0
1759,2015-08-10T02:00:00Z,78.0,168.13953630955262,419.5918186454531,99.10049690354212,40.09568744501164,12.599945000788518,49.92650907141414,8.077755849947504,5.5282523785896265,0.0,0.0,0.0,0.0,0.0,model4,19.0,False,5280.0
1760,2015-08-10T05:00:00Z,78.0,169.6453936671196,425.30671172455436,99.65373116304093,40.28344174698634,11.776884473541784,60.2522236368422,7.779761681553409,5.908788349373287,0.0,0.0,0.0,0.0,0.0,model4,19.0,False,5283.0
1761,2015-08-10T08:00:00Z,78.0,169.75185786979853,427.1397550161489,99.4285593809298,40.61124122999816,12.217805931727858,61.34161469471765,8.254230318772859,6.013051778470127,0.0,0.0,0.0,0.0,0.0,model4,19.0,False,5286.0
1762,2015-08-10T11:00:00Z,78.0,168.06668595607667,430.79858838628564,99.04720648966276,40.130473597841394,12.424344409942725,61.43641861792057,8.445425298629882,5.489092282850101,0.0,0.0,0.0,0.0,0.0,model4,19.0,False,5289.0
1763,2015-08-10T14:00:00Z,78.0,167.80683088005168,429.62479424157317,99.45640893665559,40.13251132612538,12.109595779709856,60.89584457390353,8.25099629247692,5.518407286261665,0.0,0.0,0.0,0.0,0.0,model4,19.0,False,5292.0
1764,2015-08-10T17:00:00Z,78.0,171.04457931752663,430.1286135338176,99.82183825201948,40.11640383978054,9.543170744334157,60.729679724738226,8.108334562417566,5.261796570462591,0.0,0.0,0.0,0.0,0.0,model4,19.0,False,5295.0
1765,2015-08-10T20:00:00Z,78.0,170.0396462189321,438.3131051274671,99.90635948500295,39.381075479246064,10.15634101182465,60.01780097706333,7.152370430823934,5.063643615019896,0.0,0.0,0.0,0.0,0.0,model4,19.0,False,5298.0
1766,2015-08-10T23:00:00Z,78.0,169.07350798874347,428.8485099671183,101.24223168544182,40.2133645058574,10.782356860713143,55.736398151940136,6.8306431304595225,5.230938308650157,0.0,0.0,0.0,0.0,0.0,model4,19.0,False,5301.0
1767,2015-08-11T02:00:00Z,78.0,168.29489192914158,437.053292970016,102.7311867436029,39.47330246082708,10.957490278314523,53.79355987621127,6.72976352009101,5.147485508114671,0.0,0.0,0.0,0.0,0.0,model4,19.0,False,5304.0
1768,2015-08-11T05:00:00Z,78.0,166.21425031174488,432.8457268028438,102.85609247861404,39.53739749363058,12.254467040446096,45.694259990305156,7.080219108055451,4.289095740727452,0.0,0.0,0.0,0.0,0.0,model4,19.0,False,5307.0
1769,2015-08-11T08:00:00Z,78.0,166.538483586332,435.74873372107436,102.14136836253029,40.11973421919133,12.255291365036168,47.68000995763747,7.382955654994744,4.654667255671452,0.0,0.0,0.0,0.0,0.0,model4,19.0,False,5310.0
1770,2015-08-11T11:00:00Z,78.0,168.64181667248855,432.770417325202,102.15935192383623,39.81565199306653,14.083663590596569,51.19645175671931,7.209220307358412,4.769209291198035,0.0,0.0,0.0,0.0,0.0,model4,19.0,False,5313.0
1771,2015-08-11T14:00:00Z,78.0,169.22109132201211,437.7855497519876,100.8479360256112,39.85314298352769,14.875887267573686,47.36183615218031,8.23532109452076,4.803522701266763,0.0,0.0,0.0,0.0,0.0,model4,19.0,False,5316.0
1772,2015-08-11T17:00:00Z,78.0,169.40389004369337,443.8335073390757,99.44940456405192,39.882392768072144,14.960700779727961,45.0267588522773,8.789022082916471,4.994947844626858,0.0,0.0,0.0,0.0,0.0,model4,19.0,False,5319.0
1773,2015-08-11T20:00:00Z,78.0,169.4153322026907,440.2096511655111,99.35144997043218,39.48547938794096,17.254035894912167,47.69396142545821,9.176034647617048,5.464982644522895,0.0,0.0,0.0,0.0,0.0,model4,19.0,False,5322.0
1774,2015-08-11T23:00:00Z,78.0,170.40448747799718,443.513517363492,98.35874324111023,39.19176006487852,16.729796527264366,51.95799981491496,9.355216166974241,5.070321787396776,0.0,0.0,0.0,0.0,0.0,model4,19.0,False,5325.0
1775,2015-08-12T02:00:00Z,78.0,169.36909628487396,437.60672227217276,98.80153291881807,39.160254794046224,18.005884576500637,53.17511748138789,9.623700348996275,5.3244137846366835,0.0,0.0,0.0,0.0,0.0,model4,19.0,False,5328.0
1776,2015-08-12T05:00:00Z,78.0,171.4979886877313,442.40761741146764,98.26814919893921,38.52146633329949,18.104289254476626,55.01139606239589,9.534511059126851,5.772855141166461,0.0,0.0,0.0,0.0,0.0,model4,19.0,False,5331.0
1777,2015-08-12T08:00:00Z,78.0,169.86422545036032,436.4205337420591,98.49869648323609,37.875618571245276,17.938484506850546,54.58359866239731,9.682223656606883,5.454159349246584,0.0,0.0,0.0,0.0,0.0,model4,19.0,False,5334.0
1778,2015-08-12T11:00:00Z,78.0,168.00565071394433,430.3511353235939,98.49889443416576,38.97970428857077,16.417340115268463,54.99283777223466,9.527171116863727,5.887933941088079,0.0,0.0,0.0,0.0,0.0,model4,19.0,False,5337.0
1779,2015-08-12T14:00:00Z,78.0,167.89009514415116,436.7348164849546,98.76941872877794,38.660281717622745,16.167112260428745,56.19903260569604,9.664446725110047,6.026081766053308,0.0,0.0,0.0,0.0,0.0,model4,19.0,False,5340.0
1780,2015-08-12T17:00:00Z,78.0,166.6222851356996,440.3422384327117,99.58649870707107,39.63809023119767,15.978609242551588,60.06947343152889,9.878414184862075,7.0333037983989914,0.0,0.0,0.0,0.0,0.0,model4,19.0,False,5343.0
1781,2015-08-12T20:00:00Z,78.0,167.9705908628097,445.86882290124214,99.35440024694677,40.24505987277275,13.455462322465367,61.05768993513018,9.723561079617662,6.628349112328495,0.0,0.0,0.0,0.0,0.0,model4,19.0,False,5346.0
1782,2015-08-12T23:00:00Z,78.0,168.52956682029262,448.04009016288535,99.121679251965,39.81354309238301,14.06656964505219,57.368051785849886,9.491343165933014,6.790115729404242,0.0,0.0,0.0,0.0,0.0,model4,19.0,False,5349.0
1783,2015-08-13T02:00:00Z,78.0,171.628678194917,447.60743612517894,97.66998670385452,40.553182789834985,12.930928247684363,56.45696463693993,8.415476530070205,6.8129671356295685,0.0,0.0,0.0,0.0,0.0,model4,19.0,False,5352.0
1784,2015-08-13T05:00:00Z,78.0,171.48581454269225,444.1860750628006,96.5666249204928,41.21239148287032,11.22483587933281,51.75082787550997,8.9115763382859,6.150361910918787,0.0,0.0,0.0,0.0,0.0,model4,19.0,False,5355.0
1785,2015-08-13T08:00:00Z,78.0,171.84402146220054,446.36291594962455,96.03562131843832,41.11474134862676,11.109482042525144,50.30096356662421,8.697422998576522,6.0224537593195855,0.0,0.0,0.0,0.0,0.0,model4,19.0,False,5358.0
1786,2015-08-13T11:00:00Z,78.0,171.95663097887137,454.5150403221617,95.71831166852137,40.41729098279862,11.35210613296403,41.82623971663863,8.426947233219254,5.963454835469822,0.0,0.0,0.0,0.0,0.0,model4,19.0,False,5361.0
1787,2015-08-13T14:00:00Z,78.0,171.73063604147643,455.67155085563513,96.99013916808174,41.16213119812561,11.548870940558064,42.83482563846748,8.699871918682879,5.847005998593426,0.0,0.0,0.0,0.0,0.0,model4,19.0,False,5364.0
1788,2015-08-13T17:00:00Z,78.0,170.87086005451005,458.1763751329004,96.65677465954107,40.58206277836481,12.077048636323994,42.95380546760197,8.226111096477975,4.633757766494488,0.0,0.0,0.0,0.0,0.0,model4,19.0,False,5367.0
1789,2015-08-13T20:00:00Z,78.0,168.29703931462063,452.6997495263424,96.25658028578243,40.12396330253715,13.550097518661676,42.106457625906415,8.052270067576345,5.082953889786302,0.0,0.0,0.0,0.0,0.0,model4,19.0,False,5370.0
1790,2015-08-13T23:00:00Z,78.0,166.99603497162013,452.9772695731311,97.49611606889287,40.47123643229822,13.118336249429214,41.48896327455915,8.356532337051583,5.434236760581279,0.0,0.0,0.0,0.0,0.0,model4,19.0,False,5373.0
1791,2015-08-14T02:00:00Z,78.0,166.31084343025825,455.60116846507606,98.58861703766908,40.58444160846551,12.48770375587188,38.226205241640116,8.86964037497428,5.148427100474292,0.0,0.0,0.0,0.0,0.0,model4,19.0,False,5376.0
1792,2015-08-14T05:00:00Z,78.0,168.62893722560096,456.91566910349707,100.71009156491668,40.591820942790214,14.110640907383313,36.244785019886336,8.496551017599328,5.390688764325762,0.0,0.0,0.0,0.0,0.0,model4,19.0,False,5379.0
1793,2015-08-14T08:00:00Z,78.0,170.0571664173094,456.19306380325037,101.43819921606243,39.54889990167712,14.391965302086156,38.84811657208525,7.347371804085696,5.935716746940361,0.0,0.0,0.0,0.0,0.0,model4,19.0,False,5382.0
1794,2015-08-14T11:00:00Z,78.0,170.17898870470884,459.7318365189766,100.49491886760893,40.46876407941956,13.897864011675525,41.65202462893886,8.022258298794304,6.267119045451372,0.0,0.0,0.0,0.0,0.0,model4,19.0,False,5385.0
1795,2015-08-14T14:00:00Z,78.0,168.22303189189125,454.53277596104215,99.08462702714664,40.02140048009709,14.031077822299846,47.083031372540376,7.643195379249394,5.99785116833456,0.0,0.0,0.0,0.0,0.0,model4,19.0,False,5388.0
1796,2015-08-14T17:00:00Z,78.0,169.98846045824092,449.4326675546358,99.29692010468901,39.90604617154982,15.195638109973974,42.86647198703314,7.603082235555989,5.888943834013616,0.0,0.0,0.0,0.0,0.0,model4,19.0,False,5391.0
1797,2015-08-14T20:00:00Z,78.0,172.68228944745465,455.0608409408332,100.17393806533329,40.6853371467095,13.723972443066833,40.630526475720494,7.287543292771875,5.801751182843328,0.0,0.0,0.0,0.0,0.0,model4,19.0,False,5394.0
1798,2015-08-14T23:00:00Z,78.0,173.48970012471543,446.7367086343722,99.41046900005225,40.3916231156656,13.803734680845492,43.31355766966958,7.30569339100762,5.770119260385063,0.0,0.0,0.0,0.0,0.0,model4,19.0,False,5397.0
1799,2015-08-15T02:00:00Z,78.0,174.8704908930215,441.28330931415434,98.80608433604543,40.01165406500783,14.09815944852448,47.06515436836728,6.912962927888228,5.476807043812507,0.0,0.0,0.0,0.0,0.0,model4,19.0,False,5400.0
1800,2015-08-15T05:00:00Z,78.0,171.91820776929714,444.33065293660485,98.9084863298807,40.611938660802096,13.826797280374384,49.24254440568076,7.1071776697759015,5.77356253215198,0.0,0.0,0.0,0.0,0.0,model4,19.0,False,5403.0
1801,2015-08-15T08:00:00Z,78.0,171.646752505949,450.2362052522722,98.58694525708808,42.197396638916274,13.44121338527701,51.07404144156806,7.447333316456512,4.934687955053446,0.0,0.0,0.0,0.0,0.0,model4,19.0,False,5406.0
1802,2015-08-15T11:00:00Z,78.0,170.45627810311208,443.5471316229212,98.90292423272464,41.63689327094645,13.699554890244556,54.99407647008481,7.3406971554374865,4.6286997319160506,0.0,0.0,0.0,0.0,0.0,model4,19.0,False,5409.0
1803,2015-08-15T14:00:00Z,78.0,170.8597877670199,448.6584166033014,100.41706300350144,40.34109681937953,15.289611172153409,51.38569375572153,7.466809895448848,5.823535047022452,0.0,0.0,0.0,0.0,0.0,model4,19.0,False,5412.0
1804,2015-08-15T17:00:00Z,78.0,169.66622617713836,444.6858761234436,100.8144823214364,40.35084271291489,14.610460926049216,51.9044664349601,6.973229800414737,5.90102875119133,0.0,0.0,0.0,0.0,0.0,model4,19.0,False,5415.0
1805,2015-08-15T20:00:00Z,78.0,170.49120621812568,445.4188002459837,100.31188889003796,39.84445881725865,15.283793314900992,56.84514891083986,8.387686045761964,5.531493313396598,0.0,0.0,0.0,0.0,0.0,model4,19.0,False,5418.0
1806,2015-08-15T23:00:00Z,78.0,170.65302489069455,451.4345079380721,101.71045868710087,39.89150066215823,14.828539829201127,54.84976988008726,8.781273826446636,5.140934651596701,0.0,0.0,0.0,0.0,0.0,model4,19.0,False,5421.0
1807,2015-08-16T02:00:00Z,78.0,169.38286427172545,461.9182506089539,100.55921741970707,39.7293228110041,13.936151164472316,52.28451948153075,9.331342406082571,5.523287136995197,0.0,0.0,0.0,0.0,0.0,model4,19.0,False,5424.0
1808,2015-08-16T05:00:00Z,78.0,171.78101564035654,456.565687469575,99.20744621782221,38.84083436544054,14.917603634518422,52.20632800610649,9.19804098007205,5.227431691602133,0.0,0.0,0.0,0.0,0.0,model4,19.0,False,5427.0
1809,2015-08-16T08:00:00Z,78.0,173.98990266459896,450.70031482123085,99.08445680164569,37.81240282288381,16.92636867108859,48.70173486038053,9.409746229549247,4.560022705465611,0.0,0.0,0.0,0.0,0.0,model4,19.0,False,5430.0
1810,2015-08-16T11:00:00Z,78.0,175.14666657545612,457.6481580738193,99.94780109939741,37.436193088956415,16.077331038562598,40.653903349630944,9.718930266991457,5.112459058271645,0.0,0.0,0.0,0.0,0.0,model4,19.0,False,5433.0
1811,2015-08-16T14:00:00Z,78.0,175.32543438512897,450.49546986469386,99.75411782273035,37.8960873609753,14.298187875408175,41.53111530517321,10.253517715805355,4.764382342883809,0.0,0.0,0.0,0.0,0.0,model4,19.0,False,5436.0
1812,2015-08-16T17:00:00Z,78.0,174.28614714398998,454.2925412374682,100.4106234020377,38.01749426098836,14.487622774809045,40.30664176949785,11.373539196837053,4.759158203779863,0.0,0.0,0.0,0.0,0.0,model4,19.0,False,5439.0
1813,2015-08-16T20:00:00Z,78.0,172.43654144640442,449.5432416083846,101.26467216366106,38.035953091294,14.228985730502622,32.37104099892688,12.357453412332097,4.990569155849181,0.0,0.0,0.0,0.0,0.0,model4,19.0,False,5442.0
1814,2015-08-16T23:00:00Z,78.0,170.78115017315417,448.2406370013765,100.641366121643,38.95586060220344,15.717800198848293,31.665866309935694,12.445184538231015,5.548955138174927,0.0,0.0,0.0,0.0,0.0,model4,19.0,False,5445.0
1815,2015-08-17T02:00:00Z,78.0,170.11347984552887,447.60748999747216,100.55789885460513,39.033154960247096,15.508290439530613,32.061180331065785,12.601033239714505,5.779150779031094,0.0,0.0,0.0,0.0,0.0,model4,19.0,False,5448.0
1816,2015-08-17T05:00:00Z,78.0,168.77670116396072,446.0733769579457,100.46829213138471,39.31187408011535,15.688542462128911,34.40986768421404,12.202300287709427,5.546271078463102,0.0,0.0,0.0,0.0,0.0,model4,19.0,False,5451.0
1817,2015-08-17T08:00:00Z,78.0,165.37765873278178,448.872042224804,101.24629289773615,40.29136038211554,12.79274451315244,36.51972162647045,11.772437337980865,6.254997090893282,0.0,0.0,0.0,0.0,0.0,model4,19.0,False,5454.0
1818,2015-08-17T11:00:00Z,78.0,166.28392276465073,449.88990924235185,100.0302981958645,40.35573895493104,13.720097216815436,37.21517837522325,11.822852631872818,5.734256791330577,0.0,0.0,0.0,0.0,0.0,model4,19.0,False,5457.0
1819,2015-08-17T14:00:00Z,78.0,164.5846857443395,454.1458467562927,100.65594802560915,41.17457262422258,14.524926143547981,40.28460649787424,11.94755297563074,5.263828547716679,0.0,0.0,0.0,0.0,0.0,model4,19.0,False,5460.0
1820,2015-08-17T17:00:00Z,78.0,167.40682161513442,445.72889551434736,98.28577869177252,41.38393304024178,15.023820391428346,44.35549049747672,12.084643585700915,5.261696224564568,0.0,0.0,0.0,0.0,0.0,model4,19.0,False,5463.0
1821,2015-08-17T20:00:00Z,78.0,168.61485605474962,444.2998507896635,98.12461637402494,41.0011856165659,15.889487780662105,44.99850568839438,10.245867252245999,6.006577785658548,0.0,0.0,0.0,0.0,0.0,model4,19.0,False,5466.0
1822,2015-08-17T23:00:00Z,78.0,171.42530703243818,446.7618399000052,97.57374142623142,40.563084403545105,15.415981821807813,45.8357637836345,10.031618570271498,5.777927844846481,0.0,0.0,0.0,0.0,0.0,model4,19.0,False,5469.0
1823,2015-08-18T02:00:00Z,78.0,172.82087496469967,435.6554112930583,99.77411415794529,41.1489344853652,16.216514819381395,44.95498094212528,11.269370196518931,5.32907664387832,0.0,0.0,0.0,0.0,0.0,model4,19.0,False,5472.0
1824,2015-08-18T05:00:00Z,78.0,172.03912887531388,434.582927796708,100.737758213151,41.211370718216,15.169666698092268,47.845932842851646,12.247178452530575,5.277371529574665,0.0,0.0,0.0,0.0,0.0,model4,19.0,False,5475.0
1825,2015-08-18T08:00:00Z,78.0,172.32102261606866,431.66428663896806,99.85801234089071,40.513984672732505,14.654658270929875,48.96263984589656,13.172247691552274,4.646672685959841,0.0,0.0,0.0,0.0,0.0,model4,19.0,False,5478.0
1826,2015-08-18T11:00:00Z,78.0,171.9382033371719,431.3824483626991,101.8367146781592,40.13730672109912,14.399529060405069,50.6204916053541,13.265564264740258,4.834312443605048,0.0,0.0,0.0,0.0,0.0,model4,19.0,False,5481.0
1827,2015-08-18T14:00:00Z,78.0,173.6562941043253,430.5127439187912,101.22524882792764,39.93842454592224,13.375841339913542,50.017406136765366,12.562600633565744,4.724396596994857,0.0,0.0,0.0,0.0,0.0,model4,19.0,False,5484.0
1828,2015-08-18T17:00:00Z,78.0,171.8378449377015,439.8698338846264,102.99934532683857,39.21876189944725,13.562356479152383,49.419990106450264,11.010581256142657,4.686534711721984,1.0,0.0,0.0,0.0,0.0,model4,19.0,False,5487.0
1829,2015-08-18T20:00:00Z,78.0,170.23813564485422,439.9521826195205,104.3831118637808,40.01349323848695,12.897214561569355,49.735447011599426,11.367871088642238,4.010326689589808,1.0,0.0,0.0,0.0,0.0,model4,19.0,False,5490.0
1830,2015-08-18T23:00:00Z,78.0,170.54287945578622,441.60845418618925,103.70894017463579,39.608273823452976,13.601262124660366,52.81001888635022,11.361139948602755,4.3849084680218535,1.0,0.0,0.0,0.0,0.0,model4,19.0,False,5493.0
1831,2015-08-19T02:00:00Z,78.0,169.43867117456742,454.7656846320326,102.31706030610151,38.479877483093794,12.514224735264175,53.71705348272396,10.52665171515944,4.701963501428792,1.0,0.0,0.0,0.0,0.0,model4,19.0,False,5496.0
1832,2015-08-19T05:00:00Z,78.0,168.99266885128682,457.8297134605898,101.37413561786914,39.1383930976245,13.243691627578087,48.38591691290669,9.674308412421276,5.215849754783397,1.0,0.0,0.0,0.0,0.0,model4,19.0,False,5499.0
1833,2015-08-19T08:00:00Z,78.0,170.2799227058579,461.64309749327714,101.39361471992106,39.30849648009335,13.473811597359795,44.32277142243698,9.087243297788977,5.170662434426831,1.0,0.0,0.0,0.0,0.0,model4,19.0,False,5502.0
1834,2015-08-19T11:00:00Z,78.0,168.70837451410378,462.14779927173635,101.71968807904041,39.887251614549776,13.589434963681144,43.86299218521306,9.693687521347314,4.973363983471672,1.0,0.0,0.0,0.0,0.0,model4,19.0,False,5505.0
1835,2015-08-19T14:00:00Z,78.0,169.2345234972241,458.34287693724366,101.89665765696249,40.345755711757505,12.475190568833954,43.18000032763182,10.001602440332183,5.180088456868396,1.0,0.0,0.0,0.0,0.0,model4,19.0,False,5508.0
1836,2015-08-19T17:00:00Z,78.0,170.42074953401502,457.6437417580682,101.13668478278385,40.58759347338932,12.211900206584636,45.21726105314229,10.428062031978158,5.079181042430691,0.0,0.0,0.0,0.0,0.0,model4,19.0,False,5511.0
1837,2015-08-19T20:00:00Z,78.0,169.88124425491486,459.0055772031525,99.61165295901412,40.155523801244335,13.140681696640561,43.97200008579121,9.233478961048508,4.84639928566753,0.0,0.0,0.0,0.0,0.0,model4,19.0,False,5514.0
1838,2015-08-19T23:00:00Z,78.0,169.5222139110752,455.77391340395525,101.39840476496934,40.0530062577841,12.263333277123413,50.60716145551839,9.530128058457494,4.6316616250350435,0.0,0.0,0.0,0.0,0.0,model4,19.0,False,5517.0
1839,2015-08-20T02:00:00Z,78.0,170.49724069866576,452.37799462191253,102.40165233464673,41.30941091569535,12.986373222131586,46.0811762091511,9.99610549643302,4.439670988016826,0.0,0.0,0.0,0.0,0.0,model4,19.0,False,5520.0
1840,2015-08-20T05:00:00Z,78.0,173.36466772619877,448.9719362297673,102.42533190002632,40.62201204508185,12.194069897573886,48.585561901597345,10.038966451991254,4.259799262149226,0.0,0.0,0.0,0.0,0.0,model4,19.0,False,5523.0
1841,2015-08-20T08:00:00Z,78.0,171.38104279199817,445.6618816532965,102.5365632100852,40.963460446752,13.213046104249324,47.670205325266856,9.874533420927511,4.203373950708598,0.0,0.0,0.0,0.0,0.0,model4,19.0,False,5526.0
1842,2015-08-20T11:00:00Z,78.0,170.9504057318091,446.49519112654417,99.58444959978416,40.991426544428684,13.976815447127676,46.97572486200518,9.961326476942931,4.417959074281266,0.0,0.0,0.0,0.0,0.0,model4,19.0,False,5529.0
1843,2015-08-20T14:00:00Z,78.0,172.16993790693525,447.9728573632537,97.81084035900416,41.45291843291919,15.359236490041113,46.321272503651635,9.959270110292275,5.137235791583554,0.0,0.0,0.0,0.0,0.0,model4,19.0,False,5532.0
1844,2015-08-20T17:00:00Z,78.0,170.69252253876508,443.73183914844077,97.70263234362926,40.909069933170215,15.29307612153007,49.82397501584708,10.648800289581779,5.7313231629168655,0.0,0.0,0.0,0.0,0.0,model4,19.0,False,5535.0
1845,2015-08-20T20:00:00Z,78.0,172.67749510931424,448.62782251508696,98.00617594755668,40.65232133028045,14.60847179313586,52.00896266807064,10.890574021993555,5.9658557698145,0.0,0.0,0.0,0.0,0.0,model4,19.0,False,5538.0
1846,2015-08-20T23:00:00Z,78.0,169.68026667680058,444.1227618171469,97.5308504881324,41.2506464982391,14.898134807615914,44.6833025367215,12.443724969032193,5.800212457890186,0.0,0.0,0.0,0.0,0.0,model4,19.0,False,5541.0
1847,2015-08-21T02:00:00Z,78.0,167.58797936282966,442.1653052856804,96.67782616022295,41.098352672861935,15.9202680246805,43.985485023025205,12.020924885569308,5.370070322293747,0.0,0.0,0.0,0.0,0.0,model4,19.0,False,5544.0
1848,2015-08-21T05:00:00Z,78.0,168.62957957759733,447.0143396470485,96.59449744535463,41.176750432028996,17.66729182259689,47.436864899960526,12.212079887597644,5.295405732405082,0.0,0.0,0.0,0.0,0.0,model4,19.0,False,5547.0
1849,2015-08-21T08:00:00Z,78.0,169.97239356848104,436.28210153332367,96.87406479860836,40.79617777326685,17.61785307065113,59.65318316147832,11.848602112244228,5.9129537187772225,0.0,0.0,0.0,0.0,0.0,model4,19.0,False,5550.0
1850,2015-08-21T11:00:00Z,78.0,172.74202751403672,440.3571777061129,99.01055294916998,40.11084590077196,17.085092472880675,63.24734876413814,11.615693076645453,6.054960245901165,0.0,0.0,0.0,0.0,0.0,model4,19.0,False,5553.0
1851,2015-08-21T14:00:00Z,78.0,172.3641384364592,440.98848503847563,100.25138212600076,38.63012070636075,15.658103809767963,63.856161076794045,11.622396800808382,5.2283694722136085,0.0,0.0,0.0,0.0,0.0,model4,19.0,False,5556.0
1852,2015-08-21T17:00:00Z,78.0,173.2950785854486,440.0690343850948,101.96244567854971,39.47868788524751,15.63763556892593,59.68169371147772,11.031534603863332,5.315957170174375,0.0,0.0,0.0,0.0,0.0,model4,19.0,False,5559.0
1853,2015-08-21T20:00:00Z,78.0,171.55328872299958,440.0329082400202,101.5217553369376,39.72292355799996,18.001001751596068,60.04956875401121,10.78499574368664,5.184358069212541,0.0,0.0,0.0,0.0,0.0,model4,19.0,False,5562.0
1854,2015-08-21T23:00:00Z,78.0,172.5147147333947,442.7826994673549,101.0244729872612,39.90121266032584,17.477005584911485,59.1875101949208,8.623616777220704,5.319946982993058,0.0,0.0,0.0,0.0,0.0,model4,19.0,False,5565.0
1855,2015-08-22T02:00:00Z,78.0,174.4887829483855,438.64132590694123,101.6779082739941,38.79041934199178,16.475088837757422,59.99810748863264,8.589162547701081,5.516559202186668,0.0,0.0,0.0,0.0,0.0,model4,19.0,False,5568.0
1856,2015-08-22T05:00:00Z,78.0,172.54742830815275,439.94855616792006,101.94683114713392,38.7982012035362,16.064057129711866,55.41369537071068,7.94219492621405,5.4131600867948535,0.0,0.0,0.0,0.0,0.0,model4,19.0,False,5571.0
1857,2015-08-22T08:00:00Z,78.0,171.94703993013889,457.3781332828135,101.10753503127356,38.435418022014716,15.544927798091207,44.14810937459843,8.796041936902348,4.695577182798623,0.0,0.0,0.0,0.0,0.0,model4,19.0,False,5574.0
1858,2015-08-22T11:00:00Z,78.0,171.5515645524475,448.8571232733251,101.18799983915552,38.785468453937185,15.428849463056526,49.3864255647482,8.36612818844084,4.5379472353522585,0.0,0.0,0.0,0.0,0.0,model4,19.0,False,5577.0
1859,2015-08-22T14:00:00Z,78.0,169.3554150698151,451.3677590199953,101.77136999933457,39.146344886527686,16.114991837431916,50.93387170891362,8.755360579033223,4.356523891056846,0.0,0.0,0.0,0.0,0.0,model4,19.0,False,5580.0
1860,2015-08-22T17:00:00Z,78.0,168.23733401963818,458.57150309016805,100.0285588754135,39.25542847986283,16.052812280242268,55.187682762517134,8.539282132211572,4.5210708267870485,0.0,0.0,0.0,0.0,0.0,model4,19.0,False,5583.0
1861,2015-08-22T20:00:00Z,78.0,169.95545253879985,457.31021518691114,100.37722097503551,39.80335943750279,13.445346229649406,53.5522875192237,8.526034336268886,4.786832490904542,0.0,0.0,0.0,0.0,0.0,model4,19.0,False,5586.0
1862,2015-08-22T23:00:00Z,78.0,170.02666505633914,466.0740530358456,101.12924442794096,39.8107989017359,14.741275587097807,53.54544267777868,8.383044519068271,4.9066206665625325,0.0,0.0,0.0,0.0,0.0,model4,19.0,False,5589.0
1863,2015-08-23T02:00:00Z,78.0,168.3702723156737,464.55790329489946,101.1966980662945,40.63893890868621,13.708231639448144,54.371946939420795,7.8545100530184815,4.4946096774694775,0.0,0.0,0.0,0.0,0.0,model4,19.0,False,5592.0
1864,2015-08-23T05:00:00Z,78.0,166.96928727268516,466.1865254166863,101.30934333393756,41.365359070084,12.373748047404993,54.461144822405394,8.22183558576416,5.024685168343856,0.0,0.0,0.0,0.0,0.0,model4,19.0,False,5595.0
1865,2015-08-23T08:00:00Z,78.0,164.64589762622361,457.94135160654486,102.30662283093884,41.95582650195999,13.84743010419302,53.76128803424114,7.9592127514603375,4.715306724571263,0.0,0.0,0.0,0.0,0.0,model4,19.0,False,5598.0
1866,2015-08-23T11:00:00Z,78.0,163.180105540617,457.0007836295416,102.08093360370228,42.126348928214405,13.756061148764086,44.936145508337376,8.056489129531604,4.930948042070466,0.0,0.0,0.0,0.0,0.0,model4,19.0,False,5601.0
1867,2015-08-23T14:00:00Z,78.0,165.97971981146313,457.45624883124304,101.4934102003018,42.41354245226133,14.719890071800478,41.374532107948454,7.605145419476223,5.313302084373285,0.0,0.0,0.0,0.0,0.0,model4,19.0,False,5604.0
1868,2015-08-23T17:00:00Z,78.0,166.05469315640914,446.9628827582952,103.14893918224838,42.9597271150116,15.480936095409467,37.844848566728956,7.172716552547673,5.109942115877141,0.0,0.0,0.0,0.0,0.0,model4,19.0,False,5607.0
1869,2015-08-23T20:00:00Z,78.0,166.75933056401502,441.4638707154575,103.17229089355499,42.914730518834425,16.181952294837064,39.71750985631397,7.7992908771809475,5.213379066761749,0.0,0.0,0.0,0.0,0.0,model4,19.0,False,5610.0
1870,2015-08-23T23:00:00Z,78.0,167.7296833088684,430.1144205441912,102.89311745887021,42.357913585417606,15.054293120185545,36.28945619568408,7.749448405675722,5.242850983622487,0.0,0.0,0.0,0.0,0.0,model4,19.0,False,5613.0
1871,2015-08-24T02:00:00Z,78.0,168.6917029903586,432.428584651715,102.38768930917406,42.24734622993896,15.944548645892056,37.67138692080373,7.658208784656475,5.400514233855673,0.0,0.0,0.0,0.0,0.0,model4,19.0,False,5616.0
1872,2015-08-24T05:00:00Z,78.0,170.12104614652432,432.0020372370526,102.7769876953742,41.64583526033724,16.88229802655121,41.42121811195752,7.384395001113834,5.0258482694619335,0.0,0.0,0.0,0.0,0.0,model4,19.0,False,5619.0
1873,2015-08-24T08:00:00Z,78.0,173.96280875379875,435.2055514524826,102.13467159620579,41.082752227435826,14.957416557987411,42.22870409224415,7.541438736225403,5.625179238870853,0.0,0.0,0.0,0.0,0.0,model4,19.0,False,5622.0
1874,2015-08-24T11:00:00Z,78.0,176.66808075776981,442.2958230165226,101.99822415452884,40.99283635479617,15.345556304745235,45.68426064006696,8.064834539219692,5.705518075104138,0.0,0.0,0.0,0.0,0.0,model4,19.0,False,5625.0
1875,2015-08-24T14:00:00Z,78.0,174.85079112189743,439.64959424444214,102.2889239619663,40.94928446716989,15.496477572570234,44.86989402368864,7.448042427312161,5.195440835042771,0.0,0.0,0.0,0.0,0.0,model4,19.0,False,5628.0
1876,2015-08-24T17:00:00Z,78.0,176.82343869000567,447.3417226967492,101.27914375018021,39.97197755902297,14.376953348689522,54.67085172414582,7.451331500059142,4.7530931465124,0.0,0.0,0.0,0.0,0.0,model4,19.0,False,5631.0
1877,2015-08-24T20:00:00Z,78.0,174.05101492697742,448.6265574532914,101.97235457099735,39.336450182968534,15.753019068201954,53.996961366248996,7.241400262343906,4.38701329012621,0.0,0.0,0.0,0.0,0.0,model4,19.0,False,5634.0
1878,2015-08-24T23:00:00Z,78.0,174.23528459945138,454.7405911999675,101.32491783704936,38.82743896851849,16.968062909499128,55.05438200138659,7.2599376873457,4.594558528629989,0.0,0.0,0.0,0.0,0.0,model4,19.0,False,5637.0
1879,2015-08-25T02:00:00Z,78.0,173.20797295876122,452.9014625168914,101.69203770436856,38.49459654353063,17.95315718533949,55.53804406672342,7.84085880655185,4.5004109086905775,0.0,0.0,0.0,0.0,0.0,model4,19.0,False,5640.0
1880,2015-08-25T05:00:00Z,78.0,172.4268503186187,447.565153037405,102.4139956439928,38.395096673549816,16.97202745514568,56.18443125197134,8.108480460631254,4.496479903296466,0.0,0.0,0.0,0.0,0.0,model4,19.0,False,5643.0
1881,2015-08-25T08:00:00Z,78.0,170.37593700832485,452.4942675382836,104.04068848408056,39.330244779446566,19.059281012215394,62.83168465470381,7.68215746084561,4.6980727443466765,0.0,0.0,0.0,0.0,0.0,model4,19.0,False,5646.0
1882,2015-08-25T11:00:00Z,78.0,167.7850561919445,445.8840034959199,106.1246941830988,40.022368064406855,16.940493519068028,63.75847028034895,8.359252158059581,4.785328991256758,0.0,0.0,0.0,0.0,0.0,model4,19.0,False,5649.0
1883,2015-08-25T14:00:00Z,78.0,166.99139089670504,450.6004821905342,106.33087733636852,39.59760014583781,17.040628729443625,67.67792361716228,8.626170280486742,5.826985274009112,0.0,0.0,0.0,0.0,0.0,model4,19.0,False,5652.0
1884,2015-08-25T17:00:00Z,78.0,166.04759022131984,449.4986491633754,105.280248128319,39.71957875714547,16.1850084945758,60.186174423527405,9.65801133479389,5.922909686799839,0.0,0.0,0.0,0.0,0.0,model4,19.0,False,5655.0
1885,2015-08-25T20:00:00Z,78.0,166.93339354536542,453.3794138511186,104.75544188804199,39.74634704790256,15.552143055707829,59.76889530723512,10.327279766110776,6.284399678145692,0.0,0.0,0.0,0.0,0.0,model4,19.0,False,5658.0
1886,2015-08-25T23:00:00Z,78.0,166.2216129463691,454.6136865509515,105.910631119082,40.12336864665454,14.410229718991792,62.94487600581081,10.18702777688908,6.015962583961022,0.0,0.0,0.0,0.0,0.0,model4,19.0,False,5661.0
1887,2015-08-26T02:00:00Z,78.0,167.05780763813075,456.9260775202434,105.78479812930985,40.60106435920449,12.467327563116108,63.87601119184321,9.743268807351916,5.769538936935335,0.0,0.0,0.0,0.0,0.0,model4,19.0,False,5664.0
1888,2015-08-26T05:00:00Z,78.0,166.8054478545614,466.2564275603424,104.24168159064295,40.40327167891265,15.537271779668865,62.37802074985379,10.152552801003647,5.764988817477138,0.0,0.0,0.0,0.0,0.0,model4,19.0,False,5667.0
1889,2015-08-26T08:00:00Z,78.0,168.74884055623897,455.70256680576784,103.01921154204344,40.19396880702949,13.526992570893945,60.75471484219844,9.83381192961784,5.719150186000991,0.0,0.0,0.0,0.0,0.0,model4,19.0,False,5670.0
1890,2015-08-26T11:00:00Z,78.0,168.144271637175,449.8632092971805,100.54772674684187,40.145070136100266,13.848806586817119,66.89060080098707,8.21058644192304,5.7413915112844975,0.0,0.0,0.0,0.0,0.0,model4,19.0,False,5673.0
1891,2015-08-26T14:00:00Z,78.0,169.34042424647345,444.2610378200357,99.46148311134151,40.41543694083248,13.697257155227089,63.24582337187556,7.642422065838216,5.083021458360982,0.0,0.0,0.0,0.0,0.0,model4,19.0,False,5676.0
1892,2015-08-26T17:00:00Z,78.0,168.51991689961898,446.84884110069396,100.96094413453451,40.9579109712291,14.592488752605936,62.92654987333615,7.6773704980378925,5.003663439988926,0.0,0.0,0.0,0.0,0.0,model4,19.0,False,5679.0
1893,2015-08-26T20:00:00Z,78.0,167.41621575614434,438.9579509710852,101.62761619298193,41.132971465152714,15.231549753601005,64.26758774864939,7.114483495743213,4.573599699143657,0.0,0.0,0.0,0.0,0.0,model4,19.0,False,5682.0
1894,2015-08-26T23:00:00Z,78.0,168.07446344870053,429.9240177553859,100.99233965913065,41.835471480051865,15.776365036279461,58.58825995881472,6.569801375110986,4.505231162632921,0.0,0.0,0.0,0.0,0.0,model4,19.0,False,5685.0
1895,2015-08-27T02:00:00Z,78.0,166.26782435203899,425.0892579288632,100.85941266958609,41.04074238976785,16.785522738000846,60.51406174470022,6.944255799314402,5.075581806139132,0.0,0.0,0.0,0.0,0.0,model4,19.0,False,5688.0
1896,2015-08-27T05:00:00Z,78.0,165.06390495940238,426.0291117805201,101.88440102569349,41.172240434423436,14.402309944721893,61.48794572093125,7.00983095593558,5.048522075160697,0.0,0.0,0.0,0.0,0.0,model4,19.0,False,5691.0
1897,2015-08-27T08:00:00Z,78.0,165.89498137882228,425.9758507242309,102.16130539794744,40.72787665446046,15.10947189103358,62.7540311299369,7.160097133482082,5.2056766984305405,0.0,0.0,0.0,0.0,0.0,model4,19.0,False,5694.0
1898,2015-08-27T11:00:00Z,78.0,166.11947312403905,433.48220312549796,101.50713487882557,40.02247130976088,15.646392675690825,55.98653857999329,7.535721747199296,5.271307865482184,0.0,0.0,0.0,0.0,0.0,model4,19.0,False,5697.0
1899,2015-08-27T14:00:00Z,78.0,164.70464751304024,433.3189765759166,102.09969924756224,40.664577609308964,16.501751512737428,60.75771199722078,8.303671124561394,5.302937647696579,0.0,0.0,0.0,0.0,0.0,model4,19.0,False,5700.0
1900,2015-08-27T17:00:00Z,78.0,165.40488796769,428.5643815525385,101.6670459890527,39.95298738599772,15.838528876706324,59.14430256231888,8.563388301875783,5.26716173087119,0.0,0.0,0.0,0.0,0.0,model4,19.0,False,5703.0
1901,2015-08-27T20:00:00Z,78.0,167.23897964141838,431.1103916492272,100.14880799138511,40.47509757012421,16.124811361760475,59.30181666573079,8.375267336164852,5.39015127449554,0.0,0.0,0.0,0.0,0.0,model4,19.0,False,5706.0
1902,2015-08-27T23:00:00Z,78.0,166.70117179909042,431.3825676639949,99.72129101596136,39.8665599151792,15.677748961169922,58.055484186014134,9.450858548196527,5.737222821261656,0.0,0.0,0.0,0.0,0.0,model4,19.0,False,5709.0
1903,2015-08-28T02:00:00Z,78.0,167.55245732861482,440.4044965156515,100.47026643965114,40.7292583070431,14.602153178425072,56.225164641501244,10.25713868310832,5.5434409341939554,0.0,0.0,0.0,0.0,0.0,model4,19.0,False,5712.0
1904,2015-08-28T05:00:00Z,78.0,170.08791517743254,428.68199905307745,99.48926372696798,40.17363210873121,14.019617271703654,49.97045348112242,10.674918323617693,5.869710691053583,0.0,0.0,0.0,0.0,0.0,model4,19.0,False,5715.0
1905,2015-08-28T08:00:00Z,78.0,167.76514638402946,432.11524205157997,98.88257803066372,39.693710463531815,12.983840287602888,47.62869607691432,11.15659977645408,5.957152987231256,0.0,0.0,0.0,0.0,0.0,model4,19.0,False,5718.0
1906,2015-08-28T11:00:00Z,78.0,168.66713258872596,428.6292318794532,99.48568655490445,40.66669698458853,14.798498979158287,49.32639432173061,11.150217974763782,6.0823325340837835,0.0,0.0,0.0,0.0,0.0,model4,19.0,False,5721.0
1907,2015-08-28T14:00:00Z,78.0,170.2821445578722,430.35051642644,98.31138200198072,40.14142819025064,13.154637680597727,47.59593124999789,10.757610669556787,5.76875824684211,0.0,0.0,0.0,0.0,0.0,model4,19.0,False,5724.0
1908,2015-08-28T17:00:00Z,78.0,168.46647694264988,435.220391692177,98.32333313664446,39.76104825906572,14.147774362549715,48.51178680534114,10.17097735084692,5.819269114714798,0.0,0.0,0.0,0.0,0.0,model4,19.0,False,5727.0
1909,2015-08-28T20:00:00Z,78.0,169.6031208041141,435.86626683678594,99.35383471849116,39.354539391149984,13.907853146352618,49.157825720520144,10.551820957673575,5.521462517214334,0.0,0.0,0.0,0.0,0.0,model4,19.0,False,5730.0
1910,2015-08-28T23:00:00Z,78.0,169.2443747176449,443.2589313753928,99.27933693196144,39.29067768359475,13.261214852563706,48.42338533876317,9.72255681340435,5.17278632134833,0.0,0.0,0.0,0.0,0.0,model4,19.0,False,5733.0
1911,2015-08-29T02:00:00Z,78.0,170.00531901148653,434.6594204623498,98.83092229754423,38.65272962379796,13.570355840471358,50.988251380450706,8.981530958544827,5.119087003192352,0.0,0.0,0.0,0.0,0.0,model4,19.0,False,5736.0
1912,2015-08-29T05:00:00Z,78.0,167.71225870069975,432.4464778797132,100.35067646917123,39.1930067632896,13.59158779873399,57.27086033315022,9.069514176506894,5.337872540970744,0.0,0.0,0.0,0.0,0.0,model4,19.0,False,5739.0
1913,2015-08-29T08:00:00Z,78.0,167.07151856298248,432.038390116424,101.82046061189644,39.613471751155814,13.656964738129716,56.91212891401773,8.696483420229116,5.530852844909392,0.0,0.0,0.0,0.0,0.0,model4,19.0,False,5742.0
1914,2015-08-29T11:00:00Z,78.0,167.32936864403587,428.7422821177152,102.2433162296295,39.01183340210105,11.078010947151576,55.76606006916946,8.267936567335079,4.747569429220347,0.0,0.0,0.0,0.0,0.0,model4,19.0,False,5745.0
1915,2015-08-29T14:00:00Z,78.0,168.42526575974918,431.7194438748242,103.06657399709795,39.21027889904593,12.482195330422122,54.54214126854036,8.913619015514618,5.0155127474747445,0.0,0.0,0.0,0.0,0.0,model4,19.0,False,5748.0
1916,2015-08-29T17:00:00Z,78.0,168.04515956376983,422.0961523627131,103.35744752897399,39.39817467462049,12.951368647727776,53.263679652000505,9.633963188871844,5.033619711230436,0.0,0.0,0.0,0.0,0.0,model4,19.0,False,5751.0
1917,2015-08-29T20:00:00Z,78.0,167.52813072500564,424.1931948751245,103.35299508025223,39.31353270040976,12.703341533099431,52.98794889174359,9.329345332225886,5.256864953087359,0.0,0.0,0.0,0.0,0.0,model4,19.0,False,5754.0
1918,2015-08-29T23:00:00Z,78.0,166.58584418861588,422.3946347254729,103.52803477387093,39.785965871585695,12.954451072323144,51.35965733164692,8.959150520237385,5.470895090509701,0.0,0.0,0.0,0.0,0.0,model4,19.0,False,5757.0
1919,2015-08-30T02:00:00Z,78.0,167.9101759825984,434.9503407087616,103.14115595695776,39.90367691340964,13.183705200528461,61.83793309153688,8.75685791230972,5.3371789731172194,0.0,0.0,0.0,0.0,0.0,model4,19.0,False,5760.0
1920,2015-08-30T05:00:00Z,78.0,169.08213315952028,440.3070950915949,103.24720385696187,40.40797409106619,13.998955678001744,54.526055860147885,8.904253474389137,5.239179631141778,0.0,0.0,0.0,0.0,0.0,model4,19.0,False,5763.0
1921,2015-08-30T08:00:00Z,78.0,172.13403754034385,447.17700057257537,101.34381835436407,40.56076203113626,14.824059128020025,61.095008991960675,9.619016453420453,4.592758752874326,0.0,0.0,0.0,0.0,0.0,model4,19.0,False,5766.0
1922,2015-08-30T11:00:00Z,78.0,172.57298538744075,450.9758612165544,101.10907381844022,39.90858853621901,14.88008792545682,58.3894608326548,9.555850579767935,4.981853907569708,0.0,0.0,0.0,0.0,0.0,model4,19.0,False,5769.0
1923,2015-08-30T14:00:00Z,78.0,170.57485913613968,447.8444987800838,101.39272073763728,40.18091816893283,14.295755983636287,60.89622342081978,8.925661887317277,5.318577709256165,0.0,0.0,0.0,0.0,0.0,model4,19.0,False,5772.0
1924,2015-08-30T17:00:00Z,78.0,172.754769362221,456.3292909415695,101.4219405086869,40.477384720887905,12.554943364180458,61.12291867410437,8.448560769994513,5.135525146825647,0.0,0.0,0.0,0.0,0.0,model4,19.0,False,5775.0
1925,2015-08-30T20:00:00Z,78.0,172.39886061339797,457.69919038653717,101.22252168955816,41.20633543461025,12.173221379036072,61.51038830168622,10.743999394322042,5.021494000526356,0.0,0.0,0.0,0.0,0.0,model4,19.0,False,5778.0
1926,2015-08-30T23:00:00Z,78.0,172.61770524302162,455.2711445602282,101.68557288536041,41.00260007416517,12.567731573586382,62.400360099808424,11.075736025508297,4.723257540541594,0.0,0.0,0.0,0.0,0.0,model4,19.0,False,5781.0
1927,2015-08-31T02:00:00Z,78.0,171.57095087148363,455.0871162259266,102.28122928410622,41.2672195537354,12.83784885192699,52.20633734571354,11.057104390501067,4.534597360175007,0.0,0.0,0.0,0.0,0.0,model4,19.0,False,5784.0
1928,2015-08-31T05:00:00Z,78.0,171.6777194454533,454.5379625351857,102.35889851989063,40.915476104712994,11.188214312234006,56.6951085054946,10.575654692712373,4.744425915215649,0.0,0.0,0.0,0.0,0.0,model4,19.0,False,5787.0
1929,2015-08-31T08:00:00Z,78.0,167.76818827860802,454.5103780489286,104.39695472473021,41.32664032999338,12.257047641152413,52.10882405333615,10.156393345506906,5.127566957593241,0.0,0.0,0.0,0.0,0.0,model4,19.0,False,5790.0
1930,2015-08-31T11:00:00Z,78.0,167.59863064349972,458.38048954437113,103.65671843358436,41.98424824670765,11.716700655281365,53.27835880776914,10.950874865742767,4.622172163281354,0.0,0.0,0.0,0.0,0.0,model4,19.0,False,5793.0
1931,2015-08-31T14:00:00Z,78.0,167.38780328080625,461.9931089159597,103.91808260486494,41.658792970587065,11.81541649828444,52.77307653461235,10.395988814496743,4.073331332580686,0.0,0.0,0.0,0.0,0.0,model4,19.0,False,5796.0
1932,2015-08-31T17:00:00Z,78.0,167.64629969750797,466.81848040339827,102.46424762689743,41.692344588329036,13.960662309381313,52.11187904783522,11.344835252302106,4.040981801826344,0.0,0.0,0.0,0.0,0.0,model4,19.0,False,5799.0
1933,2015-08-31T20:00:00Z,78.0,168.40203560262418,468.73017399999793,103.40322969740136,40.47571519562979,14.408544953674587,49.187514088282725,9.959301740609568,4.4123361561968695,0.0,0.0,0.0,0.0,0.0,model4,19.0,False,5802.0
1934,2015-08-31T23:00:00Z,78.0,171.21239330070253,466.6077626501381,103.2097457899564,40.01147580881312,15.495603845765526,55.07504826593653,10.259587845969973,4.894128891528311,0.0,0.0,0.0,0.0,0.0,model4,19.0,False,5805.0
1935,2015-09-01T02:00:00Z,78.0,171.22917707889613,459.7181568439305,101.45040078507824,40.6299007258511,16.040323100725598,60.13214857793432,12.615658598108332,5.187277637022032,0.0,0.0,0.0,0.0,0.0,model4,19.0,False,5808.0
1936,2015-09-01T05:00:00Z,78.0,171.39699731703345,458.35498925279603,99.92167267406195,41.205941718836044,16.245913302355806,57.97308967047785,12.32937961848159,5.0490580403060275,0.0,0.0,0.0,0.0,0.0,model4,19.0,False,5811.0
1937,2015-09-01T08:00:00Z,78.0,172.34783577899688,452.5027154444711,97.62688257607188,42.32311458864555,14.39823690395168,56.72459157547268,11.785863180668324,6.501543925435579,0.0,0.0,0.0,0.0,0.0,model4,19.0,False,5814.0
1938,2015-09-01T11:00:00Z,78.0,172.733507172335,442.10197583168656,98.2742883097986,42.78109757810814,14.609468696722248,62.029965756525144,12.038267505504091,6.746506212586168,0.0,0.0,0.0,0.0,0.0,model4,19.0,False,5817.0
1939,2015-09-01T14:00:00Z,78.0,175.96135855825662,436.7791502978935,98.25972520528872,43.9968543222922,15.890760873642455,57.46144163755518,11.878249574006635,7.662644693390693,0.0,0.0,0.0,0.0,0.0,model4,19.0,False,5820.0
1940,2015-09-01T17:00:00Z,78.0,175.30968460006275,429.3267265391944,98.65728506493248,44.97374093237818,14.87648192461302,55.066275897457416,11.812362555642428,7.531766121055987,0.0,0.0,0.0,0.0,0.0,model4,19.0,False,5823.0
1941,2015-09-01T20:00:00Z,78.0,176.32837332984937,422.45218928549417,97.80763463085172,46.7153973257341,16.689789488887524,51.895366550642294,10.71414490093825,6.586527858895668,0.0,0.0,0.0,0.0,0.0,model4,19.0,False,5826.0
1942,2015-09-01T23:00:00Z,78.0,175.35199123053272,424.2484399792433,98.10697540562285,48.45547714752262,17.684148163180314,46.61237482924953,10.536607619557481,5.082883503857123,0.0,0.0,0.0,0.0,0.0,model4,19.0,False,5829.0
1943,2015-09-02T02:00:00Z,78.0,175.52335660593778,422.3320303156671,99.91953441266784,48.939493452237606,16.857789167773152,41.154913380282785,8.464705978528357,4.991719804448537,0.0,0.0,0.0,0.0,0.0,model4,19.0,False,5832.0
1944,2015-09-02T05:00:00Z,78.0,175.2221695841753,427.8574027783239,100.26617716398779,49.76483948691529,17.179445060146488,47.95881126556221,11.350797031766666,4.995300425778575,0.0,0.0,0.0,0.0,0.0,model4,19.0,False,5835.0
1945,2015-09-02T08:00:00Z,78.0,175.3811723542757,429.52927745918265,101.44820388603728,49.63545656756528,17.399167311751736,48.383032787563714,11.19169249876433,4.443087574322663,0.0,0.0,0.0,0.0,1.0,model4,19.0,True,5838.0
1946,2015-09-02T11:00:00Z,78.0,173.4482659809153,441.4622542462492,101.16263551497794,50.059068639009396,19.353068450864264,55.523402818693064,10.690219088351872,3.992255074641939,0.0,0.0,0.0,0.0,1.0,model4,19.0,True,5841.0
1947,2015-09-02T14:00:00Z,78.0,169.44949111265905,443.3424322883189,99.93716155161621,49.51576515666668,19.827882565985817,55.82613367448582,11.016715754885832,3.443610728593176,0.0,0.0,0.0,0.0,1.0,model4,19.0,True,5844.0
1948,2015-09-02T17:00:00Z,78.0,170.50199569103938,452.014145385039,99.88611472334122,49.54416866357544,19.421460537421005,56.73963727650093,11.003202113815751,3.7734535040715564,0.0,0.0,0.0,0.0,1.0,model4,19.0,True,5847.0
1949,2015-09-02T20:00:00Z,78.0,169.48828053433616,455.69380688785424,97.76217236959695,49.969665044627455,17.530617166894142,55.742048068587586,11.967191876957054,3.8252411294644606,0.0,0.0,0.0,0.0,1.0,model4,19.0,True,5850.0
1950,2015-09-02T23:00:00Z,78.0,168.45360519741496,458.86943002083746,97.0563662183132,50.3330745255338,15.028709146514062,54.844384800947545,11.452478149267645,4.5985669366209025,0.0,0.0,0.0,0.0,1.0,model4,19.0,True,5853.0
1951,2015-09-03T02:00:00Z,78.0,167.96262649821335,463.583087341694,95.32774377528266,50.720577744831026,15.30442620748553,54.921801310040934,11.819185174487236,4.8911954106061994,0.0,0.0,0.0,0.0,1.0,model4,19.0,True,5856.0
1952,2015-09-03T05:00:00Z,78.0,166.3094513764949,463.0973886183574,94.41230450442612,50.890345528373956,15.402830395622187,49.51286101387206,9.345285525408997,4.975574712211451,0.0,0.0,0.0,0.0,1.0,model4,19.0,True,5859.0
1953,2015-09-03T08:00:00Z,78.0,167.12944857971513,459.5093062137832,95.25699505135997,50.24679548694471,15.4402603500467,50.518232729322825,10.271975760027916,5.350045546811255,0.0,0.0,0.0,0.0,0.0,model4,19.0,False,5862.0
1954,2015-09-03T11:00:00Z,78.0,168.2343813566211,454.93216837203454,96.66898948538078,48.49459978239135,13.504437589840267,38.65990531416898,11.721145058701918,7.450950777333655,0.0,0.0,0.0,0.0,0.0,model4,19.0,False,5865.0
1955,2015-09-03T14:00:00Z,78.0,171.10698574318613,454.7778651665554,97.03304969612593,47.85457507250732,11.724078293256838,40.422887262594536,12.99156181868007,8.294236076174625,0.0,0.0,0.0,0.0,0.0,model4,19.0,False,5868.0
1956,2015-09-03T17:00:00Z,78.0,171.4060169635734,449.3448880911279,97.9248866946025,46.901252563667384,11.931856186951,34.01391101842466,12.955928788341847,8.523329914699952,0.0,0.0,0.0,0.0,0.0,model4,19.0,False,5871.0
1957,2015-09-03T20:00:00Z,78.0,170.9260861183809,450.9932500849736,100.13741297691507,45.49677919779053,12.939314117307015,34.615800986251074,12.586163096275527,8.470433256209876,0.0,0.0,0.0,0.0,0.0,model4,19.0,False,5874.0
1958,2015-09-03T23:00:00Z,78.0,171.7061885891044,448.74737188821763,100.69992447852802,43.789018087669646,13.195992986433264,38.08743814423595,12.677028869568918,7.694680428117508,0.0,0.0,0.0,0.0,0.0,model4,19.0,False,5877.0
1959,2015-09-04T02:00:00Z,78.0,171.749503011223,449.22717912000564,100.19989629771109,42.51007237100108,12.366513066557411,35.05774190693113,12.491728927319029,6.75451041196311,0.0,0.0,0.0,0.0,0.0,model4,19.0,False,5880.0
1960,2015-09-04T05:00:00Z,78.0,173.6661154664875,437.25440080281317,101.94312843768006,41.04811606572072,11.126155218852153,46.38728823900837,11.94729318116785,5.436051143387184,0.0,0.0,0.0,0.0,0.0,model4,19.0,False,5883.0
1961,2015-09-04T08:00:00Z,78.0,173.13496224312922,438.11002829573164,99.73725240697004,40.129973105587844,10.379744817495057,51.93384458214463,11.80723003597372,4.927400177557155,0.0,0.0,0.0,0.0,0.0,model4,19.0,False,5886.0
1962,2015-09-04T11:00:00Z,78.0,173.46501758446811,442.10207032166517,99.21421877699787,40.447495978626534,10.289576911704046,56.054810266747545,11.110364530351488,4.6024995672648,0.0,0.0,0.0,0.0,0.0,model4,19.0,False,5889.0
1963,2015-09-04T14:00:00Z,78.0,172.25844744114897,442.9408261029504,100.07913412519049,40.5634158222244,10.673925759682193,54.19668494414413,9.80078988629176,4.213915011686104,0.0,0.0,0.0,0.0,0.0,model4,19.0,False,5892.0
1964,2015-09-04T17:00:00Z,78.0,170.98483992843668,444.8428715797026,99.5880530517752,41.10788983446837,11.470766483686594,61.490406285124884,9.253141674529767,5.1914590803160445,0.0,0.0,0.0,0.0,0.0,model4,19.0,False,5895.0
1965,2015-09-04T20:00:00Z,78.0,171.53082082120332,445.50094486466026,98.91192059838465,40.92963536039229,12.603554993797074,62.641157388591935,8.637682777690909,5.13438140672132,0.0,0.0,0.0,0.0,0.0,model4,19.0,False,5898.0
1966,2015-09-04T23:00:00Z,78.0,171.64162174670162,452.022986489606,98.11315589778805,41.01741130649295,12.198299466619074,61.35275995854894,8.483602273359152,5.5306009081552805,0.0,0.0,0.0,0.0,0.0,model4,19.0,False,5901.0
1967,2015-09-05T02:00:00Z,78.0,172.56641098841249,455.42084048636025,99.5903134059453,40.934437594784406,12.717301960027847,61.38027249524883,8.529970729733806,5.428242201378877,0.0,0.0,0.0,0.0,0.0,model4,19.0,False,5904.0
1968,2015-09-05T05:00:00Z,78.0,174.60790372536755,462.20282369078797,99.1259679954656,40.101564854710055,13.584846107673798,52.25306903512775,8.755639203220984,6.061683844130959,0.0,0.0,0.0,0.0,0.0,model4,19.0,False,5907.0
1969,2015-09-05T08:00:00Z,78.0,174.38065207268784,464.8106165814939,99.7654228717934,40.04338003395839,13.85767155744936,45.99815200521715,8.45542451382332,6.017173964965098,0.0,0.0,0.0,0.0,0.0,model4,19.0,False,5910.0
1970,2015-09-05T11:00:00Z,78.0,175.9055800387317,471.09930048751664,99.30949583994041,40.42711169634382,14.588711361963739,46.015223315722416,8.071127269262321,6.0022023259080886,0.0,0.0,0.0,0.0,0.0,model4,19.0,False,5913.0
1971,2015-09-05T14:00:00Z,78.0,177.5919948141497,475.2758842990798,99.17875966034737,40.128930882621475,14.22341743805058,49.35552999551593,7.816862296962127,5.801526244214009,0.0,0.0,0.0,0.0,0.0,model4,19.0,False,5916.0
1972,2015-09-05T17:00:00Z,78.0,177.48310428467119,472.313091571998,100.42929922935396,39.396931175175226,13.483490049337295,41.683841033012826,8.31504732674723,4.852456253998125,0.0,0.0,0.0,0.0,0.0,model4,19.0,False,5919.0
1973,2015-09-05T20:00:00Z,78.0,174.94650538190913,468.94180173327413,100.44742864482978,39.46016661058624,13.8656150334375,41.944742767313,8.102373802554395,4.875637073042894,0.0,0.0,0.0,0.0,0.0,model4,19.0,False,5922.0
1974,2015-09-05T23:00:00Z,78.0,173.68600968802085,466.63167856777056,100.739976282195,39.68391067307093,15.276828031777717,44.91497200967947,10.249343996860606,4.610203439437295,0.0,0.0,0.0,0.0,0.0,model4,19.0,False,5925.0
1975,2015-09-06T02:00:00Z,78.0,173.6789323242538,465.82332961211057,101.3017757194027,39.676337659210475,16.004535852034163,44.59971085047943,9.570359857367542,4.7069739908353965,0.0,0.0,0.0,0.0,0.0,model4,19.0,False,5928.0
1976,2015-09-06T05:00:00Z,78.0,170.90494625385548,476.7425339523549,101.19259088669763,40.45087454866315,15.422762904548506,41.944602208494096,8.977466416378189,3.6441091355714734,0.0,0.0,0.0,0.0,0.0,model4,19.0,False,5931.0
1977,2015-09-06T08:00:00Z,78.0,173.13124690560443,480.84409624451484,101.7814542060304,41.11702082568673,15.729845263272095,44.449907971483725,8.567467935922503,3.958442282911328,0.0,0.0,0.0,0.0,0.0,model4,19.0,False,5934.0
1978,2015-09-06T11:00:00Z,78.0,172.33036045482947,474.1785955588162,100.56670584459292,40.65204325309415,15.016727945965155,40.937289602522696,9.659329010739834,4.4045053782526375,0.0,0.0,0.0,0.0,0.0,model4,19.0,False,5937.0
1979,2015-09-06T14:00:00Z,78.0,170.50181436903196,472.55012953416815,100.39227446514124,40.42278101154679,13.471814467827851,39.050204155769435,10.375112313943553,4.763152757670793,0.0,0.0,0.0,0.0,0.0,model4,19.0,False,5940.0
1980,2015-09-06T17:00:00Z,78.0,172.2779761458225,464.37399134525504,98.02906175653463,40.60445806725723,15.048301723490482,46.618536207022686,11.201149503863153,4.880537223785665,0.0,0.0,0.0,0.0,0.0,model4,19.0,False,5943.0
1981,2015-09-06T20:00:00Z,78.0,172.43270555260955,458.0450996092466,98.54458883176649,41.27070238187166,14.667822721725893,52.32014164068315,11.285316985461225,5.167753803329956,0.0,0.0,0.0,0.0,0.0,model4,19.0,False,5946.0
1982,2015-09-06T23:00:00Z,78.0,174.29028060011632,456.4948845635936,99.37790031007671,41.069072799679866,14.174746616265313,61.73500415086031,9.91486485154683,5.146940268468296,0.0,0.0,0.0,0.0,0.0,model4,19.0,False,5949.0
1983,2015-09-07T02:00:00Z,78.0,173.047530053395,450.2268908531862,99.25764211605824,40.7584695730778,13.553211432095607,61.931641574171174,9.72907670866485,5.192129068686419,0.0,0.0,0.0,0.0,0.0,model4,19.0,False,5952.0
1984,2015-09-07T05:00:00Z,78.0,173.5773546326497,444.0468362631104,99.03618510392354,40.8872313400728,12.936507393512844,59.323122149513814,10.255854315387966,5.32407359863383,0.0,0.0,0.0,0.0,0.0,model4,19.0,False,5955.0
1985,2015-09-07T08:00:00Z,78.0,171.63910377157302,438.82711026060576,98.32444937679121,40.72434167010499,12.945822293795748,54.907741516604716,10.50044837309314,5.1552463465165195,0.0,0.0,0.0,0.0,0.0,model4,19.0,False,5958.0
1986,2015-09-07T11:00:00Z,78.0,170.6999949058721,432.211321677247,99.3972614387265,41.45059769396269,12.636904376998286,54.245852072205146,10.215231992649645,5.136108034131009,0.0,0.0,0.0,0.0,0.0,model4,19.0,False,5961.0
1987,2015-09-07T14:00:00Z,78.0,170.9962296736098,430.54714012217994,100.26615564641644,41.8975138982396,12.572596326031446,51.65788568024139,10.076151270066315,4.537632544681106,0.0,0.0,0.0,0.0,0.0,model4,19.0,False,5964.0
1988,2015-09-07T17:00:00Z,78.0,169.1490290254585,434.2312392310238,101.41149632558405,41.73818944342897,12.787245123245564,49.52495025607854,8.569255926790564,5.0689278542212834,0.0,0.0,0.0,0.0,0.0,model4,19.0,False,5967.0
1989,2015-09-07T20:00:00Z,78.0,172.30899332348426,436.9146828651892,101.4591116364036,41.22674675970512,13.919095226772908,47.09325697820986,8.54866735344094,4.785295021694143,0.0,0.0,0.0,0.0,0.0,model4,19.0,False,5970.0
1990,2015-09-07T23:00:00Z,78.0,171.58102421825038,437.32012732668295,100.67321495675718,41.511932832457376,13.171293733596293,30.38403311863845,8.147625391821137,4.926329417756327,0.0,0.0,0.0,0.0,0.0,model4,19.0,False,5973.0
1991,2015-09-08T02:00:00Z,78.0,170.94641530715975,437.20035643128097,101.17699736684835,41.59341491830991,13.499127005421267,28.701830629072013,8.248591977044866,4.845637958530952,0.0,0.0,0.0,0.0,0.0,model4,19.0,False,5976.0
1992,2015-09-08T05:00:00Z,78.0,171.446212974202,434.32767474902084,100.89798485756876,41.212162640284745,14.784629903998024,26.083559742631355,8.644176963284396,4.935991238371837,0.0,0.0,0.0,0.0,0.0,model4,19.0,False,5979.0
1993,2015-09-08T08:00:00Z,78.0,172.54428618642865,433.553533915563,101.52925448784886,40.529766560814295,15.259780328203863,30.36026259945013,7.99582195873658,4.965450366292052,0.0,0.0,0.0,0.0,0.0,model4,19.0,False,5982.0
1994,2015-09-08T11:00:00Z,78.0,171.20617168839217,442.8465636187223,102.33643885352235,40.62596237463553,15.848774167942187,35.06113255462329,7.329602880216433,5.071930673657998,0.0,0.0,0.0,0.0,0.0,model4,19.0,False,5985.0
1995,2015-09-08T14:00:00Z,78.0,169.04062001122972,442.2583780492666,100.64847399265228,40.48513298349991,18.344755830359574,38.93689134037192,8.34924975917625,4.8549027849363275,0.0,0.0,0.0,0.0,0.0,model4,19.0,False,5988.0
1996,2015-09-08T17:00:00Z,78.0,170.76843793959551,444.6083805919937,101.63009299890636,40.680745381522605,17.135541537292156,43.388152561296025,8.35653915385194,4.201856965535462,0.0,0.0,0.0,0.0,0.0,model4,19.0,False,5991.0
1997,2015-09-08T20:00:00Z,78.0,168.39712464324592,450.58073754813256,101.23813821457495,40.101631681646744,15.567979042839935,43.605906644839706,8.992007580162271,4.431886354699428,0.0,0.0,0.0,0.0,0.0,model4,19.0,False,5994.0
1998,2015-09-08T23:00:00Z,78.0,167.1510111737897,453.8382277501026,101.06795141970665,40.04380116837034,15.3320543086007,44.513645156211254,8.817695780187194,5.5348439923855866,0.0,0.0,0.0,0.0,0.0,model4,19.0,False,5997.0
1999,2015-09-09T02:00:00Z,78.0,167.96920464624225,460.4111140679375,100.21029017592564,39.98732227698979,14.879934218865404,45.773268048322684,8.762310538478848,5.722671103636202,0.0,0.0,0.0,0.0,0.0,model4,19.0,False,6000.0
2000,2015-09-09T05:00:00Z,78.0,167.222219639974,461.6236314796969,101.37876083410838,40.40881812178769,13.350481985414136,49.220913347674504,7.89497614588558,5.769570025701699,0.0,0.0,0.0,0.0,0.0,model4,19.0,False,6003.0
2001,2015-09-09T08:00:00Z,78.0,164.3570468449862,462.3073601485192,101.59176569621023,40.38781073228847,13.926242035437214,47.24056575626752,7.94934105961474,5.710709897530849,0.0,0.0,0.0,0.0,0.0,model4,19.0,False,6006.0
2002,2015-09-09T11:00:00Z,78.0,165.29944736438136,459.26804558499686,100.99349906424193,40.170047869897545,13.832722203802176,46.628283320387496,7.983994952776581,5.449382450227836,0.0,0.0,0.0,0.0,0.0,model4,19.0,False,6009.0
2003,2015-09-09T14:00:00Z,78.0,165.64894738533422,461.2764463446682,101.63855422295728,39.72968083701371,12.271422305579321,44.2358426699419,6.423448125629825,5.929081681596737,0.0,0.0,0.0,0.0,0.0,model4,19.0,False,6012.0
2004,2015-09-09T17:00:00Z,78.0,162.6879804961633,459.2896974482331,101.49583615300358,39.892136523888006,11.474053400086627,41.73824324256953,7.028128456275967,6.229336614169863,0.0,0.0,0.0,0.0,0.0,model4,19.0,False,6015.0
2005,2015-09-09T20:00:00Z,78.0,163.84018572570554,457.27666340593237,100.55514233764595,40.690727411335814,12.852445211697106,42.9639164269336,8.710682392380223,6.270865548382946,0.0,0.0,0.0,0.0,0.0,model4,19.0,False,6018.0
2006,2015-09-09T23:00:00Z,78.0,165.0934369838766,451.15097743660414,100.0522898794848,39.878534320340094,13.622870188615742,48.321070649243296,9.122382271786641,5.539558386858533,0.0,0.0,0.0,0.0,0.0,model4,19.0,False,6021.0
2007,2015-09-10T02:00:00Z,78.0,166.3984044811129,445.80229868194056,99.70501920141236,40.134430097646025,16.173086963249755,45.23250470292266,11.578408253363593,6.1916673150175825,0.0,0.0,0.0,0.0,0.0,model4,19.0,False,6024.0
2008,2015-09-10T05:00:00Z,78.0,167.19525940151027,443.9674962790481,98.99499393562333,39.86002700147318,17.082686706243848,50.31581479353814,11.45319321330471,6.117327711181626,0.0,0.0,0.0,0.0,0.0,model4,19.0,False,6027.0
2009,2015-09-10T08:00:00Z,78.0,169.70665948984728,447.8173541501457,98.27148644436632,39.839761985974604,15.608495430565856,49.87534882917661,11.548378530406394,6.33282932368092,0.0,0.0,0.0,0.0,0.0,model4,19.0,False,6030.0
2010,2015-09-10T11:00:00Z,78.0,170.73354411360845,446.50683606168616,97.39842684772344,39.65453553494177,16.15374744827118,48.31474618540432,12.986478681851963,6.0505658200143175,0.0,0.0,0.0,0.0,0.0,model4,19.0,False,6033.0
2011,2015-09-10T14:00:00Z,78.0,174.52297337664734,445.7174471131136,97.91132312639536,39.650721107465294,16.958587749454185,47.67594160291975,13.356367992319086,5.7222122477353885,0.0,0.0,0.0,0.0,0.0,model4,19.0,False,6036.0
2012,2015-09-10T17:00:00Z,78.0,175.6544115969638,453.19357118652994,97.08149270997907,39.06289697020671,16.283635241813982,48.66782671043161,13.057609959294087,5.519491797186523,0.0,0.0,0.0,0.0,0.0,model4,19.0,False,6039.0
2013,2015-09-10T20:00:00Z,78.0,173.86514761211185,457.08787447868264,98.0088902435438,38.364751853508956,16.277315908779375,47.59349038033603,12.212038202421072,5.1146735624559625,0.0,0.0,0.0,0.0,0.0,model4,19.0,False,6042.0
2014,2015-09-10T23:00:00Z,78.0,173.03382534683246,461.0988161099042,98.50254139667405,39.146501176941975,18.85893277593261,49.568167822434646,12.324884062162207,4.908534559985867,0.0,0.0,0.0,0.0,0.0,model4,19.0,False,6045.0
2015,2015-09-11T02:00:00Z,78.0,170.84544473011303,461.9958833732528,98.17188362532136,38.8545291833984,17.756608446205007,51.600158396832626,10.124641143441607,3.934218148041464,0.0,0.0,0.0,0.0,0.0,model4,19.0,False,6048.0
2016,2015-09-11T05:00:00Z,78.0,169.95494102687138,469.5956672811348,97.85227755568148,38.92048028190899,17.197189690286407,41.86505938194938,10.101630686966113,3.880878783029478,0.0,0.0,0.0,0.0,0.0,model4,19.0,False,6051.0
2017,2015-09-11T08:00:00Z,78.0,169.62175859517686,462.27612046087853,96.26347291118077,39.255287597235096,17.287872057533015,47.99683126306815,11.66166260149038,3.3655898814409064,0.0,0.0,0.0,0.0,0.0,model4,19.0,False,6054.0
2018,2015-09-11T11:00:00Z,78.0,169.12497834661937,457.08200594098884,98.89284870381191,39.48223034870979,16.821875888314754,54.1073892906588,12.210906888867626,3.9990559787986113,0.0,0.0,0.0,0.0,0.0,model4,19.0,False,6057.0
2019,2015-09-11T14:00:00Z,78.0,165.90015249779233,458.6945440053593,98.74694366536396,40.043852873744996,13.793270623586947,55.50289235019782,11.935190316203627,3.8117920359123993,0.0,0.0,0.0,0.0,0.0,model4,19.0,False,6060.0
2020,2015-09-11T17:00:00Z,78.0,166.4873929596833,458.8936826876728,98.94176066739705,39.821892759461015,15.323988525004413,55.19212279134389,11.961281541736055,3.9389853306715175,0.0,0.0,0.0,0.0,0.0,model4,19.0,False,6063.0
2021,2015-09-11T20:00:00Z,78.0,168.06789698127974,455.2011841598294,99.04330462827879,40.68309314358946,15.353290188260246,57.21618049970839,11.617296796794449,4.239252558063368,0.0,0.0,0.0,0.0,0.0,model4,19.0,False,6066.0
2022,2015-09-11T23:00:00Z,78.0,167.31919595297956,448.1419322771576,98.75471079209015,40.05327142444383,12.292933931301516,56.45173540906186,12.097510344043178,5.052175591354707,0.0,0.0,0.0,0.0,0.0,model4,19.0,False,6069.0
2023,2015-09-12T02:00:00Z,78.0,167.73218574363898,450.4410040205431,99.41732131675924,40.41149903332944,12.227178312059348,57.04993935272915,11.826609235199404,5.10277202026422,1.0,0.0,0.0,0.0,0.0,model4,19.0,False,6072.0
2024,2015-09-12T05:00:00Z,78.0,166.96065088290797,450.50976481750183,100.14758408374331,39.85414645613182,12.749344583531895,57.278310196234166,11.92387920242268,5.8468571990449645,1.0,0.0,0.0,0.0,0.0,model4,19.0,False,6075.0
2025,2015-09-12T08:00:00Z,78.0,167.52747773546568,454.1771591681089,102.3754987456418,39.92140984403439,12.551600305041232,54.98284393040469,9.676363204169103,6.1891989534238805,1.0,0.0,0.0,0.0,0.0,model4,19.0,False,6078.0
2026,2015-09-12T11:00:00Z,78.0,167.18790338867143,454.3161797399849,100.64137662715186,40.311734795166274,12.293752932158696,52.00921899064728,8.648731313285698,6.131551388734418,1.0,0.0,0.0,0.0,0.0,model4,19.0,False,6081.0
2027,2015-09-12T14:00:00Z,78.0,168.70544315416745,448.05121571985006,100.8230575600576,39.58482266496197,12.469190089180955,51.644942466408864,8.325726432236625,6.355735407664143,1.0,0.0,0.0,0.0,0.0,model4,19.0,False,6084.0
2028,2015-09-12T17:00:00Z,78.0,169.16267411523057,444.41549455850236,102.04478461442929,39.742586301883286,11.058170710938523,51.04132147367281,8.483647632040192,6.307664654331133,1.0,0.0,0.0,0.0,0.0,model4,19.0,False,6087.0
2029,2015-09-12T20:00:00Z,78.0,169.25701977716884,441.3004454992064,101.52656629201802,39.635809795078906,11.32048300599638,50.14277241203624,9.129329797916716,6.415864788995032,1.0,0.0,0.0,0.0,0.0,model4,19.0,False,6090.0
2030,2015-09-12T23:00:00Z,78.0,170.21817767084758,448.3263888047568,101.64483760399244,39.68924988821704,12.382496463781793,45.06305345064143,8.239101498409294,5.9693790428987095,1.0,0.0,0.0,0.0,0.0,model4,19.0,False,6093.0
2031,2015-09-13T02:00:00Z,78.0,169.64774532426847,447.81467888339796,101.10058278474614,39.30470558159693,12.701183347233837,41.69849695981007,8.722572667568281,5.757213796463847,0.0,0.0,0.0,0.0,0.0,model4,19.0,False,6096.0
2032,2015-09-13T05:00:00Z,78.0,171.0694515551875,441.1644975461541,100.75470080218643,39.123456984391325,12.791686629198209,37.38783746409248,8.532705274855571,5.416448600754851,0.0,0.0,0.0,0.0,0.0,model4,19.0,False,6099.0
2033,2015-09-13T08:00:00Z,78.0,169.86361306440114,439.5479351372938,100.25433071065744,39.16101541118283,12.324979970310723,35.153310901904185,8.174067101002166,5.1689683816299015,0.0,0.0,0.0,0.0,0.0,model4,19.0,False,6102.0
2034,2015-09-13T11:00:00Z,78.0,169.9190355701823,446.402597473107,98.64589611555296,38.996587330082896,13.164634761919045,34.59921914302671,9.337921901112844,4.902111960016421,0.0,0.0,0.0,0.0,0.0,model4,19.0,False,6105.0
2035,2015-09-13T14:00:00Z,78.0,167.00621862437958,455.4185803460611,97.89006143054856,39.604275864447686,15.168099690251214,34.81136846649653,9.198122082337264,4.775447088099621,0.0,0.0,0.0,0.0,0.0,model4,19.0,False,6108.0
2036,2015-09-13T17:00:00Z,78.0,165.34070682736748,462.5850822485044,96.99951846787779,39.97150674836585,14.473305312176445,45.83467354006854,8.152066135910008,4.740014234752509,0.0,0.0,0.0,0.0,0.0,model4,19.0,False,6111.0
2037,2015-09-13T20:00:00Z,78.0,163.92724695173737,463.9213493957337,96.86432077566415,39.64236279006021,13.853014390936215,42.86147951232137,8.062013999026734,4.27174125150121,0.0,0.0,0.0,0.0,0.0,model4,19.0,False,6114.0
2038,2015-09-13T23:00:00Z,78.0,163.01872478100574,466.2743580613879,97.1633594107534,39.670228057173865,12.760958249602847,45.41773909154212,7.9413354469980995,4.3147050514415115,0.0,0.0,0.0,0.0,0.0,model4,19.0,False,6117.0
2039,2015-09-14T02:00:00Z,78.0,165.23592352681328,463.1018520903512,98.2280527596098,40.02139957149759,13.440455714647108,50.934537966290904,8.568332768181747,4.428752934431572,0.0,0.0,0.0,0.0,0.0,model4,19.0,False,6120.0
2040,2015-09-14T05:00:00Z,78.0,164.4686630704922,466.0178230256623,98.67840877688336,40.214708869982864,12.569622491839494,52.74738547663763,8.719267822772293,3.752895436776594,0.0,0.0,0.0,0.0,0.0,model4,19.0,False,6123.0
2041,2015-09-14T08:00:00Z,78.0,165.07568458529437,468.8108656823398,99.37703409827928,40.02530307506238,13.057278564314725,51.46406075434877,8.80625414371057,3.944959577815615,0.0,0.0,0.0,0.0,0.0,model4,19.0,False,6126.0
2042,2015-09-14T11:00:00Z,78.0,166.22290387047448,469.9173066682593,100.63269498176031,39.42685806618583,14.216356016343285,51.59060538251004,6.774788365202374,3.824920031989478,0.0,0.0,0.0,0.0,0.0,model4,19.0,False,6129.0
2043,2015-09-14T14:00:00Z,78.0,168.66938087308213,464.16229640473404,99.37825747617062,39.14375709787976,11.993088983442615,51.70720402695762,9.215757630198473,3.882485205479413,0.0,0.0,0.0,0.0,0.0,model4,19.0,False,6132.0
2044,2015-09-14T17:00:00Z,78.0,169.93931138950344,459.27186975206735,98.95854701478737,39.881860299889546,12.20351825976224,41.37339309147451,9.213122347234293,4.363904241274456,0.0,0.0,0.0,0.0,0.0,model4,19.0,False,6135.0
2045,2015-09-14T20:00:00Z,78.0,173.27417758523262,456.02260617532835,99.11274464819941,40.03711915710893,13.434592842027032,52.980021703012774,9.17394861846526,4.665774339811192,0.0,0.0,0.0,0.0,0.0,model4,19.0,False,6138.0
2046,2015-09-14T23:00:00Z,78.0,179.231239373579,444.9267941187218,99.53307229340813,40.221489897703904,16.862589161038596,52.978456253758964,9.616725373920893,4.457435977399442,0.0,0.0,0.0,0.0,0.0,model4,19.0,False,6141.0
2047,2015-09-15T02:00:00Z,78.0,181.540784072136,448.71963399245016,97.40603272659551,39.886861213792926,17.995500349832767,49.87024039995658,9.639309432974237,4.252793129420914,0.0,0.0,0.0,0.0,0.0,model4,19.0,False,6144.0
2048,2015-09-15T05:00:00Z,78.0,186.54703804013127,452.3643681771376,96.6278442882958,40.224159143857094,18.557819526093,48.00858684799734,9.402051331484437,4.648533977254972,0.0,0.0,0.0,0.0,0.0,model4,19.0,False,6147.0
2049,2015-09-15T08:00:00Z,78.0,188.82891986020482,449.5315163678592,96.09624024346594,40.28520146726096,17.1665751340794,52.24965039023756,9.19250364850354,4.980326313929238,0.0,0.0,0.0,0.0,0.0,model4,19.0,False,6150.0
2050,2015-09-15T11:00:00Z,78.0,190.45600685258046,447.38502712898855,96.8882903771262,40.03529158766186,15.80582694936514,60.78171016345939,9.381588423131776,5.336399652938012,0.0,0.0,0.0,0.0,0.0,model4,19.0,False,6153.0
2051,2015-09-15T14:00:00Z,78.0,193.14805796307462,452.6751345388923,98.75183653625595,40.17613630068868,13.777213355379574,62.713487512818524,7.946800307039611,5.163094795788567,0.0,0.0,0.0,0.0,0.0,model4,19.0,False,6156.0
2052,2015-09-15T17:00:00Z,78.0,196.3457906343882,451.1463566091552,99.38645572560348,39.059542640570776,9.985618156661477,62.585853416198425,7.996740358807305,5.032361932446939,0.0,0.0,0.0,0.0,0.0,model4,19.0,False,6159.0
2053,2015-09-15T20:00:00Z,78.0,196.61315475178156,457.70123548408793,99.06155937549494,38.86318990410372,11.873627559702852,52.86882349144951,8.146873289530719,5.224682434847262,0.0,0.0,0.0,0.0,0.0,model4,19.0,False,6162.0
2054,2015-09-15T23:00:00Z,78.0,194.9142585590383,464.99053236747216,98.51979207893207,38.50221422945492,11.804292363558115,48.45551024323808,7.614467397174161,5.3371388351142155,0.0,0.0,0.0,0.0,0.0,model4,19.0,False,6165.0
2055,2015-09-16T02:00:00Z,78.0,194.95743099737928,463.71096703605934,100.68788996322424,38.41614971720609,11.721063974742778,47.86123301035234,6.593129126584565,5.6414098510411845,0.0,0.0,0.0,0.0,0.0,model4,19.0,False,6168.0
2056,2015-09-16T05:00:00Z,78.0,194.29313499754772,463.1828143488189,101.52439217584377,38.72917170879774,11.35244097836289,49.123622346593116,6.517659473814237,5.416297598230095,0.0,0.0,0.0,0.0,0.0,model4,19.0,False,6171.0
2057,2015-09-16T08:00:00Z,78.0,193.89208832883784,465.8609672648653,101.8615988404451,39.13553581871333,13.005280497744856,44.63587980093506,7.551783629883017,5.777573842680282,0.0,0.0,0.0,0.0,0.0,model4,19.0,False,6174.0
2058,2015-09-16T11:00:00Z,78.0,191.73400103341663,463.3103203772761,101.93957896335249,39.425026263372665,14.81565583335877,32.970999176509906,7.355986158361714,5.626108356495781,0.0,0.0,0.0,0.0,0.0,model4,19.0,False,6177.0
2059,2015-09-16T14:00:00Z,78.0,191.19787330593468,458.16355113464783,101.5182342588714,38.94588799854046,15.58151831191148,33.44814248977936,7.353673502385192,5.8348589069043175,0.0,0.0,0.0,0.0,0.0,model4,19.0,False,6180.0
2060,2015-09-16T17:00:00Z,78.0,189.08698672121537,454.26735251937373,101.78597153817915,38.95507684589344,15.942118940651671,41.600744411431506,7.319948245069018,6.1824433440673525,0.0,0.0,0.0,0.0,0.0,model4,19.0,False,6183.0
2061,2015-09-16T20:00:00Z,78.0,186.640126197499,449.469413738946,102.04014760942404,39.14020835760702,15.385058949303007,46.60828417926629,6.578934317662399,6.233414523353863,0.0,0.0,0.0,0.0,0.0,model4,19.0,False,6186.0
2062,2015-09-16T23:00:00Z,78.0,183.9365947258874,443.2090440959182,102.09864502146458,40.05159120499399,14.5996849283869,48.01794716961025,6.7223613968596245,6.3570525046392365,0.0,0.0,0.0,0.0,0.0,model4,19.0,False,6189.0
2063,2015-09-17T02:00:00Z,78.0,179.52549969958164,441.486469799504,101.840524473744,40.277253660001314,15.446536090215757,50.70440157202618,7.149984448819156,6.10433520389508,0.0,0.0,0.0,0.0,0.0,model4,19.0,False,6192.0
2064,2015-09-17T05:00:00Z,78.0,175.28816164166537,432.82888224548446,101.5168399527499,40.31522575486295,13.034907207970527,53.13320126717778,8.81071386598874,6.198099487173899,0.0,0.0,0.0,0.0,0.0,model4,19.0,False,6195.0
2065,2015-09-17T08:00:00Z,78.0,174.76003540128582,432.34361565612363,102.6511388026218,39.97113136420985,11.347399215257752,53.08069705900528,8.306203751442892,5.5174589414933255,0.0,0.0,0.0,0.0,0.0,model4,19.0,False,6198.0
2066,2015-09-17T11:00:00Z,78.0,174.01073766205138,432.1282316589069,101.95077210778135,40.37133631607149,13.209813246030588,52.27612925087114,8.700965300047763,5.703912279969474,0.0,0.0,0.0,0.0,0.0,model4,19.0,False,6201.0
2067,2015-09-17T14:00:00Z,78.0,171.79524795319816,433.73236305042707,102.30106414493021,41.1136676600012,10.998477250387905,50.83719020428686,8.419792151435972,5.44716882442386,0.0,0.0,0.0,0.0,0.0,model4,19.0,False,6204.0
2068,2015-09-17T17:00:00Z,78.0,172.16809844069718,441.9189372907621,100.34773343406596,42.00956740975293,11.71568360696366,50.708940030087575,9.3187284211334,5.2810783593008335,0.0,0.0,0.0,0.0,0.0,model4,19.0,False,6207.0
2069,2015-09-17T20:00:00Z,78.0,172.73388185360278,443.73614052487915,100.60435465378193,42.29524161157017,11.690934057804794,47.02604405323625,9.73450386535136,4.919347561356462,0.0,0.0,0.0,0.0,0.0,model4,19.0,False,6210.0
2070,2015-09-17T23:00:00Z,78.0,172.44067215551954,450.5138672038832,101.46126017301629,41.605762282563056,12.193193258914988,43.652971934257906,10.164695524534649,5.1328197164275835,0.0,0.0,0.0,0.0,0.0,model4,19.0,False,6213.0
2071,2015-09-18T02:00:00Z,78.0,173.55973433353176,449.8684837927458,101.60273277333944,42.6177377990723,11.059897372232726,40.80547562749521,10.053497507462852,5.445612856887664,0.0,0.0,0.0,0.0,0.0,model4,19.0,False,6216.0
2072,2015-09-18T05:00:00Z,78.0,174.75192469592466,452.0380125149665,101.29473937451976,42.44882834403555,10.793335127851355,34.634738260220736,8.615525824362043,5.493898314038331,0.0,0.0,0.0,0.0,0.0,model4,19.0,False,6219.0
2073,2015-09-18T08:00:00Z,78.0,173.11582718066475,445.85653596162314,101.03346233594463,41.93407325940053,11.485508459818814,36.92831548217393,9.326857412719695,6.0907616468733226,0.0,0.0,0.0,0.0,0.0,model4,19.0,False,6222.0
2074,2015-09-18T11:00:00Z,78.0,173.9191277153971,454.2436171576595,100.34375482623336,41.48159305180389,8.767674233869213,42.201684046332396,10.716603907356603,5.970115989982022,0.0,0.0,0.0,0.0,0.0,model4,19.0,False,6225.0
2075,2015-09-18T14:00:00Z,78.0,176.9342840673159,451.5937286325728,99.60985413958859,41.7366581954674,12.895294939096697,41.801425813715134,11.206873811295306,5.9221149394193136,0.0,0.0,0.0,0.0,0.0,model4,19.0,False,6228.0
2076,2015-09-18T17:00:00Z,78.0,175.2860526265982,445.23679223751503,101.64328510548201,41.62360597363296,14.057946049381664,36.38728911226057,10.63377973163391,5.307467271229268,0.0,0.0,0.0,0.0,0.0,model4,19.0,False,6231.0
2077,2015-09-18T20:00:00Z,78.0,172.86159915230996,446.4829243361463,101.52588741067659,41.12227812602492,15.502780023050047,36.338984830860774,10.147773754626963,5.755359023120464,0.0,0.0,0.0,0.0,0.0,model4,19.0,False,6234.0
2078,2015-09-18T23:00:00Z,78.0,172.58974167238782,445.3813568309352,100.6782527928048,41.554116786517135,16.218233736066853,39.54102400981036,9.663750381188981,5.390872520088241,0.0,0.0,0.0,0.0,0.0,model4,19.0,False,6237.0
2079,2015-09-19T02:00:00Z,78.0,173.29352750279895,446.81076555964586,100.56649278705757,40.72125775046839,17.40359980625109,39.412231462308576,9.856729971974524,5.156979492305755,0.0,0.0,0.0,0.0,0.0,model4,19.0,False,6240.0
2080,2015-09-19T05:00:00Z,78.0,172.02066527639016,450.47335495622735,101.1050308402467,40.25716672909767,17.412895945332494,41.25532652548829,10.114469225768046,5.112760166179964,0.0,0.0,0.0,0.0,0.0,model4,19.0,False,6243.0
2081,2015-09-19T08:00:00Z,78.0,172.97340158097825,458.2955919500127,100.46495378628154,40.8385742753389,16.823290404453505,43.72539376860302,9.24935568276283,4.680461266937173,0.0,0.0,0.0,0.0,0.0,model4,19.0,False,6246.0
2082,2015-09-19T11:00:00Z,78.0,172.88871111849843,445.88547831372773,99.80823921793684,40.89888232509397,17.145721424526492,43.80030571818886,8.627018333934426,4.795034372360165,0.0,0.0,0.0,0.0,0.0,model4,19.0,False,6249.0
2083,2015-09-19T14:00:00Z,78.0,169.0917600886242,448.86012582902083,100.01951940481834,40.1194538227457,13.819549057775975,44.46418162533123,8.936695048651007,4.756953051983858,0.0,0.0,0.0,0.0,0.0,model4,19.0,False,6252.0
2084,2015-09-19T17:00:00Z,78.0,168.47660745986988,442.0560390256466,99.9954444806737,40.225244605157094,12.784522303991348,49.11722934047993,9.121358603751267,4.618644963926228,0.0,0.0,0.0,0.0,0.0,model4,19.0,False,6255.0
2085,2015-09-19T20:00:00Z,78.0,169.51141942700863,447.3351182465824,100.37536226260158,40.04070973927,11.946357243192654,50.78429132631745,10.244805355191176,3.9409069528325458,0.0,0.0,0.0,0.0,0.0,model4,19.0,False,6258.0
2086,2015-09-19T23:00:00Z,78.0,169.78530305374804,447.8868964448452,98.9740576467251,39.86792135661119,10.490157552730556,49.00293555375864,10.647189978969907,4.709457982444027,0.0,0.0,0.0,0.0,0.0,model4,19.0,False,6261.0
2087,2015-09-20T02:00:00Z,78.0,168.96674656159414,448.4998909674504,98.19961876086658,40.04399753730839,8.72783443017229,49.42579685684953,11.103976315912123,4.666435384134727,0.0,0.0,0.0,0.0,0.0,model4,19.0,False,6264.0
2088,2015-09-20T05:00:00Z,78.0,170.27382252725687,447.0693825381434,97.5625460585817,40.497643672550026,9.726089953314585,45.424211335696896,10.971131397091739,4.833817272939978,0.0,0.0,0.0,0.0,0.0,model4,19.0,False,6267.0
2089,2015-09-20T08:00:00Z,78.0,168.4737752431912,443.5528958095355,96.63658238139857,40.31018151003975,13.043402005598464,43.279413987752335,10.655923192429661,4.864787312875079,0.0,0.0,0.0,0.0,0.0,model4,19.0,False,6270.0
2090,2015-09-20T11:00:00Z,78.0,168.06027348776425,450.5658824779578,97.80401736580484,40.502867806022074,13.071614373276349,42.36097034661554,10.343131296353267,4.937129609472672,0.0,0.0,0.0,0.0,0.0,model4,19.0,False,6273.0
2091,2015-09-20T14:00:00Z,78.0,166.77368823707891,452.2614822484032,96.86896962730972,40.719175931900075,13.964651600710097,43.682605048980605,9.995329060405641,4.895159420016686,0.0,0.0,0.0,0.0,0.0,model4,19.0,False,6276.0
2092,2015-09-20T17:00:00Z,78.0,167.92905018863559,459.5434442816148,95.57968890520834,40.308185592346355,13.5180095324387,36.173947875566384,9.168517183968255,5.1694480740784945,0.0,0.0,0.0,0.0,0.0,model4,19.0,False,6279.0
2093,2015-09-20T20:00:00Z,78.0,167.15000896000768,456.63099725737527,96.0407867002917,40.26257624790443,14.451454264164655,36.80675031848581,8.254554341139826,5.060313904212382,0.0,0.0,0.0,0.0,0.0,model4,19.0,False,6282.0
2094,2015-09-20T23:00:00Z,78.0,166.25156306184397,459.41477375547316,96.94286781072591,40.285318915512974,14.916262667320805,36.42062998084541,8.020762057205054,4.339342058742983,0.0,0.0,0.0,0.0,0.0,model4,19.0,False,6285.0
2095,2015-09-21T02:00:00Z,78.0,166.594539915759,458.18585320017706,97.11489770619343,39.42360803232075,15.143777696086815,40.689973652477335,8.075146627747344,4.53519501504248,0.0,0.0,0.0,0.0,0.0,model4,19.0,False,6288.0
2096,2015-09-21T05:00:00Z,78.0,167.5550669885074,455.56048484890846,98.31333241212828,39.111672625909954,15.852538006432324,48.27526458287571,8.655419232776843,4.57185576871501,0.0,0.0,0.0,0.0,0.0,model4,19.0,False,6291.0
2097,2015-09-21T08:00:00Z,78.0,169.3759134069955,452.5450853169568,97.91625465551876,39.564616601005255,14.048223300972396,47.45874654426724,9.427765934239462,5.04299198552096,0.0,0.0,0.0,0.0,0.0,model4,19.0,False,6294.0
2098,2015-09-21T11:00:00Z,78.0,170.29187400090458,447.2430366313546,99.2594297985998,40.13042197183865,13.97669109604592,45.70094631037399,9.917462133422935,5.491633342792783,0.0,0.0,0.0,0.0,0.0,model4,19.0,False,6297.0
2099,2015-09-21T14:00:00Z,78.0,172.03997226009048,445.0710463388971,101.60427069194763,39.59425302884024,12.29373217710566,44.110337704131844,9.763257162722367,5.763241529139216,0.0,0.0,0.0,0.0,0.0,model4,19.0,False,6300.0
2100,2015-09-21T17:00:00Z,78.0,174.46065048453065,442.39468899758754,101.68049090168232,39.08042290789783,14.071325882793277,45.412669236200685,10.173437658409183,5.662608792624981,0.0,0.0,0.0,0.0,0.0,model4,19.0,False,6303.0
2101,2015-09-21T20:00:00Z,78.0,174.10688680607467,436.28914021682135,102.3355750665947,39.23595676437157,14.750026930303724,44.143593707388106,10.971980732042153,5.704235651830512,0.0,0.0,0.0,0.0,0.0,model4,19.0,False,6306.0
2102,2015-09-21T23:00:00Z,78.0,173.36257177247487,434.6926468839748,102.72312706596121,38.710407128758796,14.936080696114356,42.808730691712775,10.977451045916624,5.837304400857568,0.0,0.0,0.0,0.0,0.0,model4,19.0,False,6309.0
2103,2015-09-22T02:00:00Z,78.0,172.9386450930267,435.57144544146223,101.81845652560119,39.07924640815133,14.577889391312532,38.17088925111288,11.003018168491176,5.507492938618177,0.0,0.0,0.0,0.0,0.0,model4,19.0,False,6312.0
2104,2015-09-22T05:00:00Z,78.0,171.72969790901004,434.7827708254535,100.74688531082069,39.54237749464457,15.156935338809323,33.097169339985015,10.957431758228276,5.4610888363726575,0.0,0.0,0.0,0.0,0.0,model4,19.0,False,6315.0
2105,2015-09-22T08:00:00Z,78.0,173.2912589079014,441.6402753990976,100.47153129861601,39.0852748454671,15.689802290203627,33.57437201396528,10.5862526452491,5.022082164538208,0.0,0.0,0.0,0.0,0.0,model4,19.0,False,6318.0
2106,2015-09-22T11:00:00Z,78.0,172.15290515343725,443.0725259451153,100.77826851303179,38.60627654693335,16.29989891227479,34.77358606106791,10.627151068397408,4.440888140482124,0.0,0.0,0.0,0.0,0.0,model4,19.0,False,6321.0
2107,2015-09-22T14:00:00Z,78.0,172.06649247830802,445.7277079429903,100.02643515057785,39.03331142574632,16.767455843827413,44.71691255810289,10.497302848755137,4.160568966473603,0.0,0.0,0.0,0.0,0.0,model4,19.0,False,6324.0
2108,2015-09-22T17:00:00Z,78.0,168.17667409135797,446.1347255990032,100.78811754334394,39.715638739306065,15.19531439742582,47.01620278415447,10.197158910983068,4.293097767351633,0.0,0.0,0.0,0.0,0.0,model4,19.0,False,6327.0
2109,2015-09-22T20:00:00Z,78.0,170.6824922762565,454.1429889508297,100.0893300380662,39.4622313664728,14.155638281396262,48.00445370295599,9.23707333914216,4.432053306027568,0.0,0.0,0.0,0.0,0.0,model4,19.0,False,6330.0
2110,2015-09-22T23:00:00Z,78.0,169.5580080666318,452.09348928708533,100.74821868249944,39.93415217079344,15.363614950656393,50.85028598453498,10.754031933572874,4.238129279651236,0.0,0.0,0.0,0.0,0.0,model4,19.0,False,6333.0
2111,2015-09-23T02:00:00Z,78.0,170.96097312335138,448.9559126095578,101.13502812576077,41.92525541814529,15.857915103615115,53.72030027394288,11.607399625636976,6.58890259994191,0.0,0.0,0.0,0.0,0.0,model4,19.0,False,6336.0
2112,2015-09-23T05:00:00Z,78.0,170.7784060794235,461.80122794284415,100.78964942814001,42.89151043509237,15.33491774787544,59.09934252835378,11.650622874830553,7.191463099374883,0.0,0.0,0.0,0.0,0.0,model4,19.0,False,6339.0
2113,2015-09-23T08:00:00Z,78.0,170.10109070646104,456.89445404222397,102.14036141661526,44.50370689240092,14.575453380861475,59.59990701502102,11.188600537032748,7.553770442696017,0.0,0.0,0.0,0.0,0.0,model4,19.0,False,6342.0
2114,2015-09-23T11:00:00Z,78.0,170.21639711038418,462.5635832367078,101.65754798760378,45.89816048632471,13.967390004252751,58.01270909696617,11.479688179232811,7.666612865064082,0.0,0.0,0.0,0.0,0.0,model4,19.0,False,6345.0
2115,2015-09-23T14:00:00Z,78.0,171.9254166232166,451.7122402991118,101.14724378571111,47.54170214320054,13.767346438994815,56.81711220328965,11.31275950092297,7.363924635876361,0.0,0.0,0.0,0.0,0.0,model4,19.0,False,6348.0
2116,2015-09-23T17:00:00Z,78.0,176.78431090558658,456.49871468447725,100.5052082665358,49.30145773750162,15.850789485312074,54.66536637982893,11.173772583307743,7.302010267871977,0.0,0.0,0.0,0.0,0.0,model4,19.0,False,6351.0
2117,2015-09-23T20:00:00Z,78.0,175.19829809675713,453.28681746252687,99.67624796836344,50.811784519013656,16.248709178966134,53.620567917447396,11.30613694267139,5.959769169966822,0.0,0.0,0.0,0.0,0.0,model4,19.0,False,6354.0
2118,2015-09-23T23:00:00Z,78.0,178.17046201061402,454.2405131851405,99.56558021616495,51.791797757580824,13.79379178988799,50.950433568064355,9.748676909916423,4.424010620089872,0.0,0.0,0.0,0.0,0.0,model4,19.0,False,6357.0
2119,2015-09-24T02:00:00Z,78.0,177.5806651602125,455.7387240487995,99.79455862363865,51.10459089983999,14.420380984730086,47.92699693404254,9.201860785900246,4.1951252076375525,0.0,0.0,0.0,0.0,0.0,model4,19.0,False,6360.0
2120,2015-09-24T05:00:00Z,78.0,176.26970080679786,449.57044703150086,99.76757867294927,50.975138357387884,14.588163716386342,37.08228806354589,9.005616279637623,4.130247250471189,0.0,0.0,0.0,0.0,0.0,model4,19.0,False,6363.0
2121,2015-09-24T08:00:00Z,78.0,175.65394248034386,455.7118414727025,99.43812416095804,50.35240199946886,15.986453239580035,37.64908235380029,9.006860154129637,4.1535385404880785,0.0,0.0,0.0,0.0,0.0,model4,19.0,False,6366.0
2122,2015-09-24T11:00:00Z,78.0,175.75602045699122,448.1620410833136,98.27932913468685,49.96416990945252,16.04790503029076,39.05050248765036,8.158861164339347,4.179731565927542,0.0,0.0,0.0,0.0,0.0,model4,19.0,False,6369.0
2123,2015-09-24T14:00:00Z,78.0,176.48030140829033,457.5056943117192,97.35728043426263,49.31273564755092,17.342037781949152,35.763945916630995,8.137037041037145,4.1644318116516,0.0,0.0,0.0,0.0,0.0,model4,19.0,False,6372.0
2124,2015-09-24T17:00:00Z,78.0,172.1508018804493,446.51169403118905,97.92425593747069,48.30126972762783,15.389853982510367,45.536916224086205,8.666032089088446,3.178611499569868,0.0,0.0,0.0,0.0,0.0,model4,19.0,False,6375.0
2125,2015-09-24T20:00:00Z,78.0,171.79584559596188,449.97338793420937,98.66240965193977,48.19796603751232,16.899981647791787,47.10553807744786,9.34409890196818,2.7073127682921614,0.0,0.0,0.0,0.0,0.0,model4,19.0,False,6378.0
2126,2015-09-24T23:00:00Z,78.0,169.92941984597647,450.26862255204765,98.19438370015196,48.440477736985706,17.599487450168212,48.58555556897853,9.51289457903658,3.01391764960774,0.0,0.0,0.0,0.0,0.0,model4,19.0,False,6381.0
2127,2015-09-25T02:00:00Z,78.0,170.67237912065985,446.934268949864,97.73462109828941,48.108689058318824,17.651527669718345,50.4066763387226,8.385377937825139,4.743658848982308,0.0,0.0,0.0,0.0,0.0,model4,19.0,False,6384.0
2128,2015-09-25T05:00:00Z,78.0,171.56119832324754,443.198413448984,97.64794129725014,47.051307694658966,17.506460915875245,51.715562841623104,8.736329705304911,5.325720851846056,0.0,0.0,0.0,0.0,0.0,model4,19.0,False,6387.0
2129,2015-09-25T08:00:00Z,78.0,171.05212827991338,437.06343652128174,98.48125140587048,46.38415052971675,16.23932452201166,50.63474932224603,8.678841739785188,5.9309832260897695,0.0,0.0,0.0,0.0,0.0,model4,19.0,False,6390.0
2130,2015-09-25T11:00:00Z,78.0,170.48453636583466,441.7536044776198,99.45428638703136,45.81556511535902,16.635573497386243,55.06275452960396,9.841300708167855,5.937182721747483,0.0,0.0,0.0,0.0,0.0,model4,19.0,False,6393.0
2131,2015-09-25T14:00:00Z,78.0,168.42097879693722,433.92077663192657,99.2120219382222,44.94479170659739,16.8549765376665,59.381964605539245,10.234632370269118,6.69407607081998,0.0,0.0,0.0,0.0,0.0,model4,19.0,False,6396.0
2132,2015-09-25T17:00:00Z,78.0,168.1035201146294,443.598212849728,98.79218393421502,43.56267115723342,17.21230203704708,56.45161622516054,9.907416172283687,7.1097520488659365,0.0,0.0,0.0,0.0,0.0,model4,19.0,False,6399.0
2133,2015-09-25T20:00:00Z,78.0,169.81154779809413,438.2904400984885,98.47456020490415,42.52005893941517,15.666404705661352,55.84957839656617,9.293450253252576,7.12862712663319,0.0,0.0,0.0,0.0,0.0,model4,19.0,False,6402.0
2134,2015-09-25T23:00:00Z,78.0,173.23810332911725,441.58258237989236,99.26603615377277,41.808255467880976,15.815271606371715,66.8404427190914,9.408952551763047,6.512700198373784,0.0,0.0,0.0,0.0,0.0,model4,19.0,False,6405.0
2135,2015-09-26T02:00:00Z,78.0,173.17829466563495,444.6332454011078,101.39291407873614,40.973676987918495,15.95226846495169,66.54382979175818,9.867853910846348,5.148006058437372,0.0,0.0,0.0,0.0,0.0,model4,19.0,False,6408.0
2136,2015-09-26T05:00:00Z,78.0,173.736590200841,442.7597199467076,101.79276811388388,40.822175925917136,16.385951344116386,66.89321265939,9.278354804891642,5.426839015394614,0.0,0.0,0.0,0.0,0.0,model4,19.0,False,6411.0
2137,2015-09-26T08:00:00Z,78.0,174.7363802260444,446.7781593632172,101.04114023773779,40.70247707277164,16.221617387785056,68.77617511497068,9.652930979650456,5.098212185931106,0.0,0.0,0.0,0.0,0.0,model4,19.0,False,6414.0
2138,2015-09-26T11:00:00Z,78.0,174.58514021475975,449.7057437271797,100.543886675571,40.02143698899898,16.400159612052605,68.81044122609913,8.3222221837437,4.569070022255307,0.0,0.0,0.0,0.0,0.0,model4,19.0,False,6417.0
2139,2015-09-26T14:00:00Z,78.0,174.5702945811042,461.5552340239184,100.89774985098384,40.50903817880582,13.798425769365785,66.60634442597231,8.078168357026827,4.15263598401276,0.0,0.0,0.0,0.0,0.0,model4,19.0,False,6420.0
2140,2015-09-26T17:00:00Z,78.0,175.90750723466354,461.62622618977707,101.15780144499796,40.69678661923472,12.171934468724544,64.1628741388403,7.990551792632468,4.283674122779754,0.0,0.0,0.0,0.0,0.0,model4,19.0,False,6423.0
2141,2015-09-26T20:00:00Z,78.0,175.05226203976105,473.3032587241957,101.69217081722677,40.66526500747725,13.195772177589252,65.21449806256679,8.082580612242303,3.69495975131406,0.0,0.0,0.0,0.0,0.0,model4,19.0,False,6426.0
2142,2015-09-26T23:00:00Z,78.0,172.30601229192692,467.0826666707208,100.54762303898836,40.09665544922909,12.1985895656616,56.13757751462972,9.382954383440033,3.491322505753029,0.0,0.0,0.0,0.0,0.0,model4,19.0,False,6429.0
2143,2015-09-27T02:00:00Z,78.0,170.36801683005174,468.3483225688214,99.82426096058771,40.09517597938133,12.021804137389855,58.56841059621225,8.738089276971687,3.2858219393339567,0.0,0.0,0.0,0.0,0.0,model4,19.0,False,6432.0
2144,2015-09-27T05:00:00Z,78.0,168.18282286143454,470.8085988447097,98.26442389499864,40.35292824958447,12.434286229433546,54.73001025988749,9.777438983911573,3.6541934746971165,0.0,0.0,0.0,0.0,0.0,model4,19.0,False,6435.0
2145,2015-09-27T08:00:00Z,78.0,165.85763372296634,475.6493948348451,98.51733564463406,40.49492243759128,11.701502948789456,52.000981403858525,9.812035376590307,4.187584852401476,0.0,0.0,0.0,0.0,0.0,model4,19.0,False,6438.0
2146,2015-09-27T11:00:00Z,78.0,165.88173119749024,476.8659708897986,98.0014364176582,40.326558930219036,10.602768419720936,48.08065021800187,10.063245345630444,4.309079856270535,0.0,0.0,0.0,0.0,0.0,model4,19.0,False,6441.0
2147,2015-09-27T14:00:00Z,78.0,166.3680648954832,466.7737304012403,99.29717047792928,39.859877366384616,10.806999723722763,45.36357426487474,9.527872746346354,4.2112900798951145,0.0,0.0,0.0,0.0,0.0,model4,19.0,False,6444.0
2148,2015-09-27T17:00:00Z,78.0,165.61776865116158,462.8987493216361,99.97158001009487,40.47646662364624,12.125112550231972,47.84279858681546,10.199338304737172,4.3855303732341575,0.0,0.0,0.0,0.0,0.0,model4,19.0,False,6447.0
2149,2015-09-27T20:00:00Z,78.0,164.85517720361142,452.3238020437227,99.6507623764154,40.624047225460735,11.39390480800674,45.678700501138465,9.924559481338793,4.410167365728823,0.0,0.0,0.0,0.0,0.0,model4,19.0,False,6450.0
2150,2015-09-27T23:00:00Z,78.0,166.52846430105254,458.4818902640027,100.07576518458784,40.55270361551314,12.636668667407362,45.128183459242614,8.598029638888098,4.810970155953481,0.0,0.0,0.0,0.0,0.0,model4,19.0,False,6453.0
2151,2015-09-28T02:00:00Z,78.0,164.82542708329373,458.1768506137729,100.39792096222669,40.161274979668434,13.17007794243684,40.09930227165887,8.921384217529832,5.072038453806081,0.0,0.0,0.0,0.0,0.0,model4,19.0,False,6456.0
2152,2015-09-28T05:00:00Z,78.0,167.05036472232138,461.5038565100646,102.67329103868116,39.94194519352824,13.985861970473517,42.124047570822455,7.450576739166594,4.479170951506911,0.0,0.0,0.0,0.0,0.0,model4,19.0,False,6459.0
2153,2015-09-28T08:00:00Z,78.0,168.2411447966829,458.5962605444154,102.37829173454844,39.38088900484758,14.225252706443616,41.730358115955475,7.764756580322063,4.643164685302416,0.0,0.0,0.0,0.0,0.0,model4,19.0,False,6462.0
2154,2015-09-28T11:00:00Z,78.0,167.08959208286836,459.5311961959984,103.57661790286728,39.18113782487403,14.881731430117945,43.62500157741235,7.534246033599782,4.763933775454818,0.0,0.0,0.0,0.0,0.0,model4,19.0,False,6465.0
2155,2015-09-28T14:00:00Z,78.0,168.43527513406985,464.01344371793226,104.12253105791623,38.42446952396789,16.22505856784232,40.907751697323725,8.08251653890848,5.160519783939209,0.0,0.0,0.0,0.0,0.0,model4,19.0,False,6468.0
2156,2015-09-28T17:00:00Z,78.0,168.49956566508283,464.2167577439527,104.19814630559742,37.72875087490211,15.720953846906008,41.08023822848754,8.232062721052142,4.669777211210351,0.0,0.0,0.0,0.0,0.0,model4,19.0,False,6471.0
2157,2015-09-28T20:00:00Z,78.0,170.9832701743309,463.51701548055695,104.66913942229849,38.18656957689553,16.14081597852935,38.59662399240161,8.240867674847971,5.294103015055469,0.0,0.0,0.0,0.0,0.0,model4,19.0,False,6474.0
2158,2015-09-28T23:00:00Z,78.0,168.92906731083932,459.7948467961757,103.16597398284293,38.88677667557892,15.631620980154233,38.643518652702014,10.151275738229607,5.419406962939752,0.0,0.0,0.0,0.0,0.0,model4,19.0,False,6477.0
2159,2015-09-29T02:00:00Z,78.0,170.50385311049524,462.4602792878621,102.42376958352187,38.71041597470742,14.578765517735656,39.72767847101136,10.437125954608916,5.468218433458525,0.0,0.0,0.0,0.0,0.0,model4,19.0,False,6480.0
2160,2015-09-29T05:00:00Z,78.0,171.17152319794175,457.5353903787339,101.0556562500473,38.599447456308496,13.516442634553448,37.77614010938772,10.921022366150146,5.60779619065941,0.0,0.0,0.0,0.0,0.0,model4,19.0,False,6483.0
2161,2015-09-29T08:00:00Z,78.0,170.30039439606145,459.525846263452,101.04008500078243,39.5586452515224,14.58358270682431,36.84646498801997,10.71981827773298,5.511893853267826,0.0,0.0,0.0,0.0,0.0,model4,19.0,False,6486.0
2162,2015-09-29T11:00:00Z,78.0,170.63449797074009,456.6088263109879,100.19140609408184,39.92431836866412,14.682882808254984,47.41459333351172,10.315176325380195,5.75055299932312,0.0,0.0,0.0,0.0,0.0,model4,19.0,False,6489.0
2163,2015-09-29T14:00:00Z,78.0,166.93429109152711,459.70133865171226,99.75941917867478,40.53163841144794,15.114023207443458,50.11062312243081,10.056542354307725,5.1764247004077655,0.0,0.0,0.0,0.0,0.0,model4,19.0,False,6492.0
2164,2015-09-29T17:00:00Z,78.0,167.57777340872948,455.35216267396277,98.33782561984093,40.9598905032201,14.940434930156908,59.31813350900488,9.235121490616363,4.8675538563352365,0.0,0.0,0.0,0.0,0.0,model4,19.0,False,6495.0
2165,2015-09-29T20:00:00Z,78.0,168.37984581919608,455.77146891050796,96.9387129557748,40.068250952446,16.37953998805222,58.35449562499811,8.723319388852799,4.558563595128128,0.0,0.0,0.0,0.0,0.0,model4,19.0,False,6498.0
2166,2015-09-29T23:00:00Z,78.0,169.4293428919551,464.2318260725515,98.52875874110045,39.14164553973264,16.777895985850225,62.5558128600264,7.612571026298357,4.3431271727243965,0.0,0.0,0.0,0.0,0.0,model4,19.0,False,6501.0
2167,2015-09-30T02:00:00Z,78.0,168.44496690124245,463.20394302327,99.1512554512497,39.39121146961008,16.887653336730708,61.772745004043685,7.801303602219485,4.40789493047699,0.0,0.0,0.0,0.0,0.0,model4,19.0,False,6504.0
2168,2015-09-30T05:00:00Z,78.0,166.3157126996105,469.4645583486858,99.48353950930658,39.00680284576266,16.48225220362114,62.44808729291358,8.004858768456076,4.2869806073184575,0.0,0.0,0.0,0.0,0.0,model4,19.0,False,6507.0
2169,2015-09-30T08:00:00Z,78.0,164.9681713084886,463.7547776204921,99.14058654994128,37.94898611980229,16.90974142421653,63.224936665063076,7.948203021004453,3.7170992096177473,0.0,0.0,0.0,0.0,0.0,model4,19.0,False,6510.0
2170,2015-09-30T11:00:00Z,78.0,165.21457239282356,465.2521414903297,99.18475512618076,38.001531130150596,17.37757658339978,55.13617419782732,8.475038379784696,3.0404867312094,0.0,0.0,0.0,0.0,0.0,model4,19.0,False,6513.0
2171,2015-09-30T14:00:00Z,78.0,166.30430586643567,464.71680218540916,98.1277744688018,38.487348763194866,16.020544474897633,55.14404961249423,8.376029015524125,3.815399302985332,0.0,0.0,0.0,0.0,0.0,model4,19.0,False,6516.0
2172,2015-09-30T17:00:00Z,78.0,165.74482184495784,474.2459467917189,99.25757752989756,38.109257590068786,16.26856143515519,41.40787201721314,9.948235382574737,4.049556361275172,0.0,0.0,0.0,0.0,0.0,model4,19.0,False,6519.0
2173,2015-09-30T20:00:00Z,78.0,163.74192621132346,480.156665944336,98.7356505734473,38.24432273388943,14.462663433005073,39.07365143216799,10.611035076982784,4.072228231293551,0.0,0.0,0.0,0.0,0.0,model4,19.0,False,6522.0
2174,2015-09-30T23:00:00Z,78.0,163.30452835481458,477.5560114535562,97.70777477839668,38.70994811146055,14.585073906542421,35.805070514737395,11.000477980544511,4.000627949616309,0.0,0.0,0.0,0.0,0.0,model4,19.0,False,6525.0
2175,2015-10-01T02:00:00Z,78.0,165.61929394477784,482.0024508524916,97.24424853967828,39.23367556252352,15.403202603205873,37.711525486383756,10.619931672071493,4.513189110004171,0.0,0.0,0.0,0.0,0.0,model4,19.0,False,6528.0
2176,2015-10-01T05:00:00Z,78.0,168.27100157869023,487.20673593527124,97.64645451324606,40.77686538544091,16.472339962835154,38.206390362272415,10.464377860227238,5.153013072967587,0.0,0.0,0.0,0.0,0.0,model4,19.0,False,6531.0
2177,2015-10-01T08:00:00Z,78.0,168.6595251385572,482.89949483872164,97.20799506369177,41.27435229108008,15.781240173698606,51.55756074385215,10.956264829043407,5.267452019397374,0.0,0.0,0.0,0.0,0.0,model4,19.0,False,6534.0
2178,2015-10-01T11:00:00Z,78.0,169.71905429398092,476.5079768314203,98.03638163344007,42.24623613341643,14.401910543741872,56.46095105397378,10.953223067242744,5.845338054680247,0.0,0.0,0.0,0.0,0.0,model4,19.0,False,6537.0
2179,2015-10-01T14:00:00Z,78.0,169.6590089184136,477.0900656658677,99.21316090491678,42.212851098450344,14.564993633114149,54.63324466911547,10.754279520621017,5.577310769514992,0.0,0.0,0.0,0.0,0.0,model4,19.0,False,6540.0
2180,2015-10-01T17:00:00Z,78.0,169.434597410056,470.5334823810208,99.28331325760159,42.32938165723873,14.295538374699195,58.3911655260077,9.44002089309277,5.469013605029656,0.0,0.0,0.0,0.0,0.0,model4,19.0,False,6543.0
2181,2015-10-01T20:00:00Z,78.0,168.95752273397898,457.3687068356745,99.78554599456902,42.479194939566774,14.490328522213824,64.37105043557068,8.747635174082186,5.3680123903289845,0.0,0.0,0.0,0.0,0.0,model4,19.0,False,6546.0
2182,2015-10-01T23:00:00Z,78.0,169.10626671540467,448.9535545602514,100.20106339462193,41.870853876209885,13.404637598976095,62.841843425700084,8.145134598947168,5.953894952038839,0.0,0.0,0.0,0.0,0.0,model4,19.0,False,6549.0
2183,2015-10-02T02:00:00Z,78.0,167.60398300393024,442.58290369860845,99.13357857460163,41.9245110691387,13.249465907511931,58.64688195444218,9.039415905585589,5.488392758721073,0.0,0.0,0.0,0.0,0.0,model4,19.0,False,6552.0
2184,2015-10-02T05:00:00Z,78.0,164.69105253731166,428.62591169210236,98.80811568621479,40.563250595574985,11.34806527109623,49.922973709157716,9.990841828396146,5.084225626164909,0.0,0.0,0.0,0.0,0.0,model4,19.0,False,6555.0
2185,2015-10-02T08:00:00Z,78.0,166.51882381186218,432.58192652649046,99.81410812429432,41.28282807858743,11.938374887118261,50.450801304880216,9.150453535805044,5.417538807555267,0.0,0.0,0.0,0.0,0.0,model4,19.0,False,6558.0
2186,2015-10-02T11:00:00Z,78.0,166.3633869375222,437.40221402270373,99.91440144106552,40.932685983187476,12.109014912106225,49.31171141645894,9.187647225751498,5.139198492763201,0.0,0.0,0.0,0.0,0.0,model4,19.0,False,6561.0
2187,2015-10-02T14:00:00Z,78.0,165.57881484840354,428.57564602205554,99.20166667331779,41.13424556487261,12.355296421073401,46.7858268192664,9.360947168064614,5.252981849838104,0.0,0.0,0.0,0.0,0.0,model4,19.0,False,6564.0
2188,2015-10-02T17:00:00Z,78.0,166.11008237736593,434.294155016944,98.93742997095042,40.705828364946896,12.793091183208947,49.086906103816226,9.231244829410294,5.3838485868672725,0.0,0.0,0.0,0.0,0.0,model4,19.0,False,6567.0
2189,2015-10-02T20:00:00Z,78.0,166.5444934315465,440.96515109608686,99.76236035713556,40.925282994921716,13.503508999299262,43.6470496179014,10.743359869061253,5.442800284255871,0.0,0.0,0.0,0.0,0.0,model4,19.0,False,6570.0
2190,2015-10-02T23:00:00Z,78.0,168.4549263125411,433.7994247184378,100.52023573204477,41.21261320553417,14.460324678869664,51.474578993429574,11.170789799867208,5.0507803455139255,0.0,0.0,0.0,0.0,0.0,model4,19.0,False,6573.0
2191,2015-10-03T02:00:00Z,78.0,167.06203419170325,430.3282483010974,100.03407664683607,41.05625133391969,15.18041128496718,56.72907690777738,10.581383883482905,4.952361354685693,0.0,0.0,0.0,0.0,0.0,model4,19.0,False,6576.0
2192,2015-10-03T05:00:00Z,78.0,171.22252992962447,437.61688605435785,102.5010757302224,41.78914771840539,18.22566317407416,58.02187547646737,11.075046699048748,4.817745634281543,0.0,0.0,0.0,0.0,0.0,model4,19.0,False,6579.0
2193,2015-10-03T08:00:00Z,78.0,172.54694864000203,437.6370825454841,101.43004144944332,41.33244872896487,18.11349343340204,53.240635808823576,11.670874996201587,4.105881627077824,0.0,0.0,0.0,0.0,0.0,model4,19.0,False,6582.0
2194,2015-10-03T11:00:00Z,78.0,172.715836506704,437.1542501169852,101.50050456175406,40.25454217015311,19.37333978188673,53.286973506498434,12.130254690004833,4.089299411168768,0.0,1.0,0.0,0.0,0.0,model4,19.0,False,6585.0
2195,2015-10-03T14:00:00Z,78.0,174.04907365295188,447.0364698438482,101.62994573220621,40.17439964508853,19.368190890752487,55.34740822710391,12.192684438475256,4.242269284161929,0.0,1.0,0.0,0.0,0.0,model4,19.0,False,6588.0
2196,2015-10-03T17:00:00Z,78.0,173.90070961842167,444.4728767171344,101.58927111425379,41.052982822272796,20.0063244241778,56.22345704795007,12.450210718567812,3.8221506746665845,0.0,1.0,0.0,0.0,0.0,model4,19.0,False,6591.0
2197,2015-10-03T20:00:00Z,78.0,171.55458067460145,446.0259251320278,100.8677195398379,41.26923381655147,21.20038703014422,56.94507668907399,11.334284911522698,4.322552428689298,0.0,1.0,0.0,0.0,0.0,model4,19.0,False,6594.0
2198,2015-10-03T23:00:00Z,78.0,170.02758850896518,451.43523901850665,100.19172311878573,41.85356211388992,21.56227922756285,50.09145855457682,11.079999001421118,4.394964954729819,0.0,1.0,0.0,0.0,0.0,model4,19.0,False,6597.0
2199,2015-10-04T02:00:00Z,78.0,171.30453931038818,456.9451277841681,101.265182736452,42.032939575403105,20.591797927462245,43.81322465428849,11.031405258375278,4.6443756916299135,0.0,1.0,0.0,0.0,0.0,model4,19.0,False,6600.0
2200,2015-10-04T05:00:00Z,78.0,168.24401202293234,456.536520927022,98.54504851042292,41.70420379454027,18.82008044722539,43.97809801596021,9.396178342972737,4.611312516402225,0.0,1.0,0.0,0.0,0.0,model4,19.0,False,6603.0
2201,2015-10-04T08:00:00Z,78.0,166.98391836283187,461.2026441449691,98.54727718388531,41.35675769938721,17.573430770129217,39.91727082928898,9.753778612089322,5.323805019717902,0.0,2.0,0.0,0.0,0.0,model4,19.0,False,6606.0
2202,2015-10-04T11:00:00Z,78.0,164.35954576908009,448.3652618698713,97.67832024852513,41.965363326728905,17.767682445841128,52.11110908506507,8.50956606828492,4.791229486674578,0.0,1.0,0.0,0.0,0.0,model4,19.0,False,6609.0
2203,2015-10-04T14:00:00Z,78.0,166.26880648436241,434.3290170099988,98.44902127890668,41.39645418495961,18.616058780904066,55.10904805656175,9.301869396443076,4.702410885174362,0.0,1.0,0.0,0.0,0.0,model4,19.0,False,6612.0
2204,2015-10-04T17:00:00Z,78.0,166.25104838252685,434.710908228028,98.37886915320813,41.87206429550657,17.72344943876015,58.65999059598307,8.978198546195221,5.55243351821292,0.0,1.0,0.0,0.0,0.0,model4,19.0,False,6615.0
2205,2015-10-04T20:00:00Z,78.0,168.5745272724539,433.81838007746666,97.8203726273469,41.28838490704836,15.655387373992289,58.10598544521097,9.236089317743945,5.359845847539655,0.0,1.0,0.0,0.0,0.0,model4,19.0,False,6618.0
2206,2015-10-04T23:00:00Z,78.0,167.61204370229916,443.2486638833876,98.07719074598965,40.93932200260877,15.484273917162964,61.6953059140409,8.972239824575095,5.3612477314477385,0.0,1.0,0.0,0.0,0.0,model4,19.0,False,6621.0
2207,2015-10-05T02:00:00Z,78.0,167.30443661660703,445.44107950765283,96.48153437153731,40.581831037067204,15.790010927802225,63.158561792464894,9.632273605667057,5.229774885954186,0.0,1.0,0.0,0.0,0.0,model4,19.0,False,6624.0
2208,2015-10-05T05:00:00Z,78.0,167.4778563059544,438.8117641718567,95.93483466473934,39.99994009982181,15.217306793561333,62.81826319056997,9.278493628007023,5.638094879128277,0.0,1.0,0.0,0.0,0.0,model4,19.0,False,6627.0
2209,2015-10-05T08:00:00Z,78.0,167.19972450027055,435.4260593569111,96.7405116235569,40.48410553753129,15.408055917417364,61.16497394985333,9.768768700715652,5.793858053637657,0.0,0.0,0.0,0.0,0.0,model4,19.0,False,6630.0
2210,2015-10-05T11:00:00Z,78.0,169.19627698964558,448.7316796922006,96.13733624003599,40.29706588330826,13.889044099125085,55.118820371469106,10.549872415240893,5.80964823417013,0.0,0.0,0.0,0.0,0.0,model4,19.0,False,6633.0
2211,2015-10-05T14:00:00Z,78.0,167.4731017472757,461.5742503957352,95.70520247282892,40.664845840601004,11.954447761675912,48.34810925241091,9.584812260884563,5.698539491425416,0.0,0.0,0.0,0.0,0.0,model4,19.0,False,6636.0
2212,2015-10-05T17:00:00Z,78.0,167.7254688120427,465.19504372169814,96.00517743007109,40.1696590270299,11.880443117174046,39.60490757739592,10.596720823484084,4.735568621328231,0.0,0.0,0.0,0.0,0.0,model4,19.0,False,6639.0
2213,2015-10-05T20:00:00Z,78.0,167.60865824602473,464.9935632418042,97.854193954181,40.168982312320686,12.489006172531171,48.207378728366244,11.21585565300406,4.605436035880191,0.0,0.0,0.0,0.0,0.0,model4,19.0,False,6642.0
2214,2015-10-05T23:00:00Z,78.0,168.34693857671934,459.3766571888884,97.13899553842272,40.1749932302494,13.135039856785063,45.47051850643357,11.943297299238932,4.463858465397784,0.0,0.0,0.0,0.0,0.0,model4,19.0,False,6645.0
2215,2015-10-06T02:00:00Z,78.0,170.20946624892167,455.8034623911998,98.40351367054615,40.19569696284755,12.887759770310582,43.545585106215896,10.923637900347233,5.140636627534085,0.0,0.0,0.0,0.0,0.0,model4,19.0,False,6648.0
2216,2015-10-06T05:00:00Z,78.0,169.581255521946,454.4845450749897,100.26353133360593,40.947882681286906,14.524360702711196,47.72488927524075,11.193473938480068,5.128070658610946,0.0,0.0,0.0,0.0,0.0,model4,19.0,False,6651.0
2217,2015-10-06T08:00:00Z,78.0,169.4720523017658,453.9651044050364,101.69925035343364,40.04711769789868,14.282841493930562,50.46500331298164,10.855755276769633,4.435131238316559,0.0,0.0,1.0,0.0,0.0,model4,19.0,False,6654.0
2218,2015-10-06T11:00:00Z,78.0,170.02738490651922,450.9355143208848,101.79878864636134,40.109077089279715,13.839331236719675,49.06249596966871,10.219491444315931,4.371230950757999,0.0,0.0,1.0,0.0,0.0,model4,19.0,False,6657.0
2219,2015-10-06T14:00:00Z,78.0,170.79917181765342,451.3094152302708,101.83038541547329,40.09056359064989,15.016541215662794,50.26575606399315,10.898518418397552,5.041743593117804,0.0,0.0,1.0,0.0,0.0,model4,19.0,False,6660.0
2220,2015-10-06T17:00:00Z,78.0,171.66230428647688,445.1672599369142,101.32906370681214,40.18989907846981,14.95096754961707,51.988221004867114,10.38135152089741,5.446584433444851,0.0,0.0,1.0,0.0,0.0,model4,19.0,False,6663.0
2221,2015-10-06T20:00:00Z,78.0,172.1427429928458,452.4084292774477,100.8413801399049,40.91681179668489,14.324171552980951,48.50534782965593,10.417298379898636,5.773104426510653,0.0,0.0,1.0,0.0,0.0,model4,19.0,False,6666.0
2222,2015-10-06T23:00:00Z,78.0,172.89411037268502,456.94056565571196,102.20983932317213,40.581002339527686,13.233420662350571,51.84678744192812,9.296288329088148,5.950873490474081,0.0,0.0,1.0,0.0,0.0,model4,19.0,False,6669.0
2223,2015-10-07T02:00:00Z,78.0,173.5275635091983,456.5914613023684,102.15251028792878,40.50535959715502,13.729040894200953,54.126164430548016,9.282838976391098,5.293191470507745,0.0,0.0,1.0,0.0,0.0,model4,19.0,False,6672.0
2224,2015-10-07T05:00:00Z,78.0,174.10551354909612,461.4221262810556,102.1652992357105,40.06125226446334,12.435942017407374,48.3369053170314,9.317910259428194,4.907072760756013,0.0,0.0,1.0,0.0,0.0,model4,19.0,False,6675.0
2225,2015-10-07T08:00:00Z,78.0,176.76260993669536,461.4210011785999,101.25123093341524,40.33792260055779,14.244661628598664,45.042796943888,9.658997947838364,4.767060856511963,0.0,0.0,0.0,0.0,0.0,model4,19.0,False,6678.0
2226,2015-10-07T11:00:00Z,78.0,176.47589839392052,461.84120419446157,101.71766236647629,40.02569874933214,14.292255975448096,45.13338518781122,9.301723238914349,4.91754791928338,0.0,0.0,0.0,0.0,0.0,model4,19.0,False,6681.0
2227,2015-10-07T14:00:00Z,78.0,177.68143428706108,460.90912698411074,101.67443148965788,39.476584219597456,15.397772827859404,43.44191889629799,8.724137228857241,4.426347545862358,0.0,0.0,0.0,0.0,0.0,model4,19.0,False,6684.0
2228,2015-10-07T17:00:00Z,78.0,176.49924368553604,461.6703103272757,101.05634160582844,38.879151418936345,15.936210712301389,40.911261816360934,9.905973294424047,4.049888357023447,0.0,0.0,0.0,0.0,0.0,model4,19.0,False,6687.0
2229,2015-10-07T20:00:00Z,78.0,176.2978294824609,456.3233202513645,100.6106730121838,37.98619359925606,16.806624196857275,37.69611832425488,9.578772435553232,4.350914392437022,0.0,0.0,0.0,0.0,0.0,model4,19.0,False,6690.0
2230,2015-10-07T23:00:00Z,78.0,176.03116453124287,455.0654307919799,100.3240208747981,38.204036068843024,17.146816439215502,34.15516316990606,9.56545764869458,4.247745025717632,0.0,0.0,0.0,0.0,0.0,model4,19.0,False,6693.0
2231,2015-10-08T02:00:00Z,78.0,172.62462498154338,452.8920110396825,100.10595576860636,37.943033703124975,18.51438708971452,35.80280642481749,9.56880303911634,4.5961251185866825,0.0,0.0,0.0,0.0,0.0,model4,19.0,False,6696.0
2232,2015-10-08T05:00:00Z,78.0,171.21281000868504,459.68841329257896,98.93327183286232,38.40621732901104,18.245701711166532,50.009974022940035,8.920936587224476,5.437400273002694,0.0,0.0,0.0,0.0,0.0,model4,19.0,False,6699.0
2233,2015-10-08T08:00:00Z,78.0,169.57483844567932,460.8538322142029,97.554046786779,39.331806575247604,16.376049616470606,50.176688935461605,8.323219969008377,6.006354876968198,0.0,0.0,0.0,0.0,0.0,model4,19.0,False,6702.0
2234,2015-10-08T11:00:00Z,78.0,170.53380492912746,465.96007237225325,97.35238690365331,39.80037216504535,16.121007291221787,50.661266106539316,8.15992473924283,6.210647405942639,0.0,0.0,0.0,0.0,0.0,model4,19.0,False,6705.0
2235,2015-10-08T14:00:00Z,78.0,167.84571873299038,462.42308449507567,96.32641962188544,40.38092421375832,14.639765086699539,49.39413787824058,8.984028979505382,6.062930769486593,0.0,0.0,0.0,0.0,0.0,model4,19.0,False,6708.0
2236,2015-10-08T17:00:00Z,78.0,168.71042758482778,464.5549284651136,95.4617573794584,40.69076202324547,14.929615763170311,47.92262855777064,8.83665014106609,5.843242325270674,0.0,0.0,0.0,0.0,0.0,model4,19.0,False,6711.0
2237,2015-10-08T20:00:00Z,78.0,169.05757708169153,463.2538373264489,96.10048106254848,40.59747754985785,15.446407795911059,51.83342844118516,9.38735325103638,5.271010129316371,0.0,0.0,0.0,0.0,0.0,model4,19.0,False,6714.0
2238,2015-10-08T23:00:00Z,78.0,170.0571159663503,459.2962080925386,95.49212525710394,40.92306372553493,16.12847207309561,53.37132411044354,9.10179922491758,5.235809388658381,0.0,0.0,0.0,0.0,0.0,model4,19.0,False,6717.0
2239,2015-10-09T02:00:00Z,78.0,171.54065321968824,463.3098392313546,96.84905288417973,41.63424337893032,14.771826436981511,49.794510191534656,9.546808624877254,4.687785667040867,0.0,0.0,0.0,0.0,0.0,model4,19.0,False,6720.0
2240,2015-10-09T05:00:00Z,78.0,173.12344934303826,455.2294227711844,97.47611300430272,41.869573127508566,15.58451006316537,36.18530759534562,10.034710544761893,3.972039681747791,0.0,0.0,0.0,0.0,0.0,model4,19.0,False,6723.0
2241,2015-10-09T08:00:00Z,78.0,172.14629029064454,454.3334989490418,98.69795190615964,40.990535694862615,15.182295680051313,35.79075967157833,10.279936006183156,3.675625858533793,0.0,0.0,0.0,0.0,0.0,model4,19.0,False,6726.0
2242,2015-10-09T11:00:00Z,78.0,171.3118019813138,450.54230687240835,98.52545728214865,40.89180810407165,14.991279651397702,31.638944760334915,10.246667420508556,3.665015346070705,0.0,0.0,0.0,0.0,0.0,model4,19.0,False,6729.0
2243,2015-10-09T14:00:00Z,78.0,172.11696660476818,452.1947893149043,99.59420393594694,40.38393038390126,15.234882749801473,38.73393749806449,10.543076866898566,3.8560362989829366,0.0,0.0,0.0,0.0,0.0,model4,19.0,False,6732.0
2244,2015-10-09T17:00:00Z,78.0,172.67436505991634,452.64880880019615,101.59251974629505,40.159012209059526,15.151177235362981,38.45517327196095,9.094945910867605,4.216521647955261,0.0,0.0,0.0,0.0,0.0,model4,19.0,False,6735.0
2245,2015-10-09T20:00:00Z,78.0,171.8622671846765,454.9049916961959,102.580070325171,40.978116529794036,15.371460784590274,34.62950666782555,9.662495758922649,3.9640250559393566,0.0,0.0,0.0,0.0,0.0,model4,19.0,False,6738.0
2246,2015-10-09T23:00:00Z,78.0,171.80991188335233,457.3381830912168,101.2203184351236,40.00200496149056,14.359454076085505,30.71934575801301,10.90713695905598,4.6669566459416725,0.0,0.0,0.0,0.0,0.0,model4,19.0,False,6741.0
2247,2015-10-10T02:00:00Z,78.0,171.5019725130318,456.0716068088079,101.1725685246156,39.90849588731147,14.342794586140105,28.80940966671455,10.926900223722317,4.692123569773736,0.0,0.0,0.0,0.0,0.0,model4,19.0,False,6744.0
2248,2015-10-10T05:00:00Z,78.0,170.24241363020113,457.1574330580725,101.5453621919129,39.81351095404679,13.5074973756199,31.61054288256145,10.574962422162269,4.817306298037732,0.0,0.0,0.0,0.0,0.0,model4,19.0,False,6747.0
2249,2015-10-10T08:00:00Z,78.0,169.68771031746329,455.9258001028018,100.8619185919382,40.12047402859361,15.206388251679074,32.662809802111376,10.326482119109565,4.8868718444026165,0.0,0.0,0.0,0.0,0.0,model4,19.0,False,6750.0
2250,2015-10-10T11:00:00Z,78.0,170.1985431255912,455.26767002128236,100.51064482311632,39.643825989101316,15.196309638996015,32.041875135757486,10.630046202901292,4.887945441076966,0.0,0.0,0.0,0.0,0.0,model4,19.0,False,6753.0
2251,2015-10-10T14:00:00Z,78.0,171.84545779987224,456.6014765401081,100.96044383330108,40.39544007144455,15.516931447760642,24.774581970137053,9.88346322886082,5.167596110013768,0.0,0.0,0.0,0.0,0.0,model4,19.0,False,6756.0
2252,2015-10-10T17:00:00Z,78.0,171.15628197180274,451.78842835425,99.94075482943992,40.79437988692774,17.517223510767607,31.67114297695157,10.082149284373461,4.814320477491659,0.0,0.0,0.0,0.0,0.0,model4,19.0,False,6759.0
2253,2015-10-10T20:00:00Z,78.0,169.12145129762698,445.6934874989472,97.64363153393907,40.318941483658364,17.33600581522975,34.63728507736166,9.081779538186936,4.607047516719923,0.0,0.0,0.0,0.0,0.0,model4,19.0,False,6762.0
2254,2015-10-10T23:00:00Z,78.0,167.95590746288445,449.78368432881257,98.24734159558888,40.944046874587634,16.775226650470916,43.259039086653516,8.447920559414136,3.853269799246727,0.0,0.0,0.0,0.0,0.0,model4,19.0,False,6765.0
2255,2015-10-11T02:00:00Z,78.0,170.68442488588462,451.48122855678497,98.21565721485308,40.30535684553095,18.2998531857038,44.17815433007435,8.25282599436352,4.576819798077526,0.0,0.0,0.0,0.0,0.0,model4,19.0,False,6768.0
2256,2015-10-11T05:00:00Z,78.0,171.69678995584022,446.82478652428915,98.40505180172836,40.16126206904222,17.992858165241675,45.18976339929606,8.524270321580557,4.341198635598381,0.0,0.0,0.0,0.0,0.0,model4,19.0,False,6771.0
2257,2015-10-11T08:00:00Z,78.0,172.9740723705225,452.8911179310173,98.44149484570634,40.04121893756687,17.192223090143507,46.99347731057119,8.350015943085126,4.440377794425463,0.0,0.0,0.0,0.0,0.0,model4,19.0,False,6774.0
2258,2015-10-11T11:00:00Z,78.0,172.2911872237326,447.66362618921687,99.96296458015695,40.65082395439014,17.515648350233395,48.75031442918585,8.671105425512941,4.132602430093703,0.0,0.0,0.0,0.0,0.0,model4,19.0,False,6777.0
2259,2015-10-11T14:00:00Z,78.0,169.5181140973361,446.1375691179876,99.05433035635338,40.24477974232991,15.972551583962009,47.80154406803811,8.303019331676875,3.70107969518944,0.0,0.0,0.0,0.0,0.0,model4,19.0,False,6780.0
2260,2015-10-11T17:00:00Z,78.0,168.2017077865041,449.8109603881977,98.47487971431464,39.98274614064898,13.87320552423527,45.009145403135726,8.981998042588426,4.471030320224587,0.0,0.0,0.0,0.0,0.0,model4,19.0,False,6783.0
2261,2015-10-11T20:00:00Z,78.0,170.28716706183783,455.996641705878,101.22672147066193,40.07766217526448,12.478852906324382,45.922902356299154,9.890425655274175,4.741141284104327,0.0,0.0,0.0,0.0,0.0,model4,19.0,False,6786.0
2262,2015-10-11T23:00:00Z,78.0,171.33770403752217,458.3453309534778,102.74584717497984,39.86500422556918,12.836719060631106,47.34684762907339,10.155508998404168,4.88419299361635,0.0,0.0,0.0,0.0,0.0,model4,19.0,False,6789.0
2263,2015-10-12T02:00:00Z,78.0,169.88538027376234,457.0664063622682,103.82994247515451,40.64532286746596,10.434816239601583,48.23089358768597,10.811576819903284,4.590057258403454,0.0,0.0,0.0,0.0,0.0,model4,19.0,False,6792.0
2264,2015-10-12T05:00:00Z,78.0,170.4823492963984,463.074580565356,104.50121825048737,40.16936671815597,10.726945577012824,43.40490642766197,11.18968877222035,4.559908007643238,0.0,0.0,0.0,0.0,0.0,model4,19.0,False,6795.0
2265,2015-10-12T08:00:00Z,78.0,170.4954188490947,455.32936960883865,104.52528993496028,39.84093242711136,11.686190873746511,49.260209228386685,11.462866927517913,5.236924750679252,0.0,0.0,0.0,0.0,0.0,model4,19.0,False,6798.0
2266,2015-10-12T11:00:00Z,78.0,169.85994434520433,463.12031430268416,102.94185094441707,39.661401298025744,12.551587717028095,48.89581849926538,12.523330503217109,5.132541912639558,0.0,0.0,0.0,0.0,0.0,model4,19.0,False,6801.0
2267,2015-10-12T14:00:00Z,78.0,170.99183895933226,460.4244492476707,102.9509543538648,39.61624431778361,13.117380611507453,51.714145206201295,13.64571569616581,5.192257005155975,0.0,0.0,0.0,0.0,0.0,model4,19.0,False,6804.0
2268,2015-10-12T17:00:00Z,78.0,170.0711547332399,463.25878439606424,105.60822334052246,39.22744210024617,13.866283146591703,51.15807253738015,13.44036833964504,4.6520315110816535,0.0,0.0,0.0,0.0,0.0,model4,19.0,False,6807.0
2269,2015-10-12T20:00:00Z,78.0,170.26379221599188,457.1762509363401,102.63574148235053,38.91382483188725,14.55423356206234,52.21489565272778,13.889511739200845,4.316764572566292,0.0,0.0,0.0,0.0,0.0,model4,19.0,False,6810.0
2270,2015-10-12T23:00:00Z,78.0,168.58644213099913,446.3968403703632,99.97339662983104,39.260828542407104,15.331750585986507,45.35862653750247,14.902397685274556,4.475096139734847,0.0,0.0,0.0,0.0,0.0,model4,19.0,False,6813.0
2271,2015-10-13T02:00:00Z,78.0,167.22942312900724,442.2774877632327,97.13426141648613,38.101907016284656,16.50473943912721,45.68438911232446,14.954741135080447,4.478922839429703,0.0,0.0,0.0,0.0,0.0,model4,19.0,False,6816.0
2272,2015-10-13T05:00:00Z,78.0,167.40534800896796,445.93184874315654,97.17853499325001,38.45436355555625,16.183306779907205,53.16930832993528,15.18268444492396,5.1798260691857925,0.0,0.0,0.0,0.0,0.0,model4,19.0,False,6819.0
2273,2015-10-13T08:00:00Z,78.0,167.51842643288592,446.0013279852693,98.33993262092865,38.84273116662909,14.803507960151114,49.1794532486715,15.802749210517993,4.7898324265975205,0.0,0.0,0.0,0.0,0.0,model4,19.0,False,6822.0
2274,2015-10-13T11:00:00Z,78.0,169.13879690389714,442.90893510617775,99.4080943120001,39.06265044050549,14.022391204508805,48.8065135526083,15.440099092963974,5.293818520163004,0.0,0.0,0.0,0.0,0.0,model4,19.0,False,6825.0
2275,2015-10-13T14:00:00Z,78.0,168.643364462004,445.6038466257992,99.531324535474,39.382016838590324,13.053365730621145,48.751915757010615,14.517903564250288,5.549350415239259,0.0,0.0,0.0,0.0,0.0,model4,19.0,False,6828.0
2276,2015-10-13T17:00:00Z,78.0,169.96907668846458,447.38933742841414,97.75639440456492,39.23492203155886,12.736212995662894,51.84374786720167,14.064746888544455,5.9724311911028325,0.0,0.0,0.0,0.0,0.0,model4,19.0,False,6831.0
2277,2015-10-13T20:00:00Z,78.0,169.81272727050137,452.7263244549277,99.91998901443633,39.50225457773843,12.042818475171936,48.85254021074399,14.093748788669126,6.290237311207965,0.0,0.0,0.0,0.0,0.0,model4,19.0,False,6834.0
2278,2015-10-13T23:00:00Z,78.0,169.75005916138025,458.7227084933837,104.8436192252308,39.25380497062192,10.875866335999579,47.899838090460264,13.981234047853329,6.147106903093031,0.0,0.0,0.0,0.0,0.0,model4,19.0,False,6837.0
2279,2015-10-14T02:00:00Z,78.0,170.7493265582693,468.02993341161016,105.10498378849856,39.94029861316394,9.776628903114824,46.339028308515395,13.10711430009841,5.6432099924959,0.0,0.0,0.0,0.0,0.0,model4,19.0,False,6840.0
2280,2015-10-14T05:00:00Z,78.0,169.43115496811885,463.8664351947969,103.89675150250334,39.52204495434643,10.169785183910873,41.638636805601905,12.806367002536955,5.484047012877571,0.0,0.0,0.0,0.0,0.0,model4,19.0,False,6843.0
2281,2015-10-14T08:00:00Z,78.0,169.52299102730487,469.0049449316384,102.73387795654465,39.577118962902816,10.254559970168417,40.33023240489849,12.693163087742192,5.491782112973009,0.0,0.0,0.0,0.0,0.0,model4,19.0,False,6846.0
2282,2015-10-14T11:00:00Z,78.0,168.13873244770238,472.4387115618314,102.56127877797607,39.01336167360192,10.63796846857313,38.392674451310896,12.701386139162413,5.246709706204554,0.0,0.0,0.0,0.0,0.0,model4,19.0,False,6849.0
2283,2015-10-14T14:00:00Z,78.0,170.52921046190818,473.66664305675016,102.36664384259024,38.858494290860186,12.963399073107679,36.37349534976718,12.6188490958777,5.4394614604187215,0.0,0.0,0.0,0.0,0.0,model4,19.0,False,6852.0
2284,2015-10-14T17:00:00Z,78.0,171.35443022505214,466.2292872725962,105.61801072881114,39.87799965484729,12.11820966924389,39.3293018435624,13.925210713567214,5.236349831486125,0.0,0.0,0.0,0.0,0.0,model4,19.0,False,6855.0
2285,2015-10-14T20:00:00Z,78.0,173.60858472103249,466.82040578705653,103.95463367540331,40.345466236248654,14.289586438855634,37.24277644571315,14.32244480422102,5.643968885685389,0.0,0.0,0.0,0.0,0.0,model4,19.0,False,6858.0
2286,2015-10-14T23:00:00Z,78.0,174.44450750326496,465.9114136630671,100.79852811674557,40.385266358473096,13.88286196469001,37.42034204157114,12.855865079581125,5.565516231204296,0.0,0.0,0.0,0.0,0.0,model4,19.0,False,6861.0
2287,2015-10-15T02:00:00Z,78.0,174.97819799470096,461.0385674408658,101.86551072026043,40.474363314482325,13.144361615632825,35.90738133798077,12.327352556023865,5.507424482518394,0.0,0.0,0.0,0.0,0.0,model4,19.0,False,6864.0
2288,2015-10-15T05:00:00Z,78.0,174.86825292501118,456.81435907237886,101.49616539383959,41.30747394820639,13.548827785051785,36.91788093490506,12.027774410098676,5.354835629039443,0.0,0.0,0.0,0.0,0.0,model4,19.0,False,6867.0
2289,2015-10-15T08:00:00Z,78.0,174.93192235703015,461.82494923674784,100.7755360444968,40.98587736697417,14.171788590018346,41.28063605743392,12.17545092524418,5.27599750156554,0.0,0.0,0.0,0.0,0.0,model4,19.0,False,6870.0
2290,2015-10-15T11:00:00Z,78.0,176.59376179117214,459.8147130768557,101.5846160872962,41.467485563259075,13.578612744096105,39.3094814748466,12.190838706688625,5.0410851824247365,0.0,0.0,0.0,0.0,0.0,model4,19.0,False,6873.0
2291,2015-10-15T14:00:00Z,78.0,174.8964372316687,460.5848939004715,101.8439353163541,41.13724126324324,12.534135280226293,41.320590050038774,12.403130882106593,4.653990791702,0.0,0.0,0.0,0.0,0.0,model4,19.0,False,6876.0
2292,2015-10-15T17:00:00Z,78.0,174.0934797205957,464.41565303828537,98.33319612199516,41.03577541045586,12.981179996151084,37.545415074858134,8.139354019807392,4.474610690277414,0.0,0.0,0.0,0.0,0.0,model4,19.0,False,6879.0
2293,2015-10-15T20:00:00Z,78.0,172.68200640380013,455.34625994019547,98.99648384651356,40.62352356177349,11.513421055577462,44.663479350160856,8.244754355609851,3.875783963642292,0.0,0.0,0.0,0.0,0.0,model4,19.0,False,6882.0
2294,2015-10-15T23:00:00Z,78.0,173.29840528894675,448.7755984772773,100.2844781809845,40.409217568002006,11.286316098318473,51.2700584025521,8.170106834661606,4.67798710237914,0.0,0.0,0.0,0.0,0.0,model4,19.0,False,6885.0
2295,2015-10-16T02:00:00Z,78.0,173.13306721439858,448.8175261036361,100.58072970430752,40.064591284672105,11.321064650732119,51.91171751913443,8.20509868120576,4.9214211863948725,0.0,0.0,0.0,0.0,0.0,model4,19.0,False,6888.0
2296,2015-10-16T05:00:00Z,78.0,173.7277817826128,447.5154598081591,98.83433188598814,38.8192666562657,9.919710518553236,54.333331462300045,10.547898511301133,5.564613075705592,0.0,0.0,0.0,0.0,0.0,model4,19.0,False,6891.0
2297,2015-10-16T08:00:00Z,78.0,171.9134018582665,441.54679662094253,100.59644638623271,38.7876579860343,12.141583252307615,47.37513245062066,10.043221120948427,5.4895962065387,0.0,0.0,0.0,0.0,0.0,model4,19.0,False,6894.0
2298,2015-10-16T11:00:00Z,78.0,171.70755096161696,439.7228810924525,98.80870260392423,38.56977768559667,14.031134831658134,50.64554543586298,9.871705390238382,5.348545399090168,0.0,0.0,0.0,0.0,0.0,model4,19.0,False,6897.0
2299,2015-10-16T14:00:00Z,78.0,170.92639020862575,437.41658863208283,97.81447430632427,38.71670993044168,14.182274995036135,51.01761466701407,9.181735259286148,5.48241666320417,0.0,0.0,0.0,0.0,0.0,model4,19.0,False,6900.0
2300,2015-10-16T17:00:00Z,78.0,172.2230490248441,436.4405106532734,98.60873473745302,37.53261096842902,13.782986597707115,49.4695268536896,9.138647700017794,5.451677542199303,0.0,0.0,0.0,0.0,0.0,model4,19.0,False,6903.0
2301,2015-10-16T20:00:00Z,78.0,169.904988412925,442.6958480175559,96.96383901497863,37.42200159986772,13.835490862050975,49.95810742437394,10.01967546035658,5.274723595670482,0.0,0.0,0.0,0.0,0.0,model4,19.0,False,6906.0
2302,2015-10-16T23:00:00Z,78.0,169.534056697971,445.16662391359085,96.03852019268379,38.10194813196184,14.485827374292688,44.58241121338186,9.499338233105783,5.31704808060907,0.0,0.0,0.0,0.0,0.0,model4,19.0,False,6909.0
2303,2015-10-17T02:00:00Z,78.0,169.34891747049818,445.6048364541598,95.89290468354021,38.34339778479328,14.461847008411276,46.560365334177895,9.441328320681123,5.241987539766304,0.0,0.0,0.0,0.0,0.0,model4,19.0,False,6912.0
2304,2015-10-17T05:00:00Z,78.0,169.55771308870717,451.2180560397512,97.62152957232016,39.46012381684145,15.184168612023782,43.54059948249972,7.853297155960567,4.36562263917078,0.0,0.0,0.0,0.0,0.0,model4,19.0,False,6915.0
2305,2015-10-17T08:00:00Z,78.0,169.8208523295848,444.1384724130606,97.93767131574877,39.84837606276803,13.166701680740818,47.65523572707589,8.758290335919249,4.616906924375379,0.0,0.0,0.0,0.0,0.0,model4,19.0,False,6918.0
2306,2015-10-17T11:00:00Z,78.0,168.91134902004532,443.8006172918327,98.04698773737734,40.18452491393745,12.230374359194494,43.39855602084825,8.710019978051871,5.045573426896378,0.0,0.0,0.0,0.0,0.0,model4,19.0,False,6921.0
2307,2015-10-17T14:00:00Z,78.0,170.61980793634467,440.383418643118,98.10529176174464,39.64381942527924,17.680853274834703,41.61429575680845,8.80278868617793,5.2330057381970905,0.0,0.0,0.0,0.0,0.0,model4,19.0,False,6924.0
2308,2015-10-17T17:00:00Z,78.0,170.0481038179844,444.74342465643235,98.64949278453531,41.08091540772973,17.82771356366137,45.38281505782689,9.607638246660471,5.696236441320697,0.0,0.0,0.0,0.0,0.0,model4,19.0,False,6927.0
2309,2015-10-17T20:00:00Z,78.0,173.1070566605737,446.08531917184257,100.11797023080776,40.385572246205115,17.439702061940633,46.317790788920966,8.25955000248636,6.1304221620092125,0.0,0.0,0.0,0.0,0.0,model4,19.0,False,6930.0
2310,2015-10-17T23:00:00Z,78.0,173.79915266953014,446.01785594570845,101.02315300340081,39.95748333951032,17.038698458011947,45.325356162977364,9.074654947465637,6.586622442948277,0.0,0.0,0.0,0.0,0.0,model4,19.0,False,6933.0
2311,2015-10-18T02:00:00Z,78.0,172.57964170837974,448.886608764716,100.89864545040643,40.25831866829464,17.448693896137563,48.1722232311256,9.393558617520354,6.659562619356676,0.0,0.0,0.0,0.0,0.0,model4,19.0,False,6936.0
2312,2015-10-18T05:00:00Z,78.0,171.9743865794723,446.8249189366105,100.33731803637414,39.65705690864582,18.212132034149434,47.61272437872401,9.782681582879269,6.7280668055643655,0.0,0.0,0.0,0.0,0.0,model4,19.0,False,6939.0
2313,2015-10-18T08:00:00Z,78.0,174.7662648435399,446.7107859398948,99.31739713833731,39.86814423966753,19.475241521100426,46.5588914125093,8.900976753667154,6.911188958164014,0.0,0.0,0.0,0.0,0.0,model4,19.0,False,6942.0
2314,2015-10-18T11:00:00Z,78.0,174.9949964809752,443.95899172897833,99.51942293719006,39.8015578445459,18.761351341144373,46.64541216461559,8.851113776512063,6.993982777768219,0.0,0.0,0.0,0.0,0.0,model4,19.0,False,6945.0
2315,2015-10-18T14:00:00Z,78.0,173.8770158934557,445.34873963364487,99.6956589561266,40.78297795409321,14.583905144204767,43.8834980586732,8.747594548479151,6.847354687971027,0.0,0.0,0.0,0.0,0.0,model4,19.0,False,6948.0
2316,2015-10-18T17:00:00Z,78.0,175.87716915441806,439.989449505173,99.41491342696652,40.36142240967342,16.765152058031887,42.30578122558418,8.176045745987638,6.318629786743064,0.0,0.0,0.0,0.0,0.0,model4,19.0,False,6951.0
2317,2015-10-18T20:00:00Z,78.0,174.39135522965398,439.0203156116629,98.09883761620554,41.64528308748475,16.887929342439552,48.26067520336788,9.329783333385242,6.283292953093302,0.0,0.0,0.0,0.0,0.0,model4,19.0,False,6954.0
2318,2015-10-18T23:00:00Z,78.0,173.60495049343362,442.6341240155906,98.04401452096563,41.94989284022386,17.257982656885297,53.594881760172576,9.310996249539171,5.7422922708468125,0.0,0.0,0.0,0.0,0.0,model4,19.0,False,6957.0
2319,2015-10-19T02:00:00Z,78.0,176.4452867485387,440.72100921478363,97.2160097221601,42.25122782516269,17.131125044659246,48.077155831234776,9.005338630810813,5.859486689341249,0.0,0.0,0.0,0.0,0.0,model4,19.0,False,6960.0
2320,2015-10-19T05:00:00Z,78.0,177.2612770458899,441.9163693198576,98.91855239036111,43.361171424160155,17.421074605399856,51.35264572845061,11.802103590017705,5.829243400116483,0.0,0.0,0.0,0.0,0.0,model4,19.0,False,6963.0
2321,2015-10-19T08:00:00Z,78.0,175.9279481875409,446.50691421721376,98.93202066434759,44.29857185800356,16.3576010183214,53.38964667640514,11.754810954706526,6.00693760269282,0.0,0.0,0.0,0.0,0.0,model4,19.0,False,6966.0
2322,2015-10-19T11:00:00Z,78.0,174.53089531101418,449.46258062025214,99.04556321984684,45.199027388157816,16.87408157248914,59.37110762481185,11.648271011382075,5.642592716220747,0.0,0.0,0.0,0.0,0.0,model4,19.0,False,6969.0
2323,2015-10-19T14:00:00Z,78.0,172.8260863132665,447.7208071406309,100.21230800615116,45.932972048750116,17.31293101123532,61.46656339784123,11.601038935466946,5.626240627565812,0.0,0.0,0.0,0.0,0.0,model4,19.0,False,6972.0
2324,2015-10-19T17:00:00Z,78.0,169.4119161226535,447.3744414854944,99.27062110413208,47.21218753503118,15.355537909722045,60.77473103700074,11.471873626387156,5.411733457753597,0.0,0.0,0.0,0.0,0.0,model4,19.0,False,6975.0
2325,2015-10-19T20:00:00Z,78.0,167.10781951824987,449.8507528056681,100.51688702288429,47.55869368768299,17.068668223363908,52.82940615017577,11.879600245049053,5.313162436840072,0.0,0.0,0.0,0.0,0.0,model4,19.0,False,6978.0
2326,2015-10-19T23:00:00Z,78.0,166.60340680781016,452.85729939863364,99.73101563012476,48.87390160150093,17.001933305302146,51.86397878596188,11.14974368133318,4.4148397642331885,0.0,0.0,0.0,0.0,0.0,model4,19.0,False,6981.0
2327,2015-10-20T02:00:00Z,78.0,164.24818193349267,446.27857156923744,100.89688707354807,49.78830998719375,15.68256250578346,53.63485126539357,11.155175586070174,3.870043937865472,0.0,0.0,0.0,0.0,0.0,model4,19.0,False,6984.0
2328,2015-10-20T05:00:00Z,78.0,163.75895988926874,443.9880277458034,99.50706148925087,50.057262782951796,13.306637383307715,55.70678692859047,7.816341327102727,3.702601010059172,0.0,0.0,0.0,0.0,0.0,model4,19.0,False,6987.0
2329,2015-10-20T08:00:00Z,78.0,163.6215028475977,447.1333523351893,99.243401316936,49.91001129463229,12.710378618625262,52.89263465617025,8.692249539738015,3.880732214322359,0.0,0.0,0.0,0.0,0.0,model4,19.0,False,6990.0
2330,2015-10-20T11:00:00Z,78.0,162.273738362893,443.78698107926687,100.41451689279505,50.478577688603885,13.770367432259224,46.68136350083717,8.929773113385705,5.074140729358022,0.0,0.0,0.0,0.0,0.0,model4,19.0,False,6993.0
2331,2015-10-20T14:00:00Z,78.0,163.78669474690025,443.9263932964175,99.67334872149587,50.77336185948722,13.86733865716352,50.55204547612484,8.963038874025424,5.071474018655186,0.0,0.0,0.0,0.0,0.0,model4,19.0,False,6996.0
2332,2015-10-20T17:00:00Z,78.0,165.68091103677537,449.59842820279283,100.20052799944708,50.33934692020755,14.092379290073572,57.05993316662217,9.198603481358417,5.326574336141325,0.0,0.0,0.0,0.0,0.0,model4,19.0,False,6999.0
2333,2015-10-20T20:00:00Z,78.0,168.17595996858395,448.1391935000265,100.42332046003695,51.14811200931624,12.096348872158453,57.13922282388975,6.871848345798727,4.947807244127682,0.0,0.0,0.0,0.0,0.0,model4,19.0,False,7002.0
2334,2015-10-20T23:00:00Z,78.0,168.47584463393983,447.06595165341287,100.50957673344972,50.60556878144552,12.875421699933321,56.63050648203668,6.870055353097025,5.251080660021773,0.0,0.0,0.0,0.0,0.0,model4,19.0,False,7005.0
2335,2015-10-21T02:00:00Z,78.0,169.905971354604,453.6080162857702,100.54734229930115,50.44947942868326,12.839713011066115,54.72611868290616,7.081467655604973,5.270735068490803,0.0,0.0,0.0,0.0,0.0,model4,19.0,False,7008.0
2336,2015-10-21T05:00:00Z,78.0,170.17146500224197,459.3884751269604,101.31173238931551,49.623054689674426,15.589942268169153,49.10129314186757,7.757475763142632,5.7538067236328825,0.0,0.0,0.0,0.0,0.0,model4,19.0,False,7011.0
2337,2015-10-21T08:00:00Z,78.0,169.54574341158258,463.0078394284027,102.11876407007163,48.82639122050107,16.224561226564386,50.065984754689744,7.072974654871713,6.265349645851388,0.0,0.0,0.0,0.0,0.0,model4,19.0,False,7014.0
2338,2015-10-21T11:00:00Z,78.0,175.89039040108761,471.2968058445183,101.41329045280952,46.9730294076242,16.74835703365818,48.477779105765286,7.4315177518652975,6.106064675342884,0.0,0.0,0.0,0.0,0.0,model4,19.0,False,7017.0
2339,2015-10-21T14:00:00Z,78.0,176.9280469115117,475.5960422005463,102.31409044583195,45.67610462211727,17.944142924324396,38.71187720336099,8.31391931193477,6.111717993658358,0.0,0.0,0.0,0.0,0.0,model4,19.0,False,7020.0
2340,2015-10-21T17:00:00Z,78.0,174.04622727606304,470.38816661322153,101.31619767562077,44.498679811695894,20.32017002956009,31.702409065573374,8.82811645996013,6.165543089930919,0.0,0.0,0.0,0.0,0.0,model4,19.0,False,7023.0
2341,2015-10-21T20:00:00Z,78.0,172.99447080321676,470.7233422843663,101.588626495469,42.388421564775015,21.425256489570533,33.82966277113009,9.147510079509761,5.355856562037637,0.0,0.0,0.0,0.0,0.0,model4,19.0,False,7026.0
2342,2015-10-21T23:00:00Z,78.0,172.1085345032089,461.9348988213879,101.9794497117443,41.1591094348642,20.98382897708884,44.282501854445506,9.620233637652364,5.238828199674641,0.0,0.0,0.0,0.0,0.0,model4,19.0,False,7029.0
2343,2015-10-22T02:00:00Z,78.0,172.86905734409586,456.6475882859893,100.88236942737257,39.48112019815428,21.214307498012115,50.40990981985052,10.312862308563988,4.1446030130189335,0.0,0.0,0.0,0.0,0.0,model4,19.0,False,7032.0
2344,2015-10-22T05:00:00Z,78.0,171.8368344228759,451.814680458556,99.36959597692983,39.57573559139115,20.3428918931305,52.49129172438271,10.298944487229743,4.312232219943441,0.0,0.0,0.0,0.0,0.0,model4,19.0,False,7035.0
2345,2015-10-22T08:00:00Z,78.0,173.13373376528943,443.4868840890123,98.57719962602295,39.26453787665302,21.567458524221696,50.00854534156998,10.342792685581466,4.746804123719817,0.0,0.0,0.0,0.0,0.0,model4,19.0,False,7038.0
2346,2015-10-22T11:00:00Z,78.0,167.81734744937012,435.4512214053846,99.74759215805716,39.44369516044236,19.676672747321625,50.13912856477118,11.689600142702947,4.7250166384993095,0.0,0.0,0.0,0.0,0.0,model4,19.0,False,7041.0
2347,2015-10-22T14:00:00Z,78.0,163.87627107334998,441.51573890986987,99.15842304282567,39.94715618833745,20.786452610097093,58.573982853988035,11.008471903937647,5.17240098507633,0.0,0.0,0.0,0.0,0.0,model4,19.0,False,7044.0
2348,2015-10-22T17:00:00Z,78.0,164.82758492758754,449.7544296410949,100.1232677087173,40.353711962716616,19.804967291769568,62.64548398805127,11.336185922612732,5.1364587719664225,0.0,0.0,0.0,0.0,0.0,model4,19.0,False,7047.0
2349,2015-10-22T20:00:00Z,78.0,165.0640915705904,442.75351670315206,99.19956514710181,40.627081555386745,18.913855649707926,64.31604204110509,11.3093424897214,5.080738616546478,0.0,0.0,0.0,0.0,0.0,model4,19.0,False,7050.0
2350,2015-10-22T23:00:00Z,78.0,166.58926734172996,452.95043071409714,99.63964002256908,41.208107690933254,19.61892602794548,59.66367777096729,11.18308544172542,5.030943706272528,0.0,0.0,0.0,0.0,0.0,model4,19.0,False,7053.0
2351,2015-10-23T02:00:00Z,78.0,166.0501115126661,452.3456243235096,99.56377545953676,41.721174762363894,19.22425862043061,57.18939449630533,10.740833393292027,4.6565286564333634,0.0,0.0,0.0,0.0,0.0,model4,19.0,False,7056.0
2352,2015-10-23T05:00:00Z,78.0,168.37294812067117,457.6721177048754,101.77066547454383,41.72892127492171,19.270829266714856,55.04109096337737,11.80238839175285,4.650721376140937,0.0,0.0,0.0,0.0,0.0,model4,19.0,False,7059.0
2353,2015-10-23T08:00:00Z,78.0,166.71897824106608,463.39259619052353,102.01538317570906,41.81110209918624,16.839417341236924,53.8888413300511,11.60074048105777,4.7912583354024285,0.0,0.0,0.0,0.0,0.0,model4,19.0,False,7062.0
2354,2015-10-23T11:00:00Z,78.0,168.4680273080543,465.72341657238854,101.15850068479529,41.51106928945014,16.661949148927796,49.16352278930672,10.960170488231007,4.846318419362527,0.0,0.0,0.0,0.0,0.0,model4,19.0,False,7065.0
2355,2015-10-23T14:00:00Z,78.0,170.99199199244504,467.436779302527,102.76047798435192,41.20372588854225,12.009852614723375,49.59908794348754,11.796129570889725,4.635185208022472,0.0,0.0,0.0,0.0,0.0,model4,19.0,False,7068.0
2356,2015-10-23T17:00:00Z,78.0,171.90186009127746,460.7650534008029,102.34076109674444,40.84508167386864,13.089426720307245,46.94693885492715,11.320063206426687,4.678102597907269,0.0,0.0,0.0,0.0,0.0,model4,19.0,False,7071.0
2357,2015-10-23T20:00:00Z,78.0,173.90401385137935,468.79894060949835,103.49385268430714,40.53356391603951,13.548039964269568,39.8841170415138,11.020578105133712,4.718581860693771,0.0,0.0,0.0,0.0,0.0,model4,19.0,False,7074.0
2358,2015-10-23T23:00:00Z,78.0,172.85260941734754,463.01146098602135,102.50512135453873,40.204641608501326,13.185744525861859,42.71076858581215,11.56963146211547,4.840728425167198,0.0,0.0,0.0,0.0,0.0,model4,19.0,False,7077.0
2359,2015-10-24T02:00:00Z,78.0,170.82825629354954,472.2495492457557,103.10204200464314,39.240229618799546,14.929692948585675,40.84758918377899,11.105958063964438,5.392362348294048,0.0,0.0,0.0,0.0,0.0,model4,19.0,False,7080.0
2360,2015-10-24T05:00:00Z,78.0,169.4262297060451,468.47754750657236,103.00541354859276,38.93156009479332,13.868567574227734,43.2163997457527,9.779954443761513,5.329057097861289,0.0,0.0,0.0,0.0,0.0,model4,19.0,False,7083.0
2361,2015-10-24T08:00:00Z,78.0,169.66157210916109,462.9876897773571,104.31628109527638,39.283729239558475,13.711908035024006,44.23250603018054,9.482749646973014,4.704509455755127,0.0,0.0,0.0,0.0,0.0,model4,19.0,False,7086.0
2362,2015-10-24T11:00:00Z,78.0,170.84616393617887,469.3383790068547,102.85731904494429,39.52361593875703,15.626166043472825,44.475595200951176,9.7899167849901,4.755867705941473,0.0,0.0,0.0,0.0,0.0,model4,19.0,False,7089.0
2363,2015-10-24T14:00:00Z,78.0,170.2975342736354,457.1088951792285,100.97168335268324,38.90258827391396,16.2168923443454,41.36037911257599,8.528117596431878,4.679967504426749,0.0,0.0,0.0,0.0,0.0,model4,19.0,False,7092.0
2364,2015-10-24T17:00:00Z,78.0,169.83899529539684,455.9230241055625,100.06882033563184,39.169469396811316,14.626704724934552,44.666406529202526,10.940191163770974,4.9081784607741215,0.0,0.0,0.0,0.0,0.0,model4,19.0,False,7095.0
2365,2015-10-24T20:00:00Z,78.0,170.2152906904784,454.53551021005205,98.95393902981087,39.59983590479014,15.477930284757244,45.069826953794696,10.710858674468957,4.974102036005374,0.0,0.0,0.0,0.0,0.0,model4,19.0,False,7098.0
2366,2015-10-24T23:00:00Z,78.0,171.01913150374438,460.5816910244117,99.03338592062408,38.8628095432753,16.08723330124492,49.28093049771029,10.335895856307808,4.8890142021894265,0.0,0.0,0.0,0.0,0.0,model4,19.0,False,7101.0
2367,2015-10-25T02:00:00Z,78.0,172.9441544945602,457.3169404482482,99.25045411714872,39.63254079739989,14.172335897240872,46.93384025555039,11.426089040143031,4.342637298535065,0.0,0.0,0.0,0.0,0.0,model4,19.0,False,7104.0
2368,2015-10-25T05:00:00Z,78.0,170.98672650952142,459.8807431701178,98.94213194599277,39.40670876505267,15.418260670185145,51.07244538461517,11.229970744552894,4.063566753649015,0.0,0.0,0.0,0.0,0.0,model4,19.0,False,7107.0
2369,2015-10-25T08:00:00Z,78.0,169.13298820132968,459.9722450843919,98.75016329409107,38.88585539909074,16.489317110965732,51.001472549280045,11.09214328640991,4.019341334899539,0.0,0.0,0.0,0.0,0.0,model4,19.0,False,7110.0
2370,2015-10-25T11:00:00Z,78.0,167.37345090819738,452.5319502518139,99.60808947647163,39.035002300402176,13.809879531301553,49.99432139465265,10.580909531324405,4.669252810287942,0.0,0.0,0.0,0.0,0.0,model4,19.0,False,7113.0
2371,2015-10-25T14:00:00Z,78.0,168.18971969860388,449.5035771366916,99.48096553435178,38.8173653748356,13.280574211350654,50.73732337457362,10.484716696387764,5.302051089246058,0.0,0.0,0.0,0.0,0.0,model4,19.0,False,7116.0
2372,2015-10-25T17:00:00Z,78.0,169.03755341872238,454.464256906749,100.648656566633,39.33404609562957,13.187317034944515,50.03611817106464,7.825770078245581,5.923969999225537,0.0,0.0,0.0,0.0,0.0,model4,19.0,False,7119.0
2373,2015-10-25T20:00:00Z,78.0,167.3634013617172,452.95143221300003,101.90069259010944,39.843215884505504,10.646666249989783,50.75043792827654,8.51148679758253,6.0463326048611234,0.0,0.0,0.0,0.0,0.0,model4,19.0,False,7122.0
2374,2015-10-25T23:00:00Z,78.0,167.67258554174163,443.65592036007774,101.59303549324345,40.94934111811728,9.865162861302423,44.74938632785279,9.839113697711005,6.1866669454418455,0.0,0.0,0.0,0.0,0.0,model4,19.0,False,7125.0
2375,2015-10-26T02:00:00Z,78.0,167.31178008014146,445.79446386382307,101.99509062756115,40.73504834352561,9.689529911970203,45.50046365655278,8.635248252094604,6.409270874777774,0.0,0.0,0.0,0.0,0.0,model4,19.0,False,7128.0
2376,2015-10-26T05:00:00Z,78.0,169.6241713196114,443.13993805022005,101.90097611671358,40.09025309248626,10.331009196175971,41.681313776237005,8.86461238897968,6.839085395358016,0.0,0.0,0.0,0.0,0.0,model4,19.0,False,7131.0
2377,2015-10-26T08:00:00Z,78.0,170.74385243701005,447.8651840421009,101.95442397050476,39.71941515773288,9.888737562393494,49.23288958138358,9.379504890923137,6.693770394495408,0.0,0.0,0.0,0.0,0.0,model4,19.0,False,7134.0
2378,2015-10-26T11:00:00Z,78.0,171.73674833563734,444.52818771684235,101.80573173678913,39.90676856092607,9.696145024763256,50.64653360563357,10.135019235632624,6.696666284765136,0.0,0.0,0.0,0.0,0.0,model4,19.0,False,7137.0
2379,2015-10-26T14:00:00Z,78.0,170.101065777425,450.9072765664943,102.26895644235016,41.063447618764755,11.796255488628438,47.46823043667045,10.308022902854242,6.290371115956618,0.0,0.0,0.0,0.0,0.0,model4,19.0,False,7140.0
2380,2015-10-26T17:00:00Z,78.0,171.10453823773233,441.6167322900016,102.28122989815157,41.04201561403357,12.463694772141334,47.11049663190846,10.50544223272143,6.094116734033937,0.0,0.0,0.0,0.0,0.0,model4,19.0,False,7143.0
2381,2015-10-26T20:00:00Z,78.0,171.67377326323063,441.5585391529132,100.87889730854141,40.238489961891055,12.901417732911591,45.34897859653625,10.053419821940146,5.990867692544124,0.0,0.0,0.0,0.0,0.0,model4,19.0,False,7146.0
2382,2015-10-26T23:00:00Z,78.0,169.69674762755744,441.45210141291057,100.11250414868657,40.06826358039006,14.893050864245536,47.4013402523964,9.007326482137099,5.887278308367585,0.0,0.0,0.0,0.0,0.0,model4,19.0,False,7149.0
2383,2015-10-27T02:00:00Z,78.0,171.0852021540034,437.5429955893789,99.27951151353369,40.258132804080475,15.746774922198773,46.10861773110136,8.844917847267517,5.861300702697653,0.0,0.0,0.0,0.0,0.0,model4,19.0,False,7152.0
2384,2015-10-27T05:00:00Z,78.0,169.22811759000157,441.8131570709232,99.91274575727495,41.55327139557694,16.44420783412006,46.36497372968167,9.740702495107502,5.439370185359381,0.0,0.0,0.0,0.0,0.0,model4,19.0,False,7155.0
2385,2015-10-27T08:00:00Z,78.0,169.83884562856855,437.32334480843895,99.37915437137966,41.72560442579341,15.942759820616267,42.08210819190858,8.99441055194261,5.291445867909051,0.0,0.0,0.0,0.0,0.0,model4,19.0,False,7158.0
2386,2015-10-27T11:00:00Z,78.0,170.00662641956626,445.76023798504286,99.1392166218953,40.59185195346571,16.443231105977453,43.568218684878595,8.653364129765198,5.894595394699024,0.0,0.0,0.0,0.0,0.0,model4,19.0,False,7161.0
2387,2015-10-27T14:00:00Z,78.0,172.9658349319864,442.4973520825071,98.82391004689644,40.13557998473018,15.912090798948777,43.60272552184072,8.271285441686626,6.531149436866803,0.0,0.0,0.0,0.0,0.0,model4,19.0,False,7164.0
2388,2015-10-27T17:00:00Z,78.0,171.61243627414748,448.13803470276633,98.58780351782237,40.348533275422774,16.905601964768504,50.08569217949809,8.030440437678827,6.6183687221982686,0.0,0.0,0.0,0.0,0.0,model4,19.0,False,7167.0
2389,2015-10-27T20:00:00Z,78.0,172.3112762515453,448.7634669104634,98.40818368485569,40.64582907974504,16.929763670743462,51.65580332846071,10.90634703387776,6.561603110388117,0.0,0.0,0.0,0.0,0.0,model4,19.0,False,7170.0
2390,2015-10-27T23:00:00Z,78.0,172.90192536521369,447.17917104055846,99.26623289010288,39.97676894439568,16.152408674600437,52.62217420930048,10.600802852010544,6.403050638167633,0.0,0.0,0.0,0.0,0.0,model4,19.0,False,7173.0
2391,2015-10-28T02:00:00Z,78.0,172.39700980080795,445.6658180099054,99.23706098787693,39.835526015406884,16.07033854605607,52.34835645366137,10.651062717097274,6.212257130129026,0.0,0.0,0.0,0.0,0.0,model4,19.0,False,7176.0
2392,2015-10-28T05:00:00Z,78.0,171.0477414230368,437.8462302434582,98.15425726472373,38.99599210037134,17.236188782325776,56.3283017917085,9.231464910254443,6.1671142956117535,0.0,0.0,0.0,0.0,0.0,model4,19.0,False,7179.0
2393,2015-10-28T08:00:00Z,78.0,171.12407947714675,439.9705092720158,98.06344486725963,38.79760931681253,17.64203866806561,55.4621036281509,9.277632306050515,6.396364755858668,0.0,0.0,0.0,0.0,0.0,model4,19.0,False,7182.0
2394,2015-10-28T11:00:00Z,78.0,168.09185168479934,439.6341787327382,97.48842408496785,39.50468294596709,19.502443408515227,58.065723687518435,9.380384237729436,5.6797817738239536,0.0,0.0,0.0,0.0,0.0,model4,19.0,False,7185.0
2395,2015-10-28T14:00:00Z,78.0,166.41770806464788,445.8455820504618,98.89621603617692,40.4575893823879,19.454508837452668,60.56464089300106,10.18023591426508,5.534097010648131,0.0,0.0,0.0,0.0,0.0,model4,19.0,False,7188.0
2396,2015-10-28T17:00:00Z,78.0,165.52461349317758,440.586967788052,99.51360879735935,40.897781559851055,19.81296699880632,55.08578211061897,10.100582092346617,6.217779627393385,0.0,0.0,0.0,0.0,0.0,model4,19.0,False,7191.0
2397,2015-10-28T20:00:00Z,78.0,165.4534445432181,442.5630970471556,100.8021797866312,41.468454940375,19.90958378393751,56.05562343709237,6.6979153530485664,6.372260699762998,0.0,0.0,0.0,0.0,0.0,model4,19.0,False,7194.0
2398,2015-10-28T23:00:00Z,78.0,167.66093193970698,453.3132316353495,101.36317188775749,43.44984760192346,20.052597453112632,53.05443151527402,6.7817416381421625,6.658359770683979,0.0,0.0,0.0,0.0,0.0,model4,19.0,False,7197.0
2399,2015-10-29T02:00:00Z,78.0,166.30547953104238,456.2962845043617,101.51911245192518,45.623004269739724,19.751261936789557,58.53713217137933,6.343436643642867,7.439087887369026,0.0,0.0,0.0,0.0,0.0,model4,19.0,False,7200.0
2400,2015-10-29T05:00:00Z,78.0,170.31563689799754,460.1442099665378,101.20624647507385,47.353271422443115,18.40118184518921,58.90414498546596,7.248666236246533,6.829173623483808,0.0,0.0,0.0,0.0,0.0,model4,19.0,False,7203.0
2401,2015-10-29T08:00:00Z,78.0,169.6568405036466,464.2165378916732,101.19471352832292,48.91132515017955,18.224160212158967,56.68484386053767,8.588336048407179,5.510571483797452,0.0,0.0,0.0,0.0,0.0,model4,19.0,False,7206.0
2402,2015-10-29T11:00:00Z,78.0,170.87331969056302,461.1946472225489,102.54464857900344,50.503065916986166,18.4870197912123,53.09402488825846,7.354099559731753,4.354779177533136,0.0,0.0,0.0,0.0,0.0,model4,19.0,False,7209.0
2403,2015-10-29T14:00:00Z,78.0,171.38749460683076,461.6633084277821,101.1052081547337,50.560554259934854,17.472209635518453,56.06072414453715,7.124808616998973,4.676021901895704,0.0,0.0,0.0,0.0,0.0,model4,19.0,False,7212.0
2404,2015-10-29T17:00:00Z,78.0,172.3097612642593,464.6055464511805,102.30112885214912,50.334058663775366,15.801364064521508,56.85555137353844,8.138934810491655,4.6967293190883925,0.0,0.0,0.0,0.0,0.0,model4,19.0,False,7215.0
2405,2015-10-29T20:00:00Z,78.0,170.07369882081002,462.6195887187793,102.46975622587529,50.74956766514834,15.617013440091071,58.01348783129344,8.767819247647807,4.5569182341791885,0.0,0.0,0.0,0.0,0.0,model4,19.0,False,7218.0
2406,2015-10-29T23:00:00Z,78.0,168.69370698084268,461.4871103874843,101.40745534556608,50.44298713742006,14.707722999474655,57.614678781359615,9.13350404144477,4.748845731479797,0.0,0.0,0.0,0.0,0.0,model4,19.0,False,7221.0
2407,2015-10-30T02:00:00Z,78.0,169.58584817802355,457.5713164385711,101.92813015237343,49.93189309571522,15.751795981885765,52.647140762515285,10.280449632143727,4.261934292612122,0.0,0.0,0.0,0.0,0.0,model4,19.0,False,7224.0
2408,2015-10-30T05:00:00Z,78.0,170.75855729424734,463.76333229546725,101.82345409645876,49.366110269071996,17.215338588780533,47.50532828674999,9.70189808511148,4.313602615463756,0.0,0.0,0.0,0.0,0.0,model4,19.0,False,7227.0
2409,2015-10-30T08:00:00Z,78.0,170.05217392043653,459.4238384420775,101.35707380336046,49.199426374269116,17.201966762376802,49.54422504817372,8.455865385797207,4.00988194113153,0.0,0.0,0.0,0.0,0.0,model4,19.0,False,7230.0
2410,2015-10-30T11:00:00Z,78.0,170.73646293451608,461.27384584364546,101.24993663648266,49.285400199464476,15.246699882809795,54.303039687239114,8.526550939775102,3.5713639275281204,0.0,0.0,0.0,0.0,0.0,model4,19.0,False,7233.0
2411,2015-10-30T14:00:00Z,78.0,170.52887914443303,458.9110843173809,101.48065693937029,48.83056371666087,15.16351968740884,50.72406424062722,8.917386572741913,5.932176782257787,0.0,0.0,0.0,0.0,0.0,model4,19.0,False,7236.0
2412,2015-10-30T17:00:00Z,78.0,168.52963218866938,461.57625310651434,99.85792790138059,47.379927830610285,16.091544963190437,46.29685260320386,8.931349630955964,7.304903500113213,0.0,0.0,0.0,0.0,0.0,model4,19.0,False,7239.0
2413,2015-10-30T20:00:00Z,78.0,169.45447230819963,461.30816413218713,100.98829453583464,46.259477607529924,17.817252808374004,42.97303680455554,9.38911599743244,8.371159065662832,0.0,0.0,0.0,0.0,0.0,model4,19.0,False,7242.0
2414,2015-10-30T23:00:00Z,78.0,170.27355424767262,453.4344884841893,101.58884575315079,44.582664610663,17.982089763909297,45.05646603172704,9.396104555130762,9.082383864283225,0.0,0.0,0.0,0.0,0.0,model4,19.0,False,7245.0
2415,2015-10-31T02:00:00Z,78.0,169.2302119996974,451.16284220531486,101.0956965369698,43.077387789600536,17.777392982172618,49.37813058381258,8.770007746843142,9.065100256263648,0.0,0.0,0.0,0.0,0.0,model4,19.0,False,7248.0
2416,2015-10-31T05:00:00Z,78.0,165.25846857990575,445.3431886613652,101.31195751982565,42.418323650798136,16.376382283339506,43.66856979036324,8.946239658024096,8.973945523582323,0.0,0.0,0.0,0.0,0.0,model4,19.0,False,7251.0
2417,2015-10-31T08:00:00Z,78.0,168.11378404903783,452.33277955075204,101.65604220767281,42.63261848100099,17.299091068012544,48.65883201673708,8.841529667464318,9.1595592268743,0.0,0.0,0.0,0.0,0.0,model4,19.0,False,7254.0
2418,2015-10-31T11:00:00Z,78.0,169.31535188868705,447.0440091391287,102.2157664364113,42.53737934583268,17.319211838814688,43.14965948864046,9.838534425406088,9.333042913658431,0.0,0.0,0.0,0.0,0.0,model4,19.0,False,7257.0
2419,2015-10-31T14:00:00Z,78.0,169.1663923191956,444.053167764039,102.36830581278272,43.74741790530563,18.033367238809358,41.05499579471145,9.320784011571373,9.071105326107386,0.0,0.0,0.0,0.0,0.0,model4,19.0,False,7260.0
2420,2015-10-31T17:00:00Z,78.0,171.69829175095998,444.0468867336272,100.09071730151304,45.353740261393604,17.743009807191697,42.124393946530475,10.916035230275265,8.983677453233645,0.0,0.0,0.0,0.0,0.0,model4,19.0,False,7263.0
2421,2015-10-31T20:00:00Z,78.0,171.53153610400298,446.25737290825873,97.79735499366085,45.78856332883353,16.357882395454237,43.824728762255106,9.802135234024307,8.036417751435955,0.0,0.0,0.0,0.0,0.0,model4,19.0,False,7266.0
2422,2015-10-31T23:00:00Z,78.0,168.88144904586125,443.86676643538107,96.96805204179657,47.57278013432604,17.623717656504983,52.87134005508901,9.883032249607046,6.9166112694320425,0.0,0.0,0.0,0.0,0.0,model4,19.0,False,7269.0
2423,2015-11-01T02:00:00Z,78.0,169.82045696189772,450.3910870807245,97.77251210777588,48.85792073298872,16.915149021476704,49.596323729717945,10.18953137303871,6.114744377013129,0.0,0.0,0.0,0.0,0.0,model4,19.0,False,7272.0
2424,2015-11-01T05:00:00Z,78.0,172.55426608017277,447.5522652106536,96.17425716185859,49.91672745289433,15.91146507987443,50.88550735776364,11.143531224604981,5.532730599054563,0.0,0.0,0.0,0.0,0.0,model4,19.0,False,7275.0
2425,2015-11-01T08:00:00Z,78.0,171.18039362286046,440.1931291750991,96.87801505839106,49.925390365776174,15.315842377287344,42.95314378848251,12.640053712639713,5.670269495212022,0.0,0.0,0.0,0.0,1.0,model4,19.0,True,7278.0
2426,2015-11-01T11:00:00Z,78.0,171.86280619103263,440.1341073235383,95.36909891102924,49.47794370901535,15.668855977178605,44.20846202258269,13.11521957905984,5.4407412400885855,0.0,0.0,0.0,0.0,1.0,model4,19.0,True,7281.0
2427,2015-11-01T14:00:00Z,78.0,173.78526441617146,442.6343833819043,95.87028861539083,48.91600581635222,14.916146793799381,47.31563004535981,13.40457355074874,5.000770631209006,0.0,0.0,0.0,0.0,1.0,model4,19.0,True,7284.0
2428,2015-11-01T17:00:00Z,78.0,173.53617962737542,446.01194959734056,98.46960673319008,49.142188591414175,14.237387714032998,49.509134206794464,12.942629602808642,5.1812023834374665,0.0,0.0,0.0,0.0,1.0,model4,19.0,True,7287.0
2429,2015-11-01T20:00:00Z,78.0,173.5393937887295,441.1729778198015,99.35347745669122,49.46250822621319,13.686164237374086,47.8968006890081,12.819224341239051,4.844043574264423,0.0,0.0,0.0,0.0,1.0,model4,19.0,True,7290.0
2430,2015-11-01T23:00:00Z,78.0,175.2609169044218,439.8040792209547,99.45738844446406,49.121919288481024,10.960984489575463,44.92945380317076,13.683232419367664,4.773175638087668,0.0,0.0,0.0,0.0,1.0,model4,19.0,True,7293.0
2431,2015-11-02T02:00:00Z,78.0,174.06695857484016,435.3088620127551,98.25952669242344,49.42628163547242,11.754024876903053,44.38616306306202,13.304816243407195,4.357839615042281,0.0,0.0,0.0,0.0,1.0,model4,19.0,True,7296.0
2432,2015-11-02T05:00:00Z,78.0,173.4210780691781,441.5380725717667,100.03991927467905,49.684622817671155,11.445644195976241,47.8665271420009,12.395649506047013,4.308740203855715,0.0,0.0,0.0,0.0,1.0,model4,19.0,True,7299.0
2433,2015-11-02T08:00:00Z,78.0,171.99188603546227,443.2393567386226,98.85150918656755,48.94344752873949,12.283149813793544,52.18131564153418,11.461037481101373,5.0786095685106,0.0,0.0,0.0,0.0,0.0,model4,19.0,False,7302.0
2434,2015-11-02T11:00:00Z,78.0,171.04779778149634,443.4208075549623,98.97008422203594,47.69064850771567,10.69586707885441,52.62261858098591,9.791234258875669,6.165114702111985,0.0,0.0,0.0,0.0,0.0,model4,19.0,False,7305.0
2435,2015-11-02T14:00:00Z,78.0,169.9317112327011,441.0305032151412,98.10808404870217,46.88971639692832,10.142263891255348,50.254515045001405,9.835729488479524,6.060667447345441,0.0,0.0,0.0,0.0,0.0,model4,19.0,False,7308.0
2436,2015-11-02T17:00:00Z,78.0,170.27941785106466,438.2370809574973,97.4680274013953,45.373926536784104,10.499975611687532,51.06163137238986,9.741707669470935,5.650976284395165,0.0,0.0,0.0,0.0,0.0,model4,19.0,False,7311.0
2437,2015-11-02T20:00:00Z,78.0,171.3140433909934,440.54913028633234,96.26761888111984,44.7992058117237,10.700167639218833,51.6644285849109,9.668434907428894,6.468328071456684,0.0,0.0,0.0,0.0,0.0,model4,19.0,False,7314.0
2438,2015-11-02T23:00:00Z,78.0,170.67543713315524,451.7208827155951,98.44368332619364,44.096946095352,11.905697279441284,49.225313950213966,9.314770787637007,6.571932467667588,0.0,0.0,0.0,0.0,0.0,model4,19.0,False,7317.0
2439,2015-11-03T02:00:00Z,78.0,170.42920832501602,453.52204530848525,98.83632338567075,42.612314840941494,11.467762272393262,47.8189054453238,9.082742228008376,5.957213342689505,0.0,0.0,0.0,0.0,0.0,model4,19.0,False,7320.0
2440,2015-11-03T05:00:00Z,78.0,168.95094270493266,449.72482080677577,98.63198596748562,41.25188145672672,13.610842205083495,44.772968673603295,8.840242639438669,4.707292758471218,1.0,0.0,0.0,0.0,0.0,model4,19.0,False,7323.0
2441,2015-11-03T08:00:00Z,78.0,169.79267701710174,444.9835717100746,99.24853505499657,40.437089035837076,15.178421420456715,43.747618191900756,8.760741315826094,4.31527231851386,1.0,0.0,0.0,0.0,0.0,model4,19.0,False,7326.0
2442,2015-11-03T11:00:00Z,78.0,170.14593210607285,449.1198625273725,100.28998462614253,40.6378679448873,17.70459478493308,48.2502595145239,8.762329120245107,4.30835696900818,1.0,0.0,0.0,0.0,0.0,model4,19.0,False,7329.0
2443,2015-11-03T14:00:00Z,78.0,170.1653752145923,450.5419450546755,99.06829830509943,39.68173116115661,17.563265525756098,48.278883573057286,9.510255277893556,4.307928201838084,1.0,0.0,0.0,0.0,0.0,model4,19.0,False,7332.0
2444,2015-11-03T17:00:00Z,78.0,170.60782814903163,446.4998784632392,99.44434715198194,39.62660254510447,17.744540458883318,43.846447495029146,9.336120922666536,4.466354864047472,1.0,0.0,0.0,0.0,0.0,model4,19.0,False,7335.0
2445,2015-11-03T20:00:00Z,78.0,167.67004319337462,442.9883983296076,100.39951466272012,39.01428614553331,18.414113980009684,44.576950199700406,9.159537862033122,3.716736382110829,1.0,0.0,0.0,0.0,0.0,model4,19.0,False,7338.0
2446,2015-11-03T23:00:00Z,78.0,167.94955728675967,439.64883595316627,98.93207423315303,38.51573484405335,19.848529495579672,41.48556701926908,8.217721795918129,3.7758041534382563,1.0,0.0,0.0,0.0,0.0,model4,19.0,False,7341.0
2447,2015-11-04T02:00:00Z,78.0,166.32856792088666,442.071928291661,99.05562860855629,38.8775899804219,20.81837364650734,42.41653581085518,9.28375722062515,4.325178528849186,1.0,0.0,0.0,0.0,0.0,model4,19.0,False,7344.0
2448,2015-11-04T05:00:00Z,78.0,168.02198248913666,439.78079141629325,100.92186963042916,38.33079696499826,19.87440740481096,42.808454671028755,11.150126105939894,4.385267024031581,0.0,0.0,0.0,0.0,0.0,model4,19.0,False,7347.0
2449,2015-11-04T08:00:00Z,78.0,166.16400551754023,432.7425327144055,101.77027548125635,38.40941978353169,19.25967212404006,50.2064096884912,11.262821215988215,4.2348966016704095,0.0,0.0,0.0,0.0,0.0,model4,19.0,False,7350.0
2450,2015-11-04T11:00:00Z,78.0,163.7217776379016,427.8164411834494,101.65517935014252,38.443270575488356,17.221740566249274,45.72860300322425,10.97838689135848,4.849474305877775,0.0,0.0,0.0,0.0,0.0,model4,19.0,False,7353.0
2451,2015-11-04T14:00:00Z,78.0,161.88346986124304,413.05616137951034,102.05022297548868,38.514487908632454,16.907650872270278,54.28270831704929,10.734493690867694,4.768082655641253,0.0,0.0,0.0,0.0,0.0,model4,19.0,False,7356.0
2452,2015-11-04T17:00:00Z,78.0,160.07532409955718,408.5946466584422,100.92759808047585,38.58945043082353,17.620136064813334,55.82744617296209,10.92614942394615,5.010213528938258,0.0,0.0,0.0,0.0,0.0,model4,19.0,False,7359.0
2453,2015-11-04T20:00:00Z,78.0,163.08580165283362,400.92666661961954,100.02101303267936,39.31572377936283,19.520843538443085,60.890736287116745,11.389081839173135,5.085442535323211,0.0,0.0,0.0,0.0,0.0,model4,19.0,False,7362.0
2454,2015-11-04T23:00:00Z,78.0,164.2599078876423,388.57566975834,99.71053362194813,39.89878971917294,19.21241966797258,59.77004651175422,11.565705751263595,5.030101512154598,0.0,0.0,0.0,0.0,0.0,model4,19.0,False,7365.0
2455,2015-11-05T02:00:00Z,78.0,166.52564782201608,371.1262063815228,99.91044050876428,40.166953726495535,18.422734953462545,55.87350234287518,10.994904796676797,5.09244654079116,0.0,0.0,0.0,0.0,0.0,model4,19.0,False,7368.0
2456,2015-11-05T05:00:00Z,78.0,165.953483497628,366.98213012879097,95.7976017268342,41.026769533072965,17.882805157321876,55.428084596697644,10.11336916562551,5.284674099545456,0.0,0.0,0.0,0.0,0.0,model4,19.0,False,7371.0
2457,2015-11-05T08:00:00Z,78.0,167.01346357998182,366.05125385952505,93.90358371244943,41.77168605042152,18.68933418952524,54.20908153353457,8.56544365912013,5.157983487509224,0.0,0.0,0.0,0.0,0.0,model4,19.0,False,7374.0
2458,2015-11-05T11:00:00Z,78.0,171.40449751465312,359.461921922539,94.3949010874303,41.9890834256984,19.26844980961004,48.39226798647075,8.992239173218278,4.769875024983369,0.0,0.0,0.0,0.0,0.0,model4,19.0,False,7377.0
2459,2015-11-05T14:00:00Z,78.0,172.4944104789136,361.6967833243757,95.56554685105387,41.827273916045755,19.225901909704962,48.06424437582832,9.029178432821496,5.179130331167494,0.0,0.0,0.0,0.0,0.0,model4,19.0,False,7380.0
2460,2015-11-05T17:00:00Z,78.0,174.15655972220634,358.20484426002264,96.97925387342742,41.35647776681847,18.090722063982295,44.070693421049,8.849108013190975,5.470051723055626,0.0,0.0,0.0,0.0,0.0,model4,19.0,False,7383.0
2461,2015-11-05T20:00:00Z,78.0,170.92308590802642,362.987321446857,97.59545844413785,40.98751867591708,19.79996053752692,43.91575260894796,8.361757909401772,5.551136795390006,0.0,0.0,0.0,0.0,0.0,model4,19.0,False,7386.0
2462,2015-11-05T23:00:00Z,78.0,169.5598501624117,363.9669348811177,98.18156861739004,40.810475923293616,18.590180174728573,42.232624566213325,8.65019998946149,5.410793723970944,0.0,0.0,0.0,0.0,0.0,model4,19.0,False,7389.0
2463,2015-11-06T02:00:00Z,78.0,170.8521235686706,369.2664527033304,98.82031880314231,39.84621788934522,19.192077679549865,47.036546764843855,8.963688793505902,5.282044136140388,0.0,0.0,0.0,0.0,0.0,model4,19.0,False,7392.0
2464,2015-11-06T05:00:00Z,78.0,170.77479269028663,363.27437960279366,101.20674108075913,39.5389309787015,19.42450987118922,43.601076583587215,6.660004993844402,4.68579433264318,0.0,0.0,0.0,0.0,0.0,model4,19.0,False,7395.0
2465,2015-11-06T08:00:00Z,78.0,172.39348358001183,373.1641094416484,102.40811684286268,39.135774808811284,17.914081861433264,50.06385479497013,6.058845768359313,4.642204001644414,0.0,0.0,0.0,0.0,0.0,model4,19.0,False,7398.0
2466,2015-11-06T11:00:00Z,78.0,170.56154545222947,381.4439006810419,101.46778445854902,38.929519541730535,16.621136135863082,56.20584974555314,6.260948869795388,4.369451702311276,0.0,0.0,0.0,0.0,0.0,model4,19.0,False,7401.0
2467,2015-11-06T14:00:00Z,78.0,168.96910493465842,395.0192693604944,101.97523603075615,38.76140353556121,18.511720996544906,60.6786935047266,7.479876463616519,4.662315386605561,0.0,0.0,0.0,0.0,0.0,model4,19.0,False,7404.0
2468,2015-11-06T17:00:00Z,78.0,168.52567292890834,398.7150719448387,102.7960906022978,38.75915929772079,16.943430970522257,59.92424381587056,7.804438935470999,4.424841201603137,0.0,0.0,0.0,0.0,0.0,model4,19.0,False,7407.0
2469,2015-11-06T20:00:00Z,78.0,169.29622451382988,412.6113538079354,102.43575752980956,38.781064079987104,14.72243295215338,68.1570156982402,8.146593358914107,4.330705613981244,0.0,0.0,0.0,0.0,0.0,model4,19.0,False,7410.0
2470,2015-11-06T23:00:00Z,78.0,170.97150383453268,424.6086952586265,102.87518519305875,38.48143790998121,14.94871955578859,66.97979726243103,8.680395386035208,4.263262329393388,0.0,0.0,0.0,0.0,0.0,model4,19.0,False,7413.0
2471,2015-11-07T02:00:00Z,78.0,171.54732575292567,434.5693286336158,101.1683171617404,38.98257781757468,15.538088156986678,56.42755748680705,9.328570513547351,4.337969364478585,0.0,0.0,0.0,0.0,0.0,model4,19.0,False,7416.0
2472,2015-11-07T05:00:00Z,78.0,170.29173892131686,446.76041388267237,101.22891841597121,39.52774621167924,15.84328568374718,48.1699157381882,9.261989224687133,5.6461034857945345,0.0,0.0,0.0,0.0,0.0,model4,19.0,False,7419.0
2473,2015-11-07T08:00:00Z,78.0,169.45172214015292,449.0825480272071,99.7713293857995,39.182612947444156,15.693649773228474,49.45382094465663,9.941390481588911,5.941397432548382,0.0,0.0,0.0,0.0,0.0,model4,19.0,False,7422.0
2474,2015-11-07T11:00:00Z,78.0,167.41664749122333,455.2036371223726,99.41788618057642,39.17952506768891,15.597650901495767,49.221505473837965,9.904909966509942,5.942994702911206,0.0,0.0,0.0,0.0,0.0,model4,19.0,False,7425.0
2475,2015-11-07T14:00:00Z,78.0,169.54893112980102,455.6311941496435,99.71941870330929,39.25025671448545,13.697094306923569,49.89987002766998,9.190358288274547,5.6452185805990265,0.0,0.0,0.0,0.0,0.0,model4,19.0,False,7428.0
2476,2015-11-07T17:00:00Z,78.0,167.50167172079063,463.11626890758436,97.60958373541969,39.251568421397316,14.147968108812634,44.48746211809515,8.844519753905647,5.713311188219035,0.0,0.0,0.0,0.0,0.0,model4,19.0,False,7431.0
2477,2015-11-07T20:00:00Z,78.0,166.39605428366087,456.50886102466256,97.48691140585363,39.46647829030333,15.341751520189,43.88758513868137,9.536707391648195,5.824647978912778,0.0,0.0,0.0,0.0,0.0,model4,19.0,False,7434.0
2478,2015-11-07T23:00:00Z,78.0,165.0500376680818,454.2716113212957,96.38213560153014,40.29189201086476,14.33557215311173,46.30055083040573,8.642692088565225,6.379012439049449,0.0,0.0,0.0,0.0,0.0,model4,19.0,False,7437.0
2479,2015-11-08T02:00:00Z,78.0,163.55544936369387,453.8270142261239,97.22481824574685,39.81886567006179,11.439804222144522,51.37619558452828,8.139316037209582,6.691295225833232,0.0,0.0,0.0,0.0,0.0,model4,19.0,False,7440.0
2480,2015-11-08T05:00:00Z,78.0,164.73102604717863,455.3947909717463,96.68968513190941,38.80166680885232,12.592480727920355,48.02336265554778,9.35920863047619,5.662400781998827,0.0,0.0,0.0,0.0,0.0,model4,19.0,False,7443.0
2481,2015-11-08T08:00:00Z,78.0,164.24919235106464,453.41688941579173,97.69529568516342,39.018857851996884,12.537974406503313,48.31470453391677,8.961604058147364,5.455852358317592,0.0,0.0,0.0,0.0,0.0,model4,19.0,False,7446.0
2482,2015-11-08T11:00:00Z,78.0,165.36552632785092,450.1591082937287,98.33288629615632,38.386627616793604,13.404757558197346,46.31628851299721,9.31329499037043,5.519672939534393,0.0,0.0,0.0,0.0,0.0,model4,19.0,False,7449.0
2483,2015-11-08T14:00:00Z,78.0,164.01586576046887,445.27393413533514,97.69110492124044,39.2640775005172,12.20434884751426,46.557417912764606,8.59089689799061,5.47970817189384,0.0,0.0,0.0,0.0,0.0,model4,19.0,False,7452.0
2484,2015-11-08T17:00:00Z,78.0,165.62244798259087,444.7643265036183,97.8125292813266,39.06246759935832,12.953081555892782,50.27454219851041,8.611340205756925,5.841507025252643,0.0,0.0,0.0,0.0,0.0,model4,19.0,False,7455.0
2485,2015-11-08T20:00:00Z,78.0,169.4835622047639,440.9086314536086,98.75145273819986,38.34301828658759,12.661005688491487,50.85220333118593,8.151782348454987,5.835582708096255,0.0,0.0,0.0,0.0,0.0,model4,19.0,False,7458.0
2486,2015-11-08T23:00:00Z,78.0,168.20530147745882,437.9536689629937,99.32543899924026,37.86331897765688,13.110053737210775,46.92060400779154,7.934970941993487,5.114034891082476,0.0,0.0,0.0,0.0,0.0,model4,19.0,False,7461.0
2487,2015-11-09T02:00:00Z,78.0,168.38124481648782,439.2747079247029,99.46921106263818,38.15778029976419,13.323991753223734,42.57213940517729,8.935020651012643,4.818479405397967,0.0,0.0,0.0,0.0,0.0,model4,19.0,False,7464.0
2488,2015-11-09T05:00:00Z,78.0,168.11655992071002,436.50741591940766,99.79863173264042,38.47354671084058,13.165707926123623,46.05277087176563,7.234536743540463,4.8273488664645114,0.0,0.0,0.0,1.0,0.0,model4,19.0,False,7467.0
2489,2015-11-09T08:00:00Z,78.0,168.07803094456537,437.6741154363018,99.66611306504343,38.535200641091436,14.428028040842884,44.38453271834335,7.493262167869957,4.855713584146156,0.0,0.0,0.0,1.0,0.0,model4,19.0,False,7470.0
2490,2015-11-09T11:00:00Z,78.0,167.49877401524583,432.94346930597374,98.58619023889172,39.141647031605096,13.660072928751015,44.16938104092019,7.517188081236508,5.187430881773914,0.0,0.0,0.0,1.0,0.0,model4,19.0,False,7473.0
2491,2015-11-09T14:00:00Z,78.0,168.12191225175215,442.1597564885797,98.48160244642456,38.22524479827764,13.815750610606615,50.86220990707308,7.516617398683128,5.7054909922751245,0.0,0.0,0.0,1.0,0.0,model4,19.0,False,7476.0
2492,2015-11-09T17:00:00Z,78.0,169.30733611457717,445.5155149952512,99.84424472510356,38.621753665121176,14.20465169601459,50.132161857449034,7.4940342858775555,5.2533888304440595,0.0,0.0,0.0,1.0,0.0,model4,19.0,False,7479.0
2493,2015-11-09T20:00:00Z,78.0,167.64022989087266,446.65487597627657,98.5510035949298,39.591954811141385,13.72560980016688,51.657459829690865,8.56839969504395,5.275268276571037,0.0,0.0,0.0,1.0,0.0,model4,19.0,False,7482.0
2494,2015-11-09T23:00:00Z,78.0,170.1942366761384,457.1749098842224,97.694893065559,39.025716834089216,13.825432331889631,54.28728855626953,8.644240263585697,5.227472189634256,0.0,0.0,0.0,1.0,0.0,model4,19.0,False,7485.0
2495,2015-11-10T02:00:00Z,78.0,170.44033700197122,448.4532286292003,97.22790863273212,39.5035686153524,14.086861213569627,59.75561168951965,8.529513490580966,5.360912669210974,0.0,0.0,0.0,1.0,0.0,model4,19.0,False,7488.0
2496,2015-11-10T05:00:00Z,78.0,170.35317497216195,453.79457987385734,98.39874803844229,39.46339225394727,13.065016927066539,57.29178636572704,10.64525305144356,5.516464048839223,0.0,0.0,0.0,0.0,0.0,model4,19.0,False,7491.0
2497,2015-11-10T08:00:00Z,78.0,170.9316034251944,450.5056202077688,100.36310863585699,39.4140111774993,10.938409921682648,62.36815091913315,11.889762333378934,5.423170237531902,0.0,0.0,0.0,0.0,0.0,model4,19.0,False,7494.0
2498,2015-11-10T11:00:00Z,78.0,170.80405991169468,457.30462933293717,101.15160598545529,39.32753726257848,11.032002274781986,60.880670140722344,11.62609531509764,5.466360346037332,0.0,0.0,0.0,0.0,0.0,model4,19.0,False,7497.0
2499,2015-11-10T14:00:00Z,78.0,172.11632051969326,455.5682803460736,100.66367594865669,39.93080745978777,10.873761917810006,57.90830687402745,11.797658690134785,4.6986973847691935,0.0,0.0,0.0,0.0,0.0,model4,19.0,False,7500.0
2500,2015-11-10T17:00:00Z,78.0,170.3550942872166,455.57566446083365,101.71023469493544,39.806058124039566,10.083634373880132,56.737187182990894,13.059312144304151,4.8304012793673285,0.0,0.0,0.0,0.0,0.0,model4,19.0,False,7503.0
2501,2015-11-10T20:00:00Z,78.0,171.2025531677581,459.5496099651112,103.77325561889424,39.524988119618115,8.388161939048572,53.20632536764146,12.078004265271128,4.970911548915434,0.0,0.0,0.0,0.0,0.0,model4,19.0,False,7506.0
2502,2015-11-10T23:00:00Z,78.0,171.80526478803188,458.4903345683979,103.5316244696298,39.47526603407592,10.148196505530956,50.456400312053354,12.436096235188222,4.943581642250996,0.0,0.0,0.0,0.0,0.0,model4,19.0,False,7509.0
2503,2015-11-11T02:00:00Z,78.0,171.8766136338849,458.79991309449633,104.2466291817548,39.40402585714783,10.95369401402628,52.227786632996406,11.646510113724668,5.211555041634203,0.0,0.0,0.0,0.0,0.0,model4,19.0,False,7512.0
2504,2015-11-11T05:00:00Z,78.0,172.47849188607537,454.89392379903535,102.50730539502243,40.04849725932432,11.739684663242507,54.94681145568109,10.955669234554183,5.317528317622976,0.0,0.0,0.0,0.0,0.0,model4,19.0,False,7515.0
2505,2015-11-11T08:00:00Z,78.0,172.62414290735845,462.6128397295707,100.3407216547064,40.10953155707709,11.691458094615019,57.589344622975176,10.301991941472544,5.111969669443303,0.0,0.0,0.0,0.0,0.0,model4,19.0,False,7518.0
2506,2015-11-11T11:00:00Z,78.0,171.39567433207347,459.8195878209794,101.07105855297695,40.84252390456748,13.112524341187402,56.2042595662488,10.212610623231232,4.685845620632956,0.0,0.0,0.0,0.0,0.0,model4,19.0,False,7521.0
2507,2015-11-11T14:00:00Z,78.0,169.90472331236484,450.68266672095876,101.40700456121846,40.56471383708729,14.401914824908186,56.65290415669635,11.258069499348698,4.642474221739231,0.0,0.0,0.0,0.0,0.0,model4,19.0,False,7524.0
2508,2015-11-11T17:00:00Z,78.0,172.9666491737439,451.28248769504194,99.0745689370342,41.01757273821301,17.059981955013896,62.08131048142032,9.890801709922911,4.749327691236147,0.0,0.0,0.0,0.0,0.0,model4,19.0,False,7527.0
2509,2015-11-11T20:00:00Z,78.0,174.1833275705669,452.39760719839967,97.80474113549431,40.760455579824864,17.714690355015126,61.491860578007355,9.703919232477443,5.0151894615040105,0.0,0.0,0.0,0.0,0.0,model4,19.0,False,7530.0
2510,2015-11-11T23:00:00Z,78.0,171.65115449913318,450.15620576838165,99.356609427302,41.9143610673993,17.000579743377116,60.301165208135735,9.339917335951654,4.9468269551184205,0.0,0.0,0.0,0.0,0.0,model4,19.0,False,7533.0
2511,2015-11-12T02:00:00Z,78.0,170.71430444980382,457.61421156167336,99.08854633455387,41.48831687459944,16.951594787413026,58.50797676503642,11.131692301540067,4.703932727437048,0.0,0.0,0.0,0.0,0.0,model4,19.0,False,7536.0
2512,2015-11-12T05:00:00Z,78.0,168.61917693878445,456.1216572965738,99.40280465634542,41.004701837000255,17.51780076064004,61.23410406171094,11.136363091265528,4.796281936180049,0.0,0.0,0.0,0.0,0.0,model4,19.0,False,7539.0
2513,2015-11-12T08:00:00Z,78.0,168.39095383373717,458.6493853179888,99.54856286813565,40.961820754090375,19.07866246175102,55.3689545080071,10.753710546258764,4.9338759103032,0.0,0.0,0.0,0.0,0.0,model4,19.0,False,7542.0
2514,2015-11-12T11:00:00Z,78.0,170.06717960869875,458.1618857686779,99.50970492187253,39.60675875208759,18.90751660944664,56.33025405957734,10.891373610366022,5.206097097857246,0.0,0.0,0.0,0.0,0.0,model4,19.0,False,7545.0
2515,2015-11-12T14:00:00Z,78.0,170.57685948573157,462.55318937465995,103.08733847849749,40.46324339551132,18.110852463672565,54.1836048936041,13.836045191689625,5.5301037105244735,0.0,0.0,0.0,0.0,0.0,model4,19.0,False,7548.0
2516,2015-11-12T17:00:00Z,78.0,167.73347784392166,461.13858958021535,106.42458607650083,40.87818260279412,15.637809390867186,49.09538442729225,14.617837267663125,5.2340960350308645,0.0,0.0,0.0,0.0,0.0,model4,19.0,False,7551.0
2517,2015-11-12T20:00:00Z,78.0,166.89100347379426,454.00619067509837,109.27821514239979,40.6608850419914,15.343143147349615,52.106248606269425,15.69080025209284,5.5885751792540885,0.0,0.0,0.0,0.0,0.0,model4,19.0,False,7554.0
2518,2015-11-12T23:00:00Z,78.0,168.04521086136796,453.91366866170233,111.38907692409997,39.913748374337246,17.146652190962453,56.01467953787228,16.11526767934075,5.56506232465915,0.0,0.0,0.0,0.0,0.0,model4,19.0,False,7557.0
2519,2015-11-13T02:00:00Z,78.0,169.71634946994868,450.63543027776046,115.7879114218384,39.76313987882399,17.990565720224414,52.98998012104412,16.26278826900967,5.722787500354488,0.0,0.0,0.0,0.0,0.0,model4,19.0,False,7560.0
2520,2015-11-13T05:00:00Z,78.0,172.8971725663232,447.3002818842709,119.8038478307552,39.72298622226925,17.749309605700386,51.18366938961325,15.29762863284962,5.738554293683005,0.0,0.0,0.0,0.0,0.0,model4,19.0,False,7563.0
2521,2015-11-13T08:00:00Z,78.0,173.84205389977777,440.42650884427866,122.51412810238848,39.277977110499954,16.218571783381442,46.95334684036804,13.891379537183335,5.777890756359799,0.0,0.0,0.0,0.0,0.0,model4,19.0,False,7566.0
2522,2015-11-13T11:00:00Z,78.0,172.48303245750276,438.90310698596153,125.39947802713408,40.20051570786146,16.754490933904158,47.389171168924676,11.993117817808425,5.644143257482103,0.0,0.0,0.0,0.0,0.0,model4,19.0,False,7569.0
2523,2015-11-13T14:00:00Z,78.0,171.64919107584137,439.1930843283729,125.29292023287258,39.4669798032246,17.235532138797804,49.67842410411567,11.976203318799028,5.43068040459544,0.0,0.0,0.0,0.0,0.0,model4,19.0,False,7572.0
2524,2015-11-13T17:00:00Z,78.0,172.04724103905454,429.54111920458206,126.75778671412095,38.82091257598822,16.964570320292488,48.326325553255465,11.525686067913801,5.510192593341653,0.0,0.0,0.0,0.0,0.0,model4,19.0,False,7575.0
2525,2015-11-13T20:00:00Z,78.0,169.46009845109717,435.4472801925331,128.65860415319202,38.73632820792327,18.655092347323027,50.87735098073664,10.652425318479304,4.974635887188773,0.0,0.0,0.0,0.0,0.0,model4,19.0,False,7578.0
2526,2015-11-13T23:00:00Z,78.0,168.07168258488002,435.92729801439623,128.8336103651631,38.90699122274664,17.886511207988534,50.11005362832078,10.709275680164868,4.78462576610053,0.0,0.0,0.0,0.0,0.0,model4,19.0,False,7581.0
2527,2015-11-14T02:00:00Z,78.0,166.48171976707218,441.2633389046717,127.8474795983523,38.58208462526531,17.10224869108119,48.44935615153727,9.944833573352923,4.776983454961903,0.0,0.0,0.0,0.0,0.0,model4,19.0,False,7584.0
2528,2015-11-14T05:00:00Z,78.0,166.07285689281701,449.4265804870595,125.34037109683555,38.91534277576224,16.10721588946641,44.919719787324894,11.260181599657075,5.143154141829039,0.0,0.0,0.0,0.0,0.0,model4,19.0,False,7587.0
2529,2015-11-14T08:00:00Z,78.0,165.50434854053816,452.899772049661,126.22089784052113,39.5141870665113,15.608044890802985,45.0618440030074,10.888140548916088,5.074895362592488,0.0,0.0,0.0,0.0,0.0,model4,19.0,False,7590.0
2530,2015-11-14T11:00:00Z,78.0,166.205012547715,456.4584021204009,126.68413134260132,39.38282998111091,15.457710053272429,44.00035766443426,10.603427874856312,4.868888404177161,0.0,0.0,0.0,0.0,0.0,model4,19.0,False,7593.0
2531,2015-11-14T14:00:00Z,78.0,167.9058737007724,459.2989390225807,124.23287544461658,39.88621317065705,14.976617539755225,44.8356636448252,14.064747161530766,4.796632051622028,0.0,0.0,0.0,0.0,0.0,model4,19.0,False,7596.0
2532,2015-11-14T17:00:00Z,78.0,168.58543022517043,466.7862302377864,119.29382225633192,39.84257899204909,15.562724194272988,37.901411555887655,17.200524886038274,4.806131316933357,0.0,0.0,0.0,0.0,0.0,model4,19.0,False,7599.0
2533,2015-11-14T20:00:00Z,78.0,170.45561294782047,465.9055610822786,115.26143559633059,40.44241202113535,14.892453909708008,36.719593812532636,16.29423308561854,4.526840443951857,0.0,0.0,0.0,0.0,0.0,model4,19.0,False,7602.0
2534,2015-11-14T23:00:00Z,78.0,171.2164593420487,462.3255392335929,111.95839132822931,39.78454744837153,13.929983340537245,41.62826176120291,16.95109193558158,4.7625974205767685,0.0,0.0,0.0,0.0,0.0,model4,19.0,False,7605.0
2535,2015-11-15T02:00:00Z,78.0,169.53210434766157,460.560677844214,107.9475463746506,40.37161172037956,13.954169778464275,43.09940618140519,16.782407616253973,5.2139107353251575,0.0,0.0,0.0,0.0,0.0,model4,19.0,False,7608.0
2536,2015-11-15T05:00:00Z,78.0,169.72997064759568,463.3151003336222,105.97893545107584,39.56760144750145,14.240698174493884,48.208599532082154,17.272366028919265,5.204279393714648,0.0,0.0,0.0,0.0,0.0,model4,19.0,False,7611.0
2537,2015-11-15T08:00:00Z,78.0,170.5108991657402,464.3443828827367,101.97190002572435,39.93542585859596,14.333357043608999,49.4462322146544,15.400579748594431,5.3778615212594545,0.0,0.0,0.0,0.0,0.0,model4,19.0,False,7614.0
2538,2015-11-15T11:00:00Z,78.0,170.94434978040414,464.555124679692,98.27300970542214,40.1233073090306,14.784499117152505,52.2394022653897,10.835614741765415,5.406510109264397,0.0,0.0,0.0,0.0,0.0,model4,19.0,False,7617.0
2539,2015-11-15T14:00:00Z,78.0,169.84540276314746,468.6225802911422,96.79024686793457,39.741487458972884,15.29549110444084,50.451268007256594,7.35467075216076,5.28437576728146,0.0,0.0,0.0,0.0,0.0,model4,19.0,False,7620.0
2540,2015-11-15T17:00:00Z,78.0,168.88851428926858,466.05087348842017,97.66114839231844,39.88842996207271,14.642030104011802,52.87194046076127,9.521401591726487,5.317729238968694,0.0,0.0,0.0,0.0,0.0,model4,19.0,False,7623.0
2541,2015-11-15T20:00:00Z,78.0,167.68666048754318,465.064596584452,96.45059990609717,39.891313858237964,14.437257913564048,53.415121992178534,9.69445042216288,5.211486745268021,0.0,0.0,0.0,0.0,0.0,model4,19.0,False,7626.0
2542,2015-11-15T23:00:00Z,78.0,169.41776424903242,464.4862058773647,96.99572320837605,40.77750556588679,15.200184976379054,47.07738997569949,9.66441270961498,5.010146692630147,0.0,0.0,0.0,0.0,0.0,model4,19.0,False,7629.0
2543,2015-11-16T02:00:00Z,78.0,168.46281591363032,456.5708176606147,96.34757640745256,40.783108756119375,15.990292295750857,53.18677349455625,9.783603961228199,4.451448584030948,0.0,0.0,0.0,0.0,0.0,model4,19.0,False,7632.0
2544,2015-11-16T05:00:00Z,78.0,164.27510169700153,445.8736598261777,98.1497364159362,41.000293195466476,16.791588288203023,49.58556334222047,10.808134616203132,3.670753520281258,0.0,0.0,0.0,0.0,0.0,model4,19.0,False,7635.0
2545,2015-11-16T08:00:00Z,78.0,166.2312549927006,432.359148316483,97.9192032305562,40.577565582928536,19.963419334936933,51.23732252027519,9.82859065792139,4.25640610156237,0.0,0.0,0.0,0.0,0.0,model4,19.0,False,7638.0
2546,2015-11-16T11:00:00Z,78.0,168.381918267425,426.406133544742,98.23614057884329,40.04153590566053,20.008731034622613,47.08595818908631,10.298178061234905,4.362103060281791,0.0,0.0,0.0,0.0,0.0,model4,19.0,False,7641.0
2547,2015-11-16T14:00:00Z,78.0,167.72263716732368,428.0431091801141,98.81660392276369,39.22239658196914,20.373576260747143,53.88155932128478,10.372447916962168,5.095660733527552,0.0,0.0,0.0,0.0,0.0,model4,19.0,False,7644.0
2548,2015-11-16T17:00:00Z,78.0,166.3979350995026,425.27675415659087,98.22754297264677,39.104429125755175,21.254648592176625,54.254504991563216,8.51156927262077,4.644786111451835,0.0,0.0,0.0,0.0,0.0,model4,19.0,False,7647.0
2549,2015-11-16T20:00:00Z,78.0,168.0495154607999,428.9242337735711,100.4139430112797,38.843155846229436,19.958466997162443,55.33930352342479,8.572679879870696,4.613003627204889,0.0,0.0,0.0,0.0,0.0,model4,19.0,False,7650.0
2550,2015-11-16T23:00:00Z,78.0,166.11125357627168,428.6607269375276,98.59560468052469,38.51879935426822,19.87953922644182,57.71686847769452,10.182861232848179,4.560748395631171,0.0,0.0,0.0,0.0,0.0,model4,19.0,False,7653.0
2551,2015-11-17T02:00:00Z,78.0,167.805142456457,435.62985940549163,100.48047905211372,38.379053495869925,18.910225091466863,57.72034164126258,9.973759420736604,4.220727080161739,0.0,0.0,0.0,0.0,0.0,model4,19.0,False,7656.0
2552,2015-11-17T05:00:00Z,78.0,170.17519281142978,446.3520469348227,98.91446970027927,37.91329116836072,17.457324977677267,64.98954350764997,9.933909334705948,4.82731098957716,0.0,0.0,0.0,0.0,0.0,model4,19.0,False,7659.0
2553,2015-11-17T08:00:00Z,78.0,168.19998400961038,454.0891711898674,99.06160976691372,37.77521127194603,15.639971508024034,65.01826934277213,9.848179514079403,4.631538348977451,0.0,0.0,0.0,0.0,0.0,model4,19.0,False,7662.0
2554,2015-11-17T11:00:00Z,78.0,167.60332364771827,460.56842913317513,98.78426108544876,37.9984085190368,14.997545434647474,64.44119039939615,10.008275253094522,4.88926412435399,0.0,0.0,0.0,0.0,0.0,model4,19.0,False,7665.0
2555,2015-11-17T14:00:00Z,78.0,168.1293369697669,449.80144408565,97.74318148362318,38.98623540865826,14.146485051134345,63.299218026740895,10.695540351398204,4.4892694497950805,0.0,0.0,0.0,0.0,0.0,model4,19.0,False,7668.0
2556,2015-11-17T17:00:00Z,78.0,169.64416240882514,447.6821915613769,99.10733779877796,38.97129744494861,13.310275857841535,63.71282372612054,11.040273097230823,4.943658119822954,0.0,0.0,0.0,0.0,0.0,model4,19.0,False,7671.0
2557,2015-11-17T20:00:00Z,78.0,168.94691490076116,441.78145128688783,97.51787222147429,38.768487916959494,13.374380828894123,64.24919013966337,10.170577872514556,5.069106222019888,0.0,0.0,0.0,0.0,0.0,model4,19.0,False,7674.0
2558,2015-11-17T23:00:00Z,78.0,170.66554659922713,447.5171603182095,99.66027190543062,39.26278972973813,13.75583654928401,66.55414056689725,9.321812437825145,5.599472112197153,0.0,0.0,0.0,0.0,0.0,model4,19.0,False,7677.0
2559,2015-11-18T02:00:00Z,78.0,173.83348522432496,448.0975181587195,97.99237786500557,38.94485605431147,14.556293121681804,64.49807956820669,9.405140279131214,5.753209203745126,0.0,0.0,0.0,0.0,0.0,model4,19.0,False,7680.0
2560,2015-11-18T05:00:00Z,78.0,173.43269541262043,442.4188878391466,99.38634776559849,38.73916380797945,15.347107982433508,57.93864186595631,9.802970056665009,5.819617689343968,0.0,0.0,0.0,0.0,0.0,model4,19.0,False,7683.0
2561,2015-11-18T08:00:00Z,78.0,172.9678882865789,443.7390723176144,99.81475274901871,39.342671234358285,14.473817497281122,53.89027684751142,9.961022259646189,5.822572332882726,0.0,0.0,0.0,0.0,0.0,model4,19.0,False,7686.0
2562,2015-11-18T11:00:00Z,78.0,171.6002586577747,447.75188479768974,99.85601997397906,39.42904422555375,14.468223686951365,54.52969945233053,9.526373976617068,6.150108975907072,0.0,0.0,0.0,0.0,0.0,model4,19.0,False,7689.0
2563,2015-11-18T14:00:00Z,78.0,173.88514414774951,447.00993403447785,101.417127274382,39.48761438702032,15.907964670988571,51.10539417222394,8.526385882950438,6.211406917944039,0.0,0.0,0.0,0.0,0.0,model4,19.0,False,7692.0
2564,2015-11-18T17:00:00Z,78.0,172.3497286230447,450.76042964642835,101.1956056527193,39.39142651173933,17.011298506943568,48.29405299482503,8.25176525645584,5.927800917987031,0.0,0.0,0.0,0.0,0.0,model4,19.0,False,7695.0
2565,2015-11-18T20:00:00Z,78.0,172.9481041876918,454.5068510798856,102.17576262948687,39.60808907713925,17.024203565374787,45.14862587675081,8.808597640569834,6.226604475833678,0.0,0.0,0.0,0.0,0.0,model4,19.0,False,7698.0
2566,2015-11-18T23:00:00Z,78.0,170.68314807700466,451.9556850523658,102.37585615746737,39.17324939954249,16.39232634116875,41.248122689842475,8.464333491558481,6.023754493273027,0.0,0.0,0.0,0.0,0.0,model4,19.0,False,7701.0
2567,2015-11-19T02:00:00Z,78.0,167.83062902024514,450.2391035187617,103.53995490840552,40.16416302084613,15.695897900083358,42.444562772311,7.7652096275609725,6.515692325518804,0.0,0.0,0.0,0.0,0.0,model4,19.0,False,7704.0
2568,2015-11-19T05:00:00Z,78.0,168.8054578596554,456.5141171947665,102.42007056018446,40.44441013806284,14.645067403476832,44.442301970030286,7.817879569066937,6.0832752041925975,0.0,0.0,0.0,0.0,0.0,model4,19.0,False,7707.0
2569,2015-11-19T08:00:00Z,78.0,168.95975092049815,453.3506660696588,102.32286319047014,39.49651353347162,14.756803224242232,42.97104354265928,7.570873236230929,6.043833473516678,0.0,0.0,0.0,0.0,0.0,model4,19.0,False,7710.0
2570,2015-11-19T11:00:00Z,78.0,169.07630524237896,453.6447418107084,101.38640663801823,39.578940478046924,15.030545763643394,43.500859111470014,8.87126903238801,5.611573068128392,0.0,0.0,0.0,0.0,0.0,model4,19.0,False,7713.0
2571,2015-11-19T14:00:00Z,78.0,169.41314631018884,459.9242909319968,101.48195047727823,39.878852731112644,14.699123787706597,50.28422620842857,8.841517752130803,5.739694157047713,0.0,0.0,0.0,0.0,0.0,model4,19.0,False,7716.0
2572,2015-11-19T17:00:00Z,78.0,172.07841649494168,463.0633722607003,100.97530135579882,39.72704617319766,15.991364209999828,49.691513715604,10.400331443571092,6.073499612947834,0.0,0.0,0.0,0.0,0.0,model4,19.0,False,7719.0
2573,2015-11-19T20:00:00Z,78.0,171.469438303467,465.26884311598633,100.19964482958004,40.16333657306517,16.68801006485624,49.87485510580247,9.868528492573788,6.416984698402822,0.0,0.0,0.0,0.0,0.0,model4,19.0,False,7722.0
2574,2015-11-19T23:00:00Z,78.0,171.9463275416312,462.3351683469001,99.94813688489906,39.869755033591495,16.571037252896154,51.46377100988385,9.690709511993347,6.087799933856691,0.0,0.0,0.0,0.0,0.0,model4,19.0,False,7725.0
2575,2015-11-20T02:00:00Z,78.0,173.10383412084374,468.86631856051287,100.26236259608663,39.58117554086401,16.49293039758131,52.12470338490344,9.488875217821734,5.736797759751918,0.0,0.0,0.0,0.0,0.0,model4,19.0,False,7728.0
2576,2015-11-20T05:00:00Z,78.0,172.6757459243203,461.083927434367,100.0928949165864,39.70017515273332,17.077153752512068,50.928476044235715,9.24232447007747,5.600517640549168,0.0,0.0,0.0,0.0,0.0,model4,19.0,False,7731.0
2577,2015-11-20T08:00:00Z,78.0,171.98879463522388,464.85175915488975,100.52806917323835,39.69168005413295,16.779560247264513,51.86889420801477,9.283116401622227,5.581092454166922,0.0,0.0,0.0,0.0,0.0,model4,19.0,False,7734.0
2578,2015-11-20T11:00:00Z,78.0,172.0886132162939,458.51003014310203,101.90483064960829,40.057442758425815,16.40551600187674,50.894172128425005,8.474649549339057,6.521554557024082,0.0,0.0,0.0,0.0,0.0,model4,19.0,False,7737.0
2579,2015-11-20T14:00:00Z,78.0,170.8589419277429,454.5134812154975,101.06487565635885,39.624188845745756,15.054275340095804,39.82266923859836,8.839990968135076,6.426731218460145,0.0,0.0,0.0,0.0,0.0,model4,19.0,False,7740.0
2580,2015-11-20T17:00:00Z,78.0,168.74301387724518,454.40723292168815,101.6181548531394,39.63791734932443,11.806915070797364,39.189914568245655,6.964469312251923,6.225302665619497,0.0,0.0,0.0,0.0,0.0,model4,19.0,False,7743.0
2581,2015-11-20T20:00:00Z,78.0,169.95659766938766,450.6651200824148,102.73963023644308,39.49842985774804,11.371616501768393,41.21570913203972,7.049411509964537,5.699649781388923,0.0,0.0,0.0,0.0,0.0,model4,19.0,False,7746.0
2582,2015-11-20T23:00:00Z,78.0,169.76475745168304,449.334384552202,102.43442434805901,39.78250504612699,11.57125536560612,43.159249692442295,7.143152403988718,6.23666234488242,0.0,0.0,0.0,0.0,0.0,model4,19.0,False,7749.0
2583,2015-11-21T02:00:00Z,78.0,169.76337881693746,444.8244403140765,102.21579494345148,39.001789465257566,11.03974079739722,38.66118904805138,6.8395116091267685,6.046624136345537,0.0,0.0,0.0,0.0,0.0,model4,19.0,False,7752.0
2584,2015-11-21T05:00:00Z,78.0,171.93031515499874,444.10596767265486,102.26718960422195,39.25757842698179,12.876473876488614,40.422447851785314,6.457232381882108,5.940865725233055,0.0,0.0,0.0,0.0,0.0,model4,19.0,False,7755.0
2585,2015-11-21T08:00:00Z,78.0,172.8796948432225,441.7718740345017,102.69788710960079,39.77238046055347,13.331353553299115,39.20054792891473,8.351292970331514,5.878786061757651,0.0,0.0,0.0,0.0,0.0,model4,19.0,False,7758.0
2586,2015-11-21T11:00:00Z,78.0,173.80419573730418,441.6299931450665,102.039966287859,39.38437314263565,13.438031089500294,41.096135321543606,8.186856970266803,4.562364299615012,0.0,0.0,0.0,0.0,0.0,model4,19.0,False,7761.0
2587,2015-11-21T14:00:00Z,78.0,171.8565935130841,445.5592377781138,102.87588031929701,39.19828328989718,15.132079477197168,42.4793271358429,7.769061528684032,4.400808515124401,0.0,0.0,0.0,0.0,0.0,model4,19.0,False,7764.0
2588,2015-11-21T17:00:00Z,78.0,172.4456810974009,449.40866333207293,102.28833205131468,39.61277329257974,15.668948860621441,43.826153829161406,7.933557944661278,4.125136247411058,0.0,0.0,0.0,0.0,0.0,model4,19.0,False,7767.0
2589,2015-11-21T20:00:00Z,78.0,170.39096919413018,450.39164674141807,100.6785375818898,39.289874900968215,15.874651396981035,45.71467826100554,8.696906367487228,3.6838894692630917,0.0,0.0,0.0,0.0,0.0,model4,19.0,False,7770.0
2590,2015-11-21T23:00:00Z,78.0,170.67737759003884,452.69693839404107,100.5063608522358,39.582337477305714,16.193973330289925,41.81544113908559,9.205388258195008,3.033960483693812,0.0,0.0,0.0,0.0,0.0,model4,19.0,False,7773.0
2591,2015-11-22T02:00:00Z,78.0,169.6029566616462,449.22231537398176,101.68241867257666,40.14332279600561,15.567145143827796,48.276808026464344,10.642241800964637,3.4298388422774337,0.0,0.0,0.0,0.0,0.0,model4,19.0,False,7776.0
2592,2015-11-22T05:00:00Z,78.0,167.80695739286932,447.97155983162634,102.27501974392248,40.68412538976013,13.107207561307304,47.28495440568283,10.663155828096187,3.5448347324684217,0.0,0.0,0.0,0.0,0.0,model4,19.0,False,7779.0
2593,2015-11-22T08:00:00Z,78.0,164.22992579024088,449.41107711867903,102.07111790559696,40.284379964923204,14.401655014799585,43.50950191304757,10.082430301326953,3.8546771168591456,0.0,0.0,0.0,0.0,0.0,model4,19.0,False,7782.0
2594,2015-11-22T11:00:00Z,78.0,163.36988143836638,453.89686609905687,102.38226315422165,40.29520544929938,13.926954290982675,43.035152845371115,9.859196135740627,4.140193456970458,0.0,0.0,0.0,0.0,0.0,model4,19.0,False,7785.0
2595,2015-11-22T14:00:00Z,78.0,163.70509991368885,445.58680685678047,100.5830201092511,39.97347502244662,13.619142226098848,44.577105902498225,10.503376178657101,4.333176399444112,0.0,0.0,0.0,0.0,0.0,model4,19.0,False,7788.0
2596,2015-11-22T17:00:00Z,78.0,162.89531945900976,436.26684940271446,99.0923260476207,40.19750439380348,14.58769765746525,49.78553356992777,11.276596843869205,4.4344726392298215,0.0,0.0,0.0,0.0,0.0,model4,19.0,False,7791.0
2597,2015-11-22T20:00:00Z,78.0,164.55125296453613,434.47851502998566,99.17056674467213,39.73451193802584,15.020100481539385,49.29605842621449,11.038799172904945,4.756680068311936,0.0,0.0,0.0,0.0,0.0,model4,19.0,False,7794.0
2598,2015-11-22T23:00:00Z,78.0,165.77841990447564,430.6728999623672,99.8426663736643,39.7775193409472,16.105411154866353,49.28835355084386,10.923924145404733,4.963854224258363,0.0,0.0,0.0,0.0,0.0,model4,19.0,False,7797.0
2599,2015-11-23T02:00:00Z,78.0,166.91092403622778,434.8849736169333,100.34683191799658,39.44103119470998,16.568130544037288,44.346265800670146,11.066868374311023,4.4300143955591755,0.0,0.0,0.0,0.0,0.0,model4,19.0,False,7800.0
2600,2015-11-23T05:00:00Z,78.0,167.88830456458925,440.8956712793257,100.1028198217102,38.79325352722038,17.15065358526185,49.53718944028032,11.798390759301402,4.187808328396551,0.0,0.0,0.0,0.0,0.0,model4,19.0,False,7803.0
2601,2015-11-23T08:00:00Z,78.0,173.43655988159492,441.7062722720604,99.7934840000181,39.424968438168115,16.158566407339315,50.01258830916007,11.132986504961844,4.3083967987200085,0.0,0.0,0.0,0.0,0.0,model4,19.0,False,7806.0
2602,2015-11-23T11:00:00Z,78.0,175.0075727545345,432.37075382708974,99.5444843648902,39.08049688774931,17.904095379792356,52.39707476729656,11.122666354016173,4.06168330366607,0.0,0.0,0.0,0.0,0.0,model4,19.0,False,7809.0
2603,2015-11-23T14:00:00Z,78.0,174.10269031677734,441.2984325960681,100.50892397764963,39.21931891726194,17.985195758715477,54.70814209865201,11.992996589712295,4.09534097678055,0.0,0.0,0.0,0.0,0.0,model4,19.0,False,7812.0
2604,2015-11-23T17:00:00Z,78.0,174.2553816118719,441.329270878617,101.16025784379421,39.48031538055468,17.32519503661309,49.72183457448537,11.349937418479787,4.339725087536857,0.0,0.0,0.0,0.0,0.0,model4,19.0,False,7815.0
2605,2015-11-23T20:00:00Z,78.0,172.49507427868681,437.06297758582537,102.13377422022629,40.07660606354671,17.882327946122448,52.325367944002714,10.71449832400112,4.417756772229718,0.0,0.0,0.0,0.0,0.0,model4,19.0,False,7818.0
2606,2015-11-23T23:00:00Z,78.0,171.38521492622675,440.5468261155976,102.01655065510799,39.364054194527405,16.89892786157991,51.02553890410051,10.856812721401171,4.015673712171953,0.0,0.0,0.0,0.0,0.0,model4,19.0,False,7821.0
2607,2015-11-24T02:00:00Z,78.0,169.73721255782968,437.5560997456498,100.7548110025852,39.80035778660535,17.00120861732506,51.070061579484644,9.70298851623635,4.0650158016453775,0.0,0.0,0.0,0.0,0.0,model4,19.0,False,7824.0
2608,2015-11-24T05:00:00Z,78.0,169.48036971214057,430.47268871581633,100.45504362074108,39.85823880161712,16.714988045730927,45.7724633635011,9.070644055229703,4.465936723138984,0.0,0.0,0.0,0.0,0.0,model4,19.0,False,7827.0
2609,2015-11-24T08:00:00Z,78.0,166.9477893636084,429.2120713313465,100.37156089951031,39.21033289377779,14.396179312075114,45.157299498076384,9.16752293184067,4.505744549223218,0.0,0.0,0.0,0.0,0.0,model4,19.0,False,7830.0
2610,2015-11-24T11:00:00Z,78.0,165.94286865500263,435.1104210947561,100.20822716421804,39.905539200246224,11.484589901118893,44.495461998327436,9.277942239190118,4.878792330495061,0.0,0.0,0.0,0.0,0.0,model4,19.0,False,7833.0
2611,2015-11-24T14:00:00Z,78.0,167.03119627716697,437.3132528413807,100.28419578706834,40.42396195488672,14.124976964851598,46.281087549477995,8.765049845048006,5.2243586793824095,0.0,0.0,0.0,0.0,0.0,model4,19.0,False,7836.0
2612,2015-11-24T17:00:00Z,78.0,168.07310831804864,444.223978064564,102.5154604692067,40.233301695265226,14.49359999365612,44.55007556977683,8.797200266690432,5.297383634830717,0.0,0.0,0.0,0.0,0.0,model4,19.0,False,7839.0
2613,2015-11-24T20:00:00Z,78.0,170.33813998792004,444.64547159751254,102.26351891063374,40.36862835879342,15.144446608144438,42.2407173384096,9.083076630421017,5.354809880995193,0.0,0.0,0.0,0.0,0.0,model4,19.0,False,7842.0
2614,2015-11-24T23:00:00Z,78.0,170.7190520305289,446.15136712303206,102.92276709853985,41.058205932564434,15.881938992791548,48.85976313871532,9.148403556959355,5.397644162970918,0.0,0.0,0.0,0.0,0.0,model4,19.0,False,7845.0
2615,2015-11-25T02:00:00Z,78.0,170.85709381761825,451.37249132294914,102.67798793141041,40.347422287797706,16.483422853266408,48.805951399838676,10.063611457602343,5.683077420588338,0.0,0.0,0.0,0.0,0.0,model4,19.0,False,7848.0
2616,2015-11-25T05:00:00Z,78.0,169.799015994019,457.61986118953627,101.47370802546305,41.09801493559488,16.457350299015566,50.69836032282319,10.931694132633446,5.5862635561312874,0.0,0.0,0.0,0.0,0.0,model4,19.0,False,7851.0
2617,2015-11-25T08:00:00Z,78.0,169.81793177053996,457.0045435132714,100.60761505038656,42.28339907670858,17.06378072169536,57.8996599183285,11.45955673506994,5.37950846777698,0.0,0.0,0.0,0.0,0.0,model4,19.0,False,7854.0
2618,2015-11-25T11:00:00Z,78.0,167.75089370360854,452.7282535978192,100.32013436903982,41.647517016787475,17.345435472372095,56.73249649378237,11.773904917790105,5.641204894941128,0.0,0.0,0.0,0.0,0.0,model4,19.0,False,7857.0
2619,2015-11-25T14:00:00Z,78.0,167.30161855625462,445.3801597045154,101.00439983471796,41.71350385667193,15.318853409565241,53.74589852067911,10.780091767858591,5.302880375854628,0.0,0.0,0.0,0.0,0.0,model4,19.0,False,7860.0
2620,2015-11-25T17:00:00Z,78.0,167.33444968571104,445.9825534964815,100.65013336850667,41.77418139089458,13.505125096376787,54.85551098976511,10.836924352435934,5.043681427882464,0.0,0.0,0.0,0.0,0.0,model4,19.0,False,7863.0
2621,2015-11-25T20:00:00Z,78.0,167.74920775726318,446.4407824189422,101.40339374341572,42.083030063418754,14.016911481299946,55.85410984441616,10.965698839097163,4.595939951992616,0.0,0.0,0.0,0.0,0.0,model4,19.0,False,7866.0
2622,2015-11-25T23:00:00Z,78.0,168.82582516080916,450.32754399259386,101.44804498562232,42.09924093194591,16.51000316271507,52.37794317628947,11.33162355728302,4.430680557450102,0.0,0.0,0.0,0.0,0.0,model4,19.0,False,7869.0
2623,2015-11-26T02:00:00Z,78.0,170.74756653103498,444.834344780397,100.26107703594887,42.388852395741296,16.21236637643702,52.593441875132655,10.637748629213876,4.8026178831434745,0.0,0.0,0.0,0.0,0.0,model4,19.0,False,7872.0
2624,2015-11-26T05:00:00Z,78.0,171.886034217781,440.0298049296592,101.33118854120052,42.26322112206943,18.026052665313877,48.429731509617525,10.364481199107214,4.624832764213996,0.0,0.0,0.0,0.0,0.0,model4,19.0,False,7875.0
2625,2015-11-26T08:00:00Z,78.0,171.5928495147738,437.1946141084316,101.13452581769764,41.25202158457103,18.814955921858346,41.141832060200784,10.085085058506817,4.418411376807393,0.0,0.0,0.0,0.0,0.0,model4,19.0,False,7878.0
2626,2015-11-26T11:00:00Z,78.0,173.17279931105483,441.33870286381807,102.90270438505928,41.442699168119795,18.47172488541477,40.66039218635128,9.909320731960284,3.9309797341917903,0.0,0.0,0.0,0.0,0.0,model4,19.0,False,7881.0
2627,2015-11-26T14:00:00Z,78.0,175.07649697595662,434.40035299842765,102.28527112865332,41.25037175949245,17.630036474936702,49.1816635561781,10.092338386139396,3.9787814439227414,0.0,0.0,0.0,0.0,0.0,model4,19.0,False,7884.0
2628,2015-11-26T17:00:00Z,78.0,174.22812937168567,429.6305419462288,100.5568844430792,40.710922703386224,18.2203430872849,48.37470476183976,10.420254708310187,4.068212939918976,0.0,0.0,0.0,0.0,0.0,model4,19.0,False,7887.0
2629,2015-11-26T20:00:00Z,78.0,172.72142976614117,440.4570071896712,99.12522671522308,39.58060368602277,18.123526634107964,50.06917606435732,10.040113446958081,4.682594925174655,0.0,0.0,0.0,0.0,0.0,model4,19.0,False,7890.0
2630,2015-11-26T23:00:00Z,78.0,173.1824143543106,434.6039946460794,97.8628936607951,38.98760110044705,15.78732410328558,47.17748309683395,8.720168797311409,5.1707670346985415,0.0,0.0,0.0,0.0,0.0,model4,19.0,False,7893.0
2631,2015-11-27T02:00:00Z,78.0,170.00967686963244,440.3876102107047,97.75290548358069,39.65585302708124,16.62333353246989,50.0403399617836,9.201717810371258,5.4865637378198855,0.0,0.0,0.0,0.0,0.0,model4,19.0,False,7896.0
2632,2015-11-27T05:00:00Z,78.0,170.125155247028,444.02769319485185,97.56196369858414,38.949437663148544,15.147860465563495,52.087844817780216,9.157798568121066,5.293653099953777,0.0,0.0,0.0,0.0,0.0,model4,19.0,False,7899.0
2633,2015-11-27T08:00:00Z,78.0,169.30316600968132,448.71874050274283,97.83694513228615,38.862757466101286,14.60896373638362,50.47695882824831,9.202336543028801,5.266303865982505,0.0,0.0,0.0,0.0,0.0,model4,19.0,False,7902.0
2634,2015-11-27T11:00:00Z,78.0,170.85151067823196,446.6574804600352,95.15850281853271,38.849000494465436,15.066253128257749,50.91731996575533,9.024584284627132,5.407757061221348,0.0,0.0,0.0,0.0,0.0,model4,19.0,False,7905.0
2635,2015-11-27T14:00:00Z,78.0,170.7656171416139,462.7388434891336,96.06084029249432,39.12677011634799,15.473486010893195,49.50898864713468,10.095712274684193,5.522988490441244,0.0,0.0,0.0,0.0,0.0,model4,19.0,False,7908.0
2636,2015-11-27T17:00:00Z,78.0,171.6144899060337,465.1596555696311,96.87282294758137,39.2506536809201,14.882329362138195,46.436419630456626,9.61537768211318,5.880197370933068,0.0,0.0,0.0,0.0,0.0,model4,19.0,False,7911.0
2637,2015-11-27T20:00:00Z,78.0,172.41146732429684,460.9156153802417,96.25053219279371,39.68283556922864,14.677550570605964,43.03925487045596,9.687204395498986,5.463793686197112,0.0,0.0,0.0,0.0,0.0,model4,19.0,False,7914.0
2638,2015-11-27T23:00:00Z,78.0,170.71205206809265,458.1153135212384,97.1626123828916,39.81293360721211,14.071291507848619,47.69755042788406,10.957662328715294,4.885722957475184,0.0,0.0,0.0,0.0,0.0,model4,19.0,False,7917.0
2639,2015-11-28T02:00:00Z,78.0,171.71498007230414,454.0127841519735,97.77143413896671,39.14463876460269,12.972465559734975,48.07192845480628,10.475561711205158,3.7199809069689658,0.0,0.0,0.0,0.0,0.0,model4,19.0,False,7920.0
2640,2015-11-28T05:00:00Z,78.0,173.541223732549,449.3961811743562,98.144806342397,39.585669769739866,14.180005641848204,49.319379011416,9.63448224168,3.879782027574547,0.0,0.0,0.0,0.0,0.0,model4,19.0,False,7923.0
2641,2015-11-28T08:00:00Z,78.0,174.5984095253285,450.60739343855363,99.56824583459421,39.474619541578505,12.859250750555095,51.40026895058407,9.694635327161748,4.284916553381764,0.0,0.0,0.0,0.0,0.0,model4,19.0,False,7926.0
2642,2015-11-28T11:00:00Z,78.0,174.06605453998452,457.1282800275397,101.32763672728414,39.54997989859121,12.055837433911295,52.56227465083686,7.950868554051957,4.661595809035427,0.0,0.0,0.0,0.0,0.0,model4,19.0,False,7929.0
2643,2015-11-28T14:00:00Z,78.0,174.8565103509106,448.8108735887829,100.93605582141922,38.6325068625163,13.068417542670169,43.1827576906956,7.53374736996073,4.838064885244053,0.0,0.0,0.0,0.0,0.0,model4,19.0,False,7932.0
2644,2015-11-28T17:00:00Z,78.0,176.50840706294002,440.6685798106013,101.65858357198135,38.83306835928789,13.411006007318793,49.381634540222855,7.624083632227284,4.454710894551546,0.0,0.0,0.0,0.0,0.0,model4,19.0,False,7935.0
2645,2015-11-28T20:00:00Z,78.0,175.44984799602105,440.70835544109525,101.92732814970527,38.84385405982936,13.230057584132247,49.55283409343405,7.398617858379864,4.379740123216651,0.0,0.0,0.0,0.0,0.0,model4,19.0,False,7938.0
2646,2015-11-28T23:00:00Z,78.0,176.07070094558003,449.0047289639005,101.62246622048343,39.17982529939189,14.344789021085735,49.01984615234432,6.042116569397968,4.682217104385399,0.0,0.0,0.0,0.0,0.0,model4,19.0,False,7941.0
2647,2015-11-29T02:00:00Z,78.0,177.24926812586696,448.0665596171902,101.56551485806334,39.47383541009656,15.205397996958684,47.448597642180786,6.559318303009018,4.6631897462528045,0.0,0.0,0.0,0.0,0.0,model4,19.0,False,7944.0
2648,2015-11-29T05:00:00Z,78.0,173.28533010440816,451.31077570366267,100.60141457858336,40.29798369718815,14.955205469907767,45.435172258738184,7.593951456429387,5.4896931777010165,0.0,0.0,0.0,0.0,0.0,model4,19.0,False,7947.0
2649,2015-11-29T08:00:00Z,78.0,174.8723306507799,447.0255835718267,100.63503983249184,40.63326767288361,15.368312089018389,44.37585159356613,8.251026431672695,5.053702998269113,0.0,0.0,0.0,0.0,0.0,model4,19.0,False,7950.0
2650,2015-11-29T11:00:00Z,78.0,173.45898870054683,445.31492518829765,100.01009088470043,39.83221594048635,16.030303177305782,42.697055785135774,9.268897194789519,5.23541704222342,0.0,0.0,0.0,0.0,0.0,model4,19.0,False,7953.0
2651,2015-11-29T14:00:00Z,78.0,172.1729144514683,448.8618631838112,99.70147397412896,40.61343399211597,14.595352753412936,43.55457009574892,9.091308620921607,4.918596054695916,0.0,0.0,0.0,0.0,0.0,model4,19.0,False,7956.0
2652,2015-11-29T17:00:00Z,78.0,171.88142858816863,456.35841299898203,99.60023350061712,40.88570835402799,14.286248488794437,35.64660914095428,10.059031616139617,5.599414872746237,0.0,0.0,0.0,0.0,0.0,model4,19.0,False,7959.0
2653,2015-11-29T20:00:00Z,78.0,174.10055100492687,453.5486926782521,101.50223839025601,40.846306658337795,17.248360185106257,36.41209891519959,10.18676269483088,5.78206105833218,0.0,0.0,0.0,0.0,0.0,model4,19.0,False,7962.0
2654,2015-11-29T23:00:00Z,78.0,171.72866447597562,456.26842203486274,100.63958299940849,40.063710018141535,17.555858872313777,38.731789819342865,10.822748996543641,6.084548742423991,0.0,0.0,0.0,0.0,0.0,model4,19.0,False,7965.0
2655,2015-11-30T02:00:00Z,78.0,171.42163385881972,453.7866951043664,100.4767066220727,40.153474366759426,17.324289323825706,40.54129363437968,11.002273230758407,6.4416072614742195,0.0,0.0,0.0,0.0,0.0,model4,19.0,False,7968.0
2656,2015-11-30T05:00:00Z,78.0,170.79113734359967,450.9597962848316,102.6023890258855,39.24398398733029,17.880312774811927,40.886881906516706,10.672174104211958,6.011010028699713,0.0,0.0,0.0,0.0,0.0,model4,19.0,False,7971.0
2657,2015-11-30T08:00:00Z,78.0,169.38788475208196,451.26537455564653,101.70990071984902,39.04623359312786,17.57647301068273,39.86517176605905,10.388989746454488,6.040484974596537,0.0,0.0,0.0,0.0,0.0,model4,19.0,False,7974.0
2658,2015-11-30T11:00:00Z,78.0,169.62110818420382,446.2933917918863,102.56515873028346,40.23544618538369,17.34441108774826,37.5131415233625,9.480285636025188,5.765267464236231,0.0,0.0,0.0,0.0,0.0,model4,19.0,False,7977.0
2659,2015-11-30T14:00:00Z,78.0,168.86401458343659,442.4574468953359,101.1447022235445,39.88989426282724,17.306715678927038,41.81302486442903,10.337211165442305,5.5579227153938255,0.0,0.0,0.0,0.0,0.0,model4,19.0,False,7980.0
2660,2015-11-30T17:00:00Z,78.0,168.81087482021468,448.1077959909915,100.71102315252668,39.63420594393264,17.816808013414732,45.26093430396908,9.706436047407472,4.8469323444300025,0.0,0.0,0.0,0.0,0.0,model4,19.0,False,7983.0
2661,2015-11-30T20:00:00Z,78.0,167.01160145277922,446.9965015924976,99.9897265229688,40.2564315345878,15.17699076625426,47.21335450640693,9.41817261251891,4.627591724975587,0.0,0.0,0.0,0.0,0.0,model4,19.0,False,7986.0
2662,2015-11-30T23:00:00Z,78.0,168.93275626091153,442.7037741196863,99.26072117336443,40.699080909705316,14.49281345699316,43.44513231157973,9.4348893236718,4.310978190776199,0.0,0.0,0.0,0.0,0.0,model4,19.0,False,7989.0
2663,2015-12-01T02:00:00Z,78.0,169.78650431474853,443.93458378812346,100.14636154016416,40.98073349637542,13.566660860926705,47.444453435747825,9.283992033921542,4.676388221651178,0.0,0.0,0.0,0.0,0.0,model4,19.0,False,7992.0
2664,2015-12-01T05:00:00Z,78.0,172.35673771561275,447.0616736485176,99.49148832981658,41.63171886038191,15.783044942665065,46.51854390885486,9.67965201076534,4.781621558171577,0.0,0.0,0.0,0.0,0.0,model4,19.0,False,7995.0
2665,2015-12-01T08:00:00Z,78.0,172.87655070022296,460.0618881504982,98.63732350681455,42.41458219899083,16.125577576751247,58.143972078740816,9.90631378846407,4.8583351597605855,0.0,0.0,0.0,0.0,0.0,model4,19.0,False,7998.0
2666,2015-12-01T11:00:00Z,78.0,175.73075206467897,465.332039106655,98.16790321966434,41.60628970394113,16.751774798754642,59.36377424221628,10.249787650425867,5.065012052006754,0.0,0.0,0.0,0.0,0.0,model4,19.0,False,8001.0
2667,2015-12-01T14:00:00Z,78.0,177.17424004492733,466.05485054035756,98.14159733592665,41.334301657878505,16.565404747691105,55.3706942394304,11.019984822809578,5.199241987207996,0.0,0.0,0.0,0.0,0.0,model4,19.0,False,8004.0
2668,2015-12-01T17:00:00Z,78.0,175.72173427361355,462.1287115736442,98.16248199029086,40.89890507647911,16.195629044221903,53.24926611342367,12.186173435109145,5.596643855616961,0.0,0.0,0.0,0.0,0.0,model4,19.0,False,8007.0
2669,2015-12-01T20:00:00Z,78.0,177.43462769327238,463.98140857627317,97.24322085741957,40.44169100965326,15.747019042294696,50.04354495709667,11.983950392144655,5.9661651310731605,0.0,0.0,0.0,0.0,0.0,model4,19.0,False,8010.0
2670,2015-12-01T23:00:00Z,78.0,176.41641105094598,463.86411886379176,99.47314514945452,40.287936499414656,16.354289892883468,51.364148917086474,12.150320376405617,6.044315827348652,0.0,0.0,0.0,0.0,0.0,model4,19.0,False,8013.0
2671,2015-12-02T02:00:00Z,78.0,175.87726029331142,468.41434895074053,97.50015163015688,40.33097550645515,16.224977089225852,46.33522374709898,12.484760302556676,5.655358165321901,0.0,0.0,0.0,0.0,0.0,model4,19.0,False,8016.0
2672,2015-12-02T05:00:00Z,78.0,174.83932617136017,465.9014421219809,96.828527211181,40.07748738828436,13.163249517312035,48.9645236689765,11.846519444121814,5.484149753013874,0.0,0.0,0.0,0.0,0.0,model4,19.0,False,8019.0
2673,2015-12-02T08:00:00Z,78.0,175.37617864975147,454.978215461208,98.81929050687687,38.835647982467925,12.613149612099498,35.90073103025254,11.920891446338056,5.276823502094457,0.0,0.0,0.0,0.0,0.0,model4,19.0,False,8022.0
2674,2015-12-02T11:00:00Z,78.0,170.80657869886699,455.396824110584,98.13032038903008,39.36125858561618,12.903191539694777,35.64852794806573,11.737059196016155,5.5561946316365685,0.0,0.0,0.0,0.0,0.0,model4,19.0,False,8025.0
2675,2015-12-02T14:00:00Z,78.0,169.48815302859865,463.7885120215868,99.26987402144243,39.61114486620846,12.52618199484112,40.71740716059554,11.602333053151805,5.471961250815951,0.0,0.0,0.0,0.0,0.0,model4,19.0,False,8028.0
2676,2015-12-02T17:00:00Z,78.0,170.12318926192566,462.22002265254616,99.05838997047114,40.67803710914311,12.723451552336435,41.12931585924394,10.875733380274545,5.851633323256503,0.0,0.0,0.0,0.0,0.0,model4,19.0,False,8031.0
2677,2015-12-02T20:00:00Z,78.0,169.36077804978027,461.89128102349434,99.00732541472622,40.72380466447952,11.89162840973319,45.90262875670877,10.989270288360364,5.5988893473310535,0.0,0.0,0.0,0.0,0.0,model4,19.0,False,8034.0
2678,2015-12-02T23:00:00Z,78.0,170.0215157512775,461.6328567714635,97.90429547830715,40.67743755125982,11.611089638647295,43.923953653102856,10.404695256488488,5.354247173138757,0.0,0.0,0.0,0.0,0.0,model4,19.0,False,8037.0
2679,2015-12-03T02:00:00Z,78.0,172.15081457433033,463.7187944513169,100.00026344380151,40.878134945408064,13.841513964183614,42.618954725480684,9.619559165737568,5.631568584718843,0.0,0.0,0.0,0.0,0.0,model4,19.0,False,8040.0
2680,2015-12-03T05:00:00Z,78.0,173.218370651009,472.040269583825,99.99748278651892,40.147498274308134,14.005502356520994,39.308867160006564,9.795693621347564,5.375208622392362,0.0,0.0,0.0,0.0,0.0,model4,19.0,False,8043.0
2681,2015-12-03T08:00:00Z,78.0,172.4789351514283,472.06609652730947,99.18097891355222,41.026351532621774,14.466776755164904,43.013210842341785,9.603184264269245,4.962605638584341,0.0,0.0,0.0,0.0,0.0,model4,19.0,False,8046.0
2682,2015-12-03T11:00:00Z,78.0,174.64912981204742,471.9790574788266,100.91506075857288,40.91459333621092,13.665684806257827,40.488210537843024,9.649780850839287,4.690083203548805,0.0,0.0,0.0,0.0,0.0,model4,19.0,False,8049.0
2683,2015-12-03T14:00:00Z,78.0,173.31500909754536,467.71456160233095,99.74611197380821,41.28479172543322,15.647795880587873,37.01207191842928,10.108782046608924,4.746531252704928,0.0,0.0,0.0,0.0,0.0,model4,19.0,False,8052.0
2684,2015-12-03T17:00:00Z,78.0,172.0067673531721,471.6820258297043,100.40826725774778,40.64660078966655,16.191492779741303,39.992793523131546,10.366307287022096,3.966520647931292,0.0,0.0,0.0,0.0,0.0,model4,19.0,False,8055.0
2685,2015-12-03T20:00:00Z,78.0,170.15307810227958,473.45888557637886,101.35219528029184,41.280038100807616,15.514553134736266,35.17110874450183,10.364531914159336,4.260423228414756,0.0,0.0,0.0,0.0,0.0,model4,19.0,False,8058.0
2686,2015-12-03T23:00:00Z,78.0,170.01441811030634,468.94084985628393,102.03513173024756,41.72649212436399,16.068682278323507,39.26225818714953,10.42531567799619,3.962687471474637,0.0,0.0,0.0,0.0,0.0,model4,19.0,False,8061.0
2687,2015-12-04T02:00:00Z,78.0,166.88119562903955,465.4609511923561,100.93236636390571,40.961705810889775,15.331099418055484,38.88269851063338,11.070543323616805,3.3440677597951334,0.0,0.0,0.0,0.0,0.0,model4,19.0,False,8064.0
2688,2015-12-04T05:00:00Z,78.0,167.20125871425228,464.31234193680064,100.81231538392099,41.18806709337768,17.318715440959778,40.7903131129484,10.798598581312364,3.12476209109612,0.0,0.0,0.0,0.0,0.0,model4,19.0,False,8067.0
2689,2015-12-04T08:00:00Z,78.0,166.75432540835018,466.8345957445605,99.70513319827693,40.38470189962534,16.308933413187887,46.397137170155105,11.355620950730467,4.089556711929999,0.0,0.0,0.0,0.0,0.0,model4,19.0,False,8070.0
2690,2015-12-04T11:00:00Z,78.0,166.25897362203958,460.25811578079606,98.72202396234111,40.552005012781294,15.860792845415721,47.637083341903256,11.359178919325375,4.753437217175918,0.0,0.0,0.0,0.0,0.0,model4,19.0,False,8073.0
2691,2015-12-04T14:00:00Z,78.0,170.08274970876732,455.2025246133583,100.20378887651958,40.452857749884274,16.09900872994151,51.00855071316268,9.824529283905393,4.606945941389842,0.0,0.0,0.0,0.0,0.0,model4,19.0,False,8076.0
2692,2015-12-04T17:00:00Z,78.0,169.49644945281364,456.3890394982689,98.7848376577085,40.585285200638936,16.38587368977629,49.08029465055778,9.600557877118382,4.602671856408162,0.0,0.0,0.0,0.0,0.0,model4,19.0,False,8079.0
2693,2015-12-04T20:00:00Z,78.0,169.80834719726323,445.7849537491463,97.18732231413185,39.942566935163185,16.333335633884055,57.45401068806314,9.412940639631627,4.105629954567916,0.0,0.0,0.0,0.0,0.0,model4,19.0,False,8082.0
2694,2015-12-04T23:00:00Z,78.0,171.0299712456785,448.62238894869193,97.62257634240784,39.80801468144029,15.710040430030904,58.48086440086395,10.322099522623915,4.386503003812185,0.0,0.0,0.0,0.0,0.0,model4,19.0,False,8085.0
2695,2015-12-05T02:00:00Z,78.0,172.79429715413585,446.6319004111622,98.16303703717728,39.73434132926465,14.064890226025508,58.277712105658104,9.807091534453198,4.374828501227195,0.0,0.0,0.0,0.0,0.0,model4,19.0,False,8088.0
2696,2015-12-05T05:00:00Z,78.0,171.72019672198377,450.1658505854488,99.51494904727592,39.64021614159682,12.489590689321597,59.49879280302748,10.953918002744775,4.7277815436802175,0.0,0.0,0.0,0.0,0.0,model4,19.0,False,8091.0
2697,2015-12-05T08:00:00Z,78.0,171.14192009895416,447.9116706158129,101.23288758103641,40.993348013523814,12.836981107442437,51.24896441733157,10.359757446346787,4.596754485768572,0.0,0.0,0.0,0.0,0.0,model4,19.0,False,8094.0
2698,2015-12-05T11:00:00Z,78.0,169.54302680291354,449.8277738126981,100.54011879376007,40.091329329933636,13.55458184968123,50.9510657037327,9.91532359791288,4.892182000497806,0.0,0.0,0.0,0.0,0.0,model4,19.0,False,8097.0
2699,2015-12-05T14:00:00Z,78.0,165.73305634873313,449.7335708603054,99.77114936471531,40.02247974151936,13.714213895121455,48.09538376074318,10.095413382342127,5.06082504641025,0.0,0.0,0.0,0.0,0.0,model4,19.0,False,8100.0
2700,2015-12-05T17:00:00Z,78.0,166.94466170210825,438.81267936418925,99.0195448584414,39.01330681277868,13.656884372708635,51.494127240583744,9.98218995278774,5.617564721007029,0.0,0.0,0.0,0.0,0.0,model4,19.0,False,8103.0
2701,2015-12-05T20:00:00Z,78.0,165.69629960405413,446.13200119890814,100.85422704294828,39.167076021753395,14.608885334926535,43.99575686407484,9.74880864256338,5.675958759334807,0.0,0.0,0.0,0.0,0.0,model4,19.0,False,8106.0
2702,2015-12-05T23:00:00Z,78.0,166.17298028811703,447.0867207380497,98.76226994762743,38.611514709211576,15.619893854813974,43.827671351173436,9.341774336139162,5.474373168931072,0.0,0.0,0.0,0.0,0.0,model4,19.0,False,8109.0
2703,2015-12-06T02:00:00Z,78.0,164.47286150349385,448.07355732442016,98.9128014610417,38.30575022029565,14.974372020346696,44.211653763402346,9.352037237839095,5.873286063519707,0.0,0.0,0.0,0.0,0.0,model4,19.0,False,8112.0
2704,2015-12-06T05:00:00Z,78.0,164.08235889074896,436.1531624025692,98.78581945490178,37.96920035124555,14.71925017255707,49.120966432719975,8.266348576756151,5.556449832059277,0.0,0.0,0.0,0.0,0.0,model4,19.0,False,8115.0
2705,2015-12-06T08:00:00Z,78.0,164.68687382515972,434.4021539598996,98.75642105321306,37.2125032896559,14.86856811936053,50.04649574595357,8.586847100759929,4.723737567825293,0.0,0.0,0.0,0.0,0.0,model4,19.0,False,8118.0
2706,2015-12-06T11:00:00Z,78.0,166.10504797453456,432.1068889109896,100.0076506388546,38.073508113425156,14.563448494430075,50.779359535718925,8.780932180517372,4.296951464783292,0.0,0.0,0.0,0.0,0.0,model4,19.0,False,8121.0
2707,2015-12-06T14:00:00Z,78.0,169.4795091011711,434.60490268912736,99.86348244918831,38.2326511323467,13.825655050787287,56.349541006690394,8.926552072923064,4.4462851447359215,0.0,0.0,0.0,0.0,0.0,model4,19.0,False,8124.0
2708,2015-12-06T17:00:00Z,78.0,169.09966188008724,438.9014984282116,100.34304217318342,39.037324962172434,14.314553145616268,55.08995599857728,8.463767747316378,3.8789638794298655,0.0,0.0,0.0,0.0,0.0,model4,19.0,False,8127.0
2709,2015-12-06T20:00:00Z,78.0,170.58744560573172,446.0815644018735,99.82671896998858,39.64732972054789,13.793468395774806,57.60677253273257,8.462063664655384,4.443626053288541,0.0,0.0,0.0,0.0,0.0,model4,19.0,False,8130.0
2710,2015-12-06T23:00:00Z,78.0,168.80465370430332,445.43387481317865,101.21915169931196,40.169963496348316,14.149945243847526,55.773065154216994,8.986104134109238,4.287887191164368,0.0,0.0,0.0,0.0,0.0,model4,19.0,False,8133.0
2711,2015-12-07T02:00:00Z,78.0,168.942868370951,448.0061953048781,101.26514233405422,40.71263586882819,15.200018460236054,57.11049129418861,9.180971512627867,4.044319100462086,0.0,0.0,0.0,0.0,0.0,model4,19.0,False,8136.0
2712,2015-12-07T05:00:00Z,78.0,169.18164467883784,449.2899344475457,100.90076323858328,41.00872888134254,14.25983754600821,48.57648341458276,8.852307504430229,3.8986158558176176,0.0,0.0,0.0,0.0,0.0,model4,19.0,False,8139.0
2713,2015-12-07T08:00:00Z,78.0,168.75716432325447,455.23054196665856,101.21693218625656,40.88325176672323,13.99577513184293,48.32267607067505,8.76894452877732,3.85419921379764,0.0,0.0,0.0,0.0,0.0,model4,19.0,False,8142.0
2714,2015-12-07T11:00:00Z,78.0,167.5705891972711,452.5348148778051,99.59256710985052,39.95783638496021,14.467105972967206,54.24993259573779,8.963140786785475,4.529654159090391,0.0,0.0,0.0,0.0,0.0,model4,19.0,False,8145.0
2715,2015-12-07T14:00:00Z,78.0,165.89025124350746,459.3820038727913,101.43060621189275,39.124165381672505,12.960576398733178,55.07104042048009,9.903938349776645,5.05957195651111,0.0,0.0,0.0,0.0,0.0,model4,19.0,False,8148.0
2716,2015-12-07T17:00:00Z,78.0,166.85882699789894,455.80529087807884,101.71833419677263,39.18675746959705,14.600648317618992,55.87172503142492,9.545061264216516,5.1523809034421015,0.0,0.0,0.0,0.0,0.0,model4,19.0,False,8151.0
2717,2015-12-07T20:00:00Z,78.0,165.99401981150737,451.3677686510126,101.35944297225872,38.32885764371571,15.020994364333378,53.139300585367266,9.234644931022872,4.6445779776968354,0.0,0.0,0.0,0.0,0.0,model4,19.0,False,8154.0
2718,2015-12-07T23:00:00Z,78.0,165.33812781387942,448.56725693005683,100.5698196585404,37.76973289954797,13.587688060039168,52.465387556355324,9.736198892803664,4.871999001819468,0.0,0.0,0.0,0.0,0.0,model4,19.0,False,8157.0
2719,2015-12-08T02:00:00Z,78.0,167.50929480588687,450.82136110741965,100.77354989141787,37.5511568241141,14.30615088312523,59.032551651187106,9.641206253641352,4.347562321695753,0.0,0.0,0.0,0.0,0.0,model4,19.0,False,8160.0
2720,2015-12-08T05:00:00Z,78.0,168.85557639240557,456.46599353298035,101.12089114557457,37.23801378311049,14.843623461403988,64.7882494816877,10.058504245654236,4.4998287661884335,0.0,0.0,0.0,0.0,0.0,model4,19.0,False,8163.0
2721,2015-12-08T08:00:00Z,78.0,169.6092493366908,446.7911501054686,100.64995164508488,36.90714726399538,14.854991417320011,65.86736365996157,10.033635430705603,4.443422529814509,0.0,0.0,0.0,0.0,0.0,model4,19.0,False,8166.0
2722,2015-12-08T11:00:00Z,78.0,170.7978668057857,453.2800364565464,101.78506619377852,38.06843127423734,13.805290413449075,60.16847484709052,10.042962774488293,4.747500488855337,0.0,0.0,0.0,0.0,0.0,model4,19.0,False,8169.0
2723,2015-12-08T14:00:00Z,78.0,170.70697509996728,452.92550904259804,99.67967905506839,38.799721794832976,13.747285208810036,61.232910681776715,9.966749610861717,4.3038590242268056,0.0,0.0,0.0,0.0,0.0,model4,19.0,False,8172.0
2724,2015-12-08T17:00:00Z,78.0,170.50224412307557,455.6429969761869,98.86454963073132,38.802792191590534,13.17490057075258,60.971984615888736,10.956796251033524,4.332521624937835,0.0,0.0,0.0,0.0,0.0,model4,19.0,False,8175.0
2725,2015-12-08T20:00:00Z,78.0,172.0352460473359,449.11962968379964,98.6764410204344,39.203461172256226,12.066811669043865,66.38069561649576,11.007817021794612,4.2631087587498655,0.0,0.0,0.0,0.0,0.0,model4,19.0,False,8178.0
2726,2015-12-08T23:00:00Z,78.0,173.13083581858558,443.42069773843764,100.00782315560915,39.63487930170303,11.609537095236693,69.5600783687525,10.014391756115902,4.056681302221935,0.0,0.0,0.0,0.0,0.0,model4,19.0,False,8181.0
2727,2015-12-09T02:00:00Z,78.0,170.1272351496156,425.03511900941527,99.2706687801263,38.98214582752353,11.433173196998553,75.14075969856145,9.93881342476574,4.8734044972592905,0.0,0.0,0.0,0.0,0.0,model4,19.0,False,8184.0
2728,2015-12-09T05:00:00Z,78.0,169.89454258474075,413.45310599087134,97.78278274711927,39.380733430081975,11.763829287758773,68.49831809285081,9.731034692240412,4.520212054552043,0.0,0.0,0.0,0.0,0.0,model4,19.0,False,8187.0
2729,2015-12-09T08:00:00Z,78.0,168.74952797545188,406.94272469373567,97.78999334443144,39.64658399618186,12.027582816975741,74.30881626125526,9.79862745882402,4.541426267035241,0.0,0.0,0.0,0.0,0.0,model4,19.0,False,8190.0
2730,2015-12-09T11:00:00Z,78.0,169.36553434739278,395.05655253481393,98.71242005206041,40.62061906134824,13.17781142690367,75.42203607111568,10.146925466978047,5.9214275900947975,0.0,0.0,0.0,0.0,0.0,model4,19.0,False,8193.0
2731,2015-12-09T14:00:00Z,78.0,168.86313199398458,376.66190730722025,101.1157929555594,41.06940017227593,13.5209383874531,57.586744642759896,10.167848064239726,5.923138860698866,0.0,0.0,1.0,0.0,0.0,model4,19.0,False,8196.0
2732,2015-12-09T17:00:00Z,78.0,169.90713465601488,371.8367463084068,102.65379004288557,42.46012760304014,12.0858175721411,53.90282385995971,9.101433679625217,6.876572651674559,0.0,0.0,1.0,0.0,0.0,model4,19.0,False,8199.0
2733,2015-12-09T20:00:00Z,78.0,168.44354013439246,374.1482485317704,103.54311160522465,43.62887549584609,12.003849819378507,55.97727972574007,9.341852808503539,7.737302950532862,0.0,0.0,1.0,0.0,0.0,model4,19.0,False,8202.0
2734,2015-12-09T23:00:00Z,78.0,168.82956484613618,366.78410634489614,102.03789970255406,45.2377086919675,12.549382961912466,61.31963034381716,9.600679728084607,8.277496923533993,0.0,0.0,1.0,0.0,0.0,model4,19.0,False,8205.0
2735,2015-12-10T02:00:00Z,78.0,170.2966096182303,372.43137942027465,102.70814106111438,46.72578983996189,13.454005203903069,55.37458150388,9.366333908274207,6.778125921042707,0.0,0.0,1.0,0.0,0.0,model4,19.0,False,8208.0
2736,2015-12-10T05:00:00Z,78.0,168.92895555999917,373.3460141503707,104.3851954821512,49.05822471548353,14.01768899354962,55.93335337616241,8.557012788068523,7.286010193257164,0.0,0.0,1.0,1.0,0.0,model4,19.0,False,8211.0
2737,2015-12-10T08:00:00Z,78.0,170.19764074396682,371.1577683916997,103.7601375653348,50.41269582022016,14.258312776229007,53.39441175279071,8.788367093265254,6.1810642819628665,0.0,0.0,1.0,1.0,0.0,model4,19.0,False,8214.0
2738,2015-12-10T11:00:00Z,78.0,170.44968389683396,372.8117595964188,100.65121582938343,50.75025320725355,13.418069096156996,50.929418416147755,10.907549281003504,6.372234658129371,0.0,0.0,1.0,1.0,0.0,model4,19.0,False,8217.0
2739,2015-12-10T14:00:00Z,78.0,169.55028132369912,369.7485971513657,98.11435350805651,50.96335657004858,15.077682385663026,55.09651726970769,10.624667738998458,6.275753771392043,0.0,0.0,0.0,1.0,0.0,model4,19.0,False,8220.0
2740,2015-12-10T17:00:00Z,78.0,167.2744102189183,362.3329604253399,99.42262428829171,51.13740224756675,15.48380584213709,55.826347464987926,10.83302260956784,6.342093602444447,0.0,0.0,0.0,1.0,0.0,model4,19.0,False,8223.0
2741,2015-12-10T20:00:00Z,78.0,166.9073702914325,364.853787564268,98.4175496711567,51.28317149910847,15.912020560238615,60.05580829691566,10.377894846603787,6.056618346625191,0.0,0.0,0.0,1.0,0.0,model4,19.0,False,8226.0
2742,2015-12-10T23:00:00Z,78.0,164.97473087396455,378.33920076836023,99.94285553267315,51.1111385675889,15.980591604912588,58.60842202581846,12.91503292244384,5.475882513038851,0.0,0.0,0.0,1.0,0.0,model4,19.0,False,8229.0
2743,2015-12-11T02:00:00Z,78.0,164.7102066236618,391.8604854822232,101.3063885157859,51.89777749742893,14.251348985209214,71.48705564452072,13.999903056095278,5.151043006791671,0.0,0.0,0.0,1.0,0.0,model4,19.0,False,8232.0
2744,2015-12-11T05:00:00Z,78.0,166.20838875489608,394.0394544396777,101.08536244492652,51.68619197376571,14.184216574124394,71.83171727552049,14.756458067321693,4.6626771955666975,0.0,0.0,0.0,0.0,0.0,model4,19.0,False,8235.0
2745,2015-12-11T08:00:00Z,78.0,167.73207532501425,407.8191594203536,101.90011529013195,51.68358547662426,15.809897573500473,75.84475051745893,14.833292612191078,4.454854330601728,0.0,0.0,0.0,0.0,0.0,model4,19.0,False,8238.0
2746,2015-12-11T11:00:00Z,78.0,166.85918964704229,412.7803889304622,103.10427536590622,50.065777008323444,16.046853092269558,73.95226585483282,13.327366320639836,6.042810555627622,0.0,0.0,0.0,0.0,0.0,model4,19.0,False,8241.0
2747,2015-12-11T14:00:00Z,78.0,168.20775174516433,432.1845423471468,104.64735945746752,49.734280095535055,14.833673295867536,71.99191440469127,12.952376048536324,6.803368320913099,0.0,0.0,0.0,0.0,0.0,model4,19.0,False,8244.0
2748,2015-12-11T17:00:00Z,78.0,170.3226955610396,447.3613837994533,103.23697684956741,48.57065313192582,14.211486087940562,58.35919600066554,12.88766344081683,6.873436525056437,0.0,0.0,0.0,0.0,0.0,model4,19.0,False,8247.0
2749,2015-12-11T20:00:00Z,78.0,172.9147902875172,451.1633456074172,104.14956224885404,46.19686425794603,13.926204322995913,54.09061010196364,12.572752234060712,8.400143176115973,0.0,0.0,0.0,0.0,0.0,model4,19.0,False,8250.0
2750,2015-12-11T23:00:00Z,78.0,173.6501750838493,448.691951525672,102.58083122020872,44.602211088154796,13.393912699647153,59.03892977873402,11.329726347468036,8.801550487952948,0.0,0.0,0.0,0.0,0.0,model4,19.0,False,8253.0
2751,2015-12-12T02:00:00Z,78.0,172.69288169854252,441.34786054487455,101.93890194763037,42.987921499245516,14.142395888102898,54.461747772047175,10.605085368475354,8.400286201758579,0.0,0.0,0.0,0.0,0.0,model4,19.0,False,8256.0
2752,2015-12-12T05:00:00Z,78.0,171.58973788471238,445.29815414309127,101.12912613031011,40.755007380878894,16.35028072407498,50.96285304730696,9.714335712588136,6.875054639133661,0.0,0.0,0.0,0.0,0.0,model4,19.0,False,8259.0
2753,2015-12-12T08:00:00Z,78.0,169.1985248823289,441.59735945502337,101.15260083365445,39.5835949352299,16.10169971697571,42.3663886986583,9.45745773620125,5.978013698539102,0.0,0.0,0.0,0.0,0.0,model4,19.0,False,8262.0
2754,2015-12-12T11:00:00Z,78.0,170.5699915737098,446.0483932977022,101.9268440920028,39.28818261597869,16.492608252464304,41.16146542614924,9.4795852510123,5.688842977724861,0.0,0.0,0.0,0.0,0.0,model4,19.0,False,8265.0
2755,2015-12-12T14:00:00Z,78.0,170.2142830493078,443.9199199043063,102.75532854977921,38.46489590828939,16.171685618166745,37.81648603853228,8.86264826378536,4.851479976889717,0.0,0.0,0.0,0.0,0.0,model4,19.0,False,8268.0
2756,2015-12-12T17:00:00Z,78.0,167.31243285847387,443.3421291939818,102.55315356900059,38.016683694769256,16.40057038669051,58.02114713802253,8.703166856320832,4.627875529177762,0.0,0.0,0.0,0.0,0.0,model4,19.0,False,8271.0
2757,2015-12-12T20:00:00Z,78.0,166.1767344570079,439.64721212421233,102.48301206671331,39.547293261645706,16.768710006132522,59.89573037533784,8.690003965757002,4.985715545684594,0.0,0.0,0.0,0.0,0.0,model4,19.0,False,8274.0
2758,2015-12-12T23:00:00Z,78.0,166.34546680129128,442.0222668758609,102.63456006133345,40.039029964992,16.286012559963012,55.88225833012115,8.734226801207386,5.62950664457733,0.0,0.0,0.0,0.0,0.0,model4,19.0,False,8277.0
2759,2015-12-13T02:00:00Z,78.0,165.74516567630138,440.0640539192513,102.67827031029726,40.33624239625559,16.932319933866125,56.41464892034296,8.70461788942421,5.590253746689292,0.0,0.0,0.0,0.0,0.0,model4,19.0,False,8280.0
2760,2015-12-13T05:00:00Z,78.0,165.22787253120873,440.53058719896484,103.43797206155321,40.911870158220786,16.244615661552466,58.53289520175312,8.902556023614327,5.462984795401192,0.0,0.0,0.0,0.0,0.0,model4,19.0,False,8283.0
2761,2015-12-13T08:00:00Z,78.0,164.95769281644388,451.82776237202097,103.54232902765278,40.68219615164622,15.716784412925074,62.82157361231765,9.348466020433683,5.619228499637842,0.0,0.0,0.0,0.0,0.0,model4,19.0,False,8286.0
2762,2015-12-13T11:00:00Z,78.0,165.0929705852341,449.96500534486364,104.31493186813351,41.30313763391505,15.348229686694868,67.24746698975939,8.97582886150456,5.674299690240438,0.0,0.0,0.0,0.0,0.0,model4,19.0,False,8289.0
2763,2015-12-13T14:00:00Z,78.0,165.1723337105394,444.07968253768297,102.53078246375529,41.66061380292406,16.089618983408045,65.20313861670628,9.207920381245275,5.594556137259163,0.0,0.0,0.0,0.0,0.0,model4,19.0,False,8292.0
2764,2015-12-13T17:00:00Z,78.0,166.89434173112514,437.33410752326887,103.82894159796068,41.722611694003895,16.71808068456744,50.577702762446286,9.906017849749588,5.445482702118183,0.0,0.0,0.0,0.0,0.0,model4,19.0,False,8295.0
2765,2015-12-13T20:00:00Z,78.0,165.67281702741712,439.82735123671966,103.25475627096918,41.361680057052325,15.790629265980119,49.048585805130884,10.732809729091509,5.580942914524479,0.0,0.0,0.0,0.0,0.0,model4,19.0,False,8298.0
2766,2015-12-13T23:00:00Z,78.0,166.8600485882691,441.06734111697585,104.75113970648269,40.746780654000176,16.01663797350701,50.65471316439769,11.25804568672156,5.055113085763554,0.0,0.0,0.0,0.0,0.0,model4,19.0,False,8301.0
2767,2015-12-14T02:00:00Z,78.0,168.15304674207854,447.28888308555486,103.8644840122845,40.33528643541293,15.175850837070383,55.81797848283666,12.450969238695052,5.237206521701991,0.0,0.0,0.0,0.0,0.0,model4,19.0,False,8304.0
2768,2015-12-14T05:00:00Z,78.0,168.1191692864082,447.0381388210988,103.31663794235472,39.907923134915656,15.286234686616984,57.52833718438642,12.363081811503573,5.2302784900946975,0.0,0.0,0.0,0.0,0.0,model4,19.0,False,8307.0
2769,2015-12-14T08:00:00Z,78.0,169.1146740056434,436.7173563395377,100.98056690268619,40.59933205621906,14.986767542983898,52.71050943710346,13.162996656714947,5.4385230973275815,0.0,0.0,0.0,0.0,0.0,model4,19.0,False,8310.0
2770,2015-12-14T11:00:00Z,78.0,167.61436844956492,434.54339445058486,99.84757081923313,39.90983889928864,14.737658728719714,50.04791550985073,13.25485869199013,5.316903501141135,1.0,0.0,0.0,0.0,0.0,model4,19.0,False,8313.0
2771,2015-12-14T14:00:00Z,78.0,169.55199944996318,438.31479840785215,100.84814015191591,40.17212743800704,14.755409444557525,59.843601310456066,13.107761329878091,5.200569820985844,1.0,0.0,0.0,0.0,0.0,model4,19.0,False,8316.0
2772,2015-12-14T17:00:00Z,78.0,169.64550865765497,445.7156915787844,98.07807399056401,40.17319509283125,13.717264232466233,57.04586409164985,13.068275179970946,5.48479939641675,1.0,0.0,0.0,0.0,0.0,model4,19.0,False,8319.0
2773,2015-12-14T20:00:00Z,78.0,168.22513806918562,450.05366142994257,98.95361917866978,39.95605462653505,15.573008348302245,59.56312635608831,12.793399304038852,4.936336743028061,1.0,0.0,0.0,0.0,0.0,model4,19.0,False,8322.0
2774,2015-12-14T23:00:00Z,78.0,167.91230513185974,446.9407067190302,97.3027632532868,40.012121320467145,15.889699810601089,59.81173975607728,10.714594732612673,5.207525877773128,1.0,0.0,0.0,0.0,0.0,model4,19.0,False,8325.0
2775,2015-12-15T02:00:00Z,78.0,170.01589175821286,444.0379143709282,97.71208569061052,40.225073058754475,16.863540295570548,53.85449254013571,9.468941088146195,5.071503717205863,1.0,0.0,0.0,0.0,0.0,model4,19.0,False,8328.0
2776,2015-12-15T05:00:00Z,78.0,171.44516458768203,448.70661119645655,99.03769289279184,40.12238511120249,15.167503498440778,50.51030759215549,10.163450106144307,4.973702061217936,1.0,0.0,0.0,0.0,0.0,model4,19.0,False,8331.0
2777,2015-12-15T08:00:00Z,78.0,169.95194873762017,441.30028199893206,101.71370075076416,39.92061156143613,15.973766417950127,57.67062994056392,9.471748330300604,4.936552834784034,1.0,0.0,0.0,0.0,0.0,model4,19.0,False,8334.0
2778,2015-12-15T11:00:00Z,78.0,169.54374879646247,429.4177161997872,103.25802894855656,40.11091603105341,16.239819452065728,68.87148066905566,9.343482585264393,4.64349184677988,0.0,0.0,0.0,0.0,0.0,model4,19.0,False,8337.0
2779,2015-12-15T14:00:00Z,78.0,169.06517344662868,419.3584092701699,102.90601889869879,40.33134755915281,17.272368771821803,62.0040152708976,10.4442307360656,4.674667988989132,0.0,0.0,0.0,0.0,0.0,model4,19.0,False,8340.0
2780,2015-12-15T17:00:00Z,78.0,170.15134724451397,411.7144027669345,103.62817209722712,40.36450604959169,17.829009594996023,61.41030298368268,9.479396662457932,4.350108377784307,0.0,0.0,0.0,0.0,0.0,model4,19.0,False,8343.0
2781,2015-12-15T20:00:00Z,78.0,172.1437203307356,393.07632284467263,102.7744486046224,40.35523343408569,15.088862368160312,58.21973240336481,9.896532023914624,4.4888000344274825,0.0,0.0,0.0,0.0,0.0,model4,19.0,False,8346.0
2782,2015-12-15T23:00:00Z,78.0,172.66838148792613,385.78698419276634,102.7403643331668,40.790110683360645,15.941467827792726,56.891909197983104,10.300434735817273,4.401316412523069,0.0,0.0,0.0,0.0,0.0,model4,19.0,False,8349.0
2783,2015-12-16T02:00:00Z,78.0,170.60457914274502,376.4497442399136,101.82160182618831,40.32691297085485,15.201409086050244,54.52145345207794,10.488630414428744,5.234644179799956,0.0,0.0,0.0,0.0,0.0,model4,19.0,False,8352.0
2784,2015-12-16T05:00:00Z,78.0,170.43439038993583,367.04038929622703,99.79995876776528,40.367643071099494,14.937043098701944,41.3110630408979,10.42653804535066,5.8486331085026055,0.0,0.0,0.0,0.0,0.0,model4,19.0,False,8355.0
2785,2015-12-16T08:00:00Z,78.0,170.67884510566634,364.9905742370254,98.4382042313192,39.550743194392155,15.373715322140255,40.981120591703736,9.98277776010838,6.086660161705088,0.0,1.0,1.0,0.0,0.0,model4,19.0,True,8358.0
2786,2015-12-16T11:00:00Z,78.0,170.29317011457826,374.0812448536049,97.38852485464596,40.28355130239407,14.967578458491936,47.17397619955699,9.068853525315989,6.65427125137064,0.0,1.0,1.0,0.0,0.0,model4,19.0,True,8361.0
2787,2015-12-16T14:00:00Z,78.0,170.92043522384068,376.3941169097368,96.566741017593,39.66912917961115,15.313852222242096,47.67611628225325,7.646759077068207,6.5319286183276235,0.0,1.0,1.0,0.0,0.0,model4,19.0,True,8364.0
2788,2015-12-16T17:00:00Z,78.0,169.41748710208398,375.16201735218766,97.70134091803001,40.22306303867682,15.09032712016378,48.304685806339904,7.91407053207277,7.032544933672496,0.0,1.0,1.0,0.0,0.0,model4,19.0,True,8367.0
2789,2015-12-16T20:00:00Z,78.0,170.15555828190654,378.72274753599436,98.83516901751072,39.718199047376736,16.255190109727508,41.74293353510637,8.302216045928647,7.0144998241682766,0.0,1.0,1.0,0.0,0.0,model4,19.0,True,8370.0
2790,2015-12-16T23:00:00Z,78.0,168.35601885699845,378.7535122055538,100.44883724849389,39.50723641972473,16.406277906956348,41.10556046644345,8.320116187164341,6.5122687410521305,0.0,1.0,1.0,0.0,0.0,model4,19.0,True,8373.0
2791,2015-12-17T02:00:00Z,78.0,168.37565880882116,385.40325822878714,101.46247771232264,40.1503196857602,16.88218141059497,42.27871448190748,8.194456074983114,6.237447027290799,0.0,1.0,1.0,0.0,0.0,model4,19.0,True,8376.0
2792,2015-12-17T05:00:00Z,78.0,168.57501905981815,382.9582130167559,101.55413935486617,40.441176366322,17.115609826570612,44.26282791034684,7.615467429242251,5.532229215503037,0.0,1.0,1.0,0.0,0.0,model4,19.0,True,8379.0
2793,2015-12-17T08:00:00Z,78.0,167.49689244536245,390.0731999020239,102.15663708479843,41.05209590857999,16.70272259504124,43.5255693691648,7.2870385597001075,4.839354459467218,0.0,0.0,0.0,0.0,0.0,model4,19.0,False,8382.0
2794,2015-12-17T11:00:00Z,78.0,168.14880899330396,400.9363213075567,102.5375560069994,40.91236920605899,18.32132927809554,45.954055537502576,7.588036320636633,4.254095494408324,0.0,0.0,0.0,0.0,0.0,model4,19.0,False,8385.0
2795,2015-12-17T14:00:00Z,78.0,164.90163092873212,405.9169328947515,103.96088285730518,41.554176846152366,17.21469545404143,53.25081845916986,7.1454453030358485,4.898024726277124,0.0,0.0,0.0,0.0,0.0,model4,19.0,False,8388.0
2796,2015-12-17T17:00:00Z,78.0,165.70521213218584,409.21234340067167,104.11037287808506,40.852065014724566,17.046751996295193,55.12556114248003,6.5905595215639625,4.483040978449826,0.0,0.0,0.0,0.0,0.0,model4,19.0,False,8391.0
2797,2015-12-17T20:00:00Z,78.0,163.98129931533174,424.30950865405686,102.8427117906678,40.547847286157335,15.751450146863355,59.9681556645513,6.650198932618432,4.874299432807874,0.0,0.0,0.0,0.0,0.0,model4,19.0,False,8394.0
2798,2015-12-17T23:00:00Z,78.0,166.39567032757762,441.3570597038982,101.74701883201716,41.11111168621199,15.369017597276285,60.796673224119,6.419420546068037,5.089769138263848,0.0,0.0,0.0,0.0,0.0,model4,19.0,False,8397.0
2799,2015-12-18T02:00:00Z,78.0,166.66022931127608,451.164177868275,100.87003538126385,40.6848099646694,16.112862395963838,67.9855093187767,6.682841917347707,4.864738646188674,0.0,0.0,0.0,0.0,0.0,model4,19.0,False,8400.0
2800,2015-12-18T05:00:00Z,78.0,165.11947732740882,462.69968502983386,99.36153654582823,40.30676282519305,15.80201264837875,61.82472891935205,8.613779370356848,4.99771177091295,0.0,0.0,0.0,0.0,0.0,model4,19.0,False,8403.0
2801,2015-12-18T08:00:00Z,78.0,167.77300824627042,471.8587175415758,99.03233810917351,39.76097275814893,15.489826918678435,63.81586554800632,8.29888285573165,5.272384974493055,0.0,0.0,0.0,0.0,0.0,model4,19.0,False,8406.0
2802,2015-12-18T11:00:00Z,78.0,168.8518058458661,464.44575074758245,98.47535720819441,38.94477627652297,15.408586803892286,67.30947707567542,8.299621733789193,5.211352782960831,0.0,0.0,0.0,0.0,0.0,model4,19.0,False,8409.0
2803,2015-12-18T14:00:00Z,78.0,171.5758930367184,464.48043203511367,96.6164334266233,38.26106113591502,13.988685849324055,63.00333072293004,9.017762051293252,4.41504119253399,0.0,0.0,0.0,0.0,0.0,model4,19.0,False,8412.0
2804,2015-12-18T17:00:00Z,78.0,173.01182544499932,466.6164178505117,95.75375051362684,38.52923802624977,15.116640727746557,58.529584102339314,8.861646295068448,4.638395706328443,0.0,0.0,0.0,0.0,0.0,model4,19.0,False,8415.0
2805,2015-12-18T20:00:00Z,78.0,175.47713368088156,454.7683975046664,96.71241762239323,39.238946312310865,14.661057444180658,62.568332855082595,9.657124515102328,4.2342245141281625,0.0,0.0,0.0,0.0,0.0,model4,19.0,False,8418.0
2806,2015-12-18T23:00:00Z,78.0,172.74996054368557,445.1284595166581,97.49397188063372,38.011673256893395,15.399224535839755,60.145189458123255,10.493155181717343,4.458261189039738,0.0,0.0,0.0,0.0,0.0,model4,19.0,False,8421.0
2807,2015-12-19T02:00:00Z,78.0,172.68415570422619,444.0845389950457,98.13617675439178,38.73675025115492,14.131316013057447,57.159369025281975,10.736433025449749,4.9485322318462925,0.0,0.0,0.0,0.0,0.0,model4,19.0,False,8424.0
2808,2015-12-19T05:00:00Z,78.0,173.892975127247,444.82976053737815,100.2067411168875,39.287892115374056,13.566532517692986,58.34217683120769,9.138089508856421,5.717807774672903,0.0,0.0,0.0,0.0,0.0,model4,19.0,False,8427.0
2809,2015-12-19T08:00:00Z,78.0,175.03381817979047,442.7827991845147,99.83736263502348,39.735733851607506,15.028642470356884,50.420611212124214,9.150993509632396,5.600445308750189,0.0,0.0,0.0,0.0,0.0,model4,19.0,False,8430.0
2810,2015-12-19T11:00:00Z,78.0,176.71134105336048,445.152478842985,99.28877737094268,40.179605832839435,13.700158774930491,52.17349348183127,9.160358476638663,5.532724708016621,0.0,0.0,0.0,0.0,0.0,model4,19.0,False,8433.0
2811,2015-12-19T14:00:00Z,78.0,174.13073122000142,443.7165933635623,100.3545366328966,40.12974412319465,15.301658302479,53.86507875178709,7.599883206174796,5.989351764752817,0.0,0.0,0.0,0.0,0.0,model4,19.0,False,8436.0
2812,2015-12-19T17:00:00Z,78.0,171.3213706804761,445.78281321570137,100.75902037615006,39.99550515141375,14.596909605973515,53.41372629467955,8.581973708369132,6.280179022435624,0.0,0.0,0.0,0.0,0.0,model4,19.0,False,8439.0
2813,2015-12-19T20:00:00Z,78.0,170.4690084545598,453.7775141542464,100.82935531999227,39.913758616520134,13.912257648788025,49.0068096395712,9.168809889069237,6.3754295811406445,0.0,0.0,0.0,0.0,0.0,model4,19.0,False,8442.0
2814,2015-12-19T23:00:00Z,78.0,172.27213719613945,457.7049486342694,100.14000406302378,40.36007935546209,13.716065388739311,47.540550025250425,8.955694179034529,5.921751636560218,0.0,0.0,0.0,0.0,0.0,model4,19.0,False,8445.0
2815,2015-12-20T02:00:00Z,78.0,172.02574814063075,455.51273974029925,100.3496828860065,39.90929761632239,14.054742495405286,41.039189366886795,9.280978864259756,5.9977433544508525,0.0,0.0,0.0,0.0,0.0,model4,19.0,False,8448.0
2816,2015-12-20T05:00:00Z,78.0,172.52910690370746,454.60695864527435,99.53142802103442,39.82226310883405,14.230282192766538,41.60101627259203,9.483498541954312,5.501549189366791,0.0,0.0,0.0,0.0,0.0,model4,19.0,False,8451.0
2817,2015-12-20T08:00:00Z,78.0,170.62319280433815,449.5834162570775,99.99529505970993,40.06132414260994,12.148303370443132,44.88323559248083,9.657085049457184,5.694757682844144,0.0,0.0,0.0,0.0,0.0,model4,19.0,False,8454.0
2818,2015-12-20T11:00:00Z,78.0,169.40127912442333,453.6357464470852,101.23094575910987,39.876907587792786,11.471317541493494,42.08281852711856,9.313778652661137,5.928383557172215,0.0,0.0,0.0,0.0,0.0,model4,19.0,False,8457.0
2819,2015-12-20T14:00:00Z,78.0,171.89961350538883,452.82053431609927,100.62024617396484,40.11508139544743,11.18958340227582,45.831518454551535,10.243563147602881,5.253615545347072,0.0,0.0,0.0,0.0,0.0,model4,19.0,False,8460.0
2820,2015-12-20T17:00:00Z,78.0,171.9248296227932,453.18537807700943,100.21360718917141,39.58173928070421,11.220670528589828,46.202670732556754,9.300123887901345,4.858620361171952,0.0,0.0,0.0,0.0,0.0,model4,19.0,False,8463.0
2821,2015-12-20T20:00:00Z,78.0,173.30656237034097,459.21532508741797,99.34975272592207,39.501964279460246,12.418221442593396,50.2490374063599,8.266902111091477,5.015753270960014,0.0,0.0,0.0,0.0,0.0,model4,19.0,False,8466.0
2822,2015-12-20T23:00:00Z,78.0,171.8391807883352,457.83515576731736,99.13319829802246,39.09015129216115,12.480961806948535,52.09777898886855,7.995497488649253,5.164246697179582,0.0,0.0,0.0,0.0,0.0,model4,19.0,False,8469.0
2823,2015-12-21T02:00:00Z,78.0,170.41698547367687,451.1094239669785,97.84386664522656,39.09507301248525,13.888341729600869,54.02569561537942,7.620121485507455,4.758339114871285,0.0,0.0,0.0,0.0,0.0,model4,19.0,False,8472.0
2824,2015-12-21T05:00:00Z,78.0,168.5811105170366,450.9844716085967,98.65006631353836,38.9620582185722,13.5270704319741,53.4259276104021,7.935302864204577,4.472207014341782,0.0,0.0,0.0,0.0,0.0,model4,19.0,False,8475.0
2825,2015-12-21T08:00:00Z,78.0,169.51312202114585,456.02316039692596,98.20841751281591,39.30072212559464,14.23116931735574,51.793978338220604,7.6430461341036295,4.43307854598837,0.0,0.0,0.0,0.0,0.0,model4,19.0,False,8478.0
2826,2015-12-21T11:00:00Z,78.0,167.60537288159617,453.1231640934381,97.94888347255386,39.49736618952055,13.889566228560193,49.57274719368856,7.842732607571409,4.335371542803145,0.0,0.0,0.0,0.0,0.0,model4,19.0,False,8481.0
2827,2015-12-21T14:00:00Z,78.0,166.13194378075883,452.23772716815336,98.5786289949456,39.793888265645215,14.445715260132387,45.120975060148155,8.1445246594478,4.870218746536362,0.0,0.0,0.0,0.0,0.0,model4,19.0,False,8484.0
2828,2015-12-21T17:00:00Z,78.0,167.40658587089888,451.9824130214665,98.4126995737728,40.20466568183981,15.108364918168546,43.969600446277695,8.181756387288742,4.766319115101758,0.0,0.0,0.0,0.0,0.0,model4,19.0,False,8487.0
2829,2015-12-21T20:00:00Z,78.0,166.49179363397425,450.45572950908445,98.27998420678986,40.28685807874228,13.50988470252259,41.8099732214623,8.025791857190702,4.553420696440121,0.0,0.0,0.0,0.0,0.0,model4,19.0,False,8490.0
2830,2015-12-21T23:00:00Z,78.0,166.8345246386696,445.4305112007991,97.81942642497972,40.0921074673604,13.642576090216306,45.36714851003154,8.887624584734079,4.756863491307723,0.0,0.0,0.0,0.0,0.0,model4,19.0,False,8493.0
2831,2015-12-22T02:00:00Z,78.0,168.26015135338082,447.3376111577385,98.3081009776543,40.452862686759424,13.095502292878717,42.9761359551013,8.375235449113942,5.210975478964752,0.0,0.0,0.0,0.0,0.0,model4,19.0,False,8496.0
2832,2015-12-22T05:00:00Z,78.0,170.83099257272332,442.0401049557357,99.2461229239502,39.763626846145975,14.403093522909591,39.055616307914654,9.685059601334666,5.429462853579824,0.0,0.0,0.0,0.0,0.0,model4,19.0,False,8499.0
2833,2015-12-22T08:00:00Z,78.0,170.44539750933254,436.75165660775434,99.87516674319582,38.8310480904286,13.759458907070925,36.43250381465413,10.426351349323193,5.135151315846354,0.0,0.0,0.0,0.0,0.0,model4,19.0,False,8502.0
2834,2015-12-22T11:00:00Z,78.0,170.8753443420875,437.31168220466753,99.72780794647072,38.79297374608439,13.573358790172719,36.57916371098776,10.032877084723737,4.819879356744422,0.0,0.0,0.0,0.0,0.0,model4,19.0,False,8505.0
2835,2015-12-22T14:00:00Z,78.0,171.47457853866914,442.0733264613321,99.18607326802172,38.54045963570411,12.609823449733248,35.75350231556824,9.2481926879302,4.246623090760874,0.0,0.0,0.0,0.0,0.0,model4,19.0,False,8508.0
2836,2015-12-22T17:00:00Z,78.0,172.42567859091332,443.8617120586972,100.42800199355007,38.66179928866456,12.841179162840366,40.97589618350522,9.500834589344297,4.719612015299917,0.0,0.0,0.0,0.0,0.0,model4,19.0,False,8511.0
2837,2015-12-22T20:00:00Z,78.0,174.38129895950908,429.94465383189623,100.04451247902296,39.174272047594926,14.456257722417119,38.24637248513077,9.89625990420565,5.421936220184736,0.0,0.0,0.0,0.0,0.0,model4,19.0,False,8514.0
2838,2015-12-22T23:00:00Z,78.0,177.10791768741765,435.44303890297135,99.98205611741515,40.54936617427673,14.859139265681215,34.89089975299462,9.09215410208634,5.102541828621527,0.0,0.0,0.0,0.0,0.0,model4,19.0,False,8517.0
2839,2015-12-23T02:00:00Z,78.0,179.19059047593913,436.83583161389,100.24825680931684,40.076678453524494,13.445820277412796,35.394132689742044,10.703322916485707,5.115346603639528,0.0,0.0,0.0,0.0,0.0,model4,19.0,False,8520.0
2840,2015-12-23T05:00:00Z,78.0,177.09178185769264,433.85328829114997,99.6634557886941,40.285374739653676,13.475362115196084,41.86274138185532,9.80137846447367,4.968097526639017,0.0,0.0,0.0,0.0,0.0,model4,19.0,False,8523.0
2841,2015-12-23T08:00:00Z,78.0,179.57449039363502,436.99249321171663,98.77499106631576,40.233843951208186,14.741873635035407,41.47676760525845,10.175233383986182,5.204615863160307,0.0,0.0,0.0,0.0,0.0,model4,19.0,False,8526.0
2842,2015-12-23T11:00:00Z,78.0,181.8062157097893,433.1501512159525,97.7272163263792,39.6424016129855,13.813616499401931,41.46830203632793,10.081217432674762,5.611031039672073,0.0,0.0,0.0,0.0,0.0,model4,19.0,False,8529.0
2843,2015-12-23T14:00:00Z,78.0,185.52065245270882,438.0922862460357,99.90561078176992,39.65537854661036,13.789840402167295,46.725857509084406,11.145157355442116,5.6832662418192585,0.0,0.0,0.0,0.0,0.0,model4,19.0,False,8532.0
2844,2015-12-23T17:00:00Z,78.0,186.1046281321775,446.6119920802818,99.22510660737387,39.95281884128626,13.114357268693428,54.078805438302744,11.73078937859453,5.6829323916338765,0.0,0.0,0.0,0.0,0.0,model4,19.0,False,8535.0
2845,2015-12-23T20:00:00Z,78.0,187.40046449206002,455.5401012168818,98.94383026504757,39.34752087506021,14.026465419536873,49.439849661571856,11.728886973450713,5.584569487204718,0.0,0.0,0.0,0.0,0.0,model4,19.0,False,8538.0
2846,2015-12-23T23:00:00Z,78.0,186.84007341498486,450.2607296944709,100.11087156571608,38.74614012502629,13.332401352644162,53.20161872378605,11.554031402782051,5.207416678476523,0.0,0.0,0.0,0.0,0.0,model4,19.0,False,8541.0
2847,2015-12-24T02:00:00Z,78.0,187.15182900220847,448.6162624204408,99.29549277923515,38.86146627708997,13.578416366457171,53.072874176408604,10.511843900150502,4.812048211219244,0.0,0.0,0.0,0.0,0.0,model4,19.0,False,8544.0
2848,2015-12-24T05:00:00Z,78.0,189.75443088751732,452.9089363868898,98.137116697662,39.61539898799849,11.691411307937114,67.34244664735498,10.1309865131098,5.07617947863816,0.0,0.0,0.0,0.0,0.0,model4,19.0,False,8547.0
2849,2015-12-24T08:00:00Z,78.0,187.85625732543733,451.28991141831887,99.58803405136685,40.339495841192864,12.129345258521035,74.88101101107355,10.07294233184023,4.993626508703167,0.0,0.0,0.0,0.0,0.0,model4,19.0,False,8550.0
2850,2015-12-24T11:00:00Z,78.0,188.9365612574866,451.2999570751345,101.19375978132608,40.93980241293343,11.971143694815225,77.33889253767781,10.532772335150664,4.730778525368669,0.0,0.0,0.0,0.0,0.0,model4,19.0,False,8553.0
2851,2015-12-24T14:00:00Z,78.0,188.16354365058862,441.41426892086645,100.14707063916859,40.421776604893395,12.047991014108096,75.94999351826898,9.976174179371858,4.894554745641175,0.0,0.0,0.0,0.0,0.0,model4,19.0,False,8556.0
2852,2015-12-24T17:00:00Z,78.0,187.82339925569198,429.34601387708085,100.686184148405,39.97385381141397,12.211268550139227,69.9453323424178,9.277093627461788,4.452097768445003,0.0,0.0,0.0,0.0,0.0,model4,19.0,False,8559.0
2853,2015-12-24T20:00:00Z,78.0,184.01435790657683,427.0068630155387,102.88465028777365,40.196315451920384,13.100477239075012,72.22058562635884,9.180579020439463,3.7685954538747697,0.0,0.0,0.0,0.0,0.0,model4,19.0,False,8562.0
2854,2015-12-24T23:00:00Z,78.0,182.47969102821392,431.4291317128467,102.49645284121073,39.9714530131214,14.598014347877793,70.95761984637247,10.4828026764143,3.9011345745991566,0.0,0.0,0.0,0.0,0.0,model4,19.0,False,8565.0
2855,2015-12-25T02:00:00Z,78.0,180.9511367735915,428.2767239652688,102.72054575067956,40.15013663171757,14.83539702738142,71.53534139151756,10.524250897114696,4.900044902595742,0.0,0.0,0.0,0.0,0.0,model4,19.0,False,8568.0
2856,2015-12-25T05:00:00Z,78.0,178.88886683621791,422.1439286546072,104.7057219373848,39.29257244293149,14.831085678204989,56.06889076525489,10.217246828399118,4.796806237098614,0.0,0.0,0.0,0.0,0.0,model4,19.0,False,8571.0
2857,2015-12-25T08:00:00Z,78.0,177.20386214822997,423.4289730835955,103.24184714641669,38.65505152591262,16.31562795165825,46.510347624846496,10.11035363160717,4.4409281988744285,0.0,0.0,0.0,0.0,0.0,model4,19.0,False,8574.0
2858,2015-12-25T11:00:00Z,78.0,174.5038543475756,426.1292766709546,103.24799292482284,38.34660518501901,15.589218755108366,49.851295156892796,10.032111865667527,4.191949513733734,0.0,0.0,0.0,0.0,0.0,model4,19.0,False,8577.0
2859,2015-12-25T14:00:00Z,78.0,170.939309383435,426.99434112668837,101.84911024684885,37.84965750966186,13.639781295762065,50.504425998444574,10.677748104075995,4.724644812973205,0.0,0.0,0.0,0.0,0.0,model4,19.0,False,8580.0
2860,2015-12-25T17:00:00Z,78.0,169.15153129941152,423.9525365143856,101.6260869897838,38.16017620836285,12.937763441142394,46.69649433910866,10.291261129967674,4.91339286026225,0.0,0.0,0.0,0.0,0.0,model4,19.0,False,8583.0
2861,2015-12-25T20:00:00Z,78.0,167.6371830932692,423.40706254804047,100.8812838504916,38.33694081871255,12.738590566581655,41.99232163845743,9.755757944236482,5.390658994195468,0.0,0.0,0.0,0.0,0.0,model4,19.0,False,8586.0
2862,2015-12-25T23:00:00Z,78.0,168.45355710607623,424.86341279032234,101.56365359860563,39.00667923785803,13.277154135660124,45.56627889670308,8.404570692247946,5.527621540341902,0.0,0.0,0.0,0.0,0.0,model4,19.0,False,8589.0
2863,2015-12-26T02:00:00Z,78.0,167.9047330098205,434.3936211574874,101.79910040429985,38.82353688966728,13.307136844136641,49.82389962827264,8.166167022232978,5.120010245160127,0.0,0.0,0.0,0.0,0.0,model4,19.0,False,8592.0
2864,2015-12-26T05:00:00Z,78.0,169.6139282497387,443.08886252227904,101.73853928397499,39.48477194963899,14.087941266375726,51.20216017193052,8.544681411595182,5.165855185299948,0.0,0.0,0.0,0.0,0.0,model4,19.0,False,8595.0
2865,2015-12-26T08:00:00Z,78.0,168.7545759144879,441.71516932269753,101.58777698461284,39.77288676842671,13.431930723955288,53.61899758173504,8.760141620483855,5.1975045015370895,0.0,0.0,0.0,0.0,0.0,model4,19.0,False,8598.0
2866,2015-12-26T11:00:00Z,78.0,169.05212827875025,441.01964176437133,101.49140112561868,39.641364165247936,12.746652755966547,46.79102681201528,8.37573081799956,5.133305323822486,0.0,0.0,0.0,0.0,0.0,model4,19.0,False,8601.0
2867,2015-12-26T14:00:00Z,78.0,169.3342936143335,441.60680175073014,104.04134829388046,40.62964963089706,12.317973897084807,47.95647354118458,9.27285950902683,4.375582123752287,0.0,0.0,0.0,0.0,0.0,model4,19.0,False,8604.0
2868,2015-12-26T17:00:00Z,78.0,170.8103380543073,448.3161288164289,103.45120515706405,40.18781275264002,13.174208864634984,47.91990474503154,9.57017794510488,4.496675014815316,0.0,0.0,0.0,0.0,0.0,model4,19.0,False,8607.0
2869,2015-12-26T20:00:00Z,78.0,173.07224649034032,450.99173158259214,103.33318618439779,39.87677278357543,13.14666262965625,47.546249709037895,9.977762330990737,3.914653243125662,0.0,0.0,0.0,0.0,0.0,model4,19.0,False,8610.0
2870,2015-12-26T23:00:00Z,78.0,171.7420568558253,461.4841772786058,102.21629048650335,38.92105328592235,14.070924098964802,58.036107341908576,11.328330417983473,4.130823664254632,0.0,0.0,0.0,0.0,0.0,model4,19.0,False,8613.0
2871,2015-12-27T02:00:00Z,78.0,173.36091290476838,457.1746614427957,103.18588377774952,38.874579024289424,15.61115249987281,56.952160512361324,11.809380612509775,3.893222823516509,0.0,0.0,0.0,0.0,0.0,model4,19.0,False,8616.0
2872,2015-12-27T05:00:00Z,78.0,171.13774338763224,457.44918059293235,101.70579173310527,39.27805877643764,14.940256276094177,52.09033069284767,12.18615125234417,4.416804198907329,0.0,0.0,0.0,0.0,0.0,model4,19.0,False,8619.0
2873,2015-12-27T08:00:00Z,78.0,172.05738897913145,460.0051163257492,101.40565045897966,39.42797099948291,14.375696100528634,48.35765625147839,13.049725820260253,4.4654875709622806,0.0,0.0,0.0,0.0,0.0,model4,19.0,False,8622.0
2874,2015-12-27T11:00:00Z,78.0,171.94694053846715,459.57699207148636,100.54924493609477,39.614631883338596,14.509036759334052,49.56884226258006,13.282545834571184,4.662953853256841,0.0,0.0,0.0,0.0,0.0,model4,19.0,False,8625.0
2875,2015-12-27T14:00:00Z,78.0,172.5589696899929,464.64458384239487,98.46965593285982,39.94456017044635,14.3268015922977,46.083054373678344,11.906824017276778,4.876365969567498,0.0,0.0,0.0,0.0,0.0,model4,19.0,False,8628.0
2876,2015-12-27T17:00:00Z,78.0,168.93026735317812,456.8346248350669,98.94900323975305,40.34663198115524,15.62243219807724,52.53833382840777,12.46332323315726,4.9745724388432855,0.0,0.0,0.0,0.0,0.0,model4,19.0,False,8631.0
2877,2015-12-27T20:00:00Z,78.0,168.29040985678003,451.3740085252073,98.41474625399759,40.621163662818056,14.58338590700506,55.69902615050825,12.277560088032367,5.095739432769298,0.0,0.0,0.0,0.0,0.0,model4,19.0,False,8634.0
2878,2015-12-27T23:00:00Z,78.0,168.65168783757224,443.9532042168429,99.20726855354307,41.53623686264682,13.57050907761262,41.96776018521457,11.331548827017087,4.781713007919222,0.0,0.0,0.0,0.0,0.0,model4,19.0,False,8637.0
2879,2015-12-28T02:00:00Z,78.0,167.9502143913457,443.8095336429584,98.18808078961693,41.00574803392379,11.316683346097527,43.03562461986285,10.079707534974123,5.267742164380612,0.0,0.0,0.0,0.0,0.0,model4,19.0,False,8640.0
2880,2015-12-28T05:00:00Z,78.0,168.45958117859482,446.0431577763494,97.67223144378927,40.10788480201987,12.499647798661602,43.41649910627653,9.498089502669014,5.313724999116459,0.0,0.0,0.0,0.0,0.0,model4,19.0,False,8643.0
2881,2015-12-28T08:00:00Z,78.0,168.07540873896113,440.41266840096665,99.25557746357822,40.30288759426568,13.467446098773214,51.56305222211709,8.376653613940471,5.434730817053447,0.0,0.0,0.0,0.0,0.0,model4,19.0,False,8646.0
2882,2015-12-28T11:00:00Z,78.0,166.45070291024254,437.1530674742492,98.83048525673011,41.24033963653637,13.482548663452187,52.794779982446,7.9732569400486915,5.7816245275938565,0.0,0.0,0.0,0.0,0.0,model4,19.0,False,8649.0
2883,2015-12-28T14:00:00Z,78.0,166.1925240583349,434.0081270552089,99.13115936018116,40.45042194366261,13.08457384284913,53.29521504920074,7.322439684337027,5.829788978850668,0.0,0.0,0.0,0.0,0.0,model4,19.0,False,8652.0
2884,2015-12-28T17:00:00Z,78.0,168.63314484591984,445.4654679742083,98.88500978959806,40.47825662580212,11.444930890788354,54.08513942267893,6.279891864319852,5.664987438546183,0.0,0.0,0.0,0.0,0.0,model4,19.0,False,8655.0
2885,2015-12-28T20:00:00Z,78.0,168.1923993531712,450.25895923941846,98.50824353589262,40.86590818870691,11.747245285960204,52.70963719646254,6.684304082938727,5.689987247721449,0.0,0.0,0.0,0.0,0.0,model4,19.0,False,8658.0
2886,2015-12-28T23:00:00Z,78.0,166.2522038319243,447.31686893092973,98.04991829023243,40.515412971515104,12.869898299081704,50.41195622114446,7.040040917974186,5.9573188826269625,0.0,0.0,0.0,0.0,0.0,model4,19.0,False,8661.0
2887,2015-12-29T02:00:00Z,78.0,166.66542512947825,448.8994912563834,98.36259410207508,41.06623661557531,13.318523149117697,49.153178014662274,7.1583756518983925,5.676445829325777,0.0,0.0,0.0,0.0,0.0,model4,19.0,False,8664.0
2888,2015-12-29T05:00:00Z,78.0,164.78899940913152,448.5123181882104,99.81285292506485,41.34075555938471,13.44526153565208,52.231488043232794,6.737273814176855,5.200152040631767,0.0,0.0,0.0,0.0,0.0,model4,19.0,False,8667.0
2889,2015-12-29T08:00:00Z,78.0,165.0597798730709,448.3270234732842,97.99989344111464,40.679420251003904,13.093320234879851,49.04190435324401,7.318417900356321,5.398449451646076,0.0,0.0,0.0,0.0,0.0,model4,19.0,False,8670.0
2890,2015-12-29T11:00:00Z,78.0,167.4316384966454,452.40325777991166,97.50359224557572,39.55262917537731,14.056958332960686,47.98564025664855,7.423315523799506,5.055378644233917,0.0,0.0,0.0,0.0,0.0,model4,19.0,False,8673.0
2891,2015-12-29T14:00:00Z,78.0,166.07072309257325,455.9206845350329,96.16377669788895,40.015406440621454,14.822258337461646,49.17330678133179,7.74310232803491,5.107920354195367,0.0,0.0,0.0,0.0,0.0,model4,19.0,False,8676.0
2892,2015-12-29T17:00:00Z,78.0,166.7460085299357,451.91776639630274,94.93158921124693,40.02264383526072,15.94930143619869,46.15555726801647,8.151563468730062,5.083489239286734,0.0,0.0,0.0,0.0,0.0,model4,19.0,False,8679.0
2893,2015-12-29T20:00:00Z,78.0,168.64257808281832,457.931504736236,95.84573032097751,39.284742355560056,16.752531750717,49.20770488016078,8.13175373523772,4.9117562613096,0.0,0.0,0.0,0.0,0.0,model4,19.0,False,8682.0
2894,2015-12-29T23:00:00Z,78.0,171.52738364313603,453.9713951642534,95.57564455598177,39.35054244258289,16.03109087785386,51.82867200983221,7.998599346841781,4.332154858560937,0.0,0.0,0.0,0.0,0.0,model4,19.0,False,8685.0
2895,2015-12-30T02:00:00Z,78.0,169.3964340404179,450.4292780749639,96.56946378035371,39.14765296078072,16.51778152069072,52.483002953333475,9.03008569115466,4.795203583939227,0.0,0.0,0.0,0.0,0.0,model4,19.0,False,8688.0
2896,2015-12-30T05:00:00Z,78.0,172.50925274782887,444.9624947926595,95.46403314110607,39.348924306977054,16.248476351786756,48.58927322117931,9.539262323770332,5.132016428354469,0.0,0.0,0.0,0.0,0.0,model4,19.0,False,8691.0
2897,2015-12-30T08:00:00Z,78.0,171.8417985247192,448.67704439621735,96.81447193614876,39.301244973241,17.164715201755907,43.24490736493311,10.880290268751676,5.088354163381802,0.0,0.0,0.0,0.0,0.0,model4,19.0,False,8694.0
2898,2015-12-30T11:00:00Z,78.0,171.41731093171924,448.32877092159964,97.89909514364193,39.38042653360065,16.56065624997495,43.10305743682323,11.508893983278625,4.734743418295452,0.0,0.0,0.0,0.0,0.0,model4,19.0,False,8697.0
2899,2015-12-30T14:00:00Z,78.0,173.9136150679,436.88984623279083,99.31965705927229,39.361497374295865,16.01554489308455,47.26368089168556,11.3065618680126,4.405530191714528,0.0,0.0,0.0,0.0,0.0,model4,19.0,False,8700.0
2900,2015-12-30T17:00:00Z,78.0,175.14140321918893,434.9304221698957,101.19468936831831,38.97629717713373,15.772861760010073,47.69425876040413,11.045139038225381,4.178713569630934,0.0,0.0,0.0,0.0,0.0,model4,19.0,False,8703.0
2901,2015-12-30T20:00:00Z,78.0,173.88185026866284,429.6713631176444,99.76711932852983,39.31324302512907,15.39920028033362,40.58613862913287,11.431288691259098,4.255374809352087,0.0,0.0,0.0,0.0,0.0,model4,19.0,False,8706.0
2902,2015-12-30T23:00:00Z,78.0,174.48269690078698,428.80551134630724,98.27319419962114,38.99729664469533,14.664310600747323,40.40362659807077,12.268615071556379,5.1872428832433535,0.0,0.0,0.0,0.0,0.0,model4,19.0,False,8709.0
2903,2015-12-31T02:00:00Z,78.0,175.06076138937058,435.566073736684,96.55383177182784,39.29476185990274,13.440926124089794,45.702168249263174,11.559665567925133,4.368664956157363,0.0,0.0,0.0,0.0,0.0,model4,19.0,False,8712.0
2904,2015-12-31T05:00:00Z,78.0,174.45873685017938,433.56314723313415,95.75074049991295,38.64606465407873,12.37595100131266,46.94633577846579,11.364745978156558,4.6104723253508135,0.0,0.0,0.0,0.0,0.0,model4,19.0,False,8715.0
2905,2015-12-31T08:00:00Z,78.0,178.77124929962875,439.0491046170948,94.67951768433471,39.07650948079828,13.568879949918687,49.762764228184224,9.984938655183328,4.577666907954222,0.0,0.0,0.0,0.0,0.0,model4,19.0,False,8718.0
2906,2015-12-31T11:00:00Z,78.0,179.96946336554646,446.7933644627847,94.82014416538807,39.7394861230847,14.03639122326433,53.67703946634551,10.341794182698859,4.749914395284916,0.0,0.0,0.0,0.0,0.0,model4,19.0,False,8721.0
2907,2015-12-31T14:00:00Z,78.0,181.10360360142934,452.6745049956424,95.07182060816973,39.996834578417065,14.998140978044539,49.90907062520788,10.351395961120284,4.905097220920008,0.0,0.0,0.0,0.0,0.0,model4,19.0,False,8724.0
2908,2015-12-31T17:00:00Z,78.0,181.1167014509102,452.49732340714735,95.34712003394921,39.290559135441775,16.6787099950479,49.79478362861705,10.146172749810061,5.4001892884037055,0.0,0.0,0.0,0.0,0.0,model4,19.0,False,8727.0
2909,2015-12-31T20:00:00Z,78.0,184.69177220620207,444.6617550670121,95.88006162919578,39.26208234608072,17.42421727479141,52.41962981027861,10.066600172625778,5.283340222230568,0.0,0.0,0.0,0.0,0.0,model4,19.0,False,8730.0
2910,2015-12-31T23:00:00Z,78.0,187.07348122683555,448.4482667380457,98.03846867335731,39.62120128349421,18.27763721125504,50.5525094438329,9.916787682893672,4.711770140522545,0.0,0.0,0.0,0.0,0.0,model4,19.0,False,8733.0
2911,2016-01-01T02:00:00Z,78.0,190.2541647019633,444.4502908547493,99.13801182120888,40.359419597725065,16.599324605990223,47.691119648753606,10.021561255923556,5.986218640655515,0.0,0.0,0.0,0.0,0.0,model4,19.0,False,8736.0
2912,2016-01-01T05:00:00Z,78.0,191.21883571437616,450.13746980816194,99.35954396823269,41.07323574244543,15.86964228763762,45.31501610831247,9.285166149848838,5.78648155697743,0.0,0.0,0.0,0.0,0.0,model4,19.0,False,8739.0
